{
"type": "FeatureCollection",
"name": "Ba-Phalaborwa_Local_Municipality",
"crs": { "type": "name", "properties": { "name": "urn:ogc:def:crs:OGC:1.3:CRS84" } },
"features": [
{ "type": "Feature", "properties": { "Municipali": "Ba-Phalaborwa Local Municipality", "WardNo": "1", "WardLabel": "LIM334_1", "Province": "Limpopo", "CLASSIFICATION": "Mining", "PopGBlack": 8308.7432248999994, "PopGColour": 21.119294755, "PopGIndian": 1.416038895, "PopGWhite": 8.282422386, "PopGOther": 1.441993, "PopGTotal": 8341.0029739000001 }, "geometry": { "type": "Polygon", "coordinates": [ [ [ 31.033777511023832, -23.93918871968328 ], [ 31.038947503025376, -23.941697935211074 ], [ 31.03879436556808, -23.941958317721735 ], [ 31.038566595172739, -23.94237543677659 ], [ 31.039880346401436, -23.943032313290217 ], [ 31.044063606750587, -23.945072085407997 ], [ 31.044923551081531, -23.945487688205773 ], [ 31.046440978069249, -23.94622104576419 ], [ 31.048546495125152, -23.947238622364058 ], [ 31.050430994795068, -23.947300001093705 ], [ 31.052863921733124, -23.947301612678793 ], [ 31.053698338807848, -23.947304059734151 ], [ 31.057174508996976, -23.947314254448816 ], [ 31.05912712871454, -23.947237963160948 ], [ 31.062118701917125, -23.947123392230331 ], [ 31.06260244634635, -23.947072470817385 ], [ 31.062653365960653, -23.947237963160941 ], [ 31.062627906153502, -23.947403453705945 ], [ 31.06260244634635, -23.947530755439544 ], [ 31.06260244634635, -23.947619864764437 ], [ 31.062653365960653, -23.947849006625923 ], [ 31.06270767871699, -23.94803589743826 ], [ 31.062786683259372, -23.948213654735945 ], [ 31.062813472264516, -23.948283978122699 ], [ 31.062839352055008, -23.948351912010729 ], [ 31.062885436913959, -23.948542837181687 ], [ 31.062990775404511, -23.948786431148463 ], [ 31.063181699676278, -23.949062943 ], [ 31.063405543631561, -23.949234118159566 ], [ 31.06358330182853, -23.949464545152168 ], [ 31.063708391229856, -23.949675221233992 ], [ 31.063958568233858, -23.949971483996318 ], [ 31.064149494304278, -23.950168993104135 ], [ 31.06438650433428, -23.95030066644215 ], [ 31.064544510721188, -23.950300666442146 ], [ 31.064695934969972, -23.95024141281046 ], [ 31.064959279847521, -23.950089988561679 ], [ 31.06511728713371, -23.949899064289909 ], [ 31.065314796241449, -23.949688388208067 ], [ 31.065630809914541, -23.949378957572392 ], [ 31.065880987817916, -23.949194616338019 ], [ 31.066098247836422, -23.949036609051742 ], [ 31.066368175751286, -23.948944438434651 ], [ 31.06663152062875, -23.948904935713731 ], [ 31.066997453869973, -23.948733774044005 ], [ 31.067039705818306, -23.948714011441954 ], [ 31.067243798862823, -23.948608672951494 ], [ 31.067447891007962, -23.948588922040631 ], [ 31.067671734963159, -23.948496751423448 ], [ 31.067862660134207, -23.948404580806272 ], [ 31.068040418331169, -23.948371662022122 ], [ 31.068211591692162, -23.948365078984722 ], [ 31.068409100799901, -23.94845724960199 ], [ 31.068692196588223, -23.948674508721133 ], [ 31.068850203874408, -23.948872017828869 ], [ 31.068863330379006, -23.948934364229082 ], [ 31.06887653872187, -23.948997107230284 ], [ 31.068863370848501, -23.949115611795548 ], [ 31.068718532334959, -23.949234118159563 ], [ 31.068613193844406, -23.949319704839972 ], [ 31.068507856253138, -23.949405292419836 ], [ 31.068448602621448, -23.949543547895974 ], [ 31.068474936569718, -23.94976080791448 ], [ 31.068507856253138, -23.949925399137452 ], [ 31.068619776881725, -23.950043903702721 ], [ 31.068889705695955, -23.950201910988902 ], [ 31.069120132688557, -23.950228245836456 ], [ 31.069317641796289, -23.950254579784538 ], [ 31.06950856696734, -23.95032700039032 ], [ 31.069765328807403, -23.950452088892362 ], [ 31.069903585182907, -23.950491590713913 ], [ 31.070094510353957, -23.950471839803132 ], [ 31.070259100677553, -23.950353335237775 ], [ 31.070417107963742, -23.950261163721226 ], [ 31.070588282224019, -23.950155826129951 ], [ 31.070779207395066, -23.950037319766029 ], [ 31.070997069959411, -23.950206219640908 ], [ 31.071273088982426, -23.950797689361405 ], [ 31.071470244656616, -23.951349725608868 ], [ 31.071588538780627, -23.95213835100364 ], [ 31.071509677230445, -23.952532663251286 ], [ 31.07107593330824, -23.952532663251286 ], [ 31.070445032812572, -23.952572094925749 ], [ 31.070090152239292, -23.952572094925749 ], [ 31.069262096069433, -23.952650957375312 ], [ 31.068670627248228, -23.952808682274402 ], [ 31.067921434427191, -23.953202993622778 ], [ 31.067369397280444, -23.95347901264579 ], [ 31.066856790009414, -23.953912756567995 ], [ 31.066383616211489, -23.954622518613931 ], [ 31.065713284041454, -23.955411144008607 ], [ 31.065200677669701, -23.955923750380364 ], [ 31.064412054073589, -23.956278630953552 ], [ 31.064017740926563, -23.956791237325302 ], [ 31.063189684756708, -23.957619292595783 ], [ 31.062992529082525, -23.957934743293269 ], [ 31.062716510059413, -23.958605073664746 ], [ 31.062637647609954, -23.959038817586944 ], [ 31.062401060261312, -23.959433129834597 ], [ 31.062203903687756, -23.959906305431176 ], [ 31.061849023114476, -23.960340049353373 ], [ 31.061691298215464, -23.960616066577739 ], [ 31.061336416742805, -23.961049811399221 ], [ 31.060705517146509, -23.961365261197422 ], [ 31.060390067348312, -23.96175957344516 ], [ 31.060074616650841, -23.962272178917452 ], [ 31.059522580403371, -23.962824216963575 ], [ 31.059088835581889, -23.963415684885501 ], [ 31.058379074435322, -23.963770566358061 ], [ 31.057919794263647, -23.963873279727615 ], [ 31.055971843826157, -23.962421865676088 ], [ 31.055577161957011, -23.962103574020208 ], [ 31.054940576846693, -23.96146698890999 ], [ 31.054418577955559, -23.960779476990766 ], [ 31.053743797738704, -23.959519040271065 ], [ 31.053100827441778, -23.958211302808927 ], [ 31.052992628207761, -23.957991236006276 ], [ 31.052561558869407, -23.958134926085489 ], [ 31.051999555435746, -23.958322260263706 ], [ 31.051426628836428, -23.958513235796779 ], [ 31.050981020158559, -23.958856990857019 ], [ 31.050420825261426, -23.959149820007735 ], [ 31.049733314241571, -23.959391723248991 ], [ 31.048765704873915, -23.959671819798231 ], [ 31.048039997848157, -23.959977380651122 ], [ 31.047276095715759, -23.960206551290838 ], [ 31.047225168906948, -23.960028306560663 ], [ 31.047225168906948, -23.959862795331311 ], [ 31.047059656778234, -23.959544502776161 ], [ 31.046983266565054, -23.959404454051896 ], [ 31.046881413846705, -23.959200746816553 ], [ 31.04677956022908, -23.958997039581288 ], [ 31.04667770661144, -23.958767868941582 ], [ 31.04655038958936, -23.958538699201149 ], [ 31.046410340865101, -23.958284065157081 ], [ 31.046295756444572, -23.958093089624008 ], [ 31.046193901927573, -23.95781299217548 ], [ 31.04615570682094, -23.957647480046766 ], [ 31.046015658096675, -23.957392846002609 ], [ 31.045886253748108, -23.957189496697477 ], [ 31.045837415165064, -23.957112748554078 ], [ 31.045544586014362, -23.95665440817395 ], [ 31.044882536600312, -23.956781725196027 ], [ 31.044513318135621, -23.956819920302664 ], [ 31.044169562176091, -23.956921773920286 ], [ 31.044099744208335, -23.956936472439846 ], [ 31.043685758391501, -23.957023626638641 ], [ 31.043278343920992, -23.95704909094237 ], [ 31.042807270939299, -23.957074554346821 ], [ 31.042374393064335, -23.95706182174527 ], [ 31.04226202277464, -23.956676195149814 ], [ 31.041904029647764, -23.955744823064673 ], [ 31.04136298941097, -23.954322857313571 ], [ 31.04075258356545, -23.954544822585067 ], [ 31.039857786008511, -23.95483615166664 ], [ 31.039247381062278, -23.955065054308367 ], [ 31.038324836722335, -23.9553771928028 ], [ 31.037728304718005, -23.95561996838634 ], [ 31.036822360963676, -23.955905771134038 ], [ 31.036562985693795, -23.95598759774904 ], [ 31.035869343995579, -23.956181818036082 ], [ 31.035793043714463, -23.956258118317123 ], [ 31.035725937202738, -23.956045926877589 ], [ 31.035578508641823, -23.955814254323908 ], [ 31.035410019757112, -23.955624704216302 ], [ 31.0354310809801, -23.955435153209326 ], [ 31.035473203426079, -23.955161358209665 ], [ 31.035683814756766, -23.955056052094726 ], [ 31.035768059648714, -23.954824378641781 ], [ 31.035873365763745, -23.954613767311088 ], [ 31.035894426986733, -23.954339972311441 ], [ 31.035894426986733, -23.954087237635498 ], [ 31.03578912087179, -23.953897686628519 ], [ 31.035641693210067, -23.953687075297921 ], [ 31.035494263749779, -23.953497525190222 ], [ 31.035473203426072, -23.953202668068215 ], [ 31.035325774865068, -23.952739322061674 ], [ 31.035325774865068, -23.952507648608726 ], [ 31.03511516263519, -23.952254914832061 ], [ 31.034841367635536, -23.951981119832414 ], [ 31.034630756304853, -23.951665202386778 ], [ 31.034483327743935, -23.951433528933823 ], [ 31.03437802162891, -23.951180795157164 ], [ 31.034188470621931, -23.950864876812169 ], [ 31.034167410298313, -23.950612143035507 ], [ 31.034167410298313, -23.950528990819816 ], [ 31.034167410298313, -23.950275164366897 ], [ 31.034167410298313, -23.950022429690954 ], [ 31.034165003712449, -23.949877228750697 ], [ 31.033961341443266, -23.949752768874784 ], [ 31.033508756724231, -23.949130464998539 ], [ 31.032931712129276, -23.948677881178867 ], [ 31.032637533096228, -23.948406330887021 ], [ 31.032377297174968, -23.948236611729801 ], [ 31.032139689995176, -23.947987690179318 ], [ 31.03198128610801, -23.94782928629207 ], [ 31.031754994198174, -23.947523791988967 ], [ 31.031675790905542, -23.947093836910582 ], [ 31.031709734916877, -23.946539421057004 ], [ 31.031675790905542, -23.946290500405887 ], [ 31.031641847793576, -23.946086837237331 ], [ 31.031008230446002, -23.946199982742566 ], [ 31.028824511042835, -23.945147724687306 ], [ 31.02912946755141, -23.944559211937662 ], [ 31.029469443660364, -23.943903117834164 ], [ 31.02883582631279, -23.943608938801034 ], [ 31.029554098643207, -23.942407558761413 ], [ 31.029869232779415, -23.941899485872135 ], [ 31.030312994249833, -23.941275647752484 ], [ 31.030898243359719, -23.94153290062242 ], [ 31.032190936962635, -23.939333391822178 ], [ 31.03336208719108, -23.939881093337423 ], [ 31.033777511023832, -23.93918871968328 ] ] ] } },
{ "type": "Feature", "properties": { "Municipali": "Ba-Phalaborwa Local Municipality", "WardNo": "2", "WardLabel": "LIM334_2", "Province": "Limpopo", "CLASSIFICATION": "Mining", "PopGBlack": 8531.0626297, "PopGColour": 10.421817279000001, "PopGIndian": 12.285260556000001, "PopGWhite": 28.573359281999998, "PopGOther": 4.0, "PopGTotal": 8586.3430669000008 }, "geometry": { "type": "Polygon", "coordinates": [ [ [ 31.028824511042835, -23.945147724687306 ], [ 31.031008230446002, -23.946199982742566 ], [ 31.031641847793576, -23.946086837237331 ], [ 31.031675790905542, -23.946290500405887 ], [ 31.031709734916877, -23.946539421057004 ], [ 31.031675790905542, -23.947093836910582 ], [ 31.031754994198174, -23.947523791988967 ], [ 31.03198128610801, -23.94782928629207 ], [ 31.032139689995176, -23.947987690179318 ], [ 31.032377297174968, -23.948236611729801 ], [ 31.032637533096228, -23.948406330887021 ], [ 31.032931712129276, -23.948677881178867 ], [ 31.033508756724231, -23.949130464998539 ], [ 31.033961341443266, -23.949752768874784 ], [ 31.034165003712449, -23.949877228750697 ], [ 31.034167410298313, -23.950022429690954 ], [ 31.034167410298313, -23.950275164366897 ], [ 31.034167410298313, -23.950528990819816 ], [ 31.034167410298313, -23.950612143035507 ], [ 31.034188470621931, -23.950864876812169 ], [ 31.03437802162891, -23.951180795157164 ], [ 31.034483327743935, -23.951433528933823 ], [ 31.034630756304853, -23.951665202386778 ], [ 31.034841367635536, -23.951981119832414 ], [ 31.03511516263519, -23.952254914832061 ], [ 31.035325774865068, -23.952507648608726 ], [ 31.035325774865068, -23.952739322061674 ], [ 31.035473203426072, -23.953202668068215 ], [ 31.035494263749779, -23.953497525190222 ], [ 31.035641693210067, -23.953687075297921 ], [ 31.03578912087179, -23.953897686628519 ], [ 31.035894426986733, -23.954087237635498 ], [ 31.035894426986733, -23.954339972311441 ], [ 31.035873365763745, -23.954613767311088 ], [ 31.035768059648714, -23.954824378641781 ], [ 31.035683814756766, -23.955056052094726 ], [ 31.035473203426079, -23.955161358209665 ], [ 31.0354310809801, -23.955435153209326 ], [ 31.035410019757112, -23.955624704216302 ], [ 31.035578508641823, -23.955814254323908 ], [ 31.035725937202738, -23.956045926877589 ], [ 31.035793043714463, -23.956258118317123 ], [ 31.035869343995579, -23.956181818036082 ], [ 31.036562985693795, -23.95598759774904 ], [ 31.036822360963676, -23.955905771134038 ], [ 31.037728304718005, -23.95561996838634 ], [ 31.038324836722335, -23.9553771928028 ], [ 31.039247381062278, -23.955065054308367 ], [ 31.039857786008511, -23.95483615166664 ], [ 31.04075258356545, -23.954544822585067 ], [ 31.04136298941097, -23.954322857313571 ], [ 31.041904029647764, -23.955744823064673 ], [ 31.04226202277464, -23.956676195149814 ], [ 31.042374393064335, -23.95706182174527 ], [ 31.042807270939299, -23.957074554346821 ], [ 31.043278343920992, -23.95704909094237 ], [ 31.043685758391501, -23.957023626638641 ], [ 31.044099744208335, -23.956936472439846 ], [ 31.044169562176091, -23.956921773920286 ], [ 31.044513318135621, -23.956819920302664 ], [ 31.044882536600312, -23.956781725196027 ], [ 31.045544586014362, -23.95665440817395 ], [ 31.045837415165064, -23.957112748554078 ], [ 31.045886253748108, -23.957189496697477 ], [ 31.046015658096675, -23.957392846002609 ], [ 31.04615570682094, -23.957647480046766 ], [ 31.046193901927573, -23.95781299217548 ], [ 31.046295756444572, -23.958093089624008 ], [ 31.046410340865101, -23.958284065157081 ], [ 31.04655038958936, -23.958538699201149 ], [ 31.04667770661144, -23.958767868941582 ], [ 31.04677956022908, -23.958997039581288 ], [ 31.046881413846705, -23.959200746816553 ], [ 31.046983266565054, -23.959404454051896 ], [ 31.047059656778234, -23.959544502776161 ], [ 31.047225168906948, -23.959862795331311 ], [ 31.047225168906948, -23.960028306560663 ], [ 31.047276095715759, -23.960206551290838 ], [ 31.048039997848157, -23.959977380651122 ], [ 31.048765704873915, -23.959671819798231 ], [ 31.049733314241571, -23.959391723248991 ], [ 31.050420825261426, -23.959149820007735 ], [ 31.050981020158559, -23.958856990857019 ], [ 31.051426628836428, -23.958513235796779 ], [ 31.051999555435746, -23.958322260263706 ], [ 31.052561558869407, -23.958134926085489 ], [ 31.052992628207761, -23.957991236006276 ], [ 31.053100827441778, -23.958211302808927 ], [ 31.053743797738704, -23.959519040271065 ], [ 31.054418577955559, -23.960779476990766 ], [ 31.054940576846693, -23.96146698890999 ], [ 31.055577161957011, -23.962103574020208 ], [ 31.055971843826157, -23.962421865676088 ], [ 31.057919794263647, -23.963873279727615 ], [ 31.062846960319533, -23.967552739866576 ], [ 31.064527544111492, -23.968800445783465 ], [ 31.065558811090856, -23.96941156659005 ], [ 31.067137542164467, -23.970213663829078 ], [ 31.069123685909936, -23.971194004898898 ], [ 31.070995246134341, -23.972123418260644 ], [ 31.071720952260733, -23.972454441618702 ], [ 31.07253578120195, -23.972734539966595 ], [ 31.073236023923979, -23.972925514600387 ], [ 31.074038121163003, -23.973116491032741 ], [ 31.075245810846116, -23.973393581148397 ], [ 31.075588628812749, -23.973412985820129 ], [ 31.078667527085361, -23.97344532723962 ], [ 31.079000415637282, -23.973446958609774 ], [ 31.086584691630836, -23.973484136583171 ], [ 31.087930091800963, -23.973497073330751 ], [ 31.090459186842629, -23.973522945926721 ], [ 31.090892561143427, -23.973522945926721 ], [ 31.091177165094766, -23.973490605406599 ], [ 31.091552325380182, -23.973438859315447 ], [ 31.09185633310398, -23.973393581148368 ], [ 31.092250898061131, -23.973264214571362 ], [ 31.092561374608362, -23.973154255364104 ], [ 31.092871852054962, -23.972992548266976 ], [ 31.093130583410318, -23.972837309993359 ], [ 31.093331098951733, -23.972714412239881 ], [ 31.093563956811753, -23.972533301370284 ], [ 31.093738600656565, -23.972390998944977 ], [ 31.093906775677848, -23.972222823923687 ], [ 31.094100824194307, -23.972009370735314 ], [ 31.094288403887326, -23.971744172355169 ], [ 31.094430706312728, -23.971550122939348 ], [ 31.094515643682662, -23.971553701341719 ], [ 31.098772611567451, -23.971699905925352 ], [ 31.102107286922415, -23.971783273079062 ], [ 31.104135881366485, -23.971829588164429 ], [ 31.104599031320884, -23.971857377215656 ], [ 31.104969550205258, -23.971977794638985 ], [ 31.105349333006021, -23.972126002912198 ], [ 31.105775429992779, -23.972357578339029 ], [ 31.106164475810562, -23.972691045155049 ], [ 31.106479416592464, -23.973052301921687 ], [ 31.106720255036411, -23.973459872874322 ], [ 31.10686846330962, -23.973858181709208 ], [ 31.106961092581074, -23.974367645849686 ], [ 31.1069240414121, -23.974784480718704 ], [ 31.106738781070625, -23.975414364081072 ], [ 31.106210790895936, -23.976794549128563 ], [ 31.105812482061129, -23.977683796069797 ], [ 31.106136686759417, -23.977368854388619 ], [ 31.106590572797334, -23.977053911808071 ], [ 31.106951829563968, -23.976905705333515 ], [ 31.107479819738568, -23.97668339292369 ], [ 31.108118966118127, -23.976461081413252 ], [ 31.115621985666827, -23.974673325413114 ], [ 31.116631650930664, -23.974404697917926 ], [ 31.117104063902168, -23.974358382832559 ], [ 31.118539827052135, -23.974275015678849 ], [ 31.122754486331154, -23.974015652999409 ], [ 31.125125810608363, -23.973867444726203 ], [ 31.126283684145417, -23.973774814555465 ], [ 31.126913566608582, -23.973793340589598 ], [ 31.127339665394, -23.973885970760325 ], [ 31.127719447295391, -23.974182386407467 ], [ 31.127960284840054, -23.974478802054513 ], [ 31.128136281265132, -23.974793742836418 ], [ 31.128201122384631, -23.975469942183505 ], [ 31.128386381826818, -23.981370464274967 ], [ 31.128432696912189, -23.982092976908781 ], [ 31.128571642168293, -23.982889593679285 ], [ 31.128655009322014, -23.983158221174374 ], [ 31.128831004847719, -23.983436110787387 ], [ 31.129062580274642, -23.983658422297829 ], [ 31.129312680836321, -23.983815892688778 ], [ 31.129664673686477, -23.983927048893644 ], [ 31.132480621883953, -23.983964100961892 ], [ 31.135157625724606, -23.983973363979 ], [ 31.136195080039691, -23.983917785876521 ], [ 31.136899066639369, -23.983806629671662 ], [ 31.137575265087186, -23.983695474366073 ], [ 31.138399670908846, -23.983510214923886 ], [ 31.139400074054944, -23.983176747208574 ], [ 31.140233742893706, -23.982861804628023 ], [ 31.14142866759974, -23.982259711216106 ], [ 31.143021902039941, -23.981490882597544 ], [ 31.143966727083569, -23.980990682373552 ], [ 31.144559558377672, -23.980629424707537 ], [ 31.145050495584734, -23.980277431857388 ], [ 31.145513646438403, -23.979925438107859 ], [ 31.145856376271542, -23.979647549394308 ], [ 31.146347314377888, -23.979202924574675 ], [ 31.146875304552491, -23.978684198316557 ], [ 31.147514450931958, -23.977943158749156 ], [ 31.149218839778463, -23.975868250119085 ], [ 31.150571236674001, -23.97415459735619 ], [ 31.150876915338159, -23.973784077572532 ], [ 31.151117752882826, -23.973580292096219 ], [ 31.150912770408809, -23.973338770167544 ], [ 31.15071986493064, -23.973072378386899 ], [ 31.150554518277204, -23.9727049396806 ], [ 31.150517773777047, -23.972410989974598 ], [ 31.150499403325576, -23.972172155220139 ], [ 31.150508588101719, -23.971905763439683 ], [ 31.150563703952532, -23.971703672286001 ], [ 31.150729050605968, -23.971345420154393 ], [ 31.151096489312273, -23.970693218316796 ], [ 31.15134450884279, -23.970684031742092 ], [ 31.151702760974484, -23.970638101566518 ], [ 31.153723668912992, -23.971005540272905 ], [ 31.155863994228735, -23.971317862228936 ], [ 31.156167129610154, -23.971372978079842 ], [ 31.156350849412995, -23.971446466180868 ], [ 31.156552939667211, -23.971538324733277 ], [ 31.156745844246188, -23.97171285796141 ], [ 31.1569479353997, -23.971914949115003 ], [ 31.157137084409744, -23.972235499867789 ], [ 31.157691780851771, -23.973426466657504 ], [ 31.158181219788265, -23.974291142321729 ], [ 31.158621714921086, -23.975286333896562 ], [ 31.158882747641503, -23.975563682117663 ], [ 31.159437445882261, -23.975808401136224 ], [ 31.160351063551609, -23.976053121054068 ], [ 31.160726300279347, -23.976167323262732 ], [ 31.161003649399724, -23.976297840072707 ], [ 31.161460458234394, -23.976852537414015 ], [ 31.161770435657861, -23.977097256432579 ], [ 31.162178301588231, -23.977211458641335 ], [ 31.164870214389701, -23.976885165717178 ], [ 31.165310707723865, -23.976852537414011 ], [ 31.165685945350969, -23.976950425021453 ], [ 31.165995921875155, -23.977097256432568 ], [ 31.166224327191763, -23.977309346248678 ], [ 31.166420102406658, -23.977717212178959 ], [ 31.166615877621453, -23.978386110829735 ], [ 31.166746395330719, -23.978842920563686 ], [ 31.166795339134481, -23.979169212588463 ], [ 31.167058274820327, -23.979312376564337 ], [ 31.180729121952297, -23.97602286606174 ], [ 31.182230002313627, -23.978589999728094 ], [ 31.208009995965472, -23.995229996366493 ], [ 31.210339999092721, -23.999810000730257 ], [ 31.210339999092742, -24.014979998827158 ], [ 31.211330638299358, -24.042430603688715 ], [ 31.211340002939799, -24.042690004139697 ], [ 31.211290004231337, -24.042679998282583 ], [ 31.210429998746463, -24.042629998674844 ], [ 31.208900002833914, -24.042160003980293 ], [ 31.206809996385285, -24.041330000778224 ], [ 31.206030000884823, -24.041030000433484 ], [ 31.205320001417959, -24.040520003894354 ], [ 31.203950001192602, -24.039709998017315 ], [ 31.20332000181762, -24.039340000739791 ], [ 31.202880002211362, -24.039030000833154 ], [ 31.202260002398173, -24.03844000330286 ], [ 31.201479998803926, -24.037830001252829 ], [ 31.200939999981998, -24.037269997911356 ], [ 31.200549999084203, -24.036749996414475 ], [ 31.200119996341716, -24.036349996854156 ], [ 31.199079999643264, -24.035170000894102 ], [ 31.19801999932454, -24.034119991144021 ], [ 31.197669999371964, -24.0336600023066 ], [ 31.196760003272594, -24.03270999806724 ], [ 31.195270008305268, -24.031700003651586 ], [ 31.194479997954534, -24.031310001854415 ], [ 31.194250008032402, -24.031149998972545 ], [ 31.193390003446897, -24.031040002893103 ], [ 31.191869998102899, -24.031069997981387 ], [ 31.190809996884809, -24.031130003446254 ], [ 31.18977000108563, -24.031400002407487 ], [ 31.188160003282469, -24.031689997794476 ], [ 31.18705000425528, -24.032060003165984 ], [ 31.185759996927302, -24.032520000097293 ], [ 31.183910003344877, -24.033090001201909 ], [ 31.18201000206092, -24.033809999331297 ], [ 31.1810700027794, -24.034110000575414 ], [ 31.180280002321183, -24.03433000082828 ], [ 31.179049999558785, -24.034699998105719 ], [ 31.178529998061904, -24.034869999650113 ], [ 31.178100004312668, -24.034990001586589 ], [ 31.177530003208041, -24.035210001839459 ], [ 31.177050000857818, -24.035480001700058 ], [ 31.176499997078142, -24.035780002944179 ], [ 31.176110003374855, -24.036060000567925 ], [ 31.175659996112817, -24.036379999136994 ], [ 31.175130004047382, -24.036850001925419 ], [ 31.174679996785351, -24.037509994589943 ], [ 31.174319998170343, -24.037920009000626 ], [ 31.173950000892727, -24.038310002703827 ], [ 31.173680001931491, -24.038689997744584 ], [ 31.17336000336234, -24.039129999149505 ], [ 31.173079997644709, -24.039839997717092 ], [ 31.172819997345993, -24.040440002003876 ], [ 31.172700002604024, -24.040890001171935 ], [ 31.171969997718154, -24.042549996784288 ], [ 31.17173000193899, -24.043039996897758 ], [ 31.171510000786856, -24.043500001922936 ], [ 31.171309997859034, -24.04417999910709 ], [ 31.17125999105669, -24.045379997788046 ], [ 31.17123000406238, -24.046120001336348 ], [ 31.171049996660951, -24.046519999997393 ], [ 31.171039997998431, -24.04816000008335 ], [ 31.170819997745571, -24.048590002825744 ], [ 31.170670000720904, -24.049130000748299 ], [ 31.170530002358664, -24.049769997886429 ], [ 31.170629999775599, -24.051039999795485 ], [ 31.170790002657387, -24.051659999608667 ], [ 31.170760001273962, -24.052280000321119 ], [ 31.170970002864308, -24.05342000342975 ], [ 31.170980000627456, -24.053880000361143 ], [ 31.170970002864308, -24.05521999830361 ], [ 31.170949999244037, -24.056189998968652 ], [ 31.170629999775603, -24.056970001663615 ], [ 31.170410000422113, -24.057469998640855 ], [ 31.170270001160599, -24.057869999100546 ], [ 31.1700800040899, -24.058300001843033 ], [ 31.169849997080632, -24.058629998175242 ], [ 31.169479999803112, -24.058889999373324 ], [ 31.168989999689643, -24.059039996398077 ], [ 31.168220002851797, -24.059039996398081 ], [ 31.167740002300224, -24.058989996790341 ], [ 31.16708999930497, -24.059079997343403 ], [ 31.166279994327205, -24.059149991578252 ], [ 31.165030003233014, -24.059329999878969 ], [ 31.164510000836845, -24.059320001216445 ], [ 31.164279994726868, -24.059369999924996 ], [ 31.163670000770811, -24.059590001077048 ], [ 31.162629996877758, -24.060049998008353 ], [ 31.161090003201977, -24.060899995837538 ], [ 31.160529999860501, -24.061249996689401 ], [ 31.159469998642404, -24.061949999292484 ], [ 31.157060001718591, -24.063379996888742 ], [ 31.156199998032371, -24.063809998731848 ], [ 31.155330002878234, -24.064429999444307 ], [ 31.154590000229199, -24.064770001633644 ], [ 31.154239999377349, -24.064940003177956 ], [ 31.153589997281465, -24.065350001400798 ], [ 31.152959997906486, -24.065679996833733 ], [ 31.152670003418862, -24.06592000160623 ], [ 31.152119997840536, -24.066620004209231 ], [ 31.151729996942727, -24.066959998304689 ], [ 31.15127000001134, -24.067240004022409 ], [ 31.150829998606429, -24.067650002245244 ], [ 31.150249999738563, -24.068009992766374 ], [ 31.149899998886706, -24.068149999222488 ], [ 31.148560009038107, -24.06868000028118 ], [ 31.148259998800835, -24.068950007336383 ], [ 31.147710002215671, -24.069309997857509 ], [ 31.147080003740061, -24.06968000322901 ], [ 31.146049997610156, -24.069990003135555 ], [ 31.145845007042343, -24.070043838351936 ], [ 31.145497018873222, -24.069325166722525 ], [ 31.14518621587202, -24.0687526358249 ], [ 31.144253807767953, -24.068261893770796 ], [ 31.14281429984095, -24.067689362873175 ], [ 31.142503496839755, -24.06760757313037 ], [ 31.14232355868613, -24.067623930899114 ], [ 31.142209051607288, -24.067771152616064 ], [ 31.141374791913954, -24.065055718046331 ], [ 31.140180655014095, -24.060982565292584 ], [ 31.135894847669942, -24.046620203359147 ], [ 31.133326634817145, -24.037934081592063 ], [ 31.133064906021438, -24.037934081592056 ], [ 31.132655954609415, -24.037934081592063 ], [ 31.131576323889032, -24.037606920822117 ], [ 31.130562126042079, -24.037279760052357 ], [ 31.12954792729585, -24.037034389924589 ], [ 31.129040828372279, -24.036919883745114 ], [ 31.128664593397016, -24.036739944692126 ], [ 31.128255641985085, -24.03641278392227 ], [ 31.127912123446581, -24.036167413794505 ], [ 31.127339590750296, -24.036003833409616 ], [ 31.126554405262382, -24.035823895256009 ], [ 31.126096379645038, -24.03577482015131 ], [ 31.125556564284803, -24.035545807792285 ], [ 31.125229404414231, -24.035235004791073 ], [ 31.124853169439046, -24.035136857279625 ], [ 31.124346068716832, -24.035136857279628 ], [ 31.123969833741658, -24.03497327599538 ], [ 31.123511809023597, -24.034826054278426 ], [ 31.122955635894712, -24.03444981930317 ], [ 31.1227266226363, -24.034220806044857 ], [ 31.122399461866447, -24.033910003943021 ], [ 31.122006869122536, -24.033680990684623 ], [ 31.121646991915924, -24.03335382991477 ], [ 31.121205324966603, -24.032781299017234 ], [ 31.120632793169598, -24.031832532244973 ], [ 31.120223841757664, -24.03127635911618 ], [ 31.120076620040802, -24.030965556114971 ], [ 31.119978471629981, -24.030589321139711 ], [ 31.119814891245007, -24.030098579085617 ], [ 31.119798532576986, -24.029656912136193 ], [ 31.119684027296795, -24.029002590596487 ], [ 31.119667668628772, -24.028609997852577 ], [ 31.119651310860036, -24.028266479314073 ], [ 31.119634953091385, -24.027857527902054 ], [ 31.119585878885974, -24.026287155127562 ], [ 31.119585878885974, -24.025583760281727 ], [ 31.11943865626974, -24.024585919304155 ], [ 31.119013347089062, -24.022851966144781 ], [ 31.118882483140847, -24.022263076579236 ], [ 31.118817051166786, -24.021772335424401 ], [ 31.118604395677039, -24.021461533322576 ], [ 31.118375384217376, -24.021150730321374 ], [ 31.118130013190317, -24.020823568652236 ], [ 31.118048223447516, -24.020561839856441 ], [ 31.118048223447516, -24.020316469728762 ], [ 31.117835567957851, -24.020169247112534 ], [ 31.117802852420464, -24.019940234753498 ], [ 31.117704704009643, -24.019367702956597 ], [ 31.117508407187998, -24.018746097853562 ], [ 31.117312111265733, -24.018353504210275 ], [ 31.117279394828973, -24.018042702108445 ], [ 31.117263037060219, -24.017617392927772 ], [ 31.117197604186796, -24.017192082847821 ], [ 31.116935876290366, -24.016668626155603 ], [ 31.116772295006207, -24.01603066238464 ], [ 31.116510567109785, -24.015605353203966 ], [ 31.116379702262204, -24.015130969817882 ], [ 31.116117974365782, -24.01455843802098 ], [ 31.115643590080413, -24.014084054634896 ], [ 31.115103774720176, -24.013527882405285 ], [ 31.114825688155733, -24.013184362967415 ], [ 31.114514885154531, -24.012808127992148 ], [ 31.114138650179356, -24.012530041427798 ], [ 31.113500687307667, -24.012366461042831 ], [ 31.112960871048063, -24.012153805553172 ], [ 31.1126664258156, -24.011957509630808 ], [ 31.112404697919178, -24.01185936121999 ], [ 31.112142969123472, -24.011695780835112 ], [ 31.112061179380675, -24.011515841782117 ], [ 31.111750376379554, -24.011319545859845 ], [ 31.111292350762117, -24.011008742858639 ], [ 31.110883400249467, -24.010812446936367 ], [ 31.109983706783421, -24.010534360371921 ], [ 31.109378460348402, -24.010288989344875 ], [ 31.108773212114741, -24.010125408959908 ], [ 31.108282470960003, -24.009994544112423 ], [ 31.107759013368511, -24.009978186343677 ], [ 31.107382778393244, -24.0100436192171 ], [ 31.106908395007157, -24.010158125396668 ], [ 31.106254072568085, -24.010190840934069 ], [ 31.105681541670549, -24.010174483165326 ], [ 31.105141727209677, -24.010092693422514 ], [ 31.104634627386829, -24.010109051191261 ], [ 31.104274750180306, -24.010141766728655 ], [ 31.10358771220384, -24.010207198702712 ], [ 31.102966107100894, -24.010239915139476 ], [ 31.102442648610033, -24.010288989344886 ], [ 31.101739253764276, -24.010288989344886 ], [ 31.101395735225683, -24.010321704882283 ], [ 31.100741412786697, -24.010174483165336 ], [ 31.100381535580084, -24.009994544112427 ], [ 31.100070732578974, -24.009929112138273 ], [ 31.099743571809121, -24.009929112138273 ], [ 31.099383694602587, -24.00994546990702 ], [ 31.099056533832652, -24.009978186343687 ], [ 31.098762090398836, -24.009945469907017 ], [ 31.098304063882118, -24.00983096372746 ], [ 31.098009620448309, -24.00953651939437 ], [ 31.097355298009322, -24.009405655446159 ], [ 31.097011778571442, -24.009274789699294 ], [ 31.096471964110577, -24.009013061802875 ], [ 31.096177518878029, -24.008849481417904 ], [ 31.095915790082323, -24.008636826827519 ], [ 31.095834000339519, -24.00832602382641 ], [ 31.095784926134112, -24.008015220825204 ], [ 31.095523197338405, -24.00765534361868 ], [ 31.095114245926379, -24.007213676669362 ], [ 31.094541715028843, -24.007082812721155 ], [ 31.094018257437352, -24.007066454952412 ], [ 31.093478442077114, -24.007099171389171 ], [ 31.092987700023009, -24.007082812721155 ], [ 31.092382452688707, -24.006968305642317 ], [ 31.091973502176057, -24.006902873668164 ], [ 31.091548192995379, -24.006919232336184 ], [ 31.091221032225526, -24.007115529157833 ], [ 31.090877512787653, -24.00724639310604 ], [ 31.09043584583824, -24.0076226280813 ], [ 31.090026895325671, -24.007966146619893 ], [ 31.089617943913652, -24.008456887774631 ], [ 31.089405289323363, -24.008849481417908 ], [ 31.089274425375059, -24.009307507035352 ], [ 31.089241708938388, -24.009618309137185 ], [ 31.089208991602352, -24.010027259649835 ], [ 31.089110844090808, -24.010387136856352 ], [ 31.08906176988549, -24.010730656294232 ], [ 31.08904541211675, -24.011155964575625 ], [ 31.089029054348011, -24.011597633323603 ], [ 31.088832756627085, -24.011908435425525 ], [ 31.088554670962012, -24.012268311732768 ], [ 31.088194793755399, -24.012480967222345 ], [ 31.087834917448159, -24.012497324991081 ], [ 31.087543002008601, -24.012577000427729 ], [ 31.08737999808908, -24.012703001741645 ], [ 31.087115999404563, -24.012787999366225 ], [ 31.086768009436788, -24.012868001256766 ], [ 31.0863699973781, -24.012977997336208 ], [ 31.085971999708701, -24.012942999319463 ], [ 31.085698999709738, -24.012861002732599 ], [ 31.085526006120951, -24.012713001303535 ], [ 31.08544499968766, -24.01260299713012 ], [ 31.085110007621395, -24.012248997892467 ], [ 31.08474900356434, -24.011985996556032 ], [ 31.084499001028778, -24.01179999697176 ], [ 31.084148001929393, -24.011498996580929 ], [ 31.083920995957861, -24.011324997550098 ], [ 31.083720002876483, -24.011159999833627 ], [ 31.083526000225387, -24.011051002001622 ], [ 31.083454001401677, -24.011010002808874 ], [ 31.083166000711095, -24.010772999074195 ], [ 31.083085002371682, -24.010707990680761 ], [ 31.08290200202649, -24.010567002164965 ], [ 31.082675004148836, -24.010434998775686 ], [ 31.082320996817213, -24.010027004242417 ], [ 31.082041997440896, -24.009626995688851 ], [ 31.081842999055837, -24.009262002239069 ], [ 31.08174200339138, -24.008943001018171 ], [ 31.081642995228737, -24.008652000189137 ], [ 31.081529998111566, -24.008206996755032 ], [ 31.081483996889617, -24.007801994266156 ], [ 31.08146400136323, -24.007740998647634 ], [ 31.081374998158335, -24.007470002338252 ], [ 31.081268999565314, -24.007126001763112 ], [ 31.081169998597268, -24.006842995907029 ], [ 31.080952002033886, -24.006426998306843 ], [ 31.080897000396867, -24.006166997108764 ], [ 31.080877003071915, -24.006038001951712 ], [ 31.080798996776895, -24.005957002713018 ], [ 31.080775002864698, -24.00585800174489 ], [ 31.080760001273713, -24.005707000177459 ], [ 31.080773997422753, -24.005555000362499 ], [ 31.080800999567096, -24.005446000731844 ], [ 31.080815002910732, -24.00529499916442 ], [ 31.080815002910732, -24.004985996605949 ], [ 31.080828001711613, -24.00484400264811 ], [ 31.080856002103488, -24.004726002602464 ], [ 31.080884998944235, -24.00457599928248 ], [ 31.080911003740418, -24.004467996999981 ], [ 31.080940000581172, -24.004318998222661 ], [ 31.081021997168111, -24.004107009130692 ], [ 31.081051002102743, -24.003958001360218 ], [ 31.081063002656094, -24.003909997347989 ], [ 31.081076998805134, -24.003849999977088 ], [ 31.081105997444535, -24.003701000300403 ], [ 31.081142997352117, -24.003593997164725 ], [ 31.081207000303504, -24.003441997349857 ], [ 31.081243002862923, -24.003335001408679 ], [ 31.081271999703674, -24.003186000832802 ], [ 31.081312997997141, -24.003080003139157 ], [ 31.081367999634168, -24.002976996590622 ], [ 31.081424000417915, -24.002873999035334 ], [ 31.081464997812013, -24.002768000442408 ], [ 31.081491002608281, -24.002618003417656 ], [ 31.081538999425913, -24.002464000812488 ], [ 31.081584999748578, -24.002356996777532 ], [ 31.081649002699962, -24.002206002404613 ], [ 31.081699999655953, -24.002101001159762 ], [ 31.081740997949339, -24.001996008008881 ], [ 31.081770002883971, -24.001847001137765 ], [ 31.08181100117735, -24.00174100164547 ], [ 31.081861998133341, -24.0016360012999 ], [ 31.081929001223084, -24.001478997657102 ], [ 31.081963000992399, -24.001378002892011 ], [ 31.081988997694697, -24.00122799777338 ], [ 31.082019998225018, -24.001069997681704 ], [ 31.082028998640009, -24.000955996021943 ], [ 31.082031998778369, -24.000917001417953 ], [ 31.082038997302529, -24.000851002871059 ], [ 31.08204700036945, -24.000765000703716 ], [ 31.082071999723681, -24.000662999597214 ], [ 31.082087997763555, -24.000505000404914 ], [ 31.082095993635868, -24.000424001166227 ], [ 31.082102002006469, -24.000352999690676 ], [ 31.082127998708867, -24.00024499920692 ], [ 31.082143000299858, -24.000092999391875 ], [ 31.082143000299858, -23.999937999438643 ], [ 31.082155000853295, -23.999785998724327 ], [ 31.082186001383526, -23.999627998632732 ], [ 31.082211998085917, -23.999478001607976 ], [ 31.082239001129629, -23.999369002876691 ], [ 31.08226000209806, -23.999258998703365 ], [ 31.082266999722943, -23.99922000409946 ], [ 31.082301001290812, -23.999112002716245 ], [ 31.082370996425038, -23.998911000641701 ], [ 31.082404996194256, -23.998803000157867 ], [ 31.082428998200328, -23.998651997691073 ], [ 31.08248199794652, -23.998446999029287 ], [ 31.082524999030184, -23.998340003088202 ], [ 31.082573003042338, -23.998185003134882 ], [ 31.082598999744725, -23.998034998016252 ], [ 31.082623999098956, -23.997926996633122 ], [ 31.082639998038108, -23.997723999862263 ], [ 31.082639998038108, -23.99721000673598 ], [ 31.08263899979066, -23.997054998688789 ], [ 31.082630000274953, -23.996967999173275 ], [ 31.08262654957629, -23.996931203411815 ], [ 31.082623999098949, -23.996903996221981 ], [ 31.082583008899363, -23.996796993086303 ], [ 31.08254299986017, -23.996691999036045 ], [ 31.082514003019508, -23.996543000258821 ], [ 31.082472996632152, -23.99643799901396 ], [ 31.082418003089014, -23.996335000559313 ], [ 31.082375999353591, -23.996229001966384 ], [ 31.082361005856392, -23.996077002151431 ], [ 31.082345997070711, -23.995873998185971 ], [ 31.082320996817199, -23.995765996802838 ], [ 31.082291002628285, -23.995461998072297 ], [ 31.082263999584573, -23.995353995789802 ], [ 31.082236998339422, -23.99520900169361 ], [ 31.08220800059939, -23.995095998281201 ], [ 31.082180001106803, -23.994946998604608 ], [ 31.082153996310531, -23.994838997221471 ], [ 31.082124998570499, -23.994689998444159 ], [ 31.082097997325345, -23.994580998813596 ], [ 31.082068998685948, -23.994432000036273 ], [ 31.082041997440882, -23.994323997753785 ], [ 31.082013997048922, -23.994174998976561 ], [ 31.081972998755543, -23.994069000383547 ], [ 31.081916999770357, -23.993966999277127 ], [ 31.081860999885894, -23.993863004373683 ], [ 31.081805998248875, -23.993759997825155 ], [ 31.081749999263689, -23.993656999370508 ], [ 31.081736999563532, -23.993622002253122 ], [ 31.081708002722777, -23.99355200621962 ], [ 31.081678997788146, -23.993402001100986 ], [ 31.081638000394047, -23.993296999856216 ], [ 31.081584003299785, -23.993194002300847 ], [ 31.081472004430047, -23.992988006290989 ], [ 31.08143099804278, -23.992881998704821 ], [ 31.081402001202029, -23.992732999927505 ], [ 31.081361002009285, -23.992627998682735 ], [ 31.081306000372251, -23.992525001127365 ], [ 31.081250001387073, -23.992422001773519 ], [ 31.081194998850769, -23.992320001566299 ], [ 31.081139997213743, -23.992215997669607 ], [ 31.08108399732928, -23.992113000114411 ], [ 31.081064000903613, -23.992063001405857 ], [ 31.081041993593772, -23.992007000622113 ], [ 31.081012995853737, -23.991858001844889 ], [ 31.080971997560269, -23.991752003251879 ], [ 31.080918002264657, -23.991648996703343 ], [ 31.080860996938153, -23.991545999148062 ], [ 31.080806999843801, -23.99144398994768 ], [ 31.080751000858704, -23.991340002238832 ], [ 31.080695000974153, -23.991236995690304 ], [ 31.080639999337134, -23.991135002677684 ], [ 31.080584000351948, -23.991031997028522 ], [ 31.080528996916367, -23.990929996821396 ], [ 31.080472007777534, -23.990826001018583 ], [ 31.080361996409696, -23.990619996914855 ], [ 31.080301999038625, -23.990509002587878 ], [ 31.080251002982095, -23.990414000005639 ], [ 31.080195003097543, -23.990311001550985 ], [ 31.08014000056124, -23.99020900134386 ], [ 31.080084998924214, -23.990104998346535 ], [ 31.080028001691506, -23.990001998992597 ], [ 31.079986996203608, -23.989896001298948 ], [ 31.079957999362858, -23.989747000723071 ], [ 31.079932001761097, -23.989639000239141 ], [ 31.079905996964825, -23.989489003214466 ], [ 31.079857003698407, -23.989334003261156 ], [ 31.079821997587768, -23.98922699922619 ], [ 31.079793000747021, -23.989078000448874 ], [ 31.079752001554265, -23.988972000956579 ], [ 31.079727003099315, -23.988911996391082 ], [ 31.079709998718119, -23.988866999711814 ], [ 31.079681001877372, -23.988717002687046 ], [ 31.079653998833571, -23.988609010297097 ], [ 31.079626000240346, -23.988460001627335 ], [ 31.079585001047601, -23.988353995839809 ], [ 31.079529010156296, -23.988250998284435 ], [ 31.079488003769033, -23.988145997039677 ], [ 31.079458998834401, -23.987996997363073 ], [ 31.07941800773553, -23.987890998770059 ], [ 31.079362998004623, -23.987788001214774 ], [ 31.079307007113325, -23.987685001860843 ], [ 31.079265003377813, -23.987579004167284 ], [ 31.079237002985941, -23.987429996396724 ], [ 31.079196004692562, -23.987323997803792 ], [ 31.079141003055444, -23.987221988603412 ], [ 31.079085004070354, -23.987118999142012 ], [ 31.079043000334845, -23.987013001448368 ], [ 31.079014999942881, -23.98686400087249 ], [ 31.078987997798542, -23.986756000388645 ], [ 31.078959000957784, -23.986606003363889 ], [ 31.078933004255397, -23.98649800917536 ], [ 31.078903001073325, -23.98634900230417 ], [ 31.078863001027297, -23.986243002811872 ], [ 31.078825002872179, -23.986148997577697 ], [ 31.078792996899914, -23.985989002789704 ], [ 31.078751002157649, -23.985882997002175 ], [ 31.078695999621338, -23.98577999764824 ], [ 31.078671000267111, -23.985733997325667 ], [ 31.078640997984312, -23.985677000093041 ], [ 31.078584998099853, -23.985574998986557 ], [ 31.078530003657342, -23.985472001431265 ], [ 31.078487999921919, -23.985366002838258 ], [ 31.078459003081171, -23.985215997719614 ], [ 31.078417996693819, -23.985110989280248 ], [ 31.078376999299714, -23.985004997881834 ], [ 31.078348001559593, -23.984855999104614 ], [ 31.078320999415251, -23.984747996822115 ], [ 31.078292001675131, -23.984598998044799 ], [ 31.078252000729908, -23.984492998552501 ], [ 31.078230002413314, -23.984439003256888 ], [ 31.078209997893673, -23.984387008952829 ], [ 31.078191996164321, -23.984294001066811 ], [ 31.046718192291255, -23.982675338295838 ], [ 31.047519242719464, -23.980891050980787 ], [ 31.047846553676113, -23.980138235690589 ], [ 31.048255692147041, -23.979434517988164 ], [ 31.048484809726705, -23.978714435322491 ], [ 31.048763023994955, -23.977912523343807 ], [ 31.049041238263108, -23.977176073916233 ], [ 31.049466741697373, -23.976161411119779 ], [ 31.049614031762676, -23.975588616720842 ], [ 31.049826784379174, -23.97504855404706 ], [ 31.049990439407814, -23.974541223098527 ], [ 31.049712225139654, -23.97442666385901 ], [ 31.049515839285146, -23.974263008830363 ], [ 31.049352183357129, -23.974115718764981 ], [ 31.049139430740716, -23.974033891250706 ], [ 31.048926679023584, -23.974033891250706 ], [ 31.048664830618051, -23.974082987939106 ], [ 31.048321153798781, -23.974181181316002 ], [ 31.048108402081649, -23.974181181316006 ], [ 31.047928382089669, -23.974164814554097 ], [ 31.047715630372537, -23.974066622076492 ], [ 31.047535608582077, -23.973952062836968 ], [ 31.047371952654071, -23.973837505396105 ], [ 31.047044642596703, -23.973804773670953 ], [ 31.046766428328546, -23.973902967047845 ], [ 31.04661913916253, -23.973902967047845 ], [ 31.046455483234521, -23.973886601185235 ], [ 31.046324559031742, -23.973919332011096 ], [ 31.04611180731461, -23.973952062836968 ], [ 31.045915420560821, -23.974082987939113 ], [ 31.04578449635796, -23.974148449590857 ], [ 31.045571743741551, -23.974181181316006 ], [ 31.045260798647522, -23.974164814554101 ], [ 31.045087329317333, -23.974178045380054 ], [ 31.044889535124486, -23.974169054857594 ], [ 31.044745684965942, -23.974133091868207 ], [ 31.044601833908033, -23.974133091868204 ], [ 31.044413031137015, -23.974133091868207 ], [ 31.044215236044888, -23.974160064335134 ], [ 31.043990470284573, -23.974151072913209 ], [ 31.043801666614186, -23.974106120300736 ], [ 31.043657815556276, -23.973971259765374 ], [ 31.043460022262707, -23.97379144841619 ], [ 31.04335213419418, -23.973656587880829 ], [ 31.043298190159877, -23.97347677473299 ], [ 31.043235255603111, -23.973314942630068 ], [ 31.043190302990634, -23.973108157914766 ], [ 31.043109387388856, -23.972856419687616 ], [ 31.042956545808487, -23.972505784813677 ], [ 31.0427677421381, -23.972227075019063 ], [ 31.042605910934554, -23.971939373802609 ], [ 31.042471051298566, -23.971642682963068 ], [ 31.042210321649581, -23.97127406614484 ], [ 31.042003536934274, -23.971049300384436 ], [ 31.041940603276789, -23.970842514769856 ], [ 31.041940603276789, -23.970662701622011 ], [ 31.042003536934274, -23.970482889373365 ], [ 31.042021518878563, -23.970267114135517 ], [ 31.042021518878563, -23.970105282032684 ], [ 31.041967574844257, -23.969934460306675 ], [ 31.041976565366806, -23.969700703124527 ], [ 31.0420754620135, -23.969502908931677 ], [ 31.042111425002787, -23.969287132794463 ], [ 31.042111425002794, -23.969143282636008 ], [ 31.042102433580968, -23.96898145143237 ], [ 31.042057480968484, -23.9687656761946 ], [ 31.041994547311006, -23.968558890579931 ], [ 31.041832715208169, -23.968370086909541 ], [ 31.041652902060335, -23.968064404648079 ], [ 31.041597664800939, -23.967865790273539 ], [ 31.04145621133565, -23.967724335908954 ], [ 31.041566230797454, -23.967582882443661 ], [ 31.04169196771069, -23.967520014436683 ], [ 31.041597664800939, -23.967331407717818 ], [ 31.041424777332153, -23.967205671703951 ], [ 31.041236172411939, -23.967064218238654 ], [ 31.041016131689677, -23.96685989496773 ], [ 31.040858960772951, -23.966608422040618 ], [ 31.040654639300676, -23.966372664766208 ], [ 31.040591771293702, -23.966215493849578 ], [ 31.040403164574919, -23.966089756936341 ], [ 31.0401831256513, -23.965995454925871 ], [ 31.040073106189496, -23.965854000561297 ], [ 31.039884501269281, -23.965696829644568 ], [ 31.03964874489423, -23.965571092731334 ], [ 31.039617309991378, -23.965382487811119 ], [ 31.03966446234557, -23.965162448887416 ], [ 31.039680178897637, -23.964910975061027 ], [ 31.039633028342173, -23.964753804144308 ], [ 31.039617309991378, -23.964549481772753 ], [ 31.039633028342173, -23.964313725397702 ], [ 31.03964874489423, -23.964109403026157 ], [ 31.039727330352555, -23.963842211748247 ], [ 31.039743046904611, -23.963590738821146 ], [ 31.039680178897637, -23.963354982446095 ], [ 31.039523007980996, -23.963166376626514 ], [ 31.039302968158012, -23.963072073716766 ], [ 31.039130079789853, -23.962993489157817 ], [ 31.038988626324564, -23.962883468796555 ], [ 31.038925758317582, -23.962663429873025 ], [ 31.038815737956494, -23.962396238595119 ], [ 31.038737153397456, -23.962081896761667 ], [ 31.03861141558485, -23.96181470638323 ], [ 31.038517112675098, -23.961626100563642 ], [ 31.038485678671698, -23.961390345087967 ], [ 31.038359941758458, -23.961280324726786 ], [ 31.038249923195931, -23.961154587813546 ], [ 31.038139902834757, -23.960950266341278 ], [ 31.037919863911142, -23.96073022741766 ], [ 31.037731258091643, -23.960510186695309 ], [ 31.037605522077687, -23.960242997216142 ], [ 31.037338330799873, -23.960007239941735 ], [ 31.037086856973399, -23.959708614660428 ], [ 31.036898252053273, -23.959347122271428 ], [ 31.03678823259138, -23.95912708244844 ], [ 31.036568192768396, -23.958954194080373 ], [ 31.036175266375988, -23.958466963878866 ], [ 31.036033812011318, -23.958278358958651 ], [ 31.035845207091192, -23.958152622045407 ], [ 31.035656601271612, -23.958121188042018 ], [ 31.035452278900056, -23.958026885132263 ], [ 31.035272811991256, -23.957978351419388 ], [ 31.035085529074433, -23.957929796122812 ], [ 31.034773389680723, -23.957874304355272 ], [ 31.034620789118581, -23.957881240826229 ], [ 31.03441269588971, -23.95788817729709 ], [ 31.034329459137734, -23.957908985810668 ], [ 31.03432252266678, -23.957985286990976 ], [ 31.034329459137734, -23.958054650801053 ], [ 31.034336395608687, -23.958130951981452 ], [ 31.034287841211469, -23.958207253161845 ], [ 31.034169921205443, -23.958311299326596 ], [ 31.033968765346721, -23.958359853723891 ], [ 31.033774545959034, -23.958359853723898 ], [ 31.033615008026661, -23.958304361956358 ], [ 31.033566452730078, -23.958207253161845 ], [ 31.033510961861911, -23.958144824923352 ], [ 31.033406914797791, -23.958054650801049 ], [ 31.03328899569113, -23.957908985810668 ], [ 31.03319188599724, -23.95779106670393 ], [ 31.033087839832401, -23.957721702893849 ], [ 31.03294217484202, -23.957596848215527 ], [ 31.032803447221781, -23.95750667409331 ], [ 31.032532925754424, -23.957395690558325 ], [ 31.032408071076183, -23.95734713616103 ], [ 31.032241596672851, -23.957340199690073 ], [ 31.032012694930405, -23.957333264118393 ], [ 31.031804601701534, -23.957395690558325 ], [ 31.031589572900987, -23.957458118796726 ], [ 31.031409225555844, -23.957465056166967 ], [ 31.031221942639021, -23.957465056166964 ], [ 31.031048531764831, -23.957423437341337 ], [ 31.030778012096121, -23.95732632674817 ], [ 31.030521363570575, -23.957229217054365 ], [ 31.030327145082172, -23.957152916773257 ], [ 31.030174542721472, -23.957111297947627 ], [ 31.029994196275688, -23.957055807079371 ], [ 31.029793040416962, -23.956986443269294 ], [ 31.029460091610481, -23.956854651220731 ], [ 31.029238127238269, -23.956743667685654 ], [ 31.029057779893115, -23.956639622420191 ], [ 31.028912114902738, -23.956473147117674 ], [ 31.028704021673782, -23.956313610084575 ], [ 31.028419629063162, -23.956126326268475 ], [ 31.028169917907945, -23.955973724807134 ], [ 31.027947951737072, -23.955807251303177 ], [ 31.027698240581856, -23.955585286031681 ], [ 31.02756644943257, -23.955446556612884 ], [ 31.02739303855838, -23.955349446918998 ], [ 31.027108645947763, -23.955148291060357 ], [ 31.026976853899196, -23.954974881085455 ], [ 31.0269005527188, -23.954856961978795 ], [ 31.026803443024999, -23.954801470211265 ], [ 31.026657778034529, -23.954822278724741 ], [ 31.026519050414386, -23.954884706963238 ], [ 31.026359511582726, -23.954794533740301 ], [ 31.02628321220098, -23.954676614633652 ], [ 31.026248529846303, -23.954579504939758 ], [ 31.026199975449003, -23.954510141129692 ], [ 31.026088991914015, -23.954440776420242 ], [ 31.025936391351877, -23.954413031435891 ], [ 31.025809372904735, -23.954345993272515 ], [ 31.025655533976206, -23.95424186526941 ], [ 31.025588342028822, -23.954120919944103 ], [ 31.025548027220175, -23.953946221240773 ], [ 31.025548027220175, -23.953825275915374 ], [ 31.025601780598194, -23.953623700073312 ], [ 31.025678654646651, -23.953564022860984 ], [ 31.02570700937153, -23.953493138297251 ], [ 31.02566447773394, -23.953351365572676 ], [ 31.025678654646651, -23.953167062109873 ], [ 31.02572118628424, -23.953081998834776 ], [ 31.025877135022256, -23.952926050096679 ], [ 31.025933843572556, -23.95282680990897 ], [ 31.02594802138454, -23.952599974808571 ], [ 31.025862958109546, -23.95245820388255 ], [ 31.025763717921741, -23.952373140607548 ], [ 31.02572118628424, -23.952231368782247 ], [ 31.025565236646862, -23.952018710594658 ], [ 31.025437642633634, -23.951862761856557 ], [ 31.025267516982819, -23.951678459293035 ], [ 31.025168275895741, -23.951508332742943 ], [ 31.025196630620442, -23.951324029280141 ], [ 31.025196630620442, -23.951111371991825 ], [ 31.02529587080824, -23.950955423253724 ], [ 31.025423465720834, -23.950941246341014 ], [ 31.025848781196835, -23.950416689778024 ], [ 31.025650299921857, -23.95024656412722 ], [ 31.025721186284233, -23.950048083751614 ], [ 31.025976376109416, -23.950076437577124 ], [ 31.026075616297128, -23.949948842664536 ], [ 31.026713589061345, -23.948885555323699 ], [ 31.027365738738368, -23.947723026895773 ], [ 31.027450802013373, -23.947467837070587 ], [ 31.027649282388971, -23.947141761782483 ], [ 31.028102951690386, -23.946418725743175 ], [ 31.028824511042835, -23.945147724687306 ] ] ] } },
{ "type": "Feature", "properties": { "Municipali": "Ba-Phalaborwa Local Municipality", "WardNo": "3", "WardLabel": "LIM334_3", "Province": "Limpopo", "CLASSIFICATION": "Mining", "PopGBlack": 10576.919598, "PopGColour": 23.316662381, "PopGIndian": 10.586013882, "PopGWhite": 1.604844081, "PopGOther": 21.0, "PopGTotal": 10633.427119 }, "geometry": { "type": "Polygon", "coordinates": [ [ [ 31.060058622208128, -23.902066568117117 ], [ 31.060454518162015, -23.903175076967777 ], [ 31.060711851071577, -23.904342970750974 ], [ 31.060909799048527, -23.905451481400288 ], [ 31.060969183081859, -23.906807426121329 ], [ 31.060939491065195, -23.907767473989288 ], [ 31.060880107031856, -23.908608753790489 ], [ 31.061213234803446, -23.909014016183463 ], [ 31.061553635392496, -23.909403044014837 ], [ 31.062380318297659, -23.909646185622485 ], [ 31.062915230553926, -23.909646185622478 ], [ 31.063498771851428, -23.909646185622481 ], [ 31.064033685007068, -23.90959755658151 ], [ 31.064471340980127, -23.90959755658151 ], [ 31.065346652026975, -23.909597556581506 ], [ 31.066173335831323, -23.909548929339184 ], [ 31.06700001873639, -23.909548929339184 ], [ 31.06700001873639, -23.910083841595537 ], [ 31.066708248987052, -23.910764640075616 ], [ 31.066513734621719, -23.911445437656333 ], [ 31.065930194223679, -23.911737208305041 ], [ 31.065249395743596, -23.912515263068496 ], [ 31.065249395743596, -23.913293317831869 ], [ 31.065346652026982, -23.91402274535292 ], [ 31.065589795433276, -23.915287084231135 ], [ 31.065735679858257, -23.915919253670154 ], [ 31.065784307999959, -23.916405537784915 ], [ 31.065687050817296, -23.916940450940636 ], [ 31.065687050817296, -23.917669876662941 ], [ 31.06549253825062, -23.918204789818674 ], [ 31.06549253825062, -23.918836960157147 ], [ 31.065589795433279, -23.919371873312873 ], [ 31.065832937040927, -23.919663643062218 ], [ 31.066221963973021, -23.920052670893586 ], [ 31.066221963973021, -23.920295813400607 ], [ 31.066319221155684, -23.920587584049319 ], [ 31.066270593013993, -23.920927982839707 ], [ 31.066465105580757, -23.921122496305664 ], [ 31.066610991804396, -23.921462895096067 ], [ 31.066367850196656, -23.921851922927438 ], [ 31.066465105580765, -23.922143692676862 ], [ 31.066416478338354, -23.922581348649839 ], [ 31.055864107742863, -23.921657408562126 ], [ 31.043500646438158, -23.920464644926994 ], [ 31.029653381099138, -23.91912873080582 ], [ 31.024362264807177, -23.918094248750169 ], [ 31.024519593105211, -23.917721907839351 ], [ 31.02462972228432, -23.917564580440597 ], [ 31.024648420988324, -23.917536532384723 ], [ 31.024776560890039, -23.917344322082375 ], [ 31.024907666755936, -23.917270903229156 ], [ 31.025080726894508, -23.917155529203896 ], [ 31.025253787033083, -23.916992957858263 ], [ 31.025395381692014, -23.916930026898793 ], [ 31.025495022977463, -23.916830385613441 ], [ 31.025479290237552, -23.916709767641301 ], [ 31.02545831265148, -23.916562929035489 ], [ 31.025552709090682, -23.916437067116558 ], [ 31.025699547696483, -23.916321693990568 ], [ 31.025856875095155, -23.916211564811455 ], [ 31.025982737014175, -23.916111924425383 ], [ 31.026077134352743, -23.91599130735252 ], [ 31.026108598933192, -23.915896910013959 ], [ 31.026161041998989, -23.915839223001274 ], [ 31.02619250657936, -23.915760560201267 ], [ 31.026260682385068, -23.915597987956353 ], [ 31.026349834877394, -23.915482614830367 ], [ 31.026480940743291, -23.915361996858227 ], [ 31.026638268142044, -23.91532528743171 ], [ 31.026753642167307, -23.915304309845634 ], [ 31.026884748033115, -23.915304309845641 ], [ 31.026979143573037, -23.915398707184117 ], [ 31.027057808171783, -23.915503592416432 ], [ 31.027194157984464, -23.915624208589932 ], [ 31.027372462969286, -23.91570811713547 ], [ 31.027550767054745, -23.915702873188589 ], [ 31.027671385026888, -23.915603231903233 ], [ 31.027812978786454, -23.91551932425698 ], [ 31.027938840705382, -23.915519324256977 ], [ 31.028111900844046, -23.915508836363315 ], [ 31.028222030023155, -23.915424927817696 ], [ 31.028316427361723, -23.915293821951884 ], [ 31.028468509914322, -23.915283333158932 ], [ 31.028489486601021, -23.915356752911347 ], [ 31.028536684820665, -23.915482614830367 ], [ 31.028620593366195, -23.915430171764562 ], [ 31.028709744959237, -23.915246623732237 ], [ 31.0288251189845, -23.915099785126518 ], [ 31.028914270577545, -23.914910992248128 ], [ 31.028977202436469, -23.914701221783563 ], [ 31.02898244638326, -23.91458584865758 ], [ 31.028977202436469, -23.91445474279168 ], [ 31.029066354029506, -23.914318392079718 ], [ 31.029213192635137, -23.914255461120245 ], [ 31.029375763980855, -23.914229239587311 ], [ 31.029491138006037, -23.914192530160697 ], [ 31.029606511132112, -23.914108621615156 ], [ 31.029758593684623, -23.914003737282211 ], [ 31.02992116592953, -23.914003737282211 ], [ 31.030057515742214, -23.914019470022122 ], [ 31.030162400974444, -23.91407191308792 ], [ 31.030272530153642, -23.914140087994269 ], [ 31.030414124812491, -23.914250217173372 ], [ 31.030578394078148, -23.91440613533452 ], [ 31.030759675818871, -23.913508156875544 ], [ 31.03140600058698, -23.910312999644741 ], [ 31.032016002636919, -23.90709599698226 ], [ 31.032160026364618, -23.906419345276124 ], [ 31.032243525718627, -23.906188885907916 ], [ 31.032460625657805, -23.906259025832984 ], [ 31.032734506093117, -23.906309125265494 ], [ 31.032878125125873, -23.906345865269067 ], [ 31.033068505307714, -23.906422685358198 ], [ 31.033245525161337, -23.906486145119128 ], [ 31.033395825257614, -23.906539584633709 ], [ 31.033673044875634, -23.906646464562257 ], [ 31.033903505143122, -23.906773384983275 ], [ 31.03404378499317, -23.906870244665683 ], [ 31.034254204768192, -23.90702054476197 ], [ 31.034387805353457, -23.907117405343566 ], [ 31.034568164389785, -23.907224285272118 ], [ 31.034675044318334, -23.907317804872363 ], [ 31.034785264328971, -23.907434705047145 ], [ 31.034875443847131, -23.907508185054287 ], [ 31.034965624264665, -23.907595025389657 ], [ 31.035045784435884, -23.907665165314722 ], [ 31.035246183964677, -23.907848865332404 ], [ 31.035767224178588, -23.908116063804911 ], [ 31.03637300031415, -23.908660999005519 ], [ 31.036642303200274, -23.908884263797333 ], [ 31.036809302807569, -23.90909802365443 ], [ 31.036872762568489, -23.909265024161101 ], [ 31.036869423385689, -23.909415324257377 ], [ 31.036773997222717, -23.909686998655651 ], [ 31.036707002226855, -23.909906001560262 ], [ 31.036615997131037, -23.910099997916124 ], [ 31.03651204269709, -23.910253663275494 ], [ 31.036418523096845, -23.910370562551005 ], [ 31.036311996601846, -23.910458001834904 ], [ 31.036136002874699, -23.910476002664979 ], [ 31.035966002229671, -23.910518995654673 ], [ 31.035771998679291, -23.910579999367076 ], [ 31.0355230006864, -23.910762000565452 ], [ 31.035408001678391, -23.910871000196018 ], [ 31.035262003039524, -23.911041000841045 ], [ 31.035080000042409, -23.911240996574346 ], [ 31.035018998128756, -23.9113630022004 ], [ 31.035092000595849, -23.911538995927451 ], [ 31.035244001310083, -23.911648002752713 ], [ 31.035436564146607, -23.911786722278983 ], [ 31.035566001770071, -23.911817996203137 ], [ 31.035765998402571, -23.911806002844301 ], [ 31.035935999047599, -23.911812004020298 ], [ 31.03609400003856, -23.911860989192835 ], [ 31.03625200822411, -23.911952002382627 ], [ 31.036483003588291, -23.912096995579454 ], [ 31.036646996761998, -23.912188998922709 ], [ 31.037029002686847, -23.912535002288127 ], [ 31.037175171297662, -23.912338963571852 ], [ 31.038232999753603, -23.911135999826168 ], [ 31.039406999933608, -23.909847999784958 ], [ 31.041000999696898, -23.908099000068347 ], [ 31.038626479229087, -23.906353478929518 ], [ 31.041531732803698, -23.902697536062057 ], [ 31.042187000430257, -23.902705999581809 ], [ 31.045172914199124, -23.902755170014679 ], [ 31.04535789035485, -23.903171366365044 ], [ 31.046116923557715, -23.902328608977701 ], [ 31.046219031683403, -23.902215237742634 ], [ 31.052259521560146, -23.89549983365 ], [ 31.05279945383219, -23.894993648437676 ], [ 31.053575605630229, -23.894386223844734 ], [ 31.056270484395881, -23.892477527915151 ], [ 31.056316168157107, -23.892626000589043 ], [ 31.056324315115589, -23.892878567091778 ], [ 31.056389494380152, -23.89323704765124 ], [ 31.056397641338641, -23.893465172379329 ], [ 31.056397641338641, -23.893685149249823 ], [ 31.056430230071594, -23.893954008770066 ], [ 31.056658353900492, -23.894670970788273 ], [ 31.056821300263287, -23.895070187938359 ], [ 31.056951656993853, -23.895567173086139 ], [ 31.057016835359139, -23.895925652746239 ], [ 31.057024982317625, -23.896202661023541 ], [ 31.057024982317625, -23.896414490935548 ], [ 31.05696795091065, -23.896724087945877 ], [ 31.0569190682609, -23.896992948365408 ], [ 31.056731680123448, -23.897302545375751 ], [ 31.056576880718957, -23.897783235707294 ], [ 31.05650355629464, -23.897995064720025 ], [ 31.056397641338641, -23.898141716266746 ], [ 31.056373198664708, -23.898288367813482 ], [ 31.056373198664708, -23.898394281870207 ], [ 31.056462818804548, -23.898516491642376 ], [ 31.056699091390403, -23.898826088652626 ], [ 31.056919068260907, -23.899021623748467 ], [ 31.057293842737156, -23.899306778984247 ], [ 31.057847859291751, -23.899754879683467 ], [ 31.058752163581953, -23.90046318842499 ], [ 31.059326214333868, -23.900977853344823 ], [ 31.059702315310101, -23.901433134231322 ], [ 31.060058622208128, -23.902066568117117 ] ] ] } },
{ "type": "Feature", "properties": { "Municipali": "Ba-Phalaborwa Local Municipality", "WardNo": "4", "WardLabel": "LIM334_4", "Province": "Limpopo", "CLASSIFICATION": "Mining", "PopGBlack": 5199.680207, "PopGColour": 8.662316961, "PopGIndian": 11.579886405, "PopGWhite": 8.28683678, "PopGOther": 17.6692619, "PopGTotal": 5245.878509 }, "geometry": { "type": "Polygon", "coordinates": [ [ [ 31.048348835830613, -23.933492575721324 ], [ 31.046864903193214, -23.934812764297217 ], [ 31.046997945299442, -23.934966274073837 ], [ 31.046997945299442, -23.935590549264049 ], [ 31.046588584695975, -23.935590549264042 ], [ 31.045186523639654, -23.934249893017679 ], [ 31.044654355214863, -23.934720658431253 ], [ 31.044122185890696, -23.935201657230269 ], [ 31.043296068659188, -23.935937880028732 ], [ 31.0430775046236, -23.935764849567757 ], [ 31.042904475061995, -23.935628247045571 ], [ 31.042640375653331, -23.935473430553944 ], [ 31.042440024687917, -23.935300400092963 ], [ 31.042203246683069, -23.935100050026829 ], [ 31.042021109687006, -23.934981659675433 ], [ 31.041720583238838, -23.934945232635922 ], [ 31.041447378194469, -23.934899699061404 ], [ 31.041265241198406, -23.934708454631075 ], [ 31.041110423807584, -23.934517211099926 ], [ 31.040973821285313, -23.934389715112829 ], [ 31.040800790824335, -23.934253111691358 ], [ 31.040591333323917, -23.934016333686419 ], [ 31.040491157841167, -23.933907051668676 ], [ 31.040345447884615, -23.933779555681493 ], [ 31.039689754878772, -23.934362393709105 ], [ 31.040217951897525, -23.934890591627045 ], [ 31.039416548935129, -23.935619139611212 ], [ 31.03866041874387, -23.935723278406137 ], [ 31.038953701152895, -23.937661939746299 ], [ 31.039016728339831, -23.9377739880786 ], [ 31.039170794796846, -23.937893039431827 ], [ 31.043376666800235, -23.939910804239766 ], [ 31.043339571564555, -23.939974329651189 ], [ 31.0426494830877, -23.941156108067471 ], [ 31.041598884281619, -23.940638103964929 ], [ 31.04002670836638, -23.939862935125948 ], [ 31.038947503025376, -23.941697935211074 ], [ 31.033777511023832, -23.93918871968328 ], [ 31.03336208719108, -23.939881093337423 ], [ 31.032190936962635, -23.939333391822178 ], [ 31.031574165715671, -23.939031114394012 ], [ 31.030891812307754, -23.938696691598604 ], [ 31.03076961692479, -23.938600223121401 ], [ 31.030428757681555, -23.938040699118538 ], [ 31.029952840951353, -23.937243216300974 ], [ 31.031644025951575, -23.936371134719717 ], [ 31.032604622405959, -23.935892345554862 ], [ 31.033797619864828, -23.93574663559831 ], [ 31.033897795347492, -23.936447863977328 ], [ 31.034644557300922, -23.936338581959578 ], [ 31.034665948575181, -23.936429999844222 ], [ 31.034763462064642, -23.936998826434319 ], [ 31.035204084001805, -23.936947591157939 ], [ 31.036460146419177, -23.936760245288724 ], [ 31.038004987440768, -23.936529826389911 ], [ 31.037895703624283, -23.935828598010996 ], [ 31.037777315071548, -23.935154691035791 ], [ 31.036584316713299, -23.935300400092967 ], [ 31.036230487447504, -23.933263198237579 ], [ 31.035983264716418, -23.931839796269113 ], [ 31.03593773114191, -23.931694086312564 ], [ 31.035764699781552, -23.931402666399478 ], [ 31.035698608604402, -23.931319183233317 ], [ 31.035591670219851, -23.931184102363982 ], [ 31.035672736907799, -23.931088729260971 ], [ 31.035746486711481, -23.931001965368011 ], [ 31.035992372150783, -23.93094732435905 ], [ 31.036156295177403, -23.930883575915903 ], [ 31.036247364125067, -23.930810720937583 ], [ 31.036402179717332, -23.93061947740653 ], [ 31.036493248665, -23.930446446945545 ], [ 31.036593424147753, -23.930291629554638 ], [ 31.036711812700492, -23.930191454971254 ], [ 31.035491494737187, -23.929053097621981 ], [ 31.035438809753796, -23.929005062133506 ], [ 31.035181861754022, -23.928770785143172 ], [ 31.034899549275291, -23.92836097667734 ], [ 31.035340143333421, -23.9281261978653 ], [ 31.03559666775255, -23.927973885985573 ], [ 31.035955944211885, -23.92423557241327 ], [ 31.038907513771232, -23.924497270632106 ], [ 31.040940005877058, -23.926352658348097 ], [ 31.044722772038796, -23.929887474227115 ], [ 31.047306908287698, -23.932302227665204 ], [ 31.048471322594011, -23.933377294326228 ], [ 31.048348835830613, -23.933492575721324 ] ] ] } },
{ "type": "Feature", "properties": { "Municipali": "Ba-Phalaborwa Local Municipality", "WardNo": "5", "WardLabel": "LIM334_5", "Province": "Limpopo", "CLASSIFICATION": "Mining", "PopGBlack": 5617.4330755000001, "PopGColour": 5.759694405, "PopGIndian": 5.57621472, "PopGWhite": 16.665709098000001, "PopGOther": 2.5869872, "PopGTotal": 5648.0216809000003 }, "geometry": { "type": "Polygon", "coordinates": [ [ [ 31.034899549275291, -23.92836097667734 ], [ 31.035181861754022, -23.928770785143172 ], [ 31.035438809753796, -23.929005062133506 ], [ 31.035491494737187, -23.929053097621981 ], [ 31.036711812700492, -23.930191454971254 ], [ 31.036593424147753, -23.930291629554638 ], [ 31.036493248665, -23.930446446945545 ], [ 31.036402179717332, -23.93061947740653 ], [ 31.036247364125067, -23.930810720937583 ], [ 31.036156295177403, -23.930883575915903 ], [ 31.035992372150783, -23.93094732435905 ], [ 31.035746486711481, -23.931001965368011 ], [ 31.035672736907799, -23.931088729260971 ], [ 31.035591670219851, -23.931184102363982 ], [ 31.035698608604402, -23.931319183233317 ], [ 31.035764699781552, -23.931402666399478 ], [ 31.03593773114191, -23.931694086312564 ], [ 31.035983264716418, -23.931839796269113 ], [ 31.036230487447504, -23.933263198237579 ], [ 31.036584316713299, -23.935300400092967 ], [ 31.037777315071548, -23.935154691035791 ], [ 31.037895703624283, -23.935828598010996 ], [ 31.038004987440768, -23.936529826389911 ], [ 31.036460146419177, -23.936760245288724 ], [ 31.035204084001805, -23.936947591157939 ], [ 31.034763462064642, -23.936998826434319 ], [ 31.034665948575181, -23.936429999844222 ], [ 31.034644557300922, -23.936338581959578 ], [ 31.033897795347492, -23.936447863977328 ], [ 31.033797619864828, -23.93574663559831 ], [ 31.032604622405959, -23.935892345554862 ], [ 31.031644025951575, -23.936371134719717 ], [ 31.029952840951353, -23.937243216300974 ], [ 31.030428757681555, -23.938040699118538 ], [ 31.03076961692479, -23.938600223121401 ], [ 31.030891812307754, -23.938696691598604 ], [ 31.031574165715671, -23.939031114394012 ], [ 31.032190936962635, -23.939333391822178 ], [ 31.030898243359719, -23.94153290062242 ], [ 31.030312994249833, -23.941275647752484 ], [ 31.029869232779415, -23.941899485872135 ], [ 31.029554098643207, -23.942407558761413 ], [ 31.02883582631279, -23.943608938801034 ], [ 31.028379729741257, -23.944407106902073 ], [ 31.028156949684014, -23.944796972002276 ], [ 31.026877301646614, -23.944200526332793 ], [ 31.026821826066929, -23.944174669025298 ], [ 31.026608739801937, -23.944173528685045 ], [ 31.024705994686418, -23.944163353755346 ], [ 31.024230782125386, -23.944174669025308 ], [ 31.022952232160286, -23.944106781002727 ], [ 31.023057845843415, -23.943722363995519 ], [ 31.023870996649659, -23.943493666399199 ], [ 31.023870996649659, -23.943328494214196 ], [ 31.023807470338962, -23.943226851037924 ], [ 31.023743943128977, -23.943112501340483 ], [ 31.023693120641518, -23.942947330054853 ], [ 31.023591476565873, -23.942794864391033 ], [ 31.023591476565873, -23.942680514693585 ], [ 31.023578770943985, -23.94250263778607 ], [ 31.023642299053336, -23.942299349634865 ], [ 31.023845586305253, -23.942134179248512 ], [ 31.023858291927141, -23.941918186374799 ], [ 31.023883703170917, -23.941714898223601 ], [ 31.023985347246477, -23.941498905349789 ], [ 31.024112401666528, -23.941359144408569 ], [ 31.024214045742081, -23.941206678744827 ], [ 31.024214045742081, -23.941079624324782 ], [ 31.024341100162136, -23.940825513686107 ], [ 31.024468154582184, -23.940622226434197 ], [ 31.024468154582184, -23.940380822316701 ], [ 31.024544388313338, -23.940266472619157 ], [ 31.02459520990152, -23.940101302232911 ], [ 31.024620621145207, -23.939898014081617 ], [ 31.024671442733389, -23.939821781249751 ], [ 31.024785792430833, -23.939694725930419 ], [ 31.024862025262699, -23.939567670611087 ], [ 31.024976374960232, -23.939402500224823 ], [ 31.025027195649049, -23.939224623317315 ], [ 31.024976374960232, -23.938957807956033 ], [ 31.024963669338348, -23.938754519804839 ], [ 31.024963669338348, -23.938525822208504 ], [ 31.024989079682754, -23.938360650023597 ], [ 31.025052606892821, -23.938233594704187 ], [ 31.025166956590265, -23.938106541183501 ], [ 31.025154250968381, -23.937966780242281 ], [ 31.025154250968381, -23.937788903334766 ], [ 31.02523048380025, -23.937623732049136 ], [ 31.025421066329649, -23.937458560763513 ], [ 31.025459183195228, -23.93726797913348 ], [ 31.025510004783406, -23.93716633505792 ], [ 31.02553299775014, -23.937039875089734 ], [ 31.025572569718772, -23.93704453087998 ], [ 31.026761084956554, -23.936895965575914 ], [ 31.027602950216462, -23.93649979442954 ], [ 31.029039073095216, -23.935756972405919 ], [ 31.027850556958146, -23.933776113976101 ], [ 31.030557052266641, -23.932332649931439 ], [ 31.030298900074659, -23.931890552206788 ], [ 31.030270309727506, -23.93184158861806 ], [ 31.02972685571034, -23.930910896420343 ], [ 31.029125871162524, -23.931204995413772 ], [ 31.028442789303714, -23.931539268921668 ], [ 31.027736298092126, -23.930354842901302 ], [ 31.027700005051731, -23.930293998368946 ], [ 31.026608721815602, -23.928484054295225 ], [ 31.025168301076739, -23.929156552932181 ], [ 31.024351211239875, -23.927656143815593 ], [ 31.027730072085667, -23.926054789396563 ], [ 31.02837904086056, -23.923507022630556 ], [ 31.028996787871971, -23.923574169611864 ], [ 31.029216871761662, -23.923598091578231 ], [ 31.033187461332755, -23.923962365570262 ], [ 31.035955944211885, -23.92423557241327 ], [ 31.03559666775255, -23.927973885985573 ], [ 31.035340143333421, -23.9281261978653 ], [ 31.034899549275291, -23.92836097667734 ] ] ] } },
{ "type": "Feature", "properties": { "Municipali": "Ba-Phalaborwa Local Municipality", "WardNo": "6", "WardLabel": "LIM334_6", "Province": "Limpopo", "CLASSIFICATION": "Mining", "PopGBlack": 7556.3618956, "PopGColour": 24.464916657, "PopGIndian": 15.753150699000001, "PopGWhite": 1.856584329, "PopGOther": 10.0, "PopGTotal": 7608.4365472999998 }, "geometry": { "type": "Polygon", "coordinates": [ [ [ 31.011855122416431, -23.935113192719218 ], [ 31.013885502014755, -23.936103623283177 ], [ 31.014331196128282, -23.935410322428055 ], [ 31.015194759331091, -23.934587880725662 ], [ 31.015371146961286, -23.934419892763458 ], [ 31.015965403680852, -23.934766542741329 ], [ 31.016361575726595, -23.934023720717708 ], [ 31.016768664642598, -23.934199974348957 ], [ 31.017438400562206, -23.934489975131804 ], [ 31.0211651587456, -23.936103623283167 ], [ 31.020075685844724, -23.93818352404999 ], [ 31.023195539243204, -23.939520603692547 ], [ 31.024730705358234, -23.936945487643701 ], [ 31.02553299775014, -23.937039875089734 ], [ 31.025510004783406, -23.93716633505792 ], [ 31.025459183195228, -23.93726797913348 ], [ 31.025421066329649, -23.937458560763513 ], [ 31.02523048380025, -23.937623732049136 ], [ 31.025154250968381, -23.937788903334766 ], [ 31.025154250968381, -23.937966780242281 ], [ 31.025166956590265, -23.938106541183501 ], [ 31.025052606892821, -23.938233594704187 ], [ 31.024989079682754, -23.938360650023597 ], [ 31.024963669338348, -23.938525822208504 ], [ 31.024963669338348, -23.938754519804839 ], [ 31.024976374960232, -23.938957807956033 ], [ 31.025027195649049, -23.939224623317315 ], [ 31.024976374960232, -23.939402500224823 ], [ 31.024862025262699, -23.939567670611087 ], [ 31.024785792430833, -23.939694725930419 ], [ 31.024671442733389, -23.939821781249751 ], [ 31.024620621145207, -23.939898014081617 ], [ 31.02459520990152, -23.940101302232911 ], [ 31.024544388313338, -23.940266472619157 ], [ 31.024468154582184, -23.940380822316701 ], [ 31.024468154582184, -23.940622226434197 ], [ 31.024341100162136, -23.940825513686107 ], [ 31.024214045742081, -23.941079624324782 ], [ 31.024214045742081, -23.941206678744827 ], [ 31.024112401666528, -23.941359144408569 ], [ 31.023985347246477, -23.941498905349789 ], [ 31.023883703170917, -23.941714898223601 ], [ 31.023858291927141, -23.941918186374799 ], [ 31.023845586305253, -23.942134179248512 ], [ 31.023642299053336, -23.942299349634865 ], [ 31.023578770943985, -23.94250263778607 ], [ 31.023591476565873, -23.942680514693585 ], [ 31.023591476565873, -23.942794864391033 ], [ 31.023693120641518, -23.942947330054853 ], [ 31.023743943128977, -23.943112501340483 ], [ 31.023807470338962, -23.943226851037924 ], [ 31.023870996649659, -23.943328494214196 ], [ 31.023870996649659, -23.943493666399199 ], [ 31.023057845843415, -23.943722363995519 ], [ 31.022952232160286, -23.944106781002727 ], [ 31.024230782125386, -23.944174669025308 ], [ 31.024705994686418, -23.944163353755346 ], [ 31.026608739801937, -23.944173528685045 ], [ 31.026821826066929, -23.944174669025298 ], [ 31.026877301646614, -23.944200526332793 ], [ 31.028156949684014, -23.944796972002276 ], [ 31.028379729741257, -23.944407106902073 ], [ 31.02883582631279, -23.943608938801034 ], [ 31.029469443660364, -23.943903117834164 ], [ 31.02912946755141, -23.944559211937662 ], [ 31.028824511042835, -23.945147724687306 ], [ 31.028102951690386, -23.946418725743175 ], [ 31.027649282388971, -23.947141761782483 ], [ 31.027450802013373, -23.947467837070587 ], [ 31.027365738738368, -23.947723026895773 ], [ 31.026713589061345, -23.948885555323699 ], [ 31.026075616297128, -23.949948842664536 ], [ 31.025976376109416, -23.950076437577124 ], [ 31.025721186284233, -23.950048083751614 ], [ 31.025650299921857, -23.95024656412722 ], [ 31.025848781196835, -23.950416689778024 ], [ 31.025423465720834, -23.950941246341014 ], [ 31.02529587080824, -23.950955423253724 ], [ 31.025196630620442, -23.951111371991825 ], [ 31.025196630620442, -23.951324029280141 ], [ 31.025168275895741, -23.951508332742943 ], [ 31.025267516982819, -23.951678459293035 ], [ 31.025437642633634, -23.951862761856557 ], [ 31.025565236646862, -23.952018710594658 ], [ 31.02572118628424, -23.952231368782247 ], [ 31.025763717921741, -23.952373140607548 ], [ 31.025862958109546, -23.95245820388255 ], [ 31.02594802138454, -23.952599974808571 ], [ 31.025933843572556, -23.95282680990897 ], [ 31.025877135022256, -23.952926050096679 ], [ 31.02572118628424, -23.953081998834776 ], [ 31.025678654646651, -23.953167062109873 ], [ 31.02566447773394, -23.953351365572676 ], [ 31.02570700937153, -23.953493138297251 ], [ 31.025678654646651, -23.953564022860984 ], [ 31.025601780598194, -23.953623700073312 ], [ 31.025467396703512, -23.953610262403224 ], [ 31.025077685387405, -23.953529631886557 ], [ 31.024835793837326, -23.953529631886557 ], [ 31.02443264305257, -23.953529631886564 ], [ 31.02412356135375, -23.95352963188656 ], [ 31.023814478755661, -23.953569946695293 ], [ 31.023505396157564, -23.953704329690606 ], [ 31.023371013162254, -23.953798398776733 ], [ 31.023129121612175, -23.953865590724025 ], [ 31.023007553955967, -23.953949169218372 ], [ 31.022914108100114, -23.954013413188072 ], [ 31.022739410296072, -23.954053727996715 ], [ 31.022524395884638, -23.954174673322118 ], [ 31.022215314185914, -23.9543090572168 ], [ 31.021839039640529, -23.954376249164181 ], [ 31.021637463798378, -23.954416563972824 ], [ 31.021395574047034, -23.954416563972831 ], [ 31.021113367688219, -23.954456878781571 ], [ 31.020925231314894, -23.95457782410687 ], [ 31.020629587286074, -23.954671892293621 ], [ 31.020468327152031, -23.954752522810288 ], [ 31.020172683123302, -23.954765961379572 ], [ 31.019809847147286, -23.954765961379568 ], [ 31.019326065845686, -23.954806276188304 ], [ 31.018949792199578, -23.954792837618943 ], [ 31.018506325706898, -23.954792837618943 ], [ 31.018156929199435, -23.954739084240927 ], [ 31.017794093223326, -23.954564386436878 ], [ 31.017390942438574, -23.954550946968237 ], [ 31.01700122932381, -23.954564386436882 ], [ 31.016584639969683, -23.954577824106874 ], [ 31.016275558270877, -23.954470317350843 ], [ 31.016047106189443, -23.954376249164188 ], [ 31.015791776969365, -23.954309057216808 ], [ 31.015334872806598, -23.954268742408154 ], [ 31.015039228777869, -23.954268742408154 ], [ 31.014528571237083, -23.95447031735085 ], [ 31.014394187342319, -23.954591261776883 ], [ 31.014246364878264, -23.954833153326955 ], [ 31.014111981882962, -23.954967536322357 ], [ 31.013950720849547, -23.955128797355687 ], [ 31.013749145906846, -23.955236304111718 ], [ 31.013610249214121, -23.955302733434024 ], [ 31.011733391982887, -23.952750206556434 ], [ 31.011155541595436, -23.951957342656829 ], [ 31.010927090413375, -23.951688575766756 ], [ 31.010658322624014, -23.95146012368533 ], [ 31.010144426624478, -23.951185904205673 ], [ 31.008115551591882, -23.950307734214196 ], [ 31.009150090304882, -23.943082256240736 ], [ 31.009390726401353, -23.941401592409171 ], [ 31.010001837315404, -23.93712381691018 ], [ 31.010810251392499, -23.931464913874233 ], [ 31.012300814731304, -23.931646690242147 ], [ 31.011855122416431, -23.935113192719218 ] ] ] } },
{ "type": "Feature", "properties": { "Municipali": "Ba-Phalaborwa Local Municipality", "WardNo": "7", "WardLabel": "LIM334_7", "Province": "Limpopo", "CLASSIFICATION": "Mining", "PopGBlack": 7960.9345387000003, "PopGColour": 39.343096685, "PopGIndian": 15.15526761, "PopGWhite": 0.94402593, "PopGOther": 8.3807673, "PopGTotal": 8024.7576962000003 }, "geometry": { "type": "Polygon", "coordinates": [ [ [ 31.024351211239875, -23.927656143815593 ], [ 31.025168301076739, -23.929156552932181 ], [ 31.026608721815602, -23.928484054295225 ], [ 31.027700005051731, -23.930293998368946 ], [ 31.027736298092126, -23.930354842901302 ], [ 31.028442789303714, -23.931539268921668 ], [ 31.029125871162524, -23.931204995413772 ], [ 31.02972685571034, -23.930910896420343 ], [ 31.030270309727506, -23.93184158861806 ], [ 31.030298900074659, -23.931890552206788 ], [ 31.030557052266641, -23.932332649931439 ], [ 31.027850556958146, -23.933776113976101 ], [ 31.029039073095216, -23.935756972405919 ], [ 31.027602950216462, -23.93649979442954 ], [ 31.026761084956554, -23.936895965575914 ], [ 31.025572569718772, -23.93704453087998 ], [ 31.02553299775014, -23.937039875089734 ], [ 31.024730705358234, -23.936945487643701 ], [ 31.023195539243204, -23.939520603692547 ], [ 31.020075685844724, -23.93818352404999 ], [ 31.0211651587456, -23.936103623283167 ], [ 31.017438400562206, -23.934489975131804 ], [ 31.016768664642598, -23.934199974348957 ], [ 31.016361575726595, -23.934023720717708 ], [ 31.015965403680852, -23.934766542741329 ], [ 31.015371146961286, -23.934419892763458 ], [ 31.015194759331091, -23.934587880725662 ], [ 31.014331196128282, -23.935410322428055 ], [ 31.013885502014755, -23.936103623283177 ], [ 31.011855122416431, -23.935113192719218 ], [ 31.012300814731304, -23.931646690242147 ], [ 31.010810251392499, -23.931464913874233 ], [ 31.011080718900534, -23.929571641317811 ], [ 31.011086849578902, -23.929568185223118 ], [ 31.011315995936961, -23.92943899581266 ], [ 31.011972058564123, -23.924418201338529 ], [ 31.012430728096071, -23.920908046668579 ], [ 31.013022999112568, -23.916080005687345 ], [ 31.013103142196737, -23.915608436279918 ], [ 31.013323128060303, -23.915639942229141 ], [ 31.016459187242166, -23.91633742673049 ], [ 31.018265857783511, -23.916736873207721 ], [ 31.019044599629009, -23.916909050212098 ], [ 31.024362264807177, -23.918094248750169 ], [ 31.024251227312774, -23.918589562957589 ], [ 31.023272298178487, -23.922366532089359 ], [ 31.025145365666628, -23.922775061719307 ], [ 31.02837904086056, -23.923507022630556 ], [ 31.027730072085667, -23.926054789396563 ], [ 31.024351211239875, -23.927656143815593 ] ] ] } },
{ "type": "Feature", "properties": { "Municipali": "Ba-Phalaborwa Local Municipality", "WardNo": "8", "WardLabel": "LIM334_8", "Province": "Limpopo", "CLASSIFICATION": "Mining", "PopGBlack": 12712.348389000001, "PopGColour": 25.764480036999998, "PopGIndian": 26.496502236000001, "PopGWhite": 8.565630165, "PopGOther": 9.5427518, "PopGTotal": 12782.717753000001 }, "geometry": { "type": "Polygon", "coordinates": [ [ [ 30.983129002801611, -23.912245410696784 ], [ 30.986089657312238, -23.912588171106872 ], [ 30.989214240245339, -23.912930930617602 ], [ 30.991545225432262, -23.913182233572844 ], [ 31.002765689785129, -23.914470869434673 ], [ 31.010230435986305, -23.915292313788882 ], [ 31.013103142196737, -23.915608436279918 ], [ 31.013022999112568, -23.916080005687345 ], [ 31.012430728096071, -23.920908046668579 ], [ 31.011972058564123, -23.924418201338529 ], [ 31.011315995936961, -23.92943899581266 ], [ 31.011086849578902, -23.929568185223118 ], [ 31.011080718900534, -23.929571641317811 ], [ 31.010810251392499, -23.931464913874233 ], [ 31.010001837315404, -23.93712381691018 ], [ 31.009390726401353, -23.941401592409171 ], [ 31.009150090304882, -23.943082256240736 ], [ 31.008115551591882, -23.950307734214196 ], [ 31.007729537388702, -23.950140652768539 ], [ 31.007596861306578, -23.950080658095477 ], [ 31.003079972263414, -23.948038136750188 ], [ 31.002130835869846, -23.947617634445834 ], [ 31.001638245708911, -23.947449432444969 ], [ 31.001001484331514, -23.947365332343878 ], [ 30.99643602020662, -23.948218351895044 ], [ 30.996411991220885, -23.948518711968575 ], [ 30.9963639341487, -23.948843100128546 ], [ 30.996147675075562, -23.949191517274343 ], [ 30.995549864235262, -23.949921579716761 ], [ 30.994551831702111, -23.950968838440772 ], [ 30.992613795390767, -23.952957653172785 ], [ 30.989355523738904, -23.95627516496651 ], [ 30.98891999825975, -23.956869993654955 ], [ 30.98608032594673, -23.964865153703549 ], [ 30.985970307384203, -23.965000562825324 ], [ 30.985801045981891, -23.965051341245992 ], [ 30.985606395818966, -23.964941320884908 ], [ 30.98497166780863, -23.964636652159371 ], [ 30.984336939798389, -23.964154257612577 ], [ 30.983964565612684, -23.964086553950967 ], [ 30.98354987742534, -23.964205036932523 ], [ 30.983109797779367, -23.964221963072756 ], [ 30.983219818140544, -23.963908829928176 ], [ 30.983499098105387, -23.963527993122 ], [ 30.983228280761018, -23.962884801592008 ], [ 30.983211354620792, -23.962597058107409 ], [ 30.982737425392308, -23.962131590600116 ], [ 30.982458143628907, -23.961920015196171 ], [ 30.982187327183816, -23.961860774155024 ], [ 30.981484893713304, -23.961826920975302 ], [ 30.980926332884337, -23.96167458661257 ], [ 30.980029251049476, -23.961471473829093 ], [ 30.979580709682409, -23.961276823666093 ], [ 30.979242187777142, -23.961420695408428 ], [ 30.978768256750101, -23.961886162915729 ], [ 30.97850590292548, -23.962283925862128 ], [ 30.97789656367593, -23.962630911287143 ], [ 30.977464949348359, -23.962893265111763 ], [ 30.977192404406367, -23.963012510718393 ], [ 30.976990399587716, -23.963673612247028 ], [ 30.976770033310842, -23.964169437269412 ], [ 30.976549666134602, -23.964665263190962 ], [ 30.97614566009452, -23.965454912014277 ], [ 30.975815109779926, -23.966116012643536 ], [ 30.975484558565974, -23.966685295189887 ], [ 30.975098916682036, -23.967456578957588 ], [ 30.974805093780475, -23.96811767958685 ], [ 30.97465818322901, -23.968613506407866 ], [ 30.974566363347446, -23.969164423898697 ], [ 30.974474542566512, -23.969770432958786 ], [ 30.974547999191213, -23.970394806175022 ], [ 30.974768366367449, -23.970798813114396 ], [ 30.975062189269018, -23.971129363428986 ], [ 30.975411102840567, -23.97151500531292 ], [ 30.975741654054524, -23.971974102922175 ], [ 30.976108931782218, -23.972469928843754 ], [ 30.976347663114613, -23.972782115901641 ], [ 30.976604757703875, -23.973075938803209 ], [ 30.97689858060544, -23.973351396649335 ], [ 30.977210766763879, -23.973608492137878 ], [ 30.977688229428662, -23.974030863233402 ], [ 30.978257511075729, -23.974232866253402 ], [ 30.978885310708986, -23.974321107732585 ], [ 30.978878000120051, -23.974557997253388 ], [ 30.978864003971101, -23.974994000272503 ], [ 30.978477330564832, -23.980582904577009 ], [ 30.977990639057214, -23.98992738134325 ], [ 30.978053998093991, -24.000780002294928 ], [ 30.978047997817274, -24.000989995791389 ], [ 30.949770002284232, -24.005902001076169 ], [ 30.937851000323793, -24.008673002057108 ], [ 30.934815002410812, -24.009377998595422 ], [ 30.914913996584033, -24.000963001740814 ], [ 30.911872996641861, -23.999676002645081 ], [ 30.901322997558609, -23.995212991985742 ], [ 30.901194002401656, -23.995160997681687 ], [ 30.913808003137127, -23.939225996582216 ], [ 30.913845717106494, -23.93832105737058 ], [ 30.914354002235758, -23.92612499587155 ], [ 30.935116999250464, -23.921821996187841 ], [ 30.954824997975631, -23.91773499927049 ], [ 30.980139001613988, -23.912226997077884 ], [ 30.980108737628544, -23.912329858835573 ], [ 30.980625362171153, -23.912240442841767 ], [ 30.981161856335003, -23.912180833078597 ], [ 30.981623838070096, -23.912151027747413 ], [ 30.981994883957089, -23.912151027747413 ], [ 30.982016273432702, -23.912151027747417 ], [ 30.982428579315915, -23.912165930413003 ], [ 30.983129002801611, -23.912245410696784 ] ] ] } },
{ "type": "Feature", "properties": { "Municipali": "Ba-Phalaborwa Local Municipality", "WardNo": "9", "WardLabel": "LIM334_9", "Province": "Limpopo", "CLASSIFICATION": "Mining", "PopGBlack": 10050.997929, "PopGColour": 15.224916347000001, "PopGIndian": 20.259469365000001, "PopGWhite": 11.089494378, "PopGOther": 4.2806233, "PopGTotal": 10101.852433 }, "geometry": { "type": "Polygon", "coordinates": [ [ [ 31.011733391982887, -23.952750206556434 ], [ 31.013610249214121, -23.955302733434024 ], [ 31.013749145906846, -23.955236304111718 ], [ 31.013950720849547, -23.955128797355687 ], [ 31.014111981882962, -23.954967536322357 ], [ 31.014246364878264, -23.954833153326955 ], [ 31.014394187342319, -23.954591261776883 ], [ 31.014528571237083, -23.95447031735085 ], [ 31.015039228777869, -23.954268742408154 ], [ 31.015334872806598, -23.954268742408154 ], [ 31.015791776969365, -23.954309057216808 ], [ 31.016047106189443, -23.954376249164188 ], [ 31.016275558270877, -23.954470317350843 ], [ 31.016584639969683, -23.954577824106874 ], [ 31.01700122932381, -23.954564386436882 ], [ 31.017390942438574, -23.954550946968237 ], [ 31.017794093223326, -23.954564386436878 ], [ 31.018156929199435, -23.954739084240927 ], [ 31.018506325706898, -23.954792837618943 ], [ 31.018949792199578, -23.954792837618943 ], [ 31.019326065845686, -23.954806276188304 ], [ 31.019809847147286, -23.954765961379568 ], [ 31.020172683123302, -23.954765961379572 ], [ 31.020468327152031, -23.954752522810288 ], [ 31.020629587286074, -23.954671892293621 ], [ 31.020925231314894, -23.95457782410687 ], [ 31.021113367688219, -23.954456878781571 ], [ 31.021395574047034, -23.954416563972831 ], [ 31.021637463798378, -23.954416563972824 ], [ 31.021839039640529, -23.954376249164181 ], [ 31.022215314185914, -23.9543090572168 ], [ 31.022524395884638, -23.954174673322118 ], [ 31.022739410296072, -23.954053727996715 ], [ 31.022914108100114, -23.954013413188072 ], [ 31.023007553955967, -23.953949169218372 ], [ 31.023129121612175, -23.953865590724025 ], [ 31.023371013162254, -23.953798398776733 ], [ 31.023505396157564, -23.953704329690606 ], [ 31.023814478755661, -23.953569946695293 ], [ 31.02412356135375, -23.95352963188656 ], [ 31.02443264305257, -23.953529631886564 ], [ 31.024835793837326, -23.953529631886557 ], [ 31.025077685387405, -23.953529631886557 ], [ 31.025467396703512, -23.953610262403224 ], [ 31.025601780598194, -23.953623700073312 ], [ 31.025548027220175, -23.953825275915374 ], [ 31.025548027220175, -23.953946221240773 ], [ 31.025588342028822, -23.954120919944103 ], [ 31.025655533976206, -23.95424186526941 ], [ 31.025809372904735, -23.954345993272515 ], [ 31.025936391351877, -23.954413031435891 ], [ 31.026088991914015, -23.954440776420242 ], [ 31.026199975449003, -23.954510141129692 ], [ 31.026248529846303, -23.954579504939758 ], [ 31.02628321220098, -23.954676614633652 ], [ 31.026359511582726, -23.954794533740301 ], [ 31.026519050414386, -23.954884706963238 ], [ 31.026657778034529, -23.954822278724741 ], [ 31.026803443024999, -23.954801470211265 ], [ 31.0269005527188, -23.954856961978795 ], [ 31.026976853899196, -23.954974881085455 ], [ 31.027108645947763, -23.955148291060357 ], [ 31.02739303855838, -23.955349446918998 ], [ 31.02756644943257, -23.955446556612884 ], [ 31.027698240581856, -23.955585286031681 ], [ 31.027947951737072, -23.955807251303177 ], [ 31.028169917907945, -23.955973724807134 ], [ 31.028419629063162, -23.956126326268475 ], [ 31.028704021673782, -23.956313610084575 ], [ 31.028912114902738, -23.956473147117674 ], [ 31.029057779893115, -23.956639622420191 ], [ 31.029238127238269, -23.956743667685654 ], [ 31.029460091610481, -23.956854651220731 ], [ 31.029793040416962, -23.956986443269294 ], [ 31.029994196275688, -23.957055807079371 ], [ 31.030174542721472, -23.957111297947627 ], [ 31.030327145082172, -23.957152916773257 ], [ 31.030521363570575, -23.957229217054365 ], [ 31.030778012096121, -23.95732632674817 ], [ 31.031048531764831, -23.957423437341337 ], [ 31.031221942639021, -23.957465056166964 ], [ 31.031409225555844, -23.957465056166967 ], [ 31.031589572900987, -23.957458118796726 ], [ 31.031804601701534, -23.957395690558325 ], [ 31.032012694930405, -23.957333264118393 ], [ 31.032241596672851, -23.957340199690073 ], [ 31.032408071076183, -23.95734713616103 ], [ 31.032532925754424, -23.957395690558325 ], [ 31.032803447221781, -23.95750667409331 ], [ 31.03294217484202, -23.957596848215527 ], [ 31.033087839832401, -23.957721702893849 ], [ 31.03319188599724, -23.95779106670393 ], [ 31.03328899569113, -23.957908985810668 ], [ 31.033406914797791, -23.958054650801049 ], [ 31.033510961861911, -23.958144824923352 ], [ 31.033566452730078, -23.958207253161845 ], [ 31.033615008026661, -23.958304361956358 ], [ 31.033774545959034, -23.958359853723898 ], [ 31.033968765346721, -23.958359853723891 ], [ 31.034169921205443, -23.958311299326596 ], [ 31.034287841211469, -23.958207253161845 ], [ 31.034336395608687, -23.958130951981452 ], [ 31.034329459137734, -23.958054650801053 ], [ 31.03432252266678, -23.957985286990976 ], [ 31.034329459137734, -23.957908985810668 ], [ 31.03441269588971, -23.95788817729709 ], [ 31.034620789118581, -23.957881240826229 ], [ 31.034773389680723, -23.957874304355272 ], [ 31.035085529074433, -23.957929796122812 ], [ 31.035272811991256, -23.957978351419388 ], [ 31.035452278900056, -23.958026885132263 ], [ 31.035656601271612, -23.958121188042018 ], [ 31.035845207091192, -23.958152622045407 ], [ 31.036033812011318, -23.958278358958651 ], [ 31.036175266375988, -23.958466963878866 ], [ 31.036568192768396, -23.958954194080373 ], [ 31.03678823259138, -23.95912708244844 ], [ 31.036898252053273, -23.959347122271428 ], [ 31.037086856973399, -23.959708614660428 ], [ 31.037338330799873, -23.960007239941735 ], [ 31.037605522077687, -23.960242997216142 ], [ 31.037731258091643, -23.960510186695309 ], [ 31.037919863911142, -23.96073022741766 ], [ 31.038139902834757, -23.960950266341278 ], [ 31.038249923195931, -23.961154587813546 ], [ 31.038359941758458, -23.961280324726786 ], [ 31.038485678671698, -23.961390345087967 ], [ 31.038517112675098, -23.961626100563642 ], [ 31.03861141558485, -23.96181470638323 ], [ 31.038737153397456, -23.962081896761667 ], [ 31.038815737956494, -23.962396238595119 ], [ 31.038925758317582, -23.962663429873025 ], [ 31.038988626324564, -23.962883468796555 ], [ 31.039130079789853, -23.962993489157817 ], [ 31.039302968158012, -23.963072073716766 ], [ 31.039523007980996, -23.963166376626514 ], [ 31.039680178897637, -23.963354982446095 ], [ 31.039743046904611, -23.963590738821146 ], [ 31.039727330352555, -23.963842211748247 ], [ 31.03964874489423, -23.964109403026157 ], [ 31.039633028342173, -23.964313725397702 ], [ 31.039617309991378, -23.964549481772753 ], [ 31.039633028342173, -23.964753804144308 ], [ 31.039680178897637, -23.964910975061027 ], [ 31.03966446234557, -23.965162448887416 ], [ 31.039617309991378, -23.965382487811119 ], [ 31.03964874489423, -23.965571092731334 ], [ 31.039884501269281, -23.965696829644568 ], [ 31.040073106189496, -23.965854000561297 ], [ 31.0401831256513, -23.965995454925871 ], [ 31.040403164574919, -23.966089756936341 ], [ 31.040591771293702, -23.966215493849578 ], [ 31.040654639300676, -23.966372664766208 ], [ 31.040858960772951, -23.966608422040618 ], [ 31.041016131689677, -23.96685989496773 ], [ 31.041236172411939, -23.967064218238654 ], [ 31.041424777332153, -23.967205671703951 ], [ 31.041597664800939, -23.967331407717818 ], [ 31.04169196771069, -23.967520014436683 ], [ 31.041566230797454, -23.967582882443661 ], [ 31.04145621133565, -23.967724335908954 ], [ 31.041597664800939, -23.967865790273539 ], [ 31.041652902060335, -23.968064404648079 ], [ 31.041832715208169, -23.968370086909541 ], [ 31.041994547311006, -23.968558890579931 ], [ 31.042057480968484, -23.9687656761946 ], [ 31.042102433580968, -23.96898145143237 ], [ 31.042111425002794, -23.969143282636008 ], [ 31.042111425002787, -23.969287132794463 ], [ 31.0420754620135, -23.969502908931677 ], [ 31.041976565366806, -23.969700703124527 ], [ 31.041967574844257, -23.969934460306675 ], [ 31.042021518878563, -23.970105282032684 ], [ 31.042021518878563, -23.970267114135517 ], [ 31.042003536934274, -23.970482889373365 ], [ 31.041940603276789, -23.970662701622011 ], [ 31.041940603276789, -23.970842514769856 ], [ 31.042003536934274, -23.971049300384436 ], [ 31.042210321649581, -23.97127406614484 ], [ 31.042471051298566, -23.971642682963068 ], [ 31.042605910934554, -23.971939373802609 ], [ 31.0427677421381, -23.972227075019063 ], [ 31.042956545808487, -23.972505784813677 ], [ 31.043109387388856, -23.972856419687616 ], [ 31.043190302990634, -23.973108157914766 ], [ 31.043235255603111, -23.973314942630068 ], [ 31.043298190159877, -23.97347677473299 ], [ 31.04335213419418, -23.973656587880829 ], [ 31.043460022262707, -23.97379144841619 ], [ 31.043657815556276, -23.973971259765374 ], [ 31.043801666614186, -23.974106120300736 ], [ 31.043990470284573, -23.974151072913209 ], [ 31.044215236044888, -23.974160064335134 ], [ 31.044413031137015, -23.974133091868207 ], [ 31.044601833908033, -23.974133091868204 ], [ 31.044745684965942, -23.974133091868207 ], [ 31.044889535124486, -23.974169054857594 ], [ 31.045087329317333, -23.974178045380054 ], [ 31.045260798647522, -23.974164814554101 ], [ 31.045571743741551, -23.974181181316006 ], [ 31.04578449635796, -23.974148449590857 ], [ 31.045915420560821, -23.974082987939113 ], [ 31.04611180731461, -23.973952062836968 ], [ 31.046324559031742, -23.973919332011096 ], [ 31.046455483234521, -23.973886601185235 ], [ 31.04661913916253, -23.973902967047845 ], [ 31.046766428328546, -23.973902967047845 ], [ 31.047044642596703, -23.973804773670953 ], [ 31.047371952654071, -23.973837505396105 ], [ 31.047535608582077, -23.973952062836968 ], [ 31.047715630372537, -23.974066622076492 ], [ 31.047928382089669, -23.974164814554097 ], [ 31.048108402081649, -23.974181181316006 ], [ 31.048321153798781, -23.974181181316002 ], [ 31.048664830618051, -23.974082987939106 ], [ 31.048926679023584, -23.974033891250706 ], [ 31.049139430740716, -23.974033891250706 ], [ 31.049352183357129, -23.974115718764981 ], [ 31.049515839285146, -23.974263008830363 ], [ 31.049712225139654, -23.97442666385901 ], [ 31.049990439407814, -23.974541223098527 ], [ 31.049826784379174, -23.97504855404706 ], [ 31.049614031762676, -23.975588616720842 ], [ 31.049466741697373, -23.976161411119779 ], [ 31.049041238263108, -23.977176073916233 ], [ 31.048763023994955, -23.977912523343807 ], [ 31.048484809726705, -23.978714435322491 ], [ 31.048255692147041, -23.979434517988164 ], [ 31.047846553676113, -23.980138235690589 ], [ 31.047519242719464, -23.980891050980787 ], [ 31.046718192291255, -23.982675338295838 ], [ 31.046578911588103, -23.98303050125622 ], [ 31.046410259026771, -23.983353751773766 ], [ 31.046115117719108, -23.983915926978028 ], [ 31.045791867201466, -23.98429539501608 ], [ 31.045299964122574, -23.984815407304776 ], [ 31.0447377889184, -23.985349473299145 ], [ 31.044386430090238, -23.985813267168144 ], [ 31.043739928155762, -23.986291115641997 ], [ 31.04314964464098, -23.986698692889945 ], [ 31.042671796167038, -23.987021943407502 ], [ 31.042193946793724, -23.987288977304011 ], [ 31.041505282843147, -23.987584117712391 ], [ 31.041125814805088, -23.987668445342074 ], [ 31.040760401371973, -23.987837097004043 ], [ 31.040366878729053, -23.987949532044787 ], [ 31.039874975650161, -23.988090076295514 ], [ 31.039495507612191, -23.988300890872949 ], [ 31.038933333307217, -23.988525760954627 ], [ 31.038413321018517, -23.98861008768494 ], [ 31.038005743770565, -23.988638195995545 ], [ 31.037654384942488, -23.988708468120905 ], [ 31.037246807694626, -23.988877120682162 ], [ 31.0368251767411, -23.988989555722995 ], [ 31.036291110746731, -23.988933338202578 ], [ 31.035981913934755, -23.988933338202575 ], [ 31.035461903444617, -23.988877120682162 ], [ 31.035068379902331, -23.988834957766684 ], [ 31.034660802654468, -23.988778740246271 ], [ 31.034281334616498, -23.988778740246278 ], [ 31.03394403039319, -23.988778740246268 ], [ 31.033550507750277, -23.988877120682169 ], [ 31.033072659276321, -23.988891175287108 ], [ 31.032861842900232, -23.988722522725855 ], [ 31.032622919112992, -23.988596033079983 ], [ 31.032341832410189, -23.98861008768494 ], [ 31.0319764180778, -23.988610087684947 ], [ 31.031596950039742, -23.988652250600502 ], [ 31.031231535707345, -23.988638195995549 ], [ 31.030992611920013, -23.98853981555958 ], [ 31.030697469712983, -23.988286837167387 ], [ 31.030289893364397, -23.988019804170168 ], [ 31.029671500639719, -23.987499791881465 ], [ 31.029422501747554, -23.98725857482296 ], [ 31.029221761375762, -23.987064107222359 ], [ 31.028912564563782, -23.986656529974507 ], [ 31.028603367751717, -23.986305170246961 ], [ 31.02859491232585, -23.986294298342784 ], [ 31.0285049882152, -23.986178680601267 ], [ 31.027677000393776, -23.985125998066 ], [ 31.02615300475787, -23.983166996759046 ], [ 31.024303003081656, -23.981643002022516 ], [ 31.023818540993432, -23.981307474859658 ], [ 31.022887998083142, -23.980663002695053 ], [ 31.021037996406932, -23.979901000830072 ], [ 31.019186997382565, -23.979683004266871 ], [ 31.017337002900867, -23.980118999192097 ], [ 31.015159996936827, -23.981315997734704 ], [ 31.01200299883984, -23.982512989082792 ], [ 31.011520758077051, -23.982719845743834 ], [ 31.010967195680056, -23.982957296441693 ], [ 31.008955997721571, -23.983819999892688 ], [ 31.005908000154601, -23.985125998066032 ], [ 31.00300319174443, -23.985889965848841 ], [ 31.000743000289727, -23.986253002373775 ], [ 31.000725242276626, -23.986248557024886 ], [ 30.9999559990706, -23.98605599778567 ], [ 30.995844001899648, -23.985125998066035 ], [ 30.99523600263991, -23.984982002217276 ], [ 30.992657003318516, -23.984517002357425 ], [ 30.991743998986816, -23.98426600067506 ], [ 30.990848996384479, -23.984050996156157 ], [ 30.989093997290606, -23.983066999342174 ], [ 30.988556137955836, -23.982881633779986 ], [ 30.988200996579177, -23.982659671206505 ], [ 30.987868053168555, -23.982326726896524 ], [ 30.987409433099256, -23.981819977809383 ], [ 30.987290158714313, -23.981263364912014 ], [ 30.987250400585967, -23.980507962272291 ], [ 30.987091368072672, -23.979673041577204 ], [ 30.98661427233127, -23.979116428679838 ], [ 30.986296207304594, -23.978400784168453 ], [ 30.985898626021232, -23.977605623400382 ], [ 30.985342013123855, -23.977049009603725 ], [ 30.984785401125762, -23.976651429219739 ], [ 30.983910723201713, -23.976253848835658 ], [ 30.983075804305383, -23.975975541937327 ], [ 30.982240883610313, -23.975736994066718 ], [ 30.981604755355619, -23.975418929039961 ], [ 30.981405964713897, -23.975180381169253 ], [ 30.981008384329897, -23.97506110678431 ], [ 30.980571045817562, -23.974941832399278 ], [ 30.980252980790883, -23.97466352640032 ], [ 30.980014432920182, -23.974385218602624 ], [ 30.979577094407844, -23.974186428860264 ], [ 30.979179513124482, -23.974265945116958 ], [ 30.978885310708986, -23.974321107732585 ], [ 30.978257511075729, -23.974232866253402 ], [ 30.977688229428662, -23.974030863233402 ], [ 30.977210766763879, -23.973608492137878 ], [ 30.97689858060544, -23.973351396649335 ], [ 30.976604757703875, -23.973075938803209 ], [ 30.976347663114613, -23.972782115901641 ], [ 30.976108931782218, -23.972469928843754 ], [ 30.975741654054524, -23.971974102922175 ], [ 30.975411102840567, -23.97151500531292 ], [ 30.975062189269018, -23.971129363428986 ], [ 30.974768366367449, -23.970798813114396 ], [ 30.974547999191213, -23.970394806175022 ], [ 30.974474542566512, -23.969770432958786 ], [ 30.974566363347446, -23.969164423898697 ], [ 30.97465818322901, -23.968613506407866 ], [ 30.974805093780475, -23.96811767958685 ], [ 30.975098916682036, -23.967456578957588 ], [ 30.975484558565974, -23.966685295189887 ], [ 30.975815109779926, -23.966116012643536 ], [ 30.97614566009452, -23.965454912014277 ], [ 30.976549666134602, -23.964665263190962 ], [ 30.976770033310842, -23.964169437269412 ], [ 30.976990399587716, -23.963673612247028 ], [ 30.977192404406367, -23.963012510718393 ], [ 30.977464949348359, -23.962893265111763 ], [ 30.97789656367593, -23.962630911287143 ], [ 30.97850590292548, -23.962283925862128 ], [ 30.978768256750101, -23.961886162915729 ], [ 30.979242187777142, -23.961420695408428 ], [ 30.979580709682409, -23.961276823666093 ], [ 30.980029251049476, -23.961471473829093 ], [ 30.980926332884337, -23.96167458661257 ], [ 30.981484893713304, -23.961826920975302 ], [ 30.982187327183816, -23.961860774155024 ], [ 30.982458143628907, -23.961920015196171 ], [ 30.982737425392308, -23.962131590600116 ], [ 30.983211354620792, -23.962597058107409 ], [ 30.983228280761018, -23.962884801592008 ], [ 30.983499098105387, -23.963527993122 ], [ 30.983219818140544, -23.963908829928176 ], [ 30.983109797779367, -23.964221963072756 ], [ 30.98354987742534, -23.964205036932523 ], [ 30.983964565612684, -23.964086553950967 ], [ 30.984336939798389, -23.964154257612577 ], [ 30.98497166780863, -23.964636652159371 ], [ 30.985606395818966, -23.964941320884908 ], [ 30.985801045981891, -23.965051341245992 ], [ 30.985970307384203, -23.965000562825324 ], [ 30.98608032594673, -23.964865153703549 ], [ 30.98891999825975, -23.956869993654955 ], [ 30.989355523738904, -23.95627516496651 ], [ 30.992613795390767, -23.952957653172785 ], [ 30.994551831702111, -23.950968838440772 ], [ 30.995549864235262, -23.949921579716761 ], [ 30.996147675075562, -23.949191517274343 ], [ 30.9963639341487, -23.948843100128546 ], [ 30.996411991220885, -23.948518711968575 ], [ 30.99643602020662, -23.948218351895044 ], [ 31.001001484331514, -23.947365332343878 ], [ 31.001638245708911, -23.947449432444969 ], [ 31.002130835869846, -23.947617634445834 ], [ 31.003079972263414, -23.948038136750188 ], [ 31.007596861306578, -23.950080658095477 ], [ 31.007729537388702, -23.950140652768539 ], [ 31.008115551591882, -23.950307734214196 ], [ 31.010144426624478, -23.951185904205673 ], [ 31.010658322624014, -23.95146012368533 ], [ 31.010927090413375, -23.951688575766756 ], [ 31.011155541595436, -23.951957342656829 ], [ 31.011733391982887, -23.952750206556434 ] ] ] } },
{ "type": "Feature", "properties": { "Municipali": "Ba-Phalaborwa Local Municipality", "WardNo": "10", "WardLabel": "LIM334_10", "Province": "Limpopo", "CLASSIFICATION": "Mining", "PopGBlack": 7882.7815210999988, "PopGColour": 14.200843356, "PopGIndian": 16.288098726000001, "PopGWhite": 492.34155181, "PopGOther": 2.9948434, "PopGTotal": 8408.6068584000004 }, "geometry": { "type": "Polygon", "coordinates": [ [ [ 31.000725242276626, -23.986248557024886 ], [ 31.000743000289727, -23.986253002373775 ], [ 31.00300319174443, -23.985889965848841 ], [ 31.005908000154601, -23.985125998066032 ], [ 31.008955997721571, -23.983819999892688 ], [ 31.010967195680056, -23.982957296441693 ], [ 31.011520758077051, -23.982719845743834 ], [ 31.01200299883984, -23.982512989082792 ], [ 31.015159996936827, -23.981315997734704 ], [ 31.017337002900867, -23.980118999192097 ], [ 31.019186997382565, -23.979683004266871 ], [ 31.021037996406932, -23.979901000830072 ], [ 31.022887998083142, -23.980663002695053 ], [ 31.023818540993432, -23.981307474859658 ], [ 31.024303003081656, -23.981643002022516 ], [ 31.02615300475787, -23.983166996759046 ], [ 31.027677000393776, -23.985125998066 ], [ 31.0285049882152, -23.986178680601267 ], [ 31.02859491232585, -23.986294298342784 ], [ 31.028603367751717, -23.986305170246961 ], [ 31.028912564563782, -23.986656529974507 ], [ 31.029221761375762, -23.987064107222359 ], [ 31.029422501747554, -23.98725857482296 ], [ 31.029671500639719, -23.987499791881465 ], [ 31.030289893364397, -23.988019804170168 ], [ 31.030697469712983, -23.988286837167387 ], [ 31.030992611920013, -23.98853981555958 ], [ 31.031231535707345, -23.988638195995549 ], [ 31.031596950039742, -23.988652250600502 ], [ 31.0319764180778, -23.988610087684947 ], [ 31.032341832410189, -23.98861008768494 ], [ 31.032622919112992, -23.988596033079983 ], [ 31.032861842900232, -23.988722522725855 ], [ 31.033072659276321, -23.988891175287108 ], [ 31.033550507750277, -23.988877120682169 ], [ 31.03394403039319, -23.988778740246268 ], [ 31.034281334616498, -23.988778740246278 ], [ 31.034660802654468, -23.988778740246271 ], [ 31.035068379902331, -23.988834957766684 ], [ 31.035461903444617, -23.988877120682162 ], [ 31.035981913934755, -23.988933338202575 ], [ 31.036291110746731, -23.988933338202578 ], [ 31.0368251767411, -23.988989555722995 ], [ 31.037246807694626, -23.988877120682162 ], [ 31.037654384942488, -23.988708468120905 ], [ 31.038005743770565, -23.988638195995545 ], [ 31.038413321018517, -23.98861008768494 ], [ 31.038933333307217, -23.988525760954627 ], [ 31.039495507612191, -23.988300890872949 ], [ 31.039874975650161, -23.988090076295514 ], [ 31.040366878729053, -23.987949532044787 ], [ 31.040760401371973, -23.987837097004043 ], [ 31.041125814805088, -23.987668445342074 ], [ 31.041505282843147, -23.987584117712391 ], [ 31.042193946793724, -23.987288977304011 ], [ 31.042671796167038, -23.987021943407502 ], [ 31.04314964464098, -23.986698692889945 ], [ 31.043739928155762, -23.986291115641997 ], [ 31.044386430090238, -23.985813267168144 ], [ 31.0447377889184, -23.985349473299145 ], [ 31.045299964122574, -23.984815407304776 ], [ 31.045791867201466, -23.98429539501608 ], [ 31.046115117719108, -23.983915926978028 ], [ 31.046410259026771, -23.983353751773766 ], [ 31.046578911588103, -23.98303050125622 ], [ 31.046718192291255, -23.982675338295838 ], [ 31.078191996164321, -23.984294001066811 ], [ 31.078209997893673, -23.984387008952829 ], [ 31.078230002413314, -23.984439003256888 ], [ 31.078252000729908, -23.984492998552501 ], [ 31.078292001675131, -23.984598998044799 ], [ 31.078320999415251, -23.984747996822115 ], [ 31.078348001559593, -23.984855999104614 ], [ 31.078376999299714, -23.985004997881834 ], [ 31.078417996693819, -23.985110989280248 ], [ 31.078459003081171, -23.985215997719614 ], [ 31.078487999921919, -23.985366002838258 ], [ 31.078530003657342, -23.985472001431265 ], [ 31.078584998099853, -23.985574998986557 ], [ 31.078640997984312, -23.985677000093041 ], [ 31.078671000267111, -23.985733997325667 ], [ 31.078695999621338, -23.98577999764824 ], [ 31.078751002157649, -23.985882997002175 ], [ 31.078792996899914, -23.985989002789704 ], [ 31.078825002872179, -23.986148997577697 ], [ 31.078863001027297, -23.986243002811872 ], [ 31.078903001073325, -23.98634900230417 ], [ 31.078933004255397, -23.98649800917536 ], [ 31.078959000957784, -23.986606003363889 ], [ 31.078987997798542, -23.986756000388645 ], [ 31.079014999942881, -23.98686400087249 ], [ 31.079043000334845, -23.987013001448368 ], [ 31.079085004070354, -23.987118999142012 ], [ 31.079141003055444, -23.987221988603412 ], [ 31.079196004692562, -23.987323997803792 ], [ 31.079237002985941, -23.987429996396724 ], [ 31.079265003377813, -23.987579004167284 ], [ 31.079307007113325, -23.987685001860843 ], [ 31.079362998004623, -23.987788001214774 ], [ 31.07941800773553, -23.987890998770059 ], [ 31.079458998834401, -23.987996997363073 ], [ 31.079488003769033, -23.988145997039677 ], [ 31.079529010156296, -23.988250998284435 ], [ 31.079585001047601, -23.988353995839809 ], [ 31.079626000240346, -23.988460001627335 ], [ 31.079653998833571, -23.988609010297097 ], [ 31.079681001877372, -23.988717002687046 ], [ 31.079709998718119, -23.988866999711814 ], [ 31.079727003099315, -23.988911996391082 ], [ 31.079752001554265, -23.988972000956579 ], [ 31.079793000747021, -23.989078000448874 ], [ 31.079821997587768, -23.98922699922619 ], [ 31.079857003698407, -23.989334003261156 ], [ 31.079905996964825, -23.989489003214466 ], [ 31.079932001761097, -23.989639000239141 ], [ 31.079957999362858, -23.989747000723071 ], [ 31.079986996203608, -23.989896001298948 ], [ 31.080028001691506, -23.990001998992597 ], [ 31.080084998924214, -23.990104998346535 ], [ 31.08014000056124, -23.99020900134386 ], [ 31.080195003097543, -23.990311001550985 ], [ 31.080251002982095, -23.990414000005639 ], [ 31.080301999038625, -23.990509002587878 ], [ 31.080361996409696, -23.990619996914855 ], [ 31.080472007777534, -23.990826001018583 ], [ 31.080528996916367, -23.990929996821396 ], [ 31.080584000351948, -23.991031997028522 ], [ 31.080639999337134, -23.991135002677684 ], [ 31.080695000974153, -23.991236995690304 ], [ 31.080751000858704, -23.991340002238832 ], [ 31.080806999843801, -23.99144398994768 ], [ 31.080860996938153, -23.991545999148062 ], [ 31.080918002264657, -23.991648996703343 ], [ 31.080971997560269, -23.991752003251879 ], [ 31.081012995853737, -23.991858001844889 ], [ 31.081041993593772, -23.992007000622113 ], [ 31.081064000903613, -23.992063001405857 ], [ 31.08108399732928, -23.992113000114411 ], [ 31.081139997213743, -23.992215997669607 ], [ 31.081194998850769, -23.992320001566299 ], [ 31.081250001387073, -23.992422001773519 ], [ 31.081306000372251, -23.992525001127365 ], [ 31.081361002009285, -23.992627998682735 ], [ 31.081402001202029, -23.992732999927505 ], [ 31.08143099804278, -23.992881998704821 ], [ 31.081472004430047, -23.992988006290989 ], [ 31.081584003299785, -23.993194002300847 ], [ 31.081638000394047, -23.993296999856216 ], [ 31.081678997788146, -23.993402001100986 ], [ 31.081708002722777, -23.99355200621962 ], [ 31.081736999563532, -23.993622002253122 ], [ 31.081749999263689, -23.993656999370508 ], [ 31.081805998248875, -23.993759997825155 ], [ 31.081860999885894, -23.993863004373683 ], [ 31.081916999770357, -23.993966999277127 ], [ 31.081972998755543, -23.994069000383547 ], [ 31.082013997048922, -23.994174998976561 ], [ 31.082041997440882, -23.994323997753785 ], [ 31.082068998685948, -23.994432000036273 ], [ 31.082097997325345, -23.994580998813596 ], [ 31.082124998570499, -23.994689998444159 ], [ 31.082153996310531, -23.994838997221471 ], [ 31.082180001106803, -23.994946998604608 ], [ 31.08220800059939, -23.995095998281201 ], [ 31.082236998339422, -23.99520900169361 ], [ 31.082263999584573, -23.995353995789802 ], [ 31.082291002628285, -23.995461998072297 ], [ 31.082320996817199, -23.995765996802838 ], [ 31.082345997070711, -23.995873998185971 ], [ 31.082361005856392, -23.996077002151431 ], [ 31.082375999353591, -23.996229001966384 ], [ 31.082418003089014, -23.996335000559313 ], [ 31.082472996632152, -23.99643799901396 ], [ 31.082514003019508, -23.996543000258821 ], [ 31.08254299986017, -23.996691999036045 ], [ 31.082583008899363, -23.996796993086303 ], [ 31.082623999098949, -23.996903996221981 ], [ 31.08262654957629, -23.996931203411815 ], [ 31.082630000274953, -23.996967999173275 ], [ 31.08263899979066, -23.997054998688789 ], [ 31.082639998038108, -23.99721000673598 ], [ 31.082639998038108, -23.997723999862263 ], [ 31.082623999098956, -23.997926996633122 ], [ 31.082598999744725, -23.998034998016252 ], [ 31.082573003042338, -23.998185003134882 ], [ 31.082524999030184, -23.998340003088202 ], [ 31.08248199794652, -23.998446999029287 ], [ 31.082428998200328, -23.998651997691073 ], [ 31.082404996194256, -23.998803000157867 ], [ 31.082370996425038, -23.998911000641701 ], [ 31.082301001290812, -23.999112002716245 ], [ 31.082266999722943, -23.99922000409946 ], [ 31.08226000209806, -23.999258998703365 ], [ 31.082239001129629, -23.999369002876691 ], [ 31.082211998085917, -23.999478001607976 ], [ 31.082186001383526, -23.999627998632732 ], [ 31.082155000853295, -23.999785998724327 ], [ 31.082143000299858, -23.999937999438643 ], [ 31.082143000299858, -24.000092999391875 ], [ 31.082127998708867, -24.00024499920692 ], [ 31.082102002006469, -24.000352999690676 ], [ 31.082095993635868, -24.000424001166227 ], [ 31.082087997763555, -24.000505000404914 ], [ 31.082071999723681, -24.000662999597214 ], [ 31.08204700036945, -24.000765000703716 ], [ 31.082038997302529, -24.000851002871059 ], [ 31.082031998778369, -24.000917001417953 ], [ 31.082028998640009, -24.000955996021943 ], [ 31.082019998225018, -24.001069997681704 ], [ 31.081988997694697, -24.00122799777338 ], [ 31.081963000992399, -24.001378002892011 ], [ 31.081929001223084, -24.001478997657102 ], [ 31.081861998133341, -24.0016360012999 ], [ 31.08181100117735, -24.00174100164547 ], [ 31.081770002883971, -24.001847001137765 ], [ 31.081740997949339, -24.001996008008881 ], [ 31.081699999655953, -24.002101001159762 ], [ 31.081649002699962, -24.002206002404613 ], [ 31.081584999748578, -24.002356996777532 ], [ 31.081538999425913, -24.002464000812488 ], [ 31.081491002608281, -24.002618003417656 ], [ 31.081464997812013, -24.002768000442408 ], [ 31.081424000417915, -24.002873999035334 ], [ 31.081367999634168, -24.002976996590622 ], [ 31.081312997997141, -24.003080003139157 ], [ 31.081271999703674, -24.003186000832802 ], [ 31.081243002862923, -24.003335001408679 ], [ 31.081207000303504, -24.003441997349857 ], [ 31.081142997352117, -24.003593997164725 ], [ 31.081105997444535, -24.003701000300403 ], [ 31.081076998805134, -24.003849999977088 ], [ 31.081063002656094, -24.003909997347989 ], [ 31.081051002102743, -24.003958001360218 ], [ 31.081021997168111, -24.004107009130692 ], [ 31.080940000581172, -24.004318998222661 ], [ 31.080911003740418, -24.004467996999981 ], [ 31.080884998944235, -24.00457599928248 ], [ 31.080856002103488, -24.004726002602464 ], [ 31.080828001711613, -24.00484400264811 ], [ 31.080815002910732, -24.004985996605949 ], [ 31.080815002910732, -24.00529499916442 ], [ 31.080800999567096, -24.005446000731844 ], [ 31.080773997422753, -24.005555000362499 ], [ 31.080760001273713, -24.005707000177459 ], [ 31.080775002864698, -24.00585800174489 ], [ 31.080798996776895, -24.005957002713018 ], [ 31.080877003071915, -24.006038001951712 ], [ 31.080897000396867, -24.006166997108764 ], [ 31.080952002033886, -24.006426998306843 ], [ 31.081169998597268, -24.006842995907029 ], [ 31.081268999565314, -24.007126001763112 ], [ 31.081374998158335, -24.007470002338252 ], [ 31.08146400136323, -24.007740998647634 ], [ 31.081483996889617, -24.007801994266156 ], [ 31.081529998111566, -24.008206996755032 ], [ 31.081642995228737, -24.008652000189137 ], [ 31.08174200339138, -24.008943001018171 ], [ 31.081842999055837, -24.009262002239069 ], [ 31.082041997440896, -24.009626995688851 ], [ 31.082320996817213, -24.010027004242417 ], [ 31.082675004148836, -24.010434998775686 ], [ 31.08290200202649, -24.010567002164965 ], [ 31.083085002371682, -24.010707990680761 ], [ 31.083166000711095, -24.010772999074195 ], [ 31.083454001401677, -24.011010002808874 ], [ 31.083526000225387, -24.011051002001622 ], [ 31.083720002876483, -24.011159999833627 ], [ 31.083920995957861, -24.011324997550098 ], [ 31.084148001929393, -24.011498996580929 ], [ 31.084499001028778, -24.01179999697176 ], [ 31.08474900356434, -24.011985996556032 ], [ 31.085110007621395, -24.012248997892467 ], [ 31.08544499968766, -24.01260299713012 ], [ 31.085526006120951, -24.012713001303535 ], [ 31.085698999709738, -24.012861002732599 ], [ 31.085971999708701, -24.012942999319463 ], [ 31.0863699973781, -24.012977997336208 ], [ 31.086768009436788, -24.012868001256766 ], [ 31.087115999404563, -24.012787999366225 ], [ 31.08737999808908, -24.012703001741645 ], [ 31.087543002008601, -24.012577000427729 ], [ 31.087834917448159, -24.012497324991081 ], [ 31.088194793755399, -24.012480967222345 ], [ 31.088554670962012, -24.012268311732768 ], [ 31.088832756627085, -24.011908435425525 ], [ 31.089029054348011, -24.011597633323603 ], [ 31.08904541211675, -24.011155964575625 ], [ 31.08906176988549, -24.010730656294232 ], [ 31.089110844090808, -24.010387136856352 ], [ 31.089208991602352, -24.010027259649835 ], [ 31.089241708938388, -24.009618309137185 ], [ 31.089274425375059, -24.009307507035352 ], [ 31.089405289323363, -24.008849481417908 ], [ 31.089617943913652, -24.008456887774631 ], [ 31.090026895325671, -24.007966146619893 ], [ 31.09043584583824, -24.0076226280813 ], [ 31.090877512787653, -24.00724639310604 ], [ 31.091221032225526, -24.007115529157833 ], [ 31.091548192995379, -24.006919232336184 ], [ 31.091973502176057, -24.006902873668164 ], [ 31.092382452688707, -24.006968305642317 ], [ 31.092987700023009, -24.007082812721155 ], [ 31.093478442077114, -24.007099171389171 ], [ 31.094018257437352, -24.007066454952412 ], [ 31.094541715028843, -24.007082812721155 ], [ 31.095114245926379, -24.007213676669362 ], [ 31.095523197338405, -24.00765534361868 ], [ 31.095784926134112, -24.008015220825204 ], [ 31.095834000339519, -24.00832602382641 ], [ 31.095915790082323, -24.008636826827519 ], [ 31.096177518878029, -24.008849481417904 ], [ 31.096471964110577, -24.009013061802875 ], [ 31.097011778571442, -24.009274789699294 ], [ 31.097355298009322, -24.009405655446159 ], [ 31.098009620448309, -24.00953651939437 ], [ 31.098304063882118, -24.00983096372746 ], [ 31.098762090398836, -24.009945469907017 ], [ 31.099056533832652, -24.009978186343687 ], [ 31.099383694602587, -24.00994546990702 ], [ 31.099743571809121, -24.009929112138273 ], [ 31.100070732578974, -24.009929112138273 ], [ 31.100381535580084, -24.009994544112427 ], [ 31.100741412786697, -24.010174483165336 ], [ 31.101395735225683, -24.010321704882283 ], [ 31.101739253764276, -24.010288989344886 ], [ 31.102442648610033, -24.010288989344886 ], [ 31.102966107100894, -24.010239915139476 ], [ 31.10358771220384, -24.010207198702712 ], [ 31.104274750180306, -24.010141766728655 ], [ 31.104634627386829, -24.010109051191261 ], [ 31.105141727209677, -24.010092693422514 ], [ 31.105681541670549, -24.010174483165326 ], [ 31.106254072568085, -24.010190840934069 ], [ 31.106908395007157, -24.010158125396668 ], [ 31.107382778393244, -24.0100436192171 ], [ 31.107759013368511, -24.009978186343677 ], [ 31.108282470960003, -24.009994544112423 ], [ 31.108773212114741, -24.010125408959908 ], [ 31.109378460348402, -24.010288989344875 ], [ 31.109983706783421, -24.010534360371921 ], [ 31.110883400249467, -24.010812446936367 ], [ 31.111292350762117, -24.011008742858639 ], [ 31.111750376379554, -24.011319545859845 ], [ 31.112061179380675, -24.011515841782117 ], [ 31.112142969123472, -24.011695780835112 ], [ 31.112404697919178, -24.01185936121999 ], [ 31.1126664258156, -24.011957509630808 ], [ 31.112960871048063, -24.012153805553172 ], [ 31.113500687307667, -24.012366461042831 ], [ 31.114138650179356, -24.012530041427798 ], [ 31.114514885154531, -24.012808127992148 ], [ 31.114825688155733, -24.013184362967415 ], [ 31.115103774720176, -24.013527882405285 ], [ 31.115643590080413, -24.014084054634896 ], [ 31.116117974365782, -24.01455843802098 ], [ 31.116379702262204, -24.015130969817882 ], [ 31.116510567109785, -24.015605353203966 ], [ 31.116772295006207, -24.01603066238464 ], [ 31.116935876290366, -24.016668626155603 ], [ 31.117197604186796, -24.017192082847821 ], [ 31.117263037060219, -24.017617392927772 ], [ 31.117279394828973, -24.018042702108445 ], [ 31.117312111265733, -24.018353504210275 ], [ 31.117508407187998, -24.018746097853562 ], [ 31.117704704009643, -24.019367702956597 ], [ 31.117802852420464, -24.019940234753498 ], [ 31.117835567957851, -24.020169247112534 ], [ 31.118048223447516, -24.020316469728762 ], [ 31.118048223447516, -24.020561839856441 ], [ 31.118130013190317, -24.020823568652236 ], [ 31.118375384217376, -24.021150730321374 ], [ 31.118604395677039, -24.021461533322576 ], [ 31.118817051166786, -24.021772335424401 ], [ 31.118882483140847, -24.022263076579236 ], [ 31.119013347089062, -24.022851966144781 ], [ 31.11943865626974, -24.024585919304155 ], [ 31.119585878885974, -24.025583760281727 ], [ 31.119585878885974, -24.026287155127562 ], [ 31.119634953091385, -24.027857527902054 ], [ 31.119651310860036, -24.028266479314073 ], [ 31.119667668628772, -24.028609997852577 ], [ 31.119684027296795, -24.029002590596487 ], [ 31.119798532576986, -24.029656912136193 ], [ 31.119814891245007, -24.030098579085617 ], [ 31.119978471629981, -24.030589321139711 ], [ 31.120076620040802, -24.030965556114971 ], [ 31.120223841757664, -24.03127635911618 ], [ 31.120632793169598, -24.031832532244973 ], [ 31.121205324966603, -24.032781299017234 ], [ 31.121646991915924, -24.03335382991477 ], [ 31.122006869122536, -24.033680990684623 ], [ 31.122399461866447, -24.033910003943021 ], [ 31.1227266226363, -24.034220806044857 ], [ 31.122955635894712, -24.03444981930317 ], [ 31.123511809023597, -24.034826054278426 ], [ 31.123969833741658, -24.03497327599538 ], [ 31.124346068716832, -24.035136857279628 ], [ 31.124853169439046, -24.035136857279625 ], [ 31.125229404414231, -24.035235004791073 ], [ 31.125556564284803, -24.035545807792285 ], [ 31.126096379645038, -24.03577482015131 ], [ 31.126554405262382, -24.035823895256009 ], [ 31.127339590750296, -24.036003833409616 ], [ 31.127912123446581, -24.036167413794505 ], [ 31.128255641985085, -24.03641278392227 ], [ 31.128664593397016, -24.036739944692126 ], [ 31.129040828372279, -24.036919883745114 ], [ 31.12954792729585, -24.037034389924589 ], [ 31.130562126042079, -24.037279760052357 ], [ 31.131576323889032, -24.037606920822117 ], [ 31.132655954609415, -24.037934081592063 ], [ 31.133064906021438, -24.037934081592056 ], [ 31.133326634817145, -24.037934081592063 ], [ 31.135894847669942, -24.046620203359147 ], [ 31.140180655014095, -24.060982565292584 ], [ 31.141374791913954, -24.065055718046331 ], [ 31.142209051607288, -24.067771152616064 ], [ 31.14232355868613, -24.067623930899114 ], [ 31.142503496839755, -24.06760757313037 ], [ 31.14281429984095, -24.067689362873175 ], [ 31.144253807767953, -24.068261893770796 ], [ 31.14518621587202, -24.0687526358249 ], [ 31.145497018873222, -24.069325166722525 ], [ 31.145845007042343, -24.070043838351936 ], [ 31.14506000141882, -24.070249996239756 ], [ 31.143850003175967, -24.070710001265027 ], [ 31.142469996194212, -24.071119998588507 ], [ 31.141410003969369, -24.071410002968662 ], [ 31.140469996593961, -24.071770001583669 ], [ 31.139009996714833, -24.072130001098138 ], [ 31.137830001654141, -24.072350001350905 ], [ 31.136890004171267, -24.072780003194023 ], [ 31.135999996403513, -24.073150001370923 ], [ 31.13474999811481, -24.07350999998593 ], [ 31.134169999246943, -24.073639999685646 ], [ 31.133779997449768, -24.073699997056632 ], [ 31.132529999160983, -24.073659997010694 ], [ 31.131169995799493, -24.073540002268729 ], [ 31.130579999168475, -24.073259996550998 ], [ 31.129339998642834, -24.072920001556273 ], [ 31.127799996873172, -24.071910000845303 ], [ 31.127119999689, -24.071360012354198 ], [ 31.126350010045755, -24.070729997690737 ], [ 31.125610000202123, -24.07015999568674 ], [ 31.124249997740009, -24.069200001778103 ], [ 31.123569993361329, -24.068890001871562 ], [ 31.123059996822199, -24.068660002956275 ], [ 31.122140002959593, -24.068460007222971 ], [ 31.12156000319235, -24.068339997192524 ], [ 31.120549994387584, -24.068199997931004 ], [ 31.119909997249366, -24.068209996593524 ], [ 31.119440001655541, -24.068230001113086 ], [ 31.118799998222176, -24.068239998876319 ], [ 31.118250000737817, -24.068320000766857 ], [ 31.117150000372973, -24.068499991980524 ], [ 31.116319997170987, -24.068639999336014 ], [ 31.115820000193654, -24.068800002217802 ], [ 31.114949996945629, -24.068989992093897 ], [ 31.113469999741458, -24.069240002723429 ], [ 31.112490001313272, -24.069420002030977 ], [ 31.111179996660329, -24.069600002237728 ], [ 31.109939997033976, -24.069799997071666 ], [ 31.109009997314335, -24.069870001199057 ], [ 31.107690011085925, -24.070120003734711 ], [ 31.106360003711995, -24.070289997185135 ], [ 31.10549000136325, -24.070300003042252 ], [ 31.104500003373182, -24.070480003248996 ], [ 31.103109997728989, -24.070520003295037 ], [ 31.102883998098775, -24.070536002234174 ], [ 31.101869998102718, -24.070610002948801 ], [ 31.101550000432933, -24.070639998036999 ], [ 31.100939998382987, -24.070769997736708 ], [ 31.100210001591087, -24.071020001171643 ], [ 31.099540003069446, -24.071320011408833 ], [ 31.098970001964812, -24.07164000098474 ], [ 31.098260001598582, -24.072189997569815 ], [ 31.097479990809735, -24.07293000021884 ], [ 31.096829995908358, -24.073550000031926 ], [ 31.096130002298533, -24.074300009437351 ], [ 31.095590004375978, -24.074840000165313 ], [ 31.09513999711394, -24.075079995944563 ], [ 31.094909999097926, -24.075199998780413 ], [ 31.094249998339528, -24.075519997349481 ], [ 31.093809996934613, -24.075689997994502 ], [ 31.09335999866574, -24.075800002167835 ], [ 31.092739997953281, -24.075959996955827 ], [ 31.091849999178869, -24.076110002074376 ], [ 31.09144999871927, -24.076179998107975 ], [ 31.090129990007778, -24.076510001634794 ], [ 31.08879000015909, -24.076860003385928 ], [ 31.087869998202606, -24.077199996582099 ], [ 31.087600006435885, -24.077260002946254 ], [ 31.087069998182596, -24.077419997734157 ], [ 31.086459996132653, -24.077670001169089 ], [ 31.085630001923825, -24.078010003358514 ], [ 31.085110007621452, -24.078209999091733 ], [ 31.084199996233604, -24.078510001235134 ], [ 31.083720002876547, -24.078680001880066 ], [ 31.082660009752328, -24.078990001786703 ], [ 31.081749999263764, -24.079289995836131 ], [ 31.081009995715462, -24.079539999271063 ], [ 31.080599998391996, -24.079660001207632 ], [ 31.080270002059681, -24.079799999569865 ], [ 31.079399998811663, -24.080100001713266 ], [ 31.078569997408142, -24.080429998045481 ], [ 31.077690003591485, -24.08073999795203 ], [ 31.076999999651001, -24.080969996867406 ], [ 31.076420000783134, -24.081189997120184 ], [ 31.075539999771877, -24.081579998917352 ], [ 31.07473999975187, -24.081950004288849 ], [ 31.074060002567794, -24.08226000419539 ], [ 31.073519995651985, -24.082559998244907 ], [ 31.073090001902752, -24.082709995269582 ], [ 31.072619999114423, -24.08304999655963 ], [ 31.072139997663477, -24.083330003176634 ], [ 31.071869997802878, -24.083529998909853 ], [ 31.071630002023714, -24.083780002344785 ], [ 31.071440004053645, -24.084050001306014 ], [ 31.071109999627552, -24.084480003149135 ], [ 31.070859997091897, -24.08481999814386 ], [ 31.070560003042388, -24.085199993184631 ], [ 31.070350000552764, -24.085500003421998 ], [ 31.070109995780356, -24.08586999980016 ], [ 31.069760003022463, -24.086199997031745 ], [ 31.069379999887815, -24.086589997929547 ], [ 31.069199999680894, -24.086760000373218 ], [ 31.068970001664976, -24.087129996751475 ], [ 31.068779995601023, -24.087469998940801 ], [ 31.068570002104657, -24.087749996564646 ], [ 31.068229999015948, -24.088040000045517 ], [ 31.067870000400941, -24.0884300018426 ], [ 31.067290000633704, -24.089169996397747 ], [ 31.066899999735906, -24.089630001422929 ], [ 31.066519995701977, -24.089959997755233 ], [ 31.066080004189512, -24.090259999898624 ], [ 31.065659999210265, -24.090609999851115 ], [ 31.065099988674188, -24.09095000293982 ], [ 31.064770000435853, -24.091140000909895 ], [ 31.064440004103545, -24.091260002846369 ], [ 31.063740002399925, -24.091419997634276 ], [ 31.063430001594014, -24.091459998579587 ], [ 31.063369997028428, -24.091480003099225 ], [ 31.063290003231778, -24.091509998187416 ], [ 31.062659996662198, -24.091750002959834 ], [ 31.062219997055927, -24.092010004157917 ], [ 31.061750000562736, -24.092269997262111 ], [ 31.061130000749561, -24.09252999756092 ], [ 31.060439997708365, -24.093009999011855 ], [ 31.059869996603737, -24.093350002100486 ], [ 31.059260002647672, -24.093629998824948 ], [ 31.058409995825325, -24.093679998432702 ], [ 31.057609996704681, -24.093689996195938 ], [ 31.056950004040164, -24.093660002007027 ], [ 31.056059997171776, -24.093669999770182 ], [ 31.055069999181789, -24.093639996588106 ], [ 31.054520002596718, -24.093669999770182 ], [ 31.053990002437313, -24.093679998432705 ], [ 31.053450003615474, -24.09371999937802 ], [ 31.052350002351435, -24.093859997740257 ], [ 31.05174000120078, -24.093880002259894 ], [ 31.051080000442383, -24.093750001660815 ], [ 31.050350002751095, -24.093580000116411 ], [ 31.049589997381084, -24.093539999171195 ], [ 31.048529996163083, -24.0935099968884 ], [ 31.047819995796846, -24.093539999171199 ], [ 31.047149997275206, -24.093629998824969 ], [ 31.046659998061109, -24.093760000323336 ], [ 31.046140003758826, -24.093710000715511 ], [ 31.045310000556743, -24.093700002952357 ], [ 31.044830000005177, -24.093830002652073 ], [ 31.044100004112547, -24.093669999770199 ], [ 31.043649996850515, -24.09363999658812 ], [ 31.043249997290197, -24.093859997740264 ], [ 31.042969999666351, -24.094039997047812 ], [ 31.042589997431076, -24.094240000874915 ], [ 31.042260000199487, -24.094510007930122 ], [ 31.041999999001405, -24.094749997414048 ], [ 31.041559997596494, -24.095039992801041 ], [ 31.041019999673932, -24.095260001147693 ], [ 31.040509995940202, -24.095309999856163 ], [ 31.039709995920195, -24.095290003430488 ], [ 31.038899999036406, -24.095369997227142 ], [ 31.037990002936951, -24.095459996880912 ], [ 31.037100004162536, -24.095419995935696 ], [ 31.036239998677669, -24.095660000708108 ], [ 31.035510002785042, -24.096010001559872 ], [ 31.034940001680411, -24.096299996946872 ], [ 31.034320001867226, -24.096580002664606 ], [ 31.033910010838994, -24.096960005799243 ], [ 31.033489998665154, -24.097350000401811 ], [ 31.033000000350341, -24.097719996779968 ], [ 31.032520006094082, -24.098040003443007 ], [ 31.031909996849546, -24.098130003096777 ], [ 31.03100000075009, -24.098960005399491 ], [ 31.030820001442549, -24.099269997212154 ], [ 31.030669997223193, -24.099659999009319 ], [ 31.030560008338337, -24.099960000253436 ], [ 31.030510000636632, -24.100220000552152 ], [ 31.030370003173765, -24.100480001750235 ], [ 31.030139996164497, -24.100880010303808 ], [ 31.029980001376597, -24.101190002116557 ], [ 31.029970002714069, -24.101839997017837 ], [ 31.030100003313162, -24.102480001350564 ], [ 31.030210000291888, -24.103320002315794 ], [ 31.03055000158194, -24.104160002381832 ], [ 31.03070999726922, -24.10434000168938 ], [ 31.030860002387861, -24.104920000557158 ], [ 31.031009999412611, -24.105389996150972 ], [ 31.031619993368679, -24.106539996123566 ], [ 31.031920002706581, -24.107170002693056 ], [ 31.032410001920677, -24.108169998446279 ], [ 31.03255000118228, -24.108919998858461 ], [ 31.032760002772541, -24.109480002199927 ], [ 31.032869998851982, -24.110280001320568 ], [ 31.03317000099538, -24.111319998019102 ], [ 31.033030001733859, -24.112280000021524 ], [ 31.032749996915509, -24.113340001239717 ], [ 31.032479997954184, -24.114100000314316 ], [ 31.032050003305677, -24.114899999435043 ], [ 31.031769997587954, -24.115359996366347 ], [ 31.03143000259313, -24.115820001391526 ], [ 31.031030003032811, -24.11626000189716 ], [ 31.030290001283156, -24.116949996844468 ], [ 31.029080003939669, -24.118020003919586 ], [ 31.028179998408859, -24.118629997875658 ], [ 31.027299997397595, -24.119170003892183 ], [ 31.026690003441541, -24.119460000178453 ], [ 31.025619996366324, -24.120109995079822 ], [ 31.024390001697807, -24.120929998720097 ], [ 31.023709997319134, -24.121469996642659 ], [ 31.022899998636696, -24.12203000807801 ], [ 31.021960001153733, -24.122749998113527 ], [ 31.021160001133719, -24.123409998871924 ], [ 31.0205599977463, -24.123930001268182 ], [ 31.019849998279437, -24.124590002026579 ], [ 31.018609997753803, -24.12560000273756 ], [ 31.017740010693533, -24.126220002550649 ], [ 31.017099998266922, -24.1266700017188 ], [ 31.016519999399058, -24.12703000123318 ], [ 31.015570003253664, -24.127699999754821 ], [ 31.014539997123766, -24.128360001412506 ], [ 31.01385000127717, -24.128840001964168 ], [ 31.013400002109016, -24.129100003162257 ], [ 31.012759997776286, -24.129389999448527 ], [ 31.012669998122508, -24.129419993637349 ], [ 31.010399999560939, -24.126950000241941 ], [ 31.002680002380821, -24.118570001404066 ], [ 30.998830001104267, -24.114379997038824 ], [ 30.995819999893673, -24.111189997420066 ], [ 30.993120000388267, -24.108330001328117 ], [ 30.990419999084306, -24.105459999379139 ], [ 30.990389996801426, -24.105429997096337 ], [ 30.988050003105723, -24.102949996944439 ], [ 30.986860002187903, -24.10168999999313 ], [ 30.986089997256176, -24.100869996352859 ], [ 30.984379993942117, -24.099039991102327 ], [ 30.981349997205125, -24.095799999070323 ], [ 30.980480002050985, -24.0948699993506 ], [ 30.978419997885155, -24.092650000396869 ], [ 30.978279998623545, -24.092510009229237 ], [ 30.976190000268808, -24.090269997661888 ], [ 30.976159997986009, -24.090229996716584 ], [ 30.976239998977267, -24.090189995771354 ], [ 30.97895000613844, -24.088600003387121 ], [ 30.981670002968787, -24.08702000067213 ], [ 30.989679997334544, -24.082339989898276 ], [ 30.99233998870012, -24.080779998897455 ], [ 30.994660002157907, -24.079430003191728 ], [ 30.996970000765504, -24.078079999392045 ], [ 31.000370002873904, -24.076099996217472 ], [ 31.00236000381172, -24.074939997582458 ], [ 31.004349995756286, -24.073789996710595 ], [ 31.005790000108938, -24.072960003401032 ], [ 31.007020001972055, -24.072250003034799 ], [ 31.007380000587151, -24.072040001444559 ], [ 31.007359996966883, -24.072009991067791 ], [ 31.006310001605819, -24.069749998363346 ], [ 31.005250002186379, -24.067489999363591 ], [ 31.004199998731522, -24.065229998565172 ], [ 31.003139999312076, -24.062969998666127 ], [ 31.002089995857226, -24.060709998767084 ], [ 31.001030003632291, -24.05844999886795 ], [ 30.999980001076722, -24.0561899989689 ], [ 30.999819998194933, -24.055850003974175 ], [ 30.998990003986012, -24.054140000660194 ], [ 30.998160001683214, -24.052419998683618 ], [ 30.99733000027987, -24.050710004362809 ], [ 30.997039995899623, -24.050020001321624 ], [ 30.996709992372807, -24.049279997773311 ], [ 30.9963800032351, -24.048550001880692 ], [ 30.995720001577329, -24.047069996582731 ], [ 30.995389998050506, -24.046340000690108 ], [ 30.994729997292019, -24.044859996291432 ], [ 30.994400000959804, -24.044130000398805 ], [ 30.993740000201313, -24.042650003194726 ], [ 30.992581996262611, -24.039702002145319 ], [ 30.988476000267749, -24.02883600287883 ], [ 30.985688665799788, -24.021675002698892 ], [ 30.982604001074257, -24.013907006902507 ], [ 30.979997415049187, -24.006884465445367 ], [ 30.978047997817274, -24.000989995791389 ], [ 30.978053998093991, -24.000780002294928 ], [ 30.977990639057214, -23.98992738134325 ], [ 30.978477330564832, -23.980582904577009 ], [ 30.978864003971101, -23.974994000272503 ], [ 30.978878000120051, -23.974557997253388 ], [ 30.978885310708986, -23.974321107732585 ], [ 30.979179513124482, -23.974265945116958 ], [ 30.979577094407844, -23.974186428860264 ], [ 30.980014432920182, -23.974385218602624 ], [ 30.980252980790883, -23.97466352640032 ], [ 30.980571045817562, -23.974941832399278 ], [ 30.981008384329897, -23.97506110678431 ], [ 30.981405964713897, -23.975180381169253 ], [ 30.981604755355619, -23.975418929039961 ], [ 30.982240883610313, -23.975736994066718 ], [ 30.983075804305383, -23.975975541937327 ], [ 30.983910723201713, -23.976253848835658 ], [ 30.984785401125762, -23.976651429219739 ], [ 30.985342013123855, -23.977049009603725 ], [ 30.985898626021232, -23.977605623400382 ], [ 30.986296207304594, -23.978400784168453 ], [ 30.98661427233127, -23.979116428679838 ], [ 30.987091368072672, -23.979673041577204 ], [ 30.987250400585967, -23.980507962272291 ], [ 30.987290158714313, -23.981263364912014 ], [ 30.987409433099256, -23.981819977809383 ], [ 30.987868053168555, -23.982326726896524 ], [ 30.988200996579177, -23.982659671206505 ], [ 30.988556137955836, -23.982881633779986 ], [ 30.989093997290606, -23.983066999342174 ], [ 30.990848996384479, -23.984050996156157 ], [ 30.991743998986816, -23.98426600067506 ], [ 30.992657003318516, -23.984517002357425 ], [ 30.99523600263991, -23.984982002217276 ], [ 30.995844001899648, -23.985125998066035 ], [ 30.9999559990706, -23.98605599778567 ], [ 31.000725242276626, -23.986248557024886 ] ] ] } },
{ "type": "Feature", "properties": { "Municipali": "Ba-Phalaborwa Local Municipality", "WardNo": "11", "WardLabel": "LIM334_11", "Province": "Limpopo", "CLASSIFICATION": "Mining", "PopGBlack": 1854.3113308, "PopGColour": 45.150058315000003, "PopGIndian": 154.768826, "PopGWhite": 3658.3779125000001, "PopGOther": 14.4412672, "PopGTotal": 5727.0493949000002 }, "geometry": { "type": "Polygon", "coordinates": [ [ [ 31.530618668317537, -23.219844818282027 ], [ 31.533750533960646, -23.220445632857967 ], [ 31.536750792815525, -23.219446182093847 ], [ 31.539083481318333, -23.218978881768198 ], [ 31.541284561234189, -23.219844818281977 ], [ 31.544950484777775, -23.22071266225775 ], [ 31.54841804485757, -23.221311569371597 ], [ 31.551549911400045, -23.221578597872139 ], [ 31.554883957229524, -23.222379684273161 ], [ 31.55668449439467, -23.223379135037167 ], [ 31.559350967174158, -23.225511550815515 ], [ 31.561202073217906, -23.226929905788616 ], [ 31.561050002356492, -23.228749999610951 ], [ 31.559240000726227, -23.231174998125827 ], [ 31.555860003137489, -23.26905000365284 ], [ 31.550730001289743, -23.410280001818812 ], [ 31.553616002178032, -23.430381003378749 ], [ 31.561020000074421, -23.481959996954501 ], [ 31.579730005836709, -23.501419995934107 ], [ 31.660651413634337, -23.586021276658229 ], [ 31.665840003615791, -23.591439999554005 ], [ 31.690549999186008, -23.629440002751391 ], [ 31.697390004348502, -23.721889993425933 ], [ 31.769180002759651, -23.887800000166912 ], [ 31.770560428825483, -23.88863329938426 ], [ 31.880720001433698, -23.955050002351921 ], [ 31.880730000096218, -23.955180002951018 ], [ 31.880739997859372, -23.955710003110422 ], [ 31.880760002378931, -23.957140000706666 ], [ 31.880779998804698, -23.958600000585797 ], [ 31.880789996567852, -23.959509996685249 ], [ 31.880840004269579, -23.962639999832405 ], [ 31.880879997120939, -23.964930002913523 ], [ 31.880890002978063, -23.965510001781396 ], [ 31.880919997166981, -23.967510001381722 ], [ 31.880919997166984, -23.967919998705188 ], [ 31.883834663046173, -23.984594453767205 ], [ 31.852679999788535, -23.986849996626518 ], [ 31.847930001075063, -23.986170000341676 ], [ 31.844879999818396, -23.985930002763979 ], [ 31.840139999767374, -23.986719996926912 ], [ 31.832659998366317, -23.986900004328387 ], [ 31.828910002600519, -23.985969995615438 ], [ 31.824970002569604, -23.986160001679416 ], [ 31.822980001631677, -23.988259998696691 ], [ 31.821609993312524, -23.99085000302194 ], [ 31.822379998244273, -23.992980002321978 ], [ 31.822119997046205, -23.996509996935483 ], [ 31.820360003117628, -23.998380003131352 ], [ 31.817960003956944, -23.999079996741202 ], [ 31.812539998627869, -23.999310003750495 ], [ 31.809519999654086, -23.998840000062728 ], [ 31.804699997712426, -23.997179996356621 ], [ 31.801209995950202, -23.99409000224869 ], [ 31.798470002694049, -23.993369987931473 ], [ 31.794610003654295, -23.991929999766619 ], [ 31.791610001106172, -23.988370002870248 ], [ 31.787469997247964, -23.98648999801199 ], [ 31.782690004345586, -23.982080002387171 ], [ 31.780539999626583, -23.981409994872386 ], [ 31.77640000296299, -23.981240002321265 ], [ 31.769969996023654, -23.983190002313812 ], [ 31.767479998108573, -23.984619999910159 ], [ 31.763979997683858, -23.98790999784525 ], [ 31.759059998325313, -23.991639996285969 ], [ 31.754669998226895, -23.995799996569723 ], [ 31.751770002088872, -23.997649999145313 ], [ 31.748880003714106, -24.000719988733653 ], [ 31.74655999924946, -24.003480002697181 ], [ 31.744860000893219, -24.004640001332213 ], [ 31.741699996362613, -24.006270002755663 ], [ 31.737079998248173, -24.008819998941103 ], [ 31.734909998002795, -24.011340000038331 ], [ 31.733499995932842, -24.014520001893871 ], [ 31.733570000060332, -24.01836000360861 ], [ 31.735430000399109, -24.025550002427948 ], [ 31.735979996984202, -24.028920002253621 ], [ 31.737270004312123, -24.032060003163931 ], [ 31.737640000690401, -24.039049997256797 ], [ 31.735810002634473, -24.046080000388969 ], [ 31.731700001059089, -24.049750000559431 ], [ 31.726049996814741, -24.053049998056327 ], [ 31.718699996012816, -24.056840001062561 ], [ 31.708769996742642, -24.058690002738913 ], [ 31.701910004147962, -24.059919997407469 ], [ 31.690360001217567, -24.060099996715085 ], [ 31.683719999882413, -24.059530003704289 ], [ 31.679980002779232, -24.056650003092809 ], [ 31.678719997734024, -24.055089996803503 ], [ 31.678179999811366, -24.052389997298203 ], [ 31.677399997116382, -24.049920003003422 ], [ 31.67613000240199, -24.047909996646695 ], [ 31.675340001044397, -24.045209997141306 ], [ 31.674320000771601, -24.042970000862457 ], [ 31.673789999712906, -24.040729998288445 ], [ 31.671960002556204, -24.03510999632687 ], [ 31.671400000113987, -24.031060007411082 ], [ 31.670600000094051, -24.02746000057623 ], [ 31.669570002058016, -24.024989999086849 ], [ 31.668759997080318, -24.020950000739621 ], [ 31.665980001979573, -24.016699999902766 ], [ 31.662999995857049, -24.014939997880266 ], [ 31.65929999969919, -24.014089999151821 ], [ 31.652420001685602, -24.014200003325275 ], [ 31.639440002058173, -24.01643000094159 ], [ 31.632579999570972, -24.017890000820753 ], [ 31.626720001830261, -24.019779996247706 ], [ 31.62088999917766, -24.023250001584227 ], [ 31.613899996990771, -24.031029997034711 ], [ 31.611499997830105, -24.034230003409892 ], [ 31.609570003256518, -24.036289998582564 ], [ 31.609149998277282, -24.040130002095957 ], [ 31.60923999793107, -24.045090003299052 ], [ 31.6083000004482, -24.047589998977262 ], [ 31.60590000128753, -24.050559999242555 ], [ 31.603179996363192, -24.052810001378464 ], [ 31.6000900022553, -24.055389998947309 ], [ 31.598140002262777, -24.056319998667039 ], [ 31.594699999209045, -24.056369998274889 ], [ 31.586869996956079, -24.052779990102582 ], [ 31.580280003322727, -24.047109998425821 ], [ 31.576510003037392, -24.04219999593121 ], [ 31.573720002978906, -24.037279996572721 ], [ 31.570959997109327, -24.034389998197984 ], [ 31.568240000278866, -24.033069996681203 ], [ 31.561119998392247, -24.033629991928827 ], [ 31.552060000571576, -24.035570001352731 ], [ 31.548650000699929, -24.037200002776181 ], [ 31.546239995682139, -24.039719995779436 ], [ 31.544570002306724, -24.042449991272399 ], [ 31.543869999703642, -24.044939990086743 ], [ 31.543730001341419, -24.050810001778487 ], [ 31.542559996849285, -24.053990003634024 ], [ 31.537919994215223, -24.055860001736001 ], [ 31.531549991841509, -24.056849998826738 ], [ 31.529089996209223, -24.056670000418482 ], [ 31.520940004380453, -24.054300004440019 ], [ 31.519029997239361, -24.05260999665245 ], [ 31.513439997560514, -24.046960001401349 ], [ 31.509929999372556, -24.043180003352926 ], [ 31.505469996945401, -24.040759999672741 ], [ 31.500290003583387, -24.039479999101182 ], [ 31.497569998659042, -24.038389995600312 ], [ 31.493359998767374, -24.036869999249497 ], [ 31.48196999871891, -24.031620001760178 ], [ 31.471140002911127, -24.03020000282649 ], [ 31.462529997064024, -24.029640000384322 ], [ 31.459559996798721, -24.028329995731308 ], [ 31.45259000003065, -24.023240002922403 ], [ 31.450350003751858, -24.021239996127569 ], [ 31.447620001064372, -24.019920002704655 ], [ 31.440939998784028, -24.020980003023404 ], [ 31.440580008262902, -24.024760001071929 ], [ 31.440700002105608, -24.031760001021926 ], [ 31.44056000284402, -24.03829999594674 ], [ 31.438659995264736, -24.042170001742843 ], [ 31.43602999718879, -24.046719995729937 ], [ 31.433859996943422, -24.049459997979213 ], [ 31.431199996584681, -24.052350004447849 ], [ 31.428049997911206, -24.054500000173583 ], [ 31.419970001216587, -24.056419996984037 ], [ 31.415829995559882, -24.058510004332039 ], [ 31.409020001673706, -24.062889996774757 ], [ 31.399019999175593, -24.067550003928361 ], [ 31.395579996121871, -24.067589995880439 ], [ 31.392599998093335, -24.065830001951895 ], [ 31.390090002853302, -24.062250001435238 ], [ 31.387779996151803, -24.05663999723691 ], [ 31.386439998209223, -24.052199999329353 ], [ 31.383519996652385, -24.051290003229916 ], [ 31.379110001926882, -24.052250006131807 ], [ 31.373549997336355, -24.057509999585694 ], [ 31.368200003329324, -24.06389999928442 ], [ 31.365119998890624, -24.068460007222427 ], [ 31.36001000156212, -24.07124000142386 ], [ 31.349460003378123, -24.072740003147615 ], [ 31.342370002875036, -24.074860003785162 ], [ 31.336520002897508, -24.077649995749741 ], [ 31.331139997614432, -24.079530000608035 ], [ 31.326719996132528, -24.080039997147182 ], [ 31.320620008907913, -24.082599999189636 ], [ 31.317669997873605, -24.082869998150965 ], [ 31.313230007160623, -24.081350000001496 ], [ 31.310009997165167, -24.079810006325818 ], [ 31.304779997000718, -24.075599998340312 ], [ 31.301560002293744, -24.073829997655373 ], [ 31.298850004125818, -24.073420000331822 ], [ 31.296390000399661, -24.073230002361839 ], [ 31.293450003316437, -24.074390000996861 ], [ 31.287640003384862, -24.079660001207241 ], [ 31.283560004092305, -24.085810003328145 ], [ 31.27507999884423, -24.093819996794625 ], [ 31.272400011053065, -24.095430001792302 ], [ 31.264109995681093, -24.099829999653942 ], [ 31.257249994093218, -24.101050003753841 ], [ 31.257019068876225, -24.100965251644229 ], [ 31.254808458844561, -24.10015394804546 ], [ 31.254280001921895, -24.099960000253052 ], [ 31.252280003220832, -24.097730002636705 ], [ 31.249699996658819, -24.089640000085115 ], [ 31.248109996180673, -24.082660003755397 ], [ 31.247829998556828, -24.080180010798088 ], [ 31.247010003010427, -24.075000003046913 ], [ 31.24524000232546, -24.071420000731699 ], [ 31.242470005887263, -24.067169999894841 ], [ 31.238470001290718, -24.06292999772052 ], [ 31.234700001005411, -24.057569996957021 ], [ 31.228339997294231, -24.051579998617296 ], [ 31.220020003021816, -24.045569995757941 ], [ 31.216059997571936, -24.043810001829389 ], [ 31.212567028047012, -24.042791212943346 ], [ 31.211330638299358, -24.042430603688715 ], [ 31.210339999092742, -24.014979998827158 ], [ 31.210339999092721, -23.999810000730257 ], [ 31.208009995965472, -23.995229996366493 ], [ 31.182230002313627, -23.978589999728094 ], [ 31.180729121952297, -23.97602286606174 ], [ 31.167058274820327, -23.979312376564337 ], [ 31.166795339134481, -23.979169212588463 ], [ 31.166746395330719, -23.978842920563686 ], [ 31.166615877621453, -23.978386110829735 ], [ 31.166420102406658, -23.977717212178959 ], [ 31.166224327191763, -23.977309346248678 ], [ 31.165995921875155, -23.977097256432568 ], [ 31.165685945350969, -23.976950425021453 ], [ 31.165310707723865, -23.976852537414011 ], [ 31.164870214389701, -23.976885165717178 ], [ 31.162178301588231, -23.977211458641335 ], [ 31.161770435657861, -23.977097256432579 ], [ 31.161460458234394, -23.976852537414015 ], [ 31.161003649399724, -23.976297840072707 ], [ 31.160726300279347, -23.976167323262732 ], [ 31.160351063551609, -23.976053121054068 ], [ 31.159437445882261, -23.975808401136224 ], [ 31.158882747641503, -23.975563682117663 ], [ 31.158621714921086, -23.975286333896562 ], [ 31.158181219788265, -23.974291142321729 ], [ 31.157691780851771, -23.973426466657504 ], [ 31.157137084409744, -23.972235499867789 ], [ 31.1569479353997, -23.971914949115003 ], [ 31.156745844246188, -23.97171285796141 ], [ 31.156552939667211, -23.971538324733277 ], [ 31.156350849412995, -23.971446466180868 ], [ 31.156167129610154, -23.971372978079842 ], [ 31.155863994228735, -23.971317862228936 ], [ 31.153723668912992, -23.971005540272905 ], [ 31.151702760974484, -23.970638101566518 ], [ 31.15134450884279, -23.970684031742092 ], [ 31.151096489312273, -23.970693218316796 ], [ 31.150729050605968, -23.971345420154393 ], [ 31.150563703952532, -23.971703672286001 ], [ 31.150508588101719, -23.971905763439683 ], [ 31.150499403325576, -23.972172155220139 ], [ 31.150517773777047, -23.972410989974598 ], [ 31.150554518277204, -23.9727049396806 ], [ 31.15071986493064, -23.973072378386899 ], [ 31.150912770408809, -23.973338770167544 ], [ 31.151117752882826, -23.973580292096219 ], [ 31.150876915338159, -23.973784077572532 ], [ 31.150571236674001, -23.97415459735619 ], [ 31.149218839778463, -23.975868250119085 ], [ 31.147514450931958, -23.977943158749156 ], [ 31.146875304552491, -23.978684198316557 ], [ 31.146347314377888, -23.979202924574675 ], [ 31.145856376271542, -23.979647549394308 ], [ 31.145513646438403, -23.979925438107859 ], [ 31.145050495584734, -23.980277431857388 ], [ 31.144559558377672, -23.980629424707537 ], [ 31.143966727083569, -23.980990682373552 ], [ 31.143021902039941, -23.981490882597544 ], [ 31.14142866759974, -23.982259711216106 ], [ 31.140233742893706, -23.982861804628023 ], [ 31.139400074054944, -23.983176747208574 ], [ 31.138399670908846, -23.983510214923886 ], [ 31.137575265087186, -23.983695474366073 ], [ 31.136899066639369, -23.983806629671662 ], [ 31.136195080039691, -23.983917785876521 ], [ 31.135157625724606, -23.983973363979 ], [ 31.132480621883953, -23.983964100961892 ], [ 31.129664673686477, -23.983927048893644 ], [ 31.129312680836321, -23.983815892688778 ], [ 31.129062580274642, -23.983658422297829 ], [ 31.128831004847719, -23.983436110787387 ], [ 31.128655009322014, -23.983158221174374 ], [ 31.128571642168293, -23.982889593679285 ], [ 31.128432696912189, -23.982092976908781 ], [ 31.128386381826818, -23.981370464274967 ], [ 31.128201122384631, -23.975469942183505 ], [ 31.128136281265132, -23.974793742836418 ], [ 31.127960284840054, -23.974478802054513 ], [ 31.127719447295391, -23.974182386407467 ], [ 31.127339665394, -23.973885970760325 ], [ 31.126913566608582, -23.973793340589598 ], [ 31.126283684145417, -23.973774814555465 ], [ 31.125125810608363, -23.973867444726203 ], [ 31.122754486331154, -23.974015652999409 ], [ 31.118539827052135, -23.974275015678849 ], [ 31.117104063902168, -23.974358382832559 ], [ 31.116631650930664, -23.974404697917926 ], [ 31.115621985666827, -23.974673325413114 ], [ 31.108118966118127, -23.976461081413252 ], [ 31.107479819738568, -23.97668339292369 ], [ 31.106951829563968, -23.976905705333515 ], [ 31.106590572797334, -23.977053911808071 ], [ 31.106136686759417, -23.977368854388619 ], [ 31.105812482061129, -23.977683796069797 ], [ 31.106210790895936, -23.976794549128563 ], [ 31.106738781070625, -23.975414364081072 ], [ 31.1069240414121, -23.974784480718704 ], [ 31.106961092581074, -23.974367645849686 ], [ 31.10686846330962, -23.973858181709208 ], [ 31.106720255036411, -23.973459872874322 ], [ 31.106479416592464, -23.973052301921687 ], [ 31.106164475810562, -23.972691045155049 ], [ 31.105775429992779, -23.972357578339029 ], [ 31.105349333006021, -23.972126002912198 ], [ 31.104969550205258, -23.971977794638985 ], [ 31.104599031320884, -23.971857377215656 ], [ 31.104135881366485, -23.971829588164429 ], [ 31.102107286922415, -23.971783273079062 ], [ 31.098772611567451, -23.971699905925352 ], [ 31.094515643682662, -23.971553701341719 ], [ 31.094430706312728, -23.971550122939348 ], [ 31.094288403887326, -23.971744172355169 ], [ 31.094100824194307, -23.972009370735314 ], [ 31.093906775677848, -23.972222823923687 ], [ 31.093738600656565, -23.972390998944977 ], [ 31.093563956811753, -23.972533301370284 ], [ 31.093331098951733, -23.972714412239881 ], [ 31.093130583410318, -23.972837309993359 ], [ 31.092871852054962, -23.972992548266976 ], [ 31.092561374608362, -23.973154255364104 ], [ 31.092250898061131, -23.973264214571362 ], [ 31.09185633310398, -23.973393581148368 ], [ 31.091552325380182, -23.973438859315447 ], [ 31.091177165094766, -23.973490605406599 ], [ 31.090892561143427, -23.973522945926721 ], [ 31.090459186842629, -23.973522945926721 ], [ 31.087930091800963, -23.973497073330751 ], [ 31.086584691630836, -23.973484136583171 ], [ 31.079000415637282, -23.973446958609774 ], [ 31.078667527085361, -23.97344532723962 ], [ 31.075588628812749, -23.973412985820129 ], [ 31.075245810846116, -23.973393581148397 ], [ 31.076209583705939, -23.970780398595998 ], [ 31.077807247307273, -23.966414315068125 ], [ 31.079101201759652, -23.962918018950962 ], [ 31.079555345003726, -23.961697506734062 ], [ 31.07998290428824, -23.960589022165134 ], [ 31.080473803723649, -23.959227168898266 ], [ 31.080853856321042, -23.958197862440951 ], [ 31.081281414706186, -23.95694685781076 ], [ 31.08153478340412, -23.955949220979303 ], [ 31.081677301666822, -23.955347472907043 ], [ 31.081740643616463, -23.954777395360004 ], [ 31.081851493152502, -23.953526389830525 ], [ 31.081978177051869, -23.950438467760566 ], [ 31.082017461237463, -23.949629136375101 ], [ 31.082274222178235, -23.944250311002619 ], [ 31.08244574627475, -23.940604496299947 ], [ 31.082709182883104, -23.935222859646753 ], [ 31.083000844713784, -23.92918263327142 ], [ 31.083170798594079, -23.925777239727374 ], [ 31.083257485145442, -23.924197685774043 ], [ 31.08326428132213, -23.924073841933801 ], [ 31.083716449655039, -23.924181478192192 ], [ 31.085156698623308, -23.924563422963111 ], [ 31.091944172586111, -23.926449274314091 ], [ 31.094005083268584, -23.927022191020786 ], [ 31.096471807628475, -23.927722422951 ], [ 31.096893539305963, -23.927825865670634 ], [ 31.097227739968847, -23.927953180894072 ], [ 31.097569898732484, -23.928088453318971 ], [ 31.097967757906265, -23.928271468053271 ], [ 31.098612289426239, -23.928637498421335 ], [ 31.100697069914489, -23.929862903849386 ], [ 31.106115908822762, -23.933005990333701 ], [ 31.110102455964238, -23.935329485966481 ], [ 31.11434363175384, -23.937804169326395 ], [ 31.117399189022031, -23.939626363065667 ], [ 31.119587414028654, -23.940891553601819 ], [ 31.120773033449431, -23.941567914826894 ], [ 31.121011748594057, -23.941711143553899 ], [ 31.121473265379564, -23.941910072691151 ], [ 31.121871123654156, -23.942053303216817 ], [ 31.122245111223599, -23.942156745936536 ], [ 31.123446645047334, -23.942379546678215 ], [ 31.127807999939957, -23.943028001940228 ], [ 31.129921751188572, -23.943331765048317 ], [ 31.130112543259955, -23.942202479160489 ], [ 31.130117699972608, -23.941851832595464 ], [ 31.129999099179777, -23.941398056274675 ], [ 31.131891556051173, -23.941083505798602 ], [ 31.134805012342156, -23.941459934128083 ], [ 31.135119561918941, -23.939696390575385 ], [ 31.135078309117411, -23.938371155903511 ], [ 31.135042213927733, -23.937437818799729 ], [ 31.137579240090581, -23.937345000670632 ], [ 31.137733936972282, -23.937247025828977 ], [ 31.138419759065354, -23.936597299824953 ], [ 31.138478001859049, -23.93665400207993 ], [ 31.139146833959952, -23.937076859708672 ], [ 31.139602562708824, -23.937352081033154 ], [ 31.139775934012892, -23.937406879423424 ], [ 31.139982197121448, -23.937422348661929 ], [ 31.142354213876647, -23.93733984395806 ], [ 31.142756424869873, -23.937164521125101 ], [ 31.143241142365611, -23.937747211663854 ], [ 31.143380369109526, -23.937953473873119 ], [ 31.14342677772434, -23.938133954318019 ], [ 31.143395838348045, -23.941202105692042 ], [ 31.143333959595257, -23.941532126306001 ], [ 31.147636998849165, -23.941530003006672 ], [ 31.150267004119705, -23.94005200139819 ], [ 31.152971567684457, -23.939969689149255 ], [ 31.153038603149824, -23.941733231802591 ], [ 31.153079855951354, -23.942950180006132 ], [ 31.153306744111699, -23.943017214572212 ], [ 31.153399562240793, -23.945719251941259 ], [ 31.155524063985197, -23.945703781803552 ], [ 31.157787794272068, -23.945714095228681 ], [ 31.161985232433302, -23.94571409522867 ], [ 31.164114890890271, -23.945708939415383 ], [ 31.164614485870683, -23.945718545973513 ], [ 31.165051696679303, -23.94575611335339 ], [ 31.16374163177171, -23.927035980325659 ], [ 31.163522995790384, -23.926865987774509 ], [ 31.162740001051009, -23.913319999817489 ], [ 31.161840002714694, -23.897890002321162 ], [ 31.161299996698244, -23.891179996858696 ], [ 31.161119997390696, -23.889009996613431 ], [ 31.160830002003692, -23.885459998379559 ], [ 31.160610000851545, -23.882809995784065 ], [ 31.160439992112636, -23.880629997775557 ], [ 31.160269998662216, -23.878610002648834 ], [ 31.16018999677167, -23.877560000093268 ], [ 31.158419996985973, -23.855909997247938 ], [ 31.15732368204295, -23.840587732237477 ], [ 31.154230000714534, -23.797350001001121 ], [ 31.154227000576174, -23.797310000055901 ], [ 31.152060001368504, -23.767050000356601 ], [ 31.150690000243841, -23.74794999999191 ], [ 31.14897999692985, -23.724069998630956 ], [ 31.14784000281437, -23.708230002911701 ], [ 31.144070010622979, -23.655510000785267 ], [ 31.144000000200279, -23.654499999175009 ], [ 31.143640000685892, -23.64952000244562 ], [ 31.143630002922745, -23.649359998664458 ], [ 31.143609998403193, -23.649019997374406 ], [ 31.144480000751848, -23.648850003024606 ], [ 31.144536432310915, -23.64868446931218 ], [ 31.144630432149135, -23.648410796620389 ], [ 31.144629900649761, -23.648410289402733 ], [ 31.144629997776597, -23.648410003418348 ], [ 31.140940000281212, -23.644879999811504 ], [ 31.138693599030763, -23.642457282876705 ], [ 31.137500763449871, -23.641170502316292 ], [ 31.136289596987726, -23.639509200888313 ], [ 31.135790536204713, -23.638966203726678 ], [ 31.134600001089595, -23.637669998271182 ], [ 31.133249997289905, -23.636549999682206 ], [ 31.13142858506157, -23.634956261621571 ], [ 31.130130768020887, -23.63381957970924 ], [ 31.126670836890039, -23.630750655817522 ], [ 31.125028834913156, -23.628942335919529 ], [ 31.124599998591414, -23.628469994893766 ], [ 31.124599627171456, -23.628469644158148 ], [ 31.124599539937236, -23.628469557823305 ], [ 31.124599451803647, -23.628469470588993 ], [ 31.122880936406453, -23.62689018193581 ], [ 31.121870040870014, -23.625259399001521 ], [ 31.121550976696525, -23.624767283682623 ], [ 31.120969997567727, -23.62387000129894 ], [ 31.120500601821718, -23.623275429816669 ], [ 31.119920730657569, -23.622539519982272 ], [ 31.119100571434618, -23.621229171788315 ], [ 31.117370604969782, -23.619430542085276 ], [ 31.115850449439076, -23.616039275991202 ], [ 31.114990229915552, -23.614120484272355 ], [ 31.114990198439219, -23.614120424917168 ], [ 31.114990166962972, -23.614120364662522 ], [ 31.114989997890397, -23.614120001336442 ], [ 31.114647908374568, -23.613570500277834 ], [ 31.11371994022344, -23.612079620377678 ], [ 31.113503184724564, -23.61186996142899 ], [ 31.11307999794392, -23.611460001877088 ], [ 31.113072074017335, -23.611427077696895 ], [ 31.113067626869796, -23.611406325840758 ], [ 31.112756259993692, -23.610143994249412 ], [ 31.112610003249376, -23.609550001930433 ], [ 31.111533179313042, -23.608424230593219 ], [ 31.109750748198774, -23.606559753429362 ], [ 31.104300010337521, -23.601499996726865 ], [ 31.102030000984048, -23.598359999413955 ], [ 31.101603628804703, -23.59778744333531 ], [ 31.100980759254984, -23.596950530641944 ], [ 31.100786155856706, -23.596224651845674 ], [ 31.100669999421211, -23.595789998708991 ], [ 31.100019996426045, -23.593060003216035 ], [ 31.100149997025039, -23.591499996926821 ], [ 31.100149997025039, -23.590199999929482 ], [ 31.101139708131353, -23.588670450980029 ], [ 31.103009079405748, -23.587850077718432 ], [ 31.103260002847151, -23.587740004297213 ], [ 31.103606574584063, -23.58763369184086 ], [ 31.10651969902521, -23.586740494177914 ], [ 31.107655531078247, -23.586641253090836 ], [ 31.109510003284349, -23.586479999252017 ], [ 31.111172976551984, -23.586226109846599 ], [ 31.112129211294395, -23.586080550976046 ], [ 31.112778037976373, -23.585893654767837 ], [ 31.114459996831677, -23.585410001170136 ], [ 31.116480000052288, -23.585109999026642 ], [ 31.117487181388665, -23.584687940895176 ], [ 31.118579864869162, -23.584230423394761 ], [ 31.120574322847048, -23.582907752690065 ], [ 31.121309999757013, -23.582419996385202 ], [ 31.123030001733511, -23.580499998675496 ], [ 31.123200003277816, -23.579280002669407 ], [ 31.124270002259141, -23.575970001114065 ], [ 31.125209999742015, -23.57279999702169 ], [ 31.125300000295066, -23.571400001708145 ], [ 31.124840003363762, -23.569069998580996 ], [ 31.124649998199182, -23.568700001303469 ], [ 31.123826629295817, -23.5678412188966 ], [ 31.12372016935069, -23.567729950276412 ], [ 31.123685327815956, -23.567648528356358 ], [ 31.123545535398414, -23.567320009610196 ], [ 31.12542152388448, -23.567632675107241 ], [ 31.126235961620665, -23.56688499494599 ], [ 31.127389907818284, -23.566139221347377 ], [ 31.128541945654607, -23.565120696862088 ], [ 31.129220962577655, -23.563661574721284 ], [ 31.128881454116129, -23.561557769974527 ], [ 31.128170013036033, -23.559658051077573 ], [ 31.127525330429975, -23.558029174706014 ], [ 31.12698173521926, -23.555721283210062 ], [ 31.126472473426166, -23.554227828550829 ], [ 31.125591278115316, -23.553243636583975 ], [ 31.124538422010875, -23.552463531366307 ], [ 31.123249054100835, -23.550630569144932 ], [ 31.122774123926973, -23.549003601134654 ], [ 31.122129440421642, -23.54727172900655 ], [ 31.120635985762405, -23.546356201177183 ], [ 31.12090683008644, -23.545133590841992 ], [ 31.122129440421634, -23.544252396430416 ], [ 31.123519896626213, -23.543539046988851 ], [ 31.125047683803874, -23.543132781851849 ], [ 31.126472473426155, -23.543302536082606 ], [ 31.127830504574408, -23.543437957794936 ], [ 31.128475188979021, -23.544963836611213 ], [ 31.129560471039245, -23.545337676691886 ], [ 31.130443572912831, -23.544862747417305 ], [ 31.130748748856011, -23.543369292758072 ], [ 31.130884170568347, -23.542045593228977 ], [ 31.129629135176721, -23.54075622621831 ], [ 31.128814697440628, -23.540010451720423 ], [ 31.128541945654582, -23.538925170559569 ], [ 31.128881454116105, -23.537702560224375 ], [ 31.130170822026145, -23.536073684752179 ], [ 31.131460189936099, -23.534887314397512 ], [ 31.13247871442147, -23.533630370644513 ], [ 31.133258819639053, -23.533054352176041 ], [ 31.134515761593391, -23.532136916884653 ], [ 31.134956360148191, -23.531764984265994 ], [ 31.137094498312752, -23.531595230035229 ], [ 31.138349532805002, -23.531661986710706 ], [ 31.13892555217285, -23.531661986710702 ], [ 31.139707564852532, -23.532613753621227 ], [ 31.140453339350426, -23.532884597945273 ], [ 31.141912459692577, -23.532613753621224 ], [ 31.143371581833378, -23.531866074359254 ], [ 31.14401626623799, -23.530305862125175 ], [ 31.145204544054756, -23.527013778662358 ], [ 31.145305634148031, -23.525825499946315 ], [ 31.146120070984757, -23.52474021878546 ], [ 31.146900177101799, -23.52412986779855 ], [ 31.148359299242596, -23.524061202761693 ], [ 31.149139403560987, -23.523960113567782 ], [ 31.149208068597751, -23.523180008350124 ], [ 31.148393630861651, -23.521720886209327 ], [ 31.146833420426315, -23.520126343255562 ], [ 31.146085739365692, -23.518564223559469 ], [ 31.146390915308782, -23.517545699973475 ], [ 31.147172927988464, -23.516698837180954 ], [ 31.148462295898501, -23.516019821157187 ], [ 31.149478912022495, -23.514797210821989 ], [ 31.150192260564694, -23.513711928761865 ], [ 31.15070152325697, -23.512048720771233 ], [ 31.151412964337151, -23.510623932048141 ], [ 31.151685715223831, -23.509742736737284 ], [ 31.151922226130154, -23.509098053231956 ], [ 31.152566909635404, -23.508146286321427 ], [ 31.152839661421538, -23.507095336779724 ], [ 31.152635573772976, -23.506179809849719 ], [ 31.151515960993059, -23.505567551400716 ], [ 31.150905609106875, -23.505025863652016 ], [ 31.150428772370201, -23.504413605203098 ], [ 31.151176453430907, -23.503124237293054 ], [ 31.151617050186967, -23.502107620269872 ], [ 31.151380539280726, -23.500818253259197 ], [ 31.150735854876103, -23.499290466081458 ], [ 31.150497437407051, -23.498069763208363 ], [ 31.14988708462149, -23.496881485391597 ], [ 31.148834229416423, -23.496337891080167 ], [ 31.148088454918533, -23.495828629287164 ], [ 31.147035598814096, -23.494199752915691 ], [ 31.146663666195526, -23.493183135892334 ], [ 31.146085739365663, -23.49138450618938 ], [ 31.145950316753954, -23.490129470797854 ], [ 31.145339965767047, -23.488737106231813 ], [ 31.14527130073019, -23.487516403358718 ], [ 31.145713805847716, -23.48568344113724 ], [ 31.146663666195511, -23.483953475571774 ], [ 31.147308349700843, -23.48320579541053 ], [ 31.148664474286367, -23.482831955329857 ], [ 31.150327682276991, -23.482120514249758 ], [ 31.151142120013088, -23.481000899671194 ], [ 31.151311874243845, -23.479642867623582 ], [ 31.150056838852318, -23.478252411419007 ], [ 31.149988173815462, -23.476995467666107 ], [ 31.149988173815462, -23.475673675599012 ], [ 31.151210785049937, -23.474315642652208 ], [ 31.151380539280698, -23.472280502042928 ], [ 31.151277541725406, -23.470514297396303 ], [ 31.151550292612168, -23.468988418580022 ], [ 31.151651381806072, -23.46715545725792 ], [ 31.151243210106252, -23.464780807287838 ], [ 31.151380539280687, -23.463321686046317 ], [ 31.150598525701625, -23.462303161561032 ], [ 31.150123596427054, -23.461183547881841 ], [ 31.150701523256913, -23.460233688433327 ], [ 31.151176453430857, -23.458944321422653 ], [ 31.151210785049916, -23.457551955957417 ], [ 31.151720046842922, -23.456230163890332 ], [ 31.152500152959956, -23.455245971923382 ], [ 31.153823853388332, -23.454498290862844 ], [ 31.15490913364982, -23.454328536631994 ], [ 31.156063079847439, -23.452972412046567 ], [ 31.156742095871287, -23.451274872436798 ], [ 31.156877517583624, -23.450155257858235 ], [ 31.156860506007742, -23.450097307344247 ], [ 31.156469344984515, -23.448764800754386 ], [ 31.155214309592996, -23.447576522937613 ], [ 31.154468535994383, -23.446966171051336 ], [ 31.153856276646092, -23.446083069177668 ], [ 31.153686523314612, -23.4447593687492 ], [ 31.153823853388321, -23.443674087588445 ], [ 31.155485153017565, -23.441841125367056 ], [ 31.156503676603656, -23.440891265918538 ], [ 31.157047271814367, -23.440076828182438 ], [ 31.157148361008272, -23.438957213603882 ], [ 31.15674209587127, -23.437667846593211 ], [ 31.155620574729895, -23.436073302740073 ], [ 31.155620574729895, -23.434953689960164 ], [ 31.156808853446027, -23.433834076280977 ], [ 31.158098221356067, -23.432510375852512 ], [ 31.158742904861398, -23.430746077768607 ], [ 31.158981323229646, -23.428812027252604 ], [ 31.159252166654305, -23.426843643318886 ], [ 31.159660339253495, -23.424739837672746 ], [ 31.159997940252911, -23.423585892374412 ], [ 31.160337447815152, -23.422533035370698 ], [ 31.160167693584395, -23.421583175922184 ], [ 31.159082413322913, -23.420497893862056 ], [ 31.158370972242732, -23.419343947664434 ], [ 31.158302307205869, -23.418291091559997 ], [ 31.158063888837532, -23.41686630193762 ], [ 31.157793045412866, -23.415475844833679 ], [ 31.158506393055777, -23.414356232053855 ], [ 31.158981323229625, -23.412048339658533 ], [ 31.159286499172808, -23.410623550036163 ], [ 31.158811568998861, -23.408721923677202 ], [ 31.158166884594241, -23.407365799091686 ], [ 31.157217026045092, -23.405736922720127 ], [ 31.157217026045089, -23.403972626434971 ], [ 31.157453536951323, -23.402648926006496 ], [ 31.156877517583567, -23.401868819889462 ], [ 31.154909133649763, -23.400951384598095 ], [ 31.153585434120657, -23.399730681724993 ], [ 31.153245925659135, -23.398475647232665 ], [ 31.153009414752802, -23.396541594918006 ], [ 31.15229606621061, -23.394979477020573 ], [ 31.152227402073112, -23.391349791658971 ], [ 31.152364731247548, -23.388633727563821 ], [ 31.153179168983641, -23.386564255335486 ], [ 31.154264450144399, -23.385309219044579 ], [ 31.156843185065117, -23.385545730850186 ], [ 31.158912659092103, -23.386123656780672 ], [ 31.16027069113964, -23.384630203020819 ], [ 31.161321639781967, -23.382900238354626 ], [ 31.163324356234202, -23.381441116213914 ], [ 31.16566658024859, -23.379878998316471 ], [ 31.166173934579572, -23.378114700232572 ], [ 31.166547774660241, -23.375740051161767 ], [ 31.166276932134856, -23.373737334709627 ], [ 31.166479111422028, -23.371837615812684 ], [ 31.168245316068653, -23.368579864868202 ], [ 31.169466018941751, -23.366306304991305 ], [ 31.170280456677936, -23.364303589438443 ], [ 31.17065429675851, -23.361724853618444 ], [ 31.171094894414026, -23.358535766811542 ], [ 31.171468735393972, -23.356498717840886 ], [ 31.172485352417244, -23.353683472013934 ], [ 31.173063278347733, -23.351783752217706 ], [ 31.173540115084311, -23.350185394339832 ], [ 31.216863631751398, -23.348443984901234 ], [ 31.217231750345135, -23.346883773566518 ], [ 31.217451095891569, -23.345790862557454 ], [ 31.217742919600234, -23.344406127839804 ], [ 31.217742919600234, -23.343238831206317 ], [ 31.217451095891562, -23.340688704619268 ], [ 31.217086792221842, -23.338792800646424 ], [ 31.217086792221838, -23.336971283197375 ], [ 31.220180511321672, -23.336589813268482 ], [ 31.224264144774672, -23.336446761707919 ], [ 31.228349685689679, -23.336589813268461 ], [ 31.233938216775492, -23.337808608679531 ], [ 31.238309859912331, -23.340030669778738 ], [ 31.240961074793923, -23.342752457159367 ], [ 31.244758606025101, -23.348628997929083 ], [ 31.250850677417084, -23.353717803632911 ], [ 31.255937575658844, -23.355365752826369 ], [ 31.260667800978467, -23.354146957415281 ], [ 31.265110015714882, -23.355222702165072 ], [ 31.269052505069347, -23.357515334863958 ], [ 31.273996352649842, -23.362100601160904 ], [ 31.278224945125405, -23.366687774919949 ], [ 31.28266715986182, -23.368049621891675 ], [ 31.286106109809392, -23.367046356203446 ], [ 31.290836334229738, -23.370269774629485 ], [ 31.292341231862661, -23.374856949287913 ], [ 31.294275284177328, -23.378438949896744 ], [ 31.297071457182295, -23.381090163878959 ], [ 31.299722672063979, -23.382595062411315 ], [ 31.300582886191645, -23.381378173562876 ], [ 31.301052860201661, -23.380710810954223 ], [ 31.301441192857116, -23.380159378151784 ], [ 31.301599230720356, -23.379265692156974 ], [ 31.301656722579985, -23.378940581841416 ], [ 31.301942824801898, -23.378080367713842 ], [ 31.30344772333418, -23.376647949142622 ], [ 31.304738997806858, -23.375501632793135 ], [ 31.305303486966721, -23.375078031425009 ], [ 31.305885315055626, -23.37464141776627 ], [ 31.306132831865078, -23.374182146587845 ], [ 31.306386947899689, -23.37371063203911 ], [ 31.307533264249091, -23.372777938849843 ], [ 31.308895111220817, -23.371631621601075 ], [ 31.310256958192451, -23.370412827089361 ], [ 31.311044693258346, -23.369554520423794 ], [ 31.312477111829661, -23.36955452042379 ], [ 31.314769745427739, -23.369409561401131 ], [ 31.316061019900516, -23.368907927657784 ], [ 31.317970866962344, -23.368272443317601 ], [ 31.31821060193813, -23.368192672552762 ], [ 31.318378999991236, -23.368102641422745 ], [ 31.319284439225935, -23.367618560647013 ], [ 31.319858551131595, -23.367259979363592 ], [ 31.319931030193271, -23.365541457671082 ], [ 31.319643021408719, -23.362674713066539 ], [ 31.31949996894879, -23.360525131029011 ], [ 31.319070816065686, -23.356296538553465 ], [ 31.318998337003997, -23.353286743287548 ], [ 31.319213866726948, -23.350563049344277 ], [ 31.319141387665258, -23.348127365084846 ], [ 31.320575713698577, -23.344545363576628 ], [ 31.322223662892032, -23.340890883906191 ], [ 31.323154448619192, -23.337522507356859 ], [ 31.323299407641933, -23.334648132004723 ], [ 31.323396682810998, -23.331621169580274 ], [ 31.322713851863121, -23.327518463305392 ], [ 31.32215499875452, -23.325576782041793 ], [ 31.321422577390337, -23.322710037437254 ], [ 31.320955276165414, -23.319576263432776 ], [ 31.319955826300578, -23.315509796239144 ], [ 31.319421768400186, -23.312910080135065 ], [ 31.318555831886396, -23.308376311716419 ], [ 31.317955017310432, -23.305643082261483 ], [ 31.317955017310428, -23.300977707054521 ], [ 31.321823120141183, -23.301576614168457 ], [ 31.327487946112168, -23.301378249805378 ], [ 31.330354690716714, -23.300710677654649 ], [ 31.33342170714635, -23.299577712640303 ], [ 31.339155197254911, -23.299177169889408 ], [ 31.344287871888142, -23.298776627138604 ], [ 31.349288939733153, -23.297977448199564 ], [ 31.353221892676473, -23.296644211360224 ], [ 31.359220504722863, -23.293910980106521 ], [ 31.363554001316427, -23.291244507327043 ], [ 31.366821288671851, -23.287044524983699 ], [ 31.369020462025052, -23.284044266128824 ], [ 31.372688293030635, -23.280311584111114 ], [ 31.375886917147859, -23.277912139832196 ], [ 31.378154754638548, -23.276777267355833 ], [ 31.380020141916354, -23.276378632066962 ], [ 31.38202095000721, -23.27711105343122 ], [ 31.385021209761373, -23.280645370186477 ], [ 31.388286590554081, -23.282644271714506 ], [ 31.392753601397978, -23.283576964903745 ], [ 31.398220062106613, -23.282176971388836 ], [ 31.401954650686971, -23.282377243213901 ], [ 31.405353545729987, -23.281911850350355 ], [ 31.409553528073328, -23.28104400637455 ], [ 31.413087844828596, -23.279710770434402 ], [ 31.414752960281319, -23.278711318771098 ], [ 31.417953490961267, -23.277578353756748 ], [ 31.422220229980098, -23.279310225884846 ], [ 31.424953461233699, -23.279644011960233 ], [ 31.42815399191365, -23.278377532695643 ], [ 31.429754257253631, -23.276576996429871 ], [ 31.430953978943442, -23.27464485157731 ], [ 31.434085846385191, -23.274110793676819 ], [ 31.436420440551359, -23.273178101386922 ], [ 31.439552307093731, -23.268978119043574 ], [ 31.441219330008554, -23.266645432339413 ], [ 31.440219879244523, -23.264110564549519 ], [ 31.440553665319836, -23.262111663920773 ], [ 31.442087173085053, -23.260377884330467 ], [ 31.444419860688491, -23.260177611606096 ], [ 31.447420120442651, -23.260711670405851 ], [ 31.450286865047296, -23.262111663920734 ], [ 31.453351974014925, -23.263311385610542 ], [ 31.455753325755943, -23.263044357109973 ], [ 31.457286835319721, -23.261711121169924 ], [ 31.458019256683894, -23.259044646591711 ], [ 31.458486557009525, -23.257577896401337 ], [ 31.461286544938606, -23.257045745962944 ], [ 31.462820052703822, -23.255779265798999 ], [ 31.464685439981629, -23.254577636647078 ], [ 31.466352462896356, -23.25357818588305 ], [ 31.468286514311739, -23.252378464193324 ], [ 31.470752716165414, -23.252311706618467 ], [ 31.474084853633681, -23.252578735119013 ], [ 31.476219176874061, -23.253644942558584 ], [ 31.478351592652416, -23.253377914058017 ], [ 31.481418609981425, -23.251710892042468 ], [ 31.484218597011214, -23.251977921442382 ], [ 31.487285614340227, -23.251844406292776 ], [ 31.49101829455919, -23.251512526780076 ], [ 31.492818831724335, -23.249044418363585 ], [ 31.493885040063098, -23.245645523320658 ], [ 31.495952605728796, -23.242444991741419 ], [ 31.497352600142971, -23.240045546563127 ], [ 31.500617980935672, -23.237911224222032 ], [ 31.503351212189273, -23.235912322693903 ], [ 31.505151749354319, -23.233312606589902 ], [ 31.506685257119535, -23.229511261333993 ], [ 31.50715255744516, -23.226579665717331 ], [ 31.50735092180814, -23.224445343376242 ], [ 31.51055145338746, -23.223579406862441 ], [ 31.512685775728553, -23.222446441848092 ], [ 31.515552521232475, -23.220846175608834 ], [ 31.516151428346323, -23.218578339017427 ], [ 31.518218994011935, -23.216913222665415 ], [ 31.519817351889905, -23.215778351088339 ], [ 31.522218703630834, -23.215246200649943 ], [ 31.52401733423325, -23.215179443075179 ], [ 31.526084899898873, -23.216646194164824 ], [ 31.527952193739416, -23.218912125092771 ], [ 31.530618668317537, -23.219844818282027 ] ] ] } },
{ "type": "Feature", "properties": { "Municipali": "Ba-Phalaborwa Local Municipality", "WardNo": "12", "WardLabel": "LIM334_12", "Province": "Limpopo", "CLASSIFICATION": "Mining", "PopGBlack": 2055.706862, "PopGColour": 40.568324459000003, "PopGIndian": 70.860941480999998, "PopGWhite": 6576.0261481999996, "PopGOther": 18.8224886, "PopGTotal": 8761.9847647000006 }, "geometry": { "type": "Polygon", "coordinates": [ [ [ 31.154230000714534, -23.797350001001121 ], [ 31.15732368204295, -23.840587732237477 ], [ 31.158419996985973, -23.855909997247938 ], [ 31.16018999677167, -23.877560000093268 ], [ 31.160269998662216, -23.878610002648834 ], [ 31.160439992112636, -23.880629997775557 ], [ 31.160610000851545, -23.882809995784065 ], [ 31.160830002003692, -23.885459998379559 ], [ 31.161119997390696, -23.889009996613431 ], [ 31.161299996698244, -23.891179996858696 ], [ 31.161840002714694, -23.897890002321162 ], [ 31.162740001051009, -23.913319999817489 ], [ 31.163522995790384, -23.926865987774509 ], [ 31.16374163177171, -23.927035980325659 ], [ 31.165051696679303, -23.94575611335339 ], [ 31.164614485870683, -23.945718545973513 ], [ 31.164114890890271, -23.945708939415383 ], [ 31.161985232433302, -23.94571409522867 ], [ 31.157787794272068, -23.945714095228681 ], [ 31.155524063985197, -23.945703781803552 ], [ 31.153399562240793, -23.945719251941259 ], [ 31.153306744111699, -23.943017214572212 ], [ 31.153079855951354, -23.942950180006132 ], [ 31.153038603149824, -23.941733231802591 ], [ 31.152971567684457, -23.939969689149255 ], [ 31.150267004119705, -23.94005200139819 ], [ 31.147636998849165, -23.941530003006672 ], [ 31.143333959595257, -23.941532126306001 ], [ 31.143395838348045, -23.941202105692042 ], [ 31.14342677772434, -23.938133954318019 ], [ 31.143380369109526, -23.937953473873119 ], [ 31.143241142365611, -23.937747211663854 ], [ 31.142756424869873, -23.937164521125101 ], [ 31.142354213876647, -23.93733984395806 ], [ 31.139982197121448, -23.937422348661929 ], [ 31.139775934012892, -23.937406879423424 ], [ 31.139602562708824, -23.937352081033154 ], [ 31.139146833959952, -23.937076859708672 ], [ 31.138478001859049, -23.93665400207993 ], [ 31.138419759065354, -23.936597299824953 ], [ 31.137733936972282, -23.937247025828977 ], [ 31.137579240090581, -23.937345000670632 ], [ 31.135042213927733, -23.937437818799729 ], [ 31.135078309117411, -23.938371155903511 ], [ 31.135119561918941, -23.939696390575385 ], [ 31.134805012342156, -23.941459934128083 ], [ 31.131891556051173, -23.941083505798602 ], [ 31.129999099179777, -23.941398056274675 ], [ 31.130117699972608, -23.941851832595464 ], [ 31.130112543259955, -23.942202479160489 ], [ 31.129921751188572, -23.943331765048317 ], [ 31.127807999939957, -23.943028001940228 ], [ 31.123446645047334, -23.942379546678215 ], [ 31.122245111223599, -23.942156745936536 ], [ 31.121871123654156, -23.942053303216817 ], [ 31.121473265379564, -23.941910072691151 ], [ 31.121011748594057, -23.941711143553899 ], [ 31.120773033449431, -23.941567914826894 ], [ 31.119587414028654, -23.940891553601819 ], [ 31.117399189022031, -23.939626363065667 ], [ 31.11434363175384, -23.937804169326395 ], [ 31.110102455964238, -23.935329485966481 ], [ 31.106115908822762, -23.933005990333701 ], [ 31.100697069914489, -23.929862903849386 ], [ 31.098612289426239, -23.928637498421335 ], [ 31.097967757906265, -23.928271468053271 ], [ 31.097569898732484, -23.928088453318971 ], [ 31.097227739968847, -23.927953180894072 ], [ 31.096893539305963, -23.927825865670634 ], [ 31.096471807628475, -23.927722422951 ], [ 31.094005083268584, -23.927022191020786 ], [ 31.091944172586111, -23.926449274314091 ], [ 31.085156698623308, -23.924563422963111 ], [ 31.083716449655039, -23.924181478192192 ], [ 31.08326428132213, -23.924073841933801 ], [ 31.082991436006544, -23.924007982781706 ], [ 31.082756783099661, -23.923964756867569 ], [ 31.082779989205676, -23.923776999108721 ], [ 31.082983188324004, -23.922690799740138 ], [ 31.089127002209889, -23.889849000230701 ], [ 31.089140000111495, -23.889783999931172 ], [ 31.089558998749322, -23.889098001571 ], [ 31.090455996047897, -23.887629001276885 ], [ 31.095650999094932, -23.87912599856551 ], [ 31.098946419042612, -23.873725861059111 ], [ 31.098991111750987, -23.873652623869013 ], [ 31.099926995734897, -23.872119009084429 ], [ 31.101004997782972, -23.87035298969823 ], [ 31.112249995641363, -23.851928000676157 ], [ 31.112386652122872, -23.851718556665485 ], [ 31.111879326570193, -23.851700291434742 ], [ 31.101129779616176, -23.851313257400431 ], [ 31.100078886731815, -23.851276682872136 ], [ 31.095494806640556, -23.851117144040487 ], [ 31.086957365290754, -23.850777214696183 ], [ 31.086247265999031, -23.850760930671917 ], [ 31.084572365922433, -23.850722522425997 ], [ 31.08373941474267, -23.850680423362395 ], [ 31.077860884672557, -23.850383314337996 ], [ 31.073156392554015, -23.850216336314421 ], [ 31.069983192271028, -23.850080240110515 ], [ 31.066136672270098, -23.849865349805594 ], [ 31.061659809353184, -23.849707765200762 ], [ 31.059501503891806, -23.849665444903902 ], [ 31.055814816800812, -23.849593157397884 ], [ 31.051803548195704, -23.849564504997527 ], [ 31.046288052851786, -23.849543015697147 ], [ 31.044160648095865, -23.84947854869564 ], [ 31.039920162985609, -23.849492874895866 ], [ 31.037620847424549, -23.849435570994419 ], [ 31.037155253112818, -23.849492874895869 ], [ 31.036956173788862, -23.849475974835951 ], [ 31.052388997854393, -23.820390998745168 ], [ 31.042185002136566, -23.81803300421932 ], [ 31.027556296985932, -23.81450976261501 ], [ 31.028292894801645, -23.807865938262029 ], [ 31.02882728994782, -23.803041944229886 ], [ 31.069740835771412, -23.808824867373286 ], [ 31.097285189560392, -23.812780592050132 ], [ 31.132737265912741, -23.817777481644882 ], [ 31.139974141893713, -23.810928296203318 ], [ 31.154227000576174, -23.797310000055901 ], [ 31.154230000714534, -23.797350001001121 ] ] ] } },
{ "type": "Feature", "properties": { "Municipali": "Ba-Phalaborwa Local Municipality", "WardNo": "13", "WardLabel": "LIM334_13", "Province": "Limpopo", "CLASSIFICATION": "Mining", "PopGBlack": 22138.140531000001, "PopGColour": 22.124809781, "PopGIndian": 0.849623337, "PopGWhite": 16.508371443000001, "PopGOther": 2.5217075, "PopGTotal": 22180.145043 }, "geometry": { "type": "Polygon", "coordinates": [ [ [ 31.092813999566992, -23.867537001031273 ], [ 31.093586997442483, -23.869196996643538 ], [ 31.095938998886226, -23.868345004118112 ], [ 31.095758709996986, -23.867819384556466 ], [ 31.096363361080847, -23.867682482560056 ], [ 31.096671390572812, -23.868526713036868 ], [ 31.096746608070106, -23.868665112404479 ], [ 31.09695660426441, -23.86905150432294 ], [ 31.097082096562119, -23.86939375931404 ], [ 31.097218998558528, -23.869644746607211 ], [ 31.097310268054933, -23.870021227097379 ], [ 31.097549845649404, -23.870283623190144 ], [ 31.097663930946265, -23.87054601928282 ], [ 31.09889604981338, -23.873455187606297 ], [ 31.098991111750987, -23.873652623869013 ], [ 31.098946419042612, -23.873725861059111 ], [ 31.095650999094932, -23.87912599856551 ], [ 31.090455996047897, -23.887629001276885 ], [ 31.089558998749322, -23.889098001571 ], [ 31.089140000111495, -23.889783999931172 ], [ 31.089127002209889, -23.889849000230701 ], [ 31.082983188324004, -23.922690799740138 ], [ 31.082779989205676, -23.923776999108721 ], [ 31.082756783099661, -23.923964756867569 ], [ 31.066416478338354, -23.922581348649839 ], [ 31.066465105580765, -23.922143692676862 ], [ 31.066367850196656, -23.921851922927438 ], [ 31.066610991804396, -23.921462895096067 ], [ 31.066465105580757, -23.921122496305664 ], [ 31.066270593013993, -23.920927982839707 ], [ 31.066319221155684, -23.920587584049319 ], [ 31.066221963973021, -23.920295813400607 ], [ 31.066221963973021, -23.920052670893586 ], [ 31.065832937040927, -23.919663643062218 ], [ 31.065589795433279, -23.919371873312873 ], [ 31.06549253825062, -23.918836960157147 ], [ 31.06549253825062, -23.918204789818674 ], [ 31.065687050817296, -23.917669876662941 ], [ 31.065687050817296, -23.916940450940636 ], [ 31.065784307999959, -23.916405537784915 ], [ 31.065735679858257, -23.915919253670154 ], [ 31.065589795433276, -23.915287084231135 ], [ 31.065346652026982, -23.91402274535292 ], [ 31.065249395743596, -23.913293317831869 ], [ 31.065249395743596, -23.912515263068496 ], [ 31.065930194223679, -23.911737208305041 ], [ 31.066513734621719, -23.911445437656333 ], [ 31.066708248987052, -23.910764640075616 ], [ 31.06700001873639, -23.910083841595537 ], [ 31.06700001873639, -23.909548929339184 ], [ 31.066173335831323, -23.909548929339184 ], [ 31.065346652026975, -23.909597556581506 ], [ 31.064471340980127, -23.90959755658151 ], [ 31.064033685007068, -23.90959755658151 ], [ 31.063498771851428, -23.909646185622481 ], [ 31.062915230553926, -23.909646185622478 ], [ 31.062380318297659, -23.909646185622485 ], [ 31.061553635392496, -23.909403044014837 ], [ 31.061213234803446, -23.909014016183463 ], [ 31.060880107031856, -23.908608753790489 ], [ 31.060939491065195, -23.907767473989288 ], [ 31.060969183081859, -23.906807426121329 ], [ 31.060909799048527, -23.905451481400288 ], [ 31.060711851071577, -23.904342970750974 ], [ 31.060454518162015, -23.903175076967777 ], [ 31.060058622208128, -23.902066568117117 ], [ 31.059702315310101, -23.901433134231322 ], [ 31.059326214333868, -23.900977853344823 ], [ 31.058752163581953, -23.90046318842499 ], [ 31.057847859291751, -23.899754879683467 ], [ 31.057293842737156, -23.899306778984247 ], [ 31.056919068260907, -23.899021623748467 ], [ 31.056699091390403, -23.898826088652626 ], [ 31.056462818804548, -23.898516491642376 ], [ 31.056373198664708, -23.898394281870207 ], [ 31.056373198664708, -23.898288367813482 ], [ 31.056397641338641, -23.898141716266746 ], [ 31.05650355629464, -23.897995064720025 ], [ 31.056576880718957, -23.897783235707294 ], [ 31.056731680123448, -23.897302545375751 ], [ 31.0569190682609, -23.896992948365408 ], [ 31.05696795091065, -23.896724087945877 ], [ 31.057024982317625, -23.896414490935548 ], [ 31.057024982317625, -23.896202661023541 ], [ 31.057016835359139, -23.895925652746239 ], [ 31.056951656993853, -23.895567173086139 ], [ 31.056821300263287, -23.895070187938359 ], [ 31.056658353900492, -23.894670970788273 ], [ 31.056430230071594, -23.893954008770066 ], [ 31.056397641338641, -23.893685149249823 ], [ 31.056397641338641, -23.893465172379329 ], [ 31.056389494380152, -23.89323704765124 ], [ 31.056324315115589, -23.892878567091778 ], [ 31.056316168157107, -23.892626000589043 ], [ 31.056270484395881, -23.892477527915151 ], [ 31.057189622103873, -23.891837206121693 ], [ 31.058296202808005, -23.891062600258334 ], [ 31.059159336134954, -23.890431849050184 ], [ 31.059723692195146, -23.88984536067445 ], [ 31.060232719265155, -23.889181412791462 ], [ 31.060564693206562, -23.888661319563781 ], [ 31.060918798564217, -23.887886712801045 ], [ 31.061106917850498, -23.887289159166915 ], [ 31.06121097210913, -23.886603354160979 ], [ 31.03656200363406, -23.883842598256859 ], [ 31.036876239347418, -23.883589823111414 ], [ 31.037194423084642, -23.883252921784496 ], [ 31.037531324411571, -23.882803721214326 ], [ 31.038336142999075, -23.881643283710115 ], [ 31.038710477706843, -23.880819748432177 ], [ 31.038972512272085, -23.880202095849594 ], [ 31.039103529105027, -23.87979032776099 ], [ 31.039814764240433, -23.879303692910614 ], [ 31.040132948876941, -23.87947214402385 ], [ 31.040301399090808, -23.87950957740469 ], [ 31.041330818862729, -23.87975289527952 ], [ 31.041723870260913, -23.879996212254973 ], [ 31.042079488278258, -23.880183379159163 ], [ 31.042622273199797, -23.880295680201055 ], [ 31.042940456937021, -23.880407980343577 ], [ 31.043576826210032, -23.880389262753873 ], [ 31.044531379220274, -23.880464130414829 ], [ 31.044886997237619, -23.880445413724409 ], [ 31.045317481117362, -23.880407980343573 ], [ 31.045729249205966, -23.880351830272311 ], [ 31.046028717152051, -23.880220813439365 ], [ 31.048124990076719, -23.87883577475074 ], [ 31.048555474855739, -23.878536307704017 ], [ 31.048668848788829, -23.878542225243013 ], [ 31.048868724012852, -23.878567209308851 ], [ 31.048982937912697, -23.878613608031142 ], [ 31.049015060796876, -23.878510102358923 ], [ 31.04903290694357, -23.878413733706399 ], [ 31.049047183681054, -23.87829951890718 ], [ 31.049093583302703, -23.878088937254272 ], [ 31.049143552333572, -23.877867647373627 ], [ 31.049211365712395, -23.877710603261249 ], [ 31.049286319708386, -23.877567834987151 ], [ 31.04926490415248, -23.877417928793918 ], [ 31.049343426658314, -23.87733940718746 ], [ 31.049318441693185, -23.877182363075161 ], [ 31.049250628314272, -23.877046732720128 ], [ 31.049172104909257, -23.876839719576971 ], [ 31.049015060796869, -23.876604153858214 ], [ 31.048890138669471, -23.876450678255765 ], [ 31.048715249309769, -23.876372155749937 ], [ 31.048649742691946, -23.87629395340285 ], [ 31.048871605440745, -23.876199456239505 ], [ 31.048908581965961, -23.87611317708102 ], [ 31.049019513340358, -23.876154261709356 ], [ 31.049278350815719, -23.876166587817394 ], [ 31.049574166614956, -23.876285736297266 ], [ 31.049985021891693, -23.876088524865111 ], [ 31.050445178902415, -23.875722864118455 ], [ 31.050486265329386, -23.875570848115725 ], [ 31.051793467694846, -23.874867830085893 ], [ 31.052542137110375, -23.874549644550019 ], [ 31.054301508708207, -23.87359509243915 ], [ 31.055802490692876, -23.872895554785568 ], [ 31.056320690847663, -23.872958367034567 ], [ 31.057388497281778, -23.87309969369543 ], [ 31.058503412003301, -23.873272428279478 ], [ 31.059712545098378, -23.873492270251578 ], [ 31.06089287021025, -23.873726145244994 ], [ 31.062309002059287, -23.873916020007837 ], [ 31.063689866994217, -23.874297573573646 ], [ 31.065234254757588, -23.874697298840847 ], [ 31.066233565227336, -23.874988007390161 ], [ 31.066596950689238, -23.875006176393441 ], [ 31.067051182966186, -23.875006176393438 ], [ 31.066887659238645, -23.875478576774469 ], [ 31.066778643420147, -23.875841963135645 ], [ 31.066760474416864, -23.876169009691537 ], [ 31.066760474416864, -23.876387041328375 ], [ 31.066960336151137, -23.876677749877782 ], [ 31.067432737431371, -23.876768595793632 ], [ 31.067723445980779, -23.876695918881055 ], [ 31.068032324432753, -23.876786764796911 ], [ 31.068177678257815, -23.87687761161196 ], [ 31.068304863079426, -23.877041135339674 ], [ 31.068341201086071, -23.877440858808139 ], [ 31.068341201086071, -23.877931429991012 ], [ 31.068341201086071, -23.878258477446263 ], [ 31.068341201086071, -23.878621862008785 ], [ 31.068323032082795, -23.878912570558199 ], [ 31.068268524173583, -23.879893711125394 ], [ 31.068268524173583, -23.880238927584013 ], [ 31.068286693176866, -23.880456959220847 ], [ 31.068475611061139, -23.880506376067903 ], [ 31.068610103773754, -23.880567510181944 ], [ 31.068842411248788, -23.880518603250461 ], [ 31.068903543564264, -23.880371883355288 ], [ 31.069086945007005, -23.880237388843945 ], [ 31.069221437719708, -23.880090668948689 ], [ 31.069404838263168, -23.87989504212204 ], [ 31.069551559057707, -23.879711641578574 ], [ 31.069686051770404, -23.87961382771552 ], [ 31.069796091916647, -23.879418200888782 ], [ 31.069955038994365, -23.879381521139852 ], [ 31.070052852857422, -23.879283708176164 ], [ 31.070065079140608, -23.879124761098357 ], [ 31.070065079140608, -23.878978041203194 ], [ 31.07007730632316, -23.878831321307935 ], [ 31.070101758889621, -23.878696826796681 ], [ 31.070248479684071, -23.878672374230213 ], [ 31.070395199579327, -23.878745733728156 ], [ 31.070541920373859, -23.878672374230213 ], [ 31.070541920373859, -23.878513427152491 ], [ 31.070431880227623, -23.87835448007468 ], [ 31.07033406636457, -23.878244439928441 ], [ 31.070113986072091, -23.878207760179521 ], [ 31.070089532606346, -23.878061040284347 ], [ 31.070101758889614, -23.877902093206625 ], [ 31.070150665821103, -23.87775537331137 ], [ 31.070309612898829, -23.877559745585355 ], [ 31.070444105611529, -23.877437479155834 ], [ 31.070480786259825, -23.877290759260674 ], [ 31.070566372940323, -23.877119585000393 ], [ 31.070725320018042, -23.877205171680899 ], [ 31.071336653963908, -23.877706466379891 ], [ 31.071544507973201, -23.877865412558332 ], [ 31.0720091220239, -23.878048813101792 ], [ 31.072779403047488, -23.87807326566816 ], [ 31.074967978789729, -23.877804279343565 ], [ 31.07597056728844, -23.877645332265843 ], [ 31.076312914010259, -23.877474158904842 ], [ 31.077046515285016, -23.876948411639393 ], [ 31.077327728792152, -23.876691650698618 ], [ 31.07906391766625, -23.875151088651346 ], [ 31.079687478794586, -23.874686474600644 ], [ 31.082157268044057, -23.872522352324236 ], [ 31.082401801802273, -23.872326724598224 ], [ 31.082597428629018, -23.872106645205026 ], [ 31.082615228910171, -23.871910843010468 ], [ 31.083940799029183, -23.872954921731811 ], [ 31.08432307115336, -23.873292219659717 ], [ 31.08443550439554, -23.873157300668357 ], [ 31.08566476971388, -23.872160395885103 ], [ 31.088138292049106, -23.870114118071584 ], [ 31.089019998174908, -23.869359003214903 ], [ 31.090885998790355, -23.867803999854239 ], [ 31.091378790399386, -23.867408438448216 ], [ 31.092416017185986, -23.866575857789037 ], [ 31.092560995993697, -23.86696000230177 ], [ 31.092813999566992, -23.867537001031273 ] ] ] } },
{ "type": "Feature", "properties": { "Municipali": "Ba-Phalaborwa Local Municipality", "WardNo": "14", "WardLabel": "LIM334_14", "Province": "Limpopo", "CLASSIFICATION": "Mining", "PopGBlack": 7271.7294997999998, "PopGColour": 11.309813003, "PopGIndian": 5.167136817, "PopGWhite": 5.513279658, "PopGOther": 1.441993, "PopGTotal": 7295.1617223000003 }, "geometry": { "type": "Polygon", "coordinates": [ [ [ 31.085030531834139, -23.859685556242926 ], [ 31.085541432191903, -23.861712128111733 ], [ 31.085640205631549, -23.862117442665387 ], [ 31.085684484651821, -23.862359268564866 ], [ 31.085701515113399, -23.862621531557881 ], [ 31.085691297016275, -23.862900824113268 ], [ 31.085589679021009, -23.863609221887586 ], [ 31.085254354205627, -23.863578108942114 ], [ 31.084776699085992, -23.863521161172148 ], [ 31.084331344016906, -23.863512426956493 ], [ 31.083840456272586, -23.863681817861082 ], [ 31.083543156591979, -23.863782069786158 ], [ 31.082976214980803, -23.863992944618158 ], [ 31.082758426160936, -23.864093197442585 ], [ 31.082472007377753, -23.864329997031241 ], [ 31.081783000785439, -23.865053003392958 ], [ 31.081051002102615, -23.865838000922523 ], [ 31.080436834392948, -23.866508764767165 ], [ 31.080404973211433, -23.866543562235091 ], [ 31.078462943010869, -23.868618868365598 ], [ 31.080086747206156, -23.869907696682375 ], [ 31.081999458608667, -23.871425835033762 ], [ 31.082615228910171, -23.871910843010468 ], [ 31.082597428629018, -23.872106645205026 ], [ 31.082401801802273, -23.872326724598224 ], [ 31.082157268044057, -23.872522352324236 ], [ 31.079687478794586, -23.874686474600644 ], [ 31.07906391766625, -23.875151088651346 ], [ 31.077327728792152, -23.876691650698618 ], [ 31.077046515285016, -23.876948411639393 ], [ 31.076312914010259, -23.877474158904842 ], [ 31.07597056728844, -23.877645332265843 ], [ 31.074967978789729, -23.877804279343565 ], [ 31.072779403047488, -23.87807326566816 ], [ 31.0720091220239, -23.878048813101792 ], [ 31.071544507973201, -23.877865412558332 ], [ 31.071336653963908, -23.877706466379891 ], [ 31.070725320018042, -23.877205171680899 ], [ 31.070566372940323, -23.877119585000393 ], [ 31.070480786259825, -23.877290759260674 ], [ 31.070444105611529, -23.877437479155834 ], [ 31.070309612898829, -23.877559745585355 ], [ 31.070150665821103, -23.87775537331137 ], [ 31.070101758889614, -23.877902093206625 ], [ 31.070089532606346, -23.878061040284347 ], [ 31.070113986072091, -23.878207760179521 ], [ 31.07033406636457, -23.878244439928441 ], [ 31.070431880227623, -23.87835448007468 ], [ 31.070541920373859, -23.878513427152491 ], [ 31.070541920373859, -23.878672374230213 ], [ 31.070395199579327, -23.878745733728156 ], [ 31.070248479684071, -23.878672374230213 ], [ 31.070101758889621, -23.878696826796681 ], [ 31.07007730632316, -23.878831321307935 ], [ 31.070065079140608, -23.878978041203194 ], [ 31.070065079140608, -23.879124761098357 ], [ 31.070052852857422, -23.879283708176164 ], [ 31.069955038994365, -23.879381521139852 ], [ 31.069796091916647, -23.879418200888782 ], [ 31.069686051770404, -23.87961382771552 ], [ 31.069551559057707, -23.879711641578574 ], [ 31.069404838263168, -23.87989504212204 ], [ 31.069221437719708, -23.880090668948689 ], [ 31.069086945007005, -23.880237388843945 ], [ 31.068903543564264, -23.880371883355288 ], [ 31.068842411248788, -23.880518603250461 ], [ 31.068610103773754, -23.880567510181944 ], [ 31.068475611061139, -23.880506376067903 ], [ 31.068286693176866, -23.880456959220847 ], [ 31.068268524173583, -23.880238927584013 ], [ 31.068268524173583, -23.879893711125394 ], [ 31.068323032082795, -23.878912570558199 ], [ 31.068341201086071, -23.878621862008785 ], [ 31.068341201086071, -23.878258477446263 ], [ 31.068341201086071, -23.877931429991012 ], [ 31.068341201086071, -23.877440858808139 ], [ 31.068304863079426, -23.877041135339674 ], [ 31.068177678257815, -23.87687761161196 ], [ 31.068032324432753, -23.876786764796911 ], [ 31.067723445980779, -23.876695918881055 ], [ 31.067432737431371, -23.876768595793632 ], [ 31.066960336151137, -23.876677749877782 ], [ 31.066760474416864, -23.876387041328375 ], [ 31.066760474416864, -23.876169009691537 ], [ 31.066778643420147, -23.875841963135645 ], [ 31.066887659238645, -23.875478576774469 ], [ 31.067051182966186, -23.875006176393438 ], [ 31.067136320885037, -23.874732297756868 ], [ 31.06718344356155, -23.874535948774554 ], [ 31.06718477275955, -23.874530415245978 ], [ 31.067281675609379, -23.874288155873248 ], [ 31.067200922784863, -23.874118574312266 ], [ 31.066897096724112, -23.873960331403708 ], [ 31.066813307788411, -23.87391669090211 ], [ 31.066603350264948, -23.873795561215729 ], [ 31.066522595641782, -23.873658280604676 ], [ 31.066614343577609, -23.873391939186156 ], [ 31.066826017906962, -23.872801337311454 ], [ 31.066951642404877, -23.872188918783131 ], [ 31.067077266902881, -23.871388064407149 ], [ 31.067187188338572, -23.870775645878908 ], [ 31.067045860778329, -23.870147525187633 ], [ 31.066794611782413, -23.869629325032843 ], [ 31.066716097370467, -23.869393779099155 ], [ 31.066433442250084, -23.869221046313744 ], [ 31.066056569655444, -23.869095421815828 ], [ 31.065648290936437, -23.869001203442281 ], [ 31.065334229691516, -23.868828469757592 ], [ 31.065082981594873, -23.868608627785409 ], [ 31.064831732598865, -23.868420191038489 ], [ 31.064564782339364, -23.868263161315404 ], [ 31.064392047755305, -23.86810613069294 ], [ 31.064297830281124, -23.867854881696932 ], [ 31.064140799658663, -23.867603633600389 ], [ 31.064093691371259, -23.867446602977925 ], [ 31.064219314969897, -23.867195354881289 ], [ 31.064203611907665, -23.866991215971332 ], [ 31.064203611907665, -23.866755670037723 ], [ 31.064030879122257, -23.866410202668266 ], [ 31.063889550662743, -23.866253172945083 ], [ 31.063811036250883, -23.866080440159759 ], [ 31.063622600403157, -23.865892003412757 ], [ 31.063528382029698, -23.865719269728068 ], [ 31.063544085091927, -23.865515130818196 ], [ 31.065224309155013, -23.865829191163751 ], [ 31.066119381904446, -23.865939112599438 ], [ 31.06639156801694, -23.865927771249179 ], [ 31.066667496208435, -23.865898295069819 ], [ 31.067102712320828, -23.865744724139262 ], [ 31.067427522262886, -23.865610468847585 ], [ 31.067340905858611, -23.865454559679698 ], [ 31.067293266971195, -23.865354950769863 ], [ 31.067215312836943, -23.865207702972615 ], [ 31.067184996690724, -23.865142741344009 ], [ 31.06718932782573, -23.86507344768102 ], [ 31.067206650566931, -23.864991163311128 ], [ 31.067223974207494, -23.86490887714249 ], [ 31.067236966713146, -23.864822260738311 ], [ 31.067332245387338, -23.864791944592092 ], [ 31.06740586838659, -23.864809268232658 ], [ 31.067496815026498, -23.864800606862016 ], [ 31.067618077812536, -23.864709660222196 ], [ 31.067722017857371, -23.864636036323585 ], [ 31.067903912036382, -23.864562412424956 ], [ 31.068042497563699, -23.864553751054309 ], [ 31.068163761249107, -23.864562412424956 ], [ 31.068319670416905, -23.864588397436069 ], [ 31.068397623651883, -23.864566742660596 ], [ 31.068466917314868, -23.8645061121669 ], [ 31.0685665262247, -23.864441148739544 ], [ 31.068722435392587, -23.864298232976587 ], [ 31.068796059291206, -23.864228940212978 ], [ 31.06887401432483, -23.864172639055553 ], [ 31.069003937582142, -23.864094684022014 ], [ 31.069133862638189, -23.864029722393312 ], [ 31.069198825166172, -23.863977753270262 ], [ 31.06928977180608, -23.863904129371651 ], [ 31.069398042086462, -23.863856489584855 ], [ 31.069514973737579, -23.863782865686236 ], [ 31.069627575152975, -23.863722235192544 ], [ 31.069714190657876, -23.86363128765327 ], [ 31.069783484320862, -23.863540340114159 ], [ 31.069870100725129, -23.863484039856107 ], [ 31.069956717129312, -23.863540340114163 ], [ 31.070056326039055, -23.863549002384087 ], [ 31.070147272678962, -23.86356199488965 ], [ 31.070238220218158, -23.863622626282709 ], [ 31.070333497993072, -23.863717904057534 ], [ 31.07062366155327, -23.864233270448608 ], [ 31.07083154074358, -23.864137992673694 ], [ 31.070918157147766, -23.864133662438061 ], [ 31.071013434922587, -23.864150985179347 ], [ 31.070991411424984, -23.863897136243335 ], [ 31.070290868329444, -23.86249605095156 ], [ 31.07062837490005, -23.862424457722074 ], [ 31.071534467042525, -23.862235384255143 ], [ 31.07101313275043, -23.860074020199413 ], [ 31.07088957399511, -23.859893973227774 ], [ 31.071751998656307, -23.859697998363522 ], [ 31.072542998261241, -23.859517998156605 ], [ 31.0744470042264, -23.859110002723966 ], [ 31.074870997698905, -23.859021997766519 ], [ 31.075151443185035, -23.858987619382631 ], [ 31.075432087421422, -23.860290610223014 ], [ 31.077379472185356, -23.860553280608986 ], [ 31.076902755058601, -23.858579548406954 ], [ 31.084019996925853, -23.857079993646312 ], [ 31.08435273708972, -23.857018653587499 ], [ 31.084775081205581, -23.858673971825894 ], [ 31.085030531834139, -23.859685556242926 ] ] ] } },
{ "type": "Feature", "properties": { "Municipali": "Ba-Phalaborwa Local Municipality", "WardNo": "15", "WardLabel": "LIM334_15", "Province": "Limpopo", "CLASSIFICATION": "Mining", "PopGBlack": 12717.76493, "PopGColour": 16.27877389, "PopGIndian": 31.181826926, "PopGWhite": 8.062149669, "PopGOther": 10.5198774, "PopGTotal": 12783.807558 }, "geometry": { "type": "Polygon", "coordinates": [ [ [ 31.112249995641363, -23.851928000676157 ], [ 31.101004997782972, -23.87035298969823 ], [ 31.099926995734897, -23.872119009084429 ], [ 31.098991111750987, -23.873652623869013 ], [ 31.09889604981338, -23.873455187606297 ], [ 31.097663930946265, -23.87054601928282 ], [ 31.097549845649404, -23.870283623190144 ], [ 31.097310268054933, -23.870021227097379 ], [ 31.097218998558528, -23.869644746607211 ], [ 31.097082096562119, -23.86939375931404 ], [ 31.09695660426441, -23.86905150432294 ], [ 31.096746608070106, -23.868665112404479 ], [ 31.096671390572812, -23.868526713036868 ], [ 31.096363361080847, -23.867682482560056 ], [ 31.095758709996986, -23.867819384556466 ], [ 31.095938998886226, -23.868345004118112 ], [ 31.093586997442483, -23.869196996643538 ], [ 31.092813999566992, -23.867537001031273 ], [ 31.092560995993697, -23.86696000230177 ], [ 31.092416017185986, -23.866575857789037 ], [ 31.091378790399386, -23.867408438448216 ], [ 31.090885998790355, -23.867803999854239 ], [ 31.089019998174908, -23.869359003214903 ], [ 31.088138292049106, -23.870114118071584 ], [ 31.08566476971388, -23.872160395885103 ], [ 31.08443550439554, -23.873157300668357 ], [ 31.08432307115336, -23.873292219659717 ], [ 31.083940799029183, -23.872954921731811 ], [ 31.082615228910171, -23.871910843010468 ], [ 31.081999458608667, -23.871425835033762 ], [ 31.080086747206156, -23.869907696682375 ], [ 31.078462943010869, -23.868618868365598 ], [ 31.080404973211433, -23.866543562235091 ], [ 31.080436834392948, -23.866508764767165 ], [ 31.081051002102615, -23.865838000922523 ], [ 31.081783000785439, -23.865053003392958 ], [ 31.082472007377753, -23.864329997031241 ], [ 31.082758426160936, -23.864093197442585 ], [ 31.082976214980803, -23.863992944618158 ], [ 31.083543156591979, -23.863782069786158 ], [ 31.083840456272586, -23.863681817861082 ], [ 31.084331344016906, -23.863512426956493 ], [ 31.084776699085992, -23.863521161172148 ], [ 31.085254354205627, -23.863578108942114 ], [ 31.085589679021009, -23.863609221887586 ], [ 31.085691297016275, -23.862900824113268 ], [ 31.085701515113399, -23.862621531557881 ], [ 31.085684484651821, -23.862359268564866 ], [ 31.085640205631549, -23.862117442665387 ], [ 31.085541432191903, -23.861712128111733 ], [ 31.085030531834139, -23.859685556242926 ], [ 31.084775081205581, -23.858673971825894 ], [ 31.08435273708972, -23.857018653587499 ], [ 31.084019996925853, -23.857079993646312 ], [ 31.076902755058601, -23.858579548406954 ], [ 31.077379472185356, -23.860553280608986 ], [ 31.075432087421422, -23.860290610223014 ], [ 31.075151443185035, -23.858987619382631 ], [ 31.074870997698905, -23.859021997766519 ], [ 31.0744470042264, -23.859110002723966 ], [ 31.072542998261241, -23.859517998156605 ], [ 31.071751998656307, -23.859697998363522 ], [ 31.07088957399511, -23.859893973227774 ], [ 31.068466000006417, -23.86040500038996 ], [ 31.066708999920898, -23.860772000227151 ], [ 31.066073000269196, -23.861241000271463 ], [ 31.064926947421199, -23.861206447419153 ], [ 31.064750715373755, -23.86106225731681 ], [ 31.064558461903989, -23.860998171627873 ], [ 31.064318145066881, -23.86099817162787 ], [ 31.064109871074162, -23.860950109159731 ], [ 31.064154864156137, -23.860737549897546 ], [ 31.06419387314924, -23.860562011227366 ], [ 31.064262137987733, -23.860415728402675 ], [ 31.064164616404387, -23.86024018793384 ], [ 31.064125608310658, -23.860064649263755 ], [ 31.064125608310658, -23.859918366438968 ], [ 31.064057341673511, -23.859840347553483 ], [ 31.064047590324542, -23.859694064728792 ], [ 31.06396957323771, -23.859499021562101 ], [ 31.063920811996436, -23.85931372974439 ], [ 31.063842794010231, -23.859099182081106 ], [ 31.063696511185533, -23.858923641612279 ], [ 31.063452705878216, -23.858631075962879 ], [ 31.063169893376354, -23.858406776051435 ], [ 31.062984600659274, -23.85832875896461 ], [ 31.062721291754727, -23.858221484233642 ], [ 31.062487238695567, -23.858104458153804 ], [ 31.062301947777222, -23.858260493226751 ], [ 31.062116655959425, -23.858260493226748 ], [ 31.061853347054786, -23.858250740978399 ], [ 31.061677806586044, -23.858133714898553 ], [ 31.061492515667528, -23.8579386708325 ], [ 31.061336480594576, -23.857655857431446 ], [ 31.061141437427892, -23.857451061117146 ], [ 31.060946393361839, -23.857207255809726 ], [ 31.060770853792292, -23.857051220736786 ], [ 31.060634323215933, -23.856914691059711 ], [ 31.060536800733225, -23.856748902839136 ], [ 31.060468535894643, -23.856573364168952 ], [ 31.060244235083829, -23.856407576847751 ], [ 31.060058944165402, -23.856202781432721 ], [ 31.059971173931025, -23.856076002205256 ], [ 31.059863900099341, -23.855871205890946 ], [ 31.059756626267742, -23.855724923066251 ], [ 31.059668856033372, -23.855568887993297 ], [ 31.05962984704027, -23.855383597074866 ], [ 31.059639599288523, -23.855198305257158 ], [ 31.059639599288523, -23.855003261191101 ], [ 31.059688359630599, -23.854847226118153 ], [ 31.059737120871954, -23.854661934300356 ], [ 31.059873652347683, -23.854496146979152 ], [ 31.059971173931018, -23.85429135066483 ], [ 31.059863900099337, -23.853989032767192 ], [ 31.059717617274728, -23.853715971614296 ], [ 31.059668856033372, -23.853394149220144 ], [ 31.059659103785119, -23.853111335819001 ], [ 31.059737120871954, -23.852838273766835 ], [ 31.059727368623612, -23.852584717110542 ], [ 31.059727368623612, -23.852370169447344 ], [ 31.059698111878852, -23.852233638870814 ], [ 31.05962984704027, -23.852087356046205 ], [ 31.05957133445003, -23.851931320973165 ], [ 31.059503068712164, -23.851775285000933 ], [ 31.059454308370093, -23.851658258921091 ], [ 31.05957133445003, -23.851541232841146 ], [ 31.059610343443133, -23.851346188775096 ], [ 31.059561582201688, -23.851141393360162 ], [ 31.05957133445003, -23.850946349294102 ], [ 31.059551829953438, -23.850770809724651 ], [ 31.059512820960425, -23.850566014309617 ], [ 31.059512820960425, -23.850400226089139 ], [ 31.059561582201688, -23.850273447760937 ], [ 31.059551829953438, -23.850097908191486 ], [ 31.059532324557651, -23.849922368621939 ], [ 31.059512820960425, -23.84979559029383 ], [ 31.059501503891806, -23.849665444903902 ], [ 31.061659809353184, -23.849707765200762 ], [ 31.066136672270098, -23.849865349805594 ], [ 31.069983192271028, -23.850080240110515 ], [ 31.073156392554015, -23.850216336314421 ], [ 31.077860884672557, -23.850383314337996 ], [ 31.08373941474267, -23.850680423362395 ], [ 31.084572365922433, -23.850722522425997 ], [ 31.086247265999031, -23.850760930671917 ], [ 31.086957365290754, -23.850777214696183 ], [ 31.095494806640556, -23.851117144040487 ], [ 31.100078886731815, -23.851276682872136 ], [ 31.101129779616176, -23.851313257400431 ], [ 31.111879326570193, -23.851700291434742 ], [ 31.112386652122872, -23.851718556665485 ], [ 31.112249995641363, -23.851928000676157 ] ] ] } },
{ "type": "Feature", "properties": { "Municipali": "Ba-Phalaborwa Local Municipality", "WardNo": "16", "WardLabel": "LIM334_16", "Province": "Limpopo", "CLASSIFICATION": "Mining", "PopGBlack": 14699.742682000002, "PopGColour": 15.127350826000001, "PopGIndian": 15.344072796000001, "PopGWhite": 11.341234626, "PopGOther": 0.0, "PopGTotal": 14741.55534 }, "geometry": { "type": "Polygon", "coordinates": [ [ [ 31.037620847424549, -23.849435570994419 ], [ 31.039920162985609, -23.849492874895866 ], [ 31.044160648095865, -23.84947854869564 ], [ 31.046288052851786, -23.849543015697147 ], [ 31.051803548195704, -23.849564504997527 ], [ 31.055814816800812, -23.849593157397884 ], [ 31.059501503891806, -23.849665444903902 ], [ 31.059512820960425, -23.84979559029383 ], [ 31.059532324557651, -23.849922368621939 ], [ 31.059551829953438, -23.850097908191486 ], [ 31.059561582201688, -23.850273447760937 ], [ 31.059512820960425, -23.850400226089139 ], [ 31.059512820960425, -23.850566014309617 ], [ 31.059551829953438, -23.850770809724651 ], [ 31.05957133445003, -23.850946349294102 ], [ 31.059561582201688, -23.851141393360162 ], [ 31.059610343443133, -23.851346188775096 ], [ 31.05957133445003, -23.851541232841146 ], [ 31.059454308370093, -23.851658258921091 ], [ 31.059503068712164, -23.851775285000933 ], [ 31.05957133445003, -23.851931320973165 ], [ 31.05962984704027, -23.852087356046205 ], [ 31.059698111878852, -23.852233638870814 ], [ 31.059727368623612, -23.852370169447344 ], [ 31.059727368623612, -23.852584717110542 ], [ 31.059737120871954, -23.852838273766835 ], [ 31.059659103785119, -23.853111335819001 ], [ 31.059668856033372, -23.853394149220144 ], [ 31.059717617274728, -23.853715971614296 ], [ 31.059863900099337, -23.853989032767192 ], [ 31.059971173931018, -23.85429135066483 ], [ 31.059873652347683, -23.854496146979152 ], [ 31.059737120871954, -23.854661934300356 ], [ 31.059688359630599, -23.854847226118153 ], [ 31.059639599288523, -23.855003261191101 ], [ 31.059639599288523, -23.855198305257158 ], [ 31.05962984704027, -23.855383597074866 ], [ 31.059668856033372, -23.855568887993297 ], [ 31.059756626267742, -23.855724923066251 ], [ 31.059863900099341, -23.855871205890946 ], [ 31.059971173931025, -23.856076002205256 ], [ 31.060058944165402, -23.856202781432721 ], [ 31.060244235083829, -23.856407576847751 ], [ 31.060468535894643, -23.856573364168952 ], [ 31.060536800733225, -23.856748902839136 ], [ 31.060634323215933, -23.856914691059711 ], [ 31.060770853792292, -23.857051220736786 ], [ 31.060946393361839, -23.857207255809726 ], [ 31.061141437427892, -23.857451061117146 ], [ 31.061336480594576, -23.857655857431446 ], [ 31.061492515667528, -23.8579386708325 ], [ 31.061677806586044, -23.858133714898553 ], [ 31.061853347054786, -23.858250740978399 ], [ 31.062116655959425, -23.858260493226748 ], [ 31.062301947777222, -23.858260493226751 ], [ 31.062487238695567, -23.858104458153804 ], [ 31.062721291754727, -23.858221484233642 ], [ 31.062984600659274, -23.85832875896461 ], [ 31.063169893376354, -23.858406776051435 ], [ 31.063452705878216, -23.858631075962879 ], [ 31.063696511185533, -23.858923641612279 ], [ 31.063842794010231, -23.859099182081106 ], [ 31.063920811996436, -23.85931372974439 ], [ 31.06396957323771, -23.859499021562101 ], [ 31.064047590324542, -23.859694064728792 ], [ 31.064057341673511, -23.859840347553483 ], [ 31.064125608310658, -23.859918366438968 ], [ 31.064125608310658, -23.860064649263755 ], [ 31.064164616404387, -23.86024018793384 ], [ 31.064262137987733, -23.860415728402675 ], [ 31.06419387314924, -23.860562011227366 ], [ 31.064154864156137, -23.860737549897546 ], [ 31.064109871074162, -23.860950109159731 ], [ 31.064318145066881, -23.86099817162787 ], [ 31.064558461903989, -23.860998171627873 ], [ 31.064750715373755, -23.86106225731681 ], [ 31.064926947421199, -23.861206447419153 ], [ 31.066073000269196, -23.861241000271463 ], [ 31.066708999920898, -23.860772000227151 ], [ 31.068466000006417, -23.86040500038996 ], [ 31.07088957399511, -23.859893973227774 ], [ 31.07101313275043, -23.860074020199413 ], [ 31.071534467042525, -23.862235384255143 ], [ 31.07062837490005, -23.862424457722074 ], [ 31.070290868329444, -23.86249605095156 ], [ 31.070991411424984, -23.863897136243335 ], [ 31.071013434922587, -23.864150985179347 ], [ 31.070918157147766, -23.864133662438061 ], [ 31.07083154074358, -23.864137992673694 ], [ 31.07062366155327, -23.864233270448608 ], [ 31.070333497993072, -23.863717904057534 ], [ 31.070238220218158, -23.863622626282709 ], [ 31.070147272678962, -23.86356199488965 ], [ 31.070056326039055, -23.863549002384087 ], [ 31.069956717129312, -23.863540340114163 ], [ 31.069870100725129, -23.863484039856107 ], [ 31.069783484320862, -23.863540340114159 ], [ 31.069714190657876, -23.86363128765327 ], [ 31.069627575152975, -23.863722235192544 ], [ 31.069514973737579, -23.863782865686236 ], [ 31.069398042086462, -23.863856489584855 ], [ 31.06928977180608, -23.863904129371651 ], [ 31.069198825166172, -23.863977753270262 ], [ 31.069133862638189, -23.864029722393312 ], [ 31.069003937582142, -23.864094684022014 ], [ 31.06887401432483, -23.864172639055553 ], [ 31.068796059291206, -23.864228940212978 ], [ 31.068722435392587, -23.864298232976587 ], [ 31.0685665262247, -23.864441148739544 ], [ 31.068466917314868, -23.8645061121669 ], [ 31.068397623651883, -23.864566742660596 ], [ 31.068319670416905, -23.864588397436069 ], [ 31.068163761249107, -23.864562412424956 ], [ 31.068042497563699, -23.864553751054309 ], [ 31.067903912036382, -23.864562412424956 ], [ 31.067722017857371, -23.864636036323585 ], [ 31.067618077812536, -23.864709660222196 ], [ 31.067496815026498, -23.864800606862016 ], [ 31.06740586838659, -23.864809268232658 ], [ 31.067332245387338, -23.864791944592092 ], [ 31.067236966713146, -23.864822260738311 ], [ 31.067223974207494, -23.86490887714249 ], [ 31.067206650566931, -23.864991163311128 ], [ 31.06718932782573, -23.86507344768102 ], [ 31.067184996690724, -23.865142741344009 ], [ 31.067215312836943, -23.865207702972615 ], [ 31.067293266971195, -23.865354950769863 ], [ 31.067340905858611, -23.865454559679698 ], [ 31.067427522262886, -23.865610468847585 ], [ 31.067102712320828, -23.865744724139262 ], [ 31.066667496208435, -23.865898295069819 ], [ 31.06639156801694, -23.865927771249179 ], [ 31.066119381904446, -23.865939112599438 ], [ 31.065224309155013, -23.865829191163751 ], [ 31.063544085091927, -23.865515130818196 ], [ 31.063528382029698, -23.865719269728068 ], [ 31.063622600403157, -23.865892003412757 ], [ 31.063811036250883, -23.866080440159759 ], [ 31.063889550662743, -23.866253172945083 ], [ 31.064030879122257, -23.866410202668266 ], [ 31.064203611907665, -23.866755670037723 ], [ 31.064203611907665, -23.866991215971332 ], [ 31.064219314969897, -23.867195354881289 ], [ 31.064093691371259, -23.867446602977925 ], [ 31.064140799658663, -23.867603633600389 ], [ 31.064297830281124, -23.867854881696932 ], [ 31.064392047755305, -23.86810613069294 ], [ 31.064564782339364, -23.868263161315404 ], [ 31.064831732598865, -23.868420191038489 ], [ 31.065082981594873, -23.868608627785409 ], [ 31.065334229691516, -23.868828469757592 ], [ 31.065648290936437, -23.869001203442281 ], [ 31.066056569655444, -23.869095421815828 ], [ 31.066433442250084, -23.869221046313744 ], [ 31.066716097370467, -23.869393779099155 ], [ 31.066794611782413, -23.869629325032843 ], [ 31.067045860778329, -23.870147525187633 ], [ 31.067187188338572, -23.870775645878908 ], [ 31.067077266902881, -23.871388064407149 ], [ 31.066951642404877, -23.872188918783131 ], [ 31.066826017906962, -23.872801337311454 ], [ 31.066614343577609, -23.873391939186156 ], [ 31.066522595641782, -23.873658280604676 ], [ 31.066603350264948, -23.873795561215729 ], [ 31.066813307788411, -23.87391669090211 ], [ 31.066897096724112, -23.873960331403708 ], [ 31.067200922784863, -23.874118574312266 ], [ 31.067281675609379, -23.874288155873248 ], [ 31.06718477275955, -23.874530415245978 ], [ 31.06718344356155, -23.874535948774554 ], [ 31.067136320885037, -23.874732297756868 ], [ 31.067051182966186, -23.875006176393438 ], [ 31.066596950689238, -23.875006176393441 ], [ 31.066233565227336, -23.874988007390161 ], [ 31.065234254757588, -23.874697298840847 ], [ 31.063689866994217, -23.874297573573646 ], [ 31.062309002059287, -23.873916020007837 ], [ 31.06089287021025, -23.873726145244994 ], [ 31.059712545098378, -23.873492270251578 ], [ 31.058503412003301, -23.873272428279478 ], [ 31.057388497281778, -23.87309969369543 ], [ 31.056320690847663, -23.872958367034567 ], [ 31.055802490692876, -23.872895554785568 ], [ 31.054301508708207, -23.87359509243915 ], [ 31.052542137110375, -23.874549644550019 ], [ 31.051793467694846, -23.874867830085893 ], [ 31.050486265329386, -23.875570848115725 ], [ 31.050445178902415, -23.875722864118455 ], [ 31.049985021891693, -23.876088524865111 ], [ 31.049574166614956, -23.876285736297266 ], [ 31.049278350815719, -23.876166587817394 ], [ 31.049019513340358, -23.876154261709356 ], [ 31.048908581965961, -23.87611317708102 ], [ 31.048871605440745, -23.876199456239505 ], [ 31.048649742691946, -23.87629395340285 ], [ 31.048715249309769, -23.876372155749937 ], [ 31.048890138669471, -23.876450678255765 ], [ 31.049015060796869, -23.876604153858214 ], [ 31.049172104909257, -23.876839719576971 ], [ 31.049250628314272, -23.877046732720128 ], [ 31.049318441693185, -23.877182363075161 ], [ 31.049343426658314, -23.87733940718746 ], [ 31.04926490415248, -23.877417928793918 ], [ 31.049286319708386, -23.877567834987151 ], [ 31.049211365712395, -23.877710603261249 ], [ 31.049143552333572, -23.877867647373627 ], [ 31.049093583302703, -23.878088937254272 ], [ 31.049047183681054, -23.87829951890718 ], [ 31.04903290694357, -23.878413733706399 ], [ 31.049015060796876, -23.878510102358923 ], [ 31.048982937912697, -23.878613608031142 ], [ 31.048868724012852, -23.878567209308851 ], [ 31.048668848788829, -23.878542225243013 ], [ 31.048555474855739, -23.878536307704017 ], [ 31.048124990076719, -23.87883577475074 ], [ 31.046028717152051, -23.880220813439365 ], [ 31.045729249205966, -23.880351830272311 ], [ 31.045317481117362, -23.880407980343573 ], [ 31.044886997237619, -23.880445413724409 ], [ 31.044531379220274, -23.880464130414829 ], [ 31.043576826210032, -23.880389262753873 ], [ 31.042940456937021, -23.880407980343577 ], [ 31.042622273199797, -23.880295680201055 ], [ 31.042079488278258, -23.880183379159163 ], [ 31.041723870260913, -23.879996212254973 ], [ 31.041330818862729, -23.87975289527952 ], [ 31.040301399090808, -23.87950957740469 ], [ 31.040132948876941, -23.87947214402385 ], [ 31.039814764240433, -23.879303692910614 ], [ 31.039103529105027, -23.87979032776099 ], [ 31.038972512272085, -23.880202095849594 ], [ 31.038710477706843, -23.880819748432177 ], [ 31.038336142999075, -23.881643283710115 ], [ 31.037531324411571, -23.882803721214326 ], [ 31.037194423084642, -23.883252921784496 ], [ 31.036876239347418, -23.883589823111414 ], [ 31.03656200363406, -23.883842598256859 ], [ 31.036531996854684, -23.883261001293736 ], [ 31.03656708570286, -23.879205207254099 ], [ 31.036613520398063, -23.877858617280967 ], [ 31.03674187074121, -23.867735897792997 ], [ 31.036971000911411, -23.849664999739495 ], [ 31.036956173788862, -23.849475974835951 ], [ 31.037155253112818, -23.849492874895869 ], [ 31.037620847424549, -23.849435570994419 ] ] ] } },
{ "type": "Feature", "properties": { "Municipali": "Ba-Phalaborwa Local Municipality", "WardNo": "17", "WardLabel": "LIM334_17", "Province": "Limpopo", "CLASSIFICATION": "Mining", "PopGBlack": 12630.077931, "PopGColour": 18.926083718000001, "PopGIndian": 16.097900225, "PopGWhite": 8.5572758580000023, "PopGOther": 1.2934936, "PopGTotal": 12674.952685 }, "geometry": { "type": "Polygon", "coordinates": [ [ [ 31.058089998155239, -23.646330001927613 ], [ 31.059310002255124, -23.646470001189126 ], [ 31.060810003079474, -23.646470001189126 ], [ 31.063350000602362, -23.646430000243811 ], [ 31.066319999968364, -23.646179996808879 ], [ 31.067659997910926, -23.645970003312506 ], [ 31.070799999720521, -23.645819998193861 ], [ 31.072479999852419, -23.645869996902331 ], [ 31.073760001323368, -23.645779990054031 ], [ 31.074529998161218, -23.645549999232617 ], [ 31.074969998666855, -23.645609995704234 ], [ 31.075260002147726, -23.645779990054027 ], [ 31.075700002653271, -23.645890002321234 ], [ 31.076179996010328, -23.646049997109145 ], [ 31.076850002625854, -23.646049997109149 ], [ 31.077819996096192, -23.646029999784187 ], [ 31.078299996647857, -23.64602999978419 ], [ 31.078609998353059, -23.646259998699477 ], [ 31.078800002618362, -23.646449996669542 ], [ 31.079240004023273, -23.646639993740248 ], [ 31.080099999615605, -23.647159996136413 ], [ 31.080459999129985, -23.647540000170338 ], [ 31.080750002610863, -23.647750001760684 ], [ 31.081169998596938, -23.647979999776688 ], [ 31.081690000993106, -23.64823000321153 ], [ 31.082090000553432, -23.648919999058219 ], [ 31.082589999329322, -23.64974000269849 ], [ 31.083259997850959, -23.650490003110665 ], [ 31.083739999301912, -23.651120000686994 ], [ 31.084099997916919, -23.651730002736926 ], [ 31.08453999932183, -23.652480012142345 ], [ 31.084769997337837, -23.653150002570026 ], [ 31.084880000611886, -23.6536100004007 ], [ 31.085129995952933, -23.654099998715509 ], [ 31.085209997843467, -23.65443000404089 ], [ 31.085400003907417, -23.654980000626054 ], [ 31.085500002223714, -23.655519999447883 ], [ 31.085590000978122, -23.655709997417951 ], [ 31.085990001437811, -23.656189997969527 ], [ 31.086070003328349, -23.656780003593791 ], [ 31.086220000353102, -23.65746999944038 ], [ 31.086610001250904, -23.658099997016713 ], [ 31.086840000166195, -23.658679996783945 ], [ 31.086950004339517, -23.659249997888576 ], [ 31.087050001756541, -23.659850001275995 ], [ 31.087029997236897, -23.660550002979708 ], [ 31.086929998920688, -23.661279998872327 ], [ 31.086969999865918, -23.661910005441911 ], [ 31.087119996890671, -23.662389998798879 ], [ 31.087559998295582, -23.663620000662 ], [ 31.087810000831237, -23.664190001766631 ], [ 31.088120000737781, -23.665430002292261 ], [ 31.088409996124778, -23.666389997100175 ], [ 31.088709998268168, -23.667179997558289 ], [ 31.088960000803738, -23.667809996033991 ], [ 31.089289997136042, -23.668339997092673 ], [ 31.089959995657686, -23.668459999029238 ], [ 31.090470000290608, -23.668480002649513 ], [ 31.091199997082516, -23.668689997045249 ], [ 31.091769998187232, -23.669339991946529 ], [ 31.092370000675366, -23.66991000114513 ], [ 31.093210001640607, -23.670430002642011 ], [ 31.093499997027596, -23.670949996944291 ], [ 31.093920001107556, -23.671829990760955 ], [ 31.094400002558412, -23.672650009689622 ], [ 31.095179998058875, -23.673659996011477 ], [ 31.096289997985423, -23.674789999558303 ], [ 31.097709996919157, -23.676079998792403 ], [ 31.098679997584192, -23.676990002985729 ], [ 31.09950999988699, -23.677589999178551 ], [ 31.100080000991618, -23.677719998878267 ], [ 31.100520002396618, -23.677800000768894 ], [ 31.101590001377861, -23.677610002798819 ], [ 31.102719996830803, -23.677340003837589 ], [ 31.104410003719106, -23.676900003331951 ], [ 31.105859997741121, -23.676399997361461 ], [ 31.107300002093858, -23.675940000430153 ], [ 31.107849990585052, -23.675410000270745 ], [ 31.108289999184564, -23.674910002394132 ], [ 31.109020003170979, -23.674389999997963 ], [ 31.109499997427321, -23.673720000577045 ], [ 31.109749999962887, -23.673190001316918 ], [ 31.110930002218169, -23.671770000584541 ], [ 31.111430000094778, -23.671349997403954 ], [ 31.112019997625165, -23.670830003101671 ], [ 31.11249999907611, -23.67053999872142 ], [ 31.112899998636436, -23.670280005617219 ], [ 31.113209999442251, -23.669870000199779 ], [ 31.113689991900038, -23.669129997550755 ], [ 31.114049998608923, -23.668419998083898 ], [ 31.114189997870533, -23.667539997072627 ], [ 31.114109995979902, -23.666389997100136 ], [ 31.114170002344139, -23.665869994703971 ], [ 31.114530000959146, -23.664940002178852 ], [ 31.114780002595428, -23.664209998192248 ], [ 31.114910004093794, -23.663120002785345 ], [ 31.114949996945221, -23.661819997694217 ], [ 31.114970000565496, -23.660990002586011 ], [ 31.114840000865776, -23.659959998254763 ], [ 31.114889999574146, -23.65911999728954 ], [ 31.114719998029923, -23.658219999852605 ], [ 31.114610001950396, -23.657510000385656 ], [ 31.114239996578984, -23.656589998429162 ], [ 31.114219992958716, -23.656149997024169 ], [ 31.114400000360138, -23.655140004407166 ], [ 31.114799999920457, -23.654409998622004 ], [ 31.115389996551478, -23.653839998416657 ], [ 31.116269997562743, -23.653449996619489 ], [ 31.117040010588433, -23.653129990855817 ], [ 31.118169998846778, -23.65312999085582 ], [ 31.118860002787336, -23.65324000312312 ], [ 31.119660001907977, -23.653150002569973 ], [ 31.120560000244197, -23.653009996113852 ], [ 31.121309999757088, -23.653050005153045 ], [ 31.122240001275465, -23.653050005153041 ], [ 31.122969997168003, -23.652880003608729 ], [ 31.123740002099812, -23.652959997405379 ], [ 31.124599998591439, -23.652919997359433 ], [ 31.126029996187778, -23.652859999089088 ], [ 31.127140004208211, -23.652689998444053 ], [ 31.127810002729859, -23.652590000127852 ], [ 31.128539998622482, -23.652480012142288 ], [ 31.129630002123271, -23.65233999669292 ], [ 31.13071999842964, -23.652090002251228 ], [ 31.13202000262141, -23.651669998171275 ], [ 31.133189999918944, -23.651369996027867 ], [ 31.134070000930208, -23.651269997711669 ], [ 31.13475999587752, -23.650999998750343 ], [ 31.135870003897949, -23.650680001080559 ], [ 31.137000000250271, -23.650259997000688 ], [ 31.138299997247522, -23.649989997140079 ], [ 31.140059999269955, -23.649700001753089 ], [ 31.141649999748171, -23.649340003138072 ], [ 31.14265000359519, -23.649199995782585 ], [ 31.143609998403193, -23.649019997374406 ], [ 31.143630002922745, -23.649359998664458 ], [ 31.143640000685892, -23.64952000244562 ], [ 31.144000000200279, -23.654499999175009 ], [ 31.144070010622979, -23.655510000785267 ], [ 31.14784000281437, -23.708230002911701 ], [ 31.14897999692985, -23.724069998630956 ], [ 31.150690000243841, -23.74794999999191 ], [ 31.152060001368504, -23.767050000356601 ], [ 31.154227000576174, -23.797310000055901 ], [ 31.139974141893713, -23.810928296203318 ], [ 31.132737265912741, -23.817777481644882 ], [ 31.097285189560392, -23.812780592050132 ], [ 31.069740835771412, -23.808824867373286 ], [ 31.02882728994782, -23.803041944229886 ], [ 31.028292894801645, -23.807865938262029 ], [ 31.027556296985932, -23.81450976261501 ], [ 31.042185002136566, -23.81803300421932 ], [ 31.052388997854393, -23.820390998745168 ], [ 31.036956173788862, -23.849475974835951 ], [ 31.036971000911411, -23.849664999739495 ], [ 31.03674187074121, -23.867735897792997 ], [ 31.036613520398063, -23.877858617280967 ], [ 31.03656708570286, -23.879205207254099 ], [ 31.036531996854684, -23.883261001293736 ], [ 31.03656200363406, -23.883842598256859 ], [ 31.06121097210913, -23.886603354160979 ], [ 31.061106917850498, -23.887289159166915 ], [ 31.060918798564217, -23.887886712801045 ], [ 31.060564693206562, -23.888661319563781 ], [ 31.060232719265155, -23.889181412791462 ], [ 31.059723692195146, -23.88984536067445 ], [ 31.059159336134954, -23.890431849050184 ], [ 31.058296202808005, -23.891062600258334 ], [ 31.057189622103873, -23.891837206121693 ], [ 31.056270484395881, -23.892477527915151 ], [ 31.053575605630229, -23.894386223844734 ], [ 31.05279945383219, -23.894993648437676 ], [ 31.052259521560146, -23.89549983365 ], [ 31.046219031683403, -23.902215237742634 ], [ 31.046116923557715, -23.902328608977701 ], [ 31.04535789035485, -23.903171366365044 ], [ 31.045172914199124, -23.902755170014679 ], [ 31.042187000430257, -23.902705999581809 ], [ 31.041531732803698, -23.902697536062057 ], [ 31.038626479229087, -23.906353478929518 ], [ 31.041000999696898, -23.908099000068347 ], [ 31.039406999933608, -23.909847999784958 ], [ 31.038232999753603, -23.911135999826168 ], [ 31.037175171297662, -23.912338963571852 ], [ 31.037029002686847, -23.912535002288127 ], [ 31.036646996761998, -23.912188998922709 ], [ 31.036483003588291, -23.912096995579454 ], [ 31.03625200822411, -23.911952002382627 ], [ 31.03609400003856, -23.911860989192835 ], [ 31.035935999047599, -23.911812004020298 ], [ 31.035765998402571, -23.911806002844301 ], [ 31.035566001770071, -23.911817996203137 ], [ 31.035436564146607, -23.911786722278983 ], [ 31.035244001310083, -23.911648002752713 ], [ 31.035092000595849, -23.911538995927451 ], [ 31.035018998128756, -23.9113630022004 ], [ 31.035080000042409, -23.911240996574346 ], [ 31.035262003039524, -23.911041000841045 ], [ 31.035408001678391, -23.910871000196018 ], [ 31.0355230006864, -23.910762000565452 ], [ 31.035771998679291, -23.910579999367076 ], [ 31.035966002229671, -23.910518995654673 ], [ 31.036136002874699, -23.910476002664979 ], [ 31.036311996601846, -23.910458001834904 ], [ 31.036418523096845, -23.910370562551005 ], [ 31.03651204269709, -23.910253663275494 ], [ 31.036615997131037, -23.910099997916124 ], [ 31.036707002226855, -23.909906001560262 ], [ 31.036773997222717, -23.909686998655651 ], [ 31.036869423385689, -23.909415324257377 ], [ 31.036872762568489, -23.909265024161101 ], [ 31.036809302807569, -23.90909802365443 ], [ 31.036642303200274, -23.908884263797333 ], [ 31.03637300031415, -23.908660999005519 ], [ 31.035767224178588, -23.908116063804911 ], [ 31.035246183964677, -23.907848865332404 ], [ 31.035045784435884, -23.907665165314722 ], [ 31.034965624264665, -23.907595025389657 ], [ 31.034875443847131, -23.907508185054287 ], [ 31.034785264328971, -23.907434705047145 ], [ 31.034675044318334, -23.907317804872363 ], [ 31.034568164389785, -23.907224285272118 ], [ 31.034387805353457, -23.907117405343566 ], [ 31.034254204768192, -23.90702054476197 ], [ 31.03404378499317, -23.906870244665683 ], [ 31.033903505143122, -23.906773384983275 ], [ 31.033673044875634, -23.906646464562257 ], [ 31.033395825257614, -23.906539584633709 ], [ 31.033245525161337, -23.906486145119128 ], [ 31.033068505307714, -23.906422685358198 ], [ 31.032878125125873, -23.906345865269067 ], [ 31.032734506093117, -23.906309125265494 ], [ 31.032460625657805, -23.906259025832984 ], [ 31.032243525718627, -23.906188885907916 ], [ 31.032160026364618, -23.906419345276124 ], [ 31.032016002636919, -23.90709599698226 ], [ 31.03140600058698, -23.910312999644741 ], [ 31.030759675818871, -23.913508156875544 ], [ 31.030578394078148, -23.91440613533452 ], [ 31.030414124812491, -23.914250217173372 ], [ 31.030272530153642, -23.914140087994269 ], [ 31.030162400974444, -23.91407191308792 ], [ 31.030057515742214, -23.914019470022122 ], [ 31.02992116592953, -23.914003737282211 ], [ 31.029758593684623, -23.914003737282211 ], [ 31.029606511132112, -23.914108621615156 ], [ 31.029491138006037, -23.914192530160697 ], [ 31.029375763980855, -23.914229239587311 ], [ 31.029213192635137, -23.914255461120245 ], [ 31.029066354029506, -23.914318392079718 ], [ 31.028977202436469, -23.91445474279168 ], [ 31.02898244638326, -23.91458584865758 ], [ 31.028977202436469, -23.914701221783563 ], [ 31.028914270577545, -23.914910992248128 ], [ 31.0288251189845, -23.915099785126518 ], [ 31.028709744959237, -23.915246623732237 ], [ 31.028620593366195, -23.915430171764562 ], [ 31.028536684820665, -23.915482614830367 ], [ 31.028489486601021, -23.915356752911347 ], [ 31.028468509914322, -23.915283333158932 ], [ 31.028316427361723, -23.915293821951884 ], [ 31.028222030023155, -23.915424927817696 ], [ 31.028111900844046, -23.915508836363315 ], [ 31.027938840705382, -23.915519324256977 ], [ 31.027812978786454, -23.91551932425698 ], [ 31.027671385026888, -23.915603231903233 ], [ 31.027550767054745, -23.915702873188589 ], [ 31.027372462969286, -23.91570811713547 ], [ 31.027194157984464, -23.915624208589932 ], [ 31.027057808171783, -23.915503592416432 ], [ 31.026979143573037, -23.915398707184117 ], [ 31.026884748033115, -23.915304309845641 ], [ 31.026753642167307, -23.915304309845634 ], [ 31.026638268142044, -23.91532528743171 ], [ 31.026480940743291, -23.915361996858227 ], [ 31.026349834877394, -23.915482614830367 ], [ 31.026260682385068, -23.915597987956353 ], [ 31.02619250657936, -23.915760560201267 ], [ 31.026161041998989, -23.915839223001274 ], [ 31.026108598933192, -23.915896910013959 ], [ 31.026077134352743, -23.91599130735252 ], [ 31.025982737014175, -23.916111924425383 ], [ 31.025856875095155, -23.916211564811455 ], [ 31.025699547696483, -23.916321693990568 ], [ 31.025552709090682, -23.916437067116558 ], [ 31.02545831265148, -23.916562929035489 ], [ 31.025479290237552, -23.916709767641301 ], [ 31.025495022977463, -23.916830385613441 ], [ 31.025395381692014, -23.916930026898793 ], [ 31.025253787033083, -23.916992957858263 ], [ 31.025080726894508, -23.917155529203896 ], [ 31.024907666755936, -23.917270903229156 ], [ 31.024776560890039, -23.917344322082375 ], [ 31.024648420988324, -23.917536532384723 ], [ 31.02462972228432, -23.917564580440597 ], [ 31.024519593105211, -23.917721907839351 ], [ 31.024362264807177, -23.918094248750169 ], [ 31.019044599629009, -23.916909050212098 ], [ 31.018265857783511, -23.916736873207721 ], [ 31.016459187242166, -23.91633742673049 ], [ 31.013323128060303, -23.915639942229141 ], [ 31.013103142196737, -23.915608436279918 ], [ 31.010230435986305, -23.915292313788882 ], [ 31.002765689785129, -23.914470869434673 ], [ 30.991545225432262, -23.913182233572844 ], [ 30.989214240245339, -23.912930930617602 ], [ 30.986089657312238, -23.912588171106872 ], [ 30.983129002801611, -23.912245410696784 ], [ 30.982428579315915, -23.912165930413003 ], [ 30.982016273432702, -23.912151027747417 ], [ 30.981994883957089, -23.912151027747413 ], [ 30.981987859352632, -23.911673349245323 ], [ 30.981909968170861, -23.911322839377174 ], [ 30.981715239766885, -23.910855493186098 ], [ 30.981345257777832, -23.910232364631565 ], [ 30.980916856727998, -23.90942424463282 ], [ 30.980683184082054, -23.908859535139072 ], [ 30.9805274017186, -23.908382452887508 ], [ 30.980410566295046, -23.907915105797148 ], [ 30.980365239564581, -23.907321275356235 ], [ 30.980420302355437, -23.900174685013351 ], [ 30.980556610799344, -23.891713770573709 ], [ 30.980556610799344, -23.88815025642878 ], [ 30.980478719617572, -23.887235036167692 ], [ 30.980527401718582, -23.882707619660579 ], [ 30.980615029860125, -23.877839430245171 ], [ 30.980751339203305, -23.874684843230622 ], [ 30.98124789357577, -23.866097357306845 ], [ 30.981763921867866, -23.857733807069234 ], [ 30.982182586857199, -23.850363367375113 ], [ 30.982659669108763, -23.841357215562699 ], [ 30.982903078714482, -23.83666428243038 ], [ 30.982942023855628, -23.833392858193449 ], [ 30.983121999780806, -23.817835003182495 ], [ 30.983204907380877, -23.811476268414701 ], [ 30.983089077399271, -23.810569239178712 ], [ 30.982924327895809, -23.809924570961865 ], [ 30.982745253990593, -23.809430326048336 ], [ 30.982501712184572, -23.80890026473509 ], [ 30.981176561149717, -23.807166824189235 ], [ 30.980267850181466, -23.80605407323652 ], [ 30.980115308974682, -23.805291370799758 ], [ 30.980267850181459, -23.803460885311235 ], [ 30.93343793531271, -23.788511921687508 ], [ 30.945832356678125, -23.7440584320507 ], [ 30.952342766605646, -23.745912038209656 ], [ 30.952403120108112, -23.745755119103148 ], [ 30.952091742440196, -23.745070085715536 ], [ 30.95128215744586, -23.744820983401301 ], [ 30.950597124058334, -23.7445096048341 ], [ 30.950285746390332, -23.743637745385286 ], [ 30.950098919429845, -23.742890435744712 ], [ 30.949476162295365, -23.742454505570624 ], [ 30.949164782828706, -23.741458095414465 ], [ 30.94910250657566, -23.740648510420129 ], [ 30.949476162295365, -23.740025753285558 ], [ 30.949725263710146, -23.739029342230026 ], [ 30.949849816216325, -23.737908378668415 ], [ 30.949538436749666, -23.737285622433209 ], [ 30.949538436749666, -23.736289209579027 ], [ 30.950161193884238, -23.735604177090774 ], [ 30.950659400311284, -23.734545489782203 ], [ 30.950597124058326, -23.734047284254434 ], [ 30.950472573350805, -23.733299976412429 ], [ 30.950534848704564, -23.731992185890327 ], [ 30.949787539963182, -23.731556255716242 ], [ 30.949912091569985, -23.730995773935515 ], [ 30.950597124058319, -23.730559843761426 ], [ 30.951406709052652, -23.730061639133023 ], [ 30.952589947068663, -23.729874811273181 ], [ 30.953524082770436, -23.729189778784928 ], [ 30.954209116157969, -23.72825564308307 ], [ 30.954333666865491, -23.727259231128262 ], [ 30.953586359023475, -23.726262820072733 ], [ 30.952963601888996, -23.72564006293824 ], [ 30.952154016894664, -23.725204132764159 ], [ 30.952154016894664, -23.724643650983346 ], [ 30.95283905028219, -23.724394547769815 ], [ 30.953088152596347, -23.724083170101903 ], [ 30.95302587724267, -23.723024482793328 ], [ 30.952963601888996, -23.72221489779891 ], [ 30.952652223321621, -23.721654416917467 ], [ 30.951718086720572, -23.721716693170514 ], [ 30.951406709052648, -23.721031659782991 ], [ 30.950970778878556, -23.719786144614563 ], [ 30.950970778878556, -23.718852009812075 ], [ 30.951406709052648, -23.717357392329486 ], [ 30.951033054232322, -23.7161741543134 ], [ 30.950659400311274, -23.71548912092587 ], [ 30.950721675665037, -23.714554985224098 ], [ 30.950597124058316, -23.713309470954961 ], [ 30.950846227271747, -23.712499886859991 ], [ 30.951344432799516, -23.712437610606948 ], [ 30.951718086720568, -23.712126232039669 ], [ 30.951842639226648, -23.711192097237173 ], [ 30.950908502625509, -23.710818442416848 ], [ 30.950783951918069, -23.710133409029229 ], [ 30.950783951918069, -23.70932382493427 ], [ 30.950908502625509, -23.708514240839214 ], [ 30.949600713002688, -23.707019624255924 ], [ 30.948728852654682, -23.706085487654786 ], [ 30.947545613739297, -23.704653146425251 ], [ 30.946860582150329, -23.703220805195627 ], [ 30.946175548762803, -23.702162117887145 ], [ 30.945490516274461, -23.70085432826432 ], [ 30.94567734323503, -23.700293845584145 ], [ 30.94524141306103, -23.699920191663185 ], [ 30.944120450398696, -23.699484262388467 ], [ 30.943871347185169, -23.699110607568141 ], [ 30.943871347185169, -23.698487850433562 ], [ 30.943310866303637, -23.698176471866368 ], [ 30.942750383623551, -23.698363298826852 ], [ 30.942376729702499, -23.698861505253983 ], [ 30.941567145607539, -23.69898605596142 ], [ 30.941380317747686, -23.698425575079899 ], [ 30.94113121633281, -23.697740541692365 ], [ 30.941068940079678, -23.697055509204031 ], [ 30.940819836866151, -23.696432752069555 ], [ 30.940695286158718, -23.695996821895545 ], [ 30.941380317747679, -23.695374064760973 ], [ 30.94162942096121, -23.694626756019684 ], [ 30.94169169721425, -23.693941722632065 ], [ 30.942006978839235, -23.693167720213829 ], [ 30.940707456683924, -23.693041959918141 ], [ 30.939240254134607, -23.692413159339509 ], [ 30.937898811880881, -23.691910118157111 ], [ 30.936766970119763, -23.691910118157111 ], [ 30.934670966092444, -23.692161638748313 ], [ 30.932952242951838, -23.692580838834335 ], [ 30.929347117175883, -23.69388036188893 ], [ 30.925003835059165, -23.695141661058489 ], [ 30.924762000166432, -23.694670999966338 ], [ 30.924436000421277, -23.693524000132204 ], [ 30.924260000398895, -23.692814999812068 ], [ 30.924066999592537, -23.692054999838092 ], [ 30.923886000238898, -23.691320000117628 ], [ 30.923593518226419, -23.690472836951521 ], [ 30.923408810968041, -23.690448101997969 ], [ 30.922939708401028, -23.690448101997966 ], [ 30.922614944324415, -23.690051169125788 ], [ 30.922614944324415, -23.689654236253713 ], [ 30.9226510287222, -23.689329473076384 ], [ 30.9226510287222, -23.688968623702717 ], [ 30.922903623103874, -23.688571690830546 ], [ 30.923192301883422, -23.688210843255526 ], [ 30.923408810968041, -23.687777825086293 ], [ 30.923769659442431, -23.687633484797239 ], [ 30.924022252924825, -23.68730872161991 ], [ 30.924455271094061, -23.687200466627917 ], [ 30.924671780178677, -23.686911788747732 ], [ 30.925068713050848, -23.686550940273349 ], [ 30.925068713050848, -23.686117922104117 ], [ 30.925249136838399, -23.685793158926788 ], [ 30.925501731220081, -23.685540565444388 ], [ 30.925646070609854, -23.68517971697009 ], [ 30.925682155007639, -23.684854952893481 ], [ 30.925898664092252, -23.684421934724245 ], [ 30.926259512566642, -23.68431368063154 ], [ 30.9262955978637, -23.683880661563023 ], [ 30.926043004381302, -23.683555899285061 ], [ 30.925970833787183, -23.68305071142089 ], [ 30.925790409999628, -23.68265377764936 ], [ 30.925898664092252, -23.682437268564737 ], [ 30.925682155007639, -23.682040335692662 ], [ 30.925682155007639, -23.681787742210172 ], [ 30.925682155007639, -23.681462979032933 ], [ 30.925357391830396, -23.681066045261474 ], [ 30.925393477127457, -23.680741282084146 ], [ 30.925573900915012, -23.680705196787098 ], [ 30.925949991099429, -23.680439995708927 ], [ 30.926809994785561, -23.681039999995711 ], [ 30.927549998333955, -23.681579997918274 ], [ 30.928200000429836, -23.681979998377869 ], [ 30.928869998951473, -23.682419998883493 ], [ 30.929390001347642, -23.682639999136356 ], [ 30.929930000169573, -23.682989999988209 ], [ 30.930410000721142, -23.683200001578466 ], [ 30.930959998205591, -23.683330002177549 ], [ 30.931299993200323, -23.683510009578974 ], [ 30.932199997831855, -23.683690000792641 ], [ 30.932670000620192, -23.683520000147613 ], [ 30.933110002025192, -23.68329999989475 ], [ 30.933600001239281, -23.683089998304503 ], [ 30.934189998769583, -23.683030000034144 ], [ 30.934970002363915, -23.682779998397955 ], [ 30.935489995766829, -23.682639999136349 ], [ 30.935799995673463, -23.682379997938174 ], [ 30.935890004320399, -23.681849997778869 ], [ 30.935950000792104, -23.681380002185044 ], [ 30.935929997171829, -23.681039999995708 ], [ 30.936019996825607, -23.680689999143851 ], [ 30.936240005172348, -23.680289998684156 ], [ 30.936480000951505, -23.680019999722926 ], [ 30.93743999575933, -23.67944000085506 ], [ 30.938030002282972, -23.679140006805543 ], [ 30.938570000205523, -23.678890004269984 ], [ 30.938969999765842, -23.678630003071895 ], [ 30.939570004052634, -23.678209998991935 ], [ 30.940429999644973, -23.67774000339811 ], [ 30.941010000311486, -23.677539999571014 ], [ 30.941660002407378, -23.677499998625702 ], [ 30.94215999219011, -23.677750002060638 ], [ 30.942699999105912, -23.67817999580986 ], [ 30.943459997281238, -23.678500001573447 ], [ 30.94437000057529, -23.678709995969179 ], [ 30.945530000109589, -23.679109996428863 ], [ 30.946010000661158, -23.679319998019107 ], [ 30.946559998145602, -23.679570000554765 ], [ 30.948090001252751, -23.680180002604704 ], [ 30.949060001917697, -23.680689999143834 ], [ 30.949550002031156, -23.680879997113806 ], [ 30.950940006776158, -23.681690002091575 ], [ 30.952239995679445, -23.68254000082004 ], [ 30.953190000818086, -23.683129998350424 ], [ 30.954170000145641, -23.6835600010929 ], [ 30.955620002261533, -23.683919999707914 ], [ 30.956399996862615, -23.684069996732656 ], [ 30.956799997322214, -23.684050000306907 ], [ 30.958110000176593, -23.684249996040126 ], [ 30.959160002732162, -23.684459997630462 ], [ 30.960140002059717, -23.684360000213527 ], [ 30.961170000095642, -23.68426000189724 ], [ 30.961489997765426, -23.684180000905986 ], [ 30.963089996906071, -23.684039993550495 ], [ 30.964250003634966, -23.683650000746574 ], [ 30.96511999878911, -23.683330002177517 ], [ 30.965689999893833, -23.682980009419534 ], [ 30.96608000169099, -23.682370000174995 ], [ 30.966359999314747, -23.681759998125052 ], [ 30.96657000090509, -23.681300001193755 ], [ 30.966710000166604, -23.680940001679378 ], [ 30.966809997583532, -23.680549999882203 ], [ 30.967090003301251, -23.679750000761569 ], [ 30.96728999903447, -23.679179991563057 ], [ 30.967389997350672, -23.678519998898459 ], [ 30.967419999633464, -23.678219996755054 ], [ 30.967440004153104, -23.677360000263437 ], [ 30.967349996405453, -23.676600001188742 ], [ 30.967240000326004, -23.676229995817341 ], [ 30.967060001018456, -23.675429996696611 ], [ 30.966930000419374, -23.674889997874775 ], [ 30.966799999820374, -23.674309999006912 ], [ 30.966520002196535, -23.673679999631929 ], [ 30.966229997816381, -23.673100000764062 ], [ 30.965969996618288, -23.672359999014411 ], [ 30.965749997264712, -23.671580004413315 ], [ 30.965659996711658, -23.670790002156554 ], [ 30.965689999893822, -23.670199997431567 ], [ 30.965730000839041, -23.669739999600893 ], [ 30.965789998210113, -23.669309996858505 ], [ 30.966090000353415, -23.668029997186295 ], [ 30.966229997816377, -23.667749998663172 ], [ 30.966449998968422, -23.66734999910285 ], [ 30.966889998574775, -23.666940000880011 ], [ 30.967509999287234, -23.666460000328353 ], [ 30.968049998109162, -23.666150000421805 ], [ 30.968730003387201, -23.665769997287157 ], [ 30.969150006567794, -23.665730004435815 ], [ 30.969559996696749, -23.665520001946192 ], [ 30.97007999909291, -23.665260000748109 ], [ 30.97028000292001, -23.665210002039647 ], [ 30.970950002340938, -23.665020004069582 ], [ 30.971369998326924, -23.664869998950937 ], [ 30.971819996595791, -23.664990000887418 ], [ 30.972309996709175, -23.665110003723349 ], [ 30.972659990366516, -23.665130000149023 ], [ 30.973309999657001, -23.665170001094335 ], [ 30.973700002353453, -23.66535000040188 ], [ 30.974180002905019, -23.665629998025636 ], [ 30.97440000315779, -23.666069997631894 ], [ 30.974959998405474, -23.666339998391866 ], [ 30.975589996881084, -23.666630000973367 ], [ 30.975920001307273, -23.666739997052897 ], [ 30.976580002065678, -23.667070002378274 ], [ 30.977029993139855, -23.667349999102843 ], [ 30.977529998211075, -23.667659999009381 ], [ 30.978019998324537, -23.667969998915929 ], [ 30.978599997192404, -23.668440001704351 ], [ 30.978869996153634, -23.66854999868308 ], [ 30.979240002424415, -23.668700003801803 ], [ 30.979705395287947, -23.668794980303755 ], [ 30.979730000739139, -23.668800002118008 ], [ 30.980120003435587, -23.66884000216395 ], [ 30.980809998382895, -23.669049995660409 ], [ 30.981550001031927, -23.669240001724351 ], [ 30.982229998216084, -23.66942999969433 ], [ 30.982950004439353, -23.669579996719083 ], [ 30.983540001070455, -23.669690000892498 ], [ 30.984370003373172, -23.669790007302584 ], [ 30.985019998274538, -23.669910001145272 ], [ 30.986029999884796, -23.670099999115333 ], [ 30.98699000188731, -23.670170002343347 ], [ 30.98802999858577, -23.670199997431538 ], [ 30.989120002086647, -23.670400001258638 ], [ 30.989570001254798, -23.670480002249896 ], [ 30.990159997885819, -23.670870004047057 ], [ 30.99054999968298, -23.670999995652899 ], [ 30.990959997905819, -23.671050003354605 ], [ 30.991449997119915, -23.671050003354601 ], [ 30.992000001798871, -23.671200000379368 ], [ 30.992239999376682, -23.671270003607379 ], [ 30.992749995016542, -23.671550001231218 ], [ 30.993330001978201, -23.67187999666416 ], [ 30.993789998909591, -23.671980003074324 ], [ 30.994709992772194, -23.672549996984444 ], [ 30.995420001232304, -23.673019999772777 ], [ 30.9961100042735, -23.67337999928715 ], [ 30.996579998968045, -23.673900000784034 ], [ 30.99724999838897, -23.67416001007599 ], [ 30.99790000138422, -23.674470001888658 ], [ 30.998560002142618, -23.674789999558438 ], [ 30.999130003247334, -23.67504000299337 ], [ 30.999580000616746, -23.675220002300829 ], [ 30.999890001422663, -23.675379997988099 ], [ 31.000140003958226, -23.675459998979367 ], [ 31.000309998308019, -23.675589999578452 ], [ 31.000780001096444, -23.675750003359518 ], [ 31.001130001948301, -23.675739996603202 ], [ 31.001589998879599, -23.675490002161521 ], [ 31.001880002360476, -23.675369999325579 ], [ 31.002150001321802, -23.675410000270897 ], [ 31.00251000803069, -23.675339997042791 ], [ 31.0031800002571, -23.67554999863313 ], [ 31.003319997719966, -23.675649996949424 ], [ 31.003340003138888, -23.675669993375102 ], [ 31.003239996728716, -23.675660002806548 ], [ 31.003350000902127, -23.675739996603195 ], [ 31.003449999218336, -23.675829996256972 ], [ 31.003610002100125, -23.675869997202195 ], [ 31.003859997441175, -23.675859999439044 ], [ 31.004239999676539, -23.675769998885904 ], [ 31.004540001819933, -23.675689997894736 ], [ 31.004940002279533, -23.675620001861237 ], [ 31.00531999732021, -23.675660002806541 ], [ 31.005790000108636, -23.675760001122743 ], [ 31.006149998723732, -23.675800002068058 ], [ 31.006450000867122, -23.675909998147503 ], [ 31.006790003955832, -23.675959996855966 ], [ 31.007269997312804, -23.676139996163517 ], [ 31.007990002636792, -23.676199994433773 ], [ 31.008350002151079, -23.676190002965861 ], [ 31.008890000973008, -23.675970002713083 ], [ 31.009490004360515, -23.675540000869972 ], [ 31.009969997717484, -23.675159996835948 ], [ 31.010419995986265, -23.674960001102736 ], [ 31.010859997391268, -23.67484999692941 ], [ 31.011259996951583, -23.674659999858712 ], [ 31.01183999581945, -23.674409997323146 ], [ 31.012149995725999, -23.67419999483344 ], [ 31.012610000751177, -23.673890003020858 ], [ 31.012769996438458, -23.67376000242178 ], [ 31.013239999226876, -23.673369999725328 ], [ 31.013620003260804, -23.67305000205554 ], [ 31.014080000192106, -23.672650009689733 ], [ 31.014539997123411, -23.67234000168931 ], [ 31.015180000556857, -23.671839996618186 ], [ 31.015819997694983, -23.671490003860203 ], [ 31.0163200027662, -23.671200000379336 ], [ 31.016870000250563, -23.670970002363319 ], [ 31.017620000662742, -23.670629999274617 ], [ 31.018209998193129, -23.670360000313377 ], [ 31.018699998306499, -23.670109996878448 ], [ 31.019309998557876, -23.669659997710301 ], [ 31.019880000561869, -23.669280002669616 ], [ 31.020199999130938, -23.669100003362068 ], [ 31.020590000028736, -23.668930001817667 ], [ 31.020980001825905, -23.668750003409581 ], [ 31.02124999269326, -23.668629999674366 ], [ 31.021669996773216, -23.668469996792485 ], [ 31.02208000308994, -23.668260003296119 ], [ 31.022360000713689, -23.668119995940629 ], [ 31.022859998590306, -23.667849996979403 ], [ 31.023249992293593, -23.667659999009327 ], [ 31.02366999637346, -23.667399997811248 ], [ 31.024059998170724, -23.667219999403066 ], [ 31.024549997384717, -23.666950000441741 ], [ 31.024989997890355, -23.666810009274101 ], [ 31.025640000885609, -23.66660999735312 ], [ 31.026480000951555, -23.666429997146199 ], [ 31.026671050229108, -23.666405966361822 ], [ 31.027274997143721, -23.666329998830001 ], [ 31.02735000419958, -23.666319992972884 ], [ 31.028039999146888, -23.666240000075504 ], [ 31.028740000850604, -23.666240000075501 ], [ 31.029339997043511, -23.666299997446483 ], [ 31.029940000430933, -23.666419999383056 ], [ 31.030410003219359, -23.666559997745289 ], [ 31.031040001694969, -23.666699997006809 ], [ 31.031800000769664, -23.666940000879936 ], [ 31.032619997215342, -23.667049996959381 ], [ 31.033219999703476, -23.667260000348275 ], [ 31.033859996841695, -23.66744999741897 ], [ 31.034720001427207, -23.667640002583646 ], [ 31.035870002299067, -23.66802999718621 ], [ 31.03680000201879, -23.66837999713869 ], [ 31.037060003216876, -23.668459999029317 ], [ 31.0376300043215, -23.668649996999289 ], [ 31.03808000259037, -23.668729997990539 ], [ 31.038800000719757, -23.668760001172707 ], [ 31.039709995919846, -23.668700003801728 ], [ 31.039789997810466, -23.668689997045323 ], [ 31.040430002143196, -23.668629999674341 ], [ 31.04115000027258, -23.668490001312101 ], [ 31.041859999739447, -23.668249997438966 ], [ 31.042550003680006, -23.667950003389453 ], [ 31.043270001809393, -23.667560000693008 ], [ 31.043800001968791, -23.66716000203197 ], [ 31.044439991013046, -23.666670001918593 ], [ 31.04455000328025, -23.666590000927336 ], [ 31.045859998040829, -23.665219999802709 ], [ 31.047279997873925, -23.663750001261139 ], [ 31.048730008083705, -23.661629999724248 ], [ 31.049269998811646, -23.660650001296055 ], [ 31.049530000009824, -23.659850001276048 ], [ 31.049650001946294, -23.658889999273534 ], [ 31.049589997380714, -23.657240001424523 ], [ 31.049480001301269, -23.656289996285881 ], [ 31.048900000634752, -23.655039997997086 ], [ 31.048060000568885, -23.653889997125223 ], [ 31.047639997388295, -23.653150002570076 ], [ 31.047390002047248, -23.652440003103219 ], [ 31.046299999445733, -23.650559999144221 ], [ 31.045880001660997, -23.649819995595831 ], [ 31.045759999724524, -23.649300002192909 ], [ 31.045630000024719, -23.648779999796744 ], [ 31.045339995644561, -23.647419997334541 ], [ 31.045400001109428, -23.646600008982752 ], [ 31.045899998986037, -23.644690001841681 ], [ 31.046169997947363, -23.644020003320033 ], [ 31.046470000090753, -23.643389996750457 ], [ 31.046820000942525, -23.64288999887393 ], [ 31.047390002047241, -23.642430001942625 ], [ 31.048500001074423, -23.642260001297586 ], [ 31.049589997380703, -23.642390001896597 ], [ 31.050320001367297, -23.642720006322779 ], [ 31.052540000321034, -23.644170000344786 ], [ 31.053799997272346, -23.644759989781285 ], [ 31.05480000022008, -23.645199998380797 ], [ 31.056880000811677, -23.646010004257839 ], [ 31.058089998155239, -23.646330001927613 ] ] ] } },
{ "type": "Feature", "properties": { "Municipali": "Ba-Phalaborwa Local Municipality", "WardNo": "18", "WardLabel": "LIM334_18", "Province": "Limpopo", "CLASSIFICATION": "Mining", "PopGBlack": 8183.2357654999996, "PopGColour": 14.972667601, "PopGIndian": 12.568468335, "PopGWhite": 723.41324142999997, "PopGOther": 92.3227153, "PopGTotal": 9026.5128581999998 }, "geometry": { "type": "Polygon", "coordinates": [ [ [ 30.702340206735236, -23.640558426430051 ], [ 30.715659996311878, -23.648100002612889 ], [ 30.715720000877464, -23.648020000722266 ], [ 30.71612000133706, -23.647469996043313 ], [ 30.71675199360962, -23.647071999273187 ], [ 30.717980000776507, -23.646299999645137 ], [ 30.719350009995026, -23.645880002759782 ], [ 30.721629998225861, -23.64483000110349 ], [ 30.722879997414015, -23.644160001682565 ], [ 30.72375500269132, -23.643637000047413 ], [ 30.724369992381337, -23.643270002908153 ], [ 30.725640002384282, -23.642619999912899 ], [ 30.726650003994536, -23.642200003926831 ], [ 30.727470000440213, -23.641749996664792 ], [ 30.728130001198611, -23.641240001025118 ], [ 30.728939998981858, -23.640679997683637 ], [ 30.729620004259903, -23.640449999667542 ], [ 30.730589996830968, -23.640250003934412 ], [ 30.731410001370527, -23.640260001697566 ], [ 30.732449997169695, -23.640580000266624 ], [ 30.732919999958117, -23.640710000865713 ], [ 30.733490001062744, -23.641010003009018 ], [ 30.734100003112683, -23.641649999247953 ], [ 30.734479998153446, -23.642459997031118 ], [ 30.734829999005306, -23.643349995805522 ], [ 30.735220000802475, -23.644240003573184 ], [ 30.735309999556879, -23.644489998014784 ], [ 30.735580000316848, -23.645060000018777 ], [ 30.735909995749786, -23.645880002759775 ], [ 30.736270003358047, -23.647359999963943 ], [ 30.736599999690267, -23.648600007683999 ], [ 30.737020003770223, -23.649580007011558 ], [ 30.737449998418732, -23.650320001566694 ], [ 30.737920001207158, -23.650879996814204 ], [ 30.738209996594147, -23.651399999210369 ], [ 30.738999997951634, -23.65307000067984 ], [ 30.739659998710039, -23.653950009784978 ], [ 30.740080002789995, -23.654819996845241 ], [ 30.740880002810005, -23.656130000598882 ], [ 30.741290001032841, -23.656530001058574 ], [ 30.742030002782407, -23.65787999676429 ], [ 30.74240000006003, -23.658950003839408 ], [ 30.742819996945389, -23.659710002914185 ], [ 30.742979999827181, -23.660280004018819 ], [ 30.7432499987885, -23.660529999359785 ], [ 30.743529996412256, -23.660820001941378 ], [ 30.744369997377575, -23.661570003252923 ], [ 30.745209997443521, -23.66250000297255 ], [ 30.745519989256184, -23.662749998313608 ], [ 30.746099996217932, -23.663329997181471 ], [ 30.7466900018422, -23.663989997939868 ], [ 30.747229999764755, -23.664439989014141 ], [ 30.747630000224447, -23.66460999775305 ], [ 30.747959996556663, -23.664869998951129 ], [ 30.748359996116982, -23.665390001347291 ], [ 30.74883999756792, -23.665939997932369 ], [ 30.749229999364999, -23.666810009274357 ], [ 30.749750000861976, -23.66774999866335 ], [ 30.750370001574439, -23.668750003409837 ], [ 30.750550000881898, -23.669089996605916 ], [ 30.750739998851969, -23.669810002829184 ], [ 30.75104000099536, -23.670300002942646 ], [ 30.751200003877148, -23.671010002409506 ], [ 30.751539997972603, -23.671750005058531 ], [ 30.751629997626381, -23.672210001989825 ], [ 30.751780002745015, -23.672700001203925 ], [ 30.751970000714994, -23.673150000372079 ], [ 30.752069999031285, -23.673689999193908 ], [ 30.752280000621631, -23.674250001636111 ], [ 30.752360001612882, -23.674759998175237 ], [ 30.752360001612882, -23.675179994161233 ], [ 30.752340006086492, -23.675760001122974 ], [ 30.752289999284152, -23.676259998999598 ], [ 30.752289999284152, -23.677379996689385 ], [ 30.75223999967632, -23.678010003258876 ], [ 30.75223999967632, -23.678470000190167 ], [ 30.752209997393521, -23.678919997559674 ], [ 30.752220011344527, -23.679620000162757 ], [ 30.752569996008617, -23.680569997207435 ], [ 30.752840003963101, -23.681110003223957 ], [ 30.753290002231886, -23.681659999808947 ], [ 30.753579997618889, -23.682580001765519 ], [ 30.754000001698845, -23.68356000109307 ], [ 30.754599997891667, -23.684939999980855 ], [ 30.755029999734774, -23.685810003228877 ], [ 30.7553999898177, -23.686629998775281 ], [ 30.755740000101003, -23.687420000132757 ], [ 30.756069997332592, -23.688690002941094 ], [ 30.756530000559124, -23.689370000125173 ], [ 30.756620001112267, -23.689680000031803 ], [ 30.756740003048833, -23.690060003166451 ], [ 30.756859997790794, -23.690709998067824 ], [ 30.756899998736017, -23.691210004038318 ], [ 30.757070000280418, -23.692050004104264 ], [ 30.757179996359863, -23.692730001288425 ], [ 30.757159999934192, -23.693170001793963 ], [ 30.757439996658572, -23.693740002898686 ], [ 30.75776999389025, -23.69418000340422 ], [ 30.758130000599138, -23.694680001280837 ], [ 30.758639997138275, -23.695389992653819 ], [ 30.758960002901944, -23.695989996940614 ], [ 30.759190000917862, -23.696440003303362 ], [ 30.759670003268084, -23.697349991308933 ], [ 30.759869998102026, -23.697569998756208 ], [ 30.760189996671087, -23.697960000553469 ], [ 30.760679995885184, -23.69848000294963 ], [ 30.761080011633354, -23.698750001910952 ], [ 30.761719999778229, -23.69931000525234 ], [ 30.762380001436004, -23.699739999900935 ], [ 30.762860002886946, -23.700160003980812 ], [ 30.76317000279349, -23.700390001996819 ], [ 30.763830002652607, -23.700599996392565 ], [ 30.764940002579163, -23.700760000173716 ], [ 30.766099994019577, -23.700660009052019 ], [ 30.766649997799252, -23.700539999021572 ], [ 30.767119994292354, -23.700160003980805 ], [ 30.767809997333632, -23.699550001930866 ], [ 30.768019998923887, -23.699370001724041 ], [ 30.768559997745808, -23.699039998197133 ], [ 30.768890002171997, -23.698750001910952 ], [ 30.769349999103294, -23.698329989737104 ], [ 30.769960001153233, -23.697809996334101 ], [ 30.770729997991083, -23.697340000740283 ], [ 30.771049995660864, -23.696980002125276 ], [ 30.771469999740827, -23.696729998690344 ], [ 30.772070004027523, -23.696670002218642 ], [ 30.772369998077039, -23.696530002957122 ], [ 30.77246999639333, -23.696190000767785 ], [ 30.772859997291139, -23.695849997679083 ], [ 30.773299997796769, -23.695650001945861 ], [ 30.773829997956174, -23.695310006951125 ], [ 30.774480000951336, -23.694890002871166 ], [ 30.775040004292897, -23.694360002711765 ], [ 30.775679999632377, -23.693809998032801 ], [ 30.776439998707072, -23.693599996442469 ], [ 30.776829999604871, -23.693639997387777 ], [ 30.777211999234492, -23.693712003406073 ], [ 30.777360000663649, -23.693740002898672 ], [ 30.778030000084478, -23.693780003843894 ], [ 30.778749998213954, -23.694100002412959 ], [ 30.779350001601372, -23.694310004003295 ], [ 30.78003999744805, -23.694469998791202 ], [ 30.780619996315828, -23.694600000289572 ], [ 30.781160003231633, -23.694850001925857 ], [ 30.781470003138182, -23.694890002871158 ], [ 30.781799998571117, -23.694810001879905 ], [ 30.783030001333604, -23.694820007736933 ], [ 30.78365000114669, -23.694929995722596 ], [ 30.784119995841234, -23.694929995722589 ], [ 30.784419997984624, -23.694820007736936 ], [ 30.784790003356036, -23.694360002711754 ], [ 30.785309997658409, -23.693459997180945 ], [ 30.785749998163951, -23.692829998705243 ], [ 30.786360000213978, -23.692460002327081 ], [ 30.787110000626154, -23.692209998892153 ], [ 30.788099997716767, -23.692010003158931 ], [ 30.789599999440576, -23.691999989207932 ], [ 30.79095000324018, -23.691920002605791 ], [ 30.791694010570229, -23.691818003298035 ], [ 30.792119999638345, -23.691759999723999 ], [ 30.793319999218667, -23.691630000024279 ], [ 30.794169997947137, -23.691540000370505 ], [ 30.794869999650853, -23.691499999425282 ], [ 30.795580007211683, -23.691509989993833 ], [ 30.797189996920881, -23.6918000006693 ], [ 30.798140001160245, -23.692039998247115 ], [ 30.79931999622093, -23.692110000575848 ], [ 30.800270001359571, -23.692320003065468 ], [ 30.802300002343326, -23.692659998060289 ], [ 30.803630001623375, -23.692879998313064 ], [ 30.804369996178519, -23.692979987636104 ], [ 30.805199999380601, -23.692990001587102 ], [ 30.806349999353095, -23.69295000064179 ], [ 30.807050001056805, -23.692739999051543 ], [ 30.80750999798811, -23.692749997714063 ], [ 30.808299999345596, -23.692609999351738 ], [ 30.808929988828037, -23.692359995916895 ], [ 30.810020000422806, -23.692380000436444 ], [ 30.810540002818968, -23.692200001128896 ], [ 30.811139998112509, -23.691779997049025 ], [ 30.811700000554705, -23.691530001707971 ], [ 30.81304999715978, -23.690550003279874 ], [ 30.813750006957378, -23.689739997402746 ], [ 30.814589998929442, -23.688669998421506 ], [ 30.815020001671833, -23.688009996763739 ], [ 30.815479998603138, -23.687320001816424 ], [ 30.81581000302932, -23.686960003201328 ], [ 30.816390001897194, -23.686089999953307 ], [ 30.817320001616917, -23.685100002862594 ], [ 30.81809999801656, -23.684430004341049 ], [ 30.818551001727474, -23.684276000836608 ], [ 30.818889999374136, -23.684159989191965 ], [ 30.820150004419322, -23.684199997331788 ], [ 30.821409999571898, -23.68408000258982 ], [ 30.821999998001651, -23.684139999960799 ], [ 30.822739999751306, -23.684289996985559 ], [ 30.823880001960649, -23.684360000213658 ], [ 30.825239997228259, -23.68449000890654 ], [ 30.826320002066527, -23.68467999878273 ], [ 30.827139990418331, -23.685050004154132 ], [ 30.828239998876956, -23.685309997258333 ], [ 30.829150003070293, -23.685559999793981 ], [ 30.830310000806023, -23.68573999910144 ], [ 30.831330001078801, -23.685879998363045 ], [ 30.832819996046123, -23.686380004333532 ], [ 30.834120001137261, -23.68684000126483 ], [ 30.83535001109426, -23.687310004053266 ], [ 30.836290002281903, -23.687640000385475 ], [ 30.837430003591965, -23.688210000590821 ], [ 30.838699999205705, -23.688880000011736 ], [ 30.839400000010137, -23.689289998234667 ], [ 30.841220000302922, -23.690119999638 ], [ 30.842060000368786, -23.690450004963562 ], [ 30.843179998058577, -23.690740000350463 ], [ 30.844480003149712, -23.690749999012979 ], [ 30.845690001392558, -23.690830000004237 ], [ 30.846480001850761, -23.690870000949541 ], [ 30.847079998043579, -23.690860011280275 ], [ 30.847929995872772, -23.690759996776219 ], [ 30.84897999932771, -23.690640002933538 ], [ 30.849850001676362, -23.690370011166809 ], [ 30.851310001555486, -23.690030000883592 ], [ 30.853289996636178, -23.689620002660753 ], [ 30.854730000988926, -23.689310002754212 ], [ 30.855570001054783, -23.689090001602064 ], [ 30.856609996854036, -23.688809996783714 ], [ 30.857759997725903, -23.688659999758954 ], [ 30.859010004108487, -23.688470001788883 ], [ 30.859849996080641, -23.68842000308042 ], [ 30.860669999720827, -23.688269997961775 ], [ 30.861829999255214, -23.688179999207371 ], [ 30.862990005084828, -23.688110003173872 ], [ 30.864480000052147, -23.687980002574786 ], [ 30.86524999689, -23.687930003866324 ], [ 30.867520002646167, -23.687439995659069 ], [ 30.868140003358626, -23.687509991692483 ], [ 30.868980004323944, -23.68722000439945 ], [ 30.869530000908931, -23.686769997137421 ], [ 30.870129996202557, -23.686189998269562 ], [ 30.870580002565216, -23.68572000267573 ], [ 30.871600002837994, -23.684689997445204 ], [ 30.872540001220237, -23.683479999202358 ], [ 30.873179998358367, -23.682410000221118 ], [ 30.873669996673179, -23.681619998863624 ], [ 30.873929997871269, -23.681089998704234 ], [ 30.87445999892995, -23.680280000921066 ], [ 30.875050003654845, -23.67952000184637 ], [ 30.875500002822996, -23.678969997167414 ], [ 30.875870000100523, -23.678479997953321 ], [ 30.87689000037339, -23.677899999085458 ], [ 30.878009998063092, -23.677430002592256 ], [ 30.878769996238418, -23.677189998719218 ], [ 30.879690006288875, -23.67692999842042 ], [ 30.880929997821262, -23.676489997015505 ], [ 30.881849999777831, -23.676139996163641 ], [ 30.882600001089379, -23.676089996555817 ], [ 30.883040008789518, -23.675850000776652 ], [ 30.883570009848206, -23.675549998633254 ], [ 30.884280002120562, -23.675270001009501 ], [ 30.884699998106637, -23.67502999713637 ], [ 30.885609994205996, -23.674539997023 ], [ 30.886099993420093, -23.674240002973487 ], [ 30.886440003703406, -23.673900000784148 ], [ 30.886950000242535, -23.673519996750223 ], [ 30.88765999881003, -23.673159998135123 ], [ 30.888159996686646, -23.67301999977289 ], [ 30.888480003349589, -23.672830001802911 ], [ 30.888900000234948, -23.67266000115788 ], [ 30.889349997604452, -23.672749999912284 ], [ 30.889680002929914, -23.672770005331206 ], [ 30.890009999262219, -23.672770005331206 ], [ 30.890979999927165, -23.672949995645499 ], [ 30.891929996971932, -23.673039996198639 ], [ 30.892579999067898, -23.673169996797636 ], [ 30.892849998029135, -23.673419999333298 ], [ 30.892959995007857, -23.673569996357962 ], [ 30.892840000265895, -23.673739997902359 ], [ 30.892759999274638, -23.673930003066932 ], [ 30.892709999666899, -23.674110003273764 ], [ 30.892749999712841, -23.674359997715445 ], [ 30.892840000265895, -23.674600001588576 ], [ 30.892889998974447, -23.674809988789622 ], [ 30.892809997983189, -23.675119996790134 ], [ 30.892560002642227, -23.675549998633251 ], [ 30.892200004027131, -23.676219998054172 ], [ 30.892089999853809, -23.676799996922036 ], [ 30.892269999161268, -23.67730000289253 ], [ 30.892579999067905, -23.677480002200081 ], [ 30.89309000280155, -23.677630007318719 ], [ 30.893840004113098, -23.677539999571064 ], [ 30.894570000005633, -23.677269999710461 ], [ 30.895419997834729, -23.676919999757882 ], [ 30.896160001383127, -23.676730001787814 ], [ 30.896609999651904, -23.676730001787814 ], [ 30.896979996929431, -23.676689992748702 ], [ 30.897249995890757, -23.676860002386899 ], [ 30.897650004444323, -23.676969999365713 ], [ 30.89816000008409, -23.676849995630498 ], [ 30.899269999111272, -23.676860002386896 ], [ 30.899929999869759, -23.676799996922028 ], [ 30.900519998299426, -23.676780001395642 ], [ 30.900829998205975, -23.677009999411656 ], [ 30.901330003277184, -23.677390003445581 ], [ 30.902040002744144, -23.677960003651016 ], [ 30.903100003962141, -23.679200004176558 ], [ 30.903969999116285, -23.680050002005661 ], [ 30.904090001052854, -23.680169996747622 ], [ 30.904750001811252, -23.680580003064339 ], [ 30.90537000162443, -23.681210000640757 ], [ 30.906000000100132, -23.681799999070428 ], [ 30.906359998715146, -23.682039994849593 ], [ 30.907219996106136, -23.682029997086438 ], [ 30.907540001869712, -23.681910003243761 ], [ 30.908099997117393, -23.681650002045675 ], [ 30.908480001151322, -23.681380002185065 ], [ 30.908879999812356, -23.681049997758887 ], [ 30.909189999718905, -23.680779998797554 ], [ 30.909639998887055, -23.680320001866349 ], [ 30.909859999139822, -23.679920002306023 ], [ 30.910250000936994, -23.679520001846335 ], [ 30.910609999551998, -23.679260000648256 ], [ 30.911019997774837, -23.679080002239992 ], [ 30.911480002800026, -23.678799995622985 ], [ 30.911809999132323, -23.678460000628249 ], [ 30.912060001667889, -23.678190001666923 ], [ 30.912269996063628, -23.677840000815159 ], [ 30.912630002772609, -23.677539999571046 ], [ 30.912789997560516, -23.677300002892512 ], [ 30.913050006852476, -23.676919999757867 ], [ 30.913449999218283, -23.676590003425652 ], [ 30.913819997395176, -23.676420001881247 ], [ 30.914940002279391, -23.675819997594555 ], [ 30.915239996328907, -23.675779996649236 ], [ 30.915540005666905, -23.675840002114111 ], [ 30.915880000661637, -23.675980001375709 ], [ 30.916141996556043, -23.675987997247937 ], [ 30.916609996554261, -23.675890000822566 ], [ 30.91724000312384, -23.675800002068158 ], [ 30.917700000055145, -23.67585000077662 ], [ 30.918190000168515, -23.67577999664924 ], [ 30.918509997838299, -23.675760001122846 ], [ 30.918769999036382, -23.675880003059415 ], [ 30.918989999289153, -23.676020002320929 ], [ 30.919349997904252, -23.67606000326624 ], [ 30.9196400022844, -23.676060003266233 ], [ 30.920340003088839, -23.676299999045401 ], [ 30.920880001910767, -23.676449996070154 ], [ 30.921180004054158, -23.676610007045824 ], [ 30.921619995566541, -23.676959999803884 ], [ 30.921649998748613, -23.676979997128836 ], [ 30.921959998655158, -23.677149997773867 ], [ 30.922250003035401, -23.677469996343021 ], [ 30.922600002987888, -23.677920002705594 ], [ 30.923410000771046, -23.678540003418142 ], [ 30.92465999905993, -23.679449998618225 ], [ 30.925380005283191, -23.679989997440146 ], [ 30.925949991099429, -23.680439995708927 ], [ 30.925573900915012, -23.680705196787098 ], [ 30.925393477127457, -23.680741282084146 ], [ 30.925357391830396, -23.681066045261474 ], [ 30.925682155007639, -23.681462979032933 ], [ 30.925682155007639, -23.681787742210172 ], [ 30.925682155007639, -23.682040335692662 ], [ 30.925898664092252, -23.682437268564737 ], [ 30.925790409999628, -23.68265377764936 ], [ 30.925970833787183, -23.68305071142089 ], [ 30.926043004381302, -23.683555899285061 ], [ 30.9262955978637, -23.683880661563023 ], [ 30.926259512566642, -23.68431368063154 ], [ 30.925898664092252, -23.684421934724245 ], [ 30.925682155007639, -23.684854952893481 ], [ 30.925646070609854, -23.68517971697009 ], [ 30.925501731220081, -23.685540565444388 ], [ 30.925249136838399, -23.685793158926788 ], [ 30.925068713050848, -23.686117922104117 ], [ 30.925068713050848, -23.686550940273349 ], [ 30.924671780178677, -23.686911788747732 ], [ 30.924455271094061, -23.687200466627917 ], [ 30.924022252924825, -23.68730872161991 ], [ 30.923769659442431, -23.687633484797239 ], [ 30.923408810968041, -23.687777825086293 ], [ 30.923192301883422, -23.688210843255526 ], [ 30.922903623103874, -23.688571690830546 ], [ 30.9226510287222, -23.688968623702717 ], [ 30.9226510287222, -23.689329473076384 ], [ 30.922614944324415, -23.689654236253713 ], [ 30.922614944324415, -23.690051169125788 ], [ 30.922939708401028, -23.690448101997966 ], [ 30.923408810968041, -23.690448101997969 ], [ 30.923593518226419, -23.690472836951521 ], [ 30.923886000238898, -23.691320000117628 ], [ 30.924066999592537, -23.692054999838092 ], [ 30.924260000398895, -23.692814999812068 ], [ 30.924436000421277, -23.693524000132204 ], [ 30.924762000166432, -23.694670999966338 ], [ 30.925003835059165, -23.695141661058489 ], [ 30.929347117175883, -23.69388036188893 ], [ 30.932952242951838, -23.692580838834335 ], [ 30.934670966092444, -23.692161638748313 ], [ 30.936766970119763, -23.691910118157111 ], [ 30.937898811880881, -23.691910118157111 ], [ 30.939240254134607, -23.692413159339509 ], [ 30.940707456683924, -23.693041959918141 ], [ 30.942006978839235, -23.693167720213829 ], [ 30.94169169721425, -23.693941722632065 ], [ 30.94162942096121, -23.694626756019684 ], [ 30.941380317747679, -23.695374064760973 ], [ 30.940695286158718, -23.695996821895545 ], [ 30.940819836866151, -23.696432752069555 ], [ 30.941068940079678, -23.697055509204031 ], [ 30.94113121633281, -23.697740541692365 ], [ 30.941380317747686, -23.698425575079899 ], [ 30.941567145607539, -23.69898605596142 ], [ 30.942376729702499, -23.698861505253983 ], [ 30.942750383623551, -23.698363298826852 ], [ 30.943310866303637, -23.698176471866368 ], [ 30.943871347185169, -23.698487850433562 ], [ 30.943871347185169, -23.699110607568141 ], [ 30.944120450398696, -23.699484262388467 ], [ 30.94524141306103, -23.699920191663185 ], [ 30.94567734323503, -23.700293845584145 ], [ 30.945490516274461, -23.70085432826432 ], [ 30.946175548762803, -23.702162117887145 ], [ 30.946860582150329, -23.703220805195627 ], [ 30.947545613739297, -23.704653146425251 ], [ 30.948728852654682, -23.706085487654786 ], [ 30.949600713002688, -23.707019624255924 ], [ 30.950908502625509, -23.708514240839214 ], [ 30.950783951918069, -23.70932382493427 ], [ 30.950783951918069, -23.710133409029229 ], [ 30.950908502625509, -23.710818442416848 ], [ 30.951842639226648, -23.711192097237173 ], [ 30.951718086720568, -23.712126232039669 ], [ 30.951344432799516, -23.712437610606948 ], [ 30.950846227271747, -23.712499886859991 ], [ 30.950597124058316, -23.713309470954961 ], [ 30.950721675665037, -23.714554985224098 ], [ 30.950659400311274, -23.71548912092587 ], [ 30.951033054232322, -23.7161741543134 ], [ 30.951406709052648, -23.717357392329486 ], [ 30.950970778878556, -23.718852009812075 ], [ 30.950970778878556, -23.719786144614563 ], [ 30.951406709052648, -23.721031659782991 ], [ 30.951718086720572, -23.721716693170514 ], [ 30.952652223321621, -23.721654416917467 ], [ 30.952963601888996, -23.72221489779891 ], [ 30.95302587724267, -23.723024482793328 ], [ 30.953088152596347, -23.724083170101903 ], [ 30.95283905028219, -23.724394547769815 ], [ 30.952154016894664, -23.724643650983346 ], [ 30.952154016894664, -23.725204132764159 ], [ 30.952963601888996, -23.72564006293824 ], [ 30.953586359023475, -23.726262820072733 ], [ 30.954333666865491, -23.727259231128262 ], [ 30.954209116157969, -23.72825564308307 ], [ 30.953524082770436, -23.729189778784928 ], [ 30.952589947068663, -23.729874811273181 ], [ 30.951406709052652, -23.730061639133023 ], [ 30.950597124058319, -23.730559843761426 ], [ 30.949912091569985, -23.730995773935515 ], [ 30.949787539963182, -23.731556255716242 ], [ 30.950534848704564, -23.731992185890327 ], [ 30.950472573350805, -23.733299976412429 ], [ 30.950597124058326, -23.734047284254434 ], [ 30.950659400311284, -23.734545489782203 ], [ 30.950161193884238, -23.735604177090774 ], [ 30.949538436749666, -23.736289209579027 ], [ 30.949538436749666, -23.737285622433209 ], [ 30.949849816216325, -23.737908378668415 ], [ 30.949725263710146, -23.739029342230026 ], [ 30.949476162295365, -23.740025753285558 ], [ 30.94910250657566, -23.740648510420129 ], [ 30.949164782828706, -23.741458095414465 ], [ 30.949476162295365, -23.742454505570624 ], [ 30.950098919429845, -23.742890435744712 ], [ 30.950285746390332, -23.743637745385286 ], [ 30.950597124058334, -23.7445096048341 ], [ 30.95128215744586, -23.744820983401301 ], [ 30.952091742440196, -23.745070085715536 ], [ 30.952403120108112, -23.745755119103148 ], [ 30.952342766605646, -23.745912038209656 ], [ 30.945832356678125, -23.7440584320507 ], [ 30.93343793531271, -23.788511921687508 ], [ 30.980267850181459, -23.803460885311235 ], [ 30.980115308974682, -23.805291370799758 ], [ 30.980267850181466, -23.80605407323652 ], [ 30.981176561149717, -23.807166824189235 ], [ 30.982501712184572, -23.80890026473509 ], [ 30.982745253990593, -23.809430326048336 ], [ 30.982924327895809, -23.809924570961865 ], [ 30.983089077399271, -23.810569239178712 ], [ 30.983204907380877, -23.811476268414701 ], [ 30.983121999780806, -23.817835003182495 ], [ 30.982942023855628, -23.833392858193449 ], [ 30.982903078714482, -23.83666428243038 ], [ 30.982659669108763, -23.841357215562699 ], [ 30.982182586857199, -23.850363367375113 ], [ 30.981763921867866, -23.857733807069234 ], [ 30.98124789357577, -23.866097357306845 ], [ 30.980751339203305, -23.874684843230622 ], [ 30.980615029860125, -23.877839430245171 ], [ 30.980527401718582, -23.882707619660579 ], [ 30.980478719617572, -23.887235036167692 ], [ 30.980556610799344, -23.88815025642878 ], [ 30.980556610799344, -23.891713770573709 ], [ 30.980420302355437, -23.900174685013351 ], [ 30.980365239564581, -23.907321275356235 ], [ 30.980410566295046, -23.907915105797148 ], [ 30.9805274017186, -23.908382452887508 ], [ 30.980683184082054, -23.908859535139072 ], [ 30.980916856727998, -23.90942424463282 ], [ 30.981345257777832, -23.910232364631565 ], [ 30.981715239766885, -23.910855493186098 ], [ 30.981909968170861, -23.911322839377174 ], [ 30.981987859352632, -23.911673349245323 ], [ 30.981994883957089, -23.912151027747413 ], [ 30.981623838070096, -23.912151027747413 ], [ 30.981161856335003, -23.912180833078597 ], [ 30.980625362171153, -23.912240442841767 ], [ 30.980108737628544, -23.912329858835573 ], [ 30.980139001613988, -23.912226997077884 ], [ 30.954824997975631, -23.91773499927049 ], [ 30.935116999250464, -23.921821996187841 ], [ 30.914354002235758, -23.92612499587155 ], [ 30.913845717106494, -23.93832105737058 ], [ 30.913808003137127, -23.939225996582216 ], [ 30.901194002401656, -23.995160997681687 ], [ 30.901322997558609, -23.995212991985742 ], [ 30.911872996641861, -23.999676002645081 ], [ 30.914913996584033, -24.000963001740814 ], [ 30.934815002410812, -24.009377998595422 ], [ 30.937851000323793, -24.008673002057108 ], [ 30.949770002284232, -24.005902001076169 ], [ 30.978047997817274, -24.000989995791389 ], [ 30.979997415049187, -24.006884465445367 ], [ 30.982604001074257, -24.013907006902507 ], [ 30.985688665799788, -24.021675002698892 ], [ 30.988476000267749, -24.02883600287883 ], [ 30.992581996262611, -24.039702002145319 ], [ 30.993740000201313, -24.042650003194726 ], [ 30.983339997243625, -24.044669998321378 ], [ 30.97814999802452, -24.045679999931721 ], [ 30.972950001042165, -24.046690002441274 ], [ 30.967749995966024, -24.047689997295222 ], [ 30.962559996746919, -24.048699998905491 ], [ 30.952160002782399, -24.050720002126095 ], [ 30.946189999968947, -24.051880000761123 ], [ 30.940210000291721, -24.053039999396152 ], [ 30.93904000299419, -24.05188000076113 ], [ 30.937869999401418, -24.050710004362884 ], [ 30.936300001644192, -24.049160003930695 ], [ 30.934730004786331, -24.047599996742111 ], [ 30.933150002970642, -24.046049997209305 ], [ 30.931579998018901, -24.044499996777127 ], [ 30.930010002060332, -24.042939991387186 ], [ 30.926870000250737, -24.039839997717429 ], [ 30.925300012386035, -24.038280000421384 ], [ 30.923729999340335, -24.036729999989195 ], [ 30.922369996878309, -24.040230000413882 ], [ 30.921010001610707, -24.043720002176048 ], [ 30.918289997585671, -24.05072000212613 ], [ 30.915510003384338, -24.057860001337648 ], [ 30.914109991883031, -24.06142999689656 ], [ 30.912720003325891, -24.064999999649977 ], [ 30.911319999918465, -24.068570003302767 ], [ 30.909930003267437, -24.072139998861584 ], [ 30.908529999860011, -24.075710001615004 ], [ 30.908449997969388, -24.075930002767144 ], [ 30.904989999389294, -24.077170003292693 ], [ 30.903269997412888, -24.077800000869026 ], [ 30.899809997933428, -24.079040001394659 ], [ 30.89807000043054, -24.079599995742893 ], [ 30.894589996431616, -24.080699997906301 ], [ 30.892849998029362, -24.081260000348497 ], [ 30.891100001863961, -24.081809988839691 ], [ 30.889359996267192, -24.082370000275041 ], [ 30.887640003283956, -24.082999997851385 ], [ 30.885910002644852, -24.083640003083392 ], [ 30.884190001567731, -24.084270000659725 ], [ 30.882469999591148, -24.084909997797855 ], [ 30.880740000750784, -24.085540004367438 ], [ 30.879019998774297, -24.086179991613033 ], [ 30.877289999933932, -24.086809998182623 ], [ 30.873849988786347, -24.088089998754203 ], [ 30.872119997140491, -24.088719998129182 ], [ 30.86953999867238, -24.089680000131697 ], [ 30.864359998115702, -24.09159999784141 ], [ 30.861779999647592, -24.092559999843836 ], [ 30.856599999091003, -24.094479997553552 ], [ 30.854020000622892, -24.095439999556074 ], [ 30.851429996297657, -24.096400003357235 ], [ 30.848849997829458, -24.097359998165157 ], [ 30.8462600015981, -24.098320000167675 ], [ 30.846239997078548, -24.097820003190424 ], [ 30.845950001691559, -24.096829998005752 ], [ 30.845669995973829, -24.095830002252526 ], [ 30.845140003908394, -24.094399995663121 ], [ 30.844360001213431, -24.093059997720466 ], [ 30.843550003430266, -24.091909997747976 ], [ 30.842729998890619, -24.090759996876198 ], [ 30.841920001107461, -24.0896100049975 ], [ 30.841099996567902, -24.088459996931029 ], [ 30.840290006878629, -24.087309996059261 ], [ 30.839459997381308, -24.086329996731802 ], [ 30.839080002340541, -24.085869999800408 ], [ 30.838969998167219, -24.085940003927785 ], [ 30.838859993993889, -24.086019996825161 ], [ 30.838760003771473, -24.086090000053176 ], [ 30.83864999959815, -24.086170001943799 ], [ 30.838550002181137, -24.086239997078025 ], [ 30.838439998007814, -24.086319998968563 ], [ 30.838330009122966, -24.086390002196662 ], [ 30.838230002712791, -24.086470004087197 ], [ 30.838119999438746, -24.086539999221422 ], [ 30.838010003359305, -24.086620001111957 ], [ 30.838005084067749, -24.086612201291789 ], [ 30.776518071552047, -24.09312725621778 ], [ 30.776671146056763, -24.091776675952726 ], [ 30.776670587577811, -24.091776158842464 ], [ 30.776669996723239, -24.091779997148937 ], [ 30.776179998408427, -24.09180000166857 ], [ 30.776049996910064, -24.092320004064742 ], [ 30.776049996910064, -24.092389999198875 ], [ 30.776014999792686, -24.092408998276483 ], [ 30.775900007979278, -24.092470001089502 ], [ 30.76895999730629, -24.096190000867683 ], [ 30.765480002300524, -24.09805000120641 ], [ 30.762009996064748, -24.099910000645853 ], [ 30.758530000159617, -24.101770001883956 ], [ 30.751589996681222, -24.105490001662041 ], [ 30.748110001675464, -24.10735000200086 ], [ 30.744639996339057, -24.109220001002104 ], [ 30.741169999096442, -24.111080001340838 ], [ 30.739790000208568, -24.111809997233465 ], [ 30.738419999083931, -24.11254999898312 ], [ 30.73704000019606, -24.113280003868905 ], [ 30.735669999071423, -24.114019998424045 ], [ 30.734290001082922, -24.114750002410553 ], [ 30.732919999958288, -24.115479998303087 ], [ 30.731540001070407, -24.116220000952122 ], [ 30.730170008039654, -24.116949996844742 ], [ 30.728790001957272, -24.1176899985944 ], [ 30.727420000832549, -24.118420004379558 ], [ 30.725520000447879, -24.119410000570895 ], [ 30.723629996927077, -24.12039999766159 ], [ 30.721740002399432, -24.121379996989152 ], [ 30.719849999777828, -24.122370002173732 ], [ 30.71796000525028, -24.123350002400574 ], [ 30.716060003966238, -24.124339998591914 ], [ 30.714170001344719, -24.125319997919473 ], [ 30.710390003296276, -24.127300000194676 ], [ 30.708500000674668, -24.128280000421508 ], [ 30.70739000074812, -24.128869997052618 ], [ 30.706280000821565, -24.129470001339318 ], [ 30.705170001794382, -24.130059997970427 ], [ 30.704069999630985, -24.130650003594603 ], [ 30.702960000603714, -24.131249998888229 ], [ 30.699630001723428, -24.133019999573182 ], [ 30.698530001358669, -24.133620002960601 ], [ 30.697420001432114, -24.134210001390276 ], [ 30.690849995231261, -24.137719998678921 ], [ 30.688649999897795, -24.138900001833484 ], [ 30.682080002690181, -24.142410000920698 ], [ 30.679889997925272, -24.143590011269858 ], [ 30.675509997388694, -24.145929996871775 ], [ 30.650509998337927, -24.124529996562011 ], [ 30.590959996906481, -24.075320008811282 ], [ 30.583339989049421, -24.068850000926719 ], [ 30.583289998434836, -24.068800002218261 ], [ 30.577500003022823, -24.063899999285432 ], [ 30.573910002944363, -24.060849997129527 ], [ 30.566219999953166, -24.054450000567041 ], [ 30.557929999869703, -24.046539997322906 ], [ 30.554470001289694, -24.043630001623217 ], [ 30.532130001698299, -24.024790003355893 ], [ 30.529139997812752, -24.022259996401644 ], [ 30.520679997983624, -24.015130003047162 ], [ 30.507220004099974, -24.003760000323748 ], [ 30.498580011258611, -23.996469995993507 ], [ 30.495255000018314, -23.993665991692136 ], [ 30.494399912026434, -23.992944644579698 ], [ 30.494341411127291, -23.992895294282341 ], [ 30.492640004432737, -23.991459996981234 ], [ 30.481559996196932, -23.982099998815819 ], [ 30.480579996869466, -23.981280003269504 ], [ 30.480119999938168, -23.9808800109037 ], [ 30.480141220341199, -23.980877788678981 ], [ 30.520884513709483, -23.976611606340466 ], [ 30.520885812330519, -23.976607573780491 ], [ 30.523211263089404, -23.969380641603255 ], [ 30.523813797169101, -23.968109762855246 ], [ 30.525179801706585, -23.965930355701296 ], [ 30.525362055614465, -23.965639577004804 ], [ 30.525363329953855, -23.965638846755333 ], [ 30.52337999838829, -23.949399998111343 ], [ 30.52710999682898, -23.948530002957202 ], [ 30.557380004183884, -23.941479996204762 ], [ 30.556489996416307, -23.922369998076931 ], [ 30.55611000857014, -23.914340000090824 ], [ 30.555899998885913, -23.909649998748421 ], [ 30.555018003178422, -23.890914004377706 ], [ 30.554987002648097, -23.890917003616781 ], [ 30.529439999956118, -23.888320001666674 ], [ 30.513149996974825, -23.886659997061173 ], [ 30.51169151695008, -23.880890379387413 ], [ 30.507860000338795, -23.865730000439104 ], [ 30.527719998878908, -23.861049996859855 ], [ 30.539570003053271, -23.858259996801404 ], [ 30.58571999897886, -23.847370002723331 ], [ 30.574800002618097, -23.838830008198272 ], [ 30.531499996028053, -23.804949997144572 ], [ 30.535550001131693, -23.799229997766155 ], [ 30.535599999840155, -23.798169997447342 ], [ 30.536030001683262, -23.788770006430575 ], [ 30.53622999831585, -23.784940001579709 ], [ 30.536350000252323, -23.782659997161115 ], [ 30.536359998914843, -23.782609997553283 ], [ 30.536369996678083, -23.781040001594707 ], [ 30.536539998222391, -23.777130003846558 ], [ 30.536600002787971, -23.775550001131581 ], [ 30.536780002994803, -23.773740000400686 ], [ 30.536820003940115, -23.772940000380682 ], [ 30.537040004192885, -23.768270002658372 ], [ 30.53374000040079, -23.768550001181502 ], [ 30.533889997425458, -23.766479999252518 ], [ 30.534250004134435, -23.763930003067106 ], [ 30.534539998622147, -23.759560000293682 ], [ 30.534830003002302, -23.756040003443331 ], [ 30.535389998249897, -23.755769996388132 ], [ 30.535200000279829, -23.755350000402142 ], [ 30.535159999334518, -23.755259999848992 ], [ 30.534799999820141, -23.754439996208813 ], [ 30.53465000279547, -23.753920001906522 ], [ 30.534610002749531, -23.753480001400892 ], [ 30.534589990136009, -23.753109996029398 ], [ 30.534599995993041, -23.75282000064249 ], [ 30.534620001412055, -23.752500002073432 ], [ 30.534629991081232, -23.752159999884 ], [ 30.534629991081225, -23.75146999594353 ], [ 30.534589990136009, -23.751170002793302 ], [ 30.534400001159188, -23.750789998759366 ], [ 30.534130001298578, -23.750209999891499 ], [ 30.533929996572116, -23.749559996896256 ], [ 30.533829999155188, -23.749159997335923 ], [ 30.533579996619629, -23.748780002295248 ], [ 30.533209999342013, -23.748110002874245 ], [ 30.532880003009794, -23.747349995705669 ], [ 30.532679999182694, -23.746759999074648 ], [ 30.532570003103249, -23.746480000551532 ], [ 30.532469996693074, -23.746350000851809 ], [ 30.532249997339498, -23.745900009777539 ], [ 30.532060006564116, -23.745550000831802 ], [ 30.531849996879899, -23.74515000127148 ], [ 30.531749998563601, -23.744970001963935 ], [ 30.531579997918662, -23.744850000027462 ], [ 30.531499996028039, -23.744700003002706 ], [ 30.531389999948594, -23.74445999823029 ], [ 30.531139997413032, -23.744159996086896 ], [ 30.530909999397025, -23.743929998070886 ], [ 30.530750002810375, -23.743780001046133 ], [ 30.530469997992025, -23.743370002823294 ], [ 30.530329998730505, -23.743110001625205 ], [ 30.530069998431699, -23.742310001605201 ], [ 30.529859995942086, -23.741939997133077 ], [ 30.529700001154179, -23.741539996673477 ], [ 30.529489998664559, -23.741030001033625 ], [ 30.529340001639799, -23.740410001220532 ], [ 30.529170000994771, -23.739749999562768 ], [ 30.529009998112983, -23.739319997719647 ], [ 30.528829997906154, -23.738699997906473 ], [ 30.528680000881394, -23.738110000376185 ], [ 30.528450002865387, -23.737609995304965 ], [ 30.528220003950096, -23.737149998373656 ], [ 30.527700001553846, -23.736290000982667 ], [ 30.52722999876551, -23.735450000916725 ], [ 30.526870000150414, -23.734719996030943 ], [ 30.526320002666054, -23.733140002309213 ], [ 30.52615000202103, -23.732420004179748 ], [ 30.526250000337328, -23.73156999735739 ], [ 30.526479998353334, -23.730620001211996 ], [ 30.526619996715482, -23.730170002043852 ], [ 30.526649999897643, -23.729720002875787 ], [ 30.526489997015766, -23.729150001771071 ], [ 30.526169998446697, -23.728130002397574 ], [ 30.525849999877636, -23.727460002976741 ], [ 30.525589998679557, -23.727099996267771 ], [ 30.525249995590848, -23.726869990157873 ], [ 30.524979996629618, -23.726840003163563 ], [ 30.524330002627526, -23.7269099982977 ], [ 30.524049996909895, -23.727009995714717 ], [ 30.5229299992201, -23.727420002031433 ], [ 30.52193000436624, -23.7279299976712 ], [ 30.5209499969449, -23.728570002903293 ], [ 30.520250003335065, -23.729119998588999 ], [ 30.519889987632922, -23.729379999787085 ], [ 30.51951999934856, -23.729649999647691 ], [ 30.51921999720517, -23.729820001192085 ], [ 30.518989999189156, -23.72992999727153 ], [ 30.517569999356059, -23.730279998123386 ], [ 30.516570002703553, -23.730390002296716 ], [ 30.515499997426993, -23.730499998376153 ], [ 30.514400003357562, -23.730650002595517 ], [ 30.513170000595075, -23.730840000565486 ], [ 30.51287999801357, -23.730949996644938 ], [ 30.512209998592564, -23.731090004000428 ], [ 30.51137999718922, -23.731119998189339 ], [ 30.51070999776821, -23.731249998788325 ], [ 30.510272303124303, -23.731436560448852 ], [ 30.510100003812155, -23.7315099999865 ], [ 30.510035002613332, -23.731580003214525 ], [ 30.504750000811971, -23.726347002911833 ], [ 30.504677611682528, -23.726275257696912 ], [ 30.504670494447812, -23.726268203414772 ], [ 30.504663359226694, -23.726261131146227 ], [ 30.492049997909142, -23.713759997126179 ], [ 30.507100001264075, -23.698750001911066 ], [ 30.51638000563284, -23.689570003952468 ], [ 30.519876997825193, -23.686112997416849 ], [ 30.524250000736981, -23.684830003002233 ], [ 30.527239989334046, -23.683960000653492 ], [ 30.531380002185429, -23.682750003309931 ], [ 30.540309997608375, -23.680150000322165 ], [ 30.543919428438954, -23.678373913025553 ], [ 30.556070000430172, -23.672394997031429 ], [ 30.556100002712963, -23.672380002634949 ], [ 30.560379997738735, -23.669680003129557 ], [ 30.567209997043793, -23.665369996827835 ], [ 30.578750002210892, -23.658080000591465 ], [ 30.588753933847041, -23.650921934899287 ], [ 30.589815997210518, -23.650162002374454 ], [ 30.590272103674671, -23.64983567527614 ], [ 30.590330205274824, -23.64979410591317 ], [ 30.590334737857933, -23.64979086295784 ], [ 30.603669999371014, -23.640250003934479 ], [ 30.60429042636213, -23.639806326100981 ], [ 30.608830002602556, -23.636559998345124 ], [ 30.613521002192574, -23.633208000248878 ], [ 30.624160002681954, -23.599180003054578 ], [ 30.624858001595552, -23.596933001057039 ], [ 30.624930000419166, -23.596700002003391 ], [ 30.638000000599618, -23.604129996601973 ], [ 30.674129733200704, -23.624585856252118 ], [ 30.675028997690156, -23.625095000233937 ], [ 30.702340206735236, -23.640558426430051 ] ] ] } },
{ "type": "Feature", "properties": { "Municipali": "Ba-Phalaborwa Local Municipality", "WardNo": "19", "WardLabel": "LIM334_19", "Province": "Limpopo", "CLASSIFICATION": "Mining", "PopGBlack": 9902.6634534999994, "PopGColour": 29.37797194, "PopGIndian": 52.332186321000002, "PopGWhite": 14.204779947, "PopGOther": 31.8156223, "PopGTotal": 10030.394014 }, "geometry": { "type": "Polygon", "coordinates": [ [ [ 31.082709182883104, -23.935222859646753 ], [ 31.08244574627475, -23.940604496299947 ], [ 31.082274222178235, -23.944250311002619 ], [ 31.082017461237463, -23.949629136375101 ], [ 31.081978177051869, -23.950438467760566 ], [ 31.081851493152502, -23.953526389830525 ], [ 31.081740643616463, -23.954777395360004 ], [ 31.081677301666822, -23.955347472907043 ], [ 31.08153478340412, -23.955949220979303 ], [ 31.081281414706186, -23.95694685781076 ], [ 31.080853856321042, -23.958197862440951 ], [ 31.080473803723649, -23.959227168898266 ], [ 31.07998290428824, -23.960589022165134 ], [ 31.079555345003726, -23.961697506734062 ], [ 31.079101201759652, -23.962918018950962 ], [ 31.077807247307273, -23.966414315068125 ], [ 31.076209583705939, -23.970780398595998 ], [ 31.075245810846116, -23.973393581148397 ], [ 31.074038121163003, -23.973116491032741 ], [ 31.073236023923979, -23.972925514600387 ], [ 31.07253578120195, -23.972734539966595 ], [ 31.071720952260733, -23.972454441618702 ], [ 31.070995246134341, -23.972123418260644 ], [ 31.069123685909936, -23.971194004898898 ], [ 31.067137542164467, -23.970213663829078 ], [ 31.065558811090856, -23.96941156659005 ], [ 31.064527544111492, -23.968800445783465 ], [ 31.062846960319533, -23.967552739866576 ], [ 31.057919794263647, -23.963873279727615 ], [ 31.058379074435322, -23.963770566358061 ], [ 31.059088835581889, -23.963415684885501 ], [ 31.059522580403371, -23.962824216963575 ], [ 31.060074616650841, -23.962272178917452 ], [ 31.060390067348312, -23.96175957344516 ], [ 31.060705517146509, -23.961365261197422 ], [ 31.061336416742805, -23.961049811399221 ], [ 31.061691298215464, -23.960616066577739 ], [ 31.061849023114476, -23.960340049353373 ], [ 31.062203903687756, -23.959906305431176 ], [ 31.062401060261312, -23.959433129834597 ], [ 31.062637647609954, -23.959038817586944 ], [ 31.062716510059413, -23.958605073664746 ], [ 31.062992529082525, -23.957934743293269 ], [ 31.063189684756708, -23.957619292595783 ], [ 31.064017740926563, -23.956791237325302 ], [ 31.064412054073589, -23.956278630953552 ], [ 31.065200677669701, -23.955923750380364 ], [ 31.065713284041454, -23.955411144008607 ], [ 31.066383616211489, -23.954622518613931 ], [ 31.066856790009414, -23.953912756567995 ], [ 31.067369397280444, -23.95347901264579 ], [ 31.067921434427191, -23.953202993622778 ], [ 31.068670627248228, -23.952808682274402 ], [ 31.069262096069433, -23.952650957375312 ], [ 31.070090152239292, -23.952572094925749 ], [ 31.070445032812572, -23.952572094925749 ], [ 31.07107593330824, -23.952532663251286 ], [ 31.071509677230445, -23.952532663251286 ], [ 31.071588538780627, -23.95213835100364 ], [ 31.071470244656616, -23.951349725608868 ], [ 31.071273088982426, -23.950797689361405 ], [ 31.070997069959411, -23.950206219640908 ], [ 31.070779207395066, -23.950037319766029 ], [ 31.070588282224019, -23.950155826129951 ], [ 31.070417107963742, -23.950261163721226 ], [ 31.070259100677553, -23.950353335237775 ], [ 31.070094510353957, -23.950471839803132 ], [ 31.069903585182907, -23.950491590713913 ], [ 31.069765328807403, -23.950452088892362 ], [ 31.06950856696734, -23.95032700039032 ], [ 31.069317641796289, -23.950254579784538 ], [ 31.069120132688557, -23.950228245836456 ], [ 31.068889705695955, -23.950201910988902 ], [ 31.068619776881725, -23.950043903702721 ], [ 31.068507856253138, -23.949925399137452 ], [ 31.068474936569718, -23.94976080791448 ], [ 31.068448602621448, -23.949543547895974 ], [ 31.068507856253138, -23.949405292419836 ], [ 31.068613193844406, -23.949319704839972 ], [ 31.068718532334959, -23.949234118159563 ], [ 31.068863370848501, -23.949115611795548 ], [ 31.06887653872187, -23.948997107230284 ], [ 31.068863330379006, -23.948934364229082 ], [ 31.068850203874408, -23.948872017828869 ], [ 31.068692196588223, -23.948674508721133 ], [ 31.068409100799901, -23.94845724960199 ], [ 31.068211591692162, -23.948365078984722 ], [ 31.068040418331169, -23.948371662022122 ], [ 31.067862660134207, -23.948404580806272 ], [ 31.067671734963159, -23.948496751423448 ], [ 31.067447891007962, -23.948588922040631 ], [ 31.067243798862823, -23.948608672951494 ], [ 31.067039705818306, -23.948714011441954 ], [ 31.066997453869973, -23.948733774044005 ], [ 31.06663152062875, -23.948904935713731 ], [ 31.066368175751286, -23.948944438434651 ], [ 31.066098247836422, -23.949036609051742 ], [ 31.065880987817916, -23.949194616338019 ], [ 31.065630809914541, -23.949378957572392 ], [ 31.065314796241449, -23.949688388208067 ], [ 31.06511728713371, -23.949899064289909 ], [ 31.064959279847521, -23.950089988561679 ], [ 31.064695934969972, -23.95024141281046 ], [ 31.064544510721188, -23.950300666442146 ], [ 31.06438650433428, -23.95030066644215 ], [ 31.064149494304278, -23.950168993104135 ], [ 31.063958568233858, -23.949971483996318 ], [ 31.063708391229856, -23.949675221233992 ], [ 31.06358330182853, -23.949464545152168 ], [ 31.063405543631561, -23.949234118159566 ], [ 31.063181699676278, -23.949062943 ], [ 31.062990775404511, -23.948786431148463 ], [ 31.062885436913959, -23.948542837181687 ], [ 31.062839352055008, -23.948351912010729 ], [ 31.062813472264516, -23.948283978122699 ], [ 31.062786683259372, -23.948213654735945 ], [ 31.06270767871699, -23.94803589743826 ], [ 31.062653365960653, -23.947849006625923 ], [ 31.06260244634635, -23.947619864764437 ], [ 31.06260244634635, -23.947530755439544 ], [ 31.062627906153502, -23.947403453705945 ], [ 31.062653365960653, -23.947237963160941 ], [ 31.06260244634635, -23.947072470817385 ], [ 31.062118701917125, -23.947123392230331 ], [ 31.05912712871454, -23.947237963160948 ], [ 31.057174508996976, -23.947314254448816 ], [ 31.053698338807848, -23.947304059734151 ], [ 31.052863921733124, -23.947301612678793 ], [ 31.050430994795068, -23.947300001093705 ], [ 31.048546495125152, -23.947238622364058 ], [ 31.046440978069249, -23.94622104576419 ], [ 31.044923551081531, -23.945487688205773 ], [ 31.044063606750587, -23.945072085407997 ], [ 31.039880346401436, -23.943032313290217 ], [ 31.038566595172739, -23.94237543677659 ], [ 31.03879436556808, -23.941958317721735 ], [ 31.038947503025376, -23.941697935211074 ], [ 31.04002670836638, -23.939862935125948 ], [ 31.041598884281619, -23.940638103964929 ], [ 31.0426494830877, -23.941156108067471 ], [ 31.043339571564555, -23.939974329651189 ], [ 31.043376666800235, -23.939910804239766 ], [ 31.039170794796846, -23.937893039431827 ], [ 31.039016728339831, -23.9377739880786 ], [ 31.038953701152895, -23.937661939746299 ], [ 31.03866041874387, -23.935723278406137 ], [ 31.039416548935129, -23.935619139611212 ], [ 31.040217951897525, -23.934890591627045 ], [ 31.039689754878772, -23.934362393709105 ], [ 31.040345447884615, -23.933779555681493 ], [ 31.040491157841167, -23.933907051668676 ], [ 31.040591333323917, -23.934016333686419 ], [ 31.040800790824335, -23.934253111691358 ], [ 31.040973821285313, -23.934389715112829 ], [ 31.041110423807584, -23.934517211099926 ], [ 31.041265241198406, -23.934708454631075 ], [ 31.041447378194469, -23.934899699061404 ], [ 31.041720583238838, -23.934945232635922 ], [ 31.042021109687006, -23.934981659675433 ], [ 31.042203246683069, -23.935100050026829 ], [ 31.042440024687917, -23.935300400092963 ], [ 31.042640375653331, -23.935473430553944 ], [ 31.042904475061995, -23.935628247045571 ], [ 31.0430775046236, -23.935764849567757 ], [ 31.043296068659188, -23.935937880028732 ], [ 31.044122185890696, -23.935201657230269 ], [ 31.044654355214863, -23.934720658431253 ], [ 31.045186523639654, -23.934249893017679 ], [ 31.046588584695975, -23.935590549264042 ], [ 31.046997945299442, -23.935590549264049 ], [ 31.046997945299442, -23.934966274073837 ], [ 31.046864903193214, -23.934812764297217 ], [ 31.048348835830613, -23.933492575721324 ], [ 31.048471322594011, -23.933377294326228 ], [ 31.047306908287698, -23.932302227665204 ], [ 31.044722772038796, -23.929887474227115 ], [ 31.040940005877058, -23.926352658348097 ], [ 31.038907513771232, -23.924497270632106 ], [ 31.035955944211885, -23.92423557241327 ], [ 31.033187461332755, -23.923962365570262 ], [ 31.029216871761662, -23.923598091578231 ], [ 31.028996787871971, -23.923574169611864 ], [ 31.02837904086056, -23.923507022630556 ], [ 31.025145365666628, -23.922775061719307 ], [ 31.023272298178487, -23.922366532089359 ], [ 31.024251227312774, -23.918589562957589 ], [ 31.024362264807177, -23.918094248750169 ], [ 31.029653381099138, -23.91912873080582 ], [ 31.043500646438158, -23.920464644926994 ], [ 31.055864107742863, -23.921657408562126 ], [ 31.066416478338354, -23.922581348649839 ], [ 31.082756783099661, -23.923964756867569 ], [ 31.082991436006544, -23.924007982781706 ], [ 31.08326428132213, -23.924073841933801 ], [ 31.083257485145442, -23.924197685774043 ], [ 31.083170798594079, -23.925777239727374 ], [ 31.083000844713784, -23.92918263327142 ], [ 31.082709182883104, -23.935222859646753 ] ] ] } }
]
}
