{
"type": "FeatureCollection",
"name": "City_of_Matlosana_Local_Municipality",
"crs": { "type": "name", "properties": { "name": "urn:ogc:def:crs:OGC:1.3:CRS84" } },
"features": [
{ "type": "Feature", "properties": { "Municipali": "City of Matlosana Local Municipality", "WardNo": "1", "WardLabel": "NW403_1", "Province": "North West", "CLASSIFICATION": "Service centre", "PopGBlack": 15242.590984, "PopGColour": 100.41050519, "PopGIndian": 4.234677894, "PopGWhite": 401.77107296999998, "PopGOther": 4.7968053, "PopGTotal": 15753.804045000001 }, "geometry": { "type": "Polygon", "coordinates": [ [ [ 26.29842896321313, -26.669918293192683 ], [ 26.302662937231869, -26.689892690892908 ], [ 26.320722997555968, -26.690076998852465 ], [ 26.325217176918972, -26.690094121944231 ], [ 26.326696433081732, -26.690112612005542 ], [ 26.324939815208118, -26.691684322971177 ], [ 26.323969097783333, -26.692728579758256 ], [ 26.346849519777756, -26.713081523691599 ], [ 26.353922434061513, -26.719373875901848 ], [ 26.354785099741047, -26.720141339349578 ], [ 26.358089481432952, -26.723080414627674 ], [ 26.365460841133629, -26.729636857253418 ], [ 26.374982257713899, -26.74437772944701 ], [ 26.375088607941827, -26.739733767097945 ], [ 26.381132849790333, -26.740602293659212 ], [ 26.387549317436317, -26.741577172247048 ], [ 26.387798656272224, -26.737072453729112 ], [ 26.387307006802189, -26.737202995720018 ], [ 26.387743001727447, -26.730031997776834 ], [ 26.388355995821879, -26.730052002296393 ], [ 26.388940001169438, -26.730177997315078 ], [ 26.389371997708885, -26.728759002024653 ], [ 26.392152000004277, -26.719391998140559 ], [ 26.393136816999984, -26.719218176276197 ], [ 26.39398758285013, -26.719005484813632 ], [ 26.394412964875919, -26.718914331329753 ], [ 26.39404835094016, -26.718276257841403 ], [ 26.395142190948892, -26.718245873346746 ], [ 26.39909216985739, -26.718063567278215 ], [ 26.404956369230824, -26.71785087491638 ], [ 26.406323668792073, -26.717911643905694 ], [ 26.406764845610894, -26.717968570091855 ], [ 26.406574996928342, -26.714768003439001 ], [ 26.410446000072778, -26.7146899962448 ], [ 26.408139000704121, -26.711274003291127 ], [ 26.404829995597588, -26.712576003078471 ], [ 26.401821000728351, -26.70499799895692 ], [ 26.405193003344234, -26.703630997970567 ], [ 26.414240000565513, -26.700297001603804 ], [ 26.41825499955862, -26.698827993215811 ], [ 26.418027075379353, -26.69803082606024 ], [ 26.418309816834672, -26.698024400404229 ], [ 26.419504453757597, -26.697971305329947 ], [ 26.420672545391795, -26.697971305329954 ], [ 26.422351467236588, -26.697721176889328 ], [ 26.422884150973008, -26.697672751994389 ], [ 26.426596003792753, -26.710183999790232 ], [ 26.427892004202882, -26.709892001613127 ], [ 26.428261004132349, -26.709806996793947 ], [ 26.428691389086701, -26.709701033274573 ], [ 26.426111798011299, -26.71779718988688 ], [ 26.42583007908506, -26.71976922506817 ], [ 26.425100201902954, -26.726199101605776 ], [ 26.424620043969973, -26.726193587862269 ], [ 26.423907670292934, -26.726143771716213 ], [ 26.422920657152716, -26.726074749648415 ], [ 26.421485708788548, -26.725974404193888 ], [ 26.420478337695229, -26.725903957600078 ], [ 26.420051247856872, -26.728902033800264 ], [ 26.419418685414069, -26.732228322977246 ], [ 26.419433556603416, -26.732427601950754 ], [ 26.419585247051533, -26.732460320186075 ], [ 26.419788859858066, -26.732568703781151 ], [ 26.419592783370298, -26.733589937024455 ], [ 26.419306264762341, -26.73357629340968 ], [ 26.418896953621523, -26.736987217784357 ], [ 26.418757243941691, -26.738201617309208 ], [ 26.418727346879621, -26.738461490803669 ], [ 26.418719585730294, -26.738528956144894 ], [ 26.418037401394937, -26.742949515206451 ], [ 26.417532584051521, -26.746646958189071 ], [ 26.417218779113306, -26.746715177162212 ], [ 26.417505296821982, -26.746906188668202 ], [ 26.417679133075552, -26.747090559580158 ], [ 26.418405780792142, -26.747861247996717 ], [ 26.420343186678746, -26.749689503166554 ], [ 26.421148193224546, -26.750412716372235 ], [ 26.422471742566966, -26.751949923948317 ], [ 26.422942858715999, -26.752919870654029 ], [ 26.423090203640086, -26.753223229067274 ], [ 26.42363590686173, -26.754678433761178 ], [ 26.423999707810385, -26.756424679753689 ], [ 26.424217988559416, -26.759116810191202 ], [ 26.424618170682152, -26.760644775434507 ], [ 26.427637720894293, -26.769266864572643 ], [ 26.427838742753895, -26.770210101413547 ], [ 26.427815813639022, -26.772503000311755 ], [ 26.427403002336892, -26.77255539121688 ], [ 26.425909000889767, -26.772744998881116 ], [ 26.425087001653861, -26.776628999926867 ], [ 26.426207997591117, -26.776405002187584 ], [ 26.42628199920502, -26.77789900273531 ], [ 26.424842002046756, -26.780303996730542 ], [ 26.424486999165701, -26.780159002634342 ], [ 26.420386498927765, -26.778481245411665 ], [ 26.421966175188789, -26.783885855246545 ], [ 26.423925618062817, -26.790900659836105 ], [ 26.425649926892692, -26.798738430432749 ], [ 26.426943160088793, -26.804734325627148 ], [ 26.42800125924084, -26.810103198202544 ], [ 26.428110149154193, -26.811219316217009 ], [ 26.440353997029689, -26.81011999933704 ], [ 26.441787002858291, -26.813034997066019 ], [ 26.447777010191384, -26.827118007088902 ], [ 26.449637998885056, -26.831637998793209 ], [ 26.453212990177981, -26.840075002957686 ], [ 26.453137001961636, -26.840132998437749 ], [ 26.454688997090166, -26.843610001399124 ], [ 26.457642001068184, -26.850532003148082 ], [ 26.458796995875378, -26.853242998664069 ], [ 26.462118002434611, -26.861036998357449 ], [ 26.462199573642177, -26.861270799606402 ], [ 26.462260003587048, -26.861444003636539 ], [ 26.453379002329591, -26.872497998082782 ], [ 26.450988003583959, -26.87543200298315 ], [ 26.447799001313268, -26.879357999670614 ], [ 26.436782996028484, -26.892918997312471 ], [ 26.431368999070042, -26.899626001737182 ], [ 26.429756002027755, -26.901623997647938 ], [ 26.429735000160044, -26.901647010399728 ], [ 26.429574997278252, -26.901820003988512 ], [ 26.42840158525485, -26.903282103784591 ], [ 26.427464240771908, -26.903509744677567 ], [ 26.42585075539785, -26.904013958575934 ], [ 26.423161613407544, -26.905123230051572 ], [ 26.419189735107853, -26.907004994883156 ], [ 26.419128993098205, -26.906911002239447 ], [ 26.418679002023929, -26.906214998022254 ], [ 26.414596002593026, -26.900116000951208 ], [ 26.411847000827898, -26.896008002166059 ], [ 26.409837002565091, -26.892997003607299 ], [ 26.408713000194243, -26.891314011430918 ], [ 26.402609996643324, -26.882184003187593 ], [ 26.40063600273859, -26.879271998402455 ], [ 26.398445000625561, -26.875926997930996 ], [ 26.39587599816797, -26.877045998272617 ], [ 26.394857004236489, -26.877488990822727 ], [ 26.362861002721409, -26.890481998243938 ], [ 26.359374999344869, -26.890937996789425 ], [ 26.353152999299464, -26.891697995864089 ], [ 26.349521002680081, -26.892130001396669 ], [ 26.348871000584094, -26.892421999573862 ], [ 26.336526998809486, -26.896863003822769 ], [ 26.33116800438733, -26.899506997148261 ], [ 26.316122995866447, -26.907197998387016 ], [ 26.318281002753018, -26.910555995860612 ], [ 26.319684995553118, -26.912959993407075 ], [ 26.309365002579565, -26.913186001131113 ], [ 26.294389999085436, -26.913862000828679 ], [ 26.286257999992674, -26.914127995108849 ], [ 26.275010999343824, -26.914544999050303 ], [ 26.27614899876297, -26.926092000943004 ], [ 26.277168998136382, -26.935957997261589 ], [ 26.278815995847225, -26.951714999945136 ], [ 26.279688001885447, -26.960941997373208 ], [ 26.27988600292235, -26.96303099927907 ], [ 26.280042997571893, -26.964920003653138 ], [ 26.280052996234502, -26.965035002661153 ], [ 26.280373150386225, -26.968763797808922 ], [ 26.270066214669416, -26.972944913274983 ], [ 26.262949448543253, -26.975826548853984 ], [ 26.25898360739253, -26.97743235042044 ], [ 26.240471143113016, -26.985781974656096 ], [ 26.240119997424216, -26.985130003044901 ], [ 26.238934998535566, -26.982582001555812 ], [ 26.238919996944574, -26.982549997382183 ], [ 26.237099997551017, -26.980120004032617 ], [ 26.235279999056829, -26.977709999014909 ], [ 26.229490003644731, -26.969640000083558 ], [ 26.229402996035432, -26.969626003934518 ], [ 26.201639999969061, -26.965269997309978 ], [ 26.197900002865712, -26.964760000770905 ], [ 26.174340000972165, -26.978239999173969 ], [ 26.171389997132437, -26.979879991165934 ], [ 26.171829997638081, -26.980419998081743 ], [ 26.17377999763065, -26.983370001022088 ], [ 26.173829997238482, -26.983439996156221 ], [ 26.151110002605481, -26.995979996177034 ], [ 26.14765000312596, -26.997890011412053 ], [ 26.145989999419676, -26.993939997430093 ], [ 26.142120001717259, -26.983850001573465 ], [ 26.139579996100409, -26.977389993250675 ], [ 26.145830003732485, -26.969940002226441 ], [ 26.151399997992517, -26.96343999925373 ], [ 26.158830000685409, -26.954669997719456 ], [ 26.160429999826121, -26.952759998672189 ], [ 26.163939998014115, -26.947560001689954 ], [ 26.167460002958506, -26.942359996613838 ], [ 26.170970001146586, -26.937159999631522 ], [ 26.17456000122511, -26.932029997783509 ], [ 26.178029997568586, -26.926809996281637 ], [ 26.181550003412255, -26.921640001582205 ], [ 26.184580000149367, -26.917200002775289 ], [ 26.187680000114582, -26.912799997719087 ], [ 26.190640001717465, -26.908319997966963 ], [ 26.189209996027198, -26.907489995664147 ], [ 26.184800000402277, -26.904639999134062 ], [ 26.180400002540509, -26.901780003042084 ], [ 26.1793499999849, -26.901109996426555 ], [ 26.175980001058466, -26.898950002038301 ], [ 26.175899999167925, -26.898889996573427 ], [ 26.175850007653974, -26.898860002384517 ], [ 26.175809998614781, -26.898830000101729 ], [ 26.175759999906312, -26.898799996919649 ], [ 26.175679998915058, -26.898739999548674 ], [ 26.175630000206596, -26.898710005359757 ], [ 26.175549998315969, -26.898649999894893 ], [ 26.172579998050587, -26.896600001586087 ], [ 26.169520007124675, -26.894679996681752 ], [ 26.165880000243646, -26.892400001256291 ], [ 26.162270003739479, -26.890080003086869 ], [ 26.158709997849801, -26.887679996731599 ], [ 26.153749997545809, -26.884489997112791 ], [ 26.148760003052985, -26.881339996640659 ], [ 26.144099995899143, -26.878399999557509 ], [ 26.139540003249447, -26.87530999825491 ], [ 26.134519998379954, -26.872239999673301 ], [ 26.129410000151903, -26.869120003282514 ], [ 26.128210000571521, -26.871290004427141 ], [ 26.127500001104536, -26.872670003315015 ], [ 26.127119997969956, -26.873409996970786 ], [ 26.126740002029894, -26.874140000957194 ], [ 26.126340001570185, -26.874880003606219 ], [ 26.125940002909218, -26.875599993641806 ], [ 26.125540003348789, -26.876329997628222 ], [ 26.125140002889079, -26.877050003851576 ], [ 26.12448000213065, -26.878199995730185 ], [ 26.123810002709696, -26.879330000176374 ], [ 26.123160000613783, -26.880459995629213 ], [ 26.122549998563816, -26.881639998783871 ], [ 26.121939997413126, -26.882810004175276 ], [ 26.121279995755323, -26.883969994716406 ], [ 26.120620003090771, -26.885109996925749 ], [ 26.119979998758009, -26.88627000275536 ], [ 26.119379995370561, -26.887449997816049 ], [ 26.118735003397717, -26.888569996405121 ], [ 26.116449996050378, -26.887820003187521 ], [ 26.111900001163821, -26.886209998189813 ], [ 26.091950002969078, -26.885670000267027 ], [ 26.091809997412323, -26.885350000798674 ], [ 26.088980002703682, -26.880970000262078 ], [ 26.086039998425854, -26.876499999172342 ], [ 26.085300003870682, -26.875439998853526 ], [ 26.083329999358462, -26.87232000156348 ], [ 26.083079988729011, -26.871989997137284 ], [ 26.081150001349869, -26.868939995880741 ], [ 26.079010003387307, -26.865609997000437 ], [ 26.077849996658365, -26.863910000442861 ], [ 26.076760002150692, -26.862330004922388 ], [ 26.077020003348792, -26.861810003425504 ], [ 26.077039998875186, -26.861780001142719 ], [ 26.077070002057255, -26.861740000197486 ], [ 26.077170000373556, -26.861579997315616 ], [ 26.077919999886401, -26.860499999671855 ], [ 26.079559999972439, -26.857629997722885 ], [ 26.082520001575354, -26.852650000993421 ], [ 26.083100001342615, -26.851829997353157 ], [ 26.083169995577478, -26.851710002611188 ], [ 26.087589997958869, -26.844260004392439 ], [ 26.08781999687417, -26.843960002248956 ], [ 26.088779999776104, -26.842289998980938 ], [ 26.089859997419836, -26.840410003115913 ], [ 26.092459998609154, -26.836129999096919 ], [ 26.092469997271678, -26.835850002372439 ], [ 26.095349996983959, -26.831209999738437 ], [ 26.098160001562189, -26.826540002915607 ], [ 26.10011000964867, -26.823149998570379 ], [ 26.100460003305944, -26.822560001039996 ], [ 26.102189994951878, -26.819749997361292 ], [ 26.102830000183928, -26.817500011413244 ], [ 26.102656318613818, -26.817146946571086 ], [ 26.097823345750225, -26.807461907337956 ], [ 26.103588765388892, -26.806626229413723 ], [ 26.104291967779819, -26.806524302051702 ], [ 26.105767266026291, -26.806310462154901 ], [ 26.105769996368025, -26.806300001240903 ], [ 26.105960001532612, -26.80537999928433 ], [ 26.108159996866295, -26.797130000146275 ], [ 26.108379997119076, -26.796299997843484 ], [ 26.108549997764118, -26.794889996672818 ], [ 26.109159999814086, -26.793580001013144 ], [ 26.115050000737241, -26.771088999854268 ], [ 26.115059999399758, -26.771049997156499 ], [ 26.143919996592018, -26.764629996074557 ], [ 26.143989999820125, -26.764619998311325 ], [ 26.145759999605872, -26.764250001033798 ], [ 26.143370000007046, -26.755849996776995 ], [ 26.143260003927509, -26.755190004112468 ], [ 26.14323000074544, -26.754630000770995 ], [ 26.143220002982289, -26.754339998189391 ], [ 26.143211999915369, -26.754137002317911 ], [ 26.143209997125169, -26.75410000061159 ], [ 26.142969999547351, -26.753420004326799 ], [ 26.14722000128366, -26.751759991627345 ], [ 26.147509529922605, -26.751624133743828 ], [ 26.146900934412244, -26.750431977151088 ], [ 26.145908428213026, -26.748487793973606 ], [ 26.14572057512607, -26.748119737432987 ], [ 26.145809999213764, -26.748079999989073 ], [ 26.145991020151119, -26.748452482992811 ], [ 26.156314722828267, -26.744038791154466 ], [ 26.158015578238441, -26.745369067425752 ], [ 26.159698064995876, -26.748441451009299 ], [ 26.161722629577877, -26.752138504585488 ], [ 26.161762501020824, -26.752211313698357 ], [ 26.162119895199268, -26.752207291930105 ], [ 26.16234035230767, -26.751153791011784 ], [ 26.162259659737796, -26.75101099395938 ], [ 26.162259997882863, -26.751009999309243 ], [ 26.15950999787027, -26.746139997759908 ], [ 26.168069996915307, -26.742559997243301 ], [ 26.168500006852312, -26.742379997036476 ], [ 26.175899999168493, -26.739319997117381 ], [ 26.188969999349261, -26.733779997945874 ], [ 26.188529998843709, -26.731630002220228 ], [ 26.188150002903569, -26.729020008663756 ], [ 26.185410001553549, -26.710599999187881 ], [ 26.211920000092118, -26.705270000707422 ], [ 26.21611001075274, -26.704409996121946 ], [ 26.225629997411168, -26.702399998758512 ], [ 26.233069997867052, -26.700960003399071 ], [ 26.236389998084999, -26.706060002065055 ], [ 26.24215999707144, -26.703480003596887 ], [ 26.242220001637026, -26.703450001314181 ], [ 26.249599996628039, -26.700120003333122 ], [ 26.249679999417946, -26.700090000151057 ], [ 26.260980007007593, -26.700400000057748 ], [ 26.260340001775472, -26.699309996556867 ], [ 26.268639999622366, -26.693979998975568 ], [ 26.268730000175509, -26.693920001604585 ], [ 26.272360000300029, -26.691440002352067 ], [ 26.263459999065741, -26.683510000883647 ], [ 26.263720000263746, -26.683280002867551 ], [ 26.267409997759337, -26.681189996418951 ], [ 26.267419996421857, -26.681219008548187 ], [ 26.281960003238112, -26.675906997407878 ], [ 26.29842896321313, -26.669918293192683 ] ] ] } },
{ "type": "Feature", "properties": { "Municipali": "City of Matlosana Local Municipality", "WardNo": "2", "WardLabel": "NW403_2", "Province": "North West", "CLASSIFICATION": "Service centre", "PopGBlack": 10508.680281000001, "PopGColour": 52.278728727999997, "PopGIndian": 3.058378479, "PopGWhite": 18.360771057000001, "PopGOther": 3.1978702, "PopGTotal": 10585.576029 }, "geometry": { "type": "Polygon", "coordinates": [ [ [ 26.424750102125678, -26.732225566555154 ], [ 26.424750102125671, -26.73406746623904 ], [ 26.424627308693527, -26.739088347947398 ], [ 26.424627308693523, -26.739715957823641 ], [ 26.424613665078663, -26.740275349626206 ], [ 26.424668240437118, -26.74084838504346 ], [ 26.424818320199424, -26.741339558772168 ], [ 26.425077550678555, -26.741980813162471 ], [ 26.425418642846228, -26.742499273221448 ], [ 26.425732447784448, -26.74294951520648 ], [ 26.425964391033951, -26.743481619779423 ], [ 26.426032610007088, -26.744068298811438 ], [ 26.425855242115862, -26.744818702119908 ], [ 26.425541436278447, -26.745992061083314 ], [ 26.425336781157679, -26.74664695818911 ], [ 26.425050262549721, -26.747683879206154 ], [ 26.424777389355185, -26.748652582149443 ], [ 26.424518158876051, -26.749211973951912 ], [ 26.424177065809094, -26.749703146781254 ], [ 26.42376775466828, -26.750262538583737 ], [ 26.423467594244197, -26.75080828677153 ], [ 26.423112857562472, -26.75181792055913 ], [ 26.422990064130243, -26.752486462178961 ], [ 26.422942858715999, -26.752919870654029 ], [ 26.422471742566966, -26.751949923948317 ], [ 26.421148193224546, -26.750412716372235 ], [ 26.420343186678746, -26.749689503166554 ], [ 26.418405780792142, -26.747861247996717 ], [ 26.417679133075552, -26.747090559580158 ], [ 26.417505296821982, -26.746906188668202 ], [ 26.417218779113306, -26.746715177162212 ], [ 26.417532584051521, -26.746646958189071 ], [ 26.418037401394937, -26.742949515206451 ], [ 26.418719585730294, -26.738528956144894 ], [ 26.418727346879621, -26.738461490803669 ], [ 26.418757243941691, -26.738201617309208 ], [ 26.418896953621523, -26.736987217784357 ], [ 26.419306264762341, -26.73357629340968 ], [ 26.419592783370298, -26.733589937024455 ], [ 26.419788860201521, -26.732568703847143 ], [ 26.419585247051533, -26.732460320186075 ], [ 26.419433556603416, -26.732427601950754 ], [ 26.419418685414069, -26.732228322977246 ], [ 26.420051247856872, -26.728902033800264 ], [ 26.420478337695229, -26.725903957600078 ], [ 26.421485708788548, -26.725974404193888 ], [ 26.422920657152716, -26.726074749648415 ], [ 26.423907670292934, -26.726143771716213 ], [ 26.424620043969973, -26.726193587862269 ], [ 26.425100201902954, -26.726199101605776 ], [ 26.424844062393788, -26.728455571665819 ], [ 26.424750102125678, -26.732225566555154 ] ] ] } },
{ "type": "Feature", "properties": { "Municipali": "City of Matlosana Local Municipality", "WardNo": "3", "WardLabel": "NW403_3", "Province": "North West", "CLASSIFICATION": "Service centre", "PopGBlack": 1624.6705962000001, "PopGColour": 5027.5734841000003, "PopGIndian": 26.505946818000002, "PopGWhite": 15.928391635000001, "PopGOther": 14.1087679, "PopGTotal": 6708.7871865999996 }, "geometry": { "type": "Polygon", "coordinates": [ [ [ 26.595856305317518, -26.866393796635545 ], [ 26.596213435095272, -26.867078295825756 ], [ 26.596404062590665, -26.867443666990727 ], [ 26.597838003714212, -26.870380996684688 ], [ 26.598121998824489, -26.870950998688688 ], [ 26.598411038232101, -26.871598237168037 ], [ 26.598672368628186, -26.872020387030307 ], [ 26.598982003410008, -26.872342000781849 ], [ 26.599466414236929, -26.872804380916563 ], [ 26.599989075928463, -26.873156172318613 ], [ 26.600692659631864, -26.873618528171594 ], [ 26.601285679783611, -26.874010523765808 ], [ 26.597064176663668, -26.874905081203611 ], [ 26.592289859382689, -26.875890097848824 ], [ 26.590179753086289, -26.876303934378132 ], [ 26.587957212648341, -26.876739819586057 ], [ 26.587626102955429, -26.876804756933019 ], [ 26.582617064419033, -26.87778281192627 ], [ 26.580419394732317, -26.878211925239235 ], [ 26.576785672313825, -26.878918861615155 ], [ 26.576718000128547, -26.878743000088392 ], [ 26.575833999832195, -26.876921999749509 ], [ 26.575270999949563, -26.87593300000696 ], [ 26.574918999904799, -26.874498000381433 ], [ 26.574776999651732, -26.873966000129759 ], [ 26.574686999997958, -26.873490999808816 ], [ 26.574814999605497, -26.872264999928806 ], [ 26.575643000017305, -26.871966999676332 ], [ 26.575817999993685, -26.870794000441773 ], [ 26.575957000108392, -26.870626999935112 ], [ 26.577717000332299, -26.869911000191532 ], [ 26.578352999983913, -26.869705999731103 ], [ 26.578124200764254, -26.869013394951274 ], [ 26.578869000396992, -26.868790999803821 ], [ 26.580002999631706, -26.86869900005787 ], [ 26.58071400004404, -26.868767999642497 ], [ 26.58127900001886, -26.868822000334063 ], [ 26.581593000109947, -26.86661800031947 ], [ 26.581675729644196, -26.866655606370195 ], [ 26.581697077751034, -26.866427895330119 ], [ 26.581706335372104, -26.866329150668786 ], [ 26.582093999831226, -26.863438002061155 ], [ 26.583458997128044, -26.861852996417714 ], [ 26.583008997959976, -26.861491999555181 ], [ 26.5831720018795, -26.861321000662709 ], [ 26.585140002702108, -26.859306997718832 ], [ 26.585782999978608, -26.858636001849025 ], [ 26.585947679335074, -26.85847272633432 ], [ 26.589876611409661, -26.861463973082941 ], [ 26.592341522736302, -26.863312657252429 ], [ 26.59412173702183, -26.864682053133301 ], [ 26.594794337282128, -26.865281543907216 ], [ 26.595171607377029, -26.86561780671548 ], [ 26.595856305317518, -26.866393796635545 ] ] ] } },
{ "type": "Feature", "properties": { "Municipali": "City of Matlosana Local Municipality", "WardNo": "4", "WardLabel": "NW403_4", "Province": "North West", "CLASSIFICATION": "Service centre", "PopGBlack": 22940.427787000001, "PopGColour": 4025.9551249000001, "PopGIndian": 6.979376529, "PopGWhite": 587.5096316, "PopGOther": 14.8066209, "PopGTotal": 27575.67854 }, "geometry": { "type": "Polygon", "coordinates": [ [ [ 26.56528998393842, -26.843866179579486 ], [ 26.565324442361913, -26.84389124008764 ], [ 26.566047516172709, -26.843389055959136 ], [ 26.570525729871402, -26.846760887703812 ], [ 26.579929696791041, -26.853902510191705 ], [ 26.585947679335074, -26.85847272633432 ], [ 26.585782999978608, -26.858636001849025 ], [ 26.585140002702108, -26.859306997718832 ], [ 26.5831720018795, -26.861321000662709 ], [ 26.583008997959976, -26.861491999555181 ], [ 26.583458997128044, -26.861852996417714 ], [ 26.582093999831226, -26.863438002061155 ], [ 26.581706335372104, -26.866329150668786 ], [ 26.581697077751034, -26.866427895330119 ], [ 26.581675729644196, -26.866655606370195 ], [ 26.581593000109947, -26.86661800031947 ], [ 26.58127900001886, -26.868822000334063 ], [ 26.58071400004404, -26.868767999642497 ], [ 26.580002999631706, -26.86869900005787 ], [ 26.578869000396992, -26.868790999803821 ], [ 26.578124200764254, -26.869013394951274 ], [ 26.578352999983913, -26.869705999731103 ], [ 26.577717000332299, -26.869911000191532 ], [ 26.575957000108392, -26.870626999935112 ], [ 26.575817999993685, -26.870794000441773 ], [ 26.575643000017305, -26.871966999676332 ], [ 26.574814999605497, -26.872264999928806 ], [ 26.574686999997958, -26.873490999808816 ], [ 26.574776999651732, -26.873966000129759 ], [ 26.574918999904799, -26.874498000381433 ], [ 26.575270999949563, -26.87593300000696 ], [ 26.575833999832195, -26.876921999749509 ], [ 26.576718000128547, -26.878743000088392 ], [ 26.576785672313825, -26.878918861615155 ], [ 26.574322976913823, -26.87939797631968 ], [ 26.574735891640945, -26.880797234204081 ], [ 26.573450550895082, -26.88284425755544 ], [ 26.572141406893234, -26.884201007169775 ], [ 26.5698325540219, -26.886271833777123 ], [ 26.568690029214224, -26.88729534590248 ], [ 26.569332699137558, -26.887676188104621 ], [ 26.569951566704272, -26.887866607856676 ], [ 26.570262765407087, -26.887928848136806 ], [ 26.57023099685583, -26.88796199714745 ], [ 26.569910998286758, -26.888286001296919 ], [ 26.569550002323584, -26.888677000442243 ], [ 26.56878754090512, -26.889504136605623 ], [ 26.56887464564117, -26.88954285062108 ], [ 26.56912278478152, -26.889770311649585 ], [ 26.569257193857215, -26.889863363602313 ], [ 26.569246855250977, -26.890028790295446 ], [ 26.569244026883126, -26.890102328758502 ], [ 26.56923651574537, -26.890297608446918 ], [ 26.569246855250977, -26.890473373746207 ], [ 26.569319229091942, -26.890566425699028 ], [ 26.569453638167634, -26.890638800439273 ], [ 26.569639742972541, -26.890618122327517 ], [ 26.569713569218635, -26.890463086401372 ], [ 26.569743134430869, -26.890400999905165 ], [ 26.569815508271837, -26.890297608446925 ], [ 26.569908560224647, -26.890194216988508 ], [ 26.570042969300342, -26.890194216988508 ], [ 26.570125681747633, -26.890307947053071 ], [ 26.570208395094209, -26.890463034240607 ], [ 26.57039449989902, -26.89063880043928 ], [ 26.570725352385857, -26.890824904344893 ], [ 26.571014847749808, -26.890990331037948 ], [ 26.571335361630492, -26.891207452560927 ], [ 26.571655874611722, -26.891455591701199 ], [ 26.572028084221529, -26.891879497040112 ], [ 26.57231757958548, -26.892086279956853 ], [ 26.57267944968968, -26.892344757703352 ], [ 26.572793180653616, -26.892582558237461 ], [ 26.572886232606425, -26.89289273261253 ], [ 26.572893268902064, -26.892906101034725 ], [ 26.572989624064757, -26.893089176023675 ], [ 26.573144712151574, -26.89323392370569 ], [ 26.573299799339114, -26.893378672286904 ], [ 26.57347556373913, -26.893316637951457 ], [ 26.573493655400725, -26.893232213195116 ], [ 26.573506581356494, -26.893171890269528 ], [ 26.573547937580098, -26.893016802182718 ], [ 26.573599634208588, -26.892882394006307 ], [ 26.573703024767639, -26.892841036883333 ], [ 26.573868450561417, -26.892923750229905 ], [ 26.574333713023314, -26.893295958940342 ], [ 26.574416426369798, -26.893482063745232 ], [ 26.574435704237274, -26.893523832757658 ], [ 26.574478460705244, -26.893616472821016 ], [ 26.57463354789278, -26.893730202885585 ], [ 26.574767956968476, -26.893999021036965 ], [ 26.574902366044256, -26.894298855906523 ], [ 26.574923044156016, -26.894536656440547 ], [ 26.574923044156012, -26.894722761245436 ], [ 26.574995417996981, -26.894846829916339 ], [ 26.575181521902604, -26.894908865150978 ], [ 26.575398644324871, -26.894857170321135 ], [ 26.575605427241531, -26.894681404122476 ], [ 26.575750174923552, -26.894526316935032 ], [ 26.575636444858894, -26.894350551635647 ], [ 26.57545034005399, -26.894143768718987 ], [ 26.575336609989421, -26.89396800341969 ], [ 26.575315930978295, -26.893854273355039 ], [ 26.575387522409127, -26.8938184767403 ], [ 26.575419323336, -26.893802576726547 ], [ 26.575584749129771, -26.893864611961277 ], [ 26.575596309914637, -26.893883109217089 ], [ 26.575636444858894, -26.893947325307852 ], [ 26.575780485673729, -26.893940122637567 ], [ 26.575843226876366, -26.893936985802249 ], [ 26.57602933168118, -26.893885290073122 ], [ 26.576391201785466, -26.893885290073129 ], [ 26.576649681330615, -26.893957663914087 ], [ 26.576908159077202, -26.894133430112749 ], [ 26.577063246264743, -26.894319534018287 ], [ 26.577090249308455, -26.894345572089531 ], [ 26.577352741628609, -26.894598690776 ], [ 26.577600881668239, -26.894567674057907 ], [ 26.577652225762545, -26.89451953784538 ], [ 26.577766308361387, -26.894412586870377 ], [ 26.577973091278043, -26.89438156925311 ], [ 26.578396994818412, -26.894433264982222 ], [ 26.578944969727516, -26.89457801266424 ], [ 26.579141414037938, -26.894722761245447 ], [ 26.579182770261625, -26.894857170321139 ], [ 26.579174421855033, -26.894990748423321 ], [ 26.579172430756017, -26.895022596115012 ], [ 26.579255144102589, -26.895125986673968 ], [ 26.579534300860214, -26.895219040425424 ], [ 26.579854813841532, -26.895260395749656 ], [ 26.580040918646436, -26.89536378810736 ], [ 26.580175327722131, -26.895456840060177 ], [ 26.580340754415186, -26.89557057012474 ], [ 26.580402788750636, -26.89579803205261 ], [ 26.58038211063888, -26.896035831687257 ], [ 26.580382110638876, -26.896170240763041 ], [ 26.580464823985363, -26.896252954109521 ], [ 26.580681946407719, -26.896190918874883 ], [ 26.580837032695889, -26.896097866922073 ], [ 26.580981781277099, -26.896221935592877 ], [ 26.581043815612549, -26.896366684174172 ], [ 26.581095511341758, -26.896542450372841 ], [ 26.581105850847276, -26.896780250007581 ], [ 26.581147207070963, -26.896935337195117 ], [ 26.581260938034813, -26.896997372429844 ], [ 26.581436703334198, -26.897111103393776 ], [ 26.58163314674534, -26.897193815840982 ], [ 26.581808912044632, -26.897307545905548 ], [ 26.581891625391208, -26.897545346439657 ], [ 26.581932981614809, -26.897772808367439 ], [ 26.581839929661996, -26.897917556049457 ], [ 26.581705520586304, -26.897958912273058 ], [ 26.581416025222349, -26.897907215644477 ], [ 26.58125059942866, -26.897907215644477 ], [ 26.581157545677115, -26.897989929890418 ], [ 26.581157545677115, -26.898145017077958 ], [ 26.581229920417449, -26.898269085748765 ], [ 26.581291954752896, -26.898424172936295 ], [ 26.581291954752896, -26.898630955852955 ], [ 26.581126528959118, -26.898806722051614 ], [ 26.580971441771577, -26.898951469733543 ], [ 26.580878388919484, -26.899127235032928 ], [ 26.580822746065781, -26.899284635276697 ], [ 26.580736896783343, -26.899496733186691 ], [ 26.580640947214871, -26.89966338205846 ], [ 26.580625798135014, -26.899794681278482 ], [ 26.580736896783343, -26.899890630846958 ], [ 26.581049994854371, -26.899971430436199 ], [ 26.581231793705282, -26.900122929328745 ], [ 26.58129239272273, -26.900304728179737 ], [ 26.58129239272273, -26.900476426744699 ], [ 26.581181294074405, -26.900592575985598 ], [ 26.581039894568431, -26.900648126209123 ], [ 26.580832846351722, -26.900648126209123 ], [ 26.580645996908157, -26.900638025923183 ], [ 26.58045914926333, -26.900713774919858 ], [ 26.580272299819761, -26.900890524077482 ], [ 26.580161201171435, -26.901042022970028 ], [ 26.580146051192209, -26.901143022231693 ], [ 26.580221800188884, -26.90126422206524 ], [ 26.580307650370692, -26.901360170734335 ], [ 26.580469248649813, -26.901471270281938 ], [ 26.580550048239054, -26.901673268805364 ], [ 26.580484397729755, -26.901890417308003 ], [ 26.580342999123062, -26.902072216158906 ], [ 26.580273090323779, -26.902275203936522 ], [ 26.580264026056927, -26.902456483878691 ], [ 26.580209642254133, -26.90271027615735 ], [ 26.580055554213406, -26.903027517405022 ], [ 26.579865210004385, -26.903181605445745 ], [ 26.579629546259508, -26.903245052616107 ], [ 26.579412010149134, -26.903245052616104 ], [ 26.579285113110387, -26.903272245416826 ], [ 26.579257921209035, -26.903399140656827 ], [ 26.579221665040741, -26.903589484865936 ], [ 26.579076641266862, -26.903770764807927 ], [ 26.578859105156486, -26.903897660947301 ], [ 26.578714081382696, -26.903988300918389 ], [ 26.578695952848822, -26.904142388959112 ], [ 26.578705017115759, -26.904223965562625 ], [ 26.578813784721262, -26.90433273406741 ], [ 26.578986001295863, -26.904450565939847 ], [ 26.579085704634519, -26.904631845882019 ], [ 26.579230729307678, -26.904749677754452 ], [ 26.579357624547683, -26.904849381992474 ], [ 26.57943013778355, -26.904976278131763 ], [ 26.579339496913178, -26.905130366172489 ], [ 26.579239792675246, -26.905338838016007 ], [ 26.57914008933659, -26.905601694561607 ], [ 26.579212600773889, -26.905755782602323 ], [ 26.579321369278674, -26.905946126811351 ], [ 26.579538906288416, -26.906091150585141 ], [ 26.579692994329147, -26.906236175258307 ], [ 26.579702057696714, -26.906426518568033 ], [ 26.579620481992563, -26.906634991310835 ], [ 26.579538906288416, -26.906716567914255 ], [ 26.579393881615253, -26.90665311984462 ], [ 26.579212600773889, -26.906444647101825 ], [ 26.579085704634512, -26.906399326666598 ], [ 26.578922553226128, -26.906453711368751 ], [ 26.578840976622697, -26.906571543241192 ], [ 26.578831913255129, -26.906734696448133 ], [ 26.578886297057924, -26.906888783589498 ], [ 26.579085704634512, -26.906925039757787 ], [ 26.579248856942087, -26.907033808262657 ], [ 26.57940294588219, -26.907106319699956 ], [ 26.579412010149127, -26.907278536274465 ], [ 26.57924885694209, -26.907369176245556 ], [ 26.579040385098565, -26.907496072384923 ], [ 26.578822848988192, -26.907604839990423 ], [ 26.578668760947462, -26.907731736129801 ], [ 26.578596156879989, -26.907871357676036 ], [ 26.575052744381487, -26.908128233730046 ], [ 26.567452113317088, -26.908476885598738 ], [ 26.554098709780153, -26.909174192933595 ], [ 26.547578902836459, -26.909418249151837 ], [ 26.547962421420991, -26.916216979029315 ], [ 26.548032151255164, -26.916670227448023 ], [ 26.544935002140956, -26.916755000242041 ], [ 26.54206400284367, -26.916770000933752 ], [ 26.540053997386266, -26.916811989380772 ], [ 26.538074999653698, -26.916888998327536 ], [ 26.533771999969936, -26.91697400224734 ], [ 26.528389002642303, -26.917151998764584 ], [ 26.530543000351148, -26.925514000369688 ], [ 26.53110100000314, -26.934786998120334 ], [ 26.531708000116151, -26.945817003151085 ], [ 26.532429000090264, -26.95894399786615 ], [ 26.533676000039332, -26.981188002922909 ], [ 26.534617000266326, -26.982325999644125 ], [ 26.524799999911814, -26.984297997953089 ], [ 26.521229999856345, -26.98641600209573 ], [ 26.52146987962298, -26.986611001195623 ], [ 26.507273896764382, -26.993744321142394 ], [ 26.492449813898919, -26.996539024655046 ], [ 26.490788082595039, -26.99507407760542 ], [ 26.487832475978994, -26.992468478136509 ], [ 26.482933039618977, -26.996098783131153 ], [ 26.482789857656687, -26.996204876152898 ], [ 26.482212690753961, -26.997025060556851 ], [ 26.475195553322877, -26.990099054126759 ], [ 26.472431226210809, -26.987638500015443 ], [ 26.470456707102016, -26.986362656110423 ], [ 26.466269698378468, -26.983601789589581 ], [ 26.463500323371758, -26.981775696389985 ], [ 26.462193743337078, -26.980923639113342 ], [ 26.461972002896129, -26.98102699909542 ], [ 26.442300996883496, -26.990562999081813 ], [ 26.434939002722626, -26.994115998353195 ], [ 26.417768998729734, -27.002482999289494 ], [ 26.409070996018787, -27.013906001759079 ], [ 26.406899001077136, -27.016758001978697 ], [ 26.400819003083452, -27.024740994199991 ], [ 26.394669000962384, -27.032811989580079 ], [ 26.385843997790783, -27.044393997583295 ], [ 26.384379003077026, -27.044995996566392 ], [ 26.343839998804178, -27.061679998831114 ], [ 26.339214001312307, -27.063583000253491 ], [ 26.333324997737471, -27.066004997730616 ], [ 26.321627997920469, -27.070813995567573 ], [ 26.321609997090309, -27.070790001655389 ], [ 26.31641999787108, -27.060609999849746 ], [ 26.312609997539752, -27.053139997111309 ], [ 26.311239997314459, -27.050460001226178 ], [ 26.308380001222432, -27.044839999264582 ], [ 26.308009995850924, -27.044120001135184 ], [ 26.304790001143886, -27.037809996132403 ], [ 26.304390001583556, -27.037020002868882 ], [ 26.304160002668173, -27.036559997843703 ], [ 26.30108999689201, -27.030529998558634 ], [ 26.29744000034173, -27.031769999084162 ], [ 26.297309999742733, -27.03181999779272 ], [ 26.293670000955693, -27.033049999655717 ], [ 26.285309997643946, -27.035889999321967 ], [ 26.275360002847172, -27.039200000877255 ], [ 26.270249997424553, -27.040909996996593 ], [ 26.268050002090941, -27.036829996804752 ], [ 26.254299996632245, -27.011429999092982 ], [ 26.254350004333872, -27.011389998147678 ], [ 26.254209996978467, -27.011249999785434 ], [ 26.254069997716858, -27.010899998933578 ], [ 26.250150002205448, -27.003539998569806 ], [ 26.249930001952581, -27.003120002583824 ], [ 26.248240003158116, -27.000659998857575 ], [ 26.24653999760725, -26.997050003252813 ], [ 26.240471143113016, -26.985781974656096 ], [ 26.25898360739253, -26.97743235042044 ], [ 26.262949448543253, -26.975826548853984 ], [ 26.270066214669416, -26.972944913274983 ], [ 26.280373150386225, -26.968763797808922 ], [ 26.280052996234502, -26.965035002661153 ], [ 26.280042997571893, -26.964920003653138 ], [ 26.27988600292235, -26.96303099927907 ], [ 26.279688001885447, -26.960941997373208 ], [ 26.278815995847225, -26.951714999945136 ], [ 26.277168998136382, -26.935957997261589 ], [ 26.27614899876297, -26.926092000943004 ], [ 26.275010999343824, -26.914544999050303 ], [ 26.286257999992674, -26.914127995108849 ], [ 26.294389999085436, -26.913862000828679 ], [ 26.309365002579565, -26.913186001131113 ], [ 26.319684995553118, -26.912959993407075 ], [ 26.318281002753018, -26.910555995860612 ], [ 26.316122995866447, -26.907197998387016 ], [ 26.33116800438733, -26.899506997148261 ], [ 26.336526998809486, -26.896863003822769 ], [ 26.348871000584094, -26.892421999573862 ], [ 26.349521002680081, -26.892130001396669 ], [ 26.353152999299464, -26.891697995864089 ], [ 26.359374999344869, -26.890937996789425 ], [ 26.362861002721409, -26.890481998243938 ], [ 26.394857004236489, -26.877488990822727 ], [ 26.39587599816797, -26.877045998272617 ], [ 26.398445000625561, -26.875926997930996 ], [ 26.40063600273859, -26.879271998402455 ], [ 26.402609996643324, -26.882184003187593 ], [ 26.408713000194243, -26.891314011430918 ], [ 26.409837002565091, -26.892997003607299 ], [ 26.411847000827898, -26.896008002166059 ], [ 26.414596002593026, -26.900116000951208 ], [ 26.418679002023929, -26.906214998022254 ], [ 26.419128993098205, -26.906911002239447 ], [ 26.419189735107853, -26.907004994883156 ], [ 26.423161613407544, -26.905123230051572 ], [ 26.42585075539785, -26.904013958575934 ], [ 26.427464240771908, -26.903509744677567 ], [ 26.42840158525485, -26.903282103784591 ], [ 26.429574997278252, -26.901820003988512 ], [ 26.429735000160044, -26.901647010399728 ], [ 26.429756002027755, -26.901623997647938 ], [ 26.431368999070042, -26.899626001737182 ], [ 26.436782996028484, -26.892918997312471 ], [ 26.447799001313268, -26.879357999670614 ], [ 26.450988003583959, -26.87543200298315 ], [ 26.453379002329591, -26.872497998082782 ], [ 26.462260003587048, -26.861444003636539 ], [ 26.462199573642177, -26.861270799606402 ], [ 26.463246639911265, -26.861405830113625 ], [ 26.465318897340076, -26.861471616420609 ], [ 26.466897760614007, -26.861372937409783 ], [ 26.468739768216587, -26.861076900377302 ], [ 26.47079142397596, -26.86068610807612 ], [ 26.471244429577709, -26.860599820823765 ], [ 26.471502777821936, -26.860550611720043 ], [ 26.475285472037921, -26.859761181432066 ], [ 26.476864335311941, -26.859925645850595 ], [ 26.479857595642624, -26.860583505323284 ], [ 26.481140422783426, -26.861438722817535 ], [ 26.482291677310183, -26.862557083741137 ], [ 26.483081109396831, -26.863017586091431 ], [ 26.48442972104597, -26.863445194838608 ], [ 26.48762034029777, -26.864070161607444 ], [ 26.494330509436818, -26.865320095145034 ], [ 26.495712013789802, -26.865484559563566 ], [ 26.497093519941444, -26.865254308838054 ], [ 26.504362868643067, -26.864037268903651 ], [ 26.505349658751381, -26.863971482596668 ], [ 26.506961414729165, -26.864103055210638 ], [ 26.515053089120563, -26.864958271805627 ], [ 26.514463763383816, -26.86106359670649 ], [ 26.514296549737772, -26.859958538554569 ], [ 26.519822570746932, -26.85949803710357 ], [ 26.533867874894749, -26.85844546068834 ], [ 26.534817431271584, -26.858375981765018 ], [ 26.535216488342535, -26.858346781677522 ], [ 26.534361269948924, -26.844630408165759 ], [ 26.534337889374292, -26.844256309080272 ], [ 26.534295483641863, -26.843577832649768 ], [ 26.541137225394948, -26.843183116606472 ], [ 26.550051222778187, -26.842525257133829 ], [ 26.549820972052764, -26.840683250430562 ], [ 26.553143163918435, -26.841308217199412 ], [ 26.55768239571864, -26.842295006408339 ], [ 26.558319747051339, -26.842583331754341 ], [ 26.562072884149046, -26.842658431440462 ], [ 26.562521781647604, -26.843085952953327 ], [ 26.563579897886783, -26.843481410038009 ], [ 26.564434940912601, -26.843598979308418 ], [ 26.564947967267607, -26.843727235222755 ], [ 26.56528998393842, -26.843866179579486 ] ] ] } },
{ "type": "Feature", "properties": { "Municipali": "City of Matlosana Local Municipality", "WardNo": "5", "WardLabel": "NW403_5", "Province": "North West", "CLASSIFICATION": "Service centre", "PopGBlack": 8981.3288462, "PopGColour": 108.90650349000001, "PopGIndian": 2.117338947, "PopGWhite": 10.810470699, "PopGOther": 0.0, "PopGTotal": 9103.1631593000002 }, "geometry": { "type": "Polygon", "coordinates": [ [ [ 26.604978002925833, -26.876366001089227 ], [ 26.609535002631755, -26.879351002046231 ], [ 26.609600002931298, -26.879394003129818 ], [ 26.609718002976948, -26.87946999944004 ], [ 26.611145997783016, -26.880408002226595 ], [ 26.613401002847503, -26.881885995741204 ], [ 26.614465000652849, -26.882581999958489 ], [ 26.614900035102121, -26.882833764265936 ], [ 26.613735004760212, -26.884458996584524 ], [ 26.613498998373597, -26.88481199757474 ], [ 26.611766058750121, -26.887161634700753 ], [ 26.60906182703517, -26.885443485327752 ], [ 26.606074856562824, -26.88349820587662 ], [ 26.60605799967032, -26.883521999239985 ], [ 26.605415003293189, -26.883105003392277 ], [ 26.604466003596571, -26.88248099709941 ], [ 26.603567004407065, -26.881891996917183 ], [ 26.603010001203945, -26.881754997794019 ], [ 26.602967996569149, -26.881751001206865 ], [ 26.602857004040914, -26.881741003443622 ], [ 26.602192000353849, -26.881688002798153 ], [ 26.601918003006727, -26.881742007986382 ], [ 26.601887999824651, -26.881747002821065 ], [ 26.601736000909064, -26.881775999661816 ], [ 26.601673003399718, -26.881788999361969 ], [ 26.601294004807823, -26.881863000076503 ], [ 26.601180592203892, -26.881884915655458 ], [ 26.597863003068426, -26.882526000973254 ], [ 26.5978284250351, -26.882381988037377 ], [ 26.597732407118194, -26.882069926884725 ], [ 26.597612382698546, -26.881529821942795 ], [ 26.597588377994541, -26.881109739621863 ], [ 26.597624385949917, -26.880845687877308 ], [ 26.597732407118198, -26.880377597047563 ], [ 26.5979004391472, -26.88008954059891 ], [ 26.59815248943913, -26.879645453573893 ], [ 26.598409894123904, -26.879320899803368 ], [ 26.598306931812694, -26.879236904158894 ], [ 26.598018076766142, -26.879107679674792 ], [ 26.598192910367789, -26.878339933839978 ], [ 26.598268924664421, -26.878119492020065 ], [ 26.598154903219509, -26.877610196052803 ], [ 26.59876813712469, -26.877500690168976 ], [ 26.598644584972888, -26.877028942630702 ], [ 26.597654722780568, -26.877133215424656 ], [ 26.597107505999876, -26.875051332552065 ], [ 26.597064176663668, -26.874905081203611 ], [ 26.601285679783611, -26.874010523765808 ], [ 26.602061998855493, -26.874456002041949 ], [ 26.602288997632517, -26.874601004232023 ], [ 26.602378997286294, -26.874661000703725 ], [ 26.603310003347353, -26.875271002753664 ], [ 26.604113002606361, -26.875799000122868 ], [ 26.604978002925833, -26.876366001089227 ] ] ] } },
{ "type": "Feature", "properties": { "Municipali": "City of Matlosana Local Municipality", "WardNo": "6", "WardLabel": "NW403_6", "Province": "North West", "CLASSIFICATION": "Service centre", "PopGBlack": 10184.55152, "PopGColour": 76.56636964, "PopGIndian": 1.960499025, "PopGWhite": 13.274957511, "PopGOther": 12.5194331, "PopGTotal": 10288.87278 }, "geometry": { "type": "Polygon", "coordinates": [ [ [ 26.641780998588128, -26.900320003164815 ], [ 26.643194998144619, -26.900373002011634 ], [ 26.643322995953419, -26.900355000282289 ], [ 26.643447004369758, -26.900335003856529 ], [ 26.643439397903897, -26.901108598881898 ], [ 26.643365945775692, -26.904144610284714 ], [ 26.643210169707547, -26.908939072379518 ], [ 26.643145591189992, -26.910926666731459 ], [ 26.643096623104576, -26.914134066433213 ], [ 26.643127315167423, -26.91456376340615 ], [ 26.643129862047463, -26.91459941882734 ], [ 26.639130588599702, -26.914888299054887 ], [ 26.628062650164896, -26.915699385017792 ], [ 26.627775389616207, -26.915733179741608 ], [ 26.627741594892388, -26.915547306062489 ], [ 26.623500293197576, -26.915834565711798 ], [ 26.623398907227383, -26.916020440290282 ], [ 26.619749022193204, -26.916257006055115 ], [ 26.619613840599815, -26.916341493764122 ], [ 26.61747753885086, -26.916461126978561 ], [ 26.615389437166286, -26.916578061327609 ], [ 26.615267002563563, -26.916417997291891 ], [ 26.614884278080432, -26.914041875131616 ], [ 26.614461003166287, -26.911413997656965 ], [ 26.614173999823681, -26.909664999739089 ], [ 26.61360900164761, -26.906223001989076 ], [ 26.613590999918259, -26.906089003903553 ], [ 26.613454999042457, -26.905101998857326 ], [ 26.613418995583661, -26.905094002984917 ], [ 26.61178199743469, -26.905017998580902 ], [ 26.610403003089552, -26.904977001186797 ], [ 26.610329002375014, -26.906587006184555 ], [ 26.61024399665655, -26.906676997744366 ], [ 26.610042988286779, -26.906670000119487 ], [ 26.609793001039598, -26.906661006899085 ], [ 26.609666997927032, -26.906655995876651 ], [ 26.609541011002314, -26.906651001041972 ], [ 26.609415998043307, -26.906647003555452 ], [ 26.609290003024622, -26.906642000626892 ], [ 26.608913000028327, -26.906627997283337 ], [ 26.608786996915846, -26.906623002448747 ], [ 26.608661001897161, -26.906617997721533 ], [ 26.608535988938151, -26.90661400113439 ], [ 26.608410002013436, -26.906608998205822 ], [ 26.60828399890087, -26.906604003371143 ], [ 26.6081579957883, -26.906599996891458 ], [ 26.608032999017144, -26.906595002056783 ], [ 26.607906995904575, -26.906589991034338 ], [ 26.607781000885886, -26.906586000742426 ], [ 26.607654997773317, -26.906580997813855 ], [ 26.607403997889595, -26.906571997398867 ], [ 26.607137997314155, -26.906561998736347 ], [ 26.606739999644663, -26.906554003763393 ], [ 26.606535990237155, -26.906790002955326 ], [ 26.605872997434261, -26.907252001777621 ], [ 26.605714997342673, -26.907076000855877 ], [ 26.605666993330441, -26.90706199661296 ], [ 26.605416997989387, -26.906803000856918 ], [ 26.604957001058079, -26.906304997676617 ], [ 26.604240003067044, -26.90617699267322 ], [ 26.604304995272621, -26.905870000998831 ], [ 26.604334997555409, -26.90574200318995 ], [ 26.604169999838941, -26.905557998302083 ], [ 26.603788001108683, -26.905804999800004 ], [ 26.603612996635814, -26.90592599998401 ], [ 26.60338599875816, -26.905680003028845 ], [ 26.602784998022575, -26.905035002962066 ], [ 26.602381998323885, -26.905284998303117 ], [ 26.6020480027065, -26.904927999826466 ], [ 26.603091996891482, -26.904245999852108 ], [ 26.60318499668362, -26.904326998191522 ], [ 26.603471002677974, -26.904657002617711 ], [ 26.604150003413274, -26.90421599667004 ], [ 26.603388001548364, -26.903240002922882 ], [ 26.603336000049701, -26.903185001285859 ], [ 26.60359299301555, -26.903045992177905 ], [ 26.60365800140897, -26.902934990656419 ], [ 26.603556997650724, -26.902777996006776 ], [ 26.603906001154336, -26.902596999351161 ], [ 26.603819998987081, -26.902466001403923 ], [ 26.60380099990957, -26.902435000873687 ], [ 26.60381300136229, -26.902180002604169 ], [ 26.603837999817152, -26.901864999769064 ], [ 26.604561996332439, -26.901886001636772 ], [ 26.604768000436263, -26.901840000414744 ], [ 26.60549099870402, -26.901868997255498 ], [ 26.605496998980652, -26.901608996057412 ], [ 26.606035003106264, -26.901620996610763 ], [ 26.606044004420625, -26.901418998986713 ], [ 26.606101998102126, -26.901326995643455 ], [ 26.60631899821654, -26.90113999871112 ], [ 26.606612999183941, -26.900890004269442 ], [ 26.606759996070341, -26.900885997789672 ], [ 26.607850996919396, -26.900919001110104 ], [ 26.608162999616148, -26.900931001663455 ], [ 26.608156001991357, -26.901499998225511 ], [ 26.60890399871397, -26.901535003436766 ], [ 26.609316997974553, -26.90154699589624 ], [ 26.610014995988703, -26.901561000139161 ], [ 26.610053999585855, -26.90089199896568 ], [ 26.61008599656488, -26.900392998437223 ], [ 26.611395002970486, -26.900438999659265 ], [ 26.612440999945669, -26.900512003025643 ], [ 26.612694002619683, -26.900475999566847 ], [ 26.612593997108789, -26.899868001206475 ], [ 26.612593997108789, -26.89976099717142 ], [ 26.612698998353554, -26.899746003674224 ], [ 26.612880003103147, -26.899732000330669 ], [ 26.614465998000892, -26.899756002336758 ], [ 26.616279997117708, -26.899781999039146 ], [ 26.617166995753774, -26.89979600328207 ], [ 26.641780998588128, -26.900320003164815 ] ] ] } },
{ "type": "Feature", "properties": { "Municipali": "City of Matlosana Local Municipality", "WardNo": "7", "WardLabel": "NW403_7", "Province": "North West", "CLASSIFICATION": "Service centre", "PopGBlack": 14695.777774, "PopGColour": 142.23246897000001, "PopGIndian": 3.92099805, "PopGWhite": 9.443863341, "PopGOther": 22.45778, "PopGTotal": 14873.832884 }, "geometry": { "type": "Polygon", "coordinates": [ [ [ 26.578344677657682, -26.88877679281379 ], [ 26.578784881410161, -26.890537606924042 ], [ 26.578824899442516, -26.890747703842486 ], [ 26.578576302547262, -26.8913315563053 ], [ 26.578850077761853, -26.891450917924555 ], [ 26.580692669923756, -26.891801163392039 ], [ 26.583213000172833, -26.891274002392297 ], [ 26.583568012047134, -26.892729000242237 ], [ 26.583755000885596, -26.893442997195628 ], [ 26.583773999963107, -26.893466999201699 ], [ 26.583796007272948, -26.89349100120776 ], [ 26.586120333879368, -26.896025493081122 ], [ 26.586174823802164, -26.89608944027453 ], [ 26.586410089147421, -26.896069031959318 ], [ 26.586556793754106, -26.896042358966707 ], [ 26.586743509198641, -26.89596233819039 ], [ 26.586956896736506, -26.895868981367407 ], [ 26.5870369184121, -26.895788959691814 ], [ 26.587236969004017, -26.895575572153945 ], [ 26.587356999718811, -26.895402193655368 ], [ 26.587463694387115, -26.895242152102735 ], [ 26.58757038815596, -26.895122121387853 ], [ 26.587637071986418, -26.894988753727038 ], [ 26.587730429708682, -26.894842049120346 ], [ 26.587823787430949, -26.894708682358882 ], [ 26.587957155091779, -26.89458865074473 ], [ 26.588077185806569, -26.894468620029851 ], [ 26.588197217420728, -26.894361926261016 ], [ 26.5882639012511, -26.894295242430548 ], [ 26.588397268012645, -26.894175210816396 ], [ 26.588477288788965, -26.894095190040076 ], [ 26.588637330341601, -26.893948486332672 ], [ 26.588890728717313, -26.89360173023471 ], [ 26.589130791046266, -26.893348330959729 ], [ 26.589264157807722, -26.893174953360507 ], [ 26.589437536306395, -26.892934891031473 ], [ 26.589557567021188, -26.892748175586853 ], [ 26.589650924743456, -26.892614808825403 ], [ 26.589704271627962, -26.892468104218715 ], [ 26.58979762935023, -26.892254715781572 ], [ 26.589934837116186, -26.892058704045038 ], [ 26.591304393975769, -26.892619157047545 ], [ 26.591003758709661, -26.893175886856731 ], [ 26.590669720824121, -26.893894070154268 ], [ 26.591638431861302, -26.894306049583598 ], [ 26.592596009291555, -26.894695761799081 ], [ 26.592520995940379, -26.894920002355249 ], [ 26.592464996955197, -26.896516011203975 ], [ 26.594227999116015, -26.896566001818652 ], [ 26.595168103618363, -26.896588645848411 ], [ 26.595117998789807, -26.898264404777546 ], [ 26.594043507694934, -26.898331211815044 ], [ 26.594185910844296, -26.900118767266346 ], [ 26.593631003960823, -26.900144997792452 ], [ 26.593553585822516, -26.903776038432525 ], [ 26.59360369065098, -26.903853979976237 ], [ 26.590784995923887, -26.904066996993407 ], [ 26.588361002851091, -26.904202997869117 ], [ 26.586331999215375, -26.904328003633516 ], [ 26.58597899822524, -26.904317000428247 ], [ 26.583949993690243, -26.904248999990418 ], [ 26.5839026488811, -26.90424365172219 ], [ 26.583909239113105, -26.903724742002282 ], [ 26.583784545413472, -26.903708823102757 ], [ 26.583086786618896, -26.90331616920491 ], [ 26.582621997200377, -26.904099002965655 ], [ 26.582376717004841, -26.904520104218463 ], [ 26.58197712393811, -26.904495886375081 ], [ 26.581360770875822, -26.904486822108236 ], [ 26.581034467159945, -26.904486822108233 ], [ 26.580499689801805, -26.904523078276526 ], [ 26.580001170410608, -26.904595589713733 ], [ 26.579756442398793, -26.904713421586163 ], [ 26.57943013778355, -26.904976278131763 ], [ 26.579357624547683, -26.904849381992474 ], [ 26.579230729307678, -26.904749677754452 ], [ 26.579085704634519, -26.904631845882019 ], [ 26.578986001295863, -26.904450565939847 ], [ 26.578813784721262, -26.90433273406741 ], [ 26.578705017115759, -26.904223965562625 ], [ 26.578695952848822, -26.904142388959112 ], [ 26.578714081382696, -26.903988300918389 ], [ 26.578859105156486, -26.903897660947301 ], [ 26.579076641266862, -26.903770764807927 ], [ 26.579221665040741, -26.903589484865936 ], [ 26.579257921209035, -26.903399140656827 ], [ 26.579285113110387, -26.903272245416826 ], [ 26.579412010149134, -26.903245052616104 ], [ 26.579629546259508, -26.903245052616107 ], [ 26.579865210004385, -26.903181605445745 ], [ 26.580055554213406, -26.903027517405022 ], [ 26.580209642254133, -26.90271027615735 ], [ 26.580264026056927, -26.902456483878691 ], [ 26.580273090323779, -26.902275203936522 ], [ 26.580342999123062, -26.902072216158906 ], [ 26.580484397729755, -26.901890417308003 ], [ 26.580550048239054, -26.901673268805364 ], [ 26.580469248649813, -26.901471270281938 ], [ 26.580307650370692, -26.901360170734335 ], [ 26.580221800188884, -26.90126422206524 ], [ 26.580146051192209, -26.901143022231693 ], [ 26.580161201171435, -26.901042022970028 ], [ 26.580272299819761, -26.900890524077482 ], [ 26.58045914926333, -26.900713774919858 ], [ 26.580645996908157, -26.900638025923183 ], [ 26.580832846351722, -26.900648126209123 ], [ 26.581039894568431, -26.900648126209123 ], [ 26.581181294074405, -26.900592575985598 ], [ 26.58129239272273, -26.900476426744699 ], [ 26.58129239272273, -26.900304728179737 ], [ 26.581231793705282, -26.900122929328745 ], [ 26.581049994854371, -26.899971430436199 ], [ 26.580736896783343, -26.899890630846958 ], [ 26.580625798135014, -26.899794681278482 ], [ 26.580640947214871, -26.89966338205846 ], [ 26.580736896783343, -26.899496733186691 ], [ 26.580822746065781, -26.899284635276697 ], [ 26.580878388919484, -26.899127235032928 ], [ 26.580971441771577, -26.898951469733543 ], [ 26.581126528959118, -26.898806722051614 ], [ 26.581291954752896, -26.898630955852955 ], [ 26.581291954752896, -26.898424172936295 ], [ 26.581229920417449, -26.898269085748765 ], [ 26.581157545677115, -26.898145017077958 ], [ 26.581157545677115, -26.897989929890418 ], [ 26.58125059942866, -26.897907215644477 ], [ 26.581416025222349, -26.897907215644477 ], [ 26.581705520586304, -26.897958912273058 ], [ 26.581839929661996, -26.897917556049457 ], [ 26.581932981614809, -26.897772808367439 ], [ 26.581891625391208, -26.897545346439657 ], [ 26.581808912044632, -26.897307545905548 ], [ 26.58163314674534, -26.897193815840982 ], [ 26.581436703334198, -26.897111103393776 ], [ 26.581260938034813, -26.896997372429844 ], [ 26.581147207070963, -26.896935337195117 ], [ 26.581105850847276, -26.896780250007581 ], [ 26.581095511341758, -26.896542450372841 ], [ 26.581043815612549, -26.896366684174172 ], [ 26.580981781277099, -26.896221935592877 ], [ 26.580837032695889, -26.896097866922073 ], [ 26.580681946407719, -26.896190918874883 ], [ 26.580464823985363, -26.896252954109521 ], [ 26.580382110638876, -26.896170240763041 ], [ 26.58038211063888, -26.896035831687257 ], [ 26.580402788750636, -26.89579803205261 ], [ 26.580340754415186, -26.89557057012474 ], [ 26.580175327722131, -26.895456840060177 ], [ 26.580040918646436, -26.89536378810736 ], [ 26.579854813841532, -26.895260395749656 ], [ 26.579534300860214, -26.895219040425424 ], [ 26.579255144102589, -26.895125986673968 ], [ 26.579172430756017, -26.895022596115012 ], [ 26.579174421855033, -26.894990748423321 ], [ 26.579182770261625, -26.894857170321139 ], [ 26.579141414037938, -26.894722761245447 ], [ 26.578944969727516, -26.89457801266424 ], [ 26.578396994818412, -26.894433264982222 ], [ 26.577973091278043, -26.89438156925311 ], [ 26.577766308361387, -26.894412586870377 ], [ 26.577652225762545, -26.89451953784538 ], [ 26.577600881668239, -26.894567674057907 ], [ 26.577352741628609, -26.894598690776 ], [ 26.577090249308455, -26.894345572089531 ], [ 26.577063246264743, -26.894319534018287 ], [ 26.576908159077202, -26.894133430112749 ], [ 26.576649681330615, -26.893957663914087 ], [ 26.576391201785466, -26.893885290073129 ], [ 26.57602933168118, -26.893885290073122 ], [ 26.575843226876366, -26.893936985802249 ], [ 26.575780485673729, -26.893940122637567 ], [ 26.575636444858894, -26.893947325307852 ], [ 26.575596309914637, -26.893883109217089 ], [ 26.575584749129771, -26.893864611961277 ], [ 26.575419323336, -26.893802576726547 ], [ 26.575387522409127, -26.8938184767403 ], [ 26.575315930978295, -26.893854273355039 ], [ 26.575336609989421, -26.89396800341969 ], [ 26.57545034005399, -26.894143768718987 ], [ 26.575636444858894, -26.894350551635647 ], [ 26.575750174923552, -26.894526316935032 ], [ 26.575605427241531, -26.894681404122476 ], [ 26.575398644324871, -26.894857170321135 ], [ 26.575181521902604, -26.894908865150978 ], [ 26.574995417996981, -26.894846829916339 ], [ 26.574923044156012, -26.894722761245436 ], [ 26.574923044156016, -26.894536656440547 ], [ 26.574902366044256, -26.894298855906523 ], [ 26.574767956968476, -26.893999021036965 ], [ 26.57463354789278, -26.893730202885585 ], [ 26.574478460705244, -26.893616472821016 ], [ 26.574435704237274, -26.893523832757658 ], [ 26.574416426369798, -26.893482063745232 ], [ 26.574333713023314, -26.893295958940342 ], [ 26.573868450561417, -26.892923750229905 ], [ 26.573703024767639, -26.892841036883333 ], [ 26.573599634208588, -26.892882394006307 ], [ 26.573547937580098, -26.893016802182718 ], [ 26.573506581356494, -26.893171890269528 ], [ 26.573493655400725, -26.893232213195116 ], [ 26.57347556373913, -26.893316637951457 ], [ 26.573299799339114, -26.893378672286904 ], [ 26.573144712151574, -26.89323392370569 ], [ 26.572989624064757, -26.893089176023675 ], [ 26.572893268902064, -26.892906101034725 ], [ 26.572886232606425, -26.89289273261253 ], [ 26.572793180653616, -26.892582558237461 ], [ 26.57267944968968, -26.892344757703352 ], [ 26.57231757958548, -26.892086279956853 ], [ 26.572028084221529, -26.891879497040112 ], [ 26.571655874611722, -26.891455591701199 ], [ 26.571335361630492, -26.891207452560927 ], [ 26.571014847749808, -26.890990331037948 ], [ 26.570725352385857, -26.890824904344893 ], [ 26.57039449989902, -26.89063880043928 ], [ 26.570208395094209, -26.890463034240607 ], [ 26.570125681747633, -26.890307947053071 ], [ 26.570042969300342, -26.890194216988508 ], [ 26.569908560224647, -26.890194216988508 ], [ 26.569815508271837, -26.890297608446925 ], [ 26.569743134430869, -26.890400999905165 ], [ 26.569713569218635, -26.890463086401372 ], [ 26.569639742972541, -26.890618122327517 ], [ 26.569453638167634, -26.890638800439273 ], [ 26.569319229091942, -26.890566425699028 ], [ 26.569246855250977, -26.890473373746207 ], [ 26.56923651574537, -26.890297608446918 ], [ 26.569244026883126, -26.890102328758502 ], [ 26.569246855250977, -26.890028790295446 ], [ 26.569257193857215, -26.889863363602313 ], [ 26.56912278478152, -26.889770311649585 ], [ 26.56887464564117, -26.88954285062108 ], [ 26.56878754090512, -26.889504136605623 ], [ 26.569550002323584, -26.888677000442243 ], [ 26.569910998286758, -26.888286001296919 ], [ 26.57023099685583, -26.88796199714745 ], [ 26.570262765442259, -26.887928848170464 ], [ 26.569951566704272, -26.887866607856676 ], [ 26.569332699137558, -26.887676188104621 ], [ 26.568690029214224, -26.88729534590248 ], [ 26.5698325540219, -26.886271833777123 ], [ 26.572141406893234, -26.884201007169775 ], [ 26.573450550895082, -26.88284425755544 ], [ 26.574735891640945, -26.880797234204081 ], [ 26.574322976916754, -26.879397976334594 ], [ 26.576785672313825, -26.878918861615155 ], [ 26.580419394732317, -26.878211925239235 ], [ 26.582617064419033, -26.87778281192627 ], [ 26.583007999712507, -26.879181999648573 ], [ 26.581094999627556, -26.879554999762476 ], [ 26.580767825367868, -26.879618248182666 ], [ 26.579028996983535, -26.879952002781732 ], [ 26.578587001781671, -26.880117998745636 ], [ 26.578274000837386, -26.880393998882958 ], [ 26.577970998555628, -26.881184996689235 ], [ 26.577847989286187, -26.88155200192238 ], [ 26.577158000634093, -26.883601002883008 ], [ 26.576940004070881, -26.884277001681273 ], [ 26.576451002204848, -26.885678999785021 ], [ 26.576671009652316, -26.886630002271833 ], [ 26.576903003263922, -26.88748900141529 ], [ 26.576569659655028, -26.887966506348217 ], [ 26.578344677657682, -26.88877679281379 ] ] ] } },
{ "type": "Feature", "properties": { "Municipali": "City of Matlosana Local Municipality", "WardNo": "8", "WardLabel": "NW403_8", "Province": "North West", "CLASSIFICATION": "Service centre", "PopGBlack": 8974.7405827000002, "PopGColour": 65.08081807000001, "PopGIndian": 2.431018791, "PopGWhite": 8.659663731, "PopGOther": 7.6744767, "PopGTotal": 9058.58656 }, "geometry": { "type": "Polygon", "coordinates": [ [ [ 26.598126214846218, -26.889458064337301 ], [ 26.59810673373207, -26.891191900584861 ], [ 26.597514996912871, -26.891184001839282 ], [ 26.59699900099638, -26.8911709958439 ], [ 26.596968997814216, -26.891170995843897 ], [ 26.596444000583453, -26.891153999556487 ], [ 26.594866998006726, -26.891116998749538 ], [ 26.594559999137815, -26.890992001978375 ], [ 26.594531998745943, -26.890981005967792 ], [ 26.593560003384663, -26.890577998175139 ], [ 26.593549996628258, -26.890545002948585 ], [ 26.593071000619354, -26.890335998706405 ], [ 26.592602003272965, -26.890131997392864 ], [ 26.592578001266979, -26.890181996101244 ], [ 26.591417005283695, -26.892427003402545 ], [ 26.591304393975769, -26.892619157047545 ], [ 26.589934837116186, -26.892058704045038 ], [ 26.58979762935023, -26.892254715781572 ], [ 26.589704271627962, -26.892468104218715 ], [ 26.589650924743456, -26.892614808825403 ], [ 26.589557567021188, -26.892748175586853 ], [ 26.589437536306395, -26.892934891031473 ], [ 26.589264157807722, -26.893174953360507 ], [ 26.589130791046266, -26.893348330959729 ], [ 26.588890728717313, -26.89360173023471 ], [ 26.588637330341601, -26.893948486332672 ], [ 26.588477288788965, -26.894095190040076 ], [ 26.588397268012645, -26.894175210816396 ], [ 26.5882639012511, -26.894295242430548 ], [ 26.588197217420728, -26.894361926261016 ], [ 26.588077185806569, -26.894468620029851 ], [ 26.587957155091779, -26.89458865074473 ], [ 26.587823787430949, -26.894708682358882 ], [ 26.587730429708682, -26.894842049120346 ], [ 26.587637071986418, -26.894988753727038 ], [ 26.58757038815596, -26.895122121387853 ], [ 26.587463694387115, -26.895242152102735 ], [ 26.587356999718811, -26.895402193655368 ], [ 26.587236969004017, -26.895575572153945 ], [ 26.5870369184121, -26.895788959691814 ], [ 26.586956896736506, -26.895868981367407 ], [ 26.586743509198641, -26.89596233819039 ], [ 26.586556793754106, -26.896042358966707 ], [ 26.586410089147421, -26.896069031959318 ], [ 26.586174823802164, -26.89608944027453 ], [ 26.586120333879368, -26.896025493081122 ], [ 26.583796007272948, -26.89349100120776 ], [ 26.583773999963107, -26.893466999201699 ], [ 26.583755000885596, -26.893442997195628 ], [ 26.583568012047134, -26.892729000242237 ], [ 26.583213000172833, -26.891274002392297 ], [ 26.582760998214475, -26.889418000439466 ], [ 26.582571001143776, -26.888639998735961 ], [ 26.582562997177579, -26.888602998828379 ], [ 26.58230499876969, -26.887591001622425 ], [ 26.582049004051289, -26.886543002756426 ], [ 26.582043002875288, -26.886516997960154 ], [ 26.581836998771461, -26.885629001076573 ], [ 26.584341000929484, -26.88514200200084 ], [ 26.587568998703421, -26.884519999397561 ], [ 26.587599999233657, -26.884519002049316 ], [ 26.591165997306099, -26.883818992251726 ], [ 26.591205998251411, -26.883810997278786 ], [ 26.592368997024803, -26.88358200380554 ], [ 26.592408401719513, -26.883576051192907 ], [ 26.592508006132768, -26.883561001937732 ], [ 26.595373994407609, -26.882997999357276 ], [ 26.59585500130051, -26.882914997328381 ], [ 26.597657996312762, -26.882562004432053 ], [ 26.597863003068426, -26.882526000973254 ], [ 26.59788299859482, -26.882662999197134 ], [ 26.598202989969288, -26.883986999099829 ], [ 26.598217002306086, -26.884043996332451 ], [ 26.598291003020709, -26.884331996123844 ], [ 26.598314310750148, -26.884468422378944 ], [ 26.598317997071174, -26.884489997114716 ], [ 26.598317997071174, -26.884548996238255 ], [ 26.598294999607859, -26.885449001769164 ], [ 26.598257002352025, -26.886782002086843 ], [ 26.59823600138359, -26.887377999893864 ], [ 26.598177001360767, -26.889349001754073 ], [ 26.598126214846218, -26.889458064337301 ] ] ] } },
{ "type": "Feature", "properties": { "Municipali": "City of Matlosana Local Municipality", "WardNo": "9", "WardLabel": "NW403_9", "Province": "North West", "CLASSIFICATION": "Service centre", "PopGBlack": 9117.5456107000009, "PopGColour": 52.62744835, "PopGIndian": 2.666278674, "PopGWhite": 2.274178869, "PopGOther": 1.3682019, "PopGTotal": 9176.4817184999993 }, "geometry": { "type": "Polygon", "coordinates": [ [ [ 26.605415003293189, -26.883105003392277 ], [ 26.60605799967032, -26.883521999239985 ], [ 26.606074856562824, -26.88349820587662 ], [ 26.60906182703517, -26.885443485327752 ], [ 26.611766058750121, -26.887161634700753 ], [ 26.61334797072578, -26.888176445885446 ], [ 26.614870188402069, -26.888236141084185 ], [ 26.617556451662477, -26.889340494167573 ], [ 26.617501005760381, -26.889942000322147 ], [ 26.61510499689161, -26.889866004012006 ], [ 26.615064996845668, -26.88986400122181 ], [ 26.612552998815328, -26.889783001983108 ], [ 26.612477003404475, -26.889696999815758 ], [ 26.612221997041068, -26.889688995849564 ], [ 26.611613001332444, -26.88967199956225 ], [ 26.611415000295541, -26.889666996633697 ], [ 26.610925000182068, -26.889650997694531 ], [ 26.61061400292736, -26.889641998178824 ], [ 26.610559997739124, -26.889640002583224 ], [ 26.610528998108261, -26.889638997141091 ], [ 26.61000900380597, -26.889622999101221 ], [ 26.609979000623806, -26.889626995688371 ], [ 26.60972599794988, -26.889615003228901 ], [ 26.609583996797532, -26.88960900295227 ], [ 26.609508001386587, -26.88960600281391 ], [ 26.609167000949807, -26.88959799884762 ], [ 26.608938000281952, -26.889590003874666 ], [ 26.60875299714656, -26.889585998294354 ], [ 26.608230002705913, -26.889570996703281 ], [ 26.608166997102682, -26.889569002006958 ], [ 26.608063998648028, -26.889644000969021 ], [ 26.607502000610225, -26.889634002306497 ], [ 26.606604996117124, -26.889595996057505 ], [ 26.606172998678321, -26.889584002698669 ], [ 26.606142996395615, -26.889584002698665 ], [ 26.606013003890411, -26.889581002560305 ], [ 26.605983000708338, -26.889579998017631 ], [ 26.604343000622354, -26.889536996933963 ], [ 26.604026003090926, -26.889528003713476 ], [ 26.603995002560694, -26.889526998271435 ], [ 26.603959000001183, -26.889526000923279 ], [ 26.603595003000368, -26.889517997856444 ], [ 26.602185999177841, -26.889470001938175 ], [ 26.601053002687237, -26.889436991423146 ], [ 26.59979399588947, -26.889402000600985 ], [ 26.599807001884948, -26.889520000646545 ], [ 26.599742001585401, -26.891247996696791 ], [ 26.599224002878707, -26.891225001032044 ], [ 26.598676999237387, -26.891208993999005 ], [ 26.598114002952141, -26.891191997711609 ], [ 26.59810673373207, -26.891191900584861 ], [ 26.598126214846218, -26.889458064337301 ], [ 26.598177001360767, -26.889349001754073 ], [ 26.59823600138359, -26.887377999893864 ], [ 26.598257002352025, -26.886782002086843 ], [ 26.598294999607859, -26.885449001769164 ], [ 26.598317997071174, -26.884548996238255 ], [ 26.598317997071174, -26.884489997114716 ], [ 26.598314310750148, -26.884468422378944 ], [ 26.598291003020709, -26.884331996123844 ], [ 26.598217002306086, -26.884043996332451 ], [ 26.598202989969288, -26.883986999099829 ], [ 26.59788299859482, -26.882662999197134 ], [ 26.597863003068426, -26.882526000973254 ], [ 26.601180592203892, -26.881884915655458 ], [ 26.601294004807823, -26.881863000076503 ], [ 26.601673003399718, -26.881788999361969 ], [ 26.601736000909064, -26.881775999661816 ], [ 26.601887999824651, -26.881747002821065 ], [ 26.601918003006727, -26.881742007986382 ], [ 26.602192000353849, -26.881688002798153 ], [ 26.602857004040914, -26.881741003443622 ], [ 26.602967996569149, -26.881751001206865 ], [ 26.603010001203945, -26.881754997794019 ], [ 26.603567004407065, -26.881891996917183 ], [ 26.604466003596571, -26.88248099709941 ], [ 26.605415003293189, -26.883105003392277 ] ] ] } },
{ "type": "Feature", "properties": { "Municipali": "City of Matlosana Local Municipality", "WardNo": "10", "WardLabel": "NW403_10", "Province": "North West", "CLASSIFICATION": "Service centre", "PopGBlack": 6831.2134376999993, "PopGColour": 39.932713941000003, "PopGIndian": 2.901538557, "PopGWhite": 4.469937777, "PopGOther": 3.1978702, "PopGTotal": 6881.7154982000002 }, "geometry": { "type": "Polygon", "coordinates": [ [ [ 26.603601004176369, -26.889683003666793 ], [ 26.603537001224982, -26.891364999394288 ], [ 26.603534998434782, -26.891401001953795 ], [ 26.603465999749432, -26.893227001623941 ], [ 26.603465003300645, -26.893253996573762 ], [ 26.603402004892015, -26.89485800219418 ], [ 26.603398000210898, -26.894973001202096 ], [ 26.603395997420698, -26.895000003346613 ], [ 26.603324995945151, -26.896821997436348 ], [ 26.602682996916091, -26.896821997436351 ], [ 26.600935004440231, -26.896762998312809 ], [ 26.60078300372599, -26.896768997690156 ], [ 26.598738999398563, -26.896728000296047 ], [ 26.59791099898667, -26.896699999904175 ], [ 26.597879999355715, -26.896694996975615 ], [ 26.595168103618363, -26.896588645848411 ], [ 26.594227999116015, -26.896566001818652 ], [ 26.592464996955197, -26.896516011203975 ], [ 26.592520995940379, -26.894920002355249 ], [ 26.592596009291555, -26.894695761799081 ], [ 26.591638431861302, -26.894306049583598 ], [ 26.590669720824121, -26.893894070154268 ], [ 26.591003758709661, -26.893175886856731 ], [ 26.591304393975769, -26.892619157047545 ], [ 26.591417005283695, -26.892427003402545 ], [ 26.592578001266979, -26.890181996101244 ], [ 26.592602003272965, -26.890131997392864 ], [ 26.593071000619354, -26.890335998706405 ], [ 26.593549996628258, -26.890545002948585 ], [ 26.593560003384663, -26.890577998175139 ], [ 26.594531998745943, -26.890981005967792 ], [ 26.594559999137815, -26.890992001978375 ], [ 26.594866998006726, -26.891116998749538 ], [ 26.596444000583453, -26.891153999556487 ], [ 26.596968997814216, -26.891170995843897 ], [ 26.59699900099638, -26.8911709958439 ], [ 26.597514996912871, -26.891184001839282 ], [ 26.598114002952141, -26.891191997711609 ], [ 26.598676999237387, -26.891208993999005 ], [ 26.599224002878707, -26.891225001032044 ], [ 26.599742001585401, -26.891247996696791 ], [ 26.599807001884948, -26.889520000646545 ], [ 26.59979399588947, -26.889402000600985 ], [ 26.601053002687237, -26.889436991423146 ], [ 26.602185999177841, -26.889470001938175 ], [ 26.603595003000368, -26.889517997856444 ], [ 26.603601004176369, -26.889683003666793 ] ] ] } },
{ "type": "Feature", "properties": { "Municipali": "City of Matlosana Local Municipality", "WardNo": "11", "WardLabel": "NW403_11", "Province": "North West", "CLASSIFICATION": "Service centre", "PopGBlack": 7114.1428385999998, "PopGColour": 43.76563199, "PopGIndian": 5.097297465, "PopGWhite": 26.236235178000001, "PopGOther": 1.5989351, "PopGTotal": 7190.8409382999998 }, "geometry": { "type": "Polygon", "coordinates": [ [ [ 26.606013003890411, -26.889581002560305 ], [ 26.606142996395615, -26.889584002698665 ], [ 26.606172998678321, -26.889584002698669 ], [ 26.606604996117124, -26.889595996057505 ], [ 26.607502000610225, -26.889634002306497 ], [ 26.608063998648028, -26.889644000969021 ], [ 26.608166997102682, -26.889569002006958 ], [ 26.608230002705913, -26.889570996703281 ], [ 26.60875299714656, -26.889585998294354 ], [ 26.608938000281952, -26.889590003874666 ], [ 26.609167000949807, -26.88959799884762 ], [ 26.609508001386587, -26.88960600281391 ], [ 26.609583996797532, -26.88960900295227 ], [ 26.60972599794988, -26.889615003228901 ], [ 26.609979000623806, -26.889626995688371 ], [ 26.61000900380597, -26.889622999101221 ], [ 26.610528998108261, -26.889638997141091 ], [ 26.610559997739124, -26.889640002583224 ], [ 26.61061400292736, -26.889641998178824 ], [ 26.610925000182068, -26.889650997694531 ], [ 26.611415000295541, -26.889666996633697 ], [ 26.611613001332444, -26.88967199956225 ], [ 26.612221997041068, -26.889688995849564 ], [ 26.612477003404475, -26.889696999815758 ], [ 26.612552998815328, -26.889783001983108 ], [ 26.615064996845668, -26.88986400122181 ], [ 26.61510499689161, -26.889866004012006 ], [ 26.617501005760381, -26.889942000322147 ], [ 26.625437906827635, -26.88995846600956 ], [ 26.626966232699203, -26.890913670128921 ], [ 26.629879605353302, -26.892824078367738 ], [ 26.632601936823725, -26.894543446322157 ], [ 26.635992910638141, -26.896644893945897 ], [ 26.638476440629081, -26.897361296585689 ], [ 26.64325246122603, -26.898650822776421 ], [ 26.643352991940979, -26.900350162828921 ], [ 26.643322995953419, -26.900355000282289 ], [ 26.643194998144619, -26.900373002011634 ], [ 26.641780998588128, -26.900320003164815 ], [ 26.617166995753774, -26.89979600328207 ], [ 26.617187997621574, -26.899158999087696 ], [ 26.617177999858335, -26.899134997081536 ], [ 26.616411003158838, -26.899120010779022 ], [ 26.613482002086265, -26.899030003930644 ], [ 26.613442001140953, -26.899028001140447 ], [ 26.612837002019564, -26.899011994107415 ], [ 26.612804996946572, -26.899011994107411 ], [ 26.612627000429221, -26.899006009119173 ], [ 26.612198999577654, -26.898993003123689 ], [ 26.611575003177315, -26.898973995952296 ], [ 26.611544999995242, -26.89897299860413 ], [ 26.609674956027803, -26.898916801768141 ], [ 26.609248996637369, -26.898904000818156 ], [ 26.609031997422235, -26.898897992447463 ], [ 26.609002002333956, -26.89889200026472 ], [ 26.606004002576036, -26.898804003401132 ], [ 26.605973002945085, -26.898802997059722 ], [ 26.603264998574161, -26.898714002848077 ], [ 26.603323998596991, -26.896851003270267 ], [ 26.603324995945151, -26.896821997436348 ], [ 26.603395997420698, -26.895000003346613 ], [ 26.603398000210898, -26.894973001202096 ], [ 26.603402004892015, -26.89485800219418 ], [ 26.603465003300645, -26.893253996573762 ], [ 26.603465999749432, -26.893227001623941 ], [ 26.603534998434782, -26.891401001953795 ], [ 26.603537001224982, -26.891364999394288 ], [ 26.603601004176369, -26.889683003666793 ], [ 26.603595003000368, -26.889517997856444 ], [ 26.603959000001183, -26.889526000923279 ], [ 26.603995002560694, -26.889526998271435 ], [ 26.604026003090926, -26.889528003713476 ], [ 26.604343000622354, -26.889536996933963 ], [ 26.605983000708338, -26.889579998017631 ], [ 26.606013003890411, -26.889581002560305 ] ] ] } },
{ "type": "Feature", "properties": { "Municipali": "City of Matlosana Local Municipality", "WardNo": "12", "WardLabel": "NW403_12", "Province": "North West", "CLASSIFICATION": "Service centre", "PopGBlack": 17220.563963000001, "PopGColour": 90.752061833, "PopGIndian": 3.450478284, "PopGWhite": 58.364467614, "PopGOther": 12.0992812, "PopGTotal": 17385.230251000001 }, "geometry": { "type": "Polygon", "coordinates": [ [ [ 26.58597899822524, -26.904317000428247 ], [ 26.586331999215375, -26.904328003633516 ], [ 26.588361002851091, -26.904202997869117 ], [ 26.590784995923887, -26.904066996993407 ], [ 26.59360369065098, -26.903853979976237 ], [ 26.593603690650976, -26.907133123094258 ], [ 26.594480006240506, -26.907297419339567 ], [ 26.596289995280248, -26.907718793086946 ], [ 26.599892525612844, -26.908546528198777 ], [ 26.599873000431906, -26.908852999165699 ], [ 26.599829999348319, -26.909072002070314 ], [ 26.599349997897367, -26.911521999939417 ], [ 26.599334997205563, -26.91161199869391 ], [ 26.599220005392159, -26.912315998783431 ], [ 26.598903997115006, -26.913859998039605 ], [ 26.598707998868303, -26.915257001308674 ], [ 26.598589002373771, -26.916742001441314 ], [ 26.598610011436083, -26.9173069987181 ], [ 26.598676000989904, -26.917415998348758 ], [ 26.599621002300633, -26.918264000582251 ], [ 26.600220997594267, -26.918819999242615 ], [ 26.600765001996514, -26.919219998803023 ], [ 26.600378001237068, -26.919292994075509 ], [ 26.600316001075885, -26.919302002584473 ], [ 26.600276990284133, -26.919309997557431 ], [ 26.599195277633193, -26.919513234447319 ], [ 26.598477999952912, -26.919647997855922 ], [ 26.599887513691073, -26.939622410844621 ], [ 26.600962818672397, -26.95524122100468 ], [ 26.602091889622191, -26.971021327271529 ], [ 26.602145654691384, -26.971800924372268 ], [ 26.602266001068244, -26.974314001588994 ], [ 26.60275600118171, -26.980484000135654 ], [ 26.590687001297042, -26.98286200008031 ], [ 26.540514002411417, -26.993861000983305 ], [ 26.537005000672206, -27.001006999572343 ], [ 26.529530003099023, -27.016939995982902 ], [ 26.525181002193211, -27.02620899714638 ], [ 26.523587003329247, -27.029606989270054 ], [ 26.517869995995085, -27.041788003312629 ], [ 26.515667001422489, -27.046479999351341 ], [ 26.473210999578544, -27.045891997416504 ], [ 26.467941996716242, -27.041777996555972 ], [ 26.466720996167457, -27.040825000272303 ], [ 26.462893999548829, -27.04317799996339 ], [ 26.453301999677681, -27.04907499941033 ], [ 26.449474995864453, -27.051427000854051 ], [ 26.430807999279327, -27.062895000002786 ], [ 26.426578002962003, -27.065492999301032 ], [ 26.422985002745097, -27.067700000353334 ], [ 26.409435997562227, -27.076020999168243 ], [ 26.403799997560714, -27.079479003951363 ], [ 26.405070001268452, -27.081958996009394 ], [ 26.349109999913942, -27.10650000267119 ], [ 26.343870001986243, -27.099709997116907 ], [ 26.33953000059622, -27.094069998729641 ], [ 26.334709999553802, -27.08781000142864 ], [ 26.321627997920469, -27.070813995567573 ], [ 26.333324997737471, -27.066004997730616 ], [ 26.339214001312307, -27.063583000253491 ], [ 26.343839998804178, -27.061679998831114 ], [ 26.384379003077026, -27.044995996566392 ], [ 26.385843997790783, -27.044393997583295 ], [ 26.394669000962384, -27.032811989580079 ], [ 26.400819003083452, -27.024740994199991 ], [ 26.406899001077136, -27.016758001978697 ], [ 26.409070996018787, -27.013906001759079 ], [ 26.417768998729734, -27.002482999289494 ], [ 26.434939002722626, -26.994115998353195 ], [ 26.442300996883496, -26.990562999081813 ], [ 26.461972002896129, -26.98102699909542 ], [ 26.462193743337078, -26.980923639113342 ], [ 26.463500323371758, -26.981775696389985 ], [ 26.466269698378468, -26.983601789589581 ], [ 26.470456707102016, -26.986362656110423 ], [ 26.472431226210809, -26.987638500015443 ], [ 26.475195553322877, -26.990099054126759 ], [ 26.482212690753961, -26.997025060556851 ], [ 26.482789857656687, -26.996204876152898 ], [ 26.482933039618977, -26.996098783131153 ], [ 26.487832475978994, -26.992468478136509 ], [ 26.490788082595039, -26.99507407760542 ], [ 26.492449813898919, -26.996539024655046 ], [ 26.507273896764382, -26.993744321142394 ], [ 26.52146987962298, -26.986611001195623 ], [ 26.521229999856345, -26.98641600209573 ], [ 26.524799999911814, -26.984297997953089 ], [ 26.534617000266326, -26.982325999644125 ], [ 26.533676000039332, -26.981188002922909 ], [ 26.532429000090264, -26.95894399786615 ], [ 26.531708000116151, -26.945817003151085 ], [ 26.53110100000314, -26.934786998120334 ], [ 26.530543000351148, -26.925514000369688 ], [ 26.528389002642303, -26.917151998764584 ], [ 26.533771999969936, -26.91697400224734 ], [ 26.538074999653698, -26.916888998327536 ], [ 26.540053997386266, -26.916811989380772 ], [ 26.54206400284367, -26.916770000933752 ], [ 26.544935002140956, -26.916755000242041 ], [ 26.548032151255164, -26.916670227448023 ], [ 26.547962421420991, -26.916216979029315 ], [ 26.547578902836459, -26.909418249151837 ], [ 26.554098709780153, -26.909174192933595 ], [ 26.567452113317088, -26.908476885598738 ], [ 26.575052744381487, -26.908128233730046 ], [ 26.578596156879989, -26.907871357676036 ], [ 26.578668760947462, -26.907731736129801 ], [ 26.578822848988192, -26.907604839990423 ], [ 26.579040385098565, -26.907496072384923 ], [ 26.57924885694209, -26.907369176245556 ], [ 26.579412010149127, -26.907278536274465 ], [ 26.57940294588219, -26.907106319699956 ], [ 26.579248856942087, -26.907033808262657 ], [ 26.579085704634512, -26.906925039757787 ], [ 26.578886297057924, -26.906888783589498 ], [ 26.578831913255129, -26.906734696448133 ], [ 26.578840976622697, -26.906571543241192 ], [ 26.578922553226128, -26.906453711368751 ], [ 26.579085704634512, -26.906399326666598 ], [ 26.579212600773889, -26.906444647101825 ], [ 26.579393881615253, -26.90665311984462 ], [ 26.579538906288416, -26.906716567914255 ], [ 26.579620481992563, -26.906634991310835 ], [ 26.579702057696714, -26.906426518568033 ], [ 26.579692994329147, -26.906236175258307 ], [ 26.579538906288416, -26.906091150585141 ], [ 26.579321369278674, -26.905946126811351 ], [ 26.579212600773889, -26.905755782602323 ], [ 26.57914008933659, -26.905601694561607 ], [ 26.579239792675246, -26.905338838016007 ], [ 26.579339496913178, -26.905130366172489 ], [ 26.57943013778355, -26.904976278131763 ], [ 26.579756442398793, -26.904713421586163 ], [ 26.580001170410608, -26.904595589713733 ], [ 26.580499689801805, -26.904523078276526 ], [ 26.581034467159945, -26.904486822108233 ], [ 26.581360770875822, -26.904486822108236 ], [ 26.58197712393811, -26.904495886375081 ], [ 26.582376717004841, -26.904520104218463 ], [ 26.582621997200377, -26.904099002965655 ], [ 26.583086786618896, -26.90331616920491 ], [ 26.583784545413472, -26.903708823102757 ], [ 26.583909239113105, -26.903724742002282 ], [ 26.5839026488811, -26.90424365172219 ], [ 26.583949993690243, -26.904248999990418 ], [ 26.58597899822524, -26.904317000428247 ] ] ] } },
{ "type": "Feature", "properties": { "Municipali": "City of Matlosana Local Municipality", "WardNo": "13", "WardLabel": "NW403_13", "Province": "North West", "CLASSIFICATION": "Service centre", "PopGBlack": 11868.613718000001, "PopGColour": 176.29798886, "PopGIndian": 24.702287715000001, "PopGWhite": 51.678754298999998, "PopGOther": 9.5936106, "PopGTotal": 12130.886359 }, "geometry": { "type": "Polygon", "coordinates": [ [ [ 26.598738999398563, -26.896728000296047 ], [ 26.60078300372599, -26.896768997690156 ], [ 26.600935004440231, -26.896762998312809 ], [ 26.602682996916091, -26.896821997436351 ], [ 26.603324995945151, -26.896821997436348 ], [ 26.603323998596991, -26.896851003270267 ], [ 26.603264998574161, -26.898714002848077 ], [ 26.605973002945085, -26.898802997059722 ], [ 26.606004002576036, -26.898804003401132 ], [ 26.609002002333956, -26.89889200026472 ], [ 26.609031997422235, -26.898897992447463 ], [ 26.609248996637369, -26.898904000818156 ], [ 26.609674956027803, -26.898916801768141 ], [ 26.611544999995242, -26.89897299860413 ], [ 26.611575003177315, -26.898973995952296 ], [ 26.612198999577654, -26.898993003123689 ], [ 26.612627000429221, -26.899006009119173 ], [ 26.612804996946572, -26.899011994107411 ], [ 26.612837002019564, -26.899011994107415 ], [ 26.613442001140953, -26.899028001140447 ], [ 26.613482002086265, -26.899030003930644 ], [ 26.616411003158838, -26.899120010779022 ], [ 26.617177999858335, -26.899134997081536 ], [ 26.617187997621574, -26.899158999087696 ], [ 26.617166995753774, -26.89979600328207 ], [ 26.616279997117708, -26.899781999039146 ], [ 26.614465998000892, -26.899756002336758 ], [ 26.612880003103147, -26.899732000330669 ], [ 26.612698998353554, -26.899746003674224 ], [ 26.612593997108789, -26.89976099717142 ], [ 26.612593997108789, -26.899868001206475 ], [ 26.612694002619683, -26.900475999566847 ], [ 26.612440999945669, -26.900512003025643 ], [ 26.611395002970486, -26.900438999659265 ], [ 26.61008599656488, -26.900392998437223 ], [ 26.610053999585855, -26.90089199896568 ], [ 26.610014995988703, -26.901561000139161 ], [ 26.609316997974553, -26.90154699589624 ], [ 26.60890399871397, -26.901535003436766 ], [ 26.608156001991357, -26.901499998225511 ], [ 26.608162999616148, -26.900931001663455 ], [ 26.607850996919396, -26.900919001110104 ], [ 26.606759996070341, -26.900885997789672 ], [ 26.606612999183941, -26.900890004269442 ], [ 26.60631899821654, -26.90113999871112 ], [ 26.606101998102126, -26.901326995643455 ], [ 26.606044004420625, -26.901418998986713 ], [ 26.606035003106264, -26.901620996610763 ], [ 26.605496998980652, -26.901608996057412 ], [ 26.60549099870402, -26.901868997255498 ], [ 26.604768000436263, -26.901840000414744 ], [ 26.604561996332439, -26.901886001636772 ], [ 26.603837999817152, -26.901864999769064 ], [ 26.60381300136229, -26.902180002604169 ], [ 26.60380099990957, -26.902435000873687 ], [ 26.603819998987081, -26.902466001403923 ], [ 26.603906001154336, -26.902596999351161 ], [ 26.603556997650724, -26.902777996006776 ], [ 26.60365800140897, -26.902934990656419 ], [ 26.60359299301555, -26.903045992177905 ], [ 26.603336000049701, -26.903185001285859 ], [ 26.603388001548364, -26.903240002922882 ], [ 26.604150003413274, -26.90421599667004 ], [ 26.603471002677974, -26.904657002617711 ], [ 26.60318499668362, -26.904326998191522 ], [ 26.603091996891482, -26.904245999852108 ], [ 26.6020480027065, -26.904927999826466 ], [ 26.602381998323885, -26.905284998303117 ], [ 26.602784998022575, -26.905035002962066 ], [ 26.60338599875816, -26.905680003028845 ], [ 26.603612996635814, -26.90592599998401 ], [ 26.603788001108683, -26.905804999800004 ], [ 26.604169999838941, -26.905557998302083 ], [ 26.604334997555409, -26.90574200318995 ], [ 26.604304995272621, -26.905870000998831 ], [ 26.604240003067044, -26.90617699267322 ], [ 26.604957001058079, -26.906304997676617 ], [ 26.605416997989387, -26.906803000856918 ], [ 26.605666993330441, -26.90706199661296 ], [ 26.605714997342673, -26.907076000855877 ], [ 26.605872997434261, -26.907252001777621 ], [ 26.60486199757646, -26.907954996425001 ], [ 26.605503000156727, -26.908734001771812 ], [ 26.605530999649318, -26.908768002440492 ], [ 26.605549001378673, -26.908790001656367 ], [ 26.606079000638712, -26.909403003844673 ], [ 26.606144001837627, -26.909465004005853 ], [ 26.606076998747884, -26.909524011223279 ], [ 26.604535002281875, -26.909178998011409 ], [ 26.60437899598724, -26.909143999994651 ], [ 26.604681009014715, -26.909503002160957 ], [ 26.604823057831251, -26.909692981245247 ], [ 26.599957856862854, -26.908561538783108 ], [ 26.599892525612844, -26.908546528198777 ], [ 26.596289995280248, -26.907718793086946 ], [ 26.594480006240506, -26.907297419339567 ], [ 26.593603690650976, -26.907133123094258 ], [ 26.59360369065098, -26.903853979976237 ], [ 26.593553585822516, -26.903776038432525 ], [ 26.593631003960823, -26.900144997792452 ], [ 26.594185910844296, -26.900118767266346 ], [ 26.594043507694934, -26.898331211815044 ], [ 26.595117998789807, -26.898264404777546 ], [ 26.595168103618363, -26.896588645848411 ], [ 26.597879999355715, -26.896694996975615 ], [ 26.59791099898667, -26.896699999904175 ], [ 26.598738999398563, -26.896728000296047 ] ] ] } },
{ "type": "Feature", "properties": { "Municipali": "City of Matlosana Local Municipality", "WardNo": "14", "WardLabel": "NW403_14", "Province": "North West", "CLASSIFICATION": "Service centre", "PopGBlack": 10973.753875, "PopGColour": 127.15187563000001, "PopGIndian": 1.803659103, "PopGWhite": 23.413116582000001, "PopGOther": 12.2886999, "PopGTotal": 11138.411226 }, "geometry": { "type": "Polygon", "coordinates": [ [ [ 26.61360900164761, -26.906223001989076 ], [ 26.614173999823681, -26.909664999739089 ], [ 26.614461003166287, -26.911413997656965 ], [ 26.614884278080432, -26.914041875131616 ], [ 26.612705612867273, -26.915043826910221 ], [ 26.610175291150185, -26.916163629447048 ], [ 26.609498866073245, -26.916479294183262 ], [ 26.60913600131882, -26.916758000380575 ], [ 26.608755008030602, -26.917052001347887 ], [ 26.607458003077813, -26.918048006809187 ], [ 26.606851001166131, -26.918161993180551 ], [ 26.606799997015628, -26.918171000790142 ], [ 26.605013998290683, -26.918506998298447 ], [ 26.604681009014705, -26.918482996292369 ], [ 26.600765001996514, -26.919219998803023 ], [ 26.600220997594267, -26.918819999242615 ], [ 26.599621002300633, -26.918264000582251 ], [ 26.598676000989904, -26.917415998348758 ], [ 26.598610011436083, -26.9173069987181 ], [ 26.598589002373771, -26.916742001441314 ], [ 26.598707998868303, -26.915257001308674 ], [ 26.598903997115006, -26.913859998039605 ], [ 26.599220005392159, -26.912315998783431 ], [ 26.599334997205563, -26.91161199869391 ], [ 26.599349997897367, -26.911521999939417 ], [ 26.599829999348319, -26.909072002070314 ], [ 26.599873000431906, -26.908852999165699 ], [ 26.599892525612844, -26.908546528198777 ], [ 26.599957856862854, -26.908561538783108 ], [ 26.604823057831251, -26.909692981245247 ], [ 26.604681009014715, -26.909503002160957 ], [ 26.60437899598724, -26.909143999994651 ], [ 26.604535002281875, -26.909178998011409 ], [ 26.606076998747884, -26.909524011223279 ], [ 26.606144001837627, -26.909465004005853 ], [ 26.606079000638712, -26.909403003844673 ], [ 26.605549001378673, -26.908790001656367 ], [ 26.605530999649318, -26.908768002440492 ], [ 26.605503000156727, -26.908734001771812 ], [ 26.60486199757646, -26.907954996425001 ], [ 26.605872997434261, -26.907252001777621 ], [ 26.606535990237155, -26.906790002955326 ], [ 26.606739999644663, -26.906554003763393 ], [ 26.607137997314155, -26.906561998736347 ], [ 26.607403997889595, -26.906571997398867 ], [ 26.607654997773317, -26.906580997813855 ], [ 26.607781000885886, -26.906586000742426 ], [ 26.607906995904575, -26.906589991034338 ], [ 26.608032999017144, -26.906595002056783 ], [ 26.6081579957883, -26.906599996891458 ], [ 26.60828399890087, -26.906604003371143 ], [ 26.608410002013436, -26.906608998205822 ], [ 26.608535988938151, -26.90661400113439 ], [ 26.608661001897161, -26.906617997721533 ], [ 26.608786996915846, -26.906623002448747 ], [ 26.608913000028327, -26.906627997283337 ], [ 26.609290003024622, -26.906642000626892 ], [ 26.609415998043307, -26.906647003555452 ], [ 26.609541011002314, -26.906651001041972 ], [ 26.609666997927032, -26.906655995876651 ], [ 26.609793001039598, -26.906661006899085 ], [ 26.610042988286779, -26.906670000119487 ], [ 26.61024399665655, -26.906676997744366 ], [ 26.610329002375014, -26.906587006184555 ], [ 26.610403003089552, -26.904977001186797 ], [ 26.61178199743469, -26.905017998580902 ], [ 26.613418995583661, -26.905094002984917 ], [ 26.613454999042457, -26.905101998857326 ], [ 26.613590999918259, -26.906089003903553 ], [ 26.61360900164761, -26.906223001989076 ] ] ] } },
{ "type": "Feature", "properties": { "Municipali": "City of Matlosana Local Municipality", "WardNo": "15", "WardLabel": "NW403_15", "Province": "North West", "CLASSIFICATION": "Service centre", "PopGBlack": 6767.5374935999998, "PopGColour": 366.62294945000002, "PopGIndian": 2.901538557, "PopGWhite": 6412.4773684000002, "PopGOther": 32.2094919, "PopGTotal": 13581.748842000001 }, "geometry": { "type": "Polygon", "coordinates": [ [ [ 26.611559039311796, -26.84076220101387 ], [ 26.611559039311796, -26.841330434950667 ], [ 26.611596920555002, -26.841709257275557 ], [ 26.611710567881929, -26.842201726927275 ], [ 26.611937860737314, -26.842429019782475 ], [ 26.612165155391171, -26.842694195679726 ], [ 26.612543977715976, -26.842959371576882 ], [ 26.612884917898203, -26.843186666230828 ], [ 26.613150093795358, -26.843641252840687 ], [ 26.613453151835088, -26.844020076064773 ], [ 26.613831975059178, -26.84417160463499 ], [ 26.614097150057049, -26.844398898389571 ], [ 26.614589619708781, -26.844664074286719 ], [ 26.615082089360516, -26.845005013569661 ], [ 26.615536676869755, -26.845308073408038 ], [ 26.61595338133705, -26.845535366263245 ], [ 26.616370085804434, -26.845800542160397 ], [ 26.616862556355532, -26.846179365384568 ], [ 26.617506553678126, -26.84625512877027 ], [ 26.61822631708452, -26.846482423424217 ], [ 26.618718786736256, -26.846558186810007 ], [ 26.619211256388077, -26.846823362707156 ], [ 26.619779490324877, -26.846861244849741 ], [ 26.620537135873857, -26.847088538604307 ], [ 26.620953841240517, -26.847202185931238 ], [ 26.621370545707812, -26.847391596643956 ], [ 26.621863015359633, -26.84724006807382 ], [ 26.62209030911421, -26.846861244849748 ], [ 26.622431249296437, -26.846558186810011 ], [ 26.622620660009154, -26.846027835914992 ], [ 26.622620660009154, -26.845686894833495 ], [ 26.622772188579383, -26.845383836793761 ], [ 26.62288583590631, -26.845042896611542 ], [ 26.623151011803468, -26.844777720714394 ], [ 26.623491951985692, -26.844701956429322 ], [ 26.623628448387965, -26.844719018367144 ], [ 26.620738489583289, -26.853414691833756 ], [ 26.621938680719204, -26.853447271573465 ], [ 26.622687995848096, -26.851155248615015 ], [ 26.62383400822662, -26.851243403759177 ], [ 26.62383400822662, -26.850714474692417 ], [ 26.624318858822033, -26.850890784980919 ], [ 26.62499832270818, -26.850071216612456 ], [ 26.626085448378578, -26.844361016247024 ], [ 26.62640888685441, -26.844361016247024 ], [ 26.626863474363649, -26.844436779632812 ], [ 26.627393826157959, -26.844891368041324 ], [ 26.627393826157959, -26.845497484120784 ], [ 26.627621119013256, -26.846065718057581 ], [ 26.627734766340183, -26.846633951994374 ], [ 26.62792417795227, -26.846974892176686 ], [ 26.628378764562143, -26.847277950216412 ], [ 26.628946999398313, -26.847505243970993 ], [ 26.629401586008186, -26.847808302010634 ], [ 26.629780409232357, -26.848111360050357 ], [ 26.63023499584223, -26.848414418090091 ], [ 26.630500171739385, -26.848755359171687 ], [ 26.630992641391117, -26.84886900559933 ], [ 26.631750286040727, -26.848831122557467 ], [ 26.632470048547752, -26.848831122557474 ], [ 26.633303459281084, -26.848831122557478 ], [ 26.633833811075391, -26.848869005599337 ], [ 26.634212634299569, -26.848490183274542 ], [ 26.634818750378948, -26.848187125234809 ], [ 26.635235454846331, -26.847959830580869 ], [ 26.635614277171044, -26.847618891297927 ], [ 26.635879453068203, -26.847391596643995 ], [ 26.636296158434867, -26.847240068073852 ], [ 26.636712862902247, -26.84750524397101 ], [ 26.637015920941984, -26.847846184153234 ], [ 26.637659920063225, -26.84795983058088 ], [ 26.638190271857532, -26.847732537725669 ], [ 26.638720622752476, -26.847505243971014 ], [ 26.639288856689369, -26.847240068073862 ], [ 26.639705562056029, -26.846899127891646 ], [ 26.640122267422694, -26.846785480564634 ], [ 26.640425324563147, -26.846671834136981 ], [ 26.640917795114159, -26.846558186810061 ], [ 26.641486029050963, -26.846482423424277 ], [ 26.641902734417712, -26.846444541281699 ], [ 26.642273998839947, -26.84631700032843 ], [ 26.642468002390419, -26.846292000074921 ], [ 26.642729000936665, -26.84627300099741 ], [ 26.642909000244217, -26.84626900261161 ], [ 26.643100992910519, -26.84628899993665 ], [ 26.643200001073257, -26.846301001389278 ], [ 26.643306997014342, -26.846368003579649 ], [ 26.643371997313881, -26.846499002426178 ], [ 26.643358999412374, -26.846580000765595 ], [ 26.64326699606903, -26.846661997352449 ], [ 26.642939003426285, -26.846745996729499 ], [ 26.642722999760664, -26.84681299981925 ], [ 26.642642001421251, -26.846825997720845 ], [ 26.642539002966682, -26.846869997051957 ], [ 26.64234799955457, -26.846952000833326 ], [ 26.642697003058274, -26.847106003438483 ], [ 26.64279199754673, -26.847135001178508 ], [ 26.64310700128112, -26.847218999656285 ], [ 26.643292004416509, -26.847290990386114 ], [ 26.643435002917109, -26.847349997603533 ], [ 26.64359600314706, -26.847444002837619 ], [ 26.643798001670479, -26.847603997625523 ], [ 26.643885002085263, -26.847649999746935 ], [ 26.643931999755999, -26.847795001037635 ], [ 26.643925002131205, -26.847984999007696 ], [ 26.643891998810773, -26.848093997738985 ], [ 26.643897002638617, -26.848222003641755 ], [ 26.643920996550804, -26.848346003964117 ], [ 26.643990999778907, -26.848647002556302 ], [ 26.644010996204582, -26.848821001587122 ], [ 26.644022996757933, -26.848945001909495 ], [ 26.644074001807809, -26.849020998219721 ], [ 26.644157993090982, -26.849228997019772 ], [ 26.644226001622762, -26.849401001354373 ], [ 26.644263002429625, -26.849509001838118 ], [ 26.644322998901327, -26.849718997133238 ], [ 26.644342996226367, -26.849968998769516 ], [ 26.644394996825667, -26.850101003058079 ], [ 26.644478997102087, -26.850305004371616 ], [ 26.64450100441184, -26.850393998583346 ], [ 26.644450101884757, -26.850550998628851 ], [ 26.644847583343353, -26.851031673671994 ], [ 26.645343479412102, -26.85214014475109 ], [ 26.646174831597254, -26.852271411595598 ], [ 26.646670727666088, -26.852883988404614 ], [ 26.648216753994138, -26.852898572710117 ], [ 26.648260508709633, -26.852475603565516 ], [ 26.648931426338386, -26.852213070775782 ], [ 26.649544003147316, -26.852183901265246 ], [ 26.650389942336165, -26.852198485570835 ], [ 26.651337977060145, -26.852271411595609 ], [ 26.652650641008456, -26.852461019259852 ], [ 26.653423654172524, -26.852577700000122 ], [ 26.655421820055178, -26.852592285204995 ], [ 26.655640597230043, -26.852986083939864 ], [ 26.655334308825534, -26.853306958448602 ], [ 26.656063566374648, -26.85359866074878 ], [ 26.656501120724378, -26.853875778743472 ], [ 26.656661557978801, -26.854911324697081 ], [ 26.657172038353135, -26.855378050356006 ], [ 26.658047147052429, -26.855801018601404 ], [ 26.658645138656496, -26.855946870650779 ], [ 26.658645138656492, -26.856369839795477 ], [ 26.65781378467269, -26.856865734964938 ], [ 26.656894920358532, -26.857157438164485 ], [ 26.657332474708177, -26.857901280918629 ], [ 26.657274133888354, -26.858513856828271 ], [ 26.656778238718978, -26.858995167692058 ], [ 26.65685116474366, -26.859768180856108 ], [ 26.657026187203034, -26.860526608815217 ], [ 26.656851164743657, -26.861110015214226 ], [ 26.657274133888354, -26.861416302719455 ], [ 26.657784615162058, -26.860818312014768 ], [ 26.658134658282066, -26.860132810080355 ], [ 26.658703478576939, -26.860584948735578 ], [ 26.659330640590827, -26.861503813949103 ], [ 26.659826535760288, -26.861955954403069 ], [ 26.661182955323472, -26.860832897219726 ], [ 26.662725729702942, -26.860858609736301 ], [ 26.662998996800606, -26.861407002830163 ], [ 26.663087812946511, -26.861675934296152 ], [ 26.660713879736022, -26.862594875951981 ], [ 26.658435671263451, -26.8636861187187 ], [ 26.65745929530442, -26.864069011374944 ], [ 26.656463774577748, -26.864298746789018 ], [ 26.654951349619303, -26.864413613596632 ], [ 26.653713395051359, -26.864452708025297 ], [ 26.653132611974609, -26.864471047899805 ], [ 26.651237295259097, -26.86450933743517 ], [ 26.648009997157757, -26.86460000438591 ], [ 26.645271997698554, -26.864638000742275 ], [ 26.644790999798818, -26.864707996775859 ], [ 26.643117997291771, -26.865050001755399 ], [ 26.640869997946044, -26.865507995896486 ], [ 26.641026992595599, -26.864579001618814 ], [ 26.640863996770044, -26.864574996038414 ], [ 26.640689001290337, -26.864572003993931 ], [ 26.637856996597051, -26.864663009089828 ], [ 26.636728005686848, -26.864700008997399 ], [ 26.636129989801052, -26.864719998228569 ], [ 26.63460099933053, -26.864769996936932 ], [ 26.634582990406578, -26.864591992325792 ], [ 26.63396200043983, -26.864607999358824 ], [ 26.633989002584261, -26.865313003991094 ], [ 26.634091904811442, -26.866999723857276 ], [ 26.618466797598305, -26.870297860656816 ], [ 26.601285679783611, -26.874010523765808 ], [ 26.600692659631864, -26.873618528171594 ], [ 26.599989075928463, -26.873156172318613 ], [ 26.599466414236929, -26.872804380916563 ], [ 26.598982003410008, -26.872342000781849 ], [ 26.598672368628186, -26.872020387030307 ], [ 26.598411038232101, -26.871598237168037 ], [ 26.598121998824489, -26.870950998688688 ], [ 26.597838003714212, -26.870380996684688 ], [ 26.596404062590665, -26.867443666990727 ], [ 26.596213435095272, -26.867078295825756 ], [ 26.595856305317518, -26.866393796635545 ], [ 26.595171607377029, -26.86561780671548 ], [ 26.594794337282128, -26.865281543907216 ], [ 26.59412173702183, -26.864682053133301 ], [ 26.592341522736302, -26.863312657252429 ], [ 26.589876611409661, -26.861463973082941 ], [ 26.585947679335074, -26.85847272633432 ], [ 26.579929696791041, -26.853902510191705 ], [ 26.570525729871402, -26.846760887703812 ], [ 26.570920866797437, -26.846286723752332 ], [ 26.57258043972837, -26.843231001008874 ], [ 26.573296364828298, -26.841271627382685 ], [ 26.593781998333831, -26.841753001199098 ], [ 26.601744405073688, -26.841915254184748 ], [ 26.606982997360927, -26.842022002812303 ], [ 26.607002003633042, -26.841685998109398 ], [ 26.607391989242451, -26.841747140317317 ], [ 26.60769504818138, -26.841860785845686 ], [ 26.60833904640343, -26.8415956108479 ], [ 26.608679985686287, -26.841330434950667 ], [ 26.608945161583442, -26.841027376911022 ], [ 26.60913457409481, -26.84076220101387 ], [ 26.609551278562193, -26.840724317972015 ], [ 26.610119513398367, -26.84076220101387 ], [ 26.610611982150818, -26.84076220101387 ], [ 26.610915040190466, -26.840724317972018 ], [ 26.611293863414637, -26.840648553686862 ], [ 26.611559039311796, -26.84076220101387 ] ] ] } },
{ "type": "Feature", "properties": { "Municipali": "City of Matlosana Local Municipality", "WardNo": "16", "WardLabel": "NW403_16", "Province": "North West", "CLASSIFICATION": "Service centre", "PopGBlack": 1436.0100965, "PopGColour": 111.18486618, "PopGIndian": 11.374994542, "PopGWhite": 7157.570906599999, "PopGOther": 33.7478919, "PopGTotal": 8749.8887556999998 }, "geometry": { "type": "Polygon", "coordinates": [ [ [ 26.66531699937439, -26.827313997242445 ], [ 26.663220590652099, -26.830990880823773 ], [ 26.661915999917788, -26.833278996227939 ], [ 26.660988002988248, -26.834884995645311 ], [ 26.65818999896355, -26.839787001368236 ], [ 26.657773999564704, -26.840506003048837 ], [ 26.657067684620205, -26.841746392980937 ], [ 26.656187000124195, -26.843293002968924 ], [ 26.656116388114445, -26.843416354914023 ], [ 26.656592621346675, -26.843555256968767 ], [ 26.658199877116864, -26.844147403878861 ], [ 26.659863527574014, -26.844852341061891 ], [ 26.661527178930445, -26.845529080002336 ], [ 26.662316709043214, -26.845980240195193 ], [ 26.662937053296698, -26.84657238710518 ], [ 26.66323100570072, -26.847249001939122 ], [ 26.663383914730161, -26.847873219572708 ], [ 26.663521445352785, -26.848740717309457 ], [ 26.663743609374364, -26.850105440313051 ], [ 26.663859980747883, -26.850803670352345 ], [ 26.663955193771482, -26.851374949393666 ], [ 26.664314889315055, -26.853131105915015 ], [ 26.664630236590458, -26.854698288794228 ], [ 26.664546977355489, -26.854727110267163 ], [ 26.660967001120511, -26.85585300031493 ], [ 26.661032001420054, -26.856050003104389 ], [ 26.660498002874753, -26.85622899696989 ], [ 26.660989996785258, -26.857349002753484 ], [ 26.661116998145271, -26.857607999408891 ], [ 26.661624999088716, -26.85864000023502 ], [ 26.661968002315696, -26.859337998249249 ], [ 26.662725729702942, -26.860858609736301 ], [ 26.661182955323472, -26.860832897219726 ], [ 26.659826535760288, -26.861955954403069 ], [ 26.659330640590827, -26.861503813949103 ], [ 26.658703478576939, -26.860584948735578 ], [ 26.658134658282066, -26.860132810080355 ], [ 26.657784615162058, -26.860818312014768 ], [ 26.657274133888354, -26.861416302719455 ], [ 26.656851164743657, -26.861110015214226 ], [ 26.657026187203034, -26.860526608815217 ], [ 26.65685116474366, -26.859768180856108 ], [ 26.656778238718978, -26.858995167692058 ], [ 26.657274133888354, -26.858513856828271 ], [ 26.657332474708177, -26.857901280918629 ], [ 26.656894920358532, -26.857157438164485 ], [ 26.65781378467269, -26.856865734964938 ], [ 26.658645138656492, -26.856369839795477 ], [ 26.658645138656496, -26.855946870650779 ], [ 26.658047147052429, -26.855801018601404 ], [ 26.657172038353135, -26.855378050356006 ], [ 26.656661557978801, -26.854911324697081 ], [ 26.656501120724378, -26.853875778743472 ], [ 26.656063566374648, -26.85359866074878 ], [ 26.655334308825534, -26.853306958448602 ], [ 26.655640597230043, -26.852986083939864 ], [ 26.655421820055178, -26.852592285204995 ], [ 26.653423654172524, -26.852577700000122 ], [ 26.652650641008456, -26.852461019259852 ], [ 26.651337977060145, -26.852271411595609 ], [ 26.650389942336165, -26.852198485570835 ], [ 26.649544003147316, -26.852183901265246 ], [ 26.648931426338386, -26.852213070775782 ], [ 26.648260508709633, -26.852475603565516 ], [ 26.648216753994138, -26.852898572710117 ], [ 26.646670727666088, -26.852883988404614 ], [ 26.646174831597254, -26.852271411595598 ], [ 26.645343479412102, -26.85214014475109 ], [ 26.644847583343353, -26.851031673671994 ], [ 26.644450101884757, -26.850550998628851 ], [ 26.64450100441184, -26.850393998583346 ], [ 26.644478997102087, -26.850305004371616 ], [ 26.644394996825667, -26.850101003058079 ], [ 26.644342996226367, -26.849968998769516 ], [ 26.644322998901327, -26.849718997133238 ], [ 26.644263002429625, -26.849509001838118 ], [ 26.644226001622762, -26.849401001354373 ], [ 26.644157993090982, -26.849228997019772 ], [ 26.644074001807809, -26.849020998219721 ], [ 26.644022996757933, -26.848945001909495 ], [ 26.644010996204582, -26.848821001587122 ], [ 26.643990999778907, -26.848647002556302 ], [ 26.643920996550804, -26.848346003964117 ], [ 26.643897002638617, -26.848222003641755 ], [ 26.643891998810773, -26.848093997738985 ], [ 26.643925002131205, -26.847984999007696 ], [ 26.643931999755999, -26.847795001037635 ], [ 26.643885002085263, -26.847649999746935 ], [ 26.643798001670479, -26.847603997625523 ], [ 26.64359600314706, -26.847444002837619 ], [ 26.643435002917109, -26.847349997603533 ], [ 26.643292004416509, -26.847290990386114 ], [ 26.64310700128112, -26.847218999656285 ], [ 26.64279199754673, -26.847135001178508 ], [ 26.642697003058274, -26.847106003438483 ], [ 26.64234799955457, -26.846952000833326 ], [ 26.642539002966682, -26.846869997051957 ], [ 26.642642001421251, -26.846825997720845 ], [ 26.642722999760664, -26.84681299981925 ], [ 26.642939003426285, -26.846745996729499 ], [ 26.64326699606903, -26.846661997352449 ], [ 26.643358999412374, -26.846580000765595 ], [ 26.643371997313881, -26.846499002426178 ], [ 26.643306997014342, -26.846368003579649 ], [ 26.643200001073257, -26.846301001389278 ], [ 26.643100992910519, -26.84628899993665 ], [ 26.642909000244217, -26.84626900261161 ], [ 26.642729000936665, -26.84627300099741 ], [ 26.642468002390419, -26.846292000074921 ], [ 26.642273998839947, -26.84631700032843 ], [ 26.642518999346326, -26.846140997608121 ], [ 26.643820000886354, -26.844862999826749 ], [ 26.648542000107312, -26.840157996893282 ], [ 26.649134989682185, -26.839568996711051 ], [ 26.649320008106066, -26.835893999907373 ], [ 26.649477002755617, -26.832771003378262 ], [ 26.648920001351144, -26.832645001165066 ], [ 26.648761003012027, -26.832610003148314 ], [ 26.641141999697531, -26.830886992939565 ], [ 26.641741995890452, -26.82706200001051 ], [ 26.649707001671004, -26.828863000326432 ], [ 26.649739632672112, -26.828333066716898 ], [ 26.649931996758376, -26.825208998195951 ], [ 26.649933002200505, -26.825173001931681 ], [ 26.650004002776683, -26.823827003712491 ], [ 26.650150999663083, -26.820988002293642 ], [ 26.650152005105127, -26.820951998834939 ], [ 26.650370999915868, -26.816062001759146 ], [ 26.654156998241167, -26.816654002079744 ], [ 26.657675996844041, -26.817185996935471 ], [ 26.657820999034207, -26.817207996151346 ], [ 26.657849995874958, -26.817212001731743 ], [ 26.661292999966349, -26.817746000276866 ], [ 26.661958002753948, -26.817850004173572 ], [ 26.665524999073828, -26.818388996654175 ], [ 26.665948642710095, -26.818454901671625 ], [ 26.665948642710095, -26.819515820198163 ], [ 26.666811070069222, -26.824685870655685 ], [ 26.666697995610452, -26.824883995799006 ], [ 26.665642000872023, -26.826745001579777 ], [ 26.66531699937439, -26.827313997242445 ] ] ] } },
{ "type": "Feature", "properties": { "Municipali": "City of Matlosana Local Municipality", "WardNo": "17", "WardLabel": "NW403_17", "Province": "North West", "CLASSIFICATION": "Service centre", "PopGBlack": 1271.8210417, "PopGColour": 68.596802385000004, "PopGIndian": 8.5872767240000023, "PopGWhite": 6772.9541511999996, "PopGOther": 36.6301099, "PopGTotal": 8158.589382 }, "geometry": { "type": "Polygon", "coordinates": [ [ [ 26.696587001583673, -26.814193998353694 ], [ 26.697610001994821, -26.817826998616361 ], [ 26.698993001021069, -26.822746998874234 ], [ 26.699024060906488, -26.822856928403798 ], [ 26.691757590035504, -26.827402947387437 ], [ 26.688144102363172, -26.829704274731771 ], [ 26.687655003370391, -26.830102002604622 ], [ 26.684348001054087, -26.832837999273575 ], [ 26.684270001953664, -26.832902998673752 ], [ 26.680227004367374, -26.836229000067597 ], [ 26.679168997845586, -26.837527002368521 ], [ 26.678702999738189, -26.83809899816956 ], [ 26.677848796679136, -26.839243237984277 ], [ 26.675212997975972, -26.842773997920872 ], [ 26.672497996879546, -26.846263999683121 ], [ 26.672475000315515, -26.846289996385504 ], [ 26.672378002137577, -26.846399003210671 ], [ 26.671339483924445, -26.847543925610935 ], [ 26.66889325511405, -26.848249567862492 ], [ 26.666305898392871, -26.848978732781511 ], [ 26.664141927202515, -26.850931010756792 ], [ 26.663903624846796, -26.851065535845013 ], [ 26.663859980747883, -26.850803670352345 ], [ 26.663743609374364, -26.850105440313051 ], [ 26.663521445352785, -26.848740717309457 ], [ 26.663383914730161, -26.847873219572708 ], [ 26.66323100570072, -26.847249001939122 ], [ 26.662937053296698, -26.84657238710518 ], [ 26.662316709043214, -26.845980240195193 ], [ 26.661527178930445, -26.845529080002336 ], [ 26.659863527574014, -26.844852341061891 ], [ 26.658199877116864, -26.844147403878861 ], [ 26.656592621346675, -26.843555256968767 ], [ 26.656116388055111, -26.843416354880095 ], [ 26.656187000124195, -26.843293002968924 ], [ 26.657067684620205, -26.841746392980937 ], [ 26.657773999564704, -26.840506003048837 ], [ 26.65818999896355, -26.839787001368236 ], [ 26.660988002988248, -26.834884995645311 ], [ 26.661915999917788, -26.833278996227939 ], [ 26.663220590652099, -26.830990880823773 ], [ 26.66531699937439, -26.827313997242445 ], [ 26.665642000872023, -26.826745001579777 ], [ 26.666697995610452, -26.824883995799006 ], [ 26.666811070069222, -26.824685870655685 ], [ 26.673117630668585, -26.813635697428776 ], [ 26.673929776932166, -26.813780381258844 ], [ 26.67590063400165, -26.8144599872379 ], [ 26.677225865975515, -26.814867749746107 ], [ 26.679876329023966, -26.815683276561256 ], [ 26.681507382654189, -26.815887159164323 ], [ 26.682017087812987, -26.815819198296637 ], [ 26.682458832104093, -26.815445414873317 ], [ 26.682896301917452, -26.8151605060518 ], [ 26.683258737695205, -26.814575295612677 ], [ 26.68392331330487, -26.8146227654276 ], [ 26.686261997587856, -26.806619001564997 ], [ 26.686292000769928, -26.80662600008916 ], [ 26.688394997925574, -26.807115999303257 ], [ 26.690167001400749, -26.807528000316207 ], [ 26.690262003982994, -26.807549998632794 ], [ 26.690291998171904, -26.807556997156954 ], [ 26.69503100087476, -26.8086590012112 ], [ 26.696587001583673, -26.814193998353694 ] ] ] } },
{ "type": "Feature", "properties": { "Municipali": "City of Matlosana Local Municipality", "WardNo": "18", "WardLabel": "NW403_18", "Province": "North West", "CLASSIFICATION": "Service centre", "PopGBlack": 3509.7699373699761, "PopGColour": 44.524837112000071, "PopGIndian": 4.3130978549999952, "PopGWhite": 2045.194561325995, "PopGOther": 1e-10, "PopGTotal": 5603.8024336630715 }, "geometry": { "type": "Polygon", "coordinates": [ [ [ 26.460583034171194, -26.494600179053649 ], [ 26.460583027875874, -26.494609299977853 ], [ 26.464553996061607, -26.494539998220993 ], [ 26.465399997303571, -26.494849998127538 ], [ 26.486190003657676, -26.5023500040481 ], [ 26.496220001244208, -26.50575999582589 ], [ 26.499649998440848, -26.50701000220857 ], [ 26.503369998219089, -26.508409990327525 ], [ 26.505260000840639, -26.509109999225842 ], [ 26.509919999001141, -26.510749999311813 ], [ 26.515019998566558, -26.512500002671743 ], [ 26.52099999914325, -26.514619997014066 ], [ 26.526790001749873, -26.516700004800267 ], [ 26.530379993734421, -26.518069997830946 ], [ 26.548689999936556, -26.509789997309426 ], [ 26.555699997649917, -26.506260001796569 ], [ 26.555969998409893, -26.506019997024161 ], [ 26.555999999793315, -26.506109996677935 ], [ 26.556409998016164, -26.505929997370391 ], [ 26.564840003656613, -26.50180999713255 ], [ 26.588759997869278, -26.506900006129388 ], [ 26.591310001249326, -26.507460001376987 ], [ 26.604931940550518, -26.510481556177979 ], [ 26.604969998960275, -26.510489998113925 ], [ 26.606110001169547, -26.510690001941114 ], [ 26.607840000909302, -26.511009999610909 ], [ 26.627030857981939, -26.515095036006247 ], [ 26.627880997004688, -26.515276000286338 ], [ 26.631115999598091, -26.515963999637975 ], [ 26.631190001211905, -26.515979998577215 ], [ 26.6316200039543, -26.516169997446561 ], [ 26.632480001345307, -26.516840004062082 ], [ 26.633540000764846, -26.517709999216226 ], [ 26.633660002701323, -26.517799997970712 ], [ 26.6388199996377, -26.52198000367337 ], [ 26.639279996569009, -26.522340003187743 ], [ 26.639399999404855, -26.522440000604675 ], [ 26.640540000714932, -26.52334999580485 ], [ 26.656459999224204, -26.536030003181331 ], [ 26.656680000376351, -26.536210003388064 ], [ 26.694669996818018, -26.558680001779884 ], [ 26.694669996818018, -26.558720002725288 ], [ 26.694680002675138, -26.559019996774712 ], [ 26.695030004426265, -26.569789996110707 ], [ 26.69540999856774, -26.579869999600131 ], [ 26.695620001057268, -26.585800002367534 ], [ 26.690949997039759, -26.588929997420706 ], [ 26.688430003137107, -26.590639999835393 ], [ 26.685920000702463, -26.592360009006477 ], [ 26.675899993684617, -26.599670001668489 ], [ 26.675280001066032, -26.600079999891321 ], [ 26.704759998970005, -26.61248000065083 ], [ 26.709739995699461, -26.612099998415562 ], [ 26.711440001250303, -26.611980002774231 ], [ 26.711930001363768, -26.611950001390721 ], [ 26.713780003040004, -26.611709987625158 ], [ 26.716490001207948, -26.611360002961067 ], [ 26.734910004388698, -26.608719999927413 ], [ 26.744550000177991, -26.607349998802793 ], [ 26.749010001705873, -26.606670001618731 ], [ 26.749680001126887, -26.606589999728108 ], [ 26.750430002438442, -26.606410001319922 ], [ 26.75046895927078, -26.606415596901702 ], [ 26.783010000307311, -26.611090003999958 ], [ 26.784839998363335, -26.625510000785404 ], [ 26.785780003940097, -26.632039997947075 ], [ 26.779379999283567, -26.638450000366674 ], [ 26.77761999726102, -26.644979998427612 ], [ 26.775979997175035, -26.651120000986715 ], [ 26.775619997660744, -26.650999999050143 ], [ 26.773459996077875, -26.654579999566792 ], [ 26.774732001676515, -26.658361003057276 ], [ 26.774887115843629, -26.658822305804211 ], [ 26.777230003557793, -26.665790000307712 ], [ 26.777309997354443, -26.666800001917974 ], [ 26.777839996614485, -26.67019999593257 ], [ 26.77822000064841, -26.671900000584028 ], [ 26.778210002885263, -26.6733799977881 ], [ 26.778430003138123, -26.674969999165594 ], [ 26.778610002445578, -26.676500003172105 ], [ 26.780040000041922, -26.686970001263994 ], [ 26.780330004422165, -26.689699995857591 ], [ 26.803049998155092, -26.689329991385492 ], [ 26.803229998361925, -26.689319999917576 ], [ 26.804360001908755, -26.689299996297308 ], [ 26.805929997867345, -26.68927000120912 ], [ 26.807299998991994, -26.68924999668948 ], [ 26.808989997786426, -26.689209995744168 ], [ 26.811959997152456, -26.689149999272566 ], [ 26.81083000080022, -26.691869996102909 ], [ 26.806199996828656, -26.703010008904279 ], [ 26.803489998660709, -26.709629997625747 ], [ 26.80085000282158, -26.716089998753901 ], [ 26.800420000978374, -26.717130004445696 ], [ 26.799490001258729, -26.719429996296796 ], [ 26.794960002797971, -26.730669999320501 ], [ 26.789390000444239, -26.744180000006477 ], [ 26.788949999938513, -26.74524000122457 ], [ 26.789499995624315, -26.745519997949035 ], [ 26.796510003230154, -26.749080002939316 ], [ 26.801859997237216, -26.751769998386255 ], [ 26.80624999643635, -26.753939997732253 ], [ 26.80582000178784, -26.754429997845623 ], [ 26.805089997801321, -26.755260000148429 ], [ 26.799869996299371, -26.760979998627551 ], [ 26.794260419278991, -26.767120085722837 ], [ 26.79434722184288, -26.767227293004641 ], [ 26.797511329080645, -26.767499562754065 ], [ 26.800787616851096, -26.767814658219343 ], [ 26.804323355434647, -26.768169562175085 ], [ 26.808121042248509, -26.768498210423616 ], [ 26.808252949410235, -26.768509621921059 ], [ 26.81337712365157, -26.768948670943974 ], [ 26.81995550883595, -26.769566554652275 ], [ 26.825478002703985, -26.770535159569533 ], [ 26.826195487228318, -26.77063472081527 ], [ 26.83478617383928, -26.771791507071935 ], [ 26.844123106192953, -26.772929606315866 ], [ 26.844127849217415, -26.772963502663107 ], [ 26.846824312588499, -26.792232744645055 ], [ 26.849725254813169, -26.812949174764249 ], [ 26.85014432899413, -26.815950288874273 ], [ 26.850222429717885, -26.816509534986622 ], [ 26.850220001548397, -26.816509998137477 ], [ 26.850081001433598, -26.816493999198322 ], [ 26.841549001881408, -26.815533996296423 ], [ 26.840449997965528, -26.815409995974147 ], [ 26.834429997342941, -26.814729998789979 ], [ 26.815880001656932, -26.812600000389178 ], [ 26.8152426773039, -26.820204715274897 ], [ 26.815076509569472, -26.822159874677993 ], [ 26.814801869207106, -26.825391384304456 ], [ 26.803082889060157, -26.828765863653185 ], [ 26.787567619645774, -26.833332414159074 ], [ 26.777554219047811, -26.836193386015466 ], [ 26.776435505589934, -26.833057321437654 ], [ 26.772345782827394, -26.834249391695533 ], [ 26.772261213280117, -26.834012227881434 ], [ 26.77150216388948, -26.831883589255714 ], [ 26.765366267634768, -26.834547008836843 ], [ 26.765346996062696, -26.833653997333531 ], [ 26.765330997123456, -26.832960004000416 ], [ 26.752188000771167, -26.833240998972386 ], [ 26.702291992176551, -26.834309999706097 ], [ 26.700855994303573, -26.829275998687656 ], [ 26.700812003066339, -26.829120001386272 ], [ 26.699095002127475, -26.823108002931285 ], [ 26.699024060906488, -26.822856928403798 ], [ 26.698993001021069, -26.822746998874234 ], [ 26.697610001994821, -26.817826998616361 ], [ 26.696587001583673, -26.814193998353694 ], [ 26.69503100087476, -26.8086590012112 ], [ 26.690291998171904, -26.807556997156954 ], [ 26.690262003982994, -26.807549998632794 ], [ 26.690167001400749, -26.807528000316207 ], [ 26.688394997925574, -26.807115999303257 ], [ 26.686292000769928, -26.80662600008916 ], [ 26.686261997587856, -26.806619001564997 ], [ 26.68392331330487, -26.8146227654276 ], [ 26.683258737695205, -26.814575295612677 ], [ 26.682896301917452, -26.8151605060518 ], [ 26.682458832104093, -26.815445414873317 ], [ 26.682017087812987, -26.815819198296637 ], [ 26.681507382654189, -26.815887159164323 ], [ 26.679876329023966, -26.815683276561256 ], [ 26.677225865975515, -26.814867749746107 ], [ 26.67590063400165, -26.8144599872379 ], [ 26.673929776932166, -26.813780381258844 ], [ 26.673117630668585, -26.813635697428776 ], [ 26.666811070069222, -26.824685870655685 ], [ 26.665948642710095, -26.819515820198163 ], [ 26.665948642710095, -26.818454901671625 ], [ 26.665524999073828, -26.818388996654175 ], [ 26.661958002753948, -26.817850004173572 ], [ 26.661292999966349, -26.817746000276866 ], [ 26.657849995874958, -26.817212001731743 ], [ 26.657820999034207, -26.817207996151346 ], [ 26.657675996844041, -26.817185996935471 ], [ 26.654156998241167, -26.816654002079744 ], [ 26.650370999915868, -26.816062001759146 ], [ 26.650152005105127, -26.820951998834939 ], [ 26.650150999663083, -26.820988002293642 ], [ 26.650004002776683, -26.823827003712491 ], [ 26.649933002200505, -26.825173001931681 ], [ 26.649931996758376, -26.825208998195951 ], [ 26.649739632672112, -26.828333066716898 ], [ 26.649707001671004, -26.828863000326432 ], [ 26.641741995890452, -26.82706200001051 ], [ 26.641141999697531, -26.830886992939565 ], [ 26.648761003012027, -26.832610003148314 ], [ 26.648920001351144, -26.832645001165066 ], [ 26.649477002755617, -26.832771003378262 ], [ 26.649320008106066, -26.835893999907373 ], [ 26.649134989682185, -26.839568996711051 ], [ 26.648542000107312, -26.840157996893282 ], [ 26.643820000886354, -26.844862999826749 ], [ 26.642518999346326, -26.846140997608121 ], [ 26.642273998839947, -26.84631700032843 ], [ 26.641902734417712, -26.846444541281699 ], [ 26.641486029050963, -26.846482423424277 ], [ 26.640917795114159, -26.846558186810061 ], [ 26.640425324563147, -26.846671834136981 ], [ 26.640122267422694, -26.846785480564634 ], [ 26.639705562056029, -26.846899127891646 ], [ 26.639288856689369, -26.847240068073862 ], [ 26.638720622752476, -26.847505243971014 ], [ 26.638190271857532, -26.847732537725669 ], [ 26.637659920063225, -26.84795983058088 ], [ 26.637015920941984, -26.847846184153234 ], [ 26.636712862902247, -26.84750524397101 ], [ 26.636296158434867, -26.847240068073852 ], [ 26.635879453068203, -26.847391596643995 ], [ 26.635614277171044, -26.847618891297927 ], [ 26.635235454846331, -26.847959830580869 ], [ 26.634818750378948, -26.848187125234809 ], [ 26.634212634299569, -26.848490183274542 ], [ 26.633833811075391, -26.848869005599337 ], [ 26.633303459281084, -26.848831122557478 ], [ 26.632470048547752, -26.848831122557474 ], [ 26.631750286040727, -26.848831122557467 ], [ 26.630992641391117, -26.84886900559933 ], [ 26.630500171739385, -26.848755359171687 ], [ 26.63023499584223, -26.848414418090091 ], [ 26.629780409232357, -26.848111360050357 ], [ 26.629401586008186, -26.847808302010634 ], [ 26.628946999398313, -26.847505243970993 ], [ 26.628378764562143, -26.847277950216412 ], [ 26.62792417795227, -26.846974892176686 ], [ 26.627734766340183, -26.846633951994374 ], [ 26.627621119013256, -26.846065718057581 ], [ 26.627393826157959, -26.845497484120784 ], [ 26.627393826157959, -26.844891368041324 ], [ 26.626863474363649, -26.844436779632812 ], [ 26.62640888685441, -26.844361016247024 ], [ 26.626085448378578, -26.844361016247024 ], [ 26.62499832270818, -26.850071216612456 ], [ 26.624318858822033, -26.850890784980919 ], [ 26.62383400822662, -26.850714474692417 ], [ 26.62383400822662, -26.851243403759177 ], [ 26.622687995848096, -26.851155248615015 ], [ 26.621938680719204, -26.853447271573465 ], [ 26.620738489583289, -26.853414691833756 ], [ 26.62362844838086, -26.844719018394581 ], [ 26.623491951985692, -26.844701956429322 ], [ 26.623151011803468, -26.844777720714394 ], [ 26.62288583590631, -26.845042896611542 ], [ 26.622772188579383, -26.845383836793761 ], [ 26.622620660009154, -26.845686894833495 ], [ 26.622620660009154, -26.846027835914992 ], [ 26.622431249296437, -26.846558186810011 ], [ 26.62209030911421, -26.846861244849748 ], [ 26.621863015359633, -26.84724006807382 ], [ 26.621370545707812, -26.847391596643956 ], [ 26.620953841240517, -26.847202185931238 ], [ 26.620537135873857, -26.847088538604307 ], [ 26.619779490324877, -26.846861244849741 ], [ 26.619211256388077, -26.846823362707156 ], [ 26.618718786736256, -26.846558186810007 ], [ 26.61822631708452, -26.846482423424217 ], [ 26.617506553678126, -26.84625512877027 ], [ 26.616862556355532, -26.846179365384568 ], [ 26.616370085804434, -26.845800542160397 ], [ 26.61595338133705, -26.845535366263245 ], [ 26.615536676869755, -26.845308073408038 ], [ 26.615082089360516, -26.845005013569661 ], [ 26.614589619708781, -26.844664074286719 ], [ 26.614097150057049, -26.844398898389571 ], [ 26.613831975059178, -26.84417160463499 ], [ 26.613453151835088, -26.844020076064773 ], [ 26.613150093795358, -26.843641252840687 ], [ 26.612884917898203, -26.843186666230828 ], [ 26.612543977715976, -26.842959371576882 ], [ 26.612165155391171, -26.842694195679726 ], [ 26.611937860737314, -26.842429019782475 ], [ 26.611710567881929, -26.842201726927275 ], [ 26.611596920555002, -26.841709257275557 ], [ 26.611559039311796, -26.841330434950667 ], [ 26.611559039311796, -26.84076220101387 ], [ 26.611293863414637, -26.840648553686862 ], [ 26.610915040190466, -26.840724317972018 ], [ 26.610611982150818, -26.84076220101387 ], [ 26.610119513398367, -26.84076220101387 ], [ 26.609551278562193, -26.840724317972015 ], [ 26.60913457409481, -26.84076220101387 ], [ 26.608945161583442, -26.841027376911022 ], [ 26.608679985686287, -26.841330434950667 ], [ 26.60833904640343, -26.8415956108479 ], [ 26.60769504818138, -26.841860785845686 ], [ 26.607391989242451, -26.841747140317317 ], [ 26.607002003633042, -26.841685998109398 ], [ 26.606982997360927, -26.842022002812303 ], [ 26.593781998333831, -26.841753001199098 ], [ 26.573296364828298, -26.841271627382685 ], [ 26.57258043972837, -26.843231001008874 ], [ 26.570920866797437, -26.846286723752332 ], [ 26.570525729871402, -26.846760887703812 ], [ 26.566047516172709, -26.843389055959136 ], [ 26.565324442361913, -26.84389124008764 ], [ 26.56528998393842, -26.843866179579486 ], [ 26.564947967267607, -26.843727235222755 ], [ 26.564434940912601, -26.843598979308418 ], [ 26.563579897886783, -26.843481410038009 ], [ 26.562521781647604, -26.843085952953327 ], [ 26.562072884149046, -26.842658431440462 ], [ 26.558319747051339, -26.842583331754341 ], [ 26.55768239571864, -26.842295006408339 ], [ 26.553143163918435, -26.841308217199412 ], [ 26.549820972052764, -26.840683250430562 ], [ 26.550051222778187, -26.842525257133829 ], [ 26.541137225394948, -26.843183116606472 ], [ 26.534295483641863, -26.843577832649768 ], [ 26.534337889374292, -26.844256309080272 ], [ 26.534361269948924, -26.844630408165759 ], [ 26.535216488342535, -26.858346781677522 ], [ 26.534817431271584, -26.858375981765018 ], [ 26.533867874894749, -26.85844546068834 ], [ 26.519822570746932, -26.85949803710357 ], [ 26.514296549737772, -26.859958538554569 ], [ 26.514463763383816, -26.86106359670649 ], [ 26.515053089120563, -26.864958271805627 ], [ 26.506961414729165, -26.864103055210638 ], [ 26.505349658751381, -26.863971482596668 ], [ 26.504362868643067, -26.864037268903651 ], [ 26.497093519941444, -26.865254308838054 ], [ 26.495712013789802, -26.865484559563566 ], [ 26.494330509436818, -26.865320095145034 ], [ 26.48762034029777, -26.864070161607444 ], [ 26.48442972104597, -26.863445194838608 ], [ 26.483081109396831, -26.863017586091431 ], [ 26.482291677310183, -26.862557083741137 ], [ 26.481140422783426, -26.861438722817535 ], [ 26.479857595642624, -26.860583505323284 ], [ 26.476864335311941, -26.859925645850595 ], [ 26.475285472037921, -26.859761181432066 ], [ 26.471502777821936, -26.860550611720043 ], [ 26.471244429577709, -26.860599820823765 ], [ 26.47079142397596, -26.86068610807612 ], [ 26.468739768216587, -26.861076900377302 ], [ 26.466897760614007, -26.861372937409783 ], [ 26.465318897340076, -26.861471616420609 ], [ 26.463246639911265, -26.861405830113625 ], [ 26.462199573642177, -26.861270799606402 ], [ 26.462118002434611, -26.861036998357449 ], [ 26.458796995875378, -26.853242998664069 ], [ 26.457642001068184, -26.850532003148082 ], [ 26.454688997090166, -26.843610001399124 ], [ 26.453137001961636, -26.840132998437749 ], [ 26.453212990177981, -26.840075002957686 ], [ 26.449637998885056, -26.831637998793209 ], [ 26.447777010191384, -26.827118007088902 ], [ 26.441787002858291, -26.813034997066019 ], [ 26.440353997029689, -26.81011999933704 ], [ 26.428110149154193, -26.811219316217009 ], [ 26.42800125924084, -26.810103198202544 ], [ 26.426943160088793, -26.804734325627148 ], [ 26.425649926892692, -26.798738430432749 ], [ 26.423925618062817, -26.790900659836105 ], [ 26.421966175188789, -26.783885855246545 ], [ 26.420386498927765, -26.778481245411665 ], [ 26.424486999165701, -26.780159002634342 ], [ 26.424842002046756, -26.780303996730542 ], [ 26.42628199920502, -26.77789900273531 ], [ 26.426207997591117, -26.776405002187584 ], [ 26.425087001653861, -26.776628999926867 ], [ 26.425909000889767, -26.772744998881116 ], [ 26.427403002336892, -26.77255539121688 ], [ 26.427815813639022, -26.772503000311755 ], [ 26.427838742753895, -26.770210101413547 ], [ 26.427637720894293, -26.769266864572643 ], [ 26.424618170682152, -26.760644775434507 ], [ 26.424217988559416, -26.759116810191202 ], [ 26.423999707810385, -26.756424679753689 ], [ 26.42363590686173, -26.754678433761178 ], [ 26.423090203640086, -26.753223229067274 ], [ 26.422942858715999, -26.752919870654029 ], [ 26.422990064130243, -26.752486462178961 ], [ 26.423112857562472, -26.75181792055913 ], [ 26.423467594244197, -26.75080828677153 ], [ 26.42376775466828, -26.750262538583737 ], [ 26.424177065809094, -26.749703146781254 ], [ 26.424518158876051, -26.749211973951912 ], [ 26.424777389355185, -26.748652582149443 ], [ 26.425050262549721, -26.747683879206154 ], [ 26.425336781157679, -26.74664695818911 ], [ 26.425541436278447, -26.745992061083314 ], [ 26.425855242115862, -26.744818702119908 ], [ 26.426032610007088, -26.744068298811438 ], [ 26.425964391033951, -26.743481619779423 ], [ 26.425732447784448, -26.74294951520648 ], [ 26.425418642846228, -26.742499273221448 ], [ 26.425077550678555, -26.741980813162471 ], [ 26.424818320199424, -26.741339558772168 ], [ 26.424668240437118, -26.74084838504346 ], [ 26.424613665078663, -26.740275349626206 ], [ 26.424627308693523, -26.739715957823641 ], [ 26.424627308693527, -26.739088347947398 ], [ 26.424750102125671, -26.73406746623904 ], [ 26.424750102125678, -26.732225566555154 ], [ 26.424844062393788, -26.728455571665819 ], [ 26.42583007908506, -26.71976922506817 ], [ 26.426111798011299, -26.71779718988688 ], [ 26.428691389086701, -26.709701033274573 ], [ 26.428261004132349, -26.709806996793947 ], [ 26.427892004202882, -26.709892001613127 ], [ 26.426596003792753, -26.710183999790232 ], [ 26.422884150973008, -26.697672751994389 ], [ 26.422351467236588, -26.697721176889328 ], [ 26.420672545391795, -26.697971305329954 ], [ 26.419504453757597, -26.697971305329947 ], [ 26.418309816834672, -26.698024400404229 ], [ 26.418027075379353, -26.69803082606024 ], [ 26.41825499955862, -26.698827993215811 ], [ 26.414240000565513, -26.700297001603804 ], [ 26.405193003344234, -26.703630997970567 ], [ 26.401821000728351, -26.70499799895692 ], [ 26.404829995597588, -26.712576003078471 ], [ 26.408139000704121, -26.711274003291127 ], [ 26.410446000072778, -26.7146899962448 ], [ 26.406574996928342, -26.714768003439001 ], [ 26.406764845610894, -26.717968570091855 ], [ 26.406323668792073, -26.717911643905694 ], [ 26.404956369230824, -26.71785087491638 ], [ 26.39909216985739, -26.718063567278215 ], [ 26.395142190948892, -26.718245873346746 ], [ 26.39404835094016, -26.718276257841403 ], [ 26.394412964875919, -26.718914331329753 ], [ 26.39398758285013, -26.719005484813632 ], [ 26.393136816999984, -26.719218176276197 ], [ 26.392152000004277, -26.719391998140559 ], [ 26.389371997708885, -26.728759002024653 ], [ 26.388940001169438, -26.730177997315078 ], [ 26.388355995821879, -26.730052002296393 ], [ 26.387743001727447, -26.730031997776834 ], [ 26.387307006802189, -26.737202995720018 ], [ 26.387798656272224, -26.737072453729112 ], [ 26.387549317436317, -26.741577172247048 ], [ 26.381132849790333, -26.740602293659212 ], [ 26.375088607941827, -26.739733767097945 ], [ 26.374982257713899, -26.74437772944701 ], [ 26.365460841133629, -26.729636857253418 ], [ 26.358089481432952, -26.723080414627674 ], [ 26.354785099741047, -26.720141339349578 ], [ 26.353922434061513, -26.719373875901848 ], [ 26.346849519777756, -26.713081523691599 ], [ 26.323969097783333, -26.692728579758256 ], [ 26.324939815208118, -26.691684322971177 ], [ 26.326696433081732, -26.690112612005542 ], [ 26.325217176918972, -26.690094121944231 ], [ 26.320722997555968, -26.690076998852465 ], [ 26.302662937231869, -26.689892690892908 ], [ 26.29842896321313, -26.669918293192683 ], [ 26.281960003238112, -26.675906997407878 ], [ 26.267419996421857, -26.681219008548187 ], [ 26.267409997759337, -26.681189996418951 ], [ 26.262680003565304, -26.671060001415743 ], [ 26.257680002316146, -26.660359997213838 ], [ 26.25132999726727, -26.646569998004694 ], [ 26.251030003217753, -26.645729997938741 ], [ 26.270379998024815, -26.644889997872898 ], [ 26.275789996597485, -26.644650001194396 ], [ 26.275739997889019, -26.644540005114948 ], [ 26.266789997946308, -26.62614999702247 ], [ 26.265409999058402, -26.622909997795951 ], [ 26.26350000001117, -26.618449995368742 ], [ 26.262450004650169, -26.616590003123889 ], [ 26.260700001290129, -26.613029998133612 ], [ 26.260409997809244, -26.612449998366461 ], [ 26.259890002607666, -26.61140000390477 ], [ 26.259019993064307, -26.609649999645484 ], [ 26.257269996898863, -26.606100001411619 ], [ 26.255449996606032, -26.602339999788839 ], [ 26.253759997811574, -26.598560001740388 ], [ 26.252190001852959, -26.595680002028157 ], [ 26.249700003038562, -26.590749995913235 ], [ 26.248110001661029, -26.587319998716563 ], [ 26.249840002300186, -26.586659998857538 ], [ 26.264290001368792, -26.581349996802668 ], [ 26.26953999705967, -26.579139995612021 ], [ 26.274679996671104, -26.577309999354764 ], [ 26.295340003325723, -26.569570003950446 ], [ 26.296519998386529, -26.569169996296164 ], [ 26.307249996777532, -26.565119999286459 ], [ 26.311300001881289, -26.563669997170678 ], [ 26.312900001021976, -26.563020002269234 ], [ 26.319349997192571, -26.560540002117452 ], [ 26.323199997569851, -26.55918999831778 ], [ 26.326699997994719, -26.55781999719316 ], [ 26.333700006038793, -26.555159989639858 ], [ 26.329430000682201, -26.546219995554463 ], [ 26.341600004325347, -26.536239996676635 ], [ 26.347799996161633, -26.53096999736567 ], [ 26.354250000426187, -26.525689997593545 ], [ 26.359629996716048, -26.521280001968716 ], [ 26.365079997133467, -26.516869998249998 ], [ 26.368310398795277, -26.514195569168439 ], [ 26.369382279158259, -26.513483180202847 ], [ 26.370562794027176, -26.512506776364894 ], [ 26.376798686799539, -26.50734858256935 ], [ 26.380048529105995, -26.504659935206146 ], [ 26.380668849977127, -26.504146732583955 ], [ 26.38497141888568, -26.500587145778489 ], [ 26.389786742554048, -26.49976519060943 ], [ 26.390219436967335, -26.499691324793126 ], [ 26.390811046982193, -26.499590321934161 ], [ 26.391382840435679, -26.499492705022725 ], [ 26.405810656826684, -26.497028720897152 ], [ 26.405979815706218, -26.496999822981891 ], [ 26.413357857369697, -26.495217829837408 ], [ 26.414104600437447, -26.495037471700371 ], [ 26.416959318408328, -26.494347982172155 ], [ 26.418656926366662, -26.493937875131298 ], [ 26.418969218645106, -26.4938624310048 ], [ 26.419784854278202, -26.493665384148635 ], [ 26.423415815777929, -26.492788117076412 ], [ 26.428790497074605, -26.491489597665328 ], [ 26.43955493500324, -26.488888221412829 ], [ 26.439998329550289, -26.488781048305288 ], [ 26.441263467026424, -26.48847524913193 ], [ 26.453280340406696, -26.485569778820789 ], [ 26.453834185190789, -26.485435868868773 ], [ 26.455687246360757, -26.4849875145607 ], [ 26.460401173267012, -26.483839595619486 ], [ 26.46040254023648, -26.483980812563043 ], [ 26.460583034171194, -26.494600179053649 ] ] ] } },
{ "type": "Feature", "properties": { "Municipali": "City of Matlosana Local Municipality", "WardNo": "19", "WardLabel": "NW403_19", "Province": "North West", "CLASSIFICATION": "Service centre", "PopGBlack": 3934.5826928000001, "PopGColour": 220.11441092000001, "PopGIndian": 9.802495125, "PopGWhite": 5699.9420584, "PopGOther": 57.9610772, "PopGTotal": 9922.4027344999995 }, "geometry": { "type": "Polygon", "coordinates": [ [ [ 26.685361448866395, -26.865379308307752 ], [ 26.685816424882731, -26.865805847761013 ], [ 26.686058836240921, -26.866049928260914 ], [ 26.686350730996047, -26.866747233797071 ], [ 26.686950738880142, -26.867947248665875 ], [ 26.687372366236286, -26.868514824299041 ], [ 26.687939940970171, -26.869358078112128 ], [ 26.688361567427034, -26.87003916707318 ], [ 26.689318336366853, -26.872050002604784 ], [ 26.68967509832186, -26.87253649536224 ], [ 26.689756180298104, -26.873201367748276 ], [ 26.689788612549123, -26.873785159956451 ], [ 26.689464283744414, -26.874563548368318 ], [ 26.689269686641357, -26.875050040226483 ], [ 26.689837262274523, -26.875893294039567 ], [ 26.690898866983829, -26.877380980447242 ], [ 26.69076384457049, -26.879087179629003 ], [ 26.690776120316329, -26.879578172593956 ], [ 26.692555967678469, -26.881014326948947 ], [ 26.69297331336244, -26.881480771120064 ], [ 26.693157435162206, -26.881812190179726 ], [ 26.693611602688019, -26.881898114106011 ], [ 26.69412714624556, -26.882143611038135 ], [ 26.694384917124964, -26.882499579791094 ], [ 26.694421741664819, -26.883911185352243 ], [ 26.69079633797525, -26.883620031638479 ], [ 26.689985486735488, -26.88347407886496 ], [ 26.689547625717015, -26.883247039618531 ], [ 26.687634015891728, -26.882760528874659 ], [ 26.684938116395511, -26.882107895362363 ], [ 26.684598285976769, -26.883127383920908 ], [ 26.683617034792892, -26.885067413129921 ], [ 26.683460294651489, -26.885346063569273 ], [ 26.68315603781549, -26.885824181839833 ], [ 26.682373660910265, -26.885845914856379 ], [ 26.68155482279143, -26.885698944050361 ], [ 26.680869379312917, -26.885625155575742 ], [ 26.680378040109009, -26.885287361222005 ], [ 26.67684654632551, -26.882892086200119 ], [ 26.676094184293625, -26.882385392870873 ], [ 26.67584851469163, -26.882830668799617 ], [ 26.675756389040604, -26.883444841905238 ], [ 26.675602845988998, -26.884028306760239 ], [ 26.675480011187997, -26.884995629244134 ], [ 26.675234341586087, -26.885486966649474 ], [ 26.674988672883458, -26.885932241678855 ], [ 26.67457410610459, -26.886223973656723 ], [ 26.674336103223006, -26.886402477391709 ], [ 26.674328437401872, -26.886408226757485 ], [ 26.673929223849072, -26.886822792636991 ], [ 26.673023318765576, -26.887636572069443 ], [ 26.672531981360319, -26.888005075573069 ], [ 26.671902454129341, -26.888250745174968 ], [ 26.671150091198179, -26.888481059752422 ], [ 26.669964302704805, -26.888888488612139 ], [ 26.668660343294562, -26.889366607781991 ], [ 26.667660639820948, -26.889562203132385 ], [ 26.667052125249761, -26.889518737099309 ], [ 26.666552273962548, -26.88945353894896 ], [ 26.666071038641793, -26.889211639304907 ], [ 26.666473007717507, -26.892796999780984 ], [ 26.666708002366757, -26.894896000349441 ], [ 26.667475996414407, -26.901746999723478 ], [ 26.667483998582046, -26.901812998270554 ], [ 26.663515001710209, -26.901564001177025 ], [ 26.662029004229385, -26.901474000623878 ], [ 26.65947200322455, -26.901316997880347 ], [ 26.655294000311965, -26.901052001847674 ], [ 26.650979997423029, -26.900777997305934 ], [ 26.649122997222545, -26.900666994885079 ], [ 26.649053001189131, -26.900613996038341 ], [ 26.649000002342305, -26.900572000396718 ], [ 26.648251995727069, -26.900520996246204 ], [ 26.648222002437532, -26.900519998898055 ], [ 26.648163998863495, -26.900516008606125 ], [ 26.648074342750736, -26.900516008606122 ], [ 26.647921010140571, -26.900516008606129 ], [ 26.647736997158738, -26.90050300171136 ], [ 26.64770199194739, -26.900500999820537 ], [ 26.647664001886245, -26.90050600274909 ], [ 26.647593001309982, -26.900516008606129 ], [ 26.647183003087136, -26.900377000397455 ], [ 26.64692399923721, -26.900404001642599 ], [ 26.646752002996578, -26.900420000581747 ], [ 26.646166002952704, -26.900405997238195 ], [ 26.643447004369758, -26.900335003856529 ], [ 26.643352991940979, -26.900350162828921 ], [ 26.64325246122603, -26.898650822776421 ], [ 26.638476440629081, -26.897361296585689 ], [ 26.635992910638141, -26.896644893945897 ], [ 26.632601936823725, -26.894543446322157 ], [ 26.629879605353302, -26.892824078367738 ], [ 26.626966232699203, -26.890913670128921 ], [ 26.625437906827635, -26.88995846600956 ], [ 26.617501005760381, -26.889942000322147 ], [ 26.617556451662477, -26.889340494167573 ], [ 26.614870188402069, -26.888236141084185 ], [ 26.61334797072578, -26.888176445885446 ], [ 26.611766058750121, -26.887161634700753 ], [ 26.613498998373597, -26.88481199757474 ], [ 26.613735004760212, -26.884458996584524 ], [ 26.614900035102121, -26.882833764265936 ], [ 26.614465000652849, -26.882581999958489 ], [ 26.613401002847503, -26.881885995741204 ], [ 26.611145997783016, -26.880408002226595 ], [ 26.609718002976948, -26.87946999944004 ], [ 26.609600002931298, -26.879394003129818 ], [ 26.609535002631755, -26.879351002046231 ], [ 26.604978002925833, -26.876366001089227 ], [ 26.604113002606361, -26.875799000122868 ], [ 26.603310003347353, -26.875271002753664 ], [ 26.602378997286294, -26.874661000703725 ], [ 26.602288997632517, -26.874601004232023 ], [ 26.602061998855493, -26.874456002041949 ], [ 26.601285679783611, -26.874010523765808 ], [ 26.618466797598305, -26.870297860656816 ], [ 26.634091904811442, -26.866999723857276 ], [ 26.633989002584261, -26.865313003991094 ], [ 26.63396200043983, -26.864607999358824 ], [ 26.634582990406578, -26.864591992325792 ], [ 26.63460099933053, -26.864769996936932 ], [ 26.636129989801052, -26.864719998228569 ], [ 26.636728005686848, -26.864700008997399 ], [ 26.637856996597051, -26.864663009089828 ], [ 26.640689001290337, -26.864572003993931 ], [ 26.640863996770044, -26.864574996038414 ], [ 26.641026992595599, -26.864579001618814 ], [ 26.640869997946044, -26.865507995896486 ], [ 26.643117997291771, -26.865050001755399 ], [ 26.644790999798818, -26.864707996775859 ], [ 26.645271997698554, -26.864638000742275 ], [ 26.648009997157757, -26.86460000438591 ], [ 26.651237295259097, -26.86450933743517 ], [ 26.653132611974609, -26.864471047899805 ], [ 26.653713395051359, -26.864452708025297 ], [ 26.654951349619303, -26.864413613596632 ], [ 26.656463774577748, -26.864298746789018 ], [ 26.65745929530442, -26.864069011374944 ], [ 26.658435671263451, -26.8636861187187 ], [ 26.660713879736022, -26.862594875951981 ], [ 26.663087812946511, -26.861675934296152 ], [ 26.665480890025446, -26.860776137408049 ], [ 26.670343623254045, -26.859072265671731 ], [ 26.672889856675969, -26.85800016677355 ], [ 26.676393322188563, -26.856392019775143 ], [ 26.679609617084708, -26.855147619766157 ], [ 26.691058098247417, -26.85059120102245 ], [ 26.693604332568622, -26.849710548002705 ], [ 26.694829587809991, -26.849461667821 ], [ 26.699290283614513, -26.848810751114609 ], [ 26.708078264395311, -26.847639019924141 ], [ 26.709258340395092, -26.847481677236917 ], [ 26.712212901099488, -26.847087736409318 ], [ 26.732965665628193, -26.844216042835487 ], [ 26.741389296873898, -26.842971642826519 ], [ 26.741371681852989, -26.843103249614654 ], [ 26.739896998742847, -26.854120996885886 ], [ 26.739834009327382, -26.854246999998452 ], [ 26.739833747624726, -26.854247527001156 ], [ 26.739460967844696, -26.854298000551744 ], [ 26.730391001039067, -26.855384002069417 ], [ 26.720325000893169, -26.856643998121342 ], [ 26.715420999574476, -26.85719800118617 ], [ 26.709880003054653, -26.857421998925457 ], [ 26.708708002966908, -26.857546987602724 ], [ 26.706783999676773, -26.858182005194738 ], [ 26.705156001043509, -26.859086998365626 ], [ 26.704043999226027, -26.859594999309071 ], [ 26.700689000991463, -26.86060100343289 ], [ 26.696786998216211, -26.861067000640904 ], [ 26.692647000653249, -26.861761002067887 ], [ 26.686652000284241, -26.862688001649232 ], [ 26.683362270347111, -26.863455542438647 ], [ 26.683703437158538, -26.863833262194557 ], [ 26.683977456988657, -26.864158660293164 ], [ 26.684302855087349, -26.864501185080897 ], [ 26.684731010622198, -26.864826583179582 ], [ 26.685005029553039, -26.865066349631615 ], [ 26.685361448866395, -26.865379308307752 ] ] ] } },
{ "type": "Feature", "properties": { "Municipali": "City of Matlosana Local Municipality", "WardNo": "20", "WardLabel": "NW403_20", "Province": "North West", "CLASSIFICATION": "Service centre", "PopGBlack": 6351.0661652, "PopGColour": 32.874753554999998, "PopGIndian": 2.431018791, "PopGWhite": 3.528898245, "PopGOther": 15.5960099, "PopGTotal": 6405.4968457000004 }, "geometry": { "type": "Polygon", "coordinates": [ [ [ 26.630816357182834, -26.964462229847197 ], [ 26.632546006186971, -26.964620998859189 ], [ 26.63260700090612, -26.964001997293543 ], [ 26.63293800268038, -26.963191002162219 ], [ 26.633110996269167, -26.963229996766117 ], [ 26.633485997374635, -26.96335900001705 ], [ 26.633895483883251, -26.962412137109595 ], [ 26.636475003012791, -26.96326500287676 ], [ 26.637236996783727, -26.963538001976353 ], [ 26.637114001903488, -26.963852008362675 ], [ 26.636978795129085, -26.964198872379203 ], [ 26.637305582680334, -26.964297239325347 ], [ 26.637289090912557, -26.964339738587235 ], [ 26.637205300178294, -26.964555661313867 ], [ 26.638582262954912, -26.964999220436898 ], [ 26.638663619224463, -26.964799222905032 ], [ 26.638674832871093, -26.964771654187686 ], [ 26.639010395107498, -26.964871936689722 ], [ 26.638994996016073, -26.964909997797317 ], [ 26.638456002636179, -26.966235999590925 ], [ 26.638445996779144, -26.96626099894516 ], [ 26.637902997818941, -26.967571002698801 ], [ 26.637889001669901, -26.967605003367403 ], [ 26.637445993831392, -26.968688000250147 ], [ 26.637226999020566, -26.969207994552516 ], [ 26.636987002342121, -26.969205009702641 ], [ 26.636912004279335, -26.970034006563314 ], [ 26.636909003241694, -26.970061000613857 ], [ 26.636852490743635, -26.970805727401569 ], [ 26.635106799632833, -26.97065778712642 ], [ 26.633242756841479, -26.97052168192927 ], [ 26.63088163717153, -26.970344153958706 ], [ 26.629384485399349, -26.970231719817146 ], [ 26.626973003694768, -26.970080997938876 ], [ 26.626942004063814, -26.970079002343283 ], [ 26.625951997979932, -26.969997005756422 ], [ 26.62591199793399, -26.969993001075299 ], [ 26.624803002550095, -26.969903001421525 ], [ 26.625671003008019, -26.968342004978663 ], [ 26.625033002364756, -26.968266000574648 ], [ 26.624830605441712, -26.968231997208122 ], [ 26.624596456155082, -26.967997847921499 ], [ 26.624770135926628, -26.966006727327759 ], [ 26.623926319137908, -26.965970238235034 ], [ 26.622840813146578, -26.965872738235401 ], [ 26.622966997022814, -26.96466000335559 ], [ 26.622619997208687, -26.962915002024875 ], [ 26.622618001612995, -26.962881998704439 ], [ 26.625765001047604, -26.962379008783355 ], [ 26.626003003029815, -26.962443003640871 ], [ 26.628248842203948, -26.963415723855729 ], [ 26.628547844301256, -26.96353272475465 ], [ 26.630075351789777, -26.964182728649188 ], [ 26.630816357182834, -26.964462229847197 ] ] ] } },
{ "type": "Feature", "properties": { "Municipali": "City of Matlosana Local Municipality", "WardNo": "21", "WardLabel": "NW403_21", "Province": "North West", "CLASSIFICATION": "Service centre", "PopGBlack": 4111.7280794999997, "PopGColour": 38.900993506, "PopGIndian": 9.567235242000001, "PopGWhite": 963.22915246000002, "PopGOther": 5.5247576, "PopGTotal": 5128.9502183000004 }, "geometry": { "type": "Polygon", "coordinates": [ [ [ 26.774840003059349, -26.946599998790386 ], [ 26.774490002207486, -26.94667000291777 ], [ 26.774050001701855, -26.94667000291777 ], [ 26.773409997369114, -26.946659997060653 ], [ 26.772950000437813, -26.946730000288756 ], [ 26.772559998640638, -26.946859999988465 ], [ 26.77233999838786, -26.946909998696924 ], [ 26.772010002055556, -26.946980002824315 ], [ 26.771639996684055, -26.947020002870254 ], [ 26.770850003420524, -26.947200003077167 ], [ 26.770309997404084, -26.947350000101924 ], [ 26.76984999957341, -26.947420003329938 ], [ 26.769499998721546, -26.947470002038404 ], [ 26.768990003081779, -26.947560001692175 ], [ 26.768309997803726, -26.947709998716931 ], [ 26.767750002556124, -26.947809997033222 ], [ 26.767149999168701, -26.947920001206544 ], [ 26.766690002237393, -26.948059999568784 ], [ 26.766359997811204, -26.948329999429387 ], [ 26.765940001825211, -26.948559998344759 ], [ 26.765550000028039, -26.948890001871494 ], [ 26.765259996547162, -26.949060003415887 ], [ 26.764819996041524, -26.949309997857569 ], [ 26.764440001000754, -26.94957999681889 ], [ 26.763940003124222, -26.950210004287751 ], [ 26.763359996162468, -26.950719999927511 ], [ 26.763129997247084, -26.95090999699821 ], [ 26.7627699977327, -26.951250000086915 ], [ 26.762310000801392, -26.951609998701919 ], [ 26.761870001195131, -26.952090000152857 ], [ 26.761510001680747, -26.952489999713187 ], [ 26.761370003318508, -26.95271999772919 ], [ 26.761039998892318, -26.953180010848254 ], [ 26.760930001913501, -26.953529996411625 ], [ 26.760710001660726, -26.954099996616979 ], [ 26.760420006273733, -26.954600002587465 ], [ 26.760230001109147, -26.954950004338691 ], [ 26.760050000902318, -26.955440002653507 ], [ 26.759719997375498, -26.956020003319928 ], [ 26.759499997122635, -26.956550002579974 ], [ 26.759250001781581, -26.956950003039658 ], [ 26.759060003811598, -26.957140008204235 ], [ 26.758890003166574, -26.957329998080414 ], [ 26.758720000722889, -26.957570002852744 ], [ 26.758019999918538, -26.958519998998227 ], [ 26.757679996829829, -26.959059997820059 ], [ 26.757350001396887, -26.959650003444324 ], [ 26.757120001582223, -26.959909995649245 ], [ 26.756839996763865, -26.960020000721858 ], [ 26.756470000385612, -26.960240000974718 ], [ 26.755930008758284, -26.961000000049413 ], [ 26.755610002994615, -26.961319997719187 ], [ 26.755430002787783, -26.96163000571962 ], [ 26.755159995732576, -26.96191000334337 ], [ 26.754520000393086, -26.962270001958466 ], [ 26.75356000468588, -26.962829997206065 ], [ 26.753099999660694, -26.96314000520649 ], [ 26.752399997956882, -26.963569999855089 ], [ 26.751389997245891, -26.964050001305935 ], [ 26.750440000201205, -26.964480003149049 ], [ 26.749999999695568, -26.964649989404865 ], [ 26.749860001333332, -26.96476000077288 ], [ 26.749800003962349, -26.964800001718199 ], [ 26.749680001126499, -26.964970003262415 ], [ 26.749649998843708, -26.965020010064844 ], [ 26.749590002372006, -26.965089997105103 ], [ 26.749370001219951, -26.9650899971051 ], [ 26.749020001267372, -26.965079999341942 ], [ 26.748180000302135, -26.964980001025648 ], [ 26.747460002172652, -26.964940000080336 ], [ 26.74679000275172, -26.964859999089082 ], [ 26.746260002592308, -26.964859999089075 ], [ 26.745679995630557, -26.964819998143852 ], [ 26.745139996808714, -26.96473999625324 ], [ 26.744419998679319, -26.964670001119099 ], [ 26.743950003984772, -26.964599997890993 ], [ 26.743260000044202, -26.964569994708921 ], [ 26.74265999665678, -26.964630000173788 ], [ 26.74215999878016, -26.964710002064411 ], [ 26.741629998620752, -26.964819998143845 ], [ 26.741080002035666, -26.964920003654658 ], [ 26.740550001876343, -26.965070000679411 ], [ 26.740399996757702, -26.96512999805039 ], [ 26.740179997404212, -26.965240002223716 ], [ 26.736409989024907, -26.966409998621963 ], [ 26.735029998230985, -26.966790001756618 ], [ 26.733079998238459, -26.967450003414285 ], [ 26.732320000063034, -26.967730001038124 ], [ 26.731600001933643, -26.967959999054049 ], [ 26.730930001613341, -26.968239996677891 ], [ 26.730499999770313, -26.968520002395621 ], [ 26.730249997234658, -26.96872999589198 ], [ 26.729610000995894, -26.969090002600961 ], [ 26.728959998000633, -26.969419998933169 ], [ 26.728310003099164, -26.969649997848553 ], [ 26.727830001648307, -26.969850001675646 ], [ 26.727099989567908, -26.970099997016607 ], [ 26.726389998194918, -26.970319997269478 ], [ 26.725880001655778, -26.970430001442793 ], [ 26.725069996678009, -26.970680003978355 ], [ 26.72473000168327, -26.970839998766351 ], [ 26.724290001177636, -26.97101000031066 ], [ 26.723750003255073, -26.971149998672896 ], [ 26.723230000858898, -26.971189999618115 ], [ 26.722680004273727, -26.971339996642957 ], [ 26.722250002430609, -26.971409999870968 ], [ 26.72156999625328, -26.971590000077796 ], [ 26.720740002044444, -26.971810000330656 ], [ 26.720019995821076, -26.972049997009101 ], [ 26.719320003110607, -26.972359996915728 ], [ 26.718489999908517, -26.972659999059029 ], [ 26.717590010565452, -26.972990002585934 ], [ 26.716279998717813, -26.973540000070294 ], [ 26.715479999597168, -26.97391999511105 ], [ 26.714903998215899, -26.97427499889147 ], [ 26.714150000317105, -26.974739998751335 ], [ 26.713709001564027, -26.975052002347354 ], [ 26.713130000044313, -26.975459996880712 ], [ 26.712850003319836, -26.975679997133575 ], [ 26.712379999632127, -26.976140002158758 ], [ 26.712150000716832, -26.976530003955915 ], [ 26.712029998780267, -26.976739998351569 ], [ 26.711840000810195, -26.976959997705148 ], [ 26.711509997283372, -26.977319997219436 ], [ 26.7109900020818, -26.977970000214682 ], [ 26.710569998001837, -26.978639998736334 ], [ 26.710380000931135, -26.979089997904389 ], [ 26.710169999340792, -26.97944999741885 ], [ 26.70998999913396, -26.979820001890982 ], [ 26.709830004346049, -26.98018000140527 ], [ 26.70853999701805, -26.983039996597942 ], [ 26.70727000230357, -26.986009995963848 ], [ 26.706758492205463, -26.987116413890725 ], [ 26.702717513597054, -26.985530958586246 ], [ 26.702549811619239, -26.985461905042207 ], [ 26.701523868626349, -26.985511229259181 ], [ 26.699634392108237, -26.985576550616653 ], [ 26.694150664416224, -26.985910342987285 ], [ 26.693602235349527, -26.983137731320621 ], [ 26.682137488148989, -26.970951128890739 ], [ 26.675470949618965, -26.975027484130393 ], [ 26.673374377220046, -26.97271821487297 ], [ 26.674728001690269, -26.972414998552658 ], [ 26.675150878204789, -26.972300364669387 ], [ 26.675270452963332, -26.972121002981218 ], [ 26.675240558599285, -26.971762281403443 ], [ 26.675042759010484, -26.971283396910493 ], [ 26.674672580969194, -26.970387178424843 ], [ 26.672340886217214, -26.970716007437122 ], [ 26.672340886217217, -26.969430584852926 ], [ 26.670726636419445, -26.96946047921697 ], [ 26.670726636419445, -26.969161543669632 ], [ 26.674971515617266, -26.963481772764844 ], [ 26.676376512960111, -26.961508799590774 ], [ 26.676765128901941, -26.960851143364859 ], [ 26.6767950223668, -26.960283164835484 ], [ 26.676406407324166, -26.959745080670171 ], [ 26.676256939100853, -26.959177104838819 ], [ 26.676197152171223, -26.958758595432137 ], [ 26.676675447608265, -26.958848275826547 ], [ 26.678220996396259, -26.959241999917651 ], [ 26.678970545348772, -26.959462800567056 ], [ 26.679651626216042, -26.959462800567056 ], [ 26.682399434580663, -26.958969604263093 ], [ 26.683503256164858, -26.958711263213562 ], [ 26.689656469764834, -26.956926360762228 ], [ 26.69371947097148, -26.955775569386351 ], [ 26.694893748142555, -26.955352829568721 ], [ 26.697218817589075, -26.954366436061488 ], [ 26.698134753710612, -26.954108095011872 ], [ 26.699074175627413, -26.954037639424829 ], [ 26.700718165105943, -26.954155065703041 ], [ 26.701657587022744, -26.954131580807143 ], [ 26.703113691038794, -26.9538027832712 ], [ 26.703912199982842, -26.950021608909495 ], [ 26.704522824363604, -26.947344257031169 ], [ 26.705016020667586, -26.945441927402406 ], [ 26.705603160152538, -26.944173707050293 ], [ 26.706284241019716, -26.943116857056634 ], [ 26.707129719755553, -26.942224405831006 ], [ 26.708136160949952, -26.941440831928187 ], [ 26.709623990349744, -26.940596764228633 ], [ 26.715539413308225, -26.937759774593253 ], [ 26.721731865228438, -26.934791040573408 ], [ 26.723623962370993, -26.924701276741956 ], [ 26.727090997246872, -26.90498000132542 ], [ 26.742910997439942, -26.89809899786988 ], [ 26.749664003086707, -26.895236999887029 ], [ 26.751414987607038, -26.894538002726073 ], [ 26.76330730218579, -26.88951845830962 ], [ 26.766738996403156, -26.888069997631742 ], [ 26.775647998052357, -26.906412001711956 ], [ 26.776600020370317, -26.908371903240223 ], [ 26.78560101007438, -26.926901998727779 ], [ 26.792489003060915, -26.941078001348181 ], [ 26.792319998864677, -26.941180001555303 ], [ 26.792000001194975, -26.941400001808169 ], [ 26.791619998060323, -26.941540001069683 ], [ 26.791129997946857, -26.941790003605245 ], [ 26.790430004337015, -26.942349998852837 ], [ 26.790099999910915, -26.942650000096943 ], [ 26.789619999359338, -26.942870001249094 ], [ 26.789150003765421, -26.943009992416723 ], [ 26.787059997316778, -26.943769997786653 ], [ 26.786420000178641, -26.943960003850602 ], [ 26.785679998428975, -26.944219996954796 ], [ 26.784720002721684, -26.944550001380982 ], [ 26.784240002170105, -26.944699998405731 ], [ 26.783549999128905, -26.944950000941301 ], [ 26.782979998024185, -26.945160003430914 ], [ 26.782229996712719, -26.945359999164133 ], [ 26.781670002364397, -26.945580000316273 ], [ 26.781259996047673, -26.945690003590322 ], [ 26.780939998377971, -26.94571999777914 ], [ 26.780549995681518, -26.945859997040664 ], [ 26.780160002877508, -26.945960002551551 ], [ 26.779069999376706, -26.94609000315063 ], [ 26.778179991609033, -26.946209997892602 ], [ 26.777529996707653, -26.946230002412147 ], [ 26.776890001368169, -26.946280001120616 ], [ 26.776429996342891, -26.946389997200143 ], [ 26.775990003031854, -26.946490002710949 ], [ 26.775520000243517, -26.94651999779914 ], [ 26.775210000336884, -26.946580003264003 ], [ 26.774840003059349, -26.946599998790386 ] ] ] } },
{ "type": "Feature", "properties": { "Municipali": "City of Matlosana Local Municipality", "WardNo": "22", "WardLabel": "NW403_22", "Province": "North West", "CLASSIFICATION": "Service centre", "PopGBlack": 16575.696553000002, "PopGColour": 81.327520828000004, "PopGIndian": 6.587276724, "PopGWhite": 17.94668715, "PopGOther": 6.1650072, "PopGTotal": 16687.723043999998 }, "geometry": { "type": "Polygon", "coordinates": [ [ [ 26.662055774348705, -26.937852938061894 ], [ 26.661840708675967, -26.938229301640156 ], [ 26.661733175839547, -26.938619105586515 ], [ 26.661762158291097, -26.938872698215729 ], [ 26.661786941808113, -26.939089560733894 ], [ 26.661800383974693, -26.939291183340682 ], [ 26.661840708675964, -26.939586898415868 ], [ 26.661881033377231, -26.939882612591763 ], [ 26.661813112079663, -26.939977702408321 ], [ 26.661746618006216, -26.940070794830532 ], [ 26.661719734572248, -26.940205209302182 ], [ 26.661746618006216, -26.940433716242307 ], [ 26.661706293304945, -26.940608456314408 ], [ 26.661760059273515, -26.94072943041812 ], [ 26.661829479740931, -26.940804191059794 ], [ 26.661934800245078, -26.940917612656978 ], [ 26.662096098150602, -26.941065469295292 ], [ 26.662163306285748, -26.941334300936504 ], [ 26.662176747553044, -26.941643456379612 ], [ 26.662257396955489, -26.941925728388938 ], [ 26.662418695760383, -26.942234884731416 ], [ 26.662526227697516, -26.942503714574073 ], [ 26.662674085235018, -26.942678456444824 ], [ 26.662808500606033, -26.942799431447913 ], [ 26.662889150008478, -26.94296072755477 ], [ 26.662889150008478, -26.943027398794683 ], [ 26.662889150008478, -26.943122027259033 ], [ 26.662964472726411, -26.9431543084238 ], [ 26.663077332247251, -26.943202676661482 ], [ 26.663265513586833, -26.943323650765105 ], [ 26.663305838288011, -26.943511833003967 ], [ 26.66314781481406, -26.943694167850829 ], [ 26.663131098215818, -26.943713455610748 ], [ 26.662727851203584, -26.944009170685938 ], [ 26.662432137027682, -26.94423767672669 ], [ 26.662257396955486, -26.944506506569251 ], [ 26.662122980685194, -26.94480222164443 ], [ 26.661988566213548, -26.945003846049875 ], [ 26.661840708675957, -26.945124819254218 ], [ 26.661612201735917, -26.945232351191343 ], [ 26.661316487560008, -26.945433975596693 ], [ 26.660980448682924, -26.945662481637452 ], [ 26.660792267343428, -26.945998521413898 ], [ 26.660671293239716, -26.946200144020686 ], [ 26.660563761302676, -26.946348000658993 ], [ 26.660402461598494, -26.946348000658997 ], [ 26.660227722425589, -26.946455534394598 ], [ 26.660133630856556, -26.946549625064346 ], [ 26.660066422721322, -26.946751247671227 ], [ 26.659932008249768, -26.947114169982179 ], [ 26.659730383844238, -26.947409884158088 ], [ 26.659434669668421, -26.94782657333689 ], [ 26.659192722360359, -26.948081961912241 ], [ 26.658910448552472, -26.948283585418313 ], [ 26.658641617810538, -26.948431442955993 ], [ 26.658439995203743, -26.948498650191766 ], [ 26.658198046996404, -26.948485208924467 ], [ 26.657915774087797, -26.948310468852366 ], [ 26.657700709314426, -26.948149170047387 ], [ 26.657620059911892, -26.948041637211062 ], [ 26.657566293943415, -26.947840013704905 ], [ 26.657525969242236, -26.947745923035161 ], [ 26.657364671336623, -26.947719039601274 ], [ 26.657095838796035, -26.947719039601278 ], [ 26.656840450220681, -26.947705599233263 ], [ 26.656652267981904, -26.947719039601271 ], [ 26.656571618579456, -26.947826573336883 ], [ 26.656585059846758, -26.948014753777095 ], [ 26.656665710148573, -26.948229818550551 ], [ 26.656759800818229, -26.948485208924467 ], [ 26.656706033950474, -26.948794365266941 ], [ 26.656585059846758, -26.949157286678712 ], [ 26.65649096917701, -26.949439558687946 ], [ 26.65627590440355, -26.949466442121821 ], [ 26.656060839630179, -26.949439558687942 ], [ 26.655886098658616, -26.949453000854522 ], [ 26.655657592617946, -26.949520208989664 ], [ 26.655321553740773, -26.949789039731606 ], [ 26.654985514863689, -26.950151962042654 ], [ 26.654877982926639, -26.950313259948175 ], [ 26.654824216058795, -26.950541766888296 ], [ 26.654797332624828, -26.950716506960394 ], [ 26.654649475986602, -26.950864363598708 ], [ 26.654555385316854, -26.951119753972709 ], [ 26.654555385316854, -26.951402025981949 ], [ 26.65467635942057, -26.951764948292901 ], [ 26.654716684121745, -26.952006895600956 ], [ 26.654649475986599, -26.952195077839818 ], [ 26.654541944049555, -26.95243702604715 ], [ 26.654326879276095, -26.952692416421066 ], [ 26.65416557957192, -26.952799948358113 ], [ 26.654017722933606, -26.952799948358113 ], [ 26.653977398232428, -26.952894039027942 ], [ 26.653842982861413, -26.953082221266708 ], [ 26.653506943984329, -26.953297286040165 ], [ 26.653211229808509, -26.953593000216067 ], [ 26.652888632198636, -26.954023129762898 ], [ 26.652364411982056, -26.95461455811461 ], [ 26.651692334227885, -26.955313519302738 ], [ 26.651275645948353, -26.955851180786599 ], [ 26.650912723637301, -26.956402285336416 ], [ 26.650764866999076, -26.956792090182059 ], [ 26.650724542297809, -26.957181895926993 ], [ 26.650545997194037, -26.95766199720261 ], [ 26.650535001183357, -26.957689996695198 ], [ 26.650405997033147, -26.957840024296921 ], [ 26.648700000198833, -26.956777001356759 ], [ 26.647536581442104, -26.955780906862582 ], [ 26.647387124909887, -26.955549930384191 ], [ 26.647251257133746, -26.954924933038491 ], [ 26.64718008478706, -26.954604660176127 ], [ 26.647169735388925, -26.954558086985315 ], [ 26.645395998020806, -26.954474000374034 ], [ 26.643011997799352, -26.954294998414642 ], [ 26.642766234667814, -26.954333492096218 ], [ 26.64226499842481, -26.954412000212844 ], [ 26.640902003018915, -26.954625002840817 ], [ 26.640726998545954, -26.954650998643839 ], [ 26.634688996193979, -26.955589999677908 ], [ 26.633142298971666, -26.947638945979801 ], [ 26.641468995891319, -26.946679003332584 ], [ 26.641145998083175, -26.944358000620419 ], [ 26.640872998084298, -26.942399000212927 ], [ 26.640636998892287, -26.940622998351884 ], [ 26.640425001706348, -26.939190998864717 ], [ 26.640393118941116, -26.938937413430111 ], [ 26.651746205417108, -26.938204606256789 ], [ 26.653152017545615, -26.938223604435034 ], [ 26.653303997575513, -26.937615685214908 ], [ 26.653078425123237, -26.935941512689848 ], [ 26.659649641811725, -26.935499337623529 ], [ 26.659788133809506, -26.935163001070876 ], [ 26.6600057643487, -26.934747523278883 ], [ 26.660302531630744, -26.934351832370393 ], [ 26.66057951562631, -26.934035280003414 ], [ 26.660777361979836, -26.933797864379194 ], [ 26.66137089924176, -26.933975925647673 ], [ 26.661944652318017, -26.934252909643327 ], [ 26.662617328121357, -26.934430970911812 ], [ 26.66368569483318, -26.93460903128102 ], [ 26.663964474774982, -26.934694171897707 ], [ 26.663709085300255, -26.93503021077488 ], [ 26.663507461794094, -26.93519150957977 ], [ 26.66333272082262, -26.935406574353134 ], [ 26.663278954854142, -26.935635080393894 ], [ 26.663211746718908, -26.935917353302496 ], [ 26.663063890080682, -26.936132418975145 ], [ 26.662888525878941, -26.936216288849923 ], [ 26.662754733738197, -26.936280275613456 ], [ 26.662579993666004, -26.936387807550496 ], [ 26.662526227697523, -26.936549106355468 ], [ 26.662445579194269, -26.936750729861547 ], [ 26.662391812326511, -26.937033002770146 ], [ 26.66224395478892, -26.93736904164723 ], [ 26.662055774348705, -26.937852938061894 ] ] ] } },
{ "type": "Feature", "properties": { "Municipali": "City of Matlosana Local Municipality", "WardNo": "23", "WardLabel": "NW403_23", "Province": "North West", "CLASSIFICATION": "Service centre", "PopGBlack": 25050.077548999998, "PopGColour": 147.91682527, "PopGIndian": 8.62619571, "PopGWhite": 18.887726682, "PopGOther": 12.8343608, "PopGTotal": 25238.342657000001 }, "geometry": { "type": "Polygon", "coordinates": [ [ [ 26.615267002563563, -26.916417997291891 ], [ 26.615389437166286, -26.916578061327609 ], [ 26.61747753885086, -26.916461126978561 ], [ 26.619613840599815, -26.916341493764122 ], [ 26.619749022193204, -26.916257006055115 ], [ 26.623398907227383, -26.916020440290282 ], [ 26.623500293197576, -26.915834565711798 ], [ 26.627741594892388, -26.915547306062489 ], [ 26.627775389616207, -26.915733179741608 ], [ 26.628062650164896, -26.915699385017792 ], [ 26.639130588599702, -26.914888299054887 ], [ 26.639549224810736, -26.916891704387808 ], [ 26.640439408845587, -26.92120762013473 ], [ 26.640902601068117, -26.927576511845736 ], [ 26.641863573439057, -26.927509635560419 ], [ 26.6419550461823, -26.928502771285103 ], [ 26.640528436332207, -26.928644220253727 ], [ 26.640555263108826, -26.928925905005695 ], [ 26.639535833006164, -26.930173365407693 ], [ 26.640126029286634, -26.936813076261622 ], [ 26.640393118941116, -26.938937413430111 ], [ 26.640425001706348, -26.939190998864717 ], [ 26.640636998892287, -26.940622998351884 ], [ 26.640872998084298, -26.942399000212927 ], [ 26.641145998083175, -26.944358000620419 ], [ 26.641468995891319, -26.946679003332584 ], [ 26.633142298971666, -26.947638945979801 ], [ 26.634688996193979, -26.955589999677908 ], [ 26.629364998889272, -26.956393989989827 ], [ 26.625600999779934, -26.957019998173596 ], [ 26.625572002939176, -26.957025001102068 ], [ 26.623279622050472, -26.957391059349064 ], [ 26.623016995731376, -26.957432995635337 ], [ 26.621873994282936, -26.957614001284277 ], [ 26.621659301828807, -26.957656665122169 ], [ 26.621561998780788, -26.957676001445471 ], [ 26.618682996416673, -26.958128003403719 ], [ 26.618653998676642, -26.958132998238401 ], [ 26.615846004982586, -26.958572001395865 ], [ 26.615379002332517, -26.958653997982719 ], [ 26.612130874133967, -26.959153656814969 ], [ 26.601352347426179, -26.960685341654358 ], [ 26.600962818672397, -26.95524122100468 ], [ 26.599887513691073, -26.939622410844621 ], [ 26.598477999952912, -26.919647997855922 ], [ 26.599195277633193, -26.919513234447319 ], [ 26.600276990284133, -26.919309997557431 ], [ 26.600316001075885, -26.919302002584473 ], [ 26.600378001237068, -26.919292994075509 ], [ 26.600765001996514, -26.919219998803023 ], [ 26.604681009014705, -26.918482996292369 ], [ 26.605013998290683, -26.918506998298447 ], [ 26.606799997015628, -26.918171000790142 ], [ 26.606851001166131, -26.918161993180551 ], [ 26.607458003077813, -26.918048006809187 ], [ 26.608755008030602, -26.917052001347887 ], [ 26.60913600131882, -26.916758000380575 ], [ 26.609498866073245, -26.916479294183262 ], [ 26.610175291150185, -26.916163629447048 ], [ 26.612705612867273, -26.915043826910221 ], [ 26.614884278080432, -26.914041875131616 ], [ 26.615267002563563, -26.916417997291891 ] ] ] } },
{ "type": "Feature", "properties": { "Municipali": "City of Matlosana Local Municipality", "WardNo": "24", "WardLabel": "NW403_24", "Province": "North West", "CLASSIFICATION": "Service centre", "PopGBlack": 10587.34664, "PopGColour": 32.710457449000003, "PopGIndian": 3.999418011, "PopGWhite": 7.371476334, "PopGOther": 2.967137, "PopGTotal": 10634.395128 }, "geometry": { "type": "Polygon", "coordinates": [ [ [ 26.629625997435515, -26.960839997167266 ], [ 26.62833899923903, -26.963250001285751 ], [ 26.628248842203948, -26.963415723855729 ], [ 26.626003003029815, -26.962443003640871 ], [ 26.625765001047604, -26.962379008783355 ], [ 26.622618001612995, -26.962881998704439 ], [ 26.622619997208687, -26.962915002024875 ], [ 26.622966997022814, -26.96466000335559 ], [ 26.622840813146578, -26.965872738235401 ], [ 26.622637998038748, -26.968110004172534 ], [ 26.622636003342432, -26.968136998223002 ], [ 26.622599999883636, -26.968492002003497 ], [ 26.622479997947067, -26.969707003174822 ], [ 26.622041002883471, -26.969683997617544 ], [ 26.621106000235262, -26.969612997041366 ], [ 26.621075997053186, -26.96961100324441 ], [ 26.620064000746506, -26.969534000592862 ], [ 26.620033990369834, -26.969531997802569 ], [ 26.619056999274591, -26.969456003291089 ], [ 26.619026996991803, -26.969453999601516 ], [ 26.618530996601699, -26.969410999417217 ], [ 26.618615004072634, -26.968446000781462 ], [ 26.618650999437552, -26.967826000968284 ], [ 26.617938996281104, -26.967770999331346 ], [ 26.615599999933529, -26.967594996610941 ], [ 26.615411000210894, -26.967600000438782 ], [ 26.615399996106341, -26.964515997614289 ], [ 26.615399996106341, -26.964425998859884 ], [ 26.615405997282345, -26.961111998918753 ], [ 26.615404999034904, -26.960943002816482 ], [ 26.615401998896548, -26.959220000701627 ], [ 26.615401998896548, -26.958850004323381 ], [ 26.615379002332517, -26.958653997982719 ], [ 26.615846004982586, -26.958572001395865 ], [ 26.618653998676642, -26.958132998238401 ], [ 26.618682996416673, -26.958128003403719 ], [ 26.621561998780788, -26.957676001445471 ], [ 26.621659301828807, -26.957656665122169 ], [ 26.621873994282936, -26.957614001284277 ], [ 26.623016995731376, -26.957432995635337 ], [ 26.623279622050472, -26.957391059349064 ], [ 26.625572002939176, -26.957025001102068 ], [ 26.625600999779934, -26.957019998173596 ], [ 26.629364998889272, -26.956393989989827 ], [ 26.630056008271794, -26.960035002312672 ], [ 26.629848997826649, -26.960423001319629 ], [ 26.629836989179417, -26.960447003325708 ], [ 26.629625997435515, -26.960839997167266 ] ] ] } },
{ "type": "Feature", "properties": { "Municipali": "City of Matlosana Local Municipality", "WardNo": "25", "WardLabel": "NW403_25", "Province": "North West", "CLASSIFICATION": "Service centre", "PopGBlack": 8597.1975251999993, "PopGColour": 37.353352461999997, "PopGIndian": 1.56839922, "PopGWhite": 2.744698635, "PopGOther": 5.1978702, "PopGTotal": 8644.0618457 }, "geometry": { "type": "Polygon", "coordinates": [ [ [ 26.648870794945179, -26.960777802752624 ], [ 26.648388812287827, -26.961353504659748 ], [ 26.648080878123967, -26.961875652838305 ], [ 26.647866664109255, -26.962745899802666 ], [ 26.647491788009578, -26.963857138095698 ], [ 26.647250796680904, -26.964218625088652 ], [ 26.647116911909897, -26.964473004624661 ], [ 26.64698302803826, -26.964821104309745 ], [ 26.646768814023464, -26.965102261159632 ], [ 26.646474268966227, -26.965370028902992 ], [ 26.646313607780712, -26.965584243817059 ], [ 26.645978897202252, -26.965570854710347 ], [ 26.645724516766958, -26.965530690088496 ], [ 26.64547013813031, -26.965423582631463 ], [ 26.645162203966446, -26.96541019442412 ], [ 26.644854269802675, -26.965276309653198 ], [ 26.644556188611116, -26.96510899708176 ], [ 26.645047002610969, -26.964207004049229 ], [ 26.644095003675361, -26.964174998076953 ], [ 26.643631997612442, -26.9641679995527 ], [ 26.643416003839441, -26.963192996858563 ], [ 26.642999997245905, -26.963251006727731 ], [ 26.642872000336475, -26.963284999302537 ], [ 26.642813000313563, -26.963346002115557 ], [ 26.642539002966522, -26.963392999786294 ], [ 26.641616998219735, -26.963551998125411 ], [ 26.641070001773013, -26.963370004121632 ], [ 26.64102100041271, -26.963293999717525 ], [ 26.640497997878089, -26.963119003338534 ], [ 26.640760001866465, -26.962413001358112 ], [ 26.640194995596421, -26.962226004425766 ], [ 26.637236996783731, -26.961238999379528 ], [ 26.637095002825891, -26.961557002352997 ], [ 26.637062997752899, -26.961632989669969 ], [ 26.637102998698211, -26.961722998316905 ], [ 26.636475003012791, -26.96326500287676 ], [ 26.633895483883251, -26.962412137109595 ], [ 26.633485997374635, -26.96335900001705 ], [ 26.633110996269167, -26.963229996766117 ], [ 26.63293800268038, -26.963191002162219 ], [ 26.63260700090612, -26.964001997293543 ], [ 26.632546006186971, -26.964620998859189 ], [ 26.630816357182834, -26.964462229847197 ], [ 26.630075351789777, -26.964182728649188 ], [ 26.628547844301256, -26.96353272475465 ], [ 26.628248842203948, -26.963415723855729 ], [ 26.62833899923903, -26.963250001285751 ], [ 26.629625997435515, -26.960839997167266 ], [ 26.629836989179417, -26.960447003325708 ], [ 26.629848997826649, -26.960423001319629 ], [ 26.630056008271794, -26.960035002312672 ], [ 26.629364998889272, -26.956393989989827 ], [ 26.634688996193979, -26.955589999677908 ], [ 26.640726998545954, -26.954650998643839 ], [ 26.640902003018915, -26.954625002840817 ], [ 26.64226499842481, -26.954412000212844 ], [ 26.642766234667814, -26.954333492096218 ], [ 26.643011997799352, -26.954294998414642 ], [ 26.645395998020806, -26.954474000374034 ], [ 26.647169735388925, -26.954558086985315 ], [ 26.64718008478706, -26.954604660176127 ], [ 26.647251257133746, -26.954924933038491 ], [ 26.647387124909887, -26.955549930384191 ], [ 26.647536581442104, -26.955780906862582 ], [ 26.648700000198833, -26.956777001356759 ], [ 26.650405997033147, -26.957840024296921 ], [ 26.650343520231282, -26.957912682323631 ], [ 26.650022197860164, -26.958220615588207 ], [ 26.64958038072395, -26.958595490788515 ], [ 26.649309775619574, -26.958924923245824 ], [ 26.649272446560175, -26.958970366888185 ], [ 26.649058231646098, -26.959238134631452 ], [ 26.649058231646098, -26.959599623423149 ], [ 26.649071620752633, -26.960014663245303 ], [ 26.649031456130782, -26.96048325769539 ], [ 26.648870794945179, -26.960777802752624 ] ] ] } },
{ "type": "Feature", "properties": { "Municipali": "City of Matlosana Local Municipality", "WardNo": "26", "WardLabel": "NW403_26", "Province": "North West", "CLASSIFICATION": "Service centre", "PopGBlack": 9518.9993589999976, "PopGColour": 62.570961021000002, "PopGIndian": 2.587858713, "PopGWhite": 9.914383107000001, "PopGOther": 5.9052099, "PopGTotal": 9599.9777718000005 }, "geometry": { "type": "Polygon", "coordinates": [ [ [ 26.641070001773013, -26.963370004121632 ], [ 26.641616998219735, -26.963551998125411 ], [ 26.642539002966522, -26.963392999786294 ], [ 26.642813000313563, -26.963346002115557 ], [ 26.642872000336475, -26.963284999302537 ], [ 26.642999997245905, -26.963251006727731 ], [ 26.643416003839441, -26.963192996858563 ], [ 26.643631997612442, -26.9641679995527 ], [ 26.644095003675361, -26.964174998076953 ], [ 26.645047002610969, -26.964207004049229 ], [ 26.644556188611116, -26.96510899708176 ], [ 26.644854269802675, -26.965276309653198 ], [ 26.645162203966446, -26.96541019442412 ], [ 26.64547013813031, -26.965423582631463 ], [ 26.645724516766958, -26.965530690088496 ], [ 26.645978897202252, -26.965570854710347 ], [ 26.646313607780712, -26.965584243817059 ], [ 26.645992286308875, -26.96630721780307 ], [ 26.645456749023683, -26.9673247368464 ], [ 26.644867658909202, -26.968087877252994 ], [ 26.644559724745431, -26.96859663722422 ], [ 26.644439229980328, -26.969051842567687 ], [ 26.644358898937892, -26.969480272395835 ], [ 26.644318734316037, -26.969814982075011 ], [ 26.644171461337777, -26.970203246381931 ], [ 26.644024189258797, -26.970484403231822 ], [ 26.64395197909446, -26.970666620267515 ], [ 26.643944524614049, -26.970860433161679 ], [ 26.643989250597322, -26.971039337094957 ], [ 26.644063793603046, -26.971225696407998 ], [ 26.644135188082355, -26.9713327867779 ], [ 26.644183064390781, -26.97140460124055 ], [ 26.644272516357415, -26.9715760506934 ], [ 26.644272516357415, -26.971695319682485 ], [ 26.644259590401646, -26.971726143945638 ], [ 26.64417560991037, -26.971926404978817 ], [ 26.644071248982826, -26.97217985281717 ], [ 26.644026522999464, -26.972314030767073 ], [ 26.643991653585797, -26.97254217528031 ], [ 26.643966787331227, -26.972647856412689 ], [ 26.643948138089964, -26.972790835128137 ], [ 26.643873540225634, -26.972871650005867 ], [ 26.64367461108829, -26.972971114124849 ], [ 26.643593796210563, -26.973114093739653 ], [ 26.643562713842062, -26.973300589749584 ], [ 26.643556496828758, -26.973511951114883 ], [ 26.643519198346144, -26.973704663238838 ], [ 26.643450816595745, -26.973878726121512 ], [ 26.643357568590783, -26.973965757113177 ], [ 26.643183505708095, -26.974083871372791 ], [ 26.642984578369493, -26.974276582597454 ], [ 26.642847813969325, -26.974525244243839 ], [ 26.642711051367812, -26.974804987359533 ], [ 26.642673751985917, -26.974991481570811 ], [ 26.64268618511316, -26.97514689521223 ], [ 26.642760782977579, -26.975314741081608 ], [ 26.64274834985034, -26.975432855341229 ], [ 26.642673751985917, -26.975538535574152 ], [ 26.642543204599061, -26.975594484197305 ], [ 26.642375358729677, -26.975644216706449 ], [ 26.642238596128163, -26.975762330066686 ], [ 26.64218886361903, -26.975917742808832 ], [ 26.642226163000924, -26.976066940336228 ], [ 26.642300760865258, -26.9762969509427 ], [ 26.642275894610691, -26.976433714443584 ], [ 26.642145348123201, -26.976607777326265 ], [ 26.641933986757898, -26.976868870301331 ], [ 26.641560995637324, -26.977086447780557 ], [ 26.641430449149745, -26.977223212180714 ], [ 26.641144489020743, -26.977639717897834 ], [ 26.640914478414267, -26.978025143045194 ], [ 26.640777714014106, -26.978335967630017 ], [ 26.640634735298654, -26.978789773628396 ], [ 26.640529054166365, -26.979287095122597 ], [ 26.640510404025729, -26.979541972882917 ], [ 26.640547703407623, -26.979809282871287 ], [ 26.640634735298654, -26.980076592859646 ], [ 26.640653383640547, -26.980256871856369 ], [ 26.64060365203078, -26.980399852370461 ], [ 26.640485537771163, -26.98051796573079 ], [ 26.640236877024055, -26.980698244727414 ], [ 26.639944700781115, -26.980884739838057 ], [ 26.639758205670475, -26.980946904575141 ], [ 26.639584142787694, -26.98096555471578 ], [ 26.639372782321846, -26.981046369593503 ], [ 26.63924223493499, -26.981170699967052 ], [ 26.6391365538027, -26.981332328823129 ], [ 26.63890032618292, -26.981549907201646 ], [ 26.638539768189585, -26.981823434203307 ], [ 26.638291108341758, -26.981935332348908 ], [ 26.637986498072213, -26.982053444809786 ], [ 26.637787569834327, -26.982190209209946 ], [ 26.637594857710287, -26.982407786689176 ], [ 26.637371063217746, -26.982594281799908 ], [ 26.637103753229376, -26.982706179945414 ], [ 26.636755628363279, -26.982768344682594 ], [ 26.636245873741828, -26.98281807719173 ], [ 26.635804500870762, -26.982898892069446 ], [ 26.635443942877345, -26.98289889206945 ], [ 26.635039869388176, -26.982836726432982 ], [ 26.63474769314524, -26.982731046200065 ], [ 26.634486599270893, -26.982644014308946 ], [ 26.634312537287485, -26.982637798195004 ], [ 26.634150908431408, -26.982712396059426 ], [ 26.634026577158483, -26.982842943446279 ], [ 26.634014144031241, -26.982992139175124 ], [ 26.634169556773386, -26.983215933667569 ], [ 26.634200640041168, -26.983358914181672 ], [ 26.634169556773386, -26.983501893796575 ], [ 26.634138475304166, -26.983651090424686 ], [ 26.634144691418101, -26.983787853925477 ], [ 26.634250371651113, -26.984030297659281 ], [ 26.634368485910549, -26.984204359642682 ], [ 26.634356052783314, -26.984328690016245 ], [ 26.63421928928252, -26.984415721907265 ], [ 26.633995494789978, -26.984465454416398 ], [ 26.633709534660976, -26.984365990297416 ], [ 26.63351682343631, -26.984334907029535 ], [ 26.633348976667644, -26.984365990297416 ], [ 26.633205997052823, -26.984459237403087 ], [ 26.633094099806598, -26.984521402140185 ], [ 26.632951120191692, -26.984540052280813 ], [ 26.632727324799873, -26.984490319771677 ], [ 26.632534612675922, -26.984502752898919 ], [ 26.632428932442998, -26.984596000903878 ], [ 26.632304602069357, -26.984763846773266 ], [ 26.632118106958711, -26.985000074393124 ], [ 26.631869446211692, -26.985223868885669 ], [ 26.631745115838136, -26.98542279712354 ], [ 26.631720249583481, -26.985559560624427 ], [ 26.631726465697504, -26.985696324125218 ], [ 26.631844579957122, -26.985938767859018 ], [ 26.631931610948783, -26.986044448991308 ], [ 26.632118106958711, -26.9861128307417 ], [ 26.632292168942115, -26.986187428606115 ], [ 26.632385416947077, -26.986299325852439 ], [ 26.632453798697568, -26.986492037976383 ], [ 26.632491098079459, -26.986672316972999 ], [ 26.63243514855693, -26.986995575584523 ], [ 26.632428932442995, -26.987213153963125 ], [ 26.632491098079459, -26.987418299214312 ], [ 26.632609211439618, -26.987710476356529 ], [ 26.632658943948844, -26.988002651700178 ], [ 26.632665160062775, -26.988325911211078 ], [ 26.632708675558604, -26.988487540067062 ], [ 26.632882738441289, -26.988854315073784 ], [ 26.632932470051141, -26.989059460325063 ], [ 26.632932470051145, -26.989233522308375 ], [ 26.632888954555316, -26.989420018318388 ], [ 26.632814355791524, -26.989625162670297 ], [ 26.632665160062775, -26.989805441666917 ], [ 26.632534612675915, -26.989973288435756 ], [ 26.632491098079456, -26.99018464890159 ], [ 26.63249731419339, -26.990383578038848 ], [ 26.63251596433393, -26.990762785273525 ], [ 26.632484881066059, -26.99117929189001 ], [ 26.632416499315664, -26.991465252019012 ], [ 26.632292168942108, -26.991738778121309 ], [ 26.632155406340598, -26.991863109394139 ], [ 26.631950261089319, -26.991875541622104 ], [ 26.631707817355512, -26.9918755416221 ], [ 26.63148402196369, -26.9918755416221 ], [ 26.631303742966978, -26.991950140385889 ], [ 26.63121671197532, -26.992030955263605 ], [ 26.631222928089343, -26.992149067724487 ], [ 26.631229145102559, -26.992298265251975 ], [ 26.631191845720753, -26.992422594726158 ], [ 26.631067515347198, -26.992503409603877 ], [ 26.630930751846407, -26.992497192590573 ], [ 26.63084993696868, -26.992540708985679 ], [ 26.630843720854656, -26.992658823245296 ], [ 26.63081885460009, -26.992932350246974 ], [ 26.630912101705775, -26.993006948111308 ], [ 26.631055082219955, -26.993006948111304 ], [ 26.63122292808934, -26.992913700106346 ], [ 26.631490238077713, -26.992708554855067 ], [ 26.631732682710798, -26.992528275858358 ], [ 26.631925394834838, -26.99246611112136 ], [ 26.632093240704219, -26.992478544248598 ], [ 26.632198920937146, -26.992522058845143 ], [ 26.632230004205017, -26.992633956990741 ], [ 26.632174054682487, -26.992789369732794 ], [ 26.632068373550286, -26.993019381238632 ], [ 26.631956477203339, -26.993156143840142 ], [ 26.631788631333954, -26.993280475113067 ], [ 26.6316207845652, -26.993379939231961 ], [ 26.631502671204949, -26.993491835578904 ], [ 26.631403207085963, -26.993647249220334 ], [ 26.63122292808934, -26.99375293035262 ], [ 26.631011566724126, -26.993790228835223 ], [ 26.630738039722367, -26.993821311203732 ], [ 26.630445864378792, -26.993864826699557 ], [ 26.630091521600026, -26.993958074704608 ], [ 26.630079411329461, -26.993833336038808 ], [ 26.630066427816974, -26.993612636113454 ], [ 26.629923621771407, -26.993391936188097 ], [ 26.629871693117764, -26.993184217976399 ], [ 26.629832746177868, -26.993041412830113 ], [ 26.629586081925815, -26.993002465890221 ], [ 26.629378363714114, -26.992885625070709 ], [ 26.629274504608265, -26.992677906859104 ], [ 26.629209594240962, -26.9925221190997 ], [ 26.629248541180857, -26.992301419174339 ], [ 26.629040822969245, -26.992288436561221 ], [ 26.62876819439024, -26.992145631414928 ], [ 26.628716263938035, -26.992041772309083 ], [ 26.628781176104077, -26.991808089770696 ], [ 26.62866433528448, -26.991652302011296 ], [ 26.628365740580044, -26.991639319398267 ], [ 26.628183987594582, -26.991522477679389 ], [ 26.628054165061322, -26.99139265514604 ], [ 26.627820483422123, -26.991366689919982 ], [ 26.627599782597482, -26.991535461191777 ], [ 26.627392065285239, -26.991717214177243 ], [ 26.627340135732315, -26.991911948876545 ], [ 26.627482941777885, -26.992002825369273 ], [ 26.627651712150406, -26.991873001936646 ], [ 26.627911359015577, -26.99200282536928 ], [ 26.628041181548923, -26.992210542681608 ], [ 26.628015218121426, -26.992405278280092 ], [ 26.62775557125617, -26.992509137385941 ], [ 26.627586799984449, -26.99261299469314 ], [ 26.627340135732311, -26.992729836412014 ], [ 26.62711943580695, -26.992755800738795 ], [ 26.626885754167841, -26.992638959919287 ], [ 26.626937682821396, -26.99249615387355 ], [ 26.627002594987353, -26.992301419174328 ], [ 26.626872770655442, -26.992184578354731 ], [ 26.626522248196739, -26.992184578354731 ], [ 26.626262601331568, -26.992301419174328 ], [ 26.625938043199724, -26.992522119099689 ], [ 26.625925059687326, -26.99270387208524 ], [ 26.626054884019236, -26.992911589397476 ], [ 26.626158743125085, -26.99309334238303 ], [ 26.626431371704005, -26.993145271036585 ], [ 26.626509265583707, -26.993288077082241 ], [ 26.626405407377224, -26.993573689173552 ], [ 26.626366460437328, -26.993833336038801 ], [ 26.626223654391758, -26.994015089024259 ], [ 26.625951024913473, -26.994196841110451 ], [ 26.625691378048213, -26.994430523648923 ], [ 26.625470678122852, -26.994599294021352 ], [ 26.625327872077193, -26.994755081780756 ], [ 26.625249978197491, -26.994923853052562 ], [ 26.62499033133232, -26.994949817379336 ], [ 26.624743667080097, -26.994936834766307 ], [ 26.624393143722106, -26.994716134840946 ], [ 26.624198408123615, -26.994716134840949 ], [ 26.623899815217829, -26.994845959172853 ], [ 26.623744025659775, -26.994638240961152 ], [ 26.62356227357359, -26.994326665442436 ], [ 26.62343245014096, -26.994118947230831 ], [ 26.623315609321452, -26.99400210641123 ], [ 26.623042979843166, -26.993989123798197 ], [ 26.622796314691747, -26.993872282978693 ], [ 26.622614561706193, -26.993716495219292 ], [ 26.622536667826491, -26.993573689173541 ], [ 26.622406845293234, -26.993365970961936 ], [ 26.622315967901127, -26.993015447603948 ], [ 26.622302986187382, -26.992794747678587 ], [ 26.622290003574353, -26.992574047753234 ], [ 26.622160180141723, -26.992483172159869 ], [ 26.622004392382319, -26.992457206933725 ], [ 26.621848603723631, -26.992600012979377 ], [ 26.62166685073808, -26.992625978205446 ], [ 26.62149808126501, -26.992561066039489 ], [ 26.62149808126501, -26.99237931305402 ], [ 26.621368256933014, -26.992223525294623 ], [ 26.621251416113417, -26.992041772309065 ], [ 26.62104369880117, -26.991937913203309 ], [ 26.620887911041766, -26.991937913203305 ], [ 26.6206152806642, -26.992119666188767 ], [ 26.62053738678441, -26.992275453948171 ], [ 26.620225811265684, -26.992327384400461 ], [ 26.619979146114176, -26.992184578354717 ], [ 26.619849322681546, -26.992067736635843 ], [ 26.619836340967886, -26.99189896626341 ], [ 26.619836340967886, -26.991704230664908 ], [ 26.619849322681546, -26.991509495965619 ], [ 26.619875287907693, -26.991288796040259 ], [ 26.619875287907696, -26.991068096114898 ], [ 26.619914234847503, -26.990847396189533 ], [ 26.619901252234474, -26.990548802384488 ], [ 26.619758025306108, -26.99044649730719 ], [ 26.620675828420257, -26.990097140369851 ], [ 26.620818772961528, -26.990029174106308 ], [ 26.624578935562965, -26.988642345766767 ], [ 26.624578935562965, -26.988181069100214 ], [ 26.624330557202946, -26.98732948216902 ], [ 26.62411765979569, -26.986548859841175 ], [ 26.623798315033763, -26.98566179015867 ], [ 26.623195107361852, -26.984313443809512 ], [ 26.622520934187314, -26.982752200952469 ], [ 26.622343520430647, -26.98236188978855 ], [ 26.622059656621385, -26.981049026190806 ], [ 26.621953209266721, -26.979736161693683 ], [ 26.621988692018043, -26.97806847058261 ], [ 26.621909208136962, -26.978046794223328 ], [ 26.621911010378337, -26.978026997447195 ], [ 26.621846001984917, -26.976589003978539 ], [ 26.621927997672493, -26.975799001721683 ], [ 26.622104000392895, -26.973818002098234 ], [ 26.622131003436611, -26.973543000208441 ], [ 26.622392001083487, -26.973580000116023 ], [ 26.623533997989167, -26.973661996702965 ], [ 26.623564997620118, -26.973664996841329 ], [ 26.624051000247068, -26.973700002951961 ], [ 26.62408199987793, -26.973703003090318 ], [ 26.6255540012098, -26.97381200182161 ], [ 26.626697011651409, -26.972916001871202 ], [ 26.626764995901461, -26.972356995877789 ], [ 26.627291995922512, -26.972392001988425 ], [ 26.627786001616293, -26.972420002380392 ], [ 26.627700996797198, -26.973372001315983 ], [ 26.627579000164403, -26.973470004036674 ], [ 26.627011999198036, -26.973912996586694 ], [ 26.627358001664003, -26.974252999675315 ], [ 26.6280560086715, -26.973717995688155 ], [ 26.628078998040934, -26.973698996610558 ], [ 26.628825000067319, -26.973121001432265 ], [ 26.629156001841668, -26.971450000816084 ], [ 26.629315996629582, -26.970623996899167 ], [ 26.629384485399349, -26.970231719817146 ], [ 26.63088163717153, -26.970344153958706 ], [ 26.633242756841479, -26.97052168192927 ], [ 26.635106799632833, -26.97065778712642 ], [ 26.636852490743635, -26.970805727401569 ], [ 26.636909003241694, -26.970061000613857 ], [ 26.636912004279335, -26.970034006563314 ], [ 26.636987002342121, -26.969205009702641 ], [ 26.637226999020566, -26.969207994552516 ], [ 26.637445993831392, -26.968688000250147 ], [ 26.637889001669901, -26.967605003367403 ], [ 26.637902997818941, -26.967571002698801 ], [ 26.638445996779144, -26.96626099894516 ], [ 26.638456002636179, -26.966235999590925 ], [ 26.638994996016073, -26.964909997797317 ], [ 26.639010395107498, -26.964871936689722 ], [ 26.638674832871093, -26.964771654187686 ], [ 26.638663619224463, -26.964799222905032 ], [ 26.638582262954912, -26.964999220436898 ], [ 26.637205300178294, -26.964555661313867 ], [ 26.637289090912557, -26.964339738587235 ], [ 26.637305582680334, -26.964297239325347 ], [ 26.636978795129085, -26.964198872379203 ], [ 26.637114001903488, -26.963852008362675 ], [ 26.637236996783727, -26.963538001976353 ], [ 26.636475003012791, -26.96326500287676 ], [ 26.637102998698211, -26.961722998316905 ], [ 26.637062997752899, -26.961632989669969 ], [ 26.637095002825891, -26.961557002352997 ], [ 26.637236996783731, -26.961238999379528 ], [ 26.640194995596421, -26.962226004425766 ], [ 26.640760001866465, -26.962413001358112 ], [ 26.640497997878089, -26.963119003338534 ], [ 26.64102100041271, -26.963293999717525 ], [ 26.641070001773013, -26.963370004121632 ] ] ] } },
{ "type": "Feature", "properties": { "Municipali": "City of Matlosana Local Municipality", "WardNo": "27", "WardLabel": "NW403_27", "Province": "North West", "CLASSIFICATION": "Service centre", "PopGBlack": 12646.722564, "PopGColour": 83.646007088999994, "PopGIndian": 14.272432902, "PopGWhite": 30.852512694000001, "PopGOther": 6.3957404, "PopGTotal": 12781.889258 }, "geometry": { "type": "Polygon", "coordinates": [ [ [ 26.615399996106341, -26.964515997614289 ], [ 26.615411000210894, -26.967600000438782 ], [ 26.615599999933529, -26.967594996610941 ], [ 26.617938996281104, -26.967770999331346 ], [ 26.618650999437552, -26.967826000968284 ], [ 26.618615004072634, -26.968446000781462 ], [ 26.618530996601699, -26.969410999417217 ], [ 26.619026996991803, -26.969453999601516 ], [ 26.619056999274591, -26.969456003291089 ], [ 26.620033990369834, -26.969531997802569 ], [ 26.620064000746506, -26.969534000592862 ], [ 26.621075997053186, -26.96961100324441 ], [ 26.621106000235262, -26.969612997041366 ], [ 26.622041002883471, -26.969683997617544 ], [ 26.622479997947067, -26.969707003174822 ], [ 26.622599999883636, -26.968492002003497 ], [ 26.622636003342432, -26.968136998223002 ], [ 26.622637998038748, -26.968110004172534 ], [ 26.622840813146578, -26.965872738235401 ], [ 26.623926319137908, -26.965970238235034 ], [ 26.624770135926628, -26.966006727327759 ], [ 26.624596456155082, -26.967997847921499 ], [ 26.624830605441712, -26.968231997208122 ], [ 26.625033002364756, -26.968266000574648 ], [ 26.625671003008019, -26.968342004978663 ], [ 26.624803002550095, -26.969903001421525 ], [ 26.62591199793399, -26.969993001075299 ], [ 26.625951997979932, -26.969997005756422 ], [ 26.626942004063814, -26.970079002343283 ], [ 26.626973003694768, -26.970080997938876 ], [ 26.629384485399349, -26.970231719817146 ], [ 26.629315996629582, -26.970623996899167 ], [ 26.629156001841668, -26.971450000816084 ], [ 26.628825000067319, -26.973121001432265 ], [ 26.628078998040934, -26.973698996610558 ], [ 26.6280560086715, -26.973717995688155 ], [ 26.627358001664003, -26.974252999675315 ], [ 26.627011999198036, -26.973912996586694 ], [ 26.627579000164403, -26.973470004036674 ], [ 26.627700996797198, -26.973372001315983 ], [ 26.627786001616293, -26.972420002380392 ], [ 26.627291995922512, -26.972392001988425 ], [ 26.626764995901461, -26.972356995877789 ], [ 26.626697011651409, -26.972916001871202 ], [ 26.6255540012098, -26.97381200182161 ], [ 26.62408199987793, -26.973703003090318 ], [ 26.624051000247068, -26.973700002951961 ], [ 26.623564997620118, -26.973664996841329 ], [ 26.623533997989167, -26.973661996702965 ], [ 26.622392001083487, -26.973580000116023 ], [ 26.622131003436611, -26.973543000208441 ], [ 26.622104000392895, -26.973818002098234 ], [ 26.621927997672493, -26.975799001721683 ], [ 26.621846001984917, -26.976589003978539 ], [ 26.621911010378337, -26.978026997447195 ], [ 26.621909208136962, -26.978046794223328 ], [ 26.621988692018043, -26.97806847058261 ], [ 26.621953209266721, -26.979736161693683 ], [ 26.622059656621385, -26.981049026190806 ], [ 26.622343520430647, -26.98236188978855 ], [ 26.622520934187314, -26.982752200952469 ], [ 26.623195107361852, -26.984313443809512 ], [ 26.623798315033763, -26.98566179015867 ], [ 26.62411765979569, -26.986548859841175 ], [ 26.624330557202946, -26.98732948216902 ], [ 26.624578935562965, -26.988181069100214 ], [ 26.624578935562965, -26.988642345766767 ], [ 26.620818772961528, -26.990029174106308 ], [ 26.620675828420257, -26.990097140369851 ], [ 26.619758025306108, -26.99044649730719 ], [ 26.615175993870427, -26.992190626295525 ], [ 26.61208100043115, -26.993385999763191 ], [ 26.610088000254315, -26.994211000036792 ], [ 26.608414000399105, -26.995211000286588 ], [ 26.608307205906119, -26.995289102809004 ], [ 26.590687001297042, -26.98286200008031 ], [ 26.60275600118171, -26.980484000135654 ], [ 26.602266001068244, -26.974314001588994 ], [ 26.602145654691384, -26.971800924372268 ], [ 26.602091889622191, -26.971021327271529 ], [ 26.601352347426179, -26.960685341654358 ], [ 26.612130874133967, -26.959153656814969 ], [ 26.615379002332517, -26.958653997982719 ], [ 26.615401998896548, -26.958850004323381 ], [ 26.615401998896548, -26.959220000701627 ], [ 26.615404999034904, -26.960943002816482 ], [ 26.615405997282345, -26.961111998918753 ], [ 26.615399996106341, -26.964425998859884 ], [ 26.615399996106341, -26.964515997614289 ] ] ] } },
{ "type": "Feature", "properties": { "Municipali": "City of Matlosana Local Municipality", "WardNo": "28", "WardLabel": "NW403_28", "Province": "North West", "CLASSIFICATION": "Service centre", "PopGBlack": 5355.3678994000002, "PopGColour": 94.819871156999994, "PopGIndian": 1.333139337, "PopGWhite": 3367.587304, "PopGOther": 5.6744767, "PopGTotal": 8824.7826905999991 }, "geometry": { "type": "Polygon", "coordinates": [ [ [ 26.682137488148989, -26.970951128890739 ], [ 26.693602235349527, -26.983137731320621 ], [ 26.694150664415865, -26.985910342981335 ], [ 26.699634392108237, -26.985576550616653 ], [ 26.701523868626349, -26.985511229259181 ], [ 26.702549811619239, -26.985461905042207 ], [ 26.702717513597054, -26.985530958586246 ], [ 26.706758492205463, -26.987116413890725 ], [ 26.706350000346983, -26.987999996901745 ], [ 26.706234003091534, -26.98829399786905 ], [ 26.705389998344454, -26.990429998345096 ], [ 26.705140003003486, -26.990999998550439 ], [ 26.70500000374188, -26.991489998663813 ], [ 26.704850006717209, -26.992119997139508 ], [ 26.704470003582554, -26.993300000294081 ], [ 26.704329997126347, -26.993680004328095 ], [ 26.704170002338433, -26.994130001697599 ], [ 26.704109996873569, -26.994490001211975 ], [ 26.704089999548529, -26.994890000772298 ], [ 26.704040000840067, -26.995269996712342 ], [ 26.703829999249809, -26.996120002635319 ], [ 26.703659997705412, -26.99678000429309 ], [ 26.70356000028848, -26.997209998042315 ], [ 26.703410003263727, -26.99764999944723 ], [ 26.703240001719415, -26.998179998707357 ], [ 26.702819996740168, -26.999150000271666 ], [ 26.70258999872415, -26.999779997848002 ], [ 26.702469996787585, -27.000070002228146 ], [ 26.702419998079122, -27.00031999666983 ], [ 26.702430003936243, -27.000370004371543 ], [ 26.702459998125068, -27.000419994986132 ], [ 26.702459998125068, -27.000470001788472 ], [ 26.702499999070376, -27.000539988828727 ], [ 26.702490001307225, -27.00080999588392 ], [ 26.702430003936239, -27.001350002799732 ], [ 26.702339996188584, -27.001850000676342 ], [ 26.702270001054359, -27.002210000190725 ], [ 26.702180001400585, -27.002600001088521 ], [ 26.702080003084376, -27.003099998965137 ], [ 26.702000001193845, -27.003469996242654 ], [ 26.70181000412305, -27.004540003317867 ], [ 26.701709997712964, -27.005120002185645 ], [ 26.701640001679369, -27.005499998125785 ], [ 26.701569999350635, -27.005729996141703 ], [ 26.701500004216502, -27.005989997339881 ], [ 26.701459995177306, -27.006270003057509 ], [ 26.700959997300686, -27.007669998371046 ], [ 26.700850001221241, -27.008000001897958 ], [ 26.70071000195972, -27.008319999567654 ], [ 26.700599997786306, -27.008599998090773 ], [ 26.700389996196048, -27.008900000234171 ], [ 26.70018999956346, -27.009150002769736 ], [ 26.699480000096582, -27.009820002190651 ], [ 26.698869998945916, -27.010449999766983 ], [ 26.698209998187501, -27.01097000216323 ], [ 26.697910012231869, -27.011299999394815 ], [ 26.697769996782583, -27.011519998748305 ], [ 26.697669999365573, -27.011690000292614 ], [ 26.697409998167487, -27.012359998814251 ], [ 26.697099998260935, -27.012960003101046 ], [ 26.696919998953383, -27.013439995558635 ], [ 26.696799996117534, -27.01368000123043 ], [ 26.696559992244399, -27.013940002428509 ], [ 26.696200000823993, -27.014150004018852 ], [ 26.696060001562383, -27.014300001043509 ], [ 26.695880002254921, -27.014460003925386 ], [ 26.695639998381786, -27.014579997767981 ], [ 26.694950001635817, -27.014929998619934 ], [ 26.694420002375768, -27.015249997188992 ], [ 26.694129997995613, -27.015400002307633 ], [ 26.693679999726736, -27.015670002168143 ], [ 26.693299995692804, -27.015900000184242 ], [ 26.692740001344568, -27.016259990705365 ], [ 26.692079999686786, -27.016629996076766 ], [ 26.691670002363221, -27.016829999903877 ], [ 26.691170005385974, -27.017119996190232 ], [ 26.690629997570788, -27.017310001354808 ], [ 26.689410001564777, -27.017740004097202 ], [ 26.688719991329062, -27.0179999972014 ], [ 26.68835999990856, -27.018089996855174 ], [ 26.687789998803837, -27.018160000083192 ], [ 26.687439997951977, -27.018150002320038 ], [ 26.686909997792654, -27.018100010806172 ], [ 26.686519995995482, -27.018010003058514 ], [ 26.686010000355619, -27.017930002067263 ], [ 26.684819999437799, -27.017710000915123 ], [ 26.684169997341911, -27.017570009747484 ], [ 26.683650002140336, -27.017300002692281 ], [ 26.682929995916972, -27.016960001402218 ], [ 26.682399995757649, -27.016740000250071 ], [ 26.681870003692119, -27.016510002234156 ], [ 26.681589997974392, -27.016390000297594 ], [ 26.681239998021901, -27.016160001382211 ], [ 26.680649999592138, -27.015859999238906 ], [ 26.680120000332092, -27.015530002906598 ], [ 26.679519996045386, -27.015180002054731 ], [ 26.678919999852472, -27.014619998713268 ], [ 26.678690001836461, -27.014340001988788 ], [ 26.678480000246115, -27.014039999845387 ], [ 26.678099996212183, -27.013500001023463 ], [ 26.677949999187426, -27.013150000171702 ], [ 26.677779997643114, -27.012789994362087 ], [ 26.677649997943394, -27.012390001996287 ], [ 26.677100001358312, -27.011439996857636 ], [ 26.676809996978069, -27.01090999669832 ], [ 26.676660000852682, -27.010570001703503 ], [ 26.676520001591072, -27.010189998568848 ], [ 26.676480000645846, -27.009889989230949 ], [ 26.676439999700538, -27.009690000692324 ], [ 26.676369997371804, -27.008180002104645 ], [ 26.676319997763972, -27.007480000400928 ], [ 26.676310000000825, -27.006959998004763 ], [ 26.676350008140648, -27.006500001073469 ], [ 26.676409998317123, -27.004860000987598 ], [ 26.676380003228932, -27.004389998199173 ], [ 26.676389992898198, -27.004209998891628 ], [ 26.676449998363069, -27.003840000714732 ], [ 26.676420004174151, -27.003409998871621 ], [ 26.676449998363069, -27.001689997794411 ], [ 26.676420004174155, -27.001199997681038 ], [ 26.676350008140655, -27.00078000169496 ], [ 26.676200003022011, -27.00057999786786 ], [ 26.676059996565893, -27.000500004071206 ], [ 26.675879997258434, -27.000250000636278 ], [ 26.675649999242328, -26.999850001975318 ], [ 26.675349997099019, -26.9993799991869 ], [ 26.675110000420489, -26.999130003845938 ], [ 26.674750000906108, -26.998579991073012 ], [ 26.674400000054248, -26.998030001682448 ], [ 26.673979987880401, -26.997510000185649 ], [ 26.673609998696751, -26.997150000671272 ], [ 26.673219996899668, -26.996740003347714 ], [ 26.672809998676822, -26.996400001158374 ], [ 26.672180001100397, -26.995990002935539 ], [ 26.671820001586102, -26.995730000838172 ], [ 26.671229996861104, -26.995449996019818 ], [ 26.670570004196577, -26.995200000678764 ], [ 26.670079995989315, -26.995020002270593 ], [ 26.669570000349456, -26.994830004300514 ], [ 26.668749995809886, -26.994620001810894 ], [ 26.6675099961836, -26.994450001165866 ], [ 26.666810002573762, -26.994300004141191 ], [ 26.666200001423093, -26.994170002642743 ], [ 26.665580000710623, -26.994050008800148 ], [ 26.66441000431244, -26.993870001398708 ], [ 26.663899999679419, -26.993799998170601 ], [ 26.663220003394617, -26.993669996672235 ], [ 26.662899996731579, -26.993539996972515 ], [ 26.662520000791528, -26.993449997318741 ], [ 26.661869998695636, -26.993420003129927 ], [ 26.661360003055865, -26.993409996373426 ], [ 26.660839999760235, -26.99340999637343 ], [ 26.660380002829015, -26.993430000893071 ], [ 26.659879997757795, -26.993510001884317 ], [ 26.659330001172712, -26.993659998909074 ], [ 26.658890000667071, -26.993770003082407 ], [ 26.658430003735763, -26.993939997432193 ], [ 26.65788999681995, -26.994189999967759 ], [ 26.657359996660542, -26.994440001604037 ], [ 26.656000002292284, -26.994949998143163 ], [ 26.653239997321982, -26.996220000951507 ], [ 26.652119998732978, -26.996830003001442 ], [ 26.650510000929788, -26.997749996864037 ], [ 26.649220001695671, -26.99844999766847 ], [ 26.648650000590941, -26.998830001702483 ], [ 26.648189995565755, -26.999079997043449 ], [ 26.647580001609686, -26.999429997895302 ], [ 26.646710000160301, -26.999890010115081 ], [ 26.646189996864759, -27.000210000590265 ], [ 26.646009997557211, -27.000349998952501 ], [ 26.645680001224989, -27.00047999955158 ], [ 26.645389997744108, -27.00052999915933 ], [ 26.645029999129008, -27.000560001442118 ], [ 26.64471000055994, -27.000669998420932 ], [ 26.644329997425285, -27.000849996829107 ], [ 26.64396000014775, -27.001019998373501 ], [ 26.64346000227113, -27.001289998234011 ], [ 26.642739996047855, -27.001570003052368 ], [ 26.641780002139207, -27.001850000676203 ], [ 26.640689997739027, -27.002110001874293 ], [ 26.64022000304448, -27.002320004363906 ], [ 26.639839999909821, -27.002510001434604 ], [ 26.639399999404183, -27.002600001088375 ], [ 26.638280000815186, -27.002860002286464 ], [ 26.637560002685699, -27.003019997074457 ], [ 26.637099997660513, -27.003109996728142 ], [ 26.63673999904541, -27.003229998664697 ], [ 26.636380000430396, -27.003340003737392 ], [ 26.636079999186279, -27.003419996634769 ], [ 26.633900000278452, -27.003660002306457 ], [ 26.633299996891026, -27.003729997440587 ], [ 26.632650001989646, -27.003769998385895 ], [ 26.632149996019141, -27.003800000668679 ], [ 26.631469998834973, -27.003769998385891 ], [ 26.630329996625697, -27.003800000668679 ], [ 26.629470000133974, -27.003800000668672 ], [ 26.629129997045354, -27.003769998385884 ], [ 26.628729998384312, -27.003670000069683 ], [ 26.628220001845257, -27.003520003044837 ], [ 26.627500003715774, -27.003269999609898 ], [ 26.626919995854649, -27.003030003830737 ], [ 26.626490002105506, -27.002940004176963 ], [ 26.625969999709326, -27.002879998712093 ], [ 26.62546000406947, -27.002740000349863 ], [ 26.624950000335726, -27.002659997559956 ], [ 26.624289990584156, -27.002649999796802 ], [ 26.623000000343282, -27.00269999940463 ], [ 26.622169998040469, -27.002709997167781 ], [ 26.621784001823695, -27.002709997167788 ], [ 26.621469996336749, -27.002709997167781 ], [ 26.62106999677642, -27.002720003024898 ], [ 26.620630004364664, -27.002879998712086 ], [ 26.620030000077954, -27.003099998964945 ], [ 26.61961299613635, -27.00327900092433 ], [ 26.619289998328199, -27.0033900033451 ], [ 26.618950003333456, -27.003589998179031 ], [ 26.61869000213537, -27.003819997094329 ], [ 26.618529999253493, -27.004029998684665 ], [ 26.61846000411936, -27.004140002857987 ], [ 26.618389999991972, -27.004559998844073 ], [ 26.618380002228729, -27.004990001586457 ], [ 26.618410005410801, -27.006019999622385 ], [ 26.618410005410801, -27.006389996900001 ], [ 26.618349999946027, -27.00677000003466 ], [ 26.618319996763862, -27.006990001186704 ], [ 26.618200002921174, -27.007250002384875 ], [ 26.618049997802537, -27.00770999931618 ], [ 26.617730000132834, -27.008649996799047 ], [ 26.617519996743837, -27.00927999527466 ], [ 26.617339998335655, -27.009720003874257 ], [ 26.617299997390433, -27.010000000598733 ], [ 26.617190001310899, -27.010369997876261 ], [ 26.617079997137569, -27.010679997782898 ], [ 26.616870002741827, -27.011190002415816 ], [ 26.616709999860035, -27.011680001629912 ], [ 26.616579999260946, -27.012049998907433 ], [ 26.616449990567975, -27.012409998421809 ], [ 26.616310000299709, -27.012859996690683 ], [ 26.61617999880125, -27.013259997150282 ], [ 26.616080001384326, -27.013509999685837 ], [ 26.615969997211, -27.013800003166708 ], [ 26.615780000140202, -27.014899997236231 ], [ 26.615730001431825, -27.015400002307448 ], [ 26.615659997304441, -27.015829996955965 ], [ 26.615619996359129, -27.016220005947638 ], [ 26.615590002170215, -27.016449996769051 ], [ 26.615460000671852, -27.016910001794322 ], [ 26.615390006436996, -27.017520003844254 ], [ 26.615320003208979, -27.018119999137795 ], [ 26.615230002655831, -27.018770002133042 ], [ 26.615140003002058, -27.019189998119039 ], [ 26.61508999619971, -27.019499998025669 ], [ 26.61505000334828, -27.020090003649852 ], [ 26.61492000274928, -27.021380002883948 ], [ 26.614849998621896, -27.021790001106783 ], [ 26.614790002150279, -27.022389996400328 ], [ 26.614719998922176, -27.022850001425592 ], [ 26.614729996685323, -27.023030000733144 ], [ 26.614750002104245, -27.023219997803849 ], [ 26.614689995740012, -27.023829999853788 ], [ 26.614579999660563, -27.024850000126559 ], [ 26.614520003188947, -27.025219997404086 ], [ 26.614449991866962, -27.025489997264685 ], [ 26.614400001252381, -27.025739999800248 ], [ 26.614329997124997, -27.02587999816258 ], [ 26.614189998762757, -27.02614999802309 ], [ 26.614000000792686, -27.026359999613433 ], [ 26.613759996020356, -27.026769997836265 ], [ 26.613540003861374, -27.027129997350642 ], [ 26.61326999680626, -27.027349996704135 ], [ 26.612979993325379, -27.027609997902214 ], [ 26.612450009353726, -27.028009998361899 ], [ 26.612100000407981, -27.028260000897458 ], [ 26.611870000593317, -27.028349999651958 ], [ 26.611370003616063, -27.028560002141486 ], [ 26.61081000117386, -27.028750000111554 ], [ 26.61019999912391, -27.028930000318375 ], [ 26.609700001247287, -27.029060000018088 ], [ 26.609160003324813, -27.029289998933383 ], [ 26.608689999637015, -27.029489994666687 ], [ 26.608240001368223, -27.029699997156222 ], [ 26.607440001348206, -27.030060003865191 ], [ 26.606910001188879, -27.030290001881202 ], [ 26.606519999391704, -27.030420003379568 ], [ 26.60614000435093, -27.030560000842428 ], [ 26.605720000270967, -27.030759996575739 ], [ 26.604319996863513, -27.031500000124041 ], [ 26.60377999804167, -27.031750001760241 ], [ 26.603280000165046, -27.031939991636424 ], [ 26.602950003832735, -27.032079998991904 ], [ 26.602440000099079, -27.032370003372058 ], [ 26.602119994335414, -27.032579996868424 ], [ 26.601159998628109, -27.033090000602165 ], [ 26.600639997131307, -27.033400001408069 ], [ 26.600040000938389, -27.033740002698135 ], [ 26.599349997897182, -27.034129997300607 ], [ 26.598599996585623, -27.034500001772727 ], [ 26.597870000692989, -27.034890003569895 ], [ 26.597120000280803, -27.035210002138957 ], [ 26.596540001412922, -27.03556000299081 ], [ 26.595830001046679, -27.035960001651855 ], [ 26.594950000035489, -27.036490002710533 ], [ 26.59420999828582, -27.036890002270844 ], [ 26.593570001147594, -27.037200003076766 ], [ 26.593139999304473, -27.037479999801231 ], [ 26.592619996908297, -27.037849997078759 ], [ 26.592070000323211, -27.038319999867177 ], [ 26.591570001547222, -27.038750002609568 ], [ 26.591170002886265, -27.039169998595643 ], [ 26.590720003718108, -27.039640002283353 ], [ 26.590179996802291, -27.04026000209652 ], [ 26.589750011147022, -27.040779996398804 ], [ 26.589380005775521, -27.041199999579408 ], [ 26.588619998606926, -27.042070002827412 ], [ 26.588250002228673, -27.042579999366545 ], [ 26.587990001030583, -27.043039996297942 ], [ 26.587739997595648, -27.043460000377806 ], [ 26.587419991832068, -27.043969996017566 ], [ 26.587020000365623, -27.044579998067515 ], [ 26.586759999167445, -27.045000002147468 ], [ 26.586480000644318, -27.045519995550467 ], [ 26.586260001290825, -27.045990000137458 ], [ 26.586130000691821, -27.046290001381568 ], [ 26.586009997855975, -27.046539995823245 ], [ 26.585820000785272, -27.046900003431503 ], [ 26.585670003760423, -27.047350001700288 ], [ 26.585599999633033, -27.047650003843685 ], [ 26.585450002608365, -27.048039998446249 ], [ 26.58520999873523, -27.048569997706284 ], [ 26.585010003002097, -27.048919998558134 ], [ 26.584869995646606, -27.049109995628829 ], [ 26.584610003441767, -27.049359999063768 ], [ 26.584439993803397, -27.049560002890864 ], [ 26.584300002635761, -27.049719997678775 ], [ 26.584099998808657, -27.049970001113703 ], [ 26.583849996273091, -27.050320001965648 ], [ 26.58310000395478, -27.051250001685275 ], [ 26.582760000866159, -27.051650002144971 ], [ 26.582479996047798, -27.052050001705286 ], [ 26.582289998077727, -27.052400001657858 ], [ 26.582050001399192, -27.05276999983467 ], [ 26.581820003383175, -27.053119999787242 ], [ 26.581680004121655, -27.05359000257566 ], [ 26.581569999948325, -27.053969999414992 ], [ 26.581389999741404, -27.054379996738462 ], [ 26.581139997205835, -27.055269996412331 ], [ 26.580980002417927, -27.055760003720302 ], [ 26.580869998244509, -27.056160003280617 ], [ 26.580810000873523, -27.057000004245854 ], [ 26.580819998636763, -27.057590000876875 ], [ 26.580900001426667, -27.058160001981591 ], [ 26.580930010904062, -27.058340002188409 ], [ 26.581039998889537, -27.058700000803427 ], [ 26.581129998543311, -27.059000002946817 ], [ 26.581229996859609, -27.059190000017519 ], [ 26.58148000029454, -27.059769999784667 ], [ 26.581839998909551, -27.060520000196934 ], [ 26.58209000234449, -27.060979997128232 ], [ 26.582220002044206, -27.061199998280372 ], [ 26.582310001697984, -27.061469997241609 ], [ 26.582479996047788, -27.061779997148236 ], [ 26.582980001118916, -27.062609998551672 ], [ 26.583309998350504, -27.063139998710987 ], [ 26.583569998649313, -27.063440000854467 ], [ 26.583949993689998, -27.063679998432285 ], [ 26.584409998715184, -27.063989998338826 ], [ 26.584669999913363, -27.064110000275303 ], [ 26.585050003048014, -27.064289999582865 ], [ 26.585469999933292, -27.064469998890402 ], [ 26.585919998202172, -27.064670002717509 ], [ 26.586490000206176, -27.064869999350091 ], [ 26.587239999718996, -27.065149996973847 ], [ 26.587860000431462, -27.065459988786515 ], [ 26.588240003566117, -27.065719998078571 ], [ 26.588640003126446, -27.066000002896924 ], [ 26.5889600016956, -27.066249998237893 ], [ 26.589329998973135, -27.066509999436057 ], [ 26.589670001162478, -27.066680000081003 ], [ 26.590160001275947, -27.067170000194459 ], [ 26.590410003811517, -27.067609999800723 ], [ 26.590619998207167, -27.067990003834748 ], [ 26.590809996177239, -27.068280007315614 ], [ 26.591059998712893, -27.068689997444576 ], [ 26.591509996981681, -27.069410002768471 ], [ 26.59193999972408, -27.070000001198135 ], [ 26.592070000323165, -27.070210002788482 ], [ 26.592279993819538, -27.070570002302862 ], [ 26.592399988561507, -27.070870004446256 ], [ 26.592439996701419, -27.071119998887934 ], [ 26.592500002166283, -27.071609998102023 ], [ 26.592599999583207, -27.072309999805736 ], [ 26.592630002765368, -27.07309000339998 ], [ 26.592560000436542, -27.073630009416515 ], [ 26.592619996908244, -27.074049998207897 ], [ 26.592680002373111, -27.074489997814254 ], [ 26.592760004263646, -27.075029996636175 ], [ 26.592900001726601, -27.075480002998841 ], [ 26.593080001933433, -27.076269997161731 ], [ 26.593170001587207, -27.07660000068854 ], [ 26.593260009334866, -27.076920000156974 ], [ 26.593399999603221, -27.077230000063519 ], [ 26.593490000156368, -27.077469995842772 ], [ 26.593700001746615, -27.078779999596428 ], [ 26.593750008548962, -27.079279996573671 ], [ 26.593750008548962, -27.079820004388843 ], [ 26.593729995935526, -27.080109999775747 ], [ 26.593690003983465, -27.080299996846449 ], [ 26.593549996627974, -27.081009997212767 ], [ 26.593480002393122, -27.081359998064535 ], [ 26.593359998657903, -27.081920001406012 ], [ 26.593290004423046, -27.082409999720824 ], [ 26.593170001587197, -27.082639998636111 ], [ 26.592990002279738, -27.082999998150488 ], [ 26.592579995962918, -27.084069997131817 ], [ 26.592330000621953, -27.084729997890133 ], [ 26.592110001268455, -27.085169998395852 ], [ 26.591880002353072, -27.085820001391014 ], [ 26.591689997188485, -27.08635000065113 ], [ 26.591239998020416, -27.087389997349582 ], [ 26.590900003025585, -27.088380003433539 ], [ 26.590680002772718, -27.088929999119241 ], [ 26.590560000836241, -27.089109999326073 ], [ 26.590439998000303, -27.089369999624871 ], [ 26.590150002613392, -27.090209999690821 ], [ 26.58989000231459, -27.090870001348591 ], [ 26.589739997195942, -27.091430003790695 ], [ 26.589450000909665, -27.091949998092982 ], [ 26.58933999673625, -27.092320002565113 ], [ 26.58891000298701, -27.093430003391024 ], [ 26.588730002780178, -27.093930001267641 ], [ 26.588470001582092, -27.094529995661805 ], [ 26.58830000093706, -27.09498000292384 ], [ 26.588110002967074, -27.095349992107579 ], [ 26.588120000730225, -27.095709998816464 ], [ 26.588039999738971, -27.096000003196711 ], [ 26.587959997848433, -27.096260004394786 ], [ 26.587800003060522, -27.097079999941183 ], [ 26.587670001562152, -27.09743999855619 ], [ 26.587590000570898, -27.097709998416793 ], [ 26.587469998634241, -27.098080002888921 ], [ 26.587459999971806, -27.098410000120509 ], [ 26.587330000272086, -27.099280003368527 ], [ 26.587209998335517, -27.100019997024301 ], [ 26.587150000065165, -27.100269999559952 ], [ 26.587100001356792, -27.100639996837479 ], [ 26.587060001310757, -27.101100001862662 ], [ 26.587079996837147, -27.101360003060741 ], [ 26.587000003040494, -27.102340002388299 ], [ 26.586970000757702, -27.103180003353621 ], [ 26.586890006961045, -27.103440003652331 ], [ 26.586759999167356, -27.103660003905105 ], [ 26.586579998960524, -27.104039998945868 ], [ 26.586459997023955, -27.104309998806464 ], [ 26.586409998315581, -27.104380002034574 ], [ 26.585850003067886, -27.10557000295238 ], [ 26.58561999695808, -27.106029999883678 ], [ 26.58539999580584, -27.106259998798961 ], [ 26.585079998136141, -27.106600000988305 ], [ 26.584700003095367, -27.106910000894853 ], [ 26.583920000400386, -27.10766999996963 ], [ 26.583550002223483, -27.108020000821401 ], [ 26.583269997405122, -27.108169989752362 ], [ 26.582900000127591, -27.10828999978272 ], [ 26.582419997777361, -27.10837000167334 ], [ 26.58210000010757, -27.108380000335764 ], [ 26.581770003775347, -27.108309996208384 ], [ 26.581409997066366, -27.108130004994806 ], [ 26.581039998889462, -27.107920003404551 ], [ 26.580779997691376, -27.107790001906103 ], [ 26.580280000714122, -27.107499999324588 ], [ 26.579910010631099, -27.107319999117681 ], [ 26.579430001985639, -27.107000001447979 ], [ 26.578990002379367, -27.106669997021793 ], [ 26.578720001619395, -27.106500002671986 ], [ 26.5777100009084, -27.105980001175201 ], [ 26.577099998858451, -27.105660002606133 ], [ 26.576449995863186, -27.1053200004167 ], [ 26.575779997341538, -27.104979998227449 ], [ 26.57532999817338, -27.104740000649553 ], [ 26.574049996702495, -27.104280003718241 ], [ 26.57337000041769, -27.104099997216185 ], [ 26.572820002933323, -27.103990000237371 ], [ 26.572319997862103, -27.103819998693059 ], [ 26.570930001211057, -27.103360001761665 ], [ 26.569669996165842, -27.103000003146651 ], [ 26.568419997877029, -27.102549995884619 ], [ 26.567389999840998, -27.102300001442934 ], [ 26.566490002404048, -27.102059996670523 ], [ 26.565700009140517, -27.101869998700536 ], [ 26.564850002318064, -27.101680008824349 ], [ 26.564200000222169, -27.101529997410477 ], [ 26.563549997226907, -27.101389998148868 ], [ 26.562789998152198, -27.10115999923358 ], [ 26.562290001174947, -27.1010399972971 ], [ 26.561689996888148, -27.100859989895582 ], [ 26.561239997719987, -27.100769998335771 ], [ 26.560240002866113, -27.100639996837405 ], [ 26.559469997934283, -27.100489999812645 ], [ 26.558359998007713, -27.100340002787888 ], [ 26.556819996238112, -27.100090000252315 ], [ 26.555899994281518, -27.09996999831575 ], [ 26.554890000765127, -27.099800004865315 ], [ 26.553640001577033, -27.099560000092914 ], [ 26.553169998788601, -27.099449995919585 ], [ 26.552480003841275, -27.099399997211115 ], [ 26.551910002736552, -27.099280003368431 ], [ 26.551470002231, -27.099200000578524 ], [ 26.550059992966428, -27.098920003854047 ], [ 26.54944999901036, -27.09878000459253 ], [ 26.549030003024271, -27.098649995899557 ], [ 26.548590001619353, -27.098469996592012 ], [ 26.548339999083787, -27.098239997676721 ], [ 26.54788000215239, -27.097820001690735 ], [ 26.547589998671508, -27.097489998163908 ], [ 26.547359999756218, -27.097209999640782 ], [ 26.546979996621562, -27.096649998097874 ], [ 26.546539996115921, -27.095970000014429 ], [ 26.545970003105168, -27.095279996973243 ], [ 26.545360001055219, -27.094710003962486 ], [ 26.544789999950581, -27.094219995755143 ], [ 26.544219998845854, -27.093790002005907 ], [ 26.543750004151303, -27.093499997625752 ], [ 26.542929999611729, -27.092929997420402 ], [ 26.542179991105662, -27.092519999197567 ], [ 26.541190002108817, -27.091779997447905 ], [ 26.540279997915469, -27.091180001254997 ], [ 26.539569997549222, -27.09074999941188 ], [ 26.53898000091819, -27.09046000312561 ], [ 26.538540000412556, -27.090319995770123 ], [ 26.538019998016381, -27.090169998745367 ], [ 26.536909998989088, -27.090079999990959 ], [ 26.535120001878425, -27.09012000003689 ], [ 26.534069999322838, -27.090110002273743 ], [ 26.533260002438944, -27.090209999690668 ], [ 26.532650000388998, -27.090229997015697 ], [ 26.531639997879346, -27.090309998006951 ], [ 26.53081000367041, -27.090489990119895 ], [ 26.530139997054967, -27.090629995676636 ], [ 26.529519997241778, -27.090780000795366 ], [ 26.52865000208762, -27.091000001947407 ], [ 26.52804000003767, -27.091260003145585 ], [ 26.527710003705355, -27.091440001553678 ], [ 26.526960003293166, -27.091970001713165 ], [ 26.526480001842213, -27.092439998206263 ], [ 26.525980003965586, -27.093049999356918 ], [ 26.525259997742307, -27.093909995848538 ], [ 26.524589999220652, -27.095099996766344 ], [ 26.524310000697522, -27.095569999554762 ], [ 26.52414999781573, -27.095859995841039 ], [ 26.523820002382791, -27.096609997152576 ], [ 26.523569998947853, -27.097039998995694 ], [ 26.523389999640386, -27.097409996273218 ], [ 26.523129999341577, -27.097979997377934 ], [ 26.522959996897896, -27.098390002795288 ], [ 26.522809999873136, -27.098710002263715 ], [ 26.522779997590437, -27.098959996705393 ], [ 26.522739996645118, -27.10021001118194 ], [ 26.522710001556835, -27.101219995705065 ], [ 26.52262000280243, -27.101800003566193 ], [ 26.522490002203426, -27.102300001442806 ], [ 26.522279999713803, -27.102939997681652 ], [ 26.522180002296786, -27.103379999086567 ], [ 26.522100000406251, -27.1036899989932 ], [ 26.521960002044011, -27.103919997009211 ], [ 26.521799999162219, -27.104079999890992 ], [ 26.521619998955298, -27.104389999797537 ], [ 26.521499997018815, -27.104600002287153 ], [ 26.521420003222076, -27.104879999911002 ], [ 26.521340002230815, -27.105109997926927 ], [ 26.520980002716431, -27.106060003065569 ], [ 26.520699996998705, -27.106789998958188 ], [ 26.520450001657732, -27.10723999812625 ], [ 26.520329999721255, -27.107419997433794 ], [ 26.520029997577858, -27.10768999639512 ], [ 26.519769997279045, -27.108010003058066 ], [ 26.519139998803421, -27.108800004415546 ], [ 26.518699998297695, -27.109380003283416 ], [ 26.518280002311695, -27.109920002105333 ], [ 26.518060002058917, -27.110419999082577 ], [ 26.517939999223067, -27.110750004408047 ], [ 26.517620000653906, -27.111939997231971 ], [ 26.517509997379857, -27.112500007768055 ], [ 26.517379996780857, -27.112900000133767 ], [ 26.517189998810785, -27.113200002277154 ], [ 26.516669997313976, -27.114159996185784 ], [ 26.516370003264456, -27.114740004046816 ], [ 26.515990000129801, -27.115399995812052 ], [ 26.515710001606671, -27.11591000044498 ], [ 26.515369999417324, -27.116589997629138 ], [ 26.515260003337875, -27.116830002401549 ], [ 26.514169991743096, -27.118849998427557 ], [ 26.512880000602841, -27.120399997960451 ], [ 26.512149996616408, -27.121180000655411 ], [ 26.511550001322771, -27.121830003650668 ], [ 26.511050002546867, -27.122230003210984 ], [ 26.510660009742942, -27.122720003324346 ], [ 26.510099999206851, -27.123340003137532 ], [ 26.509719996072196, -27.123629999423805 ], [ 26.509439997549066, -27.123989998038805 ], [ 26.509210000432418, -27.124400004355618 ], [ 26.508319999859335, -27.125650001745033 ], [ 26.507860002927934, -27.126199999229481 ], [ 26.507349999194279, -27.126720000726269 ], [ 26.506970004153594, -27.127219997703602 ], [ 26.506130004087623, -27.128000002197219 ], [ 26.505719997770896, -27.128310002103753 ], [ 26.505239996319943, -27.128700003001551 ], [ 26.504810001671423, -27.129179997257893 ], [ 26.503660001698815, -27.130070004126182 ], [ 26.503270007995521, -27.130430002741281 ], [ 26.502919999049769, -27.130740002647823 ], [ 26.502569998197998, -27.130949997043558 ], [ 26.502089996747042, -27.131209998241641 ], [ 26.501480002790974, -27.131609997802045 ], [ 26.500820010126354, -27.13199999869985 ], [ 26.500179997699721, -27.132319998168185 ], [ 26.499819999084711, -27.13247000328683 ], [ 26.499729999430933, -27.132570000703744 ], [ 26.499689997586341, -27.132620000311583 ], [ 26.499550000123381, -27.132650001695001 ], [ 26.498970000356223, -27.132799998719843 ], [ 26.498410005108614, -27.132899997036048 ], [ 26.497900001374962, -27.132950003838388 ], [ 26.497569996948766, -27.132910002893169 ], [ 26.497159998725916, -27.132899997036045 ], [ 26.496009998753397, -27.132620000311565 ], [ 26.495259998341208, -27.132390001396271 ], [ 26.494729998181796, -27.132189996669805 ], [ 26.494059998760772, -27.131839995817948 ], [ 26.493430008379029, -27.131609997802027 ], [ 26.492819999134564, -27.131370001123489 ], [ 26.491070002969128, -27.13089999833506 ], [ 26.490419999973863, -27.13074000264778 ], [ 26.48979000239752, -27.130610002048783 ], [ 26.488500003163391, -27.130239996677286 ], [ 26.487400000999969, -27.130040000944064 ], [ 26.486590003216794, -27.130000000898114 ], [ 26.485769998677213, -27.130019997323785 ], [ 26.485180002046189, -27.130170002442416 ], [ 26.48452000128777, -27.1304199968841 ], [ 26.483990001128355, -27.130710007559568 ], [ 26.483580002905502, -27.131029998934121 ], [ 26.483330000369936, -27.131280000570321 ], [ 26.482859996682134, -27.131710004212078 ], [ 26.482520001687391, -27.132149995724543 ], [ 26.481919999199238, -27.132830001901858 ], [ 26.481580004204496, -27.133329998879102 ], [ 26.481230003352628, -27.133639998785647 ], [ 26.480939998972381, -27.133869997700938 ], [ 26.480559995837719, -27.134219991358275 ], [ 26.478909997988573, -27.1360100028581 ], [ 26.478329999120696, -27.136820000641261 ], [ 26.478069997922603, -27.137279997572563 ], [ 26.477780001636233, -27.137980000175641 ], [ 26.477629997416962, -27.138510000335046 ], [ 26.477480000392198, -27.138980003123379 ], [ 26.477340001130678, -27.139420003629009 ], [ 26.477279995665814, -27.139889999222827 ], [ 26.477229996957348, -27.140310003302787 ], [ 26.477169999586277, -27.140639999635003 ], [ 26.477120000877903, -27.141200002077195 ], [ 26.477079999932588, -27.14165000124526 ], [ 26.476999998941245, -27.142090001750979 ], [ 26.476999998941242, -27.142620001910299 ], [ 26.476959997996019, -27.142989999187911 ], [ 26.476800003208101, -27.144740003447197 ], [ 26.476800003208105, -27.145240001323803 ], [ 26.47677000811991, -27.145559998993505 ], [ 26.476730007174595, -27.145760002820598 ], [ 26.476659995852607, -27.146040001343724 ], [ 26.476609997144148, -27.146629997974827 ], [ 26.476490003301457, -27.147299997395752 ], [ 26.476389997790651, -27.147850002074705 ], [ 26.476360001803084, -27.14818999706953 ], [ 26.476279992717945, -27.148489998313551 ], [ 26.476100000604998, -27.148860003684963 ], [ 26.475840000306281, -27.149549998632271 ], [ 26.475709999707188, -27.150079998791675 ], [ 26.47548000079189, -27.150690000841617 ], [ 26.475390001138113, -27.151140000009764 ], [ 26.475160003122095, -27.151610002798186 ], [ 26.474900001924009, -27.15202999878418 ], [ 26.474299997637203, -27.152959999403176 ], [ 26.473960003541741, -27.153399999908814 ], [ 26.473629999115548, -27.153759999423187 ], [ 26.473380003774583, -27.153939997831362 ], [ 26.473090001192979, -27.154150001220358 ], [ 26.472510001425821, -27.154429989850939 ], [ 26.471630000414535, -27.154649998197588 ], [ 26.471220002191689, -27.154720002324972 ], [ 26.470899996428017, -27.154749995614505 ], [ 26.470529999150482, -27.154829998404409 ], [ 26.470099997307361, -27.155020002669712 ], [ 26.469720001367303, -27.155189997019505 ], [ 26.469069998372039, -27.155479999601098 ], [ 26.468489998604877, -27.155719997178821 ], [ 26.468030001673569, -27.155939997431677 ], [ 26.467469999231358, -27.156159997684441 ], [ 26.467140002899132, -27.15632999922876 ], [ 26.466799999810419, -27.15641999888253 ], [ 26.466369997967298, -27.15654999858225 ], [ 26.465649999837808, -27.156790004254013 ], [ 26.465150001961185, -27.156980002224088 ], [ 26.464639998227529, -27.157160000632263 ], [ 26.46411999583135, -27.157299999893784 ], [ 26.463740000790576, -27.157410004067103 ], [ 26.463229997056921, -27.157489997863838 ], [ 26.462710002754623, -27.157590003374647 ], [ 26.462130002987376, -27.157650000745626 ], [ 26.461820003080824, -27.157700000353461 ], [ 26.46139999900085, -27.157740007593997 ], [ 26.461080001331148, -27.157820002289931 ], [ 26.460620004399836, -27.157910001943701 ], [ 26.460389998289852, -27.157950001989729 ], [ 26.460000003687277, -27.157990002934952 ], [ 26.459210003229138, -27.157990002934952 ], [ 26.45882000143196, -27.157950001989729 ], [ 26.458190002956339, -27.15782000228992 ], [ 26.457800001159161, -27.157680003028407 ], [ 26.457520004434681, -27.157550003328687 ], [ 26.457220002291283, -27.157349998602303 ], [ 26.456990003375985, -27.157259998948529 ], [ 26.456669996712943, -27.157070000978464 ], [ 26.456290001672254, -27.156819999342183 ], [ 26.455580010299258, -27.156389987606538 ], [ 26.4548899982648, -27.155899989291715 ], [ 26.454489998704474, -27.155610001099323 ], [ 26.454040000435683, -27.155319996719168 ], [ 26.452669999310928, -27.154649998197524 ], [ 26.452220000142766, -27.15438998890556 ], [ 26.451680002220204, -27.154140001658391 ], [ 26.45125999814023, -27.153930000068129 ], [ 26.448959997295912, -27.152950000740567 ], [ 26.448040003433196, -27.152559999842765 ], [ 26.447610000690794, -27.152379999635933 ], [ 26.447079999632102, -27.152200001227666 ], [ 26.445860005424727, -27.151710001114292 ], [ 26.445260001137925, -27.151490000861514 ], [ 26.444760011355182, -27.151300002891453 ], [ 26.443729997131374, -27.150900003331127 ], [ 26.442820001931274, -27.150649999896281 ], [ 26.442200001218801, -27.150439998305849 ], [ 26.44150999817759, -27.150210000289928 ], [ 26.440740001339641, -27.149999997800304 ], [ 26.439990000028075, -27.149869997201296 ], [ 26.43894999613509, -27.149769998885002 ], [ 26.438300002132991, -27.149760001121759 ], [ 26.437749996554647, -27.149729998838961 ], [ 26.437010001999571, -27.149680000130505 ], [ 26.434890001361996, -27.149609996003115 ], [ 26.434159997375474, -27.149609996003107 ], [ 26.433439999246069, -27.149649996948416 ], [ 26.432279999711664, -27.149750003358591 ], [ 26.431319997709124, -27.149819997593433 ], [ 26.430589993722688, -27.149919995909649 ], [ 26.429970001104095, -27.15003000008296 ], [ 26.429340002628383, -27.150139997061775 ], [ 26.42895000173057, -27.150240001673392 ], [ 26.428589995021586, -27.15033999998959 ], [ 26.428230003601083, -27.150500002871379 ], [ 26.427700002542473, -27.150770002731981 ], [ 26.427419997724023, -27.150950002039529 ], [ 26.427050001345766, -27.151249996089039 ], [ 26.426699999594618, -27.151679997932142 ], [ 26.426219990949065, -27.15239000639226 ], [ 26.425639999275869, -27.153269999309551 ], [ 26.425459999968318, -27.153589997878615 ], [ 26.425270001998243, -27.154000004195424 ], [ 26.425100001353211, -27.154450001564921 ], [ 26.424880000201064, -27.155070002277387 ], [ 26.424740001838913, -27.155529999208682 ], [ 26.424629997665491, -27.15606000026737 ], [ 26.42461000123982, -27.156570004001093 ], [ 26.424560001631985, -27.156819999342062 ], [ 26.424539998011806, -27.157219998003104 ], [ 26.424499997066487, -27.157590003374509 ], [ 26.424290002670741, -27.158459997629368 ], [ 26.424160002071655, -27.159020000970852 ], [ 26.424059996560842, -27.159579996218437 ], [ 26.423919998198603, -27.159980003872636 ], [ 26.423770001173846, -27.160430003040787 ], [ 26.423590000967007, -27.160669998819952 ], [ 26.423420000321975, -27.160970000963349 ], [ 26.423110000415424, -27.161779990652612 ], [ 26.422870002837605, -27.162210000589614 ], [ 26.422589998019156, -27.162769995837202 ], [ 26.422409997812316, -27.163189999917158 ], [ 26.422160003370628, -27.163670002267381 ], [ 26.421839996707675, -27.164250001135247 ], [ 26.421659998299404, -27.164669997121237 ], [ 26.42137000201312, -27.165279999171172 ], [ 26.421200008562685, -27.165630000023029 ], [ 26.421029999823773, -27.165920004403276 ], [ 26.420869996042612, -27.166240002072964 ], [ 26.420749994106043, -27.166739999949581 ], [ 26.420610002938407, -27.167120003084232 ], [ 26.420400001348142, -27.167619992866875 ], [ 26.420109997867264, -27.168400003655815 ], [ 26.420029995976638, -27.16872999998812 ], [ 26.41992999766034, -27.169129992353827 ], [ 26.419870001188723, -27.16944000035425 ], [ 26.419830000243408, -27.170469998390267 ], [ 26.419900002572142, -27.171359997164686 ], [ 26.419070001168695, -27.171644997716996 ], [ 26.413549998422631, -27.173439997756244 ], [ 26.410899995826981, -27.174300003241118 ], [ 26.397660003095211, -27.178600001887006 ], [ 26.390610002637818, -27.180885002039627 ], [ 26.384799996410901, -27.169179999156036 ], [ 26.376840000753401, -27.172850000225715 ], [ 26.374620001799613, -27.168420000081298 ], [ 26.372549999870497, -27.164269990366126 ], [ 26.380489991008364, -27.160099997715061 ], [ 26.378859996779489, -27.156689997843525 ], [ 26.378700001991582, -27.156350002848782 ], [ 26.371780003032598, -27.141839999214938 ], [ 26.364612993582519, -27.126807000241154 ], [ 26.364600002875605, -27.126779998096819 ], [ 26.353580001003682, -27.112310001703491 ], [ 26.349109999913942, -27.10650000267119 ], [ 26.405070001268452, -27.081958996009394 ], [ 26.403799997560714, -27.079479003951363 ], [ 26.409435997562227, -27.076020999168243 ], [ 26.422985002745097, -27.067700000353334 ], [ 26.426578002962003, -27.065492999301032 ], [ 26.430807999279327, -27.062895000002786 ], [ 26.449474995864453, -27.051427000854051 ], [ 26.453301999677681, -27.04907499941033 ], [ 26.462893999548829, -27.04317799996339 ], [ 26.466720996167457, -27.040825000272303 ], [ 26.467941996716242, -27.041777996555972 ], [ 26.473210999578544, -27.045891997416504 ], [ 26.515667001422489, -27.046479999351341 ], [ 26.517869995995085, -27.041788003312629 ], [ 26.523587003329247, -27.029606989270054 ], [ 26.525181002193211, -27.02620899714638 ], [ 26.529530003099023, -27.016939995982902 ], [ 26.537005000672206, -27.001006999572343 ], [ 26.540514002411417, -26.993861000983305 ], [ 26.590687001297042, -26.98286200008031 ], [ 26.608307205906119, -26.995289102809004 ], [ 26.608414000399105, -26.995211000286588 ], [ 26.610088000254315, -26.994211000036792 ], [ 26.61208100043115, -26.993385999763191 ], [ 26.615175993870427, -26.992190626295525 ], [ 26.619758025306108, -26.99044649730719 ], [ 26.619901252234474, -26.990548802384488 ], [ 26.619914234847503, -26.990847396189533 ], [ 26.619875287907696, -26.991068096114898 ], [ 26.619875287907693, -26.991288796040259 ], [ 26.619849322681546, -26.991509495965619 ], [ 26.619836340967886, -26.991704230664908 ], [ 26.619836340967886, -26.99189896626341 ], [ 26.619849322681546, -26.992067736635843 ], [ 26.619979146114176, -26.992184578354717 ], [ 26.620225811265684, -26.992327384400461 ], [ 26.62053738678441, -26.992275453948171 ], [ 26.6206152806642, -26.992119666188767 ], [ 26.620887911041766, -26.991937913203305 ], [ 26.62104369880117, -26.991937913203309 ], [ 26.621251416113417, -26.992041772309065 ], [ 26.621368256933014, -26.992223525294623 ], [ 26.62149808126501, -26.99237931305402 ], [ 26.62149808126501, -26.992561066039489 ], [ 26.62166685073808, -26.992625978205446 ], [ 26.621848603723631, -26.992600012979377 ], [ 26.622004392382319, -26.992457206933725 ], [ 26.622160180141723, -26.992483172159869 ], [ 26.622290003574353, -26.992574047753234 ], [ 26.622302986187382, -26.992794747678587 ], [ 26.622315967901127, -26.993015447603948 ], [ 26.622406845293234, -26.993365970961936 ], [ 26.622536667826491, -26.993573689173541 ], [ 26.622614561706193, -26.993716495219292 ], [ 26.622796314691747, -26.993872282978693 ], [ 26.623042979843166, -26.993989123798197 ], [ 26.623315609321452, -26.99400210641123 ], [ 26.62343245014096, -26.994118947230831 ], [ 26.62356227357359, -26.994326665442436 ], [ 26.623744025659775, -26.994638240961152 ], [ 26.623899815217829, -26.994845959172853 ], [ 26.624198408123615, -26.994716134840949 ], [ 26.624393143722106, -26.994716134840946 ], [ 26.624743667080097, -26.994936834766307 ], [ 26.62499033133232, -26.994949817379336 ], [ 26.625249978197491, -26.994923853052562 ], [ 26.625327872077193, -26.994755081780756 ], [ 26.625470678122852, -26.994599294021352 ], [ 26.625691378048213, -26.994430523648923 ], [ 26.625951024913473, -26.994196841110451 ], [ 26.626223654391758, -26.994015089024259 ], [ 26.626366460437328, -26.993833336038801 ], [ 26.626405407377224, -26.993573689173552 ], [ 26.626509265583707, -26.993288077082241 ], [ 26.626431371704005, -26.993145271036585 ], [ 26.626158743125085, -26.99309334238303 ], [ 26.626054884019236, -26.992911589397476 ], [ 26.625925059687326, -26.99270387208524 ], [ 26.625938043199724, -26.992522119099689 ], [ 26.626262601331568, -26.992301419174328 ], [ 26.626522248196739, -26.992184578354731 ], [ 26.626872770655442, -26.992184578354731 ], [ 26.627002594987353, -26.992301419174328 ], [ 26.626937682821396, -26.99249615387355 ], [ 26.626885754167841, -26.992638959919287 ], [ 26.62711943580695, -26.992755800738795 ], [ 26.627340135732311, -26.992729836412014 ], [ 26.627586799984449, -26.99261299469314 ], [ 26.62775557125617, -26.992509137385941 ], [ 26.628015218121426, -26.992405278280092 ], [ 26.628041181548923, -26.992210542681608 ], [ 26.627911359015577, -26.99200282536928 ], [ 26.627651712150406, -26.991873001936646 ], [ 26.627482941777885, -26.992002825369273 ], [ 26.627340135732315, -26.991911948876545 ], [ 26.627392065285239, -26.991717214177243 ], [ 26.627599782597482, -26.991535461191777 ], [ 26.627820483422123, -26.991366689919982 ], [ 26.628054165061322, -26.99139265514604 ], [ 26.628183987594582, -26.991522477679389 ], [ 26.628365740580044, -26.991639319398267 ], [ 26.62866433528448, -26.991652302011296 ], [ 26.628781176104077, -26.991808089770696 ], [ 26.628716263938035, -26.992041772309083 ], [ 26.62876819439024, -26.992145631414928 ], [ 26.629040822969245, -26.992288436561221 ], [ 26.629248541180857, -26.992301419174339 ], [ 26.629209594240962, -26.9925221190997 ], [ 26.629274504608265, -26.992677906859104 ], [ 26.629378363714114, -26.992885625070709 ], [ 26.629586081925815, -26.993002465890221 ], [ 26.629832746177868, -26.993041412830113 ], [ 26.629871693117764, -26.993184217976399 ], [ 26.629923621771407, -26.993391936188097 ], [ 26.630066427816974, -26.993612636113454 ], [ 26.630079411329461, -26.993833336038808 ], [ 26.630091521600026, -26.993958074704608 ], [ 26.630445864378792, -26.993864826699557 ], [ 26.630738039722367, -26.993821311203732 ], [ 26.631011566724126, -26.993790228835223 ], [ 26.63122292808934, -26.99375293035262 ], [ 26.631403207085963, -26.993647249220334 ], [ 26.631502671204949, -26.993491835578904 ], [ 26.6316207845652, -26.993379939231961 ], [ 26.631788631333954, -26.993280475113067 ], [ 26.631956477203339, -26.993156143840142 ], [ 26.632068373550286, -26.993019381238632 ], [ 26.632174054682487, -26.992789369732794 ], [ 26.632230004205017, -26.992633956990741 ], [ 26.632198920937146, -26.992522058845143 ], [ 26.632093240704219, -26.992478544248598 ], [ 26.631925394834838, -26.99246611112136 ], [ 26.631732682710798, -26.992528275858358 ], [ 26.631490238077713, -26.992708554855067 ], [ 26.63122292808934, -26.992913700106346 ], [ 26.631055082219955, -26.993006948111304 ], [ 26.630912101705775, -26.993006948111308 ], [ 26.63081885460009, -26.992932350246974 ], [ 26.630843720854656, -26.992658823245296 ], [ 26.63084993696868, -26.992540708985679 ], [ 26.630930751846407, -26.992497192590573 ], [ 26.631067515347198, -26.992503409603877 ], [ 26.631191845720753, -26.992422594726158 ], [ 26.631229145102559, -26.992298265251975 ], [ 26.631222928089343, -26.992149067724487 ], [ 26.63121671197532, -26.992030955263605 ], [ 26.631303742966978, -26.991950140385889 ], [ 26.63148402196369, -26.9918755416221 ], [ 26.631707817355512, -26.9918755416221 ], [ 26.631950261089319, -26.991875541622104 ], [ 26.632155406340598, -26.991863109394139 ], [ 26.632292168942108, -26.991738778121309 ], [ 26.632416499315664, -26.991465252019012 ], [ 26.632484881066059, -26.99117929189001 ], [ 26.63251596433393, -26.990762785273525 ], [ 26.63249731419339, -26.990383578038848 ], [ 26.632491098079456, -26.99018464890159 ], [ 26.632534612675915, -26.989973288435756 ], [ 26.632665160062775, -26.989805441666917 ], [ 26.632814355791524, -26.989625162670297 ], [ 26.632888954555316, -26.989420018318388 ], [ 26.632932470051145, -26.989233522308375 ], [ 26.632932470051141, -26.989059460325063 ], [ 26.632882738441289, -26.988854315073784 ], [ 26.632708675558604, -26.988487540067062 ], [ 26.632665160062775, -26.988325911211078 ], [ 26.632658943948844, -26.988002651700178 ], [ 26.632609211439618, -26.987710476356529 ], [ 26.632491098079459, -26.987418299214312 ], [ 26.632428932442995, -26.987213153963125 ], [ 26.63243514855693, -26.986995575584523 ], [ 26.632491098079459, -26.986672316972999 ], [ 26.632453798697568, -26.986492037976383 ], [ 26.632385416947077, -26.986299325852439 ], [ 26.632292168942115, -26.986187428606115 ], [ 26.632118106958711, -26.9861128307417 ], [ 26.631931610948783, -26.986044448991308 ], [ 26.631844579957122, -26.985938767859018 ], [ 26.638125365986621, -26.983683537064746 ], [ 26.640130864041922, -26.982855579820381 ], [ 26.643185108300013, -26.980886880224514 ], [ 26.646644131115714, -26.978623795650908 ], [ 26.648024060755713, -26.978035025695103 ], [ 26.649514383975589, -26.977795838406465 ], [ 26.651979807915826, -26.977780805339151 ], [ 26.651984577020585, -26.977797760257683 ], [ 26.652469087672277, -26.979163199121619 ], [ 26.652909552228042, -26.980066149932089 ], [ 26.653548224664856, -26.980814939856824 ], [ 26.653725574569663, -26.980976166715976 ], [ 26.654032736215832, -26.981255405311963 ], [ 26.654693432150157, -26.981761937662515 ], [ 26.655486268170829, -26.982202403117643 ], [ 26.65641124337829, -26.982488704989013 ], [ 26.6573582411839, -26.982686912869966 ], [ 26.660309352089101, -26.982642866774142 ], [ 26.661432536076802, -26.982730959865194 ], [ 26.662511673968751, -26.982885121650302 ], [ 26.66678417764189, -26.984338655403938 ], [ 26.666863998768754, -26.984136997723517 ], [ 26.668363003144339, -26.980868000756892 ], [ 26.668507997240539, -26.981063999902958 ], [ 26.668926005724813, -26.981754002944157 ], [ 26.671712997551065, -26.980456000643233 ], [ 26.671923998288221, -26.980338000597492 ], [ 26.671389999742917, -26.979421997026812 ], [ 26.670661997647326, -26.978205999406612 ], [ 26.66992199589766, -26.976962997843334 ], [ 26.669688996844009, -26.976574999735728 ], [ 26.669452001203116, -26.976166997108496 ], [ 26.669436999612124, -26.976143002296933 ], [ 26.669204000558377, -26.975746002874974 ], [ 26.66810300194626, -26.973862997878339 ], [ 26.667957003307304, -26.973520002745232 ], [ 26.66788699917992, -26.973174000279176 ], [ 26.667833002984938, -26.972566001019349 ], [ 26.667809998327026, -26.971995999914729 ], [ 26.673352997637053, -26.972723003762884 ], [ 26.673374377220046, -26.97271821487297 ], [ 26.675470949618965, -26.975027484130393 ], [ 26.682137488148989, -26.970951128890739 ] ] ] } },
{ "type": "Feature", "properties": { "Municipali": "City of Matlosana Local Municipality", "WardNo": "29", "WardLabel": "NW403_29", "Province": "North West", "CLASSIFICATION": "Service centre", "PopGBlack": 3735.9791113000001, "PopGColour": 122.34270091, "PopGIndian": 22.055228712000002, "PopGWhite": 3245.6561342999998, "PopGOther": 34.3711125, "PopGTotal": 7160.4042877000002 }, "geometry": { "type": "Polygon", "coordinates": [ [ [ 26.734266001669948, -26.876683995969021 ], [ 26.731845000641457, -26.886739998351633 ], [ 26.731762996859999, -26.887059996920698 ], [ 26.730447998271647, -26.892188004072498 ], [ 26.73017499917205, -26.893252001877826 ], [ 26.729784997374875, -26.894774001918048 ], [ 26.727238002227153, -26.904701009143608 ], [ 26.727164997961406, -26.90484000296318 ], [ 26.727090997246872, -26.90498000132542 ], [ 26.723623962370993, -26.924701276741956 ], [ 26.721731865228438, -26.934791040573408 ], [ 26.715539413308225, -26.937759774593253 ], [ 26.709623990349744, -26.940596764228633 ], [ 26.708136160949952, -26.941440831928187 ], [ 26.707129719755553, -26.942224405831006 ], [ 26.706284241019716, -26.943116857056634 ], [ 26.705603160152538, -26.944173707050293 ], [ 26.705016020667586, -26.945441927402406 ], [ 26.704522824363604, -26.947344257031169 ], [ 26.703912199982842, -26.950021608909495 ], [ 26.703113691038794, -26.9538027832712 ], [ 26.701657587022744, -26.954131580807143 ], [ 26.700718165105943, -26.954155065703041 ], [ 26.699074175627413, -26.954037639424829 ], [ 26.698134753710612, -26.954108095011872 ], [ 26.697218817589075, -26.954366436061488 ], [ 26.694893748142555, -26.955352829568721 ], [ 26.69371947097148, -26.955775569386351 ], [ 26.689656469764834, -26.956926360762228 ], [ 26.683503256164858, -26.958711263213562 ], [ 26.682399434580663, -26.958969604263093 ], [ 26.679651626216042, -26.959462800567056 ], [ 26.678970545348772, -26.959462800567056 ], [ 26.678220996396259, -26.959241999917651 ], [ 26.676675447608265, -26.958848275826547 ], [ 26.676197152171223, -26.958758595432137 ], [ 26.676256939100853, -26.959177104838819 ], [ 26.676406407324166, -26.959745080670171 ], [ 26.6767950223668, -26.960283164835484 ], [ 26.676765128901941, -26.960851143364859 ], [ 26.676376512960111, -26.961508799590774 ], [ 26.674971515617266, -26.963481772764844 ], [ 26.670726636419445, -26.969161543669632 ], [ 26.670726636419445, -26.96946047921697 ], [ 26.672340886217217, -26.969430584852926 ], [ 26.672340886217214, -26.970716007437122 ], [ 26.674672580969194, -26.970387178424843 ], [ 26.675042759010484, -26.971283396910493 ], [ 26.675240558599285, -26.971762281403443 ], [ 26.675270452963332, -26.972121002981218 ], [ 26.675150878204789, -26.972300364669387 ], [ 26.674728001690269, -26.972414998552658 ], [ 26.673352997637053, -26.972723003762884 ], [ 26.667809998327026, -26.971995999914729 ], [ 26.667833002984938, -26.972566001019349 ], [ 26.66788699917992, -26.973174000279176 ], [ 26.667957003307304, -26.973520002745232 ], [ 26.66810300194626, -26.973862997878339 ], [ 26.669204000558377, -26.975746002874974 ], [ 26.669436999612124, -26.976143002296933 ], [ 26.669452001203116, -26.976166997108496 ], [ 26.669688996844009, -26.976574999735728 ], [ 26.66992199589766, -26.976962997843334 ], [ 26.670661997647326, -26.978205999406612 ], [ 26.671389999742917, -26.979421997026812 ], [ 26.671923998288221, -26.980338000597492 ], [ 26.671712997551065, -26.980456000643233 ], [ 26.668926005724813, -26.981754002944157 ], [ 26.668507997240539, -26.981063999902958 ], [ 26.668363003144339, -26.980868000756892 ], [ 26.666863998768754, -26.984136997723517 ], [ 26.66678417764189, -26.984338655403938 ], [ 26.662511673968751, -26.982885121650302 ], [ 26.661432536076802, -26.982730959865194 ], [ 26.660309352089101, -26.982642866774142 ], [ 26.6573582411839, -26.982686912869966 ], [ 26.65641124337829, -26.982488704989013 ], [ 26.655486268170829, -26.982202403117643 ], [ 26.654693432150157, -26.981761937662515 ], [ 26.654032736215832, -26.981255405311963 ], [ 26.653725574569663, -26.980976166715976 ], [ 26.653548224664856, -26.980814939856824 ], [ 26.652909552228042, -26.980066149932089 ], [ 26.652469087672277, -26.979163199121619 ], [ 26.651984577020585, -26.977797760257683 ], [ 26.651979807915826, -26.977780805339151 ], [ 26.649514383975589, -26.977795838406465 ], [ 26.648024060755713, -26.978035025695103 ], [ 26.646644131115714, -26.978623795650908 ], [ 26.643185108300013, -26.980886880224514 ], [ 26.640130864041922, -26.982855579820381 ], [ 26.638125365986621, -26.983683537064746 ], [ 26.631844579957122, -26.985938767859018 ], [ 26.631726465697504, -26.985696324125218 ], [ 26.631720249583481, -26.985559560624427 ], [ 26.631745115838136, -26.98542279712354 ], [ 26.631869446211692, -26.985223868885669 ], [ 26.632118106958711, -26.985000074393124 ], [ 26.632304602069357, -26.984763846773266 ], [ 26.632428932442998, -26.984596000903878 ], [ 26.632534612675922, -26.984502752898919 ], [ 26.632727324799873, -26.984490319771677 ], [ 26.632951120191692, -26.984540052280813 ], [ 26.633094099806598, -26.984521402140185 ], [ 26.633205997052823, -26.984459237403087 ], [ 26.633348976667644, -26.984365990297416 ], [ 26.63351682343631, -26.984334907029535 ], [ 26.633709534660976, -26.984365990297416 ], [ 26.633995494789978, -26.984465454416398 ], [ 26.63421928928252, -26.984415721907265 ], [ 26.634356052783314, -26.984328690016245 ], [ 26.634368485910549, -26.984204359642682 ], [ 26.634250371651113, -26.984030297659281 ], [ 26.634144691418101, -26.983787853925477 ], [ 26.634138475304166, -26.983651090424686 ], [ 26.634169556773386, -26.983501893796575 ], [ 26.634200640041168, -26.983358914181672 ], [ 26.634169556773386, -26.983215933667569 ], [ 26.634014144031241, -26.982992139175124 ], [ 26.634026577158483, -26.982842943446279 ], [ 26.634150908431408, -26.982712396059426 ], [ 26.634312537287485, -26.982637798195004 ], [ 26.634486599270893, -26.982644014308946 ], [ 26.63474769314524, -26.982731046200065 ], [ 26.635039869388176, -26.982836726432982 ], [ 26.635443942877345, -26.98289889206945 ], [ 26.635804500870762, -26.982898892069446 ], [ 26.636245873741828, -26.98281807719173 ], [ 26.636755628363279, -26.982768344682594 ], [ 26.637103753229376, -26.982706179945414 ], [ 26.637371063217746, -26.982594281799908 ], [ 26.637594857710287, -26.982407786689176 ], [ 26.637787569834327, -26.982190209209946 ], [ 26.637986498072213, -26.982053444809786 ], [ 26.638291108341758, -26.981935332348908 ], [ 26.638539768189585, -26.981823434203307 ], [ 26.63890032618292, -26.981549907201646 ], [ 26.6391365538027, -26.981332328823129 ], [ 26.63924223493499, -26.981170699967052 ], [ 26.639372782321846, -26.981046369593503 ], [ 26.639584142787694, -26.98096555471578 ], [ 26.639758205670475, -26.980946904575141 ], [ 26.639944700781115, -26.980884739838057 ], [ 26.640236877024055, -26.980698244727414 ], [ 26.640485537771163, -26.98051796573079 ], [ 26.64060365203078, -26.980399852370461 ], [ 26.640653383640547, -26.980256871856369 ], [ 26.640634735298654, -26.980076592859646 ], [ 26.640547703407623, -26.979809282871287 ], [ 26.640510404025729, -26.979541972882917 ], [ 26.640529054166365, -26.979287095122597 ], [ 26.640634735298654, -26.978789773628396 ], [ 26.640777714014106, -26.978335967630017 ], [ 26.640914478414267, -26.978025143045194 ], [ 26.641144489020743, -26.977639717897834 ], [ 26.641430449149745, -26.977223212180714 ], [ 26.641560995637324, -26.977086447780557 ], [ 26.641933986757898, -26.976868870301331 ], [ 26.642145348123201, -26.976607777326265 ], [ 26.642275894610691, -26.976433714443584 ], [ 26.642300760865258, -26.9762969509427 ], [ 26.642226163000924, -26.976066940336228 ], [ 26.64218886361903, -26.975917742808832 ], [ 26.642238596128163, -26.975762330066686 ], [ 26.642375358729677, -26.975644216706449 ], [ 26.642543204599061, -26.975594484197305 ], [ 26.642673751985917, -26.975538535574152 ], [ 26.64274834985034, -26.975432855341229 ], [ 26.642760782977579, -26.975314741081608 ], [ 26.64268618511316, -26.97514689521223 ], [ 26.642673751985917, -26.974991481570811 ], [ 26.642711051367812, -26.974804987359533 ], [ 26.642847813969325, -26.974525244243839 ], [ 26.642984578369493, -26.974276582597454 ], [ 26.643183505708095, -26.974083871372791 ], [ 26.643357568590783, -26.973965757113177 ], [ 26.643450816595745, -26.973878726121512 ], [ 26.643519198346144, -26.973704663238838 ], [ 26.643556496828758, -26.973511951114883 ], [ 26.643562713842062, -26.973300589749584 ], [ 26.643593796210563, -26.973114093739653 ], [ 26.64367461108829, -26.972971114124849 ], [ 26.643873540225634, -26.972871650005867 ], [ 26.643948138089964, -26.972790835128137 ], [ 26.643966787331227, -26.972647856412689 ], [ 26.643991653585797, -26.97254217528031 ], [ 26.644026522999464, -26.972314030767073 ], [ 26.644071248982826, -26.97217985281717 ], [ 26.64417560991037, -26.971926404978817 ], [ 26.644259590401646, -26.971726143945638 ], [ 26.644272516357415, -26.971695319682485 ], [ 26.644272516357415, -26.9715760506934 ], [ 26.644183064390781, -26.97140460124055 ], [ 26.644135188082355, -26.9713327867779 ], [ 26.644063793603046, -26.971225696407998 ], [ 26.643989250597322, -26.971039337094957 ], [ 26.643944524614049, -26.970860433161679 ], [ 26.64395197909446, -26.970666620267515 ], [ 26.644024189258797, -26.970484403231822 ], [ 26.644171461337777, -26.970203246381931 ], [ 26.644318734316037, -26.969814982075011 ], [ 26.644358898937892, -26.969480272395835 ], [ 26.644439229980328, -26.969051842567687 ], [ 26.644559724745431, -26.96859663722422 ], [ 26.644867658909202, -26.968087877252994 ], [ 26.645456749023683, -26.9673247368464 ], [ 26.645992286308875, -26.96630721780307 ], [ 26.646313607780712, -26.965584243817059 ], [ 26.646474268966227, -26.965370028902992 ], [ 26.646768814023464, -26.965102261159632 ], [ 26.64698302803826, -26.964821104309745 ], [ 26.647116911909897, -26.964473004624661 ], [ 26.647250796680904, -26.964218625088652 ], [ 26.647491788009578, -26.963857138095698 ], [ 26.647866664109255, -26.962745899802666 ], [ 26.648080878123967, -26.961875652838305 ], [ 26.648388812287827, -26.961353504659748 ], [ 26.648870794945179, -26.960777802752624 ], [ 26.649031456130782, -26.96048325769539 ], [ 26.649071620752633, -26.960014663245303 ], [ 26.649058231646098, -26.959599623423149 ], [ 26.649058231646098, -26.959238134631452 ], [ 26.649272446560175, -26.958970366888185 ], [ 26.649309775619574, -26.958924923245824 ], [ 26.64958038072395, -26.958595490788515 ], [ 26.650022197860164, -26.958220615588207 ], [ 26.650343520231282, -26.957912682323631 ], [ 26.650405997033147, -26.957840024296921 ], [ 26.650535001183357, -26.957689996695198 ], [ 26.650545997194037, -26.95766199720261 ], [ 26.650724542297809, -26.957181895926993 ], [ 26.650764866999076, -26.956792090182059 ], [ 26.650912723637301, -26.956402285336416 ], [ 26.651275645948353, -26.955851180786599 ], [ 26.651692334227885, -26.955313519302738 ], [ 26.652364411982056, -26.95461455811461 ], [ 26.652888632198636, -26.954023129762898 ], [ 26.653211229808509, -26.953593000216067 ], [ 26.653506943984329, -26.953297286040165 ], [ 26.653842982861413, -26.953082221266708 ], [ 26.653977398232428, -26.952894039027942 ], [ 26.654017722933606, -26.952799948358113 ], [ 26.65416557957192, -26.952799948358113 ], [ 26.654326879276095, -26.952692416421066 ], [ 26.654541944049555, -26.95243702604715 ], [ 26.654649475986599, -26.952195077839818 ], [ 26.654716684121745, -26.952006895600956 ], [ 26.65467635942057, -26.951764948292901 ], [ 26.654555385316854, -26.951402025981949 ], [ 26.654555385316854, -26.951119753972709 ], [ 26.654649475986602, -26.950864363598708 ], [ 26.654797332624828, -26.950716506960394 ], [ 26.654824216058795, -26.950541766888296 ], [ 26.654877982926639, -26.950313259948175 ], [ 26.654985514863689, -26.950151962042654 ], [ 26.655321553740773, -26.949789039731606 ], [ 26.655657592617946, -26.949520208989664 ], [ 26.655886098658616, -26.949453000854522 ], [ 26.656060839630179, -26.949439558687942 ], [ 26.65627590440355, -26.949466442121821 ], [ 26.65649096917701, -26.949439558687946 ], [ 26.656585059846758, -26.949157286678712 ], [ 26.656706033950474, -26.948794365266941 ], [ 26.656759800818229, -26.948485208924467 ], [ 26.656665710148573, -26.948229818550551 ], [ 26.656585059846758, -26.948014753777095 ], [ 26.656571618579456, -26.947826573336883 ], [ 26.656652267981904, -26.947719039601271 ], [ 26.656840450220681, -26.947705599233263 ], [ 26.657095838796035, -26.947719039601278 ], [ 26.657364671336623, -26.947719039601274 ], [ 26.657525969242236, -26.947745923035161 ], [ 26.657566293943415, -26.947840013704905 ], [ 26.657620059911892, -26.948041637211062 ], [ 26.657700709314426, -26.948149170047387 ], [ 26.657915774087797, -26.948310468852366 ], [ 26.658198046996404, -26.948485208924467 ], [ 26.658439995203743, -26.948498650191766 ], [ 26.658641617810538, -26.948431442955993 ], [ 26.658910448552472, -26.948283585418313 ], [ 26.659192722360359, -26.948081961912241 ], [ 26.659434669668421, -26.94782657333689 ], [ 26.659730383844238, -26.947409884158088 ], [ 26.659932008249768, -26.947114169982179 ], [ 26.660066422721322, -26.946751247671227 ], [ 26.660133630856556, -26.946549625064346 ], [ 26.660227722425589, -26.946455534394598 ], [ 26.660402461598494, -26.946348000658997 ], [ 26.660563761302676, -26.946348000658993 ], [ 26.660671293239716, -26.946200144020686 ], [ 26.660792267343428, -26.945998521413898 ], [ 26.660980448682924, -26.945662481637452 ], [ 26.661316487560008, -26.945433975596693 ], [ 26.661612201735917, -26.945232351191343 ], [ 26.661840708675957, -26.945124819254218 ], [ 26.661988566213548, -26.945003846049875 ], [ 26.662122980685194, -26.94480222164443 ], [ 26.662257396955486, -26.944506506569251 ], [ 26.662432137027682, -26.94423767672669 ], [ 26.662727851203584, -26.944009170685938 ], [ 26.663131098215818, -26.943713455610748 ], [ 26.66314781481406, -26.943694167850829 ], [ 26.663305838288011, -26.943511833003967 ], [ 26.663265513586833, -26.943323650765105 ], [ 26.663077332247251, -26.943202676661482 ], [ 26.662964472726411, -26.9431543084238 ], [ 26.662889150008478, -26.943122027259033 ], [ 26.662889150008478, -26.943027398794683 ], [ 26.662889150008478, -26.94296072755477 ], [ 26.662808500606033, -26.942799431447913 ], [ 26.662674085235018, -26.942678456444824 ], [ 26.662526227697516, -26.942503714574073 ], [ 26.662418695760383, -26.942234884731416 ], [ 26.662257396955489, -26.941925728388938 ], [ 26.662176747553044, -26.941643456379612 ], [ 26.662163306285748, -26.941334300936504 ], [ 26.662096098150602, -26.941065469295292 ], [ 26.661934800245078, -26.940917612656978 ], [ 26.661829479740931, -26.940804191059794 ], [ 26.661760059273515, -26.94072943041812 ], [ 26.661706293304945, -26.940608456314408 ], [ 26.661746618006216, -26.940433716242307 ], [ 26.661719734572248, -26.940205209302182 ], [ 26.661746618006216, -26.940070794830532 ], [ 26.661813112079663, -26.939977702408321 ], [ 26.661881033377231, -26.939882612591763 ], [ 26.661840708675964, -26.939586898415868 ], [ 26.661800383974693, -26.939291183340682 ], [ 26.661786941808113, -26.939089560733894 ], [ 26.661762158291097, -26.938872698215729 ], [ 26.661733175839547, -26.938619105586515 ], [ 26.661840708675967, -26.938229301640156 ], [ 26.662055774348705, -26.937852938061894 ], [ 26.66224395478892, -26.93736904164723 ], [ 26.662391812326511, -26.937033002770146 ], [ 26.662445579194269, -26.936750729861547 ], [ 26.662526227697523, -26.936549106355468 ], [ 26.662579993666004, -26.936387807550496 ], [ 26.662754733738197, -26.936280275613456 ], [ 26.662888525878941, -26.936216288849923 ], [ 26.663063890080682, -26.936132418975145 ], [ 26.663211746718908, -26.935917353302496 ], [ 26.663278954854142, -26.935635080393894 ], [ 26.66333272082262, -26.935406574353134 ], [ 26.663507461794094, -26.93519150957977 ], [ 26.663709085300255, -26.93503021077488 ], [ 26.663964474774982, -26.934694171897707 ], [ 26.664219864249532, -26.934505990558311 ], [ 26.664421486856412, -26.934371575187299 ], [ 26.664757525733499, -26.934129626979967 ], [ 26.664905383271002, -26.933780146835584 ], [ 26.665066682075985, -26.933336575122105 ], [ 26.665107006777163, -26.933000536245014 ], [ 26.665026357374717, -26.932772030204262 ], [ 26.664784409167378, -26.932516639830339 ], [ 26.664461811557594, -26.932288133789591 ], [ 26.664192980815656, -26.932153718418661 ], [ 26.66384350067127, -26.932032744314952 ], [ 26.663467137092919, -26.931965536179803 ], [ 26.662889150008496, -26.931710146705168 ], [ 26.662378371059219, -26.931548847900274 ], [ 26.661894474644541, -26.931333783126902 ], [ 26.66169285203766, -26.931132159620734 ], [ 26.661639085169814, -26.930863328878726 ], [ 26.661571877934037, -26.930433199331901 ], [ 26.661437461663741, -26.930137485156081 ], [ 26.661262721591552, -26.929922420382631 ], [ 26.661249280324249, -26.929761120678457 ], [ 26.661249280324249, -26.929572939338875 ], [ 26.661020774283493, -26.929425081801288 ], [ 26.660738501374887, -26.929384757999387 ], [ 26.660483111900337, -26.929183133593948 ], [ 26.660268047126877, -26.928994953153833 ], [ 26.660133630856581, -26.928873979050117 ], [ 26.660087830183372, -26.928835223665889 ], [ 26.660037380914609, -26.928724369633176 ], [ 26.660075273848999, -26.928686475799505 ], [ 26.660167252011245, -26.928594497637178 ], [ 26.660297124007247, -26.928435766396756 ], [ 26.660311553629455, -26.928233743591598 ], [ 26.660356678012445, -26.928083207873048 ], [ 26.660516045073592, -26.928014907960918 ], [ 26.660667821856649, -26.928014907960925 ], [ 26.660827188917796, -26.927931430190529 ], [ 26.661024500174733, -26.92779483036637 ], [ 26.661199044194774, -26.927551986434295 ], [ 26.661305288302596, -26.927256020448272 ], [ 26.661441888126852, -26.927073887049509 ], [ 26.661631610004974, -26.926937287225261 ], [ 26.661874454836422, -26.926747565347046 ], [ 26.662056588235188, -26.926535076232039 ], [ 26.662178010201274, -26.926254287204802 ], [ 26.662193188059355, -26.92592037612371 ], [ 26.662124888147318, -26.925563698705002 ], [ 26.662011053761312, -26.925222199144457 ], [ 26.662041410377022, -26.925032477266242 ], [ 26.662155242964289, -26.924880699583827 ], [ 26.662322199404166, -26.924653032610642 ], [ 26.662549864578878, -26.92447090011116 ], [ 26.662800297889689, -26.924357066624609 ], [ 26.662898954417432, -26.924159756266963 ], [ 26.662800297889689, -26.924068689117938 ], [ 26.662587809673951, -26.924099044834367 ], [ 26.662238720734585, -26.92422046680035 ], [ 26.661995876802507, -26.924235644658527 ], [ 26.6618061549243, -26.924212878320915 ], [ 26.661692321437663, -26.924273588854312 ], [ 26.661624020626252, -26.924349478145164 ], [ 26.661517777417711, -26.924357066624609 ], [ 26.661365998836004, -26.924326710908179 ], [ 26.661350821877114, -26.924220466800353 ], [ 26.661358411255929, -26.924000389205808 ], [ 26.661305288302604, -26.923886555719257 ], [ 26.661320466160774, -26.923689245361608 ], [ 26.661320466160774, -26.923484344725953 ], [ 26.661290111343803, -26.92329462284783 ], [ 26.661206632674137, -26.923218733556979 ], [ 26.661039678032914, -26.923180790260478 ], [ 26.660812011059633, -26.923264268030763 ], [ 26.660591932565801, -26.923408456334467 ], [ 26.660508455694877, -26.923560234016794 ], [ 26.660371855870711, -26.923658889645267 ], [ 26.66021248880956, -26.92374236741556 ], [ 26.660045534168244, -26.923757545273727 ], [ 26.659848222911396, -26.923613356070749 ], [ 26.659688856749529, -26.923446401429526 ], [ 26.659623599243904, -26.923335461961255 ], [ 26.659537079067103, -26.923188378739908 ], [ 26.659415657101107, -26.923044190436304 ], [ 26.659317000573271, -26.922778579267241 ], [ 26.659218345844174, -26.922520556577631 ], [ 26.659036213344688, -26.922338424078234 ], [ 26.658929968337585, -26.922201824253996 ], [ 26.658899612621155, -26.922125934963219 ], [ 26.658899612621155, -26.921852736213999 ], [ 26.658884434762989, -26.921640247098981 ], [ 26.658914791378695, -26.921480880037841 ], [ 26.659074156641196, -26.921298746639074 ], [ 26.659225935222903, -26.921207681288706 ], [ 26.659377712005956, -26.92113938137658 ], [ 26.659438229185138, -26.921139381376577 ], [ 26.659666090411914, -26.92113938137658 ], [ 26.659924112202166, -26.921116614139688 ], [ 26.660022766931352, -26.920972424936711 ], [ 26.659977234256122, -26.920828236633096 ], [ 26.659825455674415, -26.920691636808847 ], [ 26.659506723350766, -26.920509503410081 ], [ 26.659381520634838, -26.920467568922376 ], [ 26.659132000135902, -26.920383994924702 ], [ 26.659246001795751, -26.920295998061128 ], [ 26.659364000942116, -26.920260002696217 ], [ 26.659435999765734, -26.920236998038305 ], [ 26.659972000201861, -26.920069000183478 ], [ 26.669152997307318, -26.917185999433634 ], [ 26.669272999243887, -26.917148001278527 ], [ 26.668444002383126, -26.909341992937822 ], [ 26.668388003397943, -26.908818001149115 ], [ 26.668206997749074, -26.908517999005714 ], [ 26.66796700107054, -26.906443002242057 ], [ 26.667619003008884, -26.903145001240077 ], [ 26.667483998582046, -26.901812998270554 ], [ 26.667475996414407, -26.901746999723478 ], [ 26.666708002366757, -26.894896000349441 ], [ 26.666473007717507, -26.892796999780984 ], [ 26.666071038641793, -26.889211639304907 ], [ 26.666552273962548, -26.88945353894896 ], [ 26.667052125249761, -26.889518737099309 ], [ 26.667660639820948, -26.889562203132385 ], [ 26.668660343294562, -26.889366607781991 ], [ 26.669964302704805, -26.888888488612139 ], [ 26.671150091198179, -26.888481059752422 ], [ 26.671902454129341, -26.888250745174968 ], [ 26.672531981360319, -26.888005075573069 ], [ 26.673023318765576, -26.887636572069443 ], [ 26.673929223849072, -26.886822792636991 ], [ 26.674328437401872, -26.886408226757485 ], [ 26.674336103223006, -26.886402477391709 ], [ 26.67457410610459, -26.886223973656723 ], [ 26.674988672883458, -26.885932241678855 ], [ 26.675234341586087, -26.885486966649474 ], [ 26.675480011187997, -26.884995629244134 ], [ 26.675602845988998, -26.884028306760239 ], [ 26.675756389040604, -26.883444841905238 ], [ 26.67584851469163, -26.882830668799617 ], [ 26.676094184293625, -26.882385392870873 ], [ 26.67684654632551, -26.882892086200119 ], [ 26.680378040109009, -26.885287361222005 ], [ 26.680869379312917, -26.885625155575742 ], [ 26.68155482279143, -26.885698944050361 ], [ 26.682373660910265, -26.885845914856379 ], [ 26.68315603781549, -26.885824181839833 ], [ 26.683460294651489, -26.885346063569273 ], [ 26.683617034792892, -26.885067413129921 ], [ 26.684598285976769, -26.883127383920908 ], [ 26.684938116395511, -26.882107895362363 ], [ 26.687634015891728, -26.882760528874659 ], [ 26.689547625717015, -26.883247039618531 ], [ 26.689985486735488, -26.88347407886496 ], [ 26.69079633797525, -26.883620031638479 ], [ 26.694421741664819, -26.883911185352243 ], [ 26.694384917124964, -26.882499579791094 ], [ 26.69412714624556, -26.882143611038135 ], [ 26.693611602688019, -26.881898114106011 ], [ 26.693157435162206, -26.881812190179726 ], [ 26.69297331336244, -26.881480771120064 ], [ 26.692555967678469, -26.881014326948947 ], [ 26.690776120316329, -26.879578172593956 ], [ 26.69076384457049, -26.879087179629003 ], [ 26.690898866983829, -26.877380980447242 ], [ 26.689837262274523, -26.875893294039567 ], [ 26.689269686641357, -26.875050040226483 ], [ 26.689464283744414, -26.874563548368318 ], [ 26.689788612549123, -26.873785159956451 ], [ 26.689756180298104, -26.873201367748276 ], [ 26.68967509832186, -26.87253649536224 ], [ 26.689318336366853, -26.872050002604784 ], [ 26.688361567427034, -26.87003916707318 ], [ 26.687939940970171, -26.869358078112128 ], [ 26.687372366236286, -26.868514824299041 ], [ 26.686950738880142, -26.867947248665875 ], [ 26.686350730996047, -26.866747233797071 ], [ 26.686058836240921, -26.866049928260914 ], [ 26.685816424882731, -26.865805847761013 ], [ 26.685361448866395, -26.865379308307752 ], [ 26.685005029553039, -26.865066349631615 ], [ 26.684731010622198, -26.864826583179582 ], [ 26.684302855087349, -26.864501185080897 ], [ 26.683977456988657, -26.864158660293164 ], [ 26.683703437158538, -26.863833262194557 ], [ 26.683362270347111, -26.863455542438647 ], [ 26.686652000284241, -26.862688001649232 ], [ 26.692647000653249, -26.861761002067887 ], [ 26.696786998216211, -26.861067000640904 ], [ 26.700689000991463, -26.86060100343289 ], [ 26.704043999226027, -26.859594999309071 ], [ 26.705156001043509, -26.859086998365626 ], [ 26.706783999676773, -26.858182005194738 ], [ 26.708708002966908, -26.857546987602724 ], [ 26.709880003054653, -26.857421998925457 ], [ 26.715420999574476, -26.85719800118617 ], [ 26.720325000893169, -26.856643998121342 ], [ 26.730391001039067, -26.855384002069417 ], [ 26.739460967844696, -26.854298000551744 ], [ 26.739833747624726, -26.854247527001156 ], [ 26.739762003309167, -26.854392002188522 ], [ 26.739734002917206, -26.854653998082931 ], [ 26.739570999897055, -26.856144001144123 ], [ 26.739096002274035, -26.857983996064021 ], [ 26.734266001669948, -26.876683995969021 ] ] ] } },
{ "type": "Feature", "properties": { "Municipali": "City of Matlosana Local Municipality", "WardNo": "30", "WardLabel": "NW403_30", "Province": "North West", "CLASSIFICATION": "Service centre", "PopGBlack": 2251.1113544999998, "PopGColour": 189.31222253000001, "PopGIndian": 1.56839922, "PopGWhite": 7194.5845808999993, "PopGOther": 78.5431361, "PopGTotal": 9715.1196932999992 }, "geometry": { "type": "Polygon", "coordinates": [ [ [ 26.765421673067333, -26.859888604574888 ], [ 26.762333465912317, -26.867128733403799 ], [ 26.762848166804982, -26.867060106138418 ], [ 26.761990332283599, -26.868329701553968 ], [ 26.762058958649607, -26.871349282343022 ], [ 26.762273868739602, -26.871863983235695 ], [ 26.76330730218579, -26.88951845830962 ], [ 26.751414987607038, -26.894538002726073 ], [ 26.749664003086707, -26.895236999887029 ], [ 26.742910997439942, -26.89809899786988 ], [ 26.727090997246872, -26.90498000132542 ], [ 26.727164997961406, -26.90484000296318 ], [ 26.727238002227153, -26.904701009143608 ], [ 26.729784997374875, -26.894774001918048 ], [ 26.73017499917205, -26.893252001877826 ], [ 26.730447998271647, -26.892188004072498 ], [ 26.731762996859999, -26.887059996920698 ], [ 26.731845000641457, -26.886739998351633 ], [ 26.734266001669948, -26.876683995969021 ], [ 26.739096002274035, -26.857983996064021 ], [ 26.739570999897055, -26.856144001144123 ], [ 26.739734002917206, -26.854653998082931 ], [ 26.739762003309167, -26.854392002188522 ], [ 26.739833747624726, -26.854247527001156 ], [ 26.739834009327382, -26.854246999998452 ], [ 26.739896998742847, -26.854120996885886 ], [ 26.741371681852989, -26.843103249614654 ], [ 26.741579999912418, -26.843070002577974 ], [ 26.741740002794295, -26.84304999805833 ], [ 26.744651003036694, -26.842648002902422 ], [ 26.746000998742517, -26.842460001427323 ], [ 26.747699000603873, -26.842221001197679 ], [ 26.747727000995745, -26.842218999306748 ], [ 26.749897998589294, -26.841917001567762 ], [ 26.749949002739797, -26.841910003942978 ], [ 26.750087996559277, -26.841890996771493 ], [ 26.751509999182591, -26.841691001038271 ], [ 26.756844002344391, -26.840935996798276 ], [ 26.757269843024361, -26.840875361807907 ], [ 26.7574550017425, -26.840848998182143 ], [ 26.757526002318674, -26.840839000418981 ], [ 26.758348990808841, -26.840721997721413 ], [ 26.760735999262522, -26.840379002588321 ], [ 26.76437699539764, -26.839853998162972 ], [ 26.764409001369913, -26.839849999777176 ], [ 26.764819996041638, -26.839791998001793 ], [ 26.765258001850949, -26.839728999593081 ], [ 26.765358000167247, -26.839714996249526 ], [ 26.765411996362229, -26.839707997725373 ], [ 26.768458000132277, -26.838842998305193 ], [ 26.768639004881869, -26.83879099680653 ], [ 26.769654002226098, -26.838507001696176 ], [ 26.771583000350908, -26.837962997293943 ], [ 26.773275999283708, -26.837491997157358 ], [ 26.774500998218276, -26.840839996867803 ], [ 26.773740001795414, -26.841347001362461 ], [ 26.773365998937479, -26.842441998798741 ], [ 26.773458998729524, -26.844233001351409 ], [ 26.773430991143051, -26.844512998975155 ], [ 26.773554002211135, -26.84633999599345 ], [ 26.773578992572205, -26.846827003163156 ], [ 26.773581004355655, -26.846853998112984 ], [ 26.773635997898712, -26.847879001314322 ], [ 26.773638000688909, -26.847915003873752 ], [ 26.773656002418349, -26.848284003803208 ], [ 26.773767003939746, -26.850226998076948 ], [ 26.773787997713665, -26.850696002617926 ], [ 26.768027307609813, -26.851212826809977 ], [ 26.768269684793736, -26.856766084686551 ], [ 26.768063804796416, -26.857589605575274 ], [ 26.767583416637024, -26.857967053736001 ], [ 26.766828522114299, -26.858413128262743 ], [ 26.766039313958842, -26.85879057642347 ], [ 26.765421673067333, -26.859888604574888 ] ] ] } },
{ "type": "Feature", "properties": { "Municipali": "City of Matlosana Local Municipality", "WardNo": "31", "WardLabel": "NW403_31", "Province": "North West", "CLASSIFICATION": "Service centre", "PopGBlack": 11032.200433, "PopGColour": 205.82284054, "PopGIndian": 4.372058323, "PopGWhite": 3168.5974362000002, "PopGOther": 20.5865576, "PopGTotal": 14431.579325000002 }, "geometry": { "type": "Polygon", "coordinates": [ [ [ 26.850081001433598, -26.816493999198322 ], [ 26.850220001548397, -26.816509998137477 ], [ 26.850222429717885, -26.816509534986622 ], [ 26.850639998433671, -26.816429996246942 ], [ 26.85704000309028, -26.815120000587175 ], [ 26.857670000666612, -26.817039998296888 ], [ 26.857756002833867, -26.817067997789483 ], [ 26.857829996353892, -26.817090005099235 ], [ 26.867950000788611, -26.820070003127771 ], [ 26.868025578014691, -26.820088322317844 ], [ 26.866290384690181, -26.822601359065068 ], [ 26.864835312196561, -26.824081093667118 ], [ 26.86330625337752, -26.825092246409639 ], [ 26.861629220109069, -26.825733464827195 ], [ 26.85603088911077, -26.826917252328901 ], [ 26.851849822208077, -26.827841499984817 ], [ 26.852502000663321, -26.832833002640555 ], [ 26.853553998814586, -26.839648998601973 ], [ 26.854780999639974, -26.847460998226047 ], [ 26.85484099701096, -26.847838998570499 ], [ 26.854622999548383, -26.847904998016848 ], [ 26.854102998051495, -26.848061003412123 ], [ 26.852103995799304, -26.848728001795394 ], [ 26.84464616358602, -26.85095888164663 ], [ 26.839504918413624, -26.852320489398601 ], [ 26.838237214272485, -26.852602202029594 ], [ 26.835537472872424, -26.852813486053112 ], [ 26.835255761140875, -26.852977817371979 ], [ 26.835396616557009, -26.853306482707634 ], [ 26.835593872955247, -26.853614793687317 ], [ 26.835575315444874, -26.853818931697901 ], [ 26.835296943795321, -26.853967396277913 ], [ 26.834758760704599, -26.854060187427248 ], [ 26.8340906714437, -26.85435711568789 ], [ 26.833849415714351, -26.854524137778274 ], [ 26.833738067953821, -26.8547468341986 ], [ 26.833571044964163, -26.854821066938285 ], [ 26.833404022873687, -26.854709718278482 ], [ 26.83323699988394, -26.854728276688135 ], [ 26.833051420283184, -26.854821066938285 ], [ 26.832995745953237, -26.854932415598089 ], [ 26.833032861873441, -26.854969532417577 ], [ 26.833162768043707, -26.855080879278724 ], [ 26.833144209633964, -26.855210785448989 ], [ 26.832884397293434, -26.855266460678216 ], [ 26.832513236293181, -26.855303576598327 ], [ 26.832086400962989, -26.855544831428404 ], [ 26.831808030212709, -26.855841759689046 ], [ 26.831344078962399, -26.856212920689291 ], [ 26.831084265722676, -26.856602640998652 ], [ 26.830972917962146, -26.856936684280129 ], [ 26.83097291796215, -26.857122265679532 ], [ 26.830972917962146, -26.857252171849801 ], [ 26.830843010892512, -26.857289287770001 ], [ 26.830657431291755, -26.857344962999232 ], [ 26.830657431291758, -26.857549101009724 ], [ 26.830768779052285, -26.857901703600312 ], [ 26.830991476371896, -26.857938820419804 ], [ 26.831214172792219, -26.857994494749661 ], [ 26.831214172792219, -26.85812440091993 ], [ 26.830991476371892, -26.858309981420046 ], [ 26.83095559971753, -26.858341869581224 ], [ 26.830824453382139, -26.858458446000057 ], [ 26.830843010892512, -26.858569793760488 ], [ 26.831028592292007, -26.858644025600899 ], [ 26.831288404632538, -26.858681142420288 ], [ 26.83138119488251, -26.858885280430879 ], [ 26.830543710220351, -26.858886556568915 ], [ 26.829516527961715, -26.858898784650748 ], [ 26.828709456572518, -26.859155580665071 ], [ 26.828012440617954, -26.859436832843151 ], [ 26.827254284254128, -26.858727588806758 ], [ 26.82567682662053, -26.856930020303722 ], [ 26.823891487998061, -26.856954477366767 ], [ 26.823561321693898, -26.856245233330377 ], [ 26.822803164430784, -26.855560444558382 ], [ 26.822245866249933, -26.855541464366642 ], [ 26.822031001126014, -26.855010995660528 ], [ 26.822040002440467, -26.852994998919609 ], [ 26.822263001932232, -26.850634001557456 ], [ 26.821689003341078, -26.850765001303351 ], [ 26.821740996745863, -26.8500670005911 ], [ 26.821841003156038, -26.848940995430166 ], [ 26.821988000042349, -26.847283002608016 ], [ 26.822238999926164, -26.84550499885615 ], [ 26.824718111547867, -26.846012435025408 ], [ 26.827818973063458, -26.846283549146079 ], [ 26.830174272321152, -26.846486884062017 ], [ 26.830242049727151, -26.846080214230064 ], [ 26.825565342163053, -26.840014047809589 ], [ 26.823159208726803, -26.838167087640521 ], [ 26.822345869062911, -26.836980966398045 ], [ 26.821836332082476, -26.836885852305887 ], [ 26.821628806320568, -26.8370617983629 ], [ 26.820575094960965, -26.838154534903442 ], [ 26.819521385399838, -26.83930581101388 ], [ 26.818545726200529, -26.840222929743909 ], [ 26.817433476170219, -26.84110102239379 ], [ 26.816516358339463, -26.841627877623988 ], [ 26.815208976109506, -26.842232785913843 ], [ 26.814354766755311, -26.842585514409492 ], [ 26.812116466597804, -26.843169418133705 ], [ 26.802895641216953, -26.845529365987005 ], [ 26.800593335410127, -26.846094924440763 ], [ 26.797737909672815, -26.846831322606942 ], [ 26.793158033912089, -26.847999422334986 ], [ 26.793121389236614, -26.848008842733396 ], [ 26.792868823633249, -26.848073774684416 ], [ 26.788524998325926, -26.849204711727534 ], [ 26.784813608656961, -26.850125979030238 ], [ 26.78419504416177, -26.850231267158669 ], [ 26.778672115021909, -26.850564536123887 ], [ 26.773787702736023, -26.850876578390839 ], [ 26.773787997713665, -26.850696002617926 ], [ 26.773767003939746, -26.850226998076948 ], [ 26.773656002418349, -26.848284003803208 ], [ 26.773638000688909, -26.847915003873752 ], [ 26.773635997898712, -26.847879001314322 ], [ 26.773581004355655, -26.846853998112984 ], [ 26.773578992572205, -26.846827003163156 ], [ 26.773554002211135, -26.84633999599345 ], [ 26.773430991143051, -26.844512998975155 ], [ 26.773458998729524, -26.844233001351409 ], [ 26.773365998937479, -26.842441998798741 ], [ 26.773740001795414, -26.841347001362461 ], [ 26.774500998218276, -26.840839996867803 ], [ 26.773275999283708, -26.837491997157358 ], [ 26.771583000350908, -26.837962997293943 ], [ 26.769654002226098, -26.838507001696176 ], [ 26.768639004881869, -26.83879099680653 ], [ 26.768458000132277, -26.838842998305193 ], [ 26.765411996362229, -26.839707997725373 ], [ 26.765404997838068, -26.838358002019657 ], [ 26.765398001112562, -26.837168001101844 ], [ 26.765389997146276, -26.836560001842027 ], [ 26.765382002173322, -26.835952002582282 ], [ 26.765375003649165, -26.835270002607917 ], [ 26.765367000582245, -26.834580996914887 ], [ 26.765366267634768, -26.834547008836843 ], [ 26.77150216388948, -26.831883589255714 ], [ 26.772261213280117, -26.834012227881434 ], [ 26.772345782827394, -26.834249391695533 ], [ 26.776435505589934, -26.833057321437654 ], [ 26.777554219047811, -26.836193386015466 ], [ 26.787567619645774, -26.833332414159074 ], [ 26.803082889060157, -26.828765863653185 ], [ 26.814801869207106, -26.825391384304456 ], [ 26.815076509569472, -26.822159874677993 ], [ 26.8152426773039, -26.820204715274897 ], [ 26.815880001656932, -26.812600000389178 ], [ 26.834429997342941, -26.814729998789979 ], [ 26.840449997965528, -26.815409995974147 ], [ 26.841549001881408, -26.815533996296423 ], [ 26.850081001433598, -26.816493999198322 ] ] ] } },
{ "type": "Feature", "properties": { "Municipali": "City of Matlosana Local Municipality", "WardNo": "32", "WardLabel": "NW403_32", "Province": "North West", "CLASSIFICATION": "Service centre", "PopGBlack": 9770.4900842000006, "PopGColour": 50.318235434999998, "PopGIndian": 5.803077114, "PopGWhite": 78.842577618000007, "PopGOther": 13.5607476, "PopGTotal": 9919.0147219999981 }, "geometry": { "type": "Polygon", "coordinates": [ [ [ 26.825565342163053, -26.840014047809589 ], [ 26.830242049727151, -26.846080214230064 ], [ 26.830174272321152, -26.846486884062017 ], [ 26.827818973063458, -26.846283549146079 ], [ 26.824718111547867, -26.846012435025408 ], [ 26.822238999926164, -26.84550499885615 ], [ 26.821988000042349, -26.847283002608016 ], [ 26.821841003156038, -26.848940995430166 ], [ 26.821740996745863, -26.8500670005911 ], [ 26.821689003341078, -26.850765001303351 ], [ 26.822263001932232, -26.850634001557456 ], [ 26.822040002440467, -26.852994998919609 ], [ 26.822031001126014, -26.855010995660528 ], [ 26.822245866249933, -26.855541464366642 ], [ 26.823779999043989, -26.859328997834574 ], [ 26.826210997835521, -26.864913004431163 ], [ 26.820918998409233, -26.874834002386844 ], [ 26.81689364192416, -26.882427091736471 ], [ 26.813543463156385, -26.885189413360258 ], [ 26.812324225278871, -26.881947349290254 ], [ 26.810273689175446, -26.880617270869873 ], [ 26.808641277569013, -26.879560367816254 ], [ 26.801576643343413, -26.874986377219038 ], [ 26.802049954737672, -26.873999470198928 ], [ 26.802755918047179, -26.872802402408531 ], [ 26.803983679699098, -26.871881581169532 ], [ 26.805162412111674, -26.871088615646606 ], [ 26.805671851970512, -26.870745902001318 ], [ 26.806285731897145, -26.870162715036823 ], [ 26.806623367070831, -26.869518141248701 ], [ 26.806807531138745, -26.8686894015941 ], [ 26.80674614341584, -26.868044826906704 ], [ 26.806347119619964, -26.867031924083484 ], [ 26.801804402946875, -26.855153332259984 ], [ 26.79950235074892, -26.85524541384429 ], [ 26.795921003047816, -26.855378000893541 ], [ 26.794075402653686, -26.850961262152037 ], [ 26.794225440147937, -26.850907676947219 ], [ 26.79396053944328, -26.850235235866897 ], [ 26.793716014678306, -26.84970543355838 ], [ 26.793121389236614, -26.848008842733396 ], [ 26.793158033912089, -26.847999422334986 ], [ 26.797737909672815, -26.846831322606942 ], [ 26.800593335410127, -26.846094924440763 ], [ 26.802895641216953, -26.845529365987005 ], [ 26.812116466597804, -26.843169418133705 ], [ 26.814354766755311, -26.842585514409492 ], [ 26.815208976109506, -26.842232785913843 ], [ 26.816516358339463, -26.841627877623988 ], [ 26.817433476170219, -26.84110102239379 ], [ 26.818545726200529, -26.840222929743909 ], [ 26.819521385399838, -26.83930581101388 ], [ 26.820575094960965, -26.838154534903442 ], [ 26.821628806320568, -26.8370617983629 ], [ 26.821836332077329, -26.836885852299851 ], [ 26.822345869062911, -26.836980966398045 ], [ 26.823159208726803, -26.838167087640521 ], [ 26.825565342163053, -26.840014047809589 ] ] ] } },
{ "type": "Feature", "properties": { "Municipali": "City of Matlosana Local Municipality", "WardNo": "33", "WardLabel": "NW403_33", "Province": "North West", "CLASSIFICATION": "Service centre", "PopGBlack": 11505.209337, "PopGColour": 58.475931154000001, "PopGIndian": 9.331975359, "PopGWhite": 141.23993126, "PopGOther": 4.7968053, "PopGTotal": 11719.05398 }, "geometry": { "type": "Polygon", "coordinates": [ [ [ 26.85569599866799, -26.853804995803447 ], [ 26.855869001249939, -26.85502700269361 ], [ 26.856060003762771, -26.856330000728594 ], [ 26.855962998390236, -26.856435001973352 ], [ 26.856703008233772, -26.86151399877161 ], [ 26.857359004311235, -26.866012000253193 ], [ 26.858210996836569, -26.871932999907592 ], [ 26.85847099803474, -26.875535001438774 ], [ 26.859741000843076, -26.89682600301726 ], [ 26.855375002750726, -26.898447999575122 ], [ 26.8603260026395, -26.902497996584891 ], [ 26.863675997945474, -26.918875000880156 ], [ 26.863489998361384, -26.918890001571956 ], [ 26.863030001429987, -26.91902000307023 ], [ 26.862500001270668, -26.919170000095075 ], [ 26.861960001549367, -26.919359997165774 ], [ 26.861210002036557, -26.919609999701336 ], [ 26.860730000585612, -26.919879998662662 ], [ 26.860240001371512, -26.920180000805964 ], [ 26.859700002549669, -26.920559996746103 ], [ 26.85901999727162, -26.921010003108758 ], [ 26.858730001884624, -26.921299999395025 ], [ 26.858330002324305, -26.921690001192196 ], [ 26.858030000180907, -26.922030003381543 ], [ 26.857809999928044, -26.92245999803005 ], [ 26.857649997046256, -26.922740002848489 ], [ 26.857400001705201, -26.923159998834478 ], [ 26.857180000553146, -26.923600000239478 ], [ 26.856650001293104, -26.92433000422589 ], [ 26.856399997858169, -26.924920000856911 ], [ 26.856319996866915, -26.925220003000305 ], [ 26.856260000395213, -26.925540000670093 ], [ 26.855949999589299, -26.926189995571452 ], [ 26.855199999177113, -26.928070001329111 ], [ 26.85498999668749, -26.928540004117529 ], [ 26.854750000008952, -26.928900002732536 ], [ 26.853580002711411, -26.930540002818489 ], [ 26.853219996002515, -26.931290003230664 ], [ 26.852239996675042, -26.932789996860492 ], [ 26.851889996722463, -26.933420003429994 ], [ 26.851269996909274, -26.934490002411241 ], [ 26.851100002559477, -26.934919996160456 ], [ 26.850930001914534, -26.935500011216167 ], [ 26.850930001914534, -26.935879999062248 ], [ 26.850900006826254, -26.936239997677351 ], [ 26.850760001269506, -26.936639990043158 ], [ 26.850629999771137, -26.937069999980057 ], [ 26.850379997235571, -26.937739999401067 ], [ 26.849870000696431, -26.938560003041349 ], [ 26.849730002334198, -26.938830002002579 ], [ 26.849229997262977, -26.939389997250167 ], [ 26.848500001370436, -26.940179997708377 ], [ 26.847560002088812, -26.940820002940388 ], [ 26.846950000038866, -26.94108000413847 ], [ 26.846320001563253, -26.941260003446015 ], [ 26.845530001105036, -26.941329998580155 ], [ 26.84492999681833, -26.941350003099789 ], [ 26.844370001570731, -26.94137000042474 ], [ 26.843869997398883, -26.941509997887696 ], [ 26.843490000559463, -26.941680000331377 ], [ 26.842969999062571, -26.941869997402073 ], [ 26.842399997957941, -26.942079998992316 ], [ 26.841689997591697, -26.942460003026333 ], [ 26.841000002644382, -26.942870001249169 ], [ 26.840798004120959, -26.942994998020335 ], [ 26.840659999555672, -26.943080002839423 ], [ 26.840259999995343, -26.943390002746053 ], [ 26.839930003663039, -26.943660001707297 ], [ 26.838889999769979, -26.944470000389728 ], [ 26.837850003071519, -26.945139998911365 ], [ 26.8372800019668, -26.945459989386546 ], [ 26.836189999365274, -26.946079997293612 ], [ 26.835150002666818, -26.946590001027339 ], [ 26.834369999971841, -26.947110003423504 ], [ 26.83383999891306, -26.94747999980175 ], [ 26.832900001430176, -26.948019998623586 ], [ 26.832270002954473, -26.948450001366062 ], [ 26.831480000697695, -26.94890999829736 ], [ 26.830919998255585, -26.949119999887607 ], [ 26.830580004160122, -26.94933999294587 ], [ 26.830100001809896, -26.949489998064504 ], [ 26.829669999966779, -26.94956000129261 ], [ 26.829030003727929, -26.949730001937635 ], [ 26.828479999048966, -26.949879998962302 ], [ 26.827850000573349, -26.950029995987148 ], [ 26.827189999814852, -26.950170003342546 ], [ 26.826790000254526, -26.950270000759467 ], [ 26.826409997119875, -26.950310001704775 ], [ 26.825000003143796, -26.950610002948888 ], [ 26.824120002132616, -26.950810006775992 ], [ 26.823519997845732, -26.95093000241723 ], [ 26.823089996002707, -26.951029999834162 ], [ 26.822459998426371, -26.951179996858915 ], [ 26.821909992848038, -26.951500002622584 ], [ 26.821529997807268, -26.951780000246337 ], [ 26.821269996609182, -26.952040001444413 ], [ 26.820970002559758, -26.952250003034759 ], [ 26.820249997235678, -26.952599995792728 ], [ 26.819749999359058, -26.95279000185667 ], [ 26.818840003259684, -26.95306000081791 ], [ 26.818259996297932, -26.953169996897348 ], [ 26.817749999758792, -26.953219995605899 ], [ 26.817239996025144, -26.953249998787978 ], [ 26.816339998588202, -26.953240001024728 ], [ 26.815700002349256, -26.953190002316266 ], [ 26.81537999568631, -26.953090004000064 ], [ 26.81488999737158, -26.952840000565125 ], [ 26.814640002030522, -26.95279000185667 ], [ 26.81416999834282, -26.952679997683259 ], [ 26.813620001757737, -26.952470004186885 ], [ 26.813149998969308, -26.95231999097437 ], [ 26.81226999795804, -26.95185000257505 ], [ 26.811710002710527, -26.951470000339775 ], [ 26.811419999229649, -26.951290001032316 ], [ 26.811119997086251, -26.95103999759738 ], [ 26.810579999163604, -26.950499998775445 ], [ 26.810219999649313, -26.950000001798124 ], [ 26.810049998105004, -26.949719996080482 ], [ 26.809860001034213, -26.949420002031069 ], [ 26.809689998590535, -26.949150003069736 ], [ 26.809529995708747, -26.948720001226537 ], [ 26.809479997000285, -26.948010000860393 ], [ 26.809429998291819, -26.947550003929091 ], [ 26.809400004103001, -26.947219998603536 ], [ 26.809439996055062, -26.946779998997275 ], [ 26.809510000182446, -26.946329999829125 ], [ 26.809559998890911, -26.94593999893133 ], [ 26.809649999443966, -26.945539999371015 ], [ 26.809789996906837, -26.945229998565097 ], [ 26.8098500023717, -26.944980004123416 ], [ 26.809839995615388, -26.944709997068301 ], [ 26.809930004262323, -26.944399997161668 ], [ 26.810129999995546, -26.94383001134543 ], [ 26.810529999555865, -26.943080002839377 ], [ 26.810740002045488, -26.942500003971595 ], [ 26.810820003036746, -26.94210000441128 ], [ 26.810950003635835, -26.941699995857626 ], [ 26.811049993858163, -26.941350003099735 ], [ 26.811260004441664, -26.940770004231879 ], [ 26.811379998284348, -26.940160002181933 ], [ 26.81141000056714, -26.939670002068471 ], [ 26.811450002411732, -26.939379998587604 ], [ 26.811490001558397, -26.939130004145916 ], [ 26.811579994017571, -26.938489999813179 ], [ 26.811660004002078, -26.938090000252867 ], [ 26.811819998789989, -26.937499993729233 ], [ 26.81182999655314, -26.937020001271623 ], [ 26.811810001026835, -26.936579999866623 ], [ 26.81182999655314, -26.936289997285026 ], [ 26.81182999655314, -26.935849995880123 ], [ 26.811850001072781, -26.934890001072208 ], [ 26.811789995607828, -26.934530001557921 ], [ 26.811729999136215, -26.934159997085793 ], [ 26.811540009260117, -26.933700000154396 ], [ 26.811320000913373, -26.933240003223101 ], [ 26.811100000660598, -26.932940001979073 ], [ 26.810939997778721, -26.932670002118474 ], [ 26.810690003337037, -26.9323799986376 ], [ 26.810480000847416, -26.932169997047261 ], [ 26.81020000322366, -26.931939998131959 ], [ 26.809760002718022, -26.931750000161895 ], [ 26.809200000275823, -26.93165999331352 ], [ 26.80844000120112, -26.931520002145881 ], [ 26.807569997953088, -26.931570000854439 ], [ 26.80681999664154, -26.931710000115952 ], [ 26.806120003931067, -26.931820004289271 ], [ 26.805610000197326, -26.931899997186644 ], [ 26.805020001767652, -26.931979999077267 ], [ 26.804589999924538, -26.932190000667514 ], [ 26.804019998819903, -26.93244000410245 ], [ 26.803569999651749, -26.932689999443408 ], [ 26.803130000045485, -26.933030000733464 ], [ 26.802639999932016, -26.933340000640101 ], [ 26.80224000037169, -26.933620007257108 ], [ 26.80191000403947, -26.933870001698779 ], [ 26.80131999841511, -26.934300004441173 ], [ 26.800529997057613, -26.934829995607323 ], [ 26.799719999274444, -26.935520000447166 ], [ 26.798870001445337, -26.936319998668527 ], [ 26.798479998748885, -26.936729996891362 ], [ 26.798129997897025, -26.937100002262856 ], [ 26.797630000919686, -26.937609997902623 ], [ 26.797239999122599, -26.937940003228082 ], [ 26.796820003136517, -26.938239997277591 ], [ 26.796079999588201, -26.938679996883852 ], [ 26.795429998391597, -26.939130004145884 ], [ 26.794970000560919, -26.939360002161894 ], [ 26.79457999876384, -26.939609996603583 ], [ 26.794149996920723, -26.939940001929045 ], [ 26.793680002226175, -26.94025999959883 ], [ 26.793309996854763, -26.940550003978977 ], [ 26.7928899999694, -26.94083000070345 ], [ 26.792570002299609, -26.941029997335949 ], [ 26.792489003060915, -26.941078001348181 ], [ 26.78560101007438, -26.926901998727779 ], [ 26.776600020370317, -26.908371903240223 ], [ 26.775647998052357, -26.906412001711956 ], [ 26.766738996403156, -26.888069997631742 ], [ 26.76330730218579, -26.88951845830962 ], [ 26.762273868739602, -26.871863983235695 ], [ 26.762058958649607, -26.871349282343022 ], [ 26.761990332283599, -26.868329701553968 ], [ 26.762848166804982, -26.867060106138418 ], [ 26.762333465912317, -26.867128733403799 ], [ 26.765421673067333, -26.859888604574888 ], [ 26.766039313958842, -26.85879057642347 ], [ 26.766828522114299, -26.858413128262743 ], [ 26.767583416637024, -26.857967053736001 ], [ 26.768063804796416, -26.857589605575274 ], [ 26.768269684793736, -26.856766084686551 ], [ 26.768027307609813, -26.851212826809977 ], [ 26.773787997713665, -26.850696002617926 ], [ 26.773787702736023, -26.850876578390839 ], [ 26.778672115021909, -26.850564536123887 ], [ 26.78419504416177, -26.850231267158669 ], [ 26.784813608656961, -26.850125979030238 ], [ 26.788524998325926, -26.849204711727534 ], [ 26.792868823633249, -26.848073774684416 ], [ 26.793121389236614, -26.848008842733396 ], [ 26.793716014678306, -26.84970543355838 ], [ 26.79396053944328, -26.850235235866897 ], [ 26.794225440147937, -26.850907676947219 ], [ 26.794075402653686, -26.850961262152037 ], [ 26.795921003047816, -26.855378000893541 ], [ 26.79950235074892, -26.85524541384429 ], [ 26.801804402946875, -26.855153332259984 ], [ 26.806347119619964, -26.867031924083484 ], [ 26.80674614341584, -26.868044826906704 ], [ 26.806807531138745, -26.8686894015941 ], [ 26.806623367070831, -26.869518141248701 ], [ 26.806285731897145, -26.870162715036823 ], [ 26.805671851970512, -26.870745902001318 ], [ 26.805162412111674, -26.871088615646606 ], [ 26.803983679699098, -26.871881581169532 ], [ 26.802755918047179, -26.872802402408531 ], [ 26.802049954737672, -26.873999470198928 ], [ 26.801576643343413, -26.874986377219038 ], [ 26.808641277569013, -26.879560367816254 ], [ 26.810273689175446, -26.880617270869873 ], [ 26.812324225278871, -26.881947349290254 ], [ 26.813543463156385, -26.885189413360258 ], [ 26.81689364192416, -26.882427091736471 ], [ 26.820918998409233, -26.874834002386844 ], [ 26.826210997835521, -26.864913004431163 ], [ 26.823779999043989, -26.859328997834574 ], [ 26.822245866249933, -26.855541464366642 ], [ 26.822803164430784, -26.855560444558382 ], [ 26.823561321693898, -26.856245233330377 ], [ 26.823891487998061, -26.856954477366767 ], [ 26.82567682662053, -26.856930020303722 ], [ 26.827254284254128, -26.858727588806758 ], [ 26.828012440617954, -26.859436832843151 ], [ 26.828709456572518, -26.859155580665071 ], [ 26.829516527961715, -26.858898784650748 ], [ 26.830543710220351, -26.858886556568915 ], [ 26.83138119488251, -26.858885280430879 ], [ 26.831288404632538, -26.858681142420288 ], [ 26.831028592292007, -26.858644025600899 ], [ 26.830843010892512, -26.858569793760488 ], [ 26.830824453382139, -26.858458446000057 ], [ 26.83095559971753, -26.858341869581224 ], [ 26.830991476371892, -26.858309981420046 ], [ 26.831214172792219, -26.85812440091993 ], [ 26.831214172792219, -26.857994494749661 ], [ 26.830991476371896, -26.857938820419804 ], [ 26.830768779052285, -26.857901703600312 ], [ 26.830657431291758, -26.857549101009724 ], [ 26.830657431291755, -26.857344962999232 ], [ 26.830843010892512, -26.857289287770001 ], [ 26.830972917962146, -26.857252171849801 ], [ 26.83097291796215, -26.857122265679532 ], [ 26.830972917962146, -26.856936684280129 ], [ 26.831084265722676, -26.856602640998652 ], [ 26.831344078962399, -26.856212920689291 ], [ 26.831808030212709, -26.855841759689046 ], [ 26.832086400962989, -26.855544831428404 ], [ 26.832513236293181, -26.855303576598327 ], [ 26.832884397293434, -26.855266460678216 ], [ 26.833144209633964, -26.855210785448989 ], [ 26.833162768043707, -26.855080879278724 ], [ 26.833032861873441, -26.854969532417577 ], [ 26.832995745953237, -26.854932415598089 ], [ 26.833051420283184, -26.854821066938285 ], [ 26.83323699988394, -26.854728276688135 ], [ 26.833404022873687, -26.854709718278482 ], [ 26.833571044964163, -26.854821066938285 ], [ 26.833738067953821, -26.8547468341986 ], [ 26.833849415714351, -26.854524137778274 ], [ 26.8340906714437, -26.85435711568789 ], [ 26.834758760704599, -26.854060187427248 ], [ 26.835296943795321, -26.853967396277913 ], [ 26.835575315444874, -26.853818931697901 ], [ 26.835593872955247, -26.853614793687317 ], [ 26.835396616557009, -26.853306482707634 ], [ 26.835255761140875, -26.852977817371979 ], [ 26.835537472872424, -26.852813486053112 ], [ 26.838237214272485, -26.852602202029594 ], [ 26.839504918413624, -26.852320489398601 ], [ 26.84464616358602, -26.85095888164663 ], [ 26.852103995799304, -26.848728001795394 ], [ 26.854102998051495, -26.848061003412123 ], [ 26.854622999548383, -26.847904998016848 ], [ 26.85484099701096, -26.847838998570499 ], [ 26.855034003213177, -26.84932699974086 ], [ 26.855355995579281, -26.851473006073949 ], [ 26.855518002150642, -26.852556003856066 ], [ 26.855612996639099, -26.853221000348512 ], [ 26.855617003118777, -26.853248001593581 ], [ 26.85569599866799, -26.853804995803447 ] ] ] } },
{ "type": "Feature", "properties": { "Municipali": "City of Matlosana Local Municipality", "WardNo": "34", "WardLabel": "NW403_34", "Province": "North West", "CLASSIFICATION": "Service centre", "PopGBlack": 6534.0110734999998, "PopGColour": 26.20532736, "PopGIndian": 3.215218401, "PopGWhite": 3.999418011, "PopGOther": 5.934274, "PopGTotal": 6573.3653113 }, "geometry": { "type": "Polygon", "coordinates": [ [ [ 26.894750002807324, -26.839630000423799 ], [ 26.893849997276412, -26.842549999282689 ], [ 26.893089998201795, -26.845119999987645 ], [ 26.891430002589431, -26.850480000751052 ], [ 26.890869999247947, -26.852759997075857 ], [ 26.884570001001595, -26.872829997206289 ], [ 26.883779998744725, -26.875269996412889 ], [ 26.882859996788234, -26.878369997277165 ], [ 26.877250001582993, -26.8924999986756 ], [ 26.876479996651256, -26.894399999060358 ], [ 26.866440002200928, -26.919060003116268 ], [ 26.86578000144252, -26.91889000157196 ], [ 26.864989999185745, -26.918789996061061 ], [ 26.8645099977348, -26.918810000580706 ], [ 26.863675997945474, -26.918875000880156 ], [ 26.8603260026395, -26.902497996584891 ], [ 26.855375002750726, -26.898447999575122 ], [ 26.859741000843076, -26.89682600301726 ], [ 26.85847099803474, -26.875535001438774 ], [ 26.858210996836569, -26.871932999907592 ], [ 26.857359004311235, -26.866012000253193 ], [ 26.861274612030311, -26.863740810989256 ], [ 26.865514010759661, -26.861567673908578 ], [ 26.871107167958176, -26.858646407905091 ], [ 26.879660901426274, -26.854256552597477 ], [ 26.8801450523491, -26.853995365193597 ], [ 26.882025972717283, -26.85298065833036 ], [ 26.882525414812878, -26.852711222344663 ], [ 26.88122507697253, -26.851184737385339 ], [ 26.8808148773015, -26.850705012925612 ], [ 26.880113192966235, -26.849884398645713 ], [ 26.879246299573868, -26.849074042932337 ], [ 26.878664315902213, -26.847396172395065 ], [ 26.878350002847156, -26.846490000212977 ], [ 26.877627994732972, -26.844391001443157 ], [ 26.877474008315573, -26.844184996440053 ], [ 26.877198998331899, -26.844075998608048 ], [ 26.876897997941061, -26.844031002828142 ], [ 26.875446449890489, -26.844040219979817 ], [ 26.875005355809225, -26.842994285057848 ], [ 26.871877344660518, -26.843494426825941 ], [ 26.871495880127487, -26.842375463356593 ], [ 26.871139845724013, -26.842121153967657 ], [ 26.87120766180086, -26.841790550593029 ], [ 26.870326053701081, -26.841442994997873 ], [ 26.86913079804458, -26.842273739241318 ], [ 26.868868010746787, -26.842536527438384 ], [ 26.868071173642395, -26.842553480558266 ], [ 26.867511691907758, -26.842646727663947 ], [ 26.866909825125024, -26.842578911587111 ], [ 26.866714853904078, -26.842358509337409 ], [ 26.866477497635124, -26.842375463356579 ], [ 26.866138418150189, -26.842570434577524 ], [ 26.866028217924622, -26.84325707055698 ], [ 26.866545313711971, -26.843231640427415 ], [ 26.866519882683129, -26.84578321582239 ], [ 26.866937833610869, -26.846304458383674 ], [ 26.868114999404344, -26.846063995856376 ], [ 26.869240000022703, -26.845536995835324 ], [ 26.869361996655503, -26.845302999433521 ], [ 26.869811995823657, -26.845502996066021 ], [ 26.870316996628834, -26.845717003236665 ], [ 26.870343002324383, -26.845739001553259 ], [ 26.870266000572123, -26.845895998001541 ], [ 26.870564997273565, -26.847020998619808 ], [ 26.870503005206263, -26.847049996359928 ], [ 26.870227766794734, -26.847366344580706 ], [ 26.87038093303034, -26.847512548265151 ], [ 26.870868279244391, -26.847923310911717 ], [ 26.871675180661725, -26.848868144049224 ], [ 26.871682842885647, -26.848877115685987 ], [ 26.872079681328913, -26.849141676446845 ], [ 26.872177150751671, -26.849246106622196 ], [ 26.87135700142117, -26.849926005780148 ], [ 26.870824437294676, -26.850179369082223 ], [ 26.870799999117416, -26.850190994618305 ], [ 26.870448002669868, -26.850337998699306 ], [ 26.869469000690554, -26.850511997730134 ], [ 26.869423000367888, -26.850517000658694 ], [ 26.868846998087168, -26.850582001857511 ], [ 26.866505001601247, -26.850861002133193 ], [ 26.865172998631621, -26.851038001302381 ], [ 26.864518999049217, -26.851088000010844 ], [ 26.863443997139406, -26.851152002962134 ], [ 26.862624998041881, -26.851103000702544 ], [ 26.862107996683349, -26.850989997290142 ], [ 26.861791995600715, -26.850830001602862 ], [ 26.861731999129102, -26.850814002663711 ], [ 26.861654000028675, -26.850791996253246 ], [ 26.861166002705502, -26.85028700264267 ], [ 26.861037997702013, -26.850144004142074 ], [ 26.86005400088802, -26.848691999235974 ], [ 26.860030996230108, -26.848657998567393 ], [ 26.859998999250998, -26.848611996446074 ], [ 26.858917997064555, -26.846974000049691 ], [ 26.858590999971238, -26.846643995623502 ], [ 26.856508000140643, -26.8473080019623 ], [ 26.85484099701096, -26.847838998570499 ], [ 26.854780999639974, -26.847460998226047 ], [ 26.853553998814586, -26.839648998601973 ], [ 26.852502000663321, -26.832833002640555 ], [ 26.851849822208077, -26.827841499984817 ], [ 26.85603088911077, -26.826917252328901 ], [ 26.861629220109069, -26.825733464827195 ], [ 26.86330625337752, -26.825092246409639 ], [ 26.864835312196561, -26.824081093667118 ], [ 26.866290384690181, -26.822601359065068 ], [ 26.868025578014691, -26.820088322317844 ], [ 26.868279998020199, -26.82014998883054 ], [ 26.88625000113354, -26.825480001700388 ], [ 26.897990002033957, -26.828930003416534 ], [ 26.897839996915323, -26.82942000263062 ], [ 26.89728000166772, -26.831280002969439 ], [ 26.896880002107306, -26.832509996738587 ], [ 26.896629990578489, -26.833460001877224 ], [ 26.896139992263763, -26.835119996590215 ], [ 26.895619997961475, -26.836749999812291 ], [ 26.895209999738626, -26.83807000042982 ], [ 26.894800002415067, -26.83944999931769 ], [ 26.894750002807324, -26.839630000423799 ] ] ] } },
{ "type": "Feature", "properties": { "Municipali": "City of Matlosana Local Municipality", "WardNo": "35", "WardLabel": "NW403_35", "Province": "North West", "CLASSIFICATION": "Service centre", "PopGBlack": 13656.137162000001, "PopGColour": 36.704923594, "PopGIndian": 2.744698635, "PopGWhite": 7.483364316, "PopGOther": 19.4641946, "PopGTotal": 13722.534343 }, "geometry": { "type": "Polygon", "coordinates": [ [ [ 26.871495880127487, -26.842375463356593 ], [ 26.871877344660518, -26.843494426825941 ], [ 26.875005355809225, -26.842994285057848 ], [ 26.875446449890489, -26.844040219979817 ], [ 26.876897997941061, -26.844031002828142 ], [ 26.877198998331899, -26.844075998608048 ], [ 26.877474008315573, -26.844184996440053 ], [ 26.877627994732972, -26.844391001443157 ], [ 26.878350002847156, -26.846490000212977 ], [ 26.878664315902213, -26.847396172395065 ], [ 26.879246299573868, -26.849074042932337 ], [ 26.880113192966235, -26.849884398645713 ], [ 26.8808148773015, -26.850705012925612 ], [ 26.88122507697253, -26.851184737385339 ], [ 26.882525414812878, -26.852711222344663 ], [ 26.882025972717283, -26.85298065833036 ], [ 26.8801450523491, -26.853995365193597 ], [ 26.879660901426274, -26.854256552597477 ], [ 26.871107167958176, -26.858646407905091 ], [ 26.865514010759661, -26.861567673908578 ], [ 26.861274612030311, -26.863740810989256 ], [ 26.857359004311235, -26.866012000253193 ], [ 26.856703008233772, -26.86151399877161 ], [ 26.855962998390236, -26.856435001973352 ], [ 26.856060003762771, -26.856330000728594 ], [ 26.858690998287528, -26.856060000867906 ], [ 26.858721000570316, -26.856056004280759 ], [ 26.859710997661033, -26.855952996832944 ], [ 26.863191865906352, -26.85558265239677 ], [ 26.863162637042667, -26.855196957473211 ], [ 26.863048847622824, -26.854217887145374 ], [ 26.865044918085097, -26.85401638324905 ], [ 26.865078717305586, -26.854103037424888 ], [ 26.865226776287546, -26.855366149591653 ], [ 26.870454002946584, -26.854810002579132 ], [ 26.870334999257548, -26.853165007658593 ], [ 26.870276995683515, -26.85270699822901 ], [ 26.870204997759092, -26.852228998668981 ], [ 26.869705998130005, -26.85227599813836 ], [ 26.869538996724053, -26.851121999780069 ], [ 26.869494000944062, -26.851084001624958 ], [ 26.869435998269402, -26.850641009074938 ], [ 26.869423000367888, -26.850517000658694 ], [ 26.869469000690554, -26.850511997730134 ], [ 26.870448002669868, -26.850337998699306 ], [ 26.870799999117416, -26.850190994618305 ], [ 26.87135700142117, -26.849926005780148 ], [ 26.872177150751671, -26.849246106622196 ], [ 26.872079681328913, -26.849141676446845 ], [ 26.871682842885647, -26.848877115685987 ], [ 26.870868279244391, -26.847923310911717 ], [ 26.87038093303034, -26.847512548265151 ], [ 26.870227766794734, -26.847366344580706 ], [ 26.870503005206263, -26.847049996359928 ], [ 26.870564997273565, -26.847020998619808 ], [ 26.870266000572123, -26.845895998001541 ], [ 26.870343002324383, -26.845739001553259 ], [ 26.870316996628834, -26.845717003236665 ], [ 26.869811995823657, -26.845502996066021 ], [ 26.869361996655503, -26.845302999433521 ], [ 26.869240000022703, -26.845536995835324 ], [ 26.868114999404344, -26.846063995856376 ], [ 26.866937833610869, -26.846304458383674 ], [ 26.866519882683129, -26.84578321582239 ], [ 26.866545313711971, -26.843231640427415 ], [ 26.866028217924622, -26.84325707055698 ], [ 26.866138418150189, -26.842570434577524 ], [ 26.866477497635124, -26.842375463356579 ], [ 26.866714853904078, -26.842358509337409 ], [ 26.866909825125024, -26.842578911587111 ], [ 26.867511691907758, -26.842646727663947 ], [ 26.868071173642395, -26.842553480558266 ], [ 26.868868010746787, -26.842536527438384 ], [ 26.86913079804458, -26.842273739241318 ], [ 26.870326053701081, -26.841442994997873 ], [ 26.87120766180086, -26.841790550593029 ], [ 26.871139845724013, -26.842121153967657 ], [ 26.871495880127487, -26.842375463356593 ] ] ] } },
{ "type": "Feature", "properties": { "Municipali": "City of Matlosana Local Municipality", "WardNo": "36", "WardLabel": "NW403_36", "Province": "North West", "CLASSIFICATION": "Service centre", "PopGBlack": 13633.583063, "PopGColour": 115.98554255000001, "PopGIndian": 19.677514196000001, "PopGWhite": 1375.654745, "PopGOther": 30.0079364, "PopGTotal": 15174.908801 }, "geometry": { "type": "Polygon", "coordinates": [ [ [ 26.646166002952704, -26.900405997238195 ], [ 26.646752002996578, -26.900420000581747 ], [ 26.64692399923721, -26.900404001642599 ], [ 26.647183003087136, -26.900377000397455 ], [ 26.647593001309982, -26.900516008606129 ], [ 26.647664001886245, -26.90050600274909 ], [ 26.64770199194739, -26.900500999820537 ], [ 26.647736997158738, -26.90050300171136 ], [ 26.647921010140571, -26.900516008606129 ], [ 26.648074342750736, -26.900516008606122 ], [ 26.648163998863495, -26.900516008606125 ], [ 26.648222002437532, -26.900519998898055 ], [ 26.648251995727069, -26.900520996246204 ], [ 26.649000002342305, -26.900572000396718 ], [ 26.649053001189131, -26.900613996038341 ], [ 26.649122997222545, -26.900666994885079 ], [ 26.650979997423029, -26.900777997305934 ], [ 26.655294000311965, -26.901052001847674 ], [ 26.65947200322455, -26.901316997880347 ], [ 26.662029004229385, -26.901474000623878 ], [ 26.663515001710209, -26.901564001177025 ], [ 26.667483998582046, -26.901812998270554 ], [ 26.667619003008884, -26.903145001240077 ], [ 26.66796700107054, -26.906443002242057 ], [ 26.668206997749074, -26.908517999005714 ], [ 26.668388003397943, -26.908818001149115 ], [ 26.668444002383126, -26.909341992937822 ], [ 26.669272999243887, -26.917148001278527 ], [ 26.669152997307318, -26.917185999433634 ], [ 26.659972000201861, -26.920069000183478 ], [ 26.659435999765734, -26.920236998038305 ], [ 26.659364000942116, -26.920260002696217 ], [ 26.659246001795751, -26.920295998061128 ], [ 26.659132000135902, -26.920383994924702 ], [ 26.659381520634838, -26.920467568922376 ], [ 26.659506723350766, -26.920509503410081 ], [ 26.659825455674415, -26.920691636808847 ], [ 26.659977234256122, -26.920828236633096 ], [ 26.660022766931352, -26.920972424936711 ], [ 26.659924112202166, -26.921116614139688 ], [ 26.659666090411914, -26.92113938137658 ], [ 26.659438229185138, -26.921139381376577 ], [ 26.659377712005956, -26.92113938137658 ], [ 26.659225935222903, -26.921207681288706 ], [ 26.659074156641196, -26.921298746639074 ], [ 26.658914791378695, -26.921480880037841 ], [ 26.658884434762989, -26.921640247098981 ], [ 26.658899612621155, -26.921852736213999 ], [ 26.658899612621155, -26.922125934963219 ], [ 26.658929968337585, -26.922201824253996 ], [ 26.659036213344688, -26.922338424078234 ], [ 26.659218345844174, -26.922520556577631 ], [ 26.659317000573271, -26.922778579267241 ], [ 26.659415657101107, -26.923044190436304 ], [ 26.659537079067103, -26.923188378739908 ], [ 26.659623599243904, -26.923335461961255 ], [ 26.659688856749529, -26.923446401429526 ], [ 26.659848222911396, -26.923613356070749 ], [ 26.660045534168244, -26.923757545273727 ], [ 26.66021248880956, -26.92374236741556 ], [ 26.660371855870711, -26.923658889645267 ], [ 26.660508455694877, -26.923560234016794 ], [ 26.660591932565801, -26.923408456334467 ], [ 26.660812011059633, -26.923264268030763 ], [ 26.661039678032914, -26.923180790260478 ], [ 26.661206632674137, -26.923218733556979 ], [ 26.661290111343803, -26.92329462284783 ], [ 26.661320466160774, -26.923484344725953 ], [ 26.661320466160774, -26.923689245361608 ], [ 26.661305288302604, -26.923886555719257 ], [ 26.661358411255929, -26.924000389205808 ], [ 26.661350821877114, -26.924220466800353 ], [ 26.661365998836004, -26.924326710908179 ], [ 26.661517777417711, -26.924357066624609 ], [ 26.661624020626252, -26.924349478145164 ], [ 26.661692321437663, -26.924273588854312 ], [ 26.6618061549243, -26.924212878320915 ], [ 26.661995876802507, -26.924235644658527 ], [ 26.662238720734585, -26.92422046680035 ], [ 26.662587809673951, -26.924099044834367 ], [ 26.662800297889689, -26.924068689117938 ], [ 26.662898954417432, -26.924159756266963 ], [ 26.662800297889689, -26.924357066624609 ], [ 26.662549864578878, -26.92447090011116 ], [ 26.662322199404166, -26.924653032610642 ], [ 26.662155242964289, -26.924880699583827 ], [ 26.662041410377022, -26.925032477266242 ], [ 26.662011053761312, -26.925222199144457 ], [ 26.662124888147318, -26.925563698705002 ], [ 26.662193188059355, -26.92592037612371 ], [ 26.662178010201274, -26.926254287204802 ], [ 26.662056588235188, -26.926535076232039 ], [ 26.661874454836422, -26.926747565347046 ], [ 26.661631610004974, -26.926937287225261 ], [ 26.661441888126852, -26.927073887049509 ], [ 26.661305288302596, -26.927256020448272 ], [ 26.661199044194774, -26.927551986434295 ], [ 26.661024500174733, -26.92779483036637 ], [ 26.660827188917796, -26.927931430190529 ], [ 26.660667821856649, -26.928014907960925 ], [ 26.660516045073592, -26.928014907960918 ], [ 26.660356678012445, -26.928083207873048 ], [ 26.660311553629455, -26.928233743591598 ], [ 26.660297124007247, -26.928435766396756 ], [ 26.660167252011245, -26.928594497637178 ], [ 26.660075273848999, -26.928686475799505 ], [ 26.660037380914609, -26.928724369633176 ], [ 26.660087830183372, -26.928835223665889 ], [ 26.660133630856581, -26.928873979050117 ], [ 26.660268047126877, -26.928994953153833 ], [ 26.660483111900337, -26.929183133593948 ], [ 26.660738501374887, -26.929384757999387 ], [ 26.661020774283493, -26.929425081801288 ], [ 26.661249280324249, -26.929572939338875 ], [ 26.661249280324249, -26.929761120678457 ], [ 26.661262721591552, -26.929922420382631 ], [ 26.661437461663741, -26.930137485156081 ], [ 26.661571877934037, -26.930433199331901 ], [ 26.661639085169814, -26.930863328878726 ], [ 26.66169285203766, -26.931132159620734 ], [ 26.661894474644541, -26.931333783126902 ], [ 26.662378371059219, -26.931548847900274 ], [ 26.662889150008496, -26.931710146705168 ], [ 26.663467137092919, -26.931965536179803 ], [ 26.66384350067127, -26.932032744314952 ], [ 26.664192980815656, -26.932153718418661 ], [ 26.664461811557594, -26.932288133789591 ], [ 26.664784409167378, -26.932516639830339 ], [ 26.665026357374717, -26.932772030204262 ], [ 26.665107006777163, -26.933000536245014 ], [ 26.665066682075985, -26.933336575122105 ], [ 26.664905383271002, -26.933780146835584 ], [ 26.664757525733499, -26.934129626979967 ], [ 26.664421486856412, -26.934371575187299 ], [ 26.664219864249532, -26.934505990558311 ], [ 26.663964474774982, -26.934694171897707 ], [ 26.66368569483318, -26.93460903128102 ], [ 26.662617328121357, -26.934430970911812 ], [ 26.661944652318017, -26.934252909643327 ], [ 26.66137089924176, -26.933975925647673 ], [ 26.660777361979836, -26.933797864379194 ], [ 26.66057951562631, -26.934035280003414 ], [ 26.660302531630744, -26.934351832370393 ], [ 26.6600057643487, -26.934747523278883 ], [ 26.659788133809506, -26.935163001070876 ], [ 26.659649641811725, -26.935499337623529 ], [ 26.653078425123237, -26.935941512689848 ], [ 26.653303997575513, -26.937615685214908 ], [ 26.653152017545615, -26.938223604435034 ], [ 26.651746205417108, -26.938204606256789 ], [ 26.640393118941116, -26.938937413430111 ], [ 26.640126029286634, -26.936813076261622 ], [ 26.639535833006164, -26.930173365407693 ], [ 26.640555263108826, -26.928925905005695 ], [ 26.640528436332207, -26.928644220253727 ], [ 26.6419550461823, -26.928502771285103 ], [ 26.641863573439057, -26.927509635560419 ], [ 26.640902601068117, -26.927576511845736 ], [ 26.640439408845587, -26.92120762013473 ], [ 26.639549224810736, -26.916891704387808 ], [ 26.639130588599702, -26.914888299054887 ], [ 26.643129862047463, -26.91459941882734 ], [ 26.643127315167423, -26.91456376340615 ], [ 26.643096623104576, -26.914134066433213 ], [ 26.643145591189992, -26.910926666731459 ], [ 26.643210169707547, -26.908939072379518 ], [ 26.643365945775692, -26.904144610284714 ], [ 26.643439397903897, -26.901108598881898 ], [ 26.643447004369758, -26.900335003856529 ], [ 26.646166002952704, -26.900405997238195 ] ] ] } },
{ "type": "Feature", "properties": { "Municipali": "City of Matlosana Local Municipality", "WardNo": "37", "WardLabel": "NW403_37", "Province": "North West", "CLASSIFICATION": "Service centre", "PopGBlack": 9873.8552197000008, "PopGColour": 73.324383644999998, "PopGIndian": 2.195758908, "PopGWhite": 7.01284455, "PopGOther": 23.7980079, "PopGTotal": 9980.1862146999993 }, "geometry": { "type": "Polygon", "coordinates": [ [ [ 26.597107505999876, -26.875051332552065 ], [ 26.597654722780568, -26.877133215424656 ], [ 26.598644584972888, -26.877028942630702 ], [ 26.598768137432888, -26.877500690103879 ], [ 26.598154903219509, -26.877610196052803 ], [ 26.598268924664421, -26.878119492020065 ], [ 26.598192910367789, -26.878339933839978 ], [ 26.598018076766142, -26.879107679674792 ], [ 26.598306931812694, -26.879236904158894 ], [ 26.598409894294523, -26.87932089993873 ], [ 26.59815248943913, -26.879645453573893 ], [ 26.5979004391472, -26.88008954059891 ], [ 26.597732407118198, -26.880377597047563 ], [ 26.597624385949917, -26.880845687877308 ], [ 26.597588377994541, -26.881109739621863 ], [ 26.597612382698546, -26.881529821942795 ], [ 26.597732407118194, -26.882069926884725 ], [ 26.5978284250351, -26.882381988037377 ], [ 26.597863003068426, -26.882526000973254 ], [ 26.597657996312762, -26.882562004432053 ], [ 26.59585500130051, -26.882914997328381 ], [ 26.595373994407609, -26.882997999357276 ], [ 26.592508006132768, -26.883561001937732 ], [ 26.592408401719513, -26.883576051192907 ], [ 26.592368997024803, -26.88358200380554 ], [ 26.591205998251411, -26.883810997278786 ], [ 26.591165997306099, -26.883818992251726 ], [ 26.587599999233657, -26.884519002049316 ], [ 26.587568998703421, -26.884519999397561 ], [ 26.584341000929484, -26.88514200200084 ], [ 26.581836998771461, -26.885629001076573 ], [ 26.582043002875288, -26.886516997960154 ], [ 26.582049004051289, -26.886543002756426 ], [ 26.58230499876969, -26.887591001622425 ], [ 26.582562997177579, -26.888602998828379 ], [ 26.582571001143776, -26.888639998735961 ], [ 26.582760998214475, -26.889418000439466 ], [ 26.583213000172833, -26.891274002392297 ], [ 26.580692669923756, -26.891801163392039 ], [ 26.578850077761853, -26.891450917924555 ], [ 26.578576302547262, -26.8913315563053 ], [ 26.578824899442516, -26.890747703842486 ], [ 26.578784881410161, -26.890537606924042 ], [ 26.578344677657682, -26.88877679281379 ], [ 26.576569659655028, -26.887966506348217 ], [ 26.576903003263922, -26.88748900141529 ], [ 26.576671009652316, -26.886630002271833 ], [ 26.576451002204848, -26.885678999785021 ], [ 26.576940004070881, -26.884277001681273 ], [ 26.577158000634093, -26.883601002883008 ], [ 26.577847989286187, -26.88155200192238 ], [ 26.577970998555628, -26.881184996689235 ], [ 26.578274000837386, -26.880393998882958 ], [ 26.578587001781671, -26.880117998745636 ], [ 26.579028996983535, -26.879952002781732 ], [ 26.580767825367868, -26.879618248182666 ], [ 26.581094999627556, -26.879554999762476 ], [ 26.583007999712507, -26.879181999648573 ], [ 26.582617064419033, -26.87778281192627 ], [ 26.587626102955429, -26.876804756933019 ], [ 26.587957212648341, -26.876739819586057 ], [ 26.590179753086289, -26.876303934378132 ], [ 26.592289859382689, -26.875890097848824 ], [ 26.597064176663668, -26.874905081203611 ], [ 26.597107505999876, -26.875051332552065 ] ] ] } },
{ "type": "Feature", "properties": { "Municipali": "City of Matlosana Local Municipality", "WardNo": "38", "WardLabel": "NW403_38", "Province": "North West", "CLASSIFICATION": "Service centre", "PopGBlack": 8358.107582000001, "PopGColour": 31.01957245, "PopGIndian": 2.117338947, "PopGWhite": 4.313097855, "PopGOther": 6.2962162, "PopGTotal": 8401.8538074999997 }, "geometry": { "type": "Polygon", "coordinates": [ [ [ 26.862624998041881, -26.851103000702544 ], [ 26.863443997139406, -26.851152002962134 ], [ 26.864518999049217, -26.851088000010844 ], [ 26.865172998631621, -26.851038001302381 ], [ 26.866505001601247, -26.850861002133193 ], [ 26.868846998087168, -26.850582001857511 ], [ 26.869423000367888, -26.850517000658694 ], [ 26.869435998269402, -26.850641009074938 ], [ 26.869494000944062, -26.851084001624958 ], [ 26.869538996724053, -26.851121999780069 ], [ 26.869705998130005, -26.85227599813836 ], [ 26.870204997759092, -26.852228998668981 ], [ 26.870276995683515, -26.85270699822901 ], [ 26.870334999257548, -26.853165007658593 ], [ 26.870454002946584, -26.854810002579132 ], [ 26.865226776291365, -26.85536614962772 ], [ 26.865078717305586, -26.854103037424888 ], [ 26.865044918085097, -26.85401638324905 ], [ 26.863048847622824, -26.854217887145374 ], [ 26.863162637042667, -26.855196957473211 ], [ 26.863191865908483, -26.855582652417105 ], [ 26.859710997661033, -26.855952996832944 ], [ 26.858721000570316, -26.856056004280759 ], [ 26.858690998287528, -26.856060000867906 ], [ 26.856060003762771, -26.856330000728594 ], [ 26.855869001249939, -26.85502700269361 ], [ 26.85569599866799, -26.853804995803447 ], [ 26.855617003118777, -26.853248001593581 ], [ 26.855612996639099, -26.853221000348512 ], [ 26.855518002150642, -26.852556003856066 ], [ 26.855355995579281, -26.851473006073949 ], [ 26.855034003213177, -26.84932699974086 ], [ 26.85484099701096, -26.847838998570499 ], [ 26.856508000140643, -26.8473080019623 ], [ 26.858590999971238, -26.846643995623502 ], [ 26.858917997064555, -26.846974000049691 ], [ 26.859998999250998, -26.848611996446074 ], [ 26.860030996230108, -26.848657998567393 ], [ 26.86005400088802, -26.848691999235974 ], [ 26.861037997702013, -26.850144004142074 ], [ 26.861166002705502, -26.85028700264267 ], [ 26.861654000028675, -26.850791996253246 ], [ 26.861731999129102, -26.850814002663711 ], [ 26.861791995600715, -26.850830001602862 ], [ 26.862107996683349, -26.850989997290142 ], [ 26.862624998041881, -26.851103000702544 ] ] ] } },
{ "type": "Feature", "properties": { "Municipali": "City of Matlosana Local Municipality", "WardNo": "39", "WardLabel": "NW403_39", "Province": "North West", "CLASSIFICATION": "Service centre", "PopGBlack": 1216.6729458, "PopGColour": 119.2336833, "PopGIndian": 5.48939727, "PopGWhite": 5184.2044704999998, "PopGOther": 93.545375, "PopGTotal": 6619.1458718000004 }, "geometry": { "type": "Polygon", "coordinates": [ [ [ 26.700855994303573, -26.829275998687656 ], [ 26.702291992176551, -26.834309999706097 ], [ 26.752188000771167, -26.833240998972386 ], [ 26.765330997123456, -26.832960004000416 ], [ 26.765346996062696, -26.833653997333531 ], [ 26.765366267634768, -26.834547008836843 ], [ 26.765367000582245, -26.834580996914887 ], [ 26.765375003649165, -26.835270002607917 ], [ 26.765382002173322, -26.835952002582282 ], [ 26.765389997146276, -26.836560001842027 ], [ 26.765398001112562, -26.837168001101844 ], [ 26.765404997838068, -26.838358002019657 ], [ 26.765411996362229, -26.839707997725373 ], [ 26.765358000167247, -26.839714996249526 ], [ 26.765258001850949, -26.839728999593081 ], [ 26.764819996041638, -26.839791998001793 ], [ 26.764409001369913, -26.839849999777176 ], [ 26.76437699539764, -26.839853998162972 ], [ 26.760735999262522, -26.840379002588321 ], [ 26.758348990808841, -26.840721997721413 ], [ 26.757526002318674, -26.840839000418981 ], [ 26.7574550017425, -26.840848998182143 ], [ 26.757269843024361, -26.840875361807907 ], [ 26.756844002344391, -26.840935996798276 ], [ 26.751509999182591, -26.841691001038271 ], [ 26.750087996559277, -26.841890996771493 ], [ 26.749949002739797, -26.841910003942978 ], [ 26.749897998589294, -26.841917001567762 ], [ 26.747727000995745, -26.842218999306748 ], [ 26.747699000603873, -26.842221001197679 ], [ 26.746000998742517, -26.842460001427323 ], [ 26.744651003036694, -26.842648002902422 ], [ 26.741740002794295, -26.84304999805833 ], [ 26.741579999912418, -26.843070002577974 ], [ 26.741371681852989, -26.843103249614654 ], [ 26.741389296873898, -26.842971642826519 ], [ 26.732965665628193, -26.844216042835487 ], [ 26.712212901099488, -26.847087736409318 ], [ 26.709258340395092, -26.847481677236917 ], [ 26.708078264395311, -26.847639019924141 ], [ 26.699290283614513, -26.848810751114609 ], [ 26.694829587809991, -26.849461667821 ], [ 26.693604332568622, -26.849710548002705 ], [ 26.691058098247417, -26.85059120102245 ], [ 26.679609617084708, -26.855147619766157 ], [ 26.676393322188563, -26.856392019775143 ], [ 26.672889856675969, -26.85800016677355 ], [ 26.670343623254045, -26.859072265671731 ], [ 26.665480890025446, -26.860776137408049 ], [ 26.663087812946511, -26.861675934296152 ], [ 26.662998996800606, -26.861407002830163 ], [ 26.662725729702942, -26.860858609736301 ], [ 26.661968002315696, -26.859337998249249 ], [ 26.661624999088716, -26.85864000023502 ], [ 26.661116998145271, -26.857607999408891 ], [ 26.660989996785258, -26.857349002753484 ], [ 26.660498002874753, -26.85622899696989 ], [ 26.661032001420054, -26.856050003104389 ], [ 26.660967001120511, -26.85585300031493 ], [ 26.664546977355489, -26.854727110267163 ], [ 26.664630236590458, -26.854698288794228 ], [ 26.664314889315055, -26.853131105915015 ], [ 26.663955193771482, -26.851374949393666 ], [ 26.663903624846796, -26.851065535845013 ], [ 26.664141927202515, -26.850931010756792 ], [ 26.666305898392871, -26.848978732781511 ], [ 26.66889325511405, -26.848249567862492 ], [ 26.671339483924445, -26.847543925610935 ], [ 26.672378002137577, -26.846399003210671 ], [ 26.672475000315515, -26.846289996385504 ], [ 26.672497996879546, -26.846263999683121 ], [ 26.675212997975972, -26.842773997920872 ], [ 26.677848796679136, -26.839243237984277 ], [ 26.678702999738189, -26.83809899816956 ], [ 26.679168997845586, -26.837527002368521 ], [ 26.680227004367374, -26.836229000067597 ], [ 26.684270001953664, -26.832902998673752 ], [ 26.684348001054087, -26.832837999273575 ], [ 26.687655003370391, -26.830102002604622 ], [ 26.688144102363172, -26.829704274731771 ], [ 26.691757590035504, -26.827402947387437 ], [ 26.699024060906488, -26.822856928403798 ], [ 26.699095002127475, -26.823108002931285 ], [ 26.700812003066339, -26.829120001386272 ], [ 26.700855994303573, -26.829275998687656 ] ] ] } }
]
}
