{
"type": "FeatureCollection",
"name": "JB_Marks_Local_Municipality",
"crs": { "type": "name", "properties": { "name": "urn:ogc:def:crs:OGC:1.3:CRS84" } },
"features": [
{ "type": "Feature", "properties": { "Municipali": "JB Marks Local Municipality", "WardNo": "1", "WardLabel": "NW405_1", "Province": "North West", "CLASSIFICATION": "Service centre", "PopGBlack": 11507.481769, "PopGColour": 98.634245358000001, "PopGIndian": 4.469937777, "PopGWhite": 7.136216451, "PopGOther": 17.1268197, "PopGTotal": 11634.848989 }, "geometry": { "type": "Polygon", "coordinates": [ [ [ 27.021537996878951, -26.740434999975005 ], [ 27.019980009567689, -26.740913995983913 ], [ 27.019212000231558, -26.740797998728461 ], [ 27.017720220109982, -26.740524671376246 ], [ 27.016831084684693, -26.740437500989692 ], [ 27.01548866576714, -26.742198336683657 ], [ 27.015315000384888, -26.742308995563487 ], [ 27.015349000154114, -26.742372991320273 ], [ 27.016088028837341, -26.743795661240547 ], [ 27.016098389027292, -26.743815604606258 ], [ 27.017043490162873, -26.745831819882326 ], [ 27.006250855790199, -26.749070293858775 ], [ 26.998202695096083, -26.751485253241622 ], [ 26.998471003331893, -26.748229997016519 ], [ 26.99876099781952, -26.745044002078782 ], [ 26.999511482066985, -26.743287686377375 ], [ 26.999732770149066, -26.743327600987751 ], [ 27.000085930319159, -26.743327600987747 ], [ 27.000494851154308, -26.743327600987747 ], [ 27.000903771989282, -26.74343912501536 ], [ 27.001331280911682, -26.743420536928028 ], [ 27.001721614558598, -26.743476299391478 ], [ 27.001944662613912, -26.743940982689985 ], [ 27.002019012265414, -26.74468447560788 ], [ 27.002427933100478, -26.744926110851072 ], [ 27.003190014105719, -26.74464730123168 ], [ 27.003636110216078, -26.744963286126556 ], [ 27.003859709555751, -26.745031016767747 ], [ 27.004718000033471, -26.745290999979407 ], [ 27.005459000030655, -26.745565000024463 ], [ 27.005996999659686, -26.745736999862476 ], [ 27.006189999566672, -26.745269999910352 ], [ 27.006936999840494, -26.743609999801425 ], [ 27.007079000093565, -26.743284000056356 ], [ 27.007260000346573, -26.743131000195223 ], [ 27.007441999746302, -26.743001999642313 ], [ 27.007878000067485, -26.742723000266004 ], [ 27.008354003132542, -26.742363000751624 ], [ 27.008767998841904, -26.742086004165607 ], [ 27.009166003705996, -26.741808991391643 ], [ 27.009595001006346, -26.741522003337607 ], [ 27.009989996738828, -26.741247001447729 ], [ 27.010404001441351, -26.740965000134402 ], [ 27.011774999014875, -26.740025999999691 ], [ 27.012165000812043, -26.73976800069244 ], [ 27.01245000136436, -26.739575010677981 ], [ 27.013436998316713, -26.738906002309896 ], [ 27.01414200294899, -26.738432001135678 ], [ 27.014521566315153, -26.738176602667881 ], [ 27.016021999713402, -26.737167001255898 ], [ 27.016097005869973, -26.737117001648073 ], [ 27.016146997383839, -26.737083001878847 ], [ 27.016099000566296, -26.736991996783033 ], [ 27.016108999228816, -26.736703996092356 ], [ 27.016163004417049, -26.735030004330973 ], [ 27.016166003656039, -26.73498700324739 ], [ 27.016861002431195, -26.733881000807362 ], [ 27.017183003790464, -26.733367996935264 ], [ 27.01901200359897, -26.733623003298757 ], [ 27.020650998242896, -26.733853001314774 ], [ 27.020488003316625, -26.734762997414222 ], [ 27.02031699633028, -26.735709004166978 ], [ 27.020154446568359, -26.736719471626103 ], [ 27.02046160461731, -26.73679035529047 ], [ 27.020358759047387, -26.737352982853672 ], [ 27.020993004121802, -26.737464999709736 ], [ 27.021809998630477, -26.737607001761535 ], [ 27.023310997702275, -26.737870003097974 ], [ 27.023202997218519, -26.738878999266205 ], [ 27.022119002088232, -26.740017996033497 ], [ 27.021801995563553, -26.740354998983758 ], [ 27.021537996878951, -26.740434999975005 ] ] ] } },
{ "type": "Feature", "properties": { "Municipali": "JB Marks Local Municipality", "WardNo": "2", "WardLabel": "NW405_2", "Province": "North West", "CLASSIFICATION": "Service centre", "PopGBlack": 2352.0288630019159, "PopGColour": 148.83215913664935, "PopGIndian": 1.066542662197038, "PopGWhite": 2352.2124742645751, "PopGOther": 11.965935077960166, "PopGTotal": 4866.1059741432982 }, "geometry": { "type": "Polygon", "coordinates": [ [ [ 27.422990002785831, -26.647819997195171 ], [ 27.425759000976576, -26.649468000347969 ], [ 27.432819995645819, -26.635849998278765 ], [ 27.43466999822131, -26.631809999032249 ], [ 27.435800001768136, -26.631779996749454 ], [ 27.437050000056928, -26.631679999332526 ], [ 27.440879996813923, -26.631310001155722 ], [ 27.441319998218834, -26.631300003392489 ], [ 27.441920000706975, -26.631300003392482 ], [ 27.44246999819142, -26.631279998872852 ], [ 27.449270002408209, -26.630690001342458 ], [ 27.450139996662983, -26.63068000268003 ], [ 27.451999997001803, -26.630539996223821 ], [ 27.454829998005568, -26.63033000182817 ], [ 27.459089996605588, -26.631499999125705 ], [ 27.46085999818991, -26.632039997947629 ], [ 27.46369999695683, -26.632929996722041 ], [ 27.464089998753998, -26.633059998220329 ], [ 27.469539999171197, -26.634739990258431 ], [ 27.47711000022592, -26.637110009619288 ], [ 27.479890001621854, -26.63796999891639 ], [ 27.484050002804942, -26.639269995913647 ], [ 27.489869999600383, -26.641129997151658 ], [ 27.494309999306598, -26.642510003234129 ], [ 27.495890002021575, -26.642930000119403 ], [ 27.506530000758506, -26.646230003911587 ], [ 27.516789996360885, -26.646380000936343 ], [ 27.519540003567904, -26.646410003219145 ], [ 27.525989998839044, -26.646510000636074 ], [ 27.528980002724598, -26.646550001581378 ], [ 27.530980002324934, -26.646579988575692 ], [ 27.531950002989884, -26.646590003425974 ], [ 27.532909997797798, -26.646600001189213 ], [ 27.533879999362117, -26.646619996715511 ], [ 27.534840002263913, -26.646630004371286 ], [ 27.535810002029667, -26.646640002134433 ], [ 27.536769988743615, -26.646659997660826 ], [ 27.537739998401808, -26.646669996323347 ], [ 27.538700001303699, -26.646680003079741 ], [ 27.53966999387476, -26.646699998606049 ], [ 27.540629995877282, -26.646709997268566 ], [ 27.541000001248776, -26.646709997268566 ], [ 27.541120004084622, -26.646720003125687 ], [ 27.541740003897715, -26.64672000312569 ], [ 27.541869996402827, -26.646730001788207 ], [ 27.543189997919725, -26.646749998213881 ], [ 27.543849998678127, -26.646749998213881 ], [ 27.545170001094391, -26.646770001834152 ], [ 27.545839999616028, -26.646780001395946 ], [ 27.548480002649725, -26.646820001441984 ], [ 27.548790002556274, -26.646829999205131 ], [ 27.549100003362184, -26.646829999205131 ], [ 27.549720003175278, -26.646850003724783 ], [ 27.550030003081822, -26.646850003724779 ], [ 27.550650002895001, -26.64687000015045 ], [ 27.550960002801546, -26.64687000015045 ], [ 27.551270002708179, -26.646879997913597 ], [ 27.551569996757696, -26.646889996576114 ], [ 27.551929996271983, -26.646889996576114 ], [ 27.551999992305486, -26.646900003332526 ], [ 27.552410004917437, -26.646900003332522 ], [ 27.552539998321922, -26.646910009189646 ], [ 27.553069997582046, -26.646910009189646 ], [ 27.553199999080324, -26.646919998858912 ], [ 27.553599998640731, -26.64691999885892 ], [ 27.553899999884756, -26.646929996622152 ], [ 27.554189996171033, -26.646929996622148 ], [ 27.554489990220546, -26.646940004277834 ], [ 27.55478999955854, -26.646940004277834 ], [ 27.555080003039414, -26.646950010134859 ], [ 27.555679999232233, -26.646950010134859 ], [ 27.555970002713106, -26.646959999804224 ], [ 27.556269996762619, -26.646959999804228 ], [ 27.556569998006644, -26.646969997567378 ], [ 27.559070002678194, -26.647009999412056 ], [ 27.560329992434905, -26.64701999717521 ], [ 27.564080002589758, -26.647080001740701 ], [ 27.565339998641694, -26.64709999906583 ], [ 27.56909000160195, -26.647160003631324 ], [ 27.569140001209782, -26.649260000648589 ], [ 27.56918000215509, -26.651349999003315 ], [ 27.569299995997685, -26.657649998148887 ], [ 27.569339996942993, -26.659739997403083 ], [ 27.569379997888305, -26.661840001614848 ], [ 27.569429996596767, -26.663939997732736 ], [ 27.56946999844136, -26.666040002843971 ], [ 27.569509997588021, -26.668130002097993 ], [ 27.569519997149911, -26.668710000965852 ], [ 27.569570003052885, -26.671969996618117 ], [ 27.569859999339158, -26.676979995630305 ], [ 27.570240001574529, -26.683650000147452 ], [ 27.574230002112678, -26.684080001990573 ], [ 27.574220004349439, -26.687490002761482 ], [ 27.574180003404123, -26.69525000178626 ], [ 27.574150001121421, -26.709350000002548 ], [ 27.574140001559531, -26.711290002231816 ], [ 27.57411999793926, -26.715029999335027 ], [ 27.574159998884571, -26.715839997118181 ], [ 27.575309998857065, -26.715690000093517 ], [ 27.592459999229277, -26.701209997843208 ], [ 27.602839996768129, -26.692439997208179 ], [ 27.602589994232563, -26.694730000289287 ], [ 27.602169998246573, -26.703750002560614 ], [ 27.601660001707437, -26.714859996891352 ], [ 27.602240000575303, -26.722850002925398 ], [ 27.589120001686464, -26.724090002551662 ], [ 27.586910001395161, -26.727290000832951 ], [ 27.584479999951714, -26.728509996838941 ], [ 27.583739997302779, -26.729110001125733 ], [ 27.581410002269507, -26.731000002847878 ], [ 27.583140002009241, -26.732099996917398 ], [ 27.583989999838341, -26.732629997076806 ], [ 27.588810001779834, -26.735700002852894 ], [ 27.590429997346238, -26.738360003211632 ], [ 27.589539997672546, -26.738760002771947 ], [ 27.587549996734641, -26.739809997233628 ], [ 27.587009998812086, -26.74005000200604 ], [ 27.586540004117634, -26.740220002651075 ], [ 27.58624999973739, -26.74033999739304 ], [ 27.585909996648773, -26.740549998983376 ], [ 27.584719995730961, -26.741439998657061 ], [ 27.583940001129879, -26.741960001053233 ], [ 27.583370000025159, -26.742390002896435 ], [ 27.582799998920532, -26.742790003356038 ], [ 27.581450003214819, -26.743689999893686 ], [ 27.580960003101353, -26.743919990715096 ], [ 27.580639997337688, -26.744139999061744 ], [ 27.580300002342952, -26.744360000213888 ], [ 27.579779999946787, -26.7446900037407 ], [ 27.579500003222314, -26.74484999942797 ], [ 27.579140003707852, -26.744920001756707 ], [ 27.578589999028978, -26.745010002309765 ], [ 27.577629996127182, -26.745150000672087 ], [ 27.576999997651484, -26.745280001271084 ], [ 27.576270001758861, -26.745389990156017 ], [ 27.575499996827041, -26.745550001131697 ], [ 27.574980003424127, -26.745659997211227 ], [ 27.574500009167789, -26.7457799991477 ], [ 27.573920002206041, -26.745820000093012 ], [ 27.573260001447636, -26.745949999792725 ], [ 27.572320003065389, -26.746210009084692 ], [ 27.571679990638778, -26.74639999896079 ], [ 27.571390003345662, -26.746480000851413 ], [ 27.571019997974258, -26.746620000113015 ], [ 27.570489996915484, -26.746840000365786 ], [ 27.570160000583265, -26.746960002302352 ], [ 27.5699700026132, -26.747079997044324 ], [ 27.569829997056448, -26.747299997297088 ], [ 27.569689997794843, -26.747770000085509 ], [ 27.569710002314483, -26.748160000983312 ], [ 27.569779998347901, -26.748579997868671 ], [ 27.569959996756165, -26.749109998028075 ], [ 27.570079998692645, -26.749649996849914 ], [ 27.570100004111652, -26.750150001921124 ], [ 27.570110001874806, -26.75037000217398 ], [ 27.570100004111652, -26.750500002772977 ], [ 27.570100004111652, -26.750879997813744 ], [ 27.570070000929491, -26.751149997674258 ], [ 27.569919995810853, -26.751319999218659 ], [ 27.569640007180258, -26.751610002699529 ], [ 27.569549999432606, -26.751949996794984 ], [ 27.569549999432606, -26.752590002026999 ], [ 27.569609995904219, -26.753030001633348 ], [ 27.569720000077634, -26.753830001653355 ], [ 27.569779998347897, -26.754199998930879 ], [ 27.569900000284459, -26.754559998445259 ], [ 27.570250001136323, -26.75512000088737 ], [ 27.570439998207018, -26.755420003030768 ], [ 27.570669997122309, -26.755480000401743 ], [ 27.570979997028946, -26.755669998371811 ], [ 27.571239998227025, -26.755899996387729 ], [ 27.571999997301724, -26.756590000328298 ], [ 27.5725500010814, -26.757060003116717 ], [ 27.572690000342917, -26.757259998849932 ], [ 27.572799996422447, -26.757439998157487 ], [ 27.573300002392855, -26.757820001292039 ], [ 27.574090002851062, -26.758459998430261 ], [ 27.575049997658979, -26.759150000572173 ], [ 27.57592999867024, -26.759890004120479 ], [ 27.576350002750111, -26.76036999657817 ], [ 27.576580001665402, -26.760570001304554 ], [ 27.576940001179782, -26.761150000172417 ], [ 27.577250001086412, -26.761710002614613 ], [ 27.577500003621978, -26.76221000139051 ], [ 27.578099998915516, -26.76314000111023 ], [ 27.578610002649253, -26.763909997948154 ], [ 27.57895000573787, -26.76433999979119 ], [ 27.57928000207017, -26.764720003825204 ], [ 27.57969999895553, -26.765050000157416 ], [ 27.580880002110099, -26.765960004350752 ], [ 27.581389997749955, -26.766489996416283 ], [ 27.581529996112099, -26.76679999632282 ], [ 27.58177999864775, -26.767210001740263 ], [ 27.582089998554295, -26.767600004436716 ], [ 27.582300001043915, -26.767939997632887 ], [ 27.582510002634255, -26.76843999640878 ], [ 27.582589997330189, -26.768900001433963 ], [ 27.582589997330189, -26.769610000900915 ], [ 27.582520001296775, -26.769870002099001 ], [ 27.582489999013983, -26.770320001267148 ], [ 27.582510002634255, -26.770750003110173 ], [ 27.582560002241998, -26.771160001333008 ], [ 27.582560002241998, -26.77151000218495 ], [ 27.582549996384966, -26.771829999854653 ], [ 27.582449998068672, -26.772120004234885 ], [ 27.582330004226076, -26.772440001904585 ], [ 27.582200002727621, -26.77272999819095 ], [ 27.582039999845833, -26.772970002063989 ], [ 27.581950000192059, -26.773249999687742 ], [ 27.581810001829822, -26.773690000193461 ], [ 27.581640000285514, -26.773940002729031 ], [ 27.581349996804551, -26.774269999960609 ], [ 27.580740002848579, -26.774920002056579 ], [ 27.580359998814654, -26.775240007820155 ], [ 27.580189998169622, -26.775389996751038 ], [ 27.579929996971451, -26.775670003368038 ], [ 27.57969999895553, -26.775839995919185 ], [ 27.579420001331687, -26.776020004219891 ], [ 27.578999997251813, -26.776260008092937 ], [ 27.578400001058906, -26.776690002741447 ], [ 27.577900004081663, -26.777149999672829 ], [ 27.577579997418631, -26.777329998980381 ], [ 27.577100004061656, -26.777469998241902 ], [ 27.576750003209799, -26.77758000241522 ], [ 27.576400002357939, -26.777750003060259 ], [ 27.576260003995706, -26.777890002321861 ], [ 27.576029996986534, -26.778240003173622 ], [ 27.575830001253312, -26.778569998606564 ], [ 27.575600003237216, -26.778719995631405 ], [ 27.575309998857058, -26.778829999804735 ], [ 27.574940001579535, -26.778889998074995 ], [ 27.57462000390975, -26.778929998120933 ], [ 27.574259997200858, -26.779010000011564 ], [ 27.573780002944517, -26.77913999971128 ], [ 27.57185000027696, -26.780349997954122 ], [ 27.571379996589261, -26.780640002334369 ], [ 27.570860003186258, -26.780940002679106 ], [ 27.570319996270541, -26.781170001594401 ], [ 27.56985000067672, -26.781250002585654 ], [ 27.569450001116309, -26.781260002147459 ], [ 27.568979998327976, -26.78113999931152 ], [ 27.568679996184581, -26.780919999058746 ], [ 27.56820000282752, -26.780420001182137 ], [ 27.56777999874765, -26.780010002959301 ], [ 27.56756999715731, -26.779899998785964 ], [ 27.567169996697704, -26.779689997195725 ], [ 27.566780002994417, -26.77957000335304 ], [ 27.566539998222009, -26.779429995997553 ], [ 27.566279997023926, -26.779180000656591 ], [ 27.565969997117381, -26.779090001002814 ], [ 27.565339998641683, -26.779059998720022 ], [ 27.564870003947231, -26.779000002248409 ], [ 27.564400001158806, -26.778849997129686 ], [ 27.563990002935967, -26.778590004025567 ], [ 27.563550002430336, -26.778309998307844 ], [ 27.563129998350465, -26.778160001283094 ], [ 27.562869997152294, -26.778060002966793 ], [ 27.562379997938198, -26.777720000777453 ], [ 27.561740000800068, -26.7773699999256 ], [ 27.561240002923455, -26.777119997390042 ], [ 27.560980001725373, -26.777029996836994 ], [ 27.56072999918981, -26.776939998082486 ], [ 27.560339998292012, -26.776640004032981 ], [ 27.560000003297187, -26.776369996977866 ], [ 27.559889999123861, -26.776179999007795 ], [ 27.55973000433595, -26.776030001983042 ], [ 27.559319998019141, -26.775770008878833 ], [ 27.558789997859826, -26.775490003161114 ], [ 27.558439997007884, -26.775169997397541 ], [ 27.55823000261223, -26.77480999788316 ], [ 27.557980000076668, -26.774419988891481 ], [ 27.55780999943164, -26.774239996778441 ], [ 27.5575899982795, -26.774059998370266 ], [ 27.557340002938453, -26.773820000792451 ], [ 27.55700000074911, -26.773569998256889 ], [ 27.556609998951942, -26.773389998949341 ], [ 27.556240001674414, -26.773269996113502 ], [ 27.55572000017753, -26.773219997405036 ], [ 27.55523999872668, -26.773259998350351 ], [ 27.55495000333968, -26.77336000386115 ], [ 27.554550002879996, -26.773569998256892 ], [ 27.554399997761355, -26.773749997564352 ], [ 27.554150003319673, -26.773910001345506 ], [ 27.553899999884742, -26.774000000099999 ], [ 27.553559997695409, -26.774000000099999 ], [ 27.553190001317159, -26.774080001990537 ], [ 27.552870001848813, -26.77414999712467 ], [ 27.552369996777596, -26.774260009391963 ], [ 27.55195000079161, -26.774369998276896 ], [ 27.551349997404099, -26.774369998276896 ], [ 27.551060001117829, -26.77450999573977 ], [ 27.550660000658226, -26.774740002749031 ], [ 27.550099999115307, -26.775060001318092 ], [ 27.549770001883811, -26.775249999288068 ], [ 27.548750001610941, -26.776139998062572 ], [ 27.548379997138817, -26.776520001197127 ], [ 27.548139999561002, -26.776769995638812 ], [ 27.547999994004169, -26.777000002648073 ], [ 27.547849996979412, -26.777199999280658 ], [ 27.547709997717892, -26.777310002554614 ], [ 27.547489998364401, -26.77731999312325 ], [ 27.546999998250943, -26.777459999579378 ], [ 27.546400002957398, -26.777840002714029 ], [ 27.546109998577247, -26.778070001629313 ], [ 27.545899996986904, -26.778340000590639 ], [ 27.54574999996224, -26.77856999860656 ], [ 27.545579999317212, -26.778820002041485 ], [ 27.545430002292456, -26.779069997382535 ], [ 27.545330003976158, -26.779240006121448 ], [ 27.545160002431853, -26.779339996343772 ], [ 27.544860001187736, -26.779589998879423 ], [ 27.544289999183739, -26.780030000284338 ], [ 27.544010001559986, -26.780290000583133 ], [ 27.54344999911779, -26.780879998113523 ], [ 27.543049998658191, -26.781229998965294 ], [ 27.542889995776402, -26.78144000055563 ], [ 27.54267000361742, -26.781710000416229 ], [ 27.542330001428084, -26.782029998985298 ], [ 27.541939999630916, -26.782450003065261 ], [ 27.541689997095354, -26.78271000426334 ], [ 27.541419998134032, -26.782959998705021 ], [ 27.541049999957224, -26.783269998611559 ], [ 27.540780000995902, -26.783470003338032 ], [ 27.540439998806562, -26.783640003983063 ], [ 27.540219997654422, -26.783899997087261 ], [ 27.539750002959881, -26.784270001559388 ], [ 27.539029996736616, -26.784660004255837 ], [ 27.538139997962112, -26.785049997059762 ], [ 27.537820000292417, -26.785139996713532 ], [ 27.537320002415804, -26.785229997266583 ], [ 27.536970000664667, -26.785240003123707 ], [ 27.536759999074327, -26.785299999595406 ], [ 27.536570001104351, -26.785349999203142 ], [ 27.536180000206546, -26.785299999595413 ], [ 27.535550000831478, -26.785120009281023 ], [ 27.534899998735597, -26.78490000003508 ], [ 27.534350002150525, -26.784789995861672 ], [ 27.533839998416873, -26.784699997107182 ], [ 27.533200002178024, -26.784660004255837 ], [ 27.532390004394777, -26.784699997107179 ], [ 27.531660000408358, -26.784729999390056 ], [ 27.530969995568519, -26.784789995861669 ], [ 27.53040000255768, -26.784829996806984 ], [ 27.530119997739327, -26.78482999680698 ], [ 27.529799999170258, -26.784800002618073 ], [ 27.529589996680638, -26.784789995861669 ], [ 27.529229998065542, -26.784710002964296 ], [ 27.528770009228211, -26.784609996554217 ], [ 27.528089995856202, -26.784360002112443 ], [ 27.527530000608692, -26.784169996048494 ], [ 27.527000001348657, -26.783910002944378 ], [ 27.526519999897715, -26.783649993652325 ], [ 27.526250000037113, -26.783470003338028 ], [ 27.525750003059777, -26.783080000641583 ], [ 27.525109997827766, -26.782649998798476 ], [ 27.52462999727619, -26.78245000306525 ], [ 27.524110002973821, -26.782299997946609 ], [ 27.523800003067276, -26.782280000621569 ], [ 27.522830002402326, -26.782129997301585 ], [ 27.522200003926628, -26.782069999031325 ], [ 27.521569997357044, -26.781980000276828 ], [ 27.520899997936212, -26.781909996149444 ], [ 27.520260001697363, -26.781909996149444 ], [ 27.519510001285187, -26.781859997440986 ], [ 27.518279999422067, -26.781920002006476 ], [ 27.517359996566213, -26.781970000715024 ], [ 27.516829997306086, -26.782079997693753 ], [ 27.516339998091993, -26.782280000621572 ], [ 27.515889998923935, -26.782739997552955 ], [ 27.515530000308836, -26.783009998312846 ], [ 27.515279996873993, -26.783149995775716 ], [ 27.514959999204208, -26.783330004076511 ], [ 27.514569997407037, -26.783579999417473 ], [ 27.514019999922681, -26.783769989293653 ], [ 27.512699999305156, -26.784289998884336 ], [ 27.512159999583954, -26.784550000082508 ], [ 27.51172999774084, -26.784679999782224 ], [ 27.511220002101073, -26.7848699977522 ], [ 27.510639995139325, -26.785099995768213 ], [ 27.510129998600195, -26.785349999203145 ], [ 27.509750002660144, -26.78552999940997 ], [ 27.509389995951164, -26.785780001945625 ], [ 27.509140000610206, -26.786139993366024 ], [ 27.508910002594103, -26.786540000120951 ], [ 27.508610001350082, -26.78708000703676 ], [ 27.508409996623609, -26.787529998110937 ], [ 27.508179998607687, -26.787870000300366 ], [ 27.507940001929157, -26.788269999860685 ], [ 27.507649998448283, -26.788719999028739 ], [ 27.507500001423523, -26.788909996998807 ], [ 27.507200000179502, -26.789320002416243 ], [ 27.507119998288875, -26.789510000386223 ], [ 27.50693000031881, -26.789929996372216 ], [ 27.506549997184251, -26.790480001051261 ], [ 27.506400000159491, -26.79074000224935 ], [ 27.505990001936652, -26.791289998834422 ], [ 27.505810002629104, -26.791559997795741 ], [ 27.50560000103885, -26.79196999601858 ], [ 27.505540002768502, -26.792330002727475 ], [ 27.505510001385076, -26.792770004132471 ], [ 27.50550000272256, -26.792979997628834 ], [ 27.505540002768502, -26.793360000763482 ], [ 27.505619996565244, -26.793979993381978 ], [ 27.505829999054775, -26.794579996769485 ], [ 27.505900002282878, -26.794820002441174 ], [ 27.50614999672456, -26.79518000105627 ], [ 27.506409997922642, -26.79567999803351 ], [ 27.506660001357574, -26.796110000775908 ], [ 27.50679999971981, -26.796280002320302 ], [ 27.507029997735824, -26.796469992196496 ], [ 27.507510000086047, -26.797179998857867 ], [ 27.507940001929157, -26.797690002591597 ], [ 27.508110010668066, -26.798010002060039 ], [ 27.508330003726325, -26.798440003903142 ], [ 27.508690003240613, -26.798649998298792 ], [ 27.509100000564171, -26.798869997652282 ], [ 27.510430000743582, -26.799759998225348 ], [ 27.51099000318569, -26.80019000006854 ], [ 27.511649995850217, -26.800670000620116 ], [ 27.512510001335087, -26.801219998104479 ], [ 27.512889996375854, -26.801510001585353 ], [ 27.513279998172937, -26.801900003382517 ], [ 27.513949996694574, -26.802650003794689 ], [ 27.515290002731021, -26.804030002682566 ], [ 27.515610001300086, -26.804480001850632 ], [ 27.515749999662411, -26.804890000073467 ], [ 27.515889998923932, -26.805280000971273 ], [ 27.51593999763239, -26.805559998595111 ], [ 27.516059999568956, -26.805900000784444 ], [ 27.516389996800545, -26.806459996032043 ], [ 27.516810000880412, -26.807040002993791 ], [ 27.517219999103251, -26.807649996949841 ], [ 27.517550002630156, -26.808179998008626 ], [ 27.517719996080583, -26.808449996969848 ], [ 27.517939997232727, -26.808870001049815 ], [ 27.518109989783785, -26.809419997634809 ], [ 27.518189999768289, -26.809830003951607 ], [ 27.51821000428793, -26.810219996755524 ], [ 27.518130002397307, -26.810860001987539 ], [ 27.517969998616149, -26.81131000025632 ], [ 27.517799997971117, -26.811800000369779 ], [ 27.51764000318321, -26.812310004103512 ], [ 27.51754000486692, -26.812450003365033 ], [ 27.517389999748278, -26.812569997207628 ], [ 27.517179998158028, -26.812710003663835 ], [ 27.516829997306083, -26.81294000167976 ], [ 27.516639999336107, -26.813139998312344 ], [ 27.516400002657573, -26.813380003084667 ], [ 27.51615999788525, -26.813730003936602 ], [ 27.516010000860401, -26.814000002897838 ], [ 27.515619991868725, -26.814500000774458 ], [ 27.515439999755774, -26.814890001672339 ], [ 27.515439999755774, -26.815210000241411 ], [ 27.515399998810462, -26.815640002983805 ], [ 27.515309999156777, -26.815849997379544 ], [ 27.515170000794541, -26.816099999915103 ], [ 27.515050006052576, -26.816369998876421 ], [ 27.514800004416298, -26.816719999728285 ], [ 27.514379999437054, -26.817190003415984 ], [ 27.514090004050061, -26.817690001292597 ], [ 27.513740003198201, -26.818369997577388 ], [ 27.513539999371101, -26.818880002210395 ], [ 27.513449998817958, -26.819330001378557 ], [ 27.513340002738516, -26.819580003014739 ], [ 27.513220000802036, -26.819789998309854 ], [ 27.512639993840285, -26.8208300022029 ], [ 27.512379999836718, -26.821339997842664 ], [ 27.512109992781511, -26.82182999705676 ], [ 27.512049996309901, -26.822089998254935 ], [ 27.511940000230457, -26.822340000790401 ], [ 27.511729997740836, -26.822730002587569 ], [ 27.511379996888977, -26.823499992230907 ], [ 27.51122999986422, -26.823999997302121 ], [ 27.511159996636117, -26.824410002719464 ], [ 27.511059999219192, -26.824940003778249 ], [ 27.510839998966418, -26.825520002646108 ], [ 27.510749999312644, -26.825979999577413 ], [ 27.510759988981917, -26.826230003012252 ], [ 27.510900004431285, -26.826420000982328 ], [ 27.511090008696584, -26.826619995816177 ], [ 27.511289997235199, -26.827009990418741 ], [ 27.511369999125737, -26.827420003930058 ], [ 27.511400001408532, -26.827669999271105 ], [ 27.51144000235384, -26.828069998831424 ], [ 27.511559997095809, -26.828670002218846 ], [ 27.511719999977597, -26.829279996174915 ], [ 27.511830004151012, -26.829539997372986 ], [ 27.511909997048384, -26.829830008947834 ], [ 27.511909997048384, -26.830109997578422 ], [ 27.511819998293888, -26.830570002603608 ], [ 27.511790003205697, -26.830880003409522 ], [ 27.511809998732087, -26.831179996559662 ], [ 27.511809998732087, -26.83181000312916 ], [ 27.511719999977593, -26.832120003035698 ], [ 27.511610002998868, -26.832859997590845 ], [ 27.511599997141747, -26.833339990947898 ], [ 27.511639998087059, -26.83389000372074 ], [ 27.511729997740833, -26.834210002289804 ], [ 27.511719999977593, -26.834560003141668 ], [ 27.511700002652642, -26.835140002009528 ], [ 27.511790003205693, -26.835569996658037 ], [ 27.511769998686052, -26.836080001291144 ], [ 27.511750002260385, -26.836510003134162 ], [ 27.511639998087059, -26.83678000209548 ], [ 27.511469997442031, -26.837080004238885 ], [ 27.511360001362586, -26.837419999233614 ], [ 27.511149998872966, -26.837840003313485 ], [ 27.510810003878227, -26.838150003220122 ], [ 27.510489998114476, -26.838510001835129 ], [ 27.510179998207928, -26.838780000796447 ], [ 27.509819998693551, -26.839069997082809 ], [ 27.509500000124486, -26.839260002247393 ], [ 27.509150000171999, -26.839459997980608 ], [ 27.508860003885633, -26.839599997242125 ], [ 27.508470002088554, -26.839830003352017 ], [ 27.508309999206677, -26.8399899990393 ], [ 27.508049998008595, -26.840100003212623 ], [ 27.507129996052111, -26.840510001435458 ], [ 27.506520002095961, -26.840780000396784 ], [ 27.505990001936645, -26.840990001987031 ], [ 27.505550002330295, -26.841239997328088 ], [ 27.505110000925384, -26.841459996681571 ], [ 27.504759991979647, -26.841600004037058 ], [ 27.504459997930134, -26.841769996588116 ], [ 27.504140000260435, -26.84193000036927 ], [ 27.503920000007575, -26.842150000622041 ], [ 27.503470000839425, -26.842519997899657 ], [ 27.503190004114952, -26.84267000301821 ], [ 27.502880004208404, -26.842860000089001 ], [ 27.502480003748715, -26.843120002186453 ], [ 27.502010000960386, -26.843420003430477 ], [ 27.501619999163214, -26.843610001400542 ], [ 27.501289994737029, -26.843809997133764 ], [ 27.500829997805727, -26.844029997386528 ], [ 27.500410000920365, -26.844170003842645 ], [ 27.500129996102014, -26.844339997293076 ], [ 27.500010002259327, -26.844419999183692 ], [ 27.499939998131943, -26.84458999982872 ], [ 27.499910003943121, -26.844710001765208 ], [ 27.499870002997813, -26.844840003263574 ], [ 27.499809998432227, -26.844919997060313 ], [ 27.499690002790985, -26.845020009765722 ], [ 27.499589998179459, -26.84505999542246 ], [ 27.499480001200727, -26.845079999942104 ], [ 27.499309999656333, -26.845119999988043 ], [ 27.499019996175456, -26.845160000933355 ], [ 27.498640001134689, -26.845209999641813 ], [ 27.49823000291185, -26.845169998696591 ], [ 27.497769997886671, -26.845129998650567 ], [ 27.49752000344499, -26.845169998696601 ], [ 27.497159995836725, -26.845229996966857 ], [ 27.49684999593018, -26.845309997958111 ], [ 27.496579996968858, -26.845380001186118 ], [ 27.496070001329098, -26.845479998603142 ], [ 27.495270001309088, -26.845550010824407 ], [ 27.494770004331844, -26.845610000101505 ], [ 27.494290001981533, -26.845719996180947 ], [ 27.493789996910404, -26.845870001299588 ], [ 27.493389997350086, -26.845969998716519 ], [ 27.492859997190678, -26.846109997978029 ], [ 27.492489999013785, -26.846239997677735 ], [ 27.491529988917474, -26.846469996593125 ], [ 27.490970001763671, -26.846620001711759 ], [ 27.490710000565677, -26.846750002310841 ], [ 27.490430011035713, -26.84685999839029 ], [ 27.489939995633858, -26.847039997697749 ], [ 27.489650000246865, -26.847240002424215 ], [ 27.489460002276797, -26.847479998203376 ], [ 27.489179996559162, -26.847699999355523 ], [ 27.48889999983469, -26.847940003228654 ], [ 27.48871000186471, -26.848220000852404 ], [ 27.488390004194834, -26.848470004287332 ], [ 27.48811999624035, -26.848690003640741 ], [ 27.487939996932802, -26.848830002902343 ], [ 27.487709998017511, -26.849109999626819 ], [ 27.487460002676549, -26.849370000824901 ], [ 27.487359998065024, -26.849549992937842 ], [ 27.48713999691288, -26.850039992152027 ], [ 27.486949999842182, -26.850459996231905 ], [ 27.486831999796536, -26.850740999297688 ], [ 27.486739998251842, -26.850960002202395 ], [ 27.486550008375744, -26.851460000079008 ], [ 27.486339997792246, -26.851899999685266 ], [ 27.486169996247934, -26.852300000144954 ], [ 27.48584999767878, -26.852889997675337 ], [ 27.485449998118462, -26.853630000324276 ], [ 27.485170001393985, -26.8541599995844 ], [ 27.485040007989589, -26.854460001727794 ], [ 27.484850002824921, -26.854929997321531 ], [ 27.484699997706283, -26.855310001355452 ], [ 27.484640001234585, -26.85548000200048 ], [ 27.484559999344047, -26.85571000091586 ], [ 27.484439997407485, -26.855880009654772 ], [ 27.483759999324036, -26.857040000195912 ], [ 27.483560003590817, -26.857520001646844 ], [ 27.483379996189388, -26.857820003790152 ], [ 27.483189998219409, -26.858220003350556 ], [ 27.483040009288537, -26.858720001227091 ], [ 27.482839998266833, -26.859150003070191 ], [ 27.48269000124208, -26.859409997073765 ], [ 27.482500003272101, -26.859950003090201 ], [ 27.482359995916607, -26.860260002996839 ], [ 27.482180004702943, -26.860719999928044 ], [ 27.482049996010065, -26.861079999442516 ], [ 27.481980000875843, -26.861410002969325 ], [ 27.481819997994052, -26.861829999854681 ], [ 27.481620002260836, -26.862250012028444 ], [ 27.481429996196884, -26.862610003448935 ], [ 27.481220001801233, -26.863089995906627 ], [ 27.480950002839911, -26.863429998995333 ], [ 27.480690001641829, -26.86422000035282 ], [ 27.479570012045915, -26.867720007972103 ], [ 27.479519997149687, -26.868249992842934 ], [ 27.47937999788817, -26.871089999703734 ], [ 27.478876999873201, -26.873880998009707 ], [ 27.47786999930058, -26.877339999241642 ], [ 27.477609998102498, -26.878419996885402 ], [ 27.476700002003042, -26.879670003268068 ], [ 27.476490000412703, -26.880920000657575 ], [ 27.476370994925016, -26.881602000631844 ], [ 27.476040001244552, -26.883490001362542 ], [ 27.47337000312266, -26.885369998126944 ], [ 27.47130999895683, -26.88681000158039 ], [ 27.462340002588554, -26.888890002171895 ], [ 27.461323011447298, -26.889138001917331 ], [ 27.461110000725434, -26.889189996221404 ], [ 27.45974999826332, -26.889510001985069 ], [ 27.458639999236134, -26.889770011277022 ], [ 27.455219999802612, -26.890580000966306 ], [ 27.452609999051703, -26.892409999022327 ], [ 27.449469998141385, -26.894750008006504 ], [ 27.446699993609233, -26.89779000340592 ], [ 27.445630002721959, -26.898579996669529 ], [ 27.444490001411896, -26.8995999969423 ], [ 27.444189999268499, -26.90037999963727 ], [ 27.443359996965789, -26.90046000062852 ], [ 27.44257700222634, -26.900537999728943 ], [ 27.442460000428138, -26.900550001181667 ], [ 27.441459995681747, -26.89962000056266 ], [ 27.440800003017223, -26.899340003838187 ], [ 27.440020000322257, -26.899490000862851 ], [ 27.437779996848789, -26.901439999956075 ], [ 27.435289998034445, -26.904750003310067 ], [ 27.431999992005494, -26.908700002003524 ], [ 27.430115997754484, -26.911556997057833 ], [ 27.429829999854007, -26.911989999938587 ], [ 27.428379997738116, -26.914169997947091 ], [ 27.425920002105848, -26.916880005108172 ], [ 27.423790001906426, -26.919219998803957 ], [ 27.420709998367183, -26.921969997917103 ], [ 27.418589996830278, -26.923860001437902 ], [ 27.414289998184316, -26.925660011600236 ], [ 27.407530002107347, -26.925779990154442 ], [ 27.403270002607869, -26.923800004066997 ], [ 27.403209998042374, -26.923789997310596 ], [ 27.402430003441289, -26.9235599992945 ], [ 27.401770001783518, -26.92315000107175 ], [ 27.401169998396096, -26.922719999228644 ], [ 27.400329998330143, -26.922220001352024 ], [ 27.39958000511248, -26.921250007881589 ], [ 27.399510001884462, -26.920230000414207 ], [ 27.399020001771003, -26.918800010012479 ], [ 27.399330001677548, -26.917830001253559 ], [ 27.398899999834523, -26.916680001281065 ], [ 27.398310002304136, -26.91601000186014 ], [ 27.397470002238183, -26.915229999165177 ], [ 27.396490002910713, -26.914869999650804 ], [ 27.395489999962891, -26.915059997620773 ], [ 27.394619996714777, -26.914820000942338 ], [ 27.393859997640167, -26.914810003179092 ], [ 27.392990003385307, -26.914920007352507 ], [ 27.392129997900433, -26.91443999780769 ], [ 27.391260002746293, -26.913759999724245 ], [ 27.390679995784541, -26.912479999152666 ], [ 27.39020000332685, -26.911440003353498 ], [ 27.390049998208212, -26.910219999253624 ], [ 27.389659996411044, -26.90813999866203 ], [ 27.389519997149527, -26.90686999585369 ], [ 27.389490002960617, -26.906499998576081 ], [ 27.389485000032057, -26.906384999568072 ], [ 27.38970000455096, -26.906220001851604 ], [ 27.389639999985373, -26.905839997817672 ], [ 27.389479997103496, -26.905200001578823 ], [ 27.389280001370278, -26.904729998790408 ], [ 27.389149999871908, -26.904370000175405 ], [ 27.388970000564363, -26.903910003244096 ], [ 27.388700000703849, -26.903550003729723 ], [ 27.388499997776027, -26.903189997020743 ], [ 27.388409998122253, -26.902969995868595 ], [ 27.388340002088754, -26.902869997552308 ], [ 27.387950001190951, -26.902720001426921 ], [ 27.387670002667829, -26.902659995962058 ], [ 27.387199999879403, -26.902490003410996 ], [ 27.386870004446472, -26.90228999868453 ], [ 27.386309993011114, -26.90192000230628 ], [ 27.386059997670145, -26.901690003390993 ], [ 27.38565000034659, -26.901380002585078 ], [ 27.385209999840956, -26.901030001733222 ], [ 27.384799994423521, -26.900760002771904 ], [ 27.384469997191932, -26.900510000236341 ], [ 27.384209995993846, -26.900370001874105 ], [ 27.383830000953083, -26.900230002612581 ], [ 27.383510002384018, -26.900150000721951 ], [ 27.383020003169918, -26.900110000676012 ], [ 27.382779998397506, -26.900119999338536 ], [ 27.381639996188248, -26.900379999637252 ], [ 27.381179999256862, -26.900619997215149 ], [ 27.38076001136475, -26.90085000332504 ], [ 27.380240000874704, -26.901239988934357 ], [ 27.379920003204919, -26.9015600027919 ], [ 27.379489999563155, -26.902010001960051 ], [ 27.379139998711299, -26.902379999237578 ], [ 27.378810003278364, -26.902770000135469 ], [ 27.378029999684024, -26.90364000338349 ], [ 27.377249996989054, -26.90437000017539 ], [ 27.376929998419989, -26.904670001419415 ], [ 27.376569998905612, -26.904869997152637 ], [ 27.376219998953125, -26.904949999043264 ], [ 27.375970003612075, -26.904890001672275 ], [ 27.375720001076509, -26.904670001419415 ], [ 27.375220003199896, -26.904559997246089 ], [ 27.374750000411474, -26.904519996300785 ], [ 27.374359997715022, -26.904540000820415 ], [ 27.373959999053984, -26.904649996899863 ], [ 27.373449995320339, -26.904859999389487 ], [ 27.373029999334346, -26.904880003009758 ], [ 27.372289995785955, -26.904859999389483 ], [ 27.371429999294332, -26.904580001765641 ], [ 27.37089000137177, -26.904249997339456 ], [ 27.370449999966773, -26.903740000800411 ], [ 27.370170003242389, -26.903300001194147 ], [ 27.36974999916243, -26.902549999882599 ], [ 27.369359997365262, -26.901740002099441 ], [ 27.369079991647535, -26.901159995137697 ], [ 27.368869998151165, -26.900599999890105 ], [ 27.368710001564608, -26.899649995650829 ], [ 27.368589992433442, -26.898810002779481 ], [ 27.368570004101741, -26.898119999738192 ], [ 27.36831000290357, -26.897190000018476 ], [ 27.368150000021782, -26.896510002834408 ], [ 27.367799999169922, -26.895609997303591 ], [ 27.367709998616867, -26.895050002055907 ], [ 27.367709998616867, -26.894679996684498 ], [ 27.367780001844974, -26.894470003188129 ], [ 27.367820002790193, -26.893959998555108 ], [ 27.368069998131158, -26.893529996712005 ], [ 27.368379998037792, -26.893100002063491 ], [ 27.368630000573354, -26.89284000086532 ], [ 27.368649996999029, -26.892490000013467 ], [ 27.368580001864892, -26.892120002735936 ], [ 27.368360001612032, -26.891739999601292 ], [ 27.368099993219349, -26.891519999348514 ], [ 27.367749999562093, -26.891299999095665 ], [ 27.367290002630789, -26.891230003961518 ], [ 27.366940001778932, -26.891250000387199 ], [ 27.366529996361582, -26.891250000387203 ], [ 27.366119998138743, -26.891230003961521 ], [ 27.365709999915811, -26.891159999834141 ], [ 27.365390002246116, -26.891089996606031 ], [ 27.365139998811184, -26.890980001425962 ], [ 27.365009998212098, -26.890769998936342 ], [ 27.365009998212098, -26.890459999029805 ], [ 27.364990001786428, -26.89014000136001 ], [ 27.364869999849859, -26.889910002444633 ], [ 27.364429999344228, -26.889280012062908 ], [ 27.363940000130135, -26.888720000627547 ], [ 27.363180001055525, -26.887950003789701 ], [ 27.362780000595837, -26.887470003238132 ], [ 27.362340000090207, -26.886839995769183 ], [ 27.362079998892124, -26.886330000129416 ], [ 27.361800002167648, -26.88557999971724 ], [ 27.361429996796243, -26.88492999672199 ], [ 27.360830000603336, -26.884259998200342 ], [ 27.360110003373229, -26.883769998986256 ], [ 27.359339998441499, -26.88340000890333 ], [ 27.35869000264076, -26.883260003346489 ], [ 27.357730008732208, -26.883050000856869 ], [ 27.356340003987302, -26.882910009689233 ], [ 27.355320003714432, -26.882420009575775 ], [ 27.354739996752684, -26.881959997355985 ], [ 27.354109998277071, -26.881520004944242 ], [ 27.353690002291081, -26.881010001210591 ], [ 27.353303997980433, -26.880719000381561 ], [ 27.352599998790108, -26.880189996671032 ], [ 27.351529999808953, -26.87942999759634 ], [ 27.350370002073216, -26.878589998429671 ], [ 27.349650003943744, -26.878080001890538 ], [ 27.348889996775167, -26.877520006643028 ], [ 27.347670000769163, -26.876559995647266 ], [ 27.346860002986009, -26.87599000263652 ], [ 27.346309999206326, -26.875560008887287 ], [ 27.345779998147645, -26.875250000886872 ], [ 27.345230001562566, -26.874810000381231 ], [ 27.344859996191158, -26.874499999575317 ], [ 27.344359999213822, -26.874230000613998 ], [ 27.343990001036921, -26.874189999668765 ], [ 27.343749997163879, -26.87407999639473 ], [ 27.343490004059682, -26.873870001998984 ], [ 27.343320001616004, -26.873690001792156 ], [ 27.343169997396735, -26.873599994943877 ], [ 27.342880002009739, -26.873480000201905 ], [ 27.342560004339955, -26.8732699977122 ], [ 27.342059998369461, -26.872990000987809 ], [ 27.341730001137872, -26.872800003017751 ], [ 27.341089996805142, -26.872259997001219 ], [ 27.340750001810317, -26.871989997140616 ], [ 27.340419998283497, -26.871599996242821 ], [ 27.34026000259631, -26.871440000555545 ], [ 27.340000002297511, -26.871190006113956 ], [ 27.33984999717887, -26.870700006000487 ], [ 27.33974999886258, -26.870420001182136 ], [ 27.339629996926011, -26.869979999777133 ], [ 27.339590004074669, -26.869469996043492 ], [ 27.339550003129357, -26.869050000057495 ], [ 27.339510002184046, -26.868489996716026 ], [ 27.339539997272237, -26.86812000033769 ], [ 27.339659999208806, -26.86785000137645 ], [ 27.339690002390963, -26.867630001123594 ], [ 27.339730002436905, -26.86728000027183 ], [ 27.339780001145368, -26.866910002094926 ], [ 27.339929998170124, -26.866600002188385 ], [ 27.340049992912093, -26.866269997762206 ], [ 27.340260002596313, -26.865840004012973 ], [ 27.340449999666923, -26.865199998780962 ], [ 27.340539992126185, -26.864639996338767 ], [ 27.340559996645737, -26.864340002289257 ], [ 27.340530001557546, -26.863950001391448 ], [ 27.340480002849084, -26.862769998236793 ], [ 27.340469996991963, -26.861879991368504 ], [ 27.340419998283501, -26.861569998656567 ], [ 27.340360000912519, -26.861250000087495 ], [ 27.340220001651002, -26.860909997898069 ], [ 27.340069997431645, -26.860700004401703 ], [ 27.339799997571038, -26.860220002051484 ], [ 27.339470001238734, -26.859650000946761 ], [ 27.339129999049486, -26.858909999197103 ], [ 27.338900000134107, -26.858549999682726 ], [ 27.338630001172874, -26.858299997147167 ], [ 27.338429997345774, -26.85813000369674 ], [ 27.337950003988709, -26.857769996987766 ], [ 27.33755999409766, -26.857549995835619 ], [ 27.337020004268986, -26.857239995929078 ], [ 27.336649998897574, -26.85699000058802 ], [ 27.336180003303756, -26.85672000162679 ], [ 27.335679990138654, -26.856400003957013 ], [ 27.335359998764194, -26.856280002020444 ], [ 27.3349000018328, -26.856070000430194 ], [ 27.334510000935001, -26.8558599970412 ], [ 27.334160000083145, -26.855580000316728 ], [ 27.33370000315184, -26.855270000410187 ], [ 27.333469997041952, -26.85505999792057 ], [ 27.333300002692152, -26.854759995777162 ], [ 27.333080003338662, -26.854510001335488 ], [ 27.33292999822002, -26.854330002028025 ], [ 27.332799997621027, -26.854209999192094 ], [ 27.332519999997182, -26.85414000405796 ], [ 27.332160001382174, -26.853949997994015 ], [ 27.331940001129315, -26.853750002260796 ], [ 27.331590000277544, -26.853570002953248 ], [ 27.331229992669289, -26.85341000007146 ], [ 27.33101000140968, -26.85336000136299 ], [ 27.330699993409162, -26.853320000417686 ], [ 27.330440000304961, -26.853289997235606 ], [ 27.330020003419602, -26.853220002101384 ], [ 27.32943999555857, -26.853220002101384 ], [ 27.326320000067174, -26.853270000809943 ], [ 27.325879990568293, -26.853229999864546 ], [ 27.325349991308254, -26.853180001156169 ], [ 27.324239998576303, -26.853119995691209 ], [ 27.32361000099997, -26.853100000164904 ], [ 27.323009996713093, -26.853029996037431 ], [ 27.32250000107333, -26.85298000542295 ], [ 27.322190001166785, -26.85300000184861 ], [ 27.321780002943942, -26.853019990180396 ], [ 27.320959999303749, -26.852990004085381 ], [ 27.320190001566534, -26.852990004085374 ], [ 27.319660002306406, -26.852919999957994 ], [ 27.31930000279203, -26.852849996729976 ], [ 27.318910000994951, -26.852809995784661 ], [ 27.318680002978937, -26.852870001249521 ], [ 27.318389998598782, -26.852910002194836 ], [ 27.317960004849553, -26.852860010680978 ], [ 27.317239998626196, -26.852799998021514 ], [ 27.316619998813106, -26.852749999312962 ], [ 27.31590000068363, -26.852690001942058 ], [ 27.315360001861794, -26.852650000996753 ], [ 27.314830001702386, -26.852669997422424 ], [ 27.31404999900742, -26.852659998759997 ], [ 27.313370000923975, -26.852680004178826 ], [ 27.31305000325419, -26.852719996130887 ], [ 27.31270000240233, -26.852870001249521 ], [ 27.312174997077605, -26.853009999611757 ], [ 27.312099999014912, -26.853029996037431 ], [ 27.31168000302883, -26.853069996982839 ], [ 27.311309996758141, -26.853149998873274 ], [ 27.3108400020636, -26.853180001156158 ], [ 27.310569995008393, -26.853249997189575 ], [ 27.310319999667435, -26.853249997189575 ], [ 27.30983999911577, -26.853270000809932 ], [ 27.309499996027149, -26.853249997189575 ], [ 27.309250000686102, -26.853180001156158 ], [ 27.30899999815054, -26.85315999663651 ], [ 27.308329998729615, -26.853189998919309 ], [ 27.307799998570207, -26.853229999864535 ], [ 27.306649991403113, -26.853310001755155 ], [ 27.306050003304172, -26.853339995944065 ], [ 27.305890000422295, -26.85336999912613 ], [ 27.30544999901738, -26.853490001062696 ], [ 27.304860002386359, -26.853679999032764 ], [ 27.303999996901489, -26.853960003851117 ], [ 27.303660001906664, -26.854060002167326 ], [ 27.303369999325071, -26.854169999146137 ], [ 27.302979996628622, -26.854320003365494 ], [ 27.302629996676128, -26.854479999052682 ], [ 27.302160009176191, -26.854699999305456 ], [ 27.301709994719555, -26.855040000595505 ], [ 27.301209996842942, -26.855369997827093 ], [ 27.300820003139741, -26.855759999624262 ], [ 27.300529999658867, -26.856079998193323 ], [ 27.300409996823021, -26.856299998446097 ], [ 27.300280005217186, -26.856640000635526 ], [ 27.300240004271874, -26.85686999865154 ], [ 27.300240004271874, -26.857179998558081 ], [ 27.300300000743576, -26.857439999756163 ], [ 27.300380002634107, -26.857709998717482 ], [ 27.300380002634107, -26.857870003397927 ], [ 27.300449997768329, -26.8581500001224 ], [ 27.300520000996347, -26.858490003211099 ], [ 27.300809989188739, -26.859520001247031 ], [ 27.300910002793515, -26.859770003782685 ], [ 27.300960002401258, -26.860220002051463 ], [ 27.300989996590168, -26.86049999967522 ], [ 27.300929999219186, -26.860700004401682 ], [ 27.300899996936394, -26.860880002809868 ], [ 27.300790000856946, -26.86101000430823 ], [ 27.300629997975161, -26.861179996859374 ], [ 27.300309999406007, -26.861720010969695 ], [ 27.300139997861784, -26.862069995633789 ], [ 27.3000200040191, -26.862210011083153 ], [ 27.299820000191911, -26.862580000266803 ], [ 27.299639999985171, -26.862899990741983 ], [ 27.299519998048602, -26.863079998143412 ], [ 27.299339990647177, -26.863249998788437 ], [ 27.299140010202436, -26.863429998995272 ], [ 27.298809989588488, -26.863599999640211 ], [ 27.298340002987914, -26.863850003075139 ], [ 27.29781000282842, -26.864120002036465 ], [ 27.297489996165474, -26.864260001297978 ], [ 27.297230003061269, -26.864340002289236 ], [ 27.296540000020077, -26.864639996338745 ], [ 27.296149998222905, -26.86488000111116 ], [ 27.295900002881947, -26.865169997397434 ], [ 27.29574999866259, -26.865469997742178 ], [ 27.295500004220905, -26.865720009270984 ], [ 27.295179997557959, -26.865999998800859 ], [ 27.294800001617908, -26.866349999652719 ], [ 27.294580002264329, -26.866560002142425 ], [ 27.294000003396551, -26.866950003040227 ], [ 27.29362999712577, -26.867360001263059 ], [ 27.293339993644896, -26.86781999819436 ], [ 27.292810008773973, -26.868449996669973 ], [ 27.292429998444717, -26.868920000357672 ], [ 27.292109999875656, -26.8694499996178 ], [ 27.291939998331348, -26.869960004250814 ], [ 27.291790009400472, -26.870460002127338 ], [ 27.29161000199904, -26.871750001361434 ], [ 27.291600004235889, -26.872330000229301 ], [ 27.291650002944348, -26.87290000133402 ], [ 27.291650002944348, -26.873219999003716 ], [ 27.291679997133262, -26.873579997618812 ], [ 27.291669999370111, -26.873899997087165 ], [ 27.291600004235889, -26.875109994430719 ], [ 27.291520002345266, -26.875489997565282 ], [ 27.291509995588864, -26.875709997818138 ], [ 27.29142000402906, -26.876040002244324 ], [ 27.29140999817194, -26.87645999823031 ], [ 27.291359998564197, -26.876859997790632 ], [ 27.291300010186465, -26.877330000579054 ], [ 27.291199995682316, -26.877609999102081 ], [ 27.291019997274137, -26.87781000292928 ], [ 27.290829999304069, -26.878139999261585 ], [ 27.290609999051298, -26.878419996885338 ], [ 27.290259998199438, -26.878809997783133 ], [ 27.290070000229459, -26.879079996744455 ], [ 27.289819996794527, -26.879360003361462 ], [ 27.289520002745014, -26.87960999780314 ], [ 27.289090000901901, -26.879879996764377 ], [ 27.28865000039627, -26.880149995725692 ], [ 27.288049997008848, -26.880359998215319 ], [ 27.287480003998098, -26.880569999805655 ], [ 27.287180001854619, -26.880629998075914 ], [ 27.286770003631776, -26.880799998720942 ], [ 27.286240002573091, -26.881119997290011 ], [ 27.285490003060193, -26.881570003652758 ], [ 27.28488999877349, -26.881859999039758 ], [ 27.284750001310623, -26.882049988915856 ], [ 27.284390000896874, -26.882359996916364 ], [ 27.283910000345305, -26.882700000004988 ], [ 27.283580004012997, -26.882879999312529 ], [ 27.283190002215914, -26.883130001848098 ], [ 27.28289999873504, -26.883199997881597 ], [ 27.282490001411482, -26.883480002699951 ], [ 27.282109989283583, -26.883599997441912 ], [ 27.281709996917861, -26.883939999631249 ], [ 27.281359996965286, -26.884349997854084 ], [ 27.280769999434984, -26.885049999557808 ], [ 27.280429996346278, -26.885480002300199 ], [ 27.279749999162203, -26.886240001374972 ], [ 27.27926999771126, -26.886760002871771 ], [ 27.278819999442387, -26.887400007204501 ], [ 27.278459999928099, -26.88773000443609 ], [ 27.278180003203623, -26.888079997194151 ], [ 27.277870003297078, -26.888260011790091 ], [ 27.277399998710006, -26.888419991289517 ], [ 27.276940001778705, -26.888649998298778 ], [ 27.276360002910831, -26.888810001180566 ], [ 27.27527000030932, -26.889060003716214 ], [ 27.274470000289309, -26.889139996613494 ], [ 27.27383000405046, -26.889240011117561 ], [ 27.273220002000517, -26.889380002285282 ], [ 27.272759988881454, -26.889619998064443 ], [ 27.272470001588339, -26.889870000600002 ], [ 27.272049996609098, -26.890159996886364 ], [ 27.271320000716472, -26.890660002856865 ], [ 27.270880001110211, -26.891089996605995 ], [ 27.270390000996745, -26.891510000685955 ], [ 27.269949999591834, -26.892040001744643 ], [ 27.269490002660529, -26.892610002849356 ], [ 27.269129996850836, -26.893039996598588 ], [ 27.268799992424732, -26.893590002176822 ], [ 27.268660001257096, -26.894049999108127 ], [ 27.268449998767387, -26.894520001896552 ], [ 27.268030002781398, -26.895509998987254 ], [ 27.267810003427908, -26.896020002720903 ], [ 27.267569997756123, -26.896359997715724 ], [ 27.26729999879489, -26.896870002348745 ], [ 27.266959995706184, -26.897589999578756 ], [ 27.26653000195704, -26.898590010620453 ], [ 27.2663099936103, -26.899019997175088 ], [ 27.266140000159872, -26.899459997680712 ], [ 27.266059999168618, -26.899750002060873 ], [ 27.266050001405464, -26.90012999710164 ], [ 27.265919999907098, -26.90115999513765 ], [ 27.265839998915844, -26.901669998871302 ], [ 27.265799997970529, -26.902159998984672 ], [ 27.265759997025221, -26.90241000062105 ], [ 27.265669997371447, -26.902730000089392 ], [ 27.265560001292002, -26.902950000342159 ], [ 27.265420002030485, -26.903240002923752 ], [ 27.265240002722937, -26.903560002392197 ], [ 27.264980002424132, -26.904119996740416 ], [ 27.264729998989289, -26.904660002756945 ], [ 27.264549998782368, -26.904949999043207 ], [ 27.264410001319501, -26.905240001624804 ], [ 27.264159997884569, -26.90556000109315 ], [ 27.264040003142604, -26.905749998163852 ], [ 27.263780010038403, -26.906120004434634 ], [ 27.263629997725161, -26.906419996685401 ], [ 27.262789996759928, -26.907420001431884 ], [ 27.262460001326996, -26.907829998755439 ], [ 27.262100001812616, -26.908219999653234 ], [ 27.261769997386427, -26.908509995939603 ], [ 27.261499998425194, -26.908809998082901 ], [ 27.261019996974248, -26.909239999926015 ], [ 27.260630003270961, -26.909659996811371 ], [ 27.2602699956627, -26.909950000292252 ], [ 27.260100003111646, -26.910129999599789 ], [ 27.259880001959505, -26.910269997962029 ], [ 27.259679999031682, -26.910390000797879 ], [ 27.259249996289292, -26.910560002342184 ], [ 27.258959992808418, -26.910719997130091 ], [ 27.258699999704213, -26.910839999066656 ], [ 27.258520000396665, -26.910950004139355 ], [ 27.258319995670195, -26.911079987651309 ], [ 27.258070001228514, -26.911199997681745 ], [ 27.257790003604672, -26.911310002754366 ], [ 27.257230001162561, -26.911609995904591 ], [ 27.25677000423126, -26.911790004205297 ], [ 27.256330002826346, -26.911949998993201 ], [ 27.255749995864509, -26.912200002428136 ], [ 27.255370000823827, -26.912359997216047 ], [ 27.254970001263509, -26.912590003325935 ], [ 27.253969998315764, -26.912950001941034 ], [ 27.253450011207992, -26.91315999723605 ], [ 27.253129997350445, -26.913279999172616 ], [ 27.252740003647155, -26.913419998434136 ], [ 27.252419996984209, -26.913520003945028 ], [ 27.252030004180288, -26.913630000024472 ], [ 27.251530006303675, -26.913740004197791 ], [ 27.25124000192352, -26.913769998386705 ], [ 27.25024999673893, -26.913989998639476 ], [ 27.249970000014454, -26.914079998293253 ], [ 27.249860003035643, -26.91407999829325 ], [ 27.249749998862317, -26.914039998247308 ], [ 27.249709998816282, -26.913989998639479 ], [ 27.249669997871059, -26.913920002605973 ], [ 27.249669997871059, -26.913890001222555 ], [ 27.249529998609546, -26.913850000277243 ], [ 27.249380001584697, -26.913880002560024 ], [ 27.249189997319487, -26.913890001222555 ], [ 27.248850002324662, -26.913900007079675 ], [ 27.248509999235953, -26.913989998639472 ], [ 27.248050002304741, -26.91406999963073 ], [ 27.247649994650448, -26.914219996655486 ], [ 27.247149996773835, -26.914349998153856 ], [ 27.24689000366963, -26.914430007238991 ], [ 27.246640001134068, -26.914579996169866 ], [ 27.246259989905539, -26.914889996076415 ], [ 27.246029999084126, -26.915099997666658 ], [ 27.245800000168835, -26.915390002046905 ], [ 27.245499998924725, -26.915740002898755 ], [ 27.245180000355653, -26.916019999623227 ], [ 27.244730002086872, -26.916360002711851 ], [ 27.243890001121549, -26.917059997221049 ], [ 27.243589998978152, -26.917250002385639 ], [ 27.243159997135045, -26.917489999064152 ], [ 27.242749990818321, -26.917750000262238 ], [ 27.242259991604229, -26.918149999822653 ], [ 27.241940001129041, -26.918459999729194 ], [ 27.241569995757633, -26.91871000316403 ], [ 27.241159998434071, -26.919110001825068 ], [ 27.240780003393304, -26.919510002284674 ], [ 27.240480001249999, -26.919860003136613 ], [ 27.239950001090591, -26.920440002004487 ], [ 27.239580002913691, -26.920859997990473 ], [ 27.23933999904056, -26.921230004261254 ], [ 27.239140003307341, -26.921470000040415 ], [ 27.238629998674412, -26.921919999208562 ], [ 27.238250003633645, -26.922350001051672 ], [ 27.237709996717836, -26.922999995953042 ], [ 27.237429999993363, -26.923410002269758 ], [ 27.236789994761352, -26.924189996870851 ], [ 27.236409999720582, -26.924730003786564 ], [ 27.236180000805287, -26.925050002355718 ], [ 27.235969999214952, -26.925339997742626 ], [ 27.235669997071554, -26.925699997256999 ], [ 27.23522999656592, -26.926170000045417 ], [ 27.234870006044794, -26.926590004125295 ], [ 27.23438999560069, -26.927390003246014 ], [ 27.234119996639365, -26.927949997594244 ], [ 27.233870002197683, -26.928460002227254 ], [ 27.23379000120643, -26.928810003079114 ], [ 27.233610000999601, -26.929199996782401 ], [ 27.233459995880963, -26.929560004390655 ], [ 27.233390000746827, -26.930029999085107 ], [ 27.233330004275125, -26.930460000928225 ], [ 27.233210001439279, -26.93074999721458 ], [ 27.232999998949659, -26.931139999011659 ], [ 27.232550000680785, -26.93196000175265 ], [ 27.232199999829017, -26.93280000271789 ], [ 27.231979999576154, -26.933279996074948 ], [ 27.231800000268699, -26.933870001699216 ], [ 27.231570002252685, -26.934400001858528 ], [ 27.231250002784247, -26.934810000081367 ], [ 27.231030003430757, -26.935309997957983 ], [ 27.230870007743569, -26.935780000746409 ], [ 27.23082000094114, -26.936149989930048 ], [ 27.230760003570154, -26.936490001112638 ], [ 27.230650000296105, -26.936930000718903 ], [ 27.230429999143965, -26.937470000440104 ], [ 27.23023000341075, -26.93773000073891 ], [ 27.229959996355632, -26.938260000898222 ], [ 27.229679998731786, -26.938719997829608 ], [ 27.229469997141535, -26.938970009358428 ], [ 27.229170003092019, -26.939259996651447 ], [ 27.228910009987821, -26.939569996558085 ], [ 27.228470001388306, -26.939879997363999 ], [ 27.228060003165464, -26.940070001629206 ], [ 27.227649996848744, -26.940350000152321 ], [ 27.227370000124271, -26.940560001742664 ], [ 27.227029988941684, -26.940749999712732 ], [ 27.226600003286332, -26.940860003886058 ], [ 27.225950000291167, -26.941069998281797 ], [ 27.225199999878903, -26.941320000817267 ], [ 27.224700002002287, -26.941519996550575 ], [ 27.22422999921395, -26.94168000033174 ], [ 27.223640000784194, -26.94189000192199 ], [ 27.223379999586111, -26.941989992144396 ], [ 27.222729998389507, -26.942330002427617 ], [ 27.222180000905151, -26.942610000051374 ], [ 27.221730001736994, -26.94290000263296 ], [ 27.221290001231363, -26.943149997974018 ], [ 27.220989999987335, -26.943320000417692 ], [ 27.220320000566325, -26.943610002999197 ], [ 27.2200199993223, -26.943790003206026 ], [ 27.219750000361067, -26.944010002559509 ], [ 27.219460004074701, -26.944129997301477 ], [ 27.219160001931396, -26.944359996216772 ], [ 27.218930003915386, -26.944619997414939 ], [ 27.218640000434419, -26.944950000941756 ], [ 27.217769997186394, -26.945799999670228 ], [ 27.217520001845433, -26.946060000868307 ], [ 27.217189990224643, -26.946590001027705 ], [ 27.217009998111696, -26.947049997958924 ], [ 27.216869998850179, -26.947439999756096 ], [ 27.21669999011127, -26.947790007802553 ], [ 27.216489995715531, -26.948199998830781 ], [ 27.21611999933728, -26.94881999864397 ], [ 27.215850000375955, -26.949210000441134 ], [ 27.215490000861671, -26.949770002883241 ], [ 27.215350001600065, -26.950159996586528 ], [ 27.215069995882423, -26.950689996745844 ], [ 27.214889996574875, -26.951110000825803 ], [ 27.214700006698777, -26.951739999301502 ], [ 27.214479999251314, -26.952260000798294 ], [ 27.21435999731484, -26.952709999966448 ], [ 27.214200001627564, -26.953230002362609 ], [ 27.214070001028475, -26.953839996318671 ], [ 27.213999997800464, -26.954449998368609 ], [ 27.213880003058492, -26.955040003992963 ], [ 27.213689997893823, -26.95554000097021 ], [ 27.213609996003292, -26.955930002767381 ], [ 27.213480002598807, -26.956349998753371 ], [ 27.213440002552865, -26.957279999372375 ], [ 27.213350002899087, -26.957739996303761 ], [ 27.213220002300091, -26.958039998447152 ], [ 27.21297999842696, -26.958399997062166 ], [ 27.212830001402203, -26.95869999920556 ], [ 27.212510002833135, -26.959220000702441 ], [ 27.212399998659809, -26.95961000339889 ], [ 27.212179998406949, -26.960140002658925 ], [ 27.211900000783192, -26.960599999590226 ], [ 27.211710002813124, -26.960950001341448 ], [ 27.211500001222873, -26.961309999956459 ], [ 27.21128000097001, -26.961889998824322 ], [ 27.211090003000031, -26.962379998038418 ], [ 27.21106999937976, -26.96348999796497 ], [ 27.211100000763182, -26.96405999906969 ], [ 27.211190009410117, -26.964400002158389 ], [ 27.211220002699747, -26.964670001119629 ], [ 27.211150000370925, -26.965029999734629 ], [ 27.211029998434448, -26.965449995720711 ], [ 27.210979998826705, -26.966809999082198 ], [ 27.211000003346257, -26.967770001084624 ], [ 27.210989996589852, -26.968889998774404 ], [ 27.211019999771924, -26.969519997250018 ], [ 27.211090003000031, -26.96985000167621 ], [ 27.211180002653805, -26.970139997962484 ], [ 27.211180002653805, -26.970490006008937 ], [ 27.211220002699747, -26.970740001349988 ], [ 27.211400002906576, -26.971140000910303 ], [ 27.211530004404942, -26.971729998440608 ], [ 27.211549999931332, -26.972029999684722 ], [ 27.211590000876644, -26.972460003326393 ], [ 27.211840004311576, -26.972990002586513 ], [ 27.211980001774442, -26.973369997627188 ], [ 27.212020002719669, -26.973710000715894 ], [ 27.212060003664977, -26.974209998592503 ], [ 27.212070002327501, -26.974670003617788 ], [ 27.212160001981275, -26.975220000202771 ], [ 27.212189996170181, -26.975570001054709 ], [ 27.212170007838392, -26.975879992867291 ], [ 27.21212999879911, -26.976239999576261 ], [ 27.211980001774442, -26.9764900030112 ], [ 27.211779997947339, -26.976749996115313 ], [ 27.21159000087664, -26.976899993140162 ], [ 27.211249997787938, -26.97707000187906 ], [ 27.210600002886562, -26.977340001739659 ], [ 27.210300001642537, -26.977589997080624 ], [ 27.210049999106886, -26.977759997725663 ], [ 27.209929996271036, -26.977979997978508 ], [ 27.209820000191595, -26.978249996939748 ], [ 27.209709996018269, -26.978440003003698 ], [ 27.209619996364495, -26.978570002703421 ], [ 27.209529996710721, -26.978609995554759 ], [ 27.209330000977495, -26.978869996752923 ], [ 27.208999995652032, -26.97907999924254 ], [ 27.208679997982244, -26.979359996866293 ], [ 27.208289997084446, -26.979600001638712 ], [ 27.207860002435933, -26.979929997971013 ], [ 27.207649999946309, -26.980019997624794 ], [ 27.207410003267778, -26.980120004034873 ], [ 27.20702000236998, -26.98023000011441 ], [ 27.206490001311202, -26.980350002050887 ], [ 27.205900003780904, -26.980359999814031 ], [ 27.205409995573557, -26.980300003342421 ], [ 27.204980001824325, -26.980310001105661 ], [ 27.204580002264006, -26.980409999421866 ], [ 27.204190001366204, -26.980490001312489 ], [ 27.203300000793138, -26.980490001312479 ], [ 27.202899994038219, -26.980319999768092 ], [ 27.202569996806631, -26.980130001798109 ], [ 27.202320002364949, -26.980099998616037 ], [ 27.202109999875333, -26.980009999861547 ], [ 27.201689995795366, -26.979849996080386 ], [ 27.201109996927592, -26.979619998064472 ], [ 27.20026999596227, -26.97942000233115 ], [ 27.199869997301228, -26.979269997212516 ], [ 27.19936000076218, -26.979100003762095 ], [ 27.198759997374673, -26.978869996752916 ], [ 27.19856999940469, -26.978790003855547 ], [ 27.198370010865982, -26.978739997053204 ], [ 27.197819998992426, -26.978750002910235 ], [ 27.197230000562755, -26.978639998736909 ], [ 27.196879999710895, -26.978530002657461 ], [ 27.196459995630935, -26.978360001113064 ], [ 27.195959998653688, -26.978180001805605 ], [ 27.195680001029935, -26.978109998577505 ], [ 27.195249999186821, -26.978040003443365 ], [ 27.194710000364896, -26.978119997240022 ], [ 27.194340003087365, -26.978159998185337 ], [ 27.194170002442338, -26.978249996939738 ], [ 27.19388999582533, -26.978260002796855 ], [ 27.193519999447087, -26.978280000121817 ], [ 27.193140004406402, -26.978189999568759 ], [ 27.192880003208234, -26.978099999914978 ], [ 27.192700003001491, -26.977939997033193 ], [ 27.192480002748635, -26.977879991568329 ], [ 27.192059998668672, -26.977820003190601 ], [ 27.191700000053665, -26.977820003190601 ], [ 27.191049997058407, -26.977759997725645 ], [ 27.190280000220561, -26.977550004229276 ], [ 27.190050002204547, -26.97748999876432 ], [ 27.189849998377358, -26.97738000178559 ], [ 27.189589997179276, -26.977250002085881 ], [ 27.189240004421386, -26.976990000887795 ], [ 27.18889000267016, -26.976840003863042 ], [ 27.188069999029878, -26.976409993926051 ], [ 27.187639997186764, -26.976159998585 ], [ 27.187319997718422, -26.975870003198011 ], [ 27.1871200019852, -26.975690002991175 ], [ 27.1867600033701, -26.97535000889572 ], [ 27.186579995968675, -26.975239996628424 ], [ 27.186259998298979, -26.975040000895198 ], [ 27.185729997240291, -26.974690000043442 ], [ 27.184309998306379, -26.973859997740632 ], [ 27.183850001375163, -26.973679998433084 ], [ 27.183559996994919, -26.973459998180317 ], [ 27.183119997388566, -26.973180000556475 ], [ 27.182629997275193, -26.972960000303704 ], [ 27.181519998248003, -26.972420002381149 ], [ 27.181219996104609, -26.972330001828087 ], [ 27.180880001109784, -26.972259998599995 ], [ 27.180619999911698, -26.972200002128375 ], [ 27.180099998414814, -26.971970003212999 ], [ 27.179640000584229, -26.971769999385902 ], [ 27.178960004299348, -26.971490001762053 ], [ 27.178140000659155, -26.971230000564059 ], [ 27.177770003381536, -26.971080004438583 ], [ 27.177160001331597, -26.970820003240501 ], [ 27.176918000963585, -26.970680003978892 ], [ 27.1766600025557, -26.970529990766373 ], [ 27.176140001058812, -26.970200003427319 ], [ 27.175070002077568, -26.969569995958462 ], [ 27.1746800002804, -26.969249998288763 ], [ 27.17444000360187, -26.969039995799058 ], [ 27.174010000859475, -26.968470002788319 ], [ 27.173859995740834, -26.968129999699602 ], [ 27.17375999922319, -26.967950001291424 ], [ 27.173660000906896, -26.967590001777136 ], [ 27.17367999733257, -26.967349997004639 ], [ 27.173690003189691, -26.96710000166367 ], [ 27.173719998277878, -26.966809999082166 ], [ 27.173849997977594, -26.966270000260248 ], [ 27.174040004041547, -26.96595000169118 ], [ 27.174280000720078, -26.965449995720686 ], [ 27.174419999082318, -26.964999996552532 ], [ 27.174990000186948, -26.96400000979256 ], [ 27.175179998157017, -26.963609999901514 ], [ 27.175539996772024, -26.963179989964523 ], [ 27.175839998915421, -26.962769999835569 ], [ 27.176410000020052, -26.962180003204548 ], [ 27.176829996006127, -26.961820003690082 ], [ 27.177229995566453, -26.961560001592716 ], [ 27.177659998308936, -26.961290002631483 ], [ 27.178159996185549, -26.960890003071082 ], [ 27.178660002155958, -26.96050000217328 ], [ 27.179089995905187, -26.960160007178544 ], [ 27.179839997216732, -26.959549997034635 ], [ 27.180200012019593, -26.959220000702423 ], [ 27.180419996084602, -26.959050000057399 ], [ 27.180820003738805, -26.95865999826022 ], [ 27.181029998134544, -26.958399997062141 ], [ 27.18127000290696, -26.95802999978461 ], [ 27.18151999824801, -26.957709994020952 ], [ 27.181829990060677, -26.957050001356428 ], [ 27.18205999617048, -26.956560001242966 ], [ 27.182170000343895, -26.956120000737346 ], [ 27.182369996077114, -26.955729998940168 ], [ 27.182489998013683, -26.955410001270476 ], [ 27.182520001195755, -26.955270002008952 ], [ 27.182560002141066, -26.954929998920257 ], [ 27.182749999211765, -26.954359997815626 ], [ 27.1828300011023, -26.953649999247958 ], [ 27.182929999418594, -26.953240001025119 ], [ 27.182970000363909, -26.952890000173344 ], [ 27.183029996835522, -26.952489999713659 ], [ 27.183060000017683, -26.952170002043875 ], [ 27.183050001355163, -26.95155000223069 ], [ 27.18320999614307, -26.950289997185504 ], [ 27.18320999614307, -26.949950003090137 ], [ 27.183159998333977, -26.949560001292976 ], [ 27.183109997826772, -26.949119999887973 ], [ 27.183100000063625, -26.948790003555757 ], [ 27.182989995890299, -26.948370000375167 ], [ 27.182889997574005, -26.947709998717396 ], [ 27.182870002047615, -26.946959998305225 ], [ 27.182830001102303, -26.946699997107135 ], [ 27.182820003339149, -26.946339997592759 ], [ 27.182740000549249, -26.946050003105139 ], [ 27.182679995983666, -26.945650002645447 ], [ 27.182550004377827, -26.945149996674953 ], [ 27.18235999831397, -26.944190001867035 ], [ 27.182300000942988, -26.943630000324209 ], [ 27.182229996815515, -26.943189998919216 ], [ 27.18212999939859, -26.942730001987915 ], [ 27.182090000252018, -26.942229996017417 ], [ 27.182070002027604, -26.941959997056188 ], [ 27.181819998592673, -26.941000002248181 ], [ 27.181769999884299, -26.940679995585231 ], [ 27.181779999446096, -26.940470002088862 ], [ 27.181790005303132, -26.940089998954218 ], [ 27.181840004011683, -26.9395500001323 ], [ 27.181869998200504, -26.939149999672697 ], [ 27.181940002327892, -26.937929997371377 ], [ 27.181950000091042, -26.937360004360627 ], [ 27.18199999879959, -26.936809998782397 ], [ 27.182030001082296, -26.936530001158548 ], [ 27.182089999352648, -26.936279998622989 ], [ 27.182160009775263, -26.936000000999243 ], [ 27.182309998706138, -26.935749997564308 ], [ 27.182460003824779, -26.935309997957955 ], [ 27.182510003432522, -26.934970011057107 ], [ 27.182659999557995, -26.93435000315004 ], [ 27.182780002393844, -26.933839999416399 ], [ 27.182740000549252, -26.933659992014967 ], [ 27.182719996928984, -26.933449996719858 ], [ 27.182759997874292, -26.933090006198739 ], [ 27.1828499966287, -26.932670002118865 ], [ 27.183019999072378, -26.931420003829992 ], [ 27.182989995890306, -26.93099999975011 ], [ 27.18291000299293, -26.930640009228991 ], [ 27.182870002047618, -26.930419999982966 ], [ 27.182790000157087, -26.930159998784795 ], [ 27.182759997874292, -26.930020001321925 ], [ 27.182600003086296, -26.929620008956125 ], [ 27.182229996815515, -26.928540004117849 ], [ 27.18204999840734, -26.928219998354184 ], [ 27.181530004105053, -26.927689997295499 ], [ 27.181300005189762, -26.927409999671656 ], [ 27.181000003046368, -26.927239999026717 ], [ 27.180600004385326, -26.927050001056649 ], [ 27.180390001895706, -26.926830000803879 ], [ 27.180149997123294, -26.926650000596965 ], [ 27.179640000584246, -26.926460002626978 ], [ 27.17915000137015, -26.926189995571779 ], [ 27.178790001855685, -26.92591999661045 ], [ 27.17814999842232, -26.925649997649131 ], [ 27.176769998635159, -26.925060000118837 ], [ 27.176410000020063, -26.924880000811285 ], [ 27.176130003295675, -26.924809996683898 ], [ 27.175889997623898, -26.92470000060446 ], [ 27.175499995826819, -26.924549996385107 ], [ 27.174849993730845, -26.924330004226206 ], [ 27.174509998736106, -26.924260000998196 ], [ 27.173690003189705, -26.924059997171 ], [ 27.173329995581447, -26.923980003374353 ], [ 27.173080001139763, -26.923850002775268 ], [ 27.172760002570698, -26.923770000884826 ], [ 27.172460001326584, -26.923729999939415 ], [ 27.172299998444792, -26.923569997057633 ], [ 27.171729997340165, -26.923320001716668 ], [ 27.171160004329327, -26.923180004253705 ], [ 27.170120000436278, -26.923019999573278 ], [ 27.169800000967836, -26.92301999957327 ], [ 27.169339996841931, -26.923060001417866 ], [ 27.169000001847198, -26.923079997843541 ], [ 27.168229996915379, -26.923100002363181 ], [ 27.167750003558403, -26.923159998834794 ], [ 27.166970008058033, -26.923270003008206 ], [ 27.166359998813491, -26.923490004160254 ], [ 27.165860000936878, -26.923619995766092 ], [ 27.165550001030329, -26.923729999939415 ], [ 27.165180003752798, -26.923890002821295 ], [ 27.164700002301856, -26.924120001736583 ], [ 27.163630003320609, -26.924679996984185 ], [ 27.163010010702028, -26.925010001410364 ], [ 27.162589999427468, -26.925320001316912 ], [ 27.162189998967868, -26.925569995758675 ], [ 27.161799998070062, -26.92586000013883 ], [ 27.161610000099998, -26.926110002674395 ], [ 27.161389999847223, -26.926430001243538 ], [ 27.16093000291583, -26.927180000756355 ], [ 27.160559998443791, -26.927699995957919 ], [ 27.160220002549597, -26.928139995564262 ], [ 27.159859995840705, -26.928559999644136 ], [ 27.159139997711318, -26.929450000217287 ], [ 27.158689999442533, -26.929849998878232 ], [ 27.15838999819842, -26.930089995556759 ], [ 27.158020000021523, -26.930419999982952 ], [ 27.157570000853369, -26.930890003670651 ], [ 27.157210002238358, -26.931309999656644 ], [ 27.156889995575415, -26.931799998870741 ], [ 27.156630003370488, -26.932130004196203 ], [ 27.156420000880868, -26.93238999730049 ], [ 27.156169998345309, -26.932550000182282 ], [ 27.156010002658025, -26.932699997207038 ], [ 27.155790003304535, -26.932969996168364 ], [ 27.155400000608086, -26.933399998011382 ], [ 27.15514999807252, -26.933700000154776 ], [ 27.154939995582815, -26.934110005572215 ], [ 27.154870001348051, -26.934339997292991 ], [ 27.154870001348051, -26.934970011057082 ], [ 27.154820001740216, -26.935200000979119 ], [ 27.154720004323288, -26.935460010271175 ], [ 27.154519999596822, -26.93574999756429 ], [ 27.154380001234582, -26.936210002589473 ], [ 27.15421999835279, -26.936419996985208 ], [ 27.153999998099934, -26.936589999428797 ], [ 27.153689998193389, -26.937039996798294 ], [ 27.153329998679009, -26.937330001178545 ], [ 27.153050001055167, -26.937499993729599 ], [ 27.152740001148619, -26.937600000139856 ], [ 27.152449997667745, -26.937709996219304 ], [ 27.152259999697762, -26.937900002283161 ], [ 27.152080001289583, -26.938130001198449 ], [ 27.151869998799874, -26.938250003135028 ], [ 27.151559997994049, -26.938419995686164 ], [ 27.150430001641819, -26.939180002854751 ], [ 27.15007000302672, -26.939379998587963 ], [ 27.14952999701028, -26.939620003360378 ], [ 27.149129996550592, -26.939840003613231 ], [ 27.14716000103169, -26.940930007114023 ], [ 27.146620002209854, -26.941119996990125 ], [ 27.146230001311963, -26.941249996689923 ], [ 27.145789999907048, -26.941329998580468 ], [ 27.144900001132633, -26.941620002061338 ], [ 27.144400003256017, -26.941760001322944 ], [ 27.144000002796421, -26.941819997794553 ], [ 27.143470002637009, -26.941909998347612 ], [ 27.142890003769143, -26.941880003259417 ], [ 27.142249999436405, -26.941829997356354 ], [ 27.141880002158793, -26.941729999040149 ], [ 27.141679998331686, -26.941599998441063 ], [ 27.141400000707936, -26.941360000863245 ], [ 27.141210002737953, -26.941140000610485 ], [ 27.141049999856076, -26.940930007114023 ], [ 27.140789998657993, -26.940679995585203 ], [ 27.140330001726689, -26.940300001443816 ], [ 27.139899999883578, -26.939930004166278 ], [ 27.139549999031718, -26.93968999939387 ], [ 27.139289997833636, -26.939569996558024 ], [ 27.139140000808791, -26.939559997895412 ], [ 27.138820003139095, -26.939609996603966 ], [ 27.138480000050475, -26.93959000107758 ], [ 27.138240003371852, -26.939540002369117 ], [ 27.137689998692981, -26.939320002116258 ], [ 27.137100001162594, -26.939069998681418 ], [ 27.136539997821117, -26.93882000423973 ], [ 27.136060005363422, -26.93861000175011 ], [ 27.135680001329405, -26.938400000159767 ], [ 27.13532000181511, -26.938219999952938 ], [ 27.134849999026684, -26.937980004173777 ], [ 27.134130000897301, -26.93768000203039 ], [ 27.133739999999413, -26.937489995966434 ], [ 27.133150001569742, -26.937179996059889 ], [ 27.132830003900047, -26.93690999709856 ], [ 27.132649997397895, -26.93667999818328 ], [ 27.132459999427915, -26.936369998276643 ], [ 27.132249996938206, -26.936059998370098 ], [ 27.132100008007335, -26.93581000302914 ], [ 27.131889998323196, -26.935529998210786 ], [ 27.131579998416651, -26.93533000157819 ], [ 27.131269997610733, -26.935160000933163 ], [ 27.130919996758877, -26.934980000726334 ], [ 27.130429996645411, -26.934840002364101 ], [ 27.1300699980304, -26.934790002756269 ], [ 27.129679997132516, -26.934769999136087 ], [ 27.129269998909763, -26.934729998190775 ], [ 27.128879997112595, -26.934609996254206 ], [ 27.128550000780283, -26.934429996946651 ], [ 27.128110000274745, -26.934230001213525 ], [ 27.127719999376943, -26.934080004188679 ], [ 27.127390002145269, -26.934080004188679 ], [ 27.127030002630978, -26.934019998723823 ], [ 27.126839996567028, -26.933929999070045 ], [ 27.126519998897241, -26.933780002045378 ], [ 27.12594999779261, -26.933620007257474 ], [ 27.12570000335084, -26.933460004375593 ], [ 27.125469997241034, -26.933330002877224 ], [ 27.125240006419535, -26.933099996767336 ], [ 27.124759996874715, -26.93282999690673 ], [ 27.123970003611188, -26.932379998637948 ], [ 27.123530003105561, -26.932140001959418 ], [ 27.123050001654615, -26.931910003044123 ], [ 27.122809996882289, -26.931839999816024 ], [ 27.122550003777999, -26.931700000554507 ], [ 27.122359997714138, -26.931589997280458 ], [ 27.121930003964906, -26.931359999264448 ], [ 27.121400002906221, -26.931070002978174 ], [ 27.120859996889692, -26.93078999815982 ], [ 27.120610002448007, -26.930519998299221 ], [ 27.120149997422825, -26.930219997055101 ], [ 27.119770009576655, -26.929819996595512 ], [ 27.1194799980019, -26.929470003837441 ], [ 27.119259997749037, -26.929099999365405 ], [ 27.118949997842495, -26.928739999851018 ], [ 27.118719998927116, -26.928569998306632 ], [ 27.118459997729115, -26.92834000029071 ], [ 27.118109997776543, -26.928020001721642 ], [ 27.117720004073252, -26.927659995012661 ], [ 27.117259999048063, -26.927450000616929 ], [ 27.117039998795207, -26.927310002254686 ], [ 27.116660002855244, -26.927159997136048 ], [ 27.116380006130772, -26.927140000710381 ], [ 27.11540000680321, -26.927090002001826 ], [ 27.115020002769281, -26.926950002740305 ], [ 27.114829997604701, -26.926860003086535 ], [ 27.114360002010788, -26.926709997967901 ], [ 27.114150000420537, -26.926619999213493 ], [ 27.113859996939659, -26.926520000897195 ], [ 27.113639996686889, -26.926420002580908 ], [ 27.11343000229115, -26.926359997116041 ], [ 27.113019995974337, -26.926319997070095 ], [ 27.112590002225105, -26.926319997070099 ], [ 27.111929993372819, -26.926399998061356 ], [ 27.111579999715563, -26.926510002234675 ], [ 27.111310000754237, -26.926579998268181 ], [ 27.111180001054521, -26.926650000596915 ], [ 27.110849995729055, -26.926740001150051 ], [ 27.110420010073703, -26.926679995685106 ], [ 27.109959996954551, -26.926619999213493 ], [ 27.109439994558382, -26.926629996976644 ], [ 27.109080004037256, -26.926700000204743 ], [ 27.108839999264841, -26.926830000803829 ], [ 27.108380002333536, -26.926950002740302 ], [ 27.108060003764471, -26.927069996582983 ], [ 27.107800002566385, -26.927080003339388 ], [ 27.107590000976138, -26.927149999372894 ], [ 27.1074699981402, -26.927159997136041 ], [ 27.107259995650576, -26.927130010141742 ], [ 27.106759998673333, -26.927010000111292 ], [ 27.105980003172871, -26.927159997136041 ], [ 27.105619995564613, -26.927310002254679 ], [ 27.104870004145681, -26.927740004097789 ], [ 27.104430002740774, -26.927970003013083 ], [ 27.1037800006448, -26.92821999835413 ], [ 27.103139996312063, -26.928439997707624 ], [ 27.102840002262639, -26.928590002826262 ], [ 27.102490002310059, -26.92869000114246 ], [ 27.102270001157919, -26.928789998559477 ], [ 27.102019997722987, -26.929009998812337 ], [ 27.101560008885563, -26.929250003584656 ], [ 27.101179997657031, -26.929369998326617 ], [ 27.100450001764404, -26.929480001600666 ], [ 27.099939998030759, -26.929620008956068 ], [ 27.099599994942054, -26.929700001853519 ], [ 27.099080000639766, -26.92976999788694 ], [ 27.098510000434505, -26.929909997148542 ], [ 27.09803999674671, -26.930010001760071 ], [ 27.09747000373596, -26.930199999730046 ], [ 27.097019997373206, -26.930270003857512 ], [ 27.096439997606055, -26.930450003164978 ], [ 27.09598999933727, -26.930640009228931 ], [ 27.095310002153106, -26.930829998205741 ], [ 27.094889998073239, -26.930999999750053 ], [ 27.094600001786869, -26.93121000223967 ], [ 27.093959998353419, -26.931499997626663 ], [ 27.093599998839128, -26.931690002791246 ], [ 27.093419998632296, -26.931889999423834 ], [ 27.093299996695734, -26.932050002305623 ], [ 27.093069997780351, -26.932190000667863 ], [ 27.092979998126665, -26.932400003157479 ], [ 27.092920000755683, -26.932569995708626 ], [ 27.092779995198846, -26.932829996906705 ], [ 27.092510003432118, -26.933110002624339 ], [ 27.092219999951247, -26.93342000343025 ], [ 27.091959998753161, -26.933539997272934 ], [ 27.091620003758425, -26.933820002990661 ], [ 27.090729996890037, -26.9350799990426 ], [ 27.090330005423599, -26.935489997265435 ], [ 27.090000000098129, -26.935739999801005 ], [ 27.089569998255016, -26.935990011329817 ], [ 27.08942999899341, -26.936140000260689 ], [ 27.089169997795416, -26.936409999222008 ], [ 27.088909996597241, -26.936740002748831 ], [ 27.088199997130374, -26.937630003321889 ], [ 27.087939995932292, -26.937929997371313 ], [ 27.087690000591238, -26.938120001636609 ], [ 27.087259998748127, -26.938409997922975 ], [ 27.086779998196551, -26.938529999859451 ], [ 27.086360002210469, -26.938549997184495 ], [ 27.085830001151781, -26.9385899981298 ], [ 27.085319997418136, -26.938529999859448 ], [ 27.084899993338169, -26.938419995686118 ], [ 27.084519998297491, -26.938340002788749 ], [ 27.083979998576282, -26.938170001244437 ], [ 27.083520001644981, -26.938019996125799 ], [ 27.083139999409614, -26.937770001684122 ], [ 27.082730001186771, -26.937460008972089 ], [ 27.082460002225538, -26.937219997005162 ], [ 27.082029998583682, -26.936909997098532 ], [ 27.081779996947489, -26.936779995600165 ], [ 27.081520002943918, -26.936610003049104 ], [ 27.08100999921027, -26.936289997285346 ], [ 27.079940001128303, -26.935770002983066 ], [ 27.079549991237254, -26.935659990715866 ], [ 27.07886000438382, -26.935489997265428 ], [ 27.078430000742056, -26.935399996712285 ], [ 27.078070002127046, -26.935359996666339 ], [ 27.077649998047086, -26.935330001578148 ], [ 27.077310003052347, -26.935240001924381 ], [ 27.076840000263921, -26.935100003562233 ], [ 27.076219999551462, -26.934989999388819 ], [ 27.074920002554205, -26.934949999342869 ], [ 27.074319999166782, -26.934890001072517 ], [ 27.07384999637836, -26.934859998789729 ], [ 27.073420001729843, -26.934779996899188 ], [ 27.072949998941418, -26.934769999136037 ], [ 27.072239998575181, -26.934800002318116 ], [ 27.071460003974096, -26.934829995607647 ], [ 27.071099997265115, -26.934930002017826 ], [ 27.070509998835529, -26.93501001200233 ], [ 27.07010000061269, -26.935090004899621 ], [ 27.069709991620918, -26.935229996067246 ], [ 27.069470003036269, -26.935399996712281 ], [ 27.069260001446015, -26.935550001831004 ], [ 27.068890004168399, -26.935770002983052 ], [ 27.068619996213911, -26.935910001345377 ], [ 27.068180003802251, -26.936159995787062 ], [ 27.06766000230536, -26.936400000559466 ], [ 27.066929998318855, -26.936600005285847 ], [ 27.066590003324112, -26.936679998183227 ], [ 27.066150001919205, -26.936679998183227 ], [ 27.06589999938355, -26.93675000231061 ], [ 27.065580000814482, -26.93689999933536 ], [ 27.065339988847469, -26.937060002217152 ], [ 27.06497999832634, -26.937209999241912 ], [ 27.064579997866652, -26.937299997996405 ], [ 27.064200010020482, -26.937230002862183 ], [ 27.063900000682576, -26.93715000097156 ], [ 27.063490003359014, -26.937090003600666 ], [ 27.062787000617657, -26.937094999334622 ], [ 27.061919998407273, -26.937100002263183 ], [ 27.061370000922821, -26.937060002217152 ], [ 27.0609399990798, -26.937029999035076 ], [ 27.060260001895635, -26.936930000718785 ], [ 27.059659997608843, -26.936869996153202 ], [ 27.059379992790486, -26.936920002955631 ], [ 27.059089997403493, -26.937029999035079 ], [ 27.05868999694389, -26.937159999634073 ], [ 27.058310001903124, -26.937240000625319 ], [ 27.057699999853178, -26.937299997996401 ], [ 27.057139997410978, -26.937339998941621 ], [ 27.056460000226814, -26.93741000216972 ], [ 27.055700001152204, -26.937429998595395 ], [ 27.055130000047487, -26.937399996312596 ], [ 27.054729999587884, -26.937360004360542 ], [ 27.054180003002717, -26.937179996059832 ], [ 27.053639996986277, -26.937039996798227 ], [ 27.053049998556602, -26.936869996153199 ], [ 27.052540002916842, -26.936859998390034 ], [ 27.051859997638793, -26.93683000330185 ], [ 27.051270001007772, -26.936750002310596 ], [ 27.050960001101135, -26.936740002748799 ], [ 27.050569999303967, -26.936740002748792 ], [ 27.049970003111145, -26.936899999335349 ], [ 27.049530002605511, -26.936939999381295 ], [ 27.049130003045189, -26.937049996360109 ], [ 27.048719996728465, -26.937159999634066 ], [ 27.047720001874602, -26.937049996360109 ], [ 27.047209998140868, -26.936930000718771 ], [ 27.046539998719943, -26.936930000718768 ], [ 27.045980004371621, -26.937029999035062 ], [ 27.044120004032887, -26.937029999035055 ], [ 27.043550002028887, -26.937100002263165 ], [ 27.043110002422623, -26.937240000625309 ], [ 27.042440003001694, -26.937429998595377 ], [ 27.042159997283974, -26.937600000139774 ], [ 27.041730002635457, -26.937850002675251 ], [ 27.041399999108549, -26.9379999997001 ], [ 27.040789997058607, -26.938149996724761 ], [ 27.040429998443599, -26.938179999906922 ], [ 27.039989997038685, -26.93821999995286 ], [ 27.03943999955424, -26.938149996724764 ], [ 27.038900001631681, -26.938040000645312 ], [ 27.038299998244256, -26.937969997417209 ], [ 27.037930000966639, -26.937940003228391 ], [ 27.037239997925443, -26.937850002675251 ], [ 27.035869996800802, -26.937559999194367 ], [ 27.035069996780788, -26.937399996312582 ], [ 27.034569999803541, -26.937249999287829 ], [ 27.034299999942938, -26.937100002263151 ], [ 27.034070001926924, -26.936909997098489 ], [ 27.033469997640132, -26.936539999820955 ], [ 27.032889998772262, -26.936359999614126 ], [ 27.031850002973176, -26.936080002889568 ], [ 27.031240000923237, -26.935979997378769 ], [ 27.030570002401593, -26.935929997771019 ], [ 27.030009999060109, -26.935960000053814 ], [ 27.028800999064696, -26.93592300014614 ], [ 27.028700003400331, -26.935920000007869 ], [ 27.028189999666594, -26.935920000007865 ], [ 27.027770002781232, -26.935810003029047 ], [ 27.027420002828748, -26.93565000014717 ], [ 27.02683999496762, -26.935520000447454 ], [ 27.026230001011562, -26.935299999295317 ], [ 27.025790001405298, -26.935139996413522 ], [ 27.024259997398776, -26.934220001651553 ], [ 27.023809998230622, -26.934050001006529 ], [ 27.023610001598122, -26.934080004188594 ], [ 27.023229999362755, -26.934080004188598 ], [ 27.022869999848464, -26.934149991228935 ], [ 27.021430003589597, -26.934170002943087 ], [ 27.020719996028848, -26.934040003243375 ], [ 27.020370003270781, -26.933830000753748 ], [ 27.020079999789907, -26.933470002138652 ], [ 27.019440002651773, -26.93321999870372 ], [ 27.018920001154974, -26.933139996813189 ], [ 27.01861999901158, -26.93315000356959 ], [ 27.01811000337181, -26.933090006198604 ], [ 27.017789996708771, -26.932900001034024 ], [ 27.017529996409969, -26.932649997599096 ], [ 27.017379999385213, -26.932419998683802 ], [ 27.017200000077754, -26.932220002950583 ], [ 27.017060000816144, -26.93202000002276 ], [ 27.01676999733527, -26.931920001706469 ], [ 27.016430003239901, -26.931899997186918 ], [ 27.015999999598051, -26.931910003044035 ], [ 27.015559999991787, -26.93194999589538 ], [ 27.01525000008515, -26.932050002305548 ], [ 27.014890000570862, -26.93210000101401 ], [ 27.01450999743621, -26.932079997393739 ], [ 27.014170003340752, -26.932100001014014 ], [ 27.013929997669059, -26.932050002305548 ], [ 27.013789999306823, -26.93188999942376 ], [ 27.013560001290809, -26.931669999170911 ], [ 27.013349998801189, -26.931520002146144 ], [ 27.01312000797969, -26.931359999264355 ], [ 27.011709998715219, -26.930469998691294 ], [ 27.011390001045438, -26.930209998392488 ], [ 27.011250001783921, -26.929939999431255 ], [ 27.011189997218334, -26.929779987556223 ], [ 27.011139997610588, -26.929499998925628 ], [ 27.010999999248266, -26.929350001900875 ], [ 27.010680000679201, -26.929069996183149 ], [ 27.010320002064191, -26.928749997614084 ], [ 27.010029997683944, -26.928619997015087 ], [ 27.009710000014248, -26.928529998260586 ], [ 27.009459996579317, -26.92839999676222 ], [ 27.009030002830084, -26.928240001974316 ], [ 27.008619997412637, -26.928100002712799 ], [ 27.008110000873589, -26.927800000569313 ], [ 27.007679998131199, -26.927580001215823 ], [ 27.006380001133849, -26.926430001243421 ], [ 27.005809991935251, -26.925869997901856 ], [ 27.005480003696913, -26.925569995758551 ], [ 27.005190000216039, -26.925360002262089 ], [ 27.004799998418868, -26.925199999380215 ], [ 27.003680000729158, -26.924769996637824 ], [ 27.003190000615692, -26.924579998667841 ], [ 27.002549997182328, -26.924380002934623 ], [ 27.001600000137557, -26.924039999845913 ], [ 27.000059998367888, -26.923429997795974 ], [ 26.999780000744131, -26.923329993184449 ], [ 26.999669996570717, -26.92319000201681 ], [ 26.999529998208569, -26.923110000126194 ], [ 26.999139996411397, -26.923039996898083 ], [ 26.998800002315939, -26.922999995952861 ], [ 26.998090001949702, -26.922809997982792 ], [ 26.997449996717688, -26.92268999604623 ], [ 26.996550000180029, -26.922390001996806 ], [ 26.995449998016621, -26.922009998862151 ], [ 26.994659996659127, -26.921720002575878 ], [ 26.99371999917625, -26.921240002024213 ], [ 26.992900002730568, -26.920859997990284 ], [ 26.992359995814759, -26.920589999028962 ], [ 26.992070001327132, -26.920409999721414 ], [ 26.991779996946885, -26.920159997185941 ], [ 26.99131000225243, -26.919789999908332 ], [ 26.990349999350627, -26.918930003416708 ], [ 26.989869997899689, -26.918459999729002 ], [ 26.989270001706775, -26.917929998670228 ], [ 26.988229997813718, -26.917229997865885 ], [ 26.987659996709088, -26.916800011311253 ], [ 26.987199999777783, -26.916540002019207 ], [ 26.986809997980611, -26.916330000428953 ], [ 26.986499998074066, -26.91621999625562 ], [ 26.985900002780522, -26.916039996948076 ], [ 26.98300999631179, -26.914900001933326 ], [ 26.982619995413987, -26.914770002233514 ], [ 26.982140001157731, -26.914619997114976 ], [ 26.981610000998234, -26.914330000828606 ], [ 26.981039999893692, -26.914069999630527 ], [ 26.980360002709531, -26.913859998040277 ], [ 26.979399999807725, -26.913689997395245 ], [ 26.978760003568873, -26.913540000370492 ], [ 26.978299999442967, -26.913400001108887 ], [ 26.977830002949773, -26.913189998619259 ], [ 26.977040001592279, -26.912900003232274 ], [ 26.975940001227613, -26.912510002334468 ], [ 26.975499999822606, -26.912359997215837 ], [ 26.974820002638534, -26.912110001874776 ], [ 26.97275000070945, -26.910969999665522 ], [ 26.972250010926714, -26.910750000312028 ], [ 26.971720002673429, -26.910399998560806 ], [ 26.971399996010479, -26.910089998654261 ], [ 26.971129997049246, -26.909819999692939 ], [ 26.970499998573537, -26.909100001563559 ], [ 26.970139999958526, -26.908809998082685 ], [ 26.969940004225311, -26.908660001057918 ], [ 26.969609999799122, -26.908459997230818 ], [ 26.969210000238803, -26.908189998269499 ], [ 26.968549998581025, -26.907690000392883 ], [ 26.96809000164972, -26.907339998641746 ], [ 26.96752000144437, -26.907060001917273 ], [ 26.967049997756668, -26.906800000719191 ], [ 26.96646999798951, -26.906530001757957 ], [ 26.965620000160321, -26.90606999673269 ], [ 26.963980000074439, -26.905169999295751 ], [ 26.963400001206569, -26.904880003009477 ], [ 26.962759995974466, -26.904450001166367 ], [ 26.961570003150531, -26.903830001353192 ], [ 26.9609299988178, -26.903499996927092 ], [ 26.960389999995868, -26.903250001586045 ], [ 26.959360001959933, -26.902540002119078 ], [ 26.958790000855213, -26.902090002951024 ], [ 26.958390001294894, -26.901740002099171 ], [ 26.958219999750579, -26.901669998871061 ], [ 26.958110003671138, -26.901600003736931 ], [ 26.957950000789349, -26.90144999861829 ], [ 26.957640000882716, -26.901219999703006 ], [ 26.957109999824024, -26.900929997121409 ], [ 26.956650002892719, -26.900649998598283 ], [ 26.956099999113039, -26.900249999037964 ], [ 26.955749998261179, -26.899960003650968 ], [ 26.955340000038337, -26.899560004090656 ], [ 26.955039997894939, -26.899210003238796 ], [ 26.954540000018323, -26.898789999158833 ], [ 26.954059998567466, -26.898389998699237 ], [ 26.952890002169209, -26.897750003359665 ], [ 26.952559997743109, -26.897530002207606 ], [ 26.95235000424665, -26.897310001954757 ], [ 26.951790000905167, -26.896969999765421 ], [ 26.950540001717002, -26.896070002328475 ], [ 26.949960002849217, -26.895639999586002 ], [ 26.949560003288902, -26.89524000811965 ], [ 26.949170002391007, -26.894740002149067 ], [ 26.948850002922573, -26.894409997722978 ], [ 26.948609999049527, -26.894130000099128 ], [ 26.948010002856705, -26.893249999087868 ], [ 26.947629999722057, -26.892809998582322 ], [ 26.94739000304352, -26.892379987745965 ], [ 26.947220009593096, -26.892009998562315 ], [ 26.947230000161735, -26.891640002184072 ], [ 26.94733998814721, -26.891269996812664 ], [ 26.947580001013502, -26.890809999881274 ], [ 26.947729998038351, -26.890459999029506 ], [ 26.947939999628602, -26.890090001751886 ], [ 26.948150002118226, -26.889640002583832 ], [ 26.948290001379831, -26.889319996820074 ], [ 26.948450004261623, -26.888909991402727 ], [ 26.948519999395756, -26.888490001711968 ], [ 26.948640001332322, -26.887929992075172 ], [ 26.948680002277637, -26.887319998119111 ], [ 26.948640001332322, -26.886879996714207 ], [ 26.948640001332322, -26.886419991688928 ], [ 26.948829999302394, -26.885310000755712 ], [ 26.948940002576354, -26.884829999304777 ], [ 26.948950001238877, -26.884200000829075 ], [ 26.948950001238874, -26.883450000416904 ], [ 26.948990002184185, -26.882879999312273 ], [ 26.949059998217688, -26.882470001089434 ], [ 26.949130001445702, -26.882129998900009 ], [ 26.949319999415774, -26.881779998048245 ], [ 26.94959999614025, -26.881400010201986 ], [ 26.949880001857974, -26.880970000265087 ], [ 26.949979999274898, -26.880769996437898 ], [ 26.95014000305606, -26.880380002734697 ], [ 26.950900001231393, -26.879249999187785 ], [ 26.951139997909923, -26.878830002302514 ], [ 26.951300000791715, -26.878290004379963 ], [ 26.951390001344855, -26.877760004220555 ], [ 26.951369996825303, -26.877429998895096 ], [ 26.951359998162786, -26.877069992186115 ], [ 26.951369996825306, -26.876329997630975 ], [ 26.951279997171532, -26.875920000307495 ], [ 26.951229997563701, -26.875529997610968 ], [ 26.951049998256149, -26.875070008773633 ], [ 26.950959998602464, -26.874890002271485 ], [ 26.950770000632396, -26.874540008614225 ], [ 26.950460000725851, -26.874249997039477 ], [ 26.950209998190196, -26.87406999773193 ], [ 26.949819996393114, -26.873849998378436 ], [ 26.949210002436963, -26.873650001745844 ], [ 26.948830000201681, -26.873579997618549 ], [ 26.948219997252458, -26.873529998909998 ], [ 26.947749993564667, -26.873539997572507 ], [ 26.947289996633362, -26.873510003383693 ], [ 26.946900003829438, -26.87339999921037 ], [ 26.946470001086958, -26.873200002577782 ], [ 26.946060002864115, -26.873070010072674 ], [ 26.945460000376059, -26.872900001333758 ], [ 26.944740002246672, -26.872569996907572 ], [ 26.944160001580151, -26.872259997000935 ], [ 26.943739998399469, -26.872150000022213 ], [ 26.943419999830404, -26.87202000032249 ], [ 26.943190000915109, -26.871939998431873 ], [ 26.942729995889923, -26.871790001407206 ], [ 26.942320005760962, -26.871700001753425 ], [ 26.94137999209023, -26.871530000209031 ], [ 26.940769998134165, -26.871490000163085 ], [ 26.940390003093484, -26.871470002838045 ], [ 26.939990002633799, -26.871539998871551 ], [ 26.939529997608609, -26.871690003090904 ], [ 26.939020001968839, -26.872039995848883 ], [ 26.938700004299054, -26.872429997645948 ], [ 26.938339996690793, -26.872760002072138 ], [ 26.938019999021009, -26.873120000687152 ], [ 26.937690001789417, -26.873599994943586 ], [ 26.937449997916374, -26.873889998424453 ], [ 26.937319997317285, -26.874059999968761 ], [ 26.936829998103189, -26.874540008614211 ], [ 26.936509998634751, -26.8748299968066 ], [ 26.936029989989297, -26.875219997704402 ], [ 26.93534000313586, -26.876220001551513 ], [ 26.935129999746959, -26.87646999689256 ], [ 26.934739998849064, -26.876890000972427 ], [ 26.934339999288746, -26.87725999825005 ], [ 26.934190002264071, -26.877510000785609 ], [ 26.933939998829139, -26.877720003275225 ], [ 26.933490000560354, -26.878250003434633 ], [ 26.933059997817871, -26.878840000965017 ], [ 26.932690001439621, -26.879410002069637 ], [ 26.932449995767925, -26.879839995818873 ], [ 26.931800001765836, -26.880879999711919 ], [ 26.931490001859288, -26.881419999433128 ], [ 26.931230000661202, -26.881880003559029 ], [ 26.930770003729897, -26.882420009575466 ], [ 26.930600002185496, -26.882740000950019 ], [ 26.930200002625174, -26.883239997927262 ], [ 26.929940001427177, -26.883559989301723 ], [ 26.92964000018306, -26.883969994719159 ], [ 26.929199998778149, -26.884469999790376 ], [ 26.928809997880254, -26.884929996721677 ], [ 26.928470002885518, -26.885419996835132 ], [ 26.928170000742121, -26.885880001860233 ], [ 26.92794000272611, -26.886169997247219 ], [ 26.927730000236483, -26.886429998445394 ], [ 26.927529997308667, -26.88661999641538 ], [ 26.927209997840318, -26.887070002778128 ], [ 26.92689999793377, -26.887700001253737 ], [ 26.926719998626222, -26.888090003050898 ], [ 26.926679989587026, -26.888590000028145 ], [ 26.926440001002376, -26.889009996913497 ], [ 26.926099998813033, -26.889529999309666 ], [ 26.925799996669642, -26.890080003089349 ], [ 26.925620004556688, -26.890580000965965 ], [ 26.925620004556688, -26.890760001172783 ], [ 26.925460001674896, -26.891139996213553 ], [ 26.925179996856542, -26.891579996719187 ], [ 26.924949997941162, -26.892009998562294 ], [ 26.92462000160894, -26.892939999181301 ], [ 26.924469997389579, -26.893550001231237 ], [ 26.924440002301388, -26.893900002083178 ], [ 26.924379996836528, -26.894290002980981 ], [ 26.924310001702306, -26.894529999659419 ], [ 26.924119995638442, -26.89491000279407 ], [ 26.923870001196757, -26.896420003180303 ], [ 26.923740000597672, -26.897029997136372 ], [ 26.923609999998583, -26.897419998034163 ], [ 26.923470001636435, -26.897710002414314 ], [ 26.923169993197806, -26.898100011406086 ], [ 26.922689998042095, -26.898870000150051 ], [ 26.922509998734544, -26.899239990233056 ], [ 26.92229999714429, -26.89972998944716 ], [ 26.922069998228999, -26.900240001274774 ], [ 26.921799999267673, -26.900850003324717 ], [ 26.920900001830731, -26.903070002278451 ], [ 26.920739998049573, -26.903690002091626 ], [ 26.920519997796799, -26.904299996047683 ], [ 26.920439996805545, -26.904750003309712 ], [ 26.920299998443305, -26.905389998649195 ], [ 26.920159999181699, -26.906000000699134 ], [ 26.920079998190442, -26.906430004340891 ], [ 26.920029998582702, -26.906809999381654 ], [ 26.920019999920179, -26.906949997743894 ], [ 26.919939998928925, -26.907820000991915 ], [ 26.919870002895422, -26.908419996285538 ], [ 26.919890000220459, -26.909150001171326 ], [ 26.919920001603881, -26.909760002321985 ], [ 26.920029998582695, -26.910499996877036 ], [ 26.920090004047562, -26.910849997728896 ], [ 26.920159999181696, -26.911220003100304 ], [ 26.920209997890158, -26.911459999778835 ], [ 26.920299998443301, -26.911750003259709 ], [ 26.920400003954111, -26.912380000836041 ], [ 26.920519997796792, -26.91293999608363 ], [ 26.920659997058308, -26.913400001108812 ], [ 26.920770001231727, -26.913790002905984 ], [ 26.920869998648563, -26.914029999584521 ], [ 26.920990000585128, -26.914299999445117 ], [ 26.921049997956111, -26.914500003272217 ], [ 26.921110004320344, -26.91528999563646 ], [ 26.921189997217716, -26.915870002598297 ], [ 26.921350000099508, -26.916429989751915 ], [ 26.921579999014888, -26.917110003123845 ], [ 26.921719998276405, -26.91742000303039 ], [ 26.921889998921433, -26.918000002797537 ], [ 26.922079996891505, -26.918689997744931 ], [ 26.922350003946619, -26.920050001106329 ], [ 26.922649997996135, -26.921200001078827 ], [ 26.922850000923955, -26.921940002828578 ], [ 26.922990000185468, -26.922520002595714 ], [ 26.923120000784468, -26.922909996299001 ], [ 26.923160001729784, -26.923439997357686 ], [ 26.923399998408314, -26.924529999959205 ], [ 26.923520001244157, -26.925169996198051 ], [ 26.923699991558454, -26.925789996011222 ], [ 26.92388999762241, -26.926479999951706 ], [ 26.924069996929958, -26.927169994899007 ], [ 26.924239999373636, -26.927769999185806 ], [ 26.924279999419582, -26.928290000682683 ], [ 26.924450000963883, -26.92930000319231 ], [ 26.924559997043332, -26.930339998991489 ], [ 26.924589999326123, -26.931430001592993 ], [ 26.924509998334869, -26.931910003043935 ], [ 26.924320000364887, -26.932679999881781 ], [ 26.924090002348787, -26.933589995981226 ], [ 26.924059999166712, -26.934180001605501 ], [ 26.924059999166712, -26.934670000819597 ], [ 26.923990004032579, -26.935200000978909 ], [ 26.923770002880435, -26.936099999315211 ], [ 26.923669997369629, -26.936949998043684 ], [ 26.92366000680099, -26.937309996658783 ], [ 26.923699991558451, -26.937600000139639 ], [ 26.923759997023403, -26.937820000392424 ], [ 26.923839998913937, -26.938250003134815 ], [ 26.923860003433489, -26.938880000711148 ], [ 26.923910002141952, -26.93949000276108 ], [ 26.9238899976224, -26.940179997708476 ], [ 26.923820001588897, -26.940570000404929 ], [ 26.923680004125938, -26.941059999619025 ], [ 26.923510001682349, -26.941350003099892 ], [ 26.923399998408303, -26.941620002061129 ], [ 26.923340001037317, -26.941950007386595 ], [ 26.923349998800557, -26.943420005028869 ], [ 26.923399998408303, -26.944140003158353 ], [ 26.923449997116762, -26.944500001773349 ], [ 26.923470001636403, -26.944820001241787 ], [ 26.923539996770536, -26.945449998818116 ], [ 26.923629997323591, -26.946739998052131 ], [ 26.92369999155844, -26.947339994245038 ], [ 26.923780002442228, -26.94766999777185 ], [ 26.923809995731769, -26.947950004388854 ], [ 26.923979998175447, -26.948429996846546 ], [ 26.92404000274103, -26.948840003163358 ], [ 26.924109997875163, -26.949960000853061 ], [ 26.924170003340027, -26.950410000021215 ], [ 26.924189991671906, -26.950779997298739 ], [ 26.924249997136769, -26.951269995613462 ], [ 26.924279999419564, -26.951529996811637 ], [ 26.924310001702263, -26.951869999900246 ], [ 26.924429996444232, -26.952599995792873 ], [ 26.924630000271421, -26.953420000332432 ], [ 26.924689996743034, -26.95373000023897 ], [ 26.924660002554123, -26.954049997908758 ], [ 26.924700002600066, -26.954380003234231 ], [ 26.924739996350866, -26.954770004132115 ], [ 26.92480000091636, -26.955050001755865 ], [ 26.924880002806983, -26.955739996703183 ], [ 26.924949997941116, -26.956480000251485 ], [ 26.924999996649579, -26.956979997228821 ], [ 26.924999996649579, -26.957329998080667 ], [ 26.924980001123277, -26.957630008317953 ], [ 26.924970003360034, -26.957940000130616 ], [ 26.924859999186708, -26.958780000196565 ], [ 26.924790003153205, -26.959050000057168 ], [ 26.924620003407544, -26.959470004137124 ], [ 26.92455999704331, -26.959780004043669 ], [ 26.924419997781705, -26.960330000628741 ], [ 26.924260002993794, -26.961179991263251 ], [ 26.924080002786962, -26.962519997299687 ], [ 26.924009999558859, -26.963089998404399 ], [ 26.923870001196711, -26.96409000225151 ], [ 26.923600002235389, -26.964890001372144 ], [ 26.923510001682331, -26.965339999641017 ], [ 26.923510001682331, -26.965770002383401 ], [ 26.92348000029882, -26.96619999703201 ], [ 26.923389999745766, -26.966980007820773 ], [ 26.923290002328837, -26.967720002375902 ], [ 26.923209993243702, -26.968229998015673 ], [ 26.923169992298391, -26.968719998129131 ], [ 26.923150003067228, -26.969050001655955 ], [ 26.923070002075974, -26.969289999233755 ], [ 26.922930002814457, -26.969609996903543 ], [ 26.922800003114737, -26.969919996810088 ], [ 26.922670001616371, -26.970380001835274 ], [ 26.922509998734494, -26.970740001349728 ], [ 26.922400002655046, -26.970939997082954 ], [ 26.922090002748497, -26.971559996896044 ], [ 26.921799999267623, -26.971930002267449 ], [ 26.920929996019591, -26.97282000194123 ], [ 26.920429998142975, -26.973319998918562 ], [ 26.920050003102205, -26.973480001800354 ], [ 26.919689996393227, -26.973559995597004 ], [ 26.919279998170381, -26.973540000070621 ], [ 26.918979996026987, -26.97348000180035 ], [ 26.918439998104429, -26.973289996635689 ], [ 26.91776000002098, -26.97304999995724 ], [ 26.917329990083985, -26.97282000194123 ], [ 26.916929997718178, -26.972479998852517 ], [ 26.916699999702253, -26.972219997654438 ], [ 26.916520000394705, -26.971850001276191 ], [ 26.916280003716171, -26.971360001162822 ], [ 26.916139997260053, -26.97104000259375 ], [ 26.915959997053221, -26.970560002042184 ], [ 26.915800002265314, -26.970099997016909 ], [ 26.915660003903078, -26.969720001076865 ], [ 26.915429996893813, -26.969119997689447 ], [ 26.91501000090782, -26.968329996331956 ], [ 26.914880000308823, -26.96791999810911 ], [ 26.914390001094638, -26.967209997742881 ], [ 26.914179998605107, -26.966930001018415 ], [ 26.913770001281545, -26.966509996938541 ], [ 26.913200000176914, -26.96599000263625 ], [ 26.912690003637774, -26.965609998602236 ], [ 26.912470003385003, -26.965470001139277 ], [ 26.912210002186832, -26.965349998303434 ], [ 26.911929997368471, -26.965150001670935 ], [ 26.911689999790575, -26.964949997843835 ], [ 26.910830004198317, -26.964100000014643 ], [ 26.910389994699429, -26.963669990077648 ], [ 26.910249996337281, -26.963470002438317 ], [ 26.910120003832077, -26.963189995821317 ], [ 26.910009999658662, -26.962999998750607 ], [ 26.909810003925532, -26.962710003363615 ], [ 26.909500004018891, -26.962169996447905 ], [ 26.909219998301261, -26.961709998617227 ], [ 26.909049996756945, -26.961329996381856 ], [ 26.908920004251744, -26.961009997812802 ], [ 26.908800002315175, -26.960650007291672 ], [ 26.908770000032476, -26.960509999936271 ], [ 26.908559996643483, -26.959639996688161 ], [ 26.90857000429925, -26.95925000388424 ], [ 26.90863000077087, -26.958749997913749 ], [ 26.908729999087161, -26.958320003265239 ], [ 26.908899999732196, -26.957779997248714 ], [ 26.909049996756949, -26.957450000916506 ], [ 26.909349998900346, -26.956269997761844 ], [ 26.909590002773392, -26.955479996404357 ], [ 26.909640002381227, -26.955100001363675 ], [ 26.909709998414641, -26.954700000903987 ], [ 26.909839998114446, -26.95426000039836 ], [ 26.909759997123192, -26.953730000238956 ], [ 26.909730002034912, -26.952979999826873 ], [ 26.909690001089601, -26.952489999713407 ], [ 26.90961000009835, -26.952009999161838 ], [ 26.909539996870333, -26.951630003221783 ], [ 26.909429999891607, -26.950819998244029 ], [ 26.909359996663504, -26.950239997577512 ], [ 26.909340001137117, -26.949640002283978 ], [ 26.909330009669194, -26.948990000188005 ], [ 26.909280002866762, -26.948710001664875 ], [ 26.909179998255325, -26.948310003003925 ], [ 26.909110002221738, -26.947950004388836 ], [ 26.909110002221738, -26.947600002637696 ], [ 26.90903999899372, -26.94736999562852 ], [ 26.908949999339946, -26.946959998304969 ], [ 26.908980001622737, -26.946779998997421 ], [ 26.908959989009215, -26.946420000382417 ], [ 26.908859998786888, -26.946090003150822 ], [ 26.908680000378713, -26.945710000016181 ], [ 26.908469989795119, -26.945449998818098 ], [ 26.90827000215587, -26.945199996282533 ], [ 26.908079996091914, -26.945049999257687 ], [ 26.907859995839058, -26.944950000941478 ], [ 26.907769996185372, -26.944799995822848 ], [ 26.907610001397373, -26.944519999098379 ], [ 26.907129999946516, -26.944159999584002 ], [ 26.906739998149344, -26.943899999285286 ], [ 26.905910003940509, -26.943229999864279 ], [ 26.90556000308856, -26.942939996383391 ], [ 26.905229998662463, -26.942780000696118 ], [ 26.904680002077381, -26.942440005701382 ], [ 26.904159999681127, -26.942030000283943 ], [ 26.903440001551733, -26.941620002061104 ], [ 26.903069997079605, -26.941390004045093 ], [ 26.902820001738643, -26.94114000061025 ], [ 26.90259000282326, -26.940930007113785 ], [ 26.902359996713457, -26.940709998767051 ], [ 26.902039999043669, -26.940460004325452 ], [ 26.901270002205724, -26.939890003220743 ], [ 26.900520000894176, -26.939180002854506 ], [ 26.899810001427308, -26.938480009244671 ], [ 26.899490010952118, -26.938109987685419 ], [ 26.899180002951692, -26.937680002030156 ], [ 26.898669999217955, -26.937100002263001 ], [ 26.898030002079818, -26.936430002841995 ], [ 26.897640001182015, -26.936059998369867 ], [ 26.897159991637189, -26.935609999201716 ], [ 26.896660001854453, -26.935309997957692 ], [ 26.896139992263688, -26.935060002616723 ], [ 26.895579997016082, -26.934939999780877 ], [ 26.895039998194246, -26.934790002756035 ], [ 26.894480002946647, -26.934720000427383 ], [ 26.89406999662992, -26.934689998144506 ], [ 26.893439999053502, -26.934750002710082 ], [ 26.892789988863733, -26.934800002317917 ], [ 26.892270001756042, -26.934909998397366 ], [ 26.891870003095001, -26.93499999805114 ], [ 26.891440000352517, -26.935070001279158 ], [ 26.890910000193198, -26.935160000932921 ], [ 26.890339999088475, -26.935179997358681 ], [ 26.889930000865633, -26.935190003215713 ], [ 26.888860001884382, -26.935179997358684 ], [ 26.887670000966569, -26.935160000932921 ], [ 26.88732999787786, -26.935179997358681 ], [ 26.886879998709791, -26.935240001924175 ], [ 26.886470001386233, -26.935370003422538 ], [ 26.885660003603064, -26.935550001830805 ], [ 26.884750008402971, -26.935699998855466 ], [ 26.883720002273066, -26.935830000353924 ], [ 26.882920002253051, -26.935860001737353 ], [ 26.882390002093736, -26.935759996226452 ], [ 26.882030002579263, -26.935580005012874 ], [ 26.881650000343985, -26.935449996319907 ], [ 26.881290000829605, -26.93529999929515 ], [ 26.880850000323971, -26.935110002224452 ], [ 26.880400001155813, -26.934850001026369 ], [ 26.87978000134272, -26.934469996992433 ], [ 26.879349998600329, -26.934180001605444 ], [ 26.877220000199539, -26.932630001173255 ], [ 26.876559999441131, -26.932149991628432 ], [ 26.876110000272977, -26.931730003736327 ], [ 26.875899997783353, -26.931570000854538 ], [ 26.875690004286984, -26.931359999264195 ], [ 26.875130000945504, -26.930580003763829 ], [ 26.874810003275716, -26.930060001367579 ], [ 26.874720003621942, -26.929719999178243 ], [ 26.874690000439866, -26.929329997381156 ], [ 26.874749996911486, -26.929009998812095 ], [ 26.874789997856798, -26.928770002133483 ], [ 26.874879998409849, -26.928479998652605 ], [ 26.875399999906833, -26.927180000756071 ], [ 26.875470003134847, -26.926839998566741 ], [ 26.875489999560514, -26.926340000690118 ], [ 26.87540999766998, -26.926139996862936 ], [ 26.875380004380439, -26.925500000624176 ], [ 26.875340003435131, -26.92509000330061 ], [ 26.875270000207024, -26.92480999668361 ], [ 26.875080002236956, -26.924570000904449 ], [ 26.874810003275719, -26.924309991612489 ], [ 26.87425999769739, -26.923770000884527 ], [ 26.874009995161824, -26.923569997057342 ], [ 26.873740004294472, -26.923379999087267 ], [ 26.873360000260451, -26.923199999779811 ], [ 26.872709998164563, -26.922989998189561 ], [ 26.871959996853104, -26.922539999021406 ], [ 26.871410000267936, -26.922260002296845 ], [ 26.870780001792316, -26.921929996971464 ], [ 26.870319996767133, -26.921590002876009 ], [ 26.869919997206722, -26.921219996605142 ], [ 26.869670002765126, -26.920970003062834 ], [ 26.869400002904435, -26.920670000919444 ], [ 26.869140001706349, -26.920369998776049 ], [ 26.868939997879245, -26.920220001751286 ], [ 26.868780003091338, -26.920069996632648 ], [ 26.868589997926669, -26.919870000899429 ], [ 26.868229999311655, -26.919650000646655 ], [ 26.867749996961429, -26.919460002676587 ], [ 26.867179995856706, -26.919269998411291 ], [ 26.866599996988839, -26.919089998204452 ], [ 26.866440002200928, -26.919060003116268 ], [ 26.876479996651256, -26.894399999060358 ], [ 26.877250001582993, -26.8924999986756 ], [ 26.882859996788234, -26.878369997277165 ], [ 26.883779998744725, -26.875269996412889 ], [ 26.884570001001595, -26.872829997206289 ], [ 26.890869999247947, -26.852759997075857 ], [ 26.891430002589431, -26.850480000751052 ], [ 26.893089998201795, -26.845119999987645 ], [ 26.893849997276412, -26.842549999282689 ], [ 26.894750002807324, -26.839630000423799 ], [ 26.894800002415067, -26.83944999931769 ], [ 26.895209999738626, -26.83807000042982 ], [ 26.895619997961475, -26.836749999812291 ], [ 26.896139992263763, -26.835119996590215 ], [ 26.896629990578489, -26.833460001877224 ], [ 26.896880002107306, -26.832509996738587 ], [ 26.89728000166772, -26.831280002969439 ], [ 26.897839996915323, -26.82942000263062 ], [ 26.897990002033957, -26.828930003416534 ], [ 26.88625000113354, -26.825480001700388 ], [ 26.868279998020199, -26.82014998883054 ], [ 26.868025578014691, -26.820088322317844 ], [ 26.867950000788611, -26.820070003127771 ], [ 26.857829996353892, -26.817090005099235 ], [ 26.857756002833867, -26.817067997789483 ], [ 26.857670000666612, -26.817039998296888 ], [ 26.85704000309028, -26.815120000587175 ], [ 26.872474643786532, -26.811703629918259 ], [ 26.886802421391543, -26.80882832736507 ], [ 26.888288807379446, -26.808414088838752 ], [ 26.889458419767202, -26.807926748920018 ], [ 26.890847338131088, -26.807220108420932 ], [ 26.89166045566245, -26.80672642918104 ], [ 26.890738003952666, -26.800531997853085 ], [ 26.886947002698943, -26.774055999984036 ], [ 26.890280999065784, -26.767316997680922 ], [ 26.89336299820074, -26.752895996352809 ], [ 26.908090992102743, -26.75130199658954 ], [ 26.91105700207612, -26.754806002594623 ], [ 26.911652999883142, -26.755079999941664 ], [ 26.911751999951992, -26.764306998269014 ], [ 26.914848003329862, -26.763614002284061 ], [ 26.914876002822449, -26.764103004150002 ], [ 26.952252997974924, -26.759208004145769 ], [ 26.952649700620587, -26.764537616817226 ], [ 26.952963292419433, -26.76465521396667 ], [ 26.953653359312487, -26.765064143794895 ], [ 26.953985613842512, -26.765396398324828 ], [ 26.953985613842512, -26.765856443819505 ], [ 26.953883381610229, -26.767619949600732 ], [ 26.953627800580019, -26.768540039690802 ], [ 26.953448894848101, -26.769715709911807 ], [ 26.953474452681284, -26.770277987638757 ], [ 26.95373003281221, -26.77063580000188 ], [ 26.955953584987409, -26.772936025676792 ], [ 26.953378554374208, -26.774988268693374 ], [ 26.953411999261775, -26.775475998917948 ], [ 26.954677995590444, -26.778615003379461 ], [ 26.954753999994544, -26.778824996875834 ], [ 26.955704004233827, -26.778256002112528 ], [ 26.95961200009118, -26.775792000000497 ], [ 26.962457001786674, -26.773867996710383 ], [ 26.963922994747932, -26.773001001694617 ], [ 26.964900999379086, -26.772672002710465 ], [ 26.96605000200352, -26.772514999967036 ], [ 26.96741200006133, -26.772394998030475 ], [ 26.968240996022722, -26.772201002573894 ], [ 26.968984996158184, -26.771967996325728 ], [ 26.969963000789427, -26.771542997411178 ], [ 26.971110000623572, -26.770850001426137 ], [ 26.971745999375905, -26.770330996378132 ], [ 26.974142998398211, -26.768119997839396 ], [ 26.979616999922229, -26.763218996659123 ], [ 26.980890002868939, -26.762161007224492 ], [ 26.981548000837233, -26.761738003006172 ], [ 26.982122000327664, -26.761487003122454 ], [ 26.983141999701168, -26.761158004138302 ], [ 26.985776001558882, -26.760347000013837 ], [ 26.9857920013974, -26.760411002965217 ], [ 26.99474399603637, -26.757721997671862 ], [ 26.999314002636837, -26.756388000905304 ], [ 27.013789001958674, -26.756102003004756 ], [ 27.015218002206943, -26.755722997218356 ], [ 27.017217003559765, -26.754865002617574 ], [ 27.022171058445497, -26.752081391342941 ], [ 27.023309003006037, -26.751441995851273 ], [ 27.024839996266746, -26.750581002011401 ], [ 27.027550003427841, -26.751799999769965 ], [ 27.027560001190992, -26.751775997763897 ], [ 27.037366990292387, -26.747953988785355 ], [ 27.038888001078341, -26.748052997847374 ], [ 27.03890199722747, -26.7471090019786 ], [ 27.03889000386863, -26.747022001563916 ], [ 27.03887999801151, -26.746894003755109 ], [ 27.038881002554181, -26.746852998267041 ], [ 27.038929996719972, -26.746722000319888 ], [ 27.038999001700546, -26.746642995777428 ], [ 27.039080999186773, -26.7465429983605 ], [ 27.039138003613996, -26.746485003779721 ], [ 27.039270997156837, -26.746389003849234 ], [ 27.039325001445704, -26.746359000667152 ], [ 27.0394469980785, -26.74633799879944 ], [ 27.03957900236707, -26.746288998338418 ], [ 27.039641001628972, -26.746265004426231 ], [ 27.039685998308244, -26.746269001013374 ], [ 27.039784998377009, -26.746297001405253 ], [ 27.039852000567379, -26.746306001820333 ], [ 27.040028003287777, -26.746301996239936 ], [ 27.040231997406799, -26.746343999975441 ], [ 27.040351999343279, -26.746369988583865 ], [ 27.040506001948433, -26.746421998176494 ], [ 27.040655998973193, -26.746452997807449 ], [ 27.040835998280745, -26.746483000989517 ], [ 27.04092599793443, -26.746490995962468 ], [ 27.041108998279704, -26.746547003940901 ], [ 27.041337998947469, -26.746607997760677 ], [ 27.041465995857074, -26.746634002556952 ], [ 27.041610000698991, -26.746719996630322 ], [ 27.041827000813495, -26.746753998198276 ], [ 27.042068002934066, -26.74675200260269 ], [ 27.042292998021427, -26.746786003271271 ], [ 27.042574999334754, -26.746917998566595 ], [ 27.042785000925093, -26.747060997966468 ], [ 27.042905002861573, -26.747187998427197 ], [ 27.042955998918281, -26.747184998288837 ], [ 27.043103003898562, -26.747236998888219 ], [ 27.043312998294301, -26.7473260020932 ], [ 27.043474987778442, -26.7473840038685 ], [ 27.043829999652829, -26.747409003222721 ], [ 27.044233996699582, -26.747472998080227 ], [ 27.044416997044859, -26.74752200033981 ], [ 27.044589998727528, -26.747559000247488 ], [ 27.044768003338756, -26.747574991092762 ], [ 27.045029999233069, -26.74766700163061 ], [ 27.045265998425084, -26.747733996626465 ], [ 27.045532997248046, -26.747859999739042 ], [ 27.045630999968747, -26.747986001952231 ], [ 27.045667003427535, -26.747980999023756 ], [ 27.045848998330683, -26.74803000128335 ], [ 27.046006998422271, -26.748108996832563 ], [ 27.046346003263544, -26.748188998723091 ], [ 27.046589000080342, -26.748296002758153 ], [ 27.046781000840522, -26.748412997361758 ], [ 27.047039995697286, -26.748479002203965 ], [ 27.04733999784068, -26.748535002088524 ], [ 27.047549002982144, -26.748610000151221 ], [ 27.047707003073821, -26.74869399862899 ], [ 27.048669998020102, -26.748886000288447 ], [ 27.049852003964876, -26.749232992908155 ], [ 27.049881000805627, -26.749242998765187 ], [ 27.049916006916259, -26.749255000217907 ], [ 27.049940998176609, -26.749260999595258 ], [ 27.049980999121921, -26.749269992815737 ], [ 27.0500260029957, -26.749276999433771 ], [ 27.050063002903283, -26.749280996920302 ], [ 27.050114997207434, -26.74928599984877 ], [ 27.050154000804593, -26.749288002639055 ], [ 27.050182997645248, -26.749291002777333 ], [ 27.050212999928135, -26.749295001163215 ], [ 27.050250998083154, -26.749298997750373 ], [ 27.050293999166826, -26.749304998926373 ], [ 27.050352001841492, -26.749306993622685 ], [ 27.050383002371813, -26.749308996412889 ], [ 27.050446997229223, -26.74931199655116 ], [ 27.050494002993926, -26.749313001993286 ], [ 27.050538998773831, -26.749313001993286 ], [ 27.050575002232623, -26.74931600213165 ], [ 27.050622998150974, -26.749317000379087 ], [ 27.050734997020619, -26.749317996827887 ], [ 27.050789998657642, -26.749317996827887 ], [ 27.050815996259317, -26.749319003169294 ], [ 27.050863002923297, -26.749317996827884 ], [ 27.050900002830971, -26.749311996551164 ], [ 27.051486002874842, -26.749313001993293 ], [ 27.05173500086773, -26.749317000379101 ], [ 27.052010002757527, -26.749304008772807 ], [ 27.052191996761305, -26.749285999848773 ], [ 27.052264003678889, -26.749264000632984 ], [ 27.05229500420921, -26.749246996251706 ], [ 27.052349997752263, -26.749215995721389 ], [ 27.052423999366169, -26.749179003907692 ], [ 27.052500002870904, -26.749145004138462 ], [ 27.052529997059814, -26.749131997243705 ], [ 27.052575999181126, -26.74910699788947 ], [ 27.052606998811989, -26.749084990579718 ], [ 27.052640001233229, -26.749063996805798 ], [ 27.052689002593532, -26.749029996137214 ], [ 27.052721997820083, -26.749006999573183 ], [ 27.052754002892986, -26.748982997567108 ], [ 27.052795001186457, -26.748953003378194 ], [ 27.052820001439969, -26.748931004162326 ], [ 27.05285600399948, -26.748894003355375 ], [ 27.052884004391352, -26.748854999758308 ], [ 27.052904998165271, -26.748826002917557 ], [ 27.052922998995253, -26.748792003148257 ], [ 27.052947999248854, -26.748756997037617 ], [ 27.052991000332437, -26.748711003909555 ], [ 27.053062998256863, -26.74864600271064 ], [ 27.053114999755525, -26.748601997084307 ], [ 27.053139001761597, -26.748579997868426 ], [ 27.053173998879068, -26.748551000128305 ], [ 27.05321699996265, -26.748519003149287 ], [ 27.053253003421442, -26.748494003795052 ], [ 27.053276998233002, -26.748476999413775 ], [ 27.053319001069145, -26.748449997269343 ], [ 27.053353000838456, -26.748432010828466 ], [ 27.053387998855118, -26.748414001904514 ], [ 27.053440001253151, -26.748389002550201 ], [ 27.053508000791684, -26.748358010113936 ], [ 27.053588002682311, -26.74832299680871 ], [ 27.053653002981854, -26.748290998930315 ], [ 27.053678999684244, -26.748278998376872 ], [ 27.053718004180677, -26.748259001951205 ], [ 27.053743002635628, -26.748246004049694 ], [ 27.053766997447099, -26.748231999806773 ], [ 27.053809997631401, -26.748210007785421 ], [ 27.053840000813473, -26.748195997247269 ], [ 27.053920001804727, -26.74816099923051 ], [ 27.053952988937397, -26.748147003081559 ], [ 27.054016002634501, -26.748123001075488 ], [ 27.054078002795688, -26.748102996555851 ], [ 27.05413199899067, -26.748086000268536 ], [ 27.054166997007421, -26.748074997063338 ], [ 27.054234997445324, -26.748048002113425 ], [ 27.054286998943898, -26.74802500644876 ], [ 27.054352996591689, -26.747996000614755 ], [ 27.054404000742192, -26.747974998747043 ], [ 27.054488998366686, -26.747940998977743 ], [ 27.054522000787838, -26.747928000176856 ], [ 27.054556000557056, -26.747912998585779 ], [ 27.054606000164892, -26.747891996718067 ], [ 27.054671997812598, -26.747866998263209 ], [ 27.054721997420337, -26.747848995634396 ], [ 27.054755997189652, -26.747836995081133 ], [ 27.054806003991995, -26.747822001583938 ], [ 27.054838999218546, -26.747810998378743 ], [ 27.054870996197653, -26.747800999716226 ], [ 27.054918002861641, -26.747784004328196 ], [ 27.054947997949832, -26.747773000223631 ], [ 27.054978997580779, -26.747761997018358 ], [ 27.055024000555289, -26.7477459980792 ], [ 27.055052999194686, -26.747735002068527 ], [ 27.055096996727148, -26.747717001238446 ], [ 27.055123998871579, -26.747705997133892 ], [ 27.055151999263455, -26.747695001123216 ], [ 27.055192996657553, -26.747679003083338 ], [ 27.055220997049517, -26.747667001630617 ], [ 27.055248997441389, -26.747654002829737 ], [ 27.055285997348971, -26.747636999347829 ], [ 27.055310996703291, -26.747624997895194 ], [ 27.055347996610873, -26.747609997203394 ], [ 27.055371998616945, -26.747599999440244 ], [ 27.055399001660657, -26.747589003429567 ], [ 27.055449997717368, -26.747575997434172 ], [ 27.05549200235216, -26.747565001423499 ], [ 27.055529002259743, -26.747556000109128 ], [ 27.055575002582401, -26.747540001169988 ], [ 27.055601000184165, -26.74753199810306 ], [ 27.055637002743588, -26.747519996650343 ], [ 27.055669000621979, -26.747509998887104 ], [ 27.05569600276641, -26.747502003014873 ], [ 27.055740999445682, -26.747487002323158 ], [ 27.055799998569135, -26.747465999556081 ], [ 27.055883997946282, -26.74744400123949 ], [ 27.055933000205954, -26.74742899964841 ], [ 27.055964997184976, -26.747419999233411 ], [ 27.056003003433968, -26.747407997780691 ], [ 27.056071003871867, -26.747394001631751 ], [ 27.056109999375142, -26.747382999325747 ], [ 27.056168999397965, -26.747372003315157 ], [ 27.056205001957387, -26.747364000248233 ], [ 27.056239999074862, -26.747355996282028 ], [ 27.056292000573521, -26.747343994829311 ], [ 27.056327995938343, -26.747338002646472 ], [ 27.056364996745387, -26.747330996927804 ], [ 27.056419999281687, -26.747319003568961 ], [ 27.05649199720602, -26.74730100183961 ], [ 27.056586999788355, -26.747267999418462 ], [ 27.056654002878012, -26.747240997274034 ], [ 27.056722004215285, -26.74721400322348 ], [ 27.056784004376468, -26.747187000179682 ], [ 27.056825001770481, -26.747168001102256 ], [ 27.056863997273751, -26.74715300041046 ], [ 27.056947995751525, -26.747121991786344 ], [ 27.057002999187201, -26.747097001425363 ], [ 27.057080000040092, -26.747056999580685 ], [ 27.057139997411074, -26.747022999811367 ], [ 27.0571799983563, -26.747000003247425 ], [ 27.057222001192532, -26.746976001241269 ], [ 27.0572650022762, -26.746952995684072 ], [ 27.057333002714017, -26.746916003870286 ], [ 27.05741299741004, -26.74687300278671 ], [ 27.057588998331699, -26.746784997829252 ], [ 27.057634002205575, -26.746761003916966 ], [ 27.057678000637313, -26.746737999259057 ], [ 27.057740998146656, -26.746704995938625 ], [ 27.0578850020893, -26.746632998014199 ], [ 27.057929997869199, -26.746610000550888 ], [ 27.057994000820582, -26.746578003571869 ], [ 27.058034999114053, -26.746558997299665 ], [ 27.058078000197639, -26.746538002626561 ], [ 27.058146997983698, -26.746499997276839 ], [ 27.05819600024337, -26.746473003226296 ], [ 27.058246007045714, -26.746445002834424 ], [ 27.058317996876166, -26.746400997208081 ], [ 27.058363000749949, -26.746371998568765 ], [ 27.058424003562976, -26.746331999422015 ], [ 27.058463996414496, -26.7463069991685 ], [ 27.05850500999636, -26.746281001566746 ], [ 27.058570003101302, -26.746242996217124 ], [ 27.058618996367723, -26.74621499672454 ], [ 27.058670001417596, -26.746189000022152 ], [ 27.058748996966809, -26.746145000691033 ], [ 27.058804995951903, -26.746114001060171 ], [ 27.058893000909446, -26.746058999423063 ], [ 27.058923004091518, -26.746040000345548 ], [ 27.059005998026535, -26.745987000599438 ], [ 27.059073001116278, -26.745946003205336 ], [ 27.059113999409661, -26.745919998408983 ], [ 27.059154988709881, -26.745897000945671 ], [ 27.059215999616786, -26.745862003828286 ], [ 27.059259000700457, -26.745836996380174 ], [ 27.059326003790201, -26.745791999700902 ], [ 27.059413003305615, -26.74572900309084 ], [ 27.059467996848756, -26.745685993913376 ], [ 27.059501998416629, -26.745661001753657 ], [ 27.05953500083778, -26.745636003298713 ], [ 27.059564995026605, -26.74561299774151 ], [ 27.059609998900477, -26.745578997972206 ], [ 27.0596689989233, -26.745531002053944 ], [ 27.059708999868612, -26.745498006827393 ], [ 27.059740000398843, -26.745472002031121 ], [ 27.059785003373346, -26.745435998572326 ], [ 27.059814001113377, -26.745414000255735 ], [ 27.059842997954124, -26.745391002792331 ], [ 27.059891999314519, -26.745352000094552 ], [ 27.059925999983022, -26.745323999702684 ], [ 27.059962999890693, -26.745293000071726 ], [ 27.060013996846596, -26.745249000740625 ], [ 27.060075997007782, -26.745193009849316 ], [ 27.060121998229814, -26.745152004361337 ], [ 27.060154003302717, -26.74512199308538 ], [ 27.060204002011176, -26.74507800274743 ], [ 27.060236997237727, -26.745048997812802 ], [ 27.060267996868681, -26.745023001110408 ], [ 27.06031000060419, -26.744988003093738 ], [ 27.060340002886985, -26.744961998297381 ], [ 27.060374002656207, -26.744933000557356 ], [ 27.060425996960358, -26.744889002125614 ], [ 27.06045900028079, -26.744861999981101 ], [ 27.060515000165253, -26.744815001410988 ], [ 27.060573999288799, -26.744769998436485 ], [ 27.060626000787462, -26.744728999243737 ], [ 27.060660000556773, -26.744703009735947 ], [ 27.060694002124645, -26.744676000396915 ], [ 27.060728999242027, -26.744648998252487 ], [ 27.060777003254255, -26.744611997445531 ], [ 27.060833999587597, -26.744570001803993 ], [ 27.060877000671184, -26.744539998621828 ], [ 27.060905999310584, -26.744518996754124 ], [ 27.060948002146727, -26.744489999913359 ], [ 27.060976001639315, -26.744470004387061 ], [ 27.061002995689869, -26.744449001619987 ], [ 27.061048997811096, -26.744415999198836 ], [ 27.061104996796363, -26.744372990021283 ], [ 27.06116299857166, -26.744328002335255 ], [ 27.061193999101892, -26.74430400032918 ], [ 27.061240001223201, -26.744267996870391 ], [ 27.061270002606715, -26.744245000306361 ], [ 27.061298002998583, -26.744223001090401 ], [ 27.061333001015338, -26.744192997908339 ], [ 27.06135700302141, -26.744173999730098 ], [ 27.061379992390929, -26.744154003304427 ], [ 27.061413992160151, -26.744123002774202 ], [ 27.061435998570619, -26.744102999153924 ], [ 27.061466001752692, -26.744074998761963 ], [ 27.061485008024807, -26.744055999684456 ], [ 27.061506001798637, -26.744037000606863 ], [ 27.061541997163548, -26.744003000837633 ], [ 27.061564993727579, -26.743981001621762 ], [ 27.06158700103742, -26.74396099710221 ], [ 27.061621001706012, -26.7439310029133 ], [ 27.061640998131683, -26.743914005726616 ], [ 27.061677998039269, -26.743882000653628 ], [ 27.061705998431229, -26.743857002198766 ], [ 27.061736998062177, -26.743829001806809 ], [ 27.061783000183489, -26.743789998209657 ], [ 27.061825003019631, -26.743754002844831 ], [ 27.061867006755055, -26.743715996595842 ], [ 27.061891998015497, -26.743695003721289 ], [ 27.061938996585596, -26.743652999985777 ], [ 27.06198400135866, -26.743612999040465 ], [ 27.06202499875285, -26.743575999132879 ], [ 27.062067999836437, -26.743538998325935 ], [ 27.062120998683344, -26.743495997242345 ], [ 27.062180996054241, -26.743451998810521 ], [ 27.062222999789753, -26.743421995628356 ], [ 27.062246005347038, -26.743405000240418 ], [ 27.062275002187786, -26.743380998234343 ], [ 27.062307997414337, -26.743354004183786 ], [ 27.062331999420412, -26.743331995974675 ], [ 27.062355003179039, -26.7433099967588 ], [ 27.062384000919071, -26.74328300270825 ], [ 27.062417003340222, -26.743250000287102 ], [ 27.062449997667404, -26.743213996828299 ], [ 27.062474997921004, -26.743185997335715 ], [ 27.062499997275147, -26.743154000356689 ], [ 27.062523999281307, -26.743123997174539 ], [ 27.062548001287379, -26.74308999740531 ], [ 27.062569003155094, -26.743061997013356 ], [ 27.062588002232694, -26.743039000449322 ], [ 27.062626000387802, -26.74299200187922 ], [ 27.062659002808868, -26.742955001072268 ], [ 27.062697998312139, -26.742911002640444 ], [ 27.062728997943005, -26.742875000081014 ], [ 27.062749999810805, -26.742846999689046 ], [ 27.062777001955233, -26.742816000058191 ], [ 27.062800996766793, -26.742788989819875 ], [ 27.062834997435296, -26.742753999897001 ], [ 27.062865997066247, -26.742729997890933 ], [ 27.062889999072318, -26.74271300160353 ], [ 27.062923990747748, -26.742689996945625 ], [ 27.062958006704822, -26.74267099786811 ], [ 27.062979998726092, -26.742657001719074 ], [ 27.063010001008884, -26.742639998237156 ], [ 27.063034993168515, -26.742620999159559 ], [ 27.063059999717346, -26.742598001696244 ], [ 27.063088000109307, -26.742568000312826 ], [ 27.063113996811698, -26.742539002572702 ], [ 27.06313400133125, -26.742517003356827 ], [ 27.063159000685484, -26.742487998422206 ], [ 27.063175996972884, -26.742468001996535 ], [ 27.063203997364759, -26.74244199720026 ], [ 27.063228987725736, -26.742418999736859 ], [ 27.063248002991095, -26.742397998768432 ], [ 27.06327300234533, -26.742376996900717 ], [ 27.063298001699561, -26.742354997684849 ], [ 27.063342000131392, -26.742319999668094 ], [ 27.063382001076615, -26.74228999738531 ], [ 27.063416999093366, -26.742261989798834 ], [ 27.063451997110207, -26.742233000152684 ], [ 27.063475999116189, -26.742211999184253 ], [ 27.06350300126071, -26.742187989084208 ], [ 27.063528997963012, -26.742165997062948 ], [ 27.063580002113515, -26.742114002758878 ], [ 27.063599999438647, -26.74209000075281 ], [ 27.063624001444627, -26.742059001121856 ], [ 27.063640996832657, -26.742037001905892 ], [ 27.063658001213938, -26.742015002690025 ], [ 27.063689000844889, -26.741985000407237 ], [ 27.0637119983082, -26.741966001329722 ], [ 27.063751998354235, -26.741932998908574 ], [ 27.063782997985093, -26.741907998655059 ], [ 27.063810001028898, -26.741882001952668 ], [ 27.06384499814628, -26.741848002183445 ], [ 27.063872997638871, -26.741818997248725 ], [ 27.063936004141464, -26.74186400112259 ], [ 27.065440001552972, -26.742905002363806 ], [ 27.06911700204623, -26.745447001777531 ], [ 27.073413004105056, -26.748415996600773 ], [ 27.073997001358727, -26.747903998170806 ], [ 27.083121705400636, -26.754181511567378 ], [ 27.092073003064936, -26.743720003075541 ], [ 27.092275998936518, -26.740165001013839 ], [ 27.092762998012255, -26.734176000022256 ], [ 27.093283997756672, -26.734201996724643 ], [ 27.093379001238198, -26.734153992712418 ], [ 27.09537099597306, -26.734296001958736 ], [ 27.095124999017809, -26.737114002409154 ], [ 27.097266991676705, -26.737233996251746 ], [ 27.097644002766877, -26.737281993069374 ], [ 27.098735002716552, -26.737186000333487 ], [ 27.098829000756126, -26.738063998554544 ], [ 27.098994996720126, -26.73808700321246 ], [ 27.104074231838695, -26.73769332228887 ], [ 27.104136467622244, -26.737829108226649 ], [ 27.104227766796331, -26.738091595150856 ], [ 27.104376128853637, -26.738194306721738 ], [ 27.104400106578066, -26.738201935670677 ], [ 27.104627203381117, -26.738274194398389 ], [ 27.104775565438338, -26.738399731662174 ], [ 27.104889690305317, -26.738673630983087 ], [ 27.104889690305317, -26.738981766595138 ], [ 27.104958164685971, -26.739278490709655 ], [ 27.10518641441984, -26.739438266062965 ], [ 27.105403250857712, -26.739426852766879 ], [ 27.105597263401346, -26.739335552693429 ], [ 27.105825512235935, -26.739221428725813 ], [ 27.10604234867381, -26.739278490709662 ], [ 27.106247772714966, -26.739472503253293 ], [ 27.106396134772183, -26.739757814071734 ], [ 27.106555910125572, -26.740100187773297 ], [ 27.106658621696464, -26.740442562374234 ], [ 27.106658621696464, -26.740739285589477 ], [ 27.106670034093185, -26.741024598206476 ], [ 27.106795571356969, -26.741241434644355 ], [ 27.106978170604428, -26.741469684378302 ], [ 27.107149358354626, -26.741697933212897 ], [ 27.107263482322235, -26.741926182047571 ], [ 27.107263482322235, -26.742257144251706 ], [ 27.107286307115757, -26.74261093034999 ], [ 27.107303792634298, -26.742724590267464 ], [ 27.107331956702886, -26.742907653565229 ], [ 27.107503143553629, -26.743113077606296 ], [ 27.107708567594699, -26.743124490902385 ], [ 27.107925404931937, -26.743101666108863 ], [ 27.108142242269089, -26.742987541241884 ], [ 27.108438966383527, -26.742782117200818 ], [ 27.108975351729537, -26.742451155896056 ], [ 27.109397613107756, -26.742291381441941 ], [ 27.109911172760786, -26.742200081368491 ], [ 27.110379083726141, -26.742006069724223 ], [ 27.110744283120603, -26.741766407593548 ], [ 27.110949707161669, -26.741492509171835 ], [ 27.111075245324734, -26.741344147114617 ], [ 27.111326318952848, -26.741332733818528 ], [ 27.111543156290086, -26.741309909025006 ], [ 27.111771405124678, -26.741218609850829 ], [ 27.112033891149594, -26.741264259437877 ], [ 27.112319202867312, -26.741378384304856 ], [ 27.112536040204468, -26.741344147114614 ], [ 27.112627339378644, -26.741150134570894 ], [ 27.112650164172166, -26.740841998059569 ], [ 27.112661576568886, -26.740499625257375 ], [ 27.112672988965691, -26.740043125789452 ], [ 27.112741464245627, -26.739792052161341 ], [ 27.112840990417819, -26.739572024928911 ], [ 27.112873644801283, -26.739497384796348 ], [ 27.112997699082971, -26.739337888232829 ], [ 27.1129622550025, -26.739142945790199 ], [ 27.112802758438992, -26.73891256016638 ], [ 27.112767314358432, -26.738753062703502 ], [ 27.112979977042695, -26.738593565240699 ], [ 27.113228084706801, -26.738611287280985 ], [ 27.113529357592192, -26.738770784743782 ], [ 27.113848354316524, -26.738717618623117 ], [ 27.113990128839752, -26.738522677079764 ], [ 27.114628119590474, -26.738115071952869 ], [ 27.115053446757564, -26.737813798168105 ], [ 27.115354721441697, -26.737725187966884 ], [ 27.11547877482402, -26.73753024732299 ], [ 27.115602828206434, -26.737175807417483 ], [ 27.115567385025244, -26.736892255672903 ], [ 27.115673716367375, -26.736732758210103 ], [ 27.116205374876596, -26.736360597163685 ], [ 27.116595258862581, -26.73605932427829 ], [ 27.116577536822302, -26.735935269996602 ], [ 27.116559814782022, -26.735722606413052 ], [ 27.116666147023523, -26.735563108050897 ], [ 27.11693197582845, -26.73556310805089 ], [ 27.11737502503582, -26.735704884372776 ], [ 27.117747186981525, -26.73570488437278 ], [ 27.118013015786541, -26.735580830091081 ], [ 27.118137070068229, -26.735350445366631 ], [ 27.118225680269362, -26.735031448642314 ], [ 27.118349732752407, -26.734694731676445 ], [ 27.118456064993818, -26.734358014710491 ], [ 27.118456064993818, -26.734092185006194 ], [ 27.118562397235234, -26.733808634160994 ], [ 27.11863328539626, -26.733542803557416 ], [ 27.118739616738395, -26.733401028134818 ], [ 27.118952280321935, -26.73329469679269 ], [ 27.118952280321935, -26.732975700967639 ], [ 27.118845948979807, -26.732745316243275 ], [ 27.118721894698112, -26.732585817881112 ], [ 27.118704172657836, -26.732355432257293 ], [ 27.118828226939524, -26.732054159371806 ], [ 27.119164943905485, -26.731841494888897 ], [ 27.119696603313983, -26.731752884687765 ], [ 27.120671311030659, -26.732018715291336 ], [ 27.121362467902046, -26.732213656834702 ], [ 27.121575132384955, -26.732390876337764 ], [ 27.121610575566056, -26.73262126196159 ], [ 27.121858683230162, -26.732621261961587 ], [ 27.122159957014837, -26.732532651760362 ], [ 27.12242578581985, -26.732302266136546 ], [ 27.122780224825998, -26.732231378874882 ], [ 27.123116942691233, -26.73212504663347 ], [ 27.123276441053399, -26.731930105090125 ], [ 27.123170108811898, -26.731735162647482 ], [ 27.123081498610677, -26.731540222003503 ], [ 27.123240996972839, -26.731061728715673 ], [ 27.123294162194309, -26.730831343091843 ], [ 27.123152386771704, -26.730689566769961 ], [ 27.123170108811898, -26.730459182045511 ], [ 27.12338277239553, -26.730246517562595 ], [ 27.12359543597907, -26.730211074381504 ], [ 27.123878986824277, -26.730299683683349 ], [ 27.123896708864471, -26.730476904085791 ], [ 27.12410937334738, -26.730565514286919 ], [ 27.124357481011398, -26.730530070206456 ], [ 27.124587865735851, -26.73038829388457 ], [ 27.124641031856605, -26.730228796421688 ], [ 27.124623309816325, -26.730033854878339 ], [ 27.124605587776134, -26.729768025174135 ], [ 27.124694197977355, -26.729484474328839 ], [ 27.124838487005015, -26.729158989895385 ], [ 27.135529818145109, -26.732427542596874 ], [ 27.137533124552633, -26.733249952822927 ], [ 27.140388032280377, -26.734717058245586 ], [ 27.142088010851545, -26.735590657882398 ], [ 27.14752857018599, -26.738437461819345 ], [ 27.14845641692872, -26.738859210583957 ], [ 27.149173389738735, -26.739133348225359 ], [ 27.157987939190622, -26.740904693396786 ], [ 27.176418359218619, -26.744594993963702 ], [ 27.181268469562916, -26.745543928909175 ], [ 27.186582504177949, -26.746640475877161 ], [ 27.1887123353048, -26.74731527408052 ], [ 27.196559175564261, -26.749703689973238 ], [ 27.197091996896912, -26.749481000747508 ], [ 27.197453001853333, -26.749310001855044 ], [ 27.198169999844449, -26.748984003009252 ], [ 27.236533001795568, -26.731842995857477 ], [ 27.236754000295779, -26.731450002015915 ], [ 27.237260423828403, -26.729869593706724 ], [ 27.237694159656726, -26.729122605124086 ], [ 27.237477291742604, -26.728351519207195 ], [ 27.237231564583986, -26.727573385303476 ], [ 27.236898977304843, -26.726520190154609 ], [ 27.233742344332668, -26.721387648621047 ], [ 27.233467800197772, -26.720594520320763 ], [ 27.232874871776833, -26.71888162029051 ], [ 27.232308398712554, -26.717996098341228 ], [ 27.230778481940344, -26.715604504244421 ], [ 27.236561627216272, -26.712520159677556 ], [ 27.240887848294467, -26.710225152768523 ], [ 27.244465257864302, -26.708327380903885 ], [ 27.244404905261117, -26.704982564793486 ], [ 27.244335821140208, -26.701153873852139 ], [ 27.244140312124653, -26.690318674567131 ], [ 27.244414001004309, -26.690134004180869 ], [ 27.249464000961819, -26.686752002902548 ], [ 27.256176001120625, -26.682289997685153 ], [ 27.269463001415438, -26.67351999705021 ], [ 27.267237001285611, -26.668286996747433 ], [ 27.265244997557591, -26.663828997110528 ], [ 27.26741300310664, -26.662909999696712 ], [ 27.271992002927661, -26.660969999266015 ], [ 27.272274003341703, -26.660849996430166 ], [ 27.272485003179394, -26.660759996776399 ], [ 27.277546995596463, -26.65855799865264 ], [ 27.284012997900646, -26.655742999239965 ], [ 27.287834002336449, -26.654115007801337 ], [ 27.290562999581883, -26.652952000934079 ], [ 27.293635000054294, -26.65157600043209 ], [ 27.299403004344335, -26.648991996383501 ], [ 27.299243000563177, -26.6438290002082 ], [ 27.299205999756225, -26.642781997790898 ], [ 27.299181997750157, -26.632782003386716 ], [ 27.299168999848646, -26.626998998404975 ], [ 27.299150000771135, -26.626777010650489 ], [ 27.299116998349984, -26.626391997392773 ], [ 27.299110997173898, -26.622118001744347 ], [ 27.303390002945488, -26.621449997919033 ], [ 27.303940000429847, -26.621330003177075 ], [ 27.30885000202521, -26.620249998338711 ], [ 27.310009999760858, -26.620029998085947 ], [ 27.312570001803394, -26.619499997926539 ], [ 27.325410003967779, -26.616889997175637 ], [ 27.344219999952362, -26.613130003646759 ], [ 27.334669995723054, -26.595959998754935 ], [ 27.331499999724464, -26.590320002166326 ], [ 27.333809999231345, -26.587180001256016 ], [ 27.334460002226603, -26.585949999392991 ], [ 27.337449998018279, -26.580679990189388 ], [ 27.338850001425708, -26.578119996240826 ], [ 27.338689997644551, -26.57669999730701 ], [ 27.338639998936088, -26.571729998340682 ], [ 27.347339997242415, -26.572460002327276 ], [ 27.353030000633378, -26.572839990173357 ], [ 27.356480002349606, -26.573160004030985 ], [ 27.365830001852444, -26.573830002552548 ], [ 27.368670002418099, -26.578679990589066 ], [ 27.370159997385336, -26.58080999888227 ], [ 27.372620001111571, -26.584650000597019 ], [ 27.373979994580438, -26.586789998559581 ], [ 27.374840000065312, -26.587880002060462 ], [ 27.379689996195715, -26.595540002768953 ], [ 27.381849997778563, -26.598850006122934 ], [ 27.385110002424089, -26.603979999877094 ], [ 27.385389999148565, -26.604270003357964 ], [ 27.378349998253238, -26.610679997683778 ], [ 27.383329994982642, -26.614820003340476 ], [ 27.396220003949452, -26.625670003667739 ], [ 27.404259999698631, -26.63234999785416 ], [ 27.409279998272716, -26.636339996593573 ], [ 27.422990002785831, -26.647819997195171 ] ] ] } },
{ "type": "Feature", "properties": { "Municipali": "JB Marks Local Municipality", "WardNo": "3", "WardLabel": "NW405_3", "Province": "North West", "CLASSIFICATION": "Service centre", "PopGBlack": 763.57476053000005, "PopGColour": 53.365576455000003, "PopGIndian": 2.06713237, "PopGWhite": 3629.29769, "PopGOther": 39.6784662, "PopGTotal": 4487.9836255 }, "geometry": { "type": "Polygon", "coordinates": [ [ [ 27.241639999885102, -26.635889999224002 ], [ 27.241869997901112, -26.636460000328714 ], [ 27.241940001129127, -26.636400002058366 ], [ 27.242089998153883, -26.636210004987664 ], [ 27.242250001035675, -26.636010001160567 ], [ 27.242430001242592, -26.635970000215348 ], [ 27.242740001149137, -26.635899996987234 ], [ 27.243200006174323, -26.635820003190499 ], [ 27.243649997248589, -26.635730002637448 ], [ 27.243920004303796, -26.635600011031606 ], [ 27.244070001328463, -26.63533000397641 ], [ 27.244280002918806, -26.635110010918147 ], [ 27.244460002226266, -26.635020004069858 ], [ 27.244839998166402, -26.635020004069862 ], [ 27.245319998717974, -26.635099996967231 ], [ 27.245490000262286, -26.635139997912553 ], [ 27.245599997241097, -26.63513999791255 ], [ 27.245830003350992, -26.635070002778409 ], [ 27.245949997193591, -26.635020004069862 ], [ 27.24610001040611, -26.634869998951221 ], [ 27.24642000088129, -26.63472000192646 ], [ 27.246609997952078, -26.63472000192646 ], [ 27.24698000332349, -26.63464000003593 ], [ 27.247170001293561, -26.634490003011177 ], [ 27.247430001592271, -26.634370001074707 ], [ 27.24782000428872, -26.6343700010747 ], [ 27.248119998338236, -26.634529995862604 ], [ 27.24819999932949, -26.634760002871783 ], [ 27.248119998338236, -26.635160002432102 ], [ 27.247889999422945, -26.635440000055851 ], [ 27.247759998823945, -26.635650001646198 ], [ 27.247719997878637, -26.63587000189905 ], [ 27.247809998431688, -26.636029996686961 ], [ 27.247960002651045, -26.636090010245702 ], [ 27.248159998384267, -26.636069997632269 ], [ 27.248540002418196, -26.636129995003252 ], [ 27.24885000232474, -26.636050002105879 ], [ 27.248959998404189, -26.635899996987241 ], [ 27.249020002969772, -26.635560001992506 ], [ 27.249070001678234, -26.635210001140553 ], [ 27.249129999049217, -26.634760002871783 ], [ 27.2492000031766, -26.634479997154056 ], [ 27.249269998310822, -26.634219995955974 ], [ 27.249380001584779, -26.634060001168066 ], [ 27.249560001791696, -26.634050003404827 ], [ 27.249669997871141, -26.634180003104635 ], [ 27.249669997871145, -26.634869998951224 ], [ 27.249700000153844, -26.634949999942478 ], [ 27.250090001951015, -26.63478999706069 ], [ 27.250339997292066, -26.634640000035933 ], [ 27.250580002064478, -26.634599999090621 ], [ 27.251040006190383, -26.634720001926464 ], [ 27.251250000586033, -26.634700004601516 ], [ 27.251370003421879, -26.634580002664954 ], [ 27.251330001577376, -26.634349996555066 ], [ 27.251100003561366, -26.634200000429672 ], [ 27.250790003654821, -26.634050003404827 ], [ 27.250790003654821, -26.633920001906553 ], [ 27.250890001971026, -26.633840000915203 ], [ 27.251340000239807, -26.633819996395658 ], [ 27.252040001943524, -26.633799999969987 ], [ 27.252159995786208, -26.633799999969987 ], [ 27.252490001111674, -26.633629999324956 ], [ 27.252679998182376, -26.633400000409669 ], [ 27.252800001018311, -26.633059998220244 ], [ 27.252889999772712, -26.632910001195576 ], [ 27.253119990594126, -26.632789998359641 ], [ 27.25341000306825, -26.632700005900556 ], [ 27.253689999792723, -26.632479997553816 ], [ 27.253869999999552, -26.63242000108211 ], [ 27.254480001150213, -26.632210006686375 ], [ 27.25497000126359, -26.632179996309699 ], [ 27.255459999578406, -26.632269995963476 ], [ 27.25597999477997, -26.63242000108211 ], [ 27.256279996024084, -26.632439996608504 ], [ 27.256560001741722, -26.632450004264193 ], [ 27.256770004231338, -26.632299999145548 ], [ 27.256860003885112, -26.632119998938808 ], [ 27.256870001648263, -26.632039997947565 ], [ 27.25701000090978, -26.631979999677203 ], [ 27.257279999871102, -26.632010002859275 ], [ 27.257530003306037, -26.632010002859275 ], [ 27.257710001714305, -26.631859997740641 ], [ 27.257769999085198, -26.631740003898045 ], [ 27.257739996802496, -26.631520002745898 ], [ 27.257559996595578, -26.631430003991412 ], [ 27.257440002752983, -26.631310001155654 ], [ 27.257279999871106, -26.631289996636013 ], [ 27.257130002846434, -26.631170002793322 ], [ 27.257130002846434, -26.631000001249021 ], [ 27.257220003399492, -26.63084999702976 ], [ 27.2573799981874, -26.630820001941469 ], [ 27.258020001620849, -26.630860002886784 ], [ 27.258380001135141, -26.630910001595247 ], [ 27.258780000695459, -26.631000001249021 ], [ 27.259300003091717, -26.63105999862 ], [ 27.259970001613269, -26.631189999219004 ], [ 27.260489995915645, -26.631490001362391 ], [ 27.260770001633368, -26.631669999770669 ], [ 27.260950000940827, -26.631890000922709 ], [ 27.261070003776673, -26.632190003066192 ], [ 27.261130001147656, -26.632439996608504 ], [ 27.26122000080143, -26.632619996815329 ], [ 27.261410005966013, -26.63270999736848 ], [ 27.261560002990858, -26.632770001933977 ], [ 27.261620000361752, -26.632959999904042 ], [ 27.261610001699232, -26.633070004077368 ], [ 27.261470003337084, -26.63313999921159 ], [ 27.261440001054204, -26.63319999568321 ], [ 27.261470003337084, -26.633449999118135 ], [ 27.261679997732823, -26.633539998771912 ], [ 27.262169996946916, -26.63350999558984 ], [ 27.262510000035533, -26.633380003984001 ], [ 27.262630001972013, -26.633170002393662 ], [ 27.262659997060293, -26.632789998359652 ], [ 27.262730000288308, -26.632609999052189 ], [ 27.262969996966834, -26.632500002972737 ], [ 27.263459996180934, -26.632410003318967 ], [ 27.263950004388278, -26.632219997255021 ], [ 27.264109999176185, -26.632079997993497 ], [ 27.264199998829959, -26.631830003551819 ], [ 27.264289997584367, -26.631710000715973 ], [ 27.264440002703001, -26.631669999770661 ], [ 27.264620002909918, -26.631710000715973 ], [ 27.264809999980532, -26.631949998293791 ], [ 27.264959997005285, -26.632070000230264 ], [ 27.265079999841131, -26.632159999884035 ], [ 27.265290010424728, -26.632320002765915 ], [ 27.265449997118751, -26.632500002972737 ], [ 27.265690001891073, -26.63248999621625 ], [ 27.265810003827731, -26.632190003066199 ], [ 27.265919999907172, -26.632010002859282 ], [ 27.266000001797707, -26.631830003551823 ], [ 27.266040001843649, -26.631629999724726 ], [ 27.266289997184703, -26.631409998572494 ], [ 27.266530001957115, -26.631319999818089 ], [ 27.266869996951851, -26.631199996982236 ], [ 27.266930002416718, -26.631109998227753 ], [ 27.266959995706255, -26.630829999704716 ], [ 27.266930002416718, -26.630700000004914 ], [ 27.266930002416718, -26.630590003026189 ], [ 27.267140004007057, -26.630560000743394 ], [ 27.26742000073153, -26.630680002679959 ], [ 27.267659998309341, -26.63090000293273 ], [ 27.267720002874924, -26.631170002793329 ], [ 27.267659998309341, -26.631379997189072 ], [ 27.26763000322115, -26.631570002353655 ], [ 27.267450003913602, -26.631779996749394 ], [ 27.267339999740276, -26.631930000968747 ], [ 27.267339999740276, -26.632360003711142 ], [ 27.267460001676753, -26.632479997553819 ], [ 27.267780008339788, -26.63264000133498 ], [ 27.26800000139805, -26.632670003617687 ], [ 27.26805999786966, -26.632680002280203 ], [ 27.268260001696852, -26.632870000250271 ], [ 27.268660001257171, -26.632870000250275 ], [ 27.269140002708028, -26.63274000684579 ], [ 27.269280001070261, -26.632659997760655 ], [ 27.26940000390611, -26.632619996815336 ], [ 27.269730000238415, -26.632410003318967 ], [ 27.269940001828754, -26.632249992343212 ], [ 27.270009997862168, -26.632219997255021 ], [ 27.270129999798737, -26.632119998938816 ], [ 27.270260001297103, -26.631979999677206 ], [ 27.270369997376548, -26.631740003898049 ], [ 27.270459996131041, -26.631520002745908 ], [ 27.270589996730038, -26.631369999425925 ], [ 27.27085999569136, -26.631220002401161 ], [ 27.27118000235431, -26.631120004084877 ], [ 27.271379998087529, -26.631000001249028 ], [ 27.271500000923375, -26.630730002287791 ], [ 27.271589999677779, -26.630449996570071 ], [ 27.271760002121457, -26.630390000098362 ], [ 27.271930002766485, -26.630390000098366 ], [ 27.272049996609169, -26.630449996570068 ], [ 27.272240002673033, -26.630730002287795 ], [ 27.272330003226173, -26.630789998759404 ], [ 27.27269000184118, -26.630820001941483 ], [ 27.27282000244027, -26.630879999312462 ], [ 27.27282000244027, -26.630939995784164 ], [ 27.272749999212166, -26.631059998620003 ], [ 27.272330003226173, -26.631310001155658 ], [ 27.272340000989328, -26.631339996243852 ], [ 27.272309997807255, -26.631350002100884 ], [ 27.272269989667429, -26.631430003991422 ], [ 27.272269989667429, -26.631520002745912 ], [ 27.272359997414995, -26.631629999724723 ], [ 27.27260001028138, -26.631740003898052 ], [ 27.272699999604335, -26.631790002606515 ], [ 27.272780002394239, -26.631880003159569 ], [ 27.272860003385492, -26.632050003804597 ], [ 27.272929997620434, -26.632169997647189 ], [ 27.273000001747818, -26.632190003066192 ], [ 27.273069996881951, -26.632179996309713 ], [ 27.273169995198245, -26.632089996655939 ], [ 27.273310001654366, -26.631939999631268 ], [ 27.273530001907133, -26.63176999808687 ], [ 27.273679998931893, -26.631599997441846 ], [ 27.273859999138718, -26.631350002100884 ], [ 27.274029999783746, -26.631239997927555 ], [ 27.274179996808506, -26.631180000556576 ], [ 27.274359996116058, -26.631099998665949 ], [ 27.274519998997846, -26.631000001249031 ], [ 27.274639993739811, -26.63084999702976 ], [ 27.274659998259363, -26.630680002679959 ], [ 27.274639993739811, -26.630519999798086 ], [ 27.274600008982347, -26.630430000144397 ], [ 27.274500002572172, -26.630259998599996 ], [ 27.274430000243438, -26.630020001921469 ], [ 27.274430000243438, -26.629949998693458 ], [ 27.274479998951815, -26.629850001276534 ], [ 27.274569997706305, -26.629779998048427 ], [ 27.274730000588182, -26.629699996157896 ], [ 27.274889997174746, -26.629679999732137 ], [ 27.275470004136491, -26.629670001968982 ], [ 27.275719998578172, -26.629639998786821 ], [ 27.275859997839689, -26.629609995604753 ], [ 27.276079998092548, -26.629549999133143 ], [ 27.276249998737491, -26.629469998141893 ], [ 27.276559998644125, -26.629269994314789 ], [ 27.276739998850953, -26.629140000910308 ], [ 27.276879997213189, -26.629000001648702 ], [ 27.276990001386519, -26.62877999420132 ], [ 27.277120001985601, -26.628510003333968 ], [ 27.27725000258469, -26.628250010229777 ], [ 27.277319997718823, -26.628009997363481 ], [ 27.277319997718823, -26.627869999001241 ], [ 27.277279996773512, -26.627689998794416 ], [ 27.277279996773512, -26.627500000824345 ], [ 27.277300002192433, -26.627280000571574 ], [ 27.277309999955584, -26.627109999926546 ], [ 27.277340002238464, -26.626889998774406 ], [ 27.277329996381344, -26.626819996445668 ], [ 27.277290002630632, -26.626729995892525 ], [ 27.277070003277142, -26.62663999713812 ], [ 27.277019995575429, -26.626600004286697 ], [ 27.276990001386519, -26.626530000159317 ], [ 27.276990001386519, -26.626380003134642 ], [ 27.276919998158505, -26.626260001198073 ], [ 27.276850003024368, -26.626160002881786 ], [ 27.276810002079056, -26.626080001890536 ], [ 27.276819999842211, -26.626 ], [ 27.276839997167251, -26.625919990914767 ], [ 27.276940001778776, -26.625850002975238 ], [ 27.277070003277142, -26.625850002975238 ], [ 27.277189997119738, -26.625900001683696 ], [ 27.277369997326655, -26.626070003228012 ], [ 27.277600003436458, -26.626309999906542 ], [ 27.277690003090232, -26.626399999560324 ], [ 27.277799999169677, -26.626470002788412 ], [ 27.278320000666564, -26.62653000015931 ], [ 27.278720001126253, -26.626520002396159 ], [ 27.278909999096236, -26.626470002788412 ], [ 27.278980002324335, -26.626409990128867 ], [ 27.27900999741253, -26.626340003088615 ], [ 27.27899999875001, -26.626220000252768 ], [ 27.278879995914163, -26.626030003182066 ], [ 27.278720001126253, -26.625850002975241 ], [ 27.278620002810047, -26.625709997418404 ], [ 27.278530003156273, -26.625540003068604 ], [ 27.278479997253211, -26.625439996658525 ], [ 27.278479997253211, -26.625299999195555 ], [ 27.278540001818705, -26.625219997305024 ], [ 27.278590001426537, -26.625190002216836 ], [ 27.278789997159759, -26.625200000879357 ], [ 27.278969995567937, -26.625209998642504 ], [ 27.279079999741263, -26.625209998642504 ], [ 27.279179998057558, -26.625159999934038 ], [ 27.279229996766109, -26.625070000280267 ], [ 27.279250001285661, -26.624999997052171 ], [ 27.279219999002869, -26.624869995553802 ], [ 27.279170000294407, -26.624719999428422 ], [ 27.279139997112335, -26.624650004294196 ], [ 27.279160001631887, -26.624570002403658 ], [ 27.279219999002869, -26.624520002795823 ], [ 27.279340000939435, -26.624449999567812 ], [ 27.279460010969881, -26.624449999567819 ], [ 27.279580005711757, -26.624490001412404 ], [ 27.279659992313903, -26.624520002795826 ], [ 27.279759996925424, -26.624650004294196 ], [ 27.27979999787074, -26.624800001319045 ], [ 27.279799997870736, -26.624979999727131 ], [ 27.279690001791202, -26.625249999587723 ], [ 27.279569999854726, -26.625399995713213 ], [ 27.279529998909414, -26.625529997211569 ], [ 27.279529998909414, -26.62561999686535 ], [ 27.279539996672654, -26.625709997418404 ], [ 27.279659992313899, -26.625810002029922 ], [ 27.279830001052808, -26.625820000692446 ], [ 27.28008000358837, -26.625799996172809 ], [ 27.28023000061313, -26.625730001038665 ], [ 27.280700004300922, -26.625500002123378 ], [ 27.280920003654323, -26.625380000186819 ], [ 27.281070000679083, -26.625289999633676 ], [ 27.28122999636636, -26.62519000221684 ], [ 27.281380000585717, -26.625100002563066 ], [ 27.281539996272901, -26.625039997098199 ], [ 27.281709996917932, -26.625020000672436 ], [ 27.281960000352868, -26.624989998389651 ], [ 27.282179999706358, -26.624989998389648 ], [ 27.282499999174792, -26.625050003854511 ], [ 27.282809999081334, -26.625079998043425 ], [ 27.283150001270673, -26.62510000256307 ], [ 27.283569998156032, -26.62510000256307 ], [ 27.284790001356633, -26.625089995806565 ], [ 27.285149999971644, -26.625050003854511 ], [ 27.285280000570729, -26.625029999334966 ], [ 27.285490003060261, -26.624960004200737 ], [ 27.285649997848257, -26.624860005884528 ], [ 27.285800002966894, -26.624750001711199 ], [ 27.285860000337877, -26.62468999714563 ], [ 27.285890002620668, -26.624639998437168 ], [ 27.285890002620668, -26.624449999567819 ], [ 27.285829998055085, -26.624370005771073 ], [ 27.28572999973888, -26.624279998922784 ], [ 27.285599999139794, -26.624239997977472 ], [ 27.285490003060261, -26.624170001943977 ], [ 27.285360001561983, -26.624030003581741 ], [ 27.285209997342626, -26.623799996572572 ], [ 27.285149999971644, -26.623720003675192 ], [ 27.285109999925702, -26.623519999848096 ], [ 27.285069998980394, -26.623349999203057 ], [ 27.285020000271928, -26.623190002616507 ], [ 27.284960002900942, -26.623100003862007 ], [ 27.284740001748801, -26.622890002271767 ], [ 27.284489999213239, -26.622639998836835 ], [ 27.284309999905691, -26.622480004048924 ], [ 27.28420000382625, -26.622419997684691 ], [ 27.284170000644174, -26.622350002550558 ], [ 27.284179999306698, -26.622280000221835 ], [ 27.284179999306698, -26.622189999668677 ], [ 27.284210001589397, -26.622149998723458 ], [ 27.284260001197229, -26.622109997778153 ], [ 27.284350000851003, -26.622090002251753 ], [ 27.284470002787572, -26.622119997339951 ], [ 27.284629997575479, -26.622230000613996 ], [ 27.284780002694117, -26.62232999893028 ], [ 27.284899997436082, -26.622360001213085 ], [ 27.285029998035078, -26.62237000707011 ], [ 27.285119997688852, -26.622370007070106 ], [ 27.28519999868011, -26.62231000160525 ], [ 27.285209997342626, -26.622189999668684 ], [ 27.285209997342626, -26.622019999023657 ], [ 27.285230001862267, -26.621959993558796 ], [ 27.2852999969964, -26.621880007856017 ], [ 27.285450002115038, -26.621849996580064 ], [ 27.285680001030329, -26.621860004235746 ], [ 27.285750004258436, -26.621839998816824 ], [ 27.285900001283103, -26.62167999593504 ], [ 27.286089999253171, -26.621499996627488 ], [ 27.286189996670096, -26.621409996973711 ], [ 27.286440007299628, -26.621369996028491 ], [ 27.286700000403833, -26.621409996973714 ], [ 27.286820003239679, -26.621409996973714 ], [ 27.287040002593169, -26.621460003776146 ], [ 27.287299995697371, -26.621539996673434 ], [ 27.287559996895453, -26.621669998171885 ], [ 27.287729999339131, -26.621709999117112 ], [ 27.287869996801998, -26.62173000273738 ], [ 27.288300000443851, -26.621780002345218 ], [ 27.288640001733818, -26.621860004235746 ], [ 27.288849996129557, -26.62195000299025 ], [ 27.289090000901972, -26.621989995841581 ], [ 27.289350002100054, -26.622019999023653 ], [ 27.289589998778585, -26.622069997732204 ], [ 27.290100003411599, -26.622130003197068 ], [ 27.290550000781014, -26.622159997385982 ], [ 27.290879998012684, -26.622189999668684 ], [ 27.291139999210682, -26.622209996094444 ], [ 27.291300010186529, -26.622209996094444 ], [ 27.291570001053884, -26.622220002850757 ], [ 27.291759999023864, -26.622230000614 ], [ 27.291929999668891, -26.622189999668681 ], [ 27.292079996693644, -26.622159997385985 ], [ 27.292200000428775, -26.622140000960311 ], [ 27.292410002019114, -26.622130003197068 ], [ 27.292540001718834, -26.622140000960314 ], [ 27.292729999688902, -26.622180001905537 ], [ 27.292909998996361, -26.62224999703967 ], [ 27.293150003768769, -26.622299995748218 ], [ 27.293300008887496, -26.622299995748218 ], [ 27.293489998763594, -26.62223999927652 ], [ 27.293690001691328, -26.622159997385985 ], [ 27.293939997032378, -26.622000001698705 ], [ 27.294159998184519, -26.621880007856021 ], [ 27.294339996592701, -26.62174999916315 ], [ 27.29454000131917, -26.621589996281266 ], [ 27.294649997398615, -26.621510003383897 ], [ 27.294899999934266, -26.621390007742651 ], [ 27.295120000187037, -26.62131999731994 ], [ 27.295309998157105, -26.621259999949046 ], [ 27.295470001038897, -26.621200002577982 ], [ 27.295650001245725, -26.621089999304022 ], [ 27.295839998316424, -26.62093000271738 ], [ 27.29619999693152, -26.620630002372632 ], [ 27.296409999421144, -26.620459999928958 ], [ 27.296549997783291, -26.620360001612756 ], [ 27.296700002902021, -26.620310002904287 ], [ 27.296809990887493, -26.620280000621499 ], [ 27.296880003108846, -26.620280000621502 ], [ 27.296909997297668, -26.620349995755625 ], [ 27.296899998635237, -26.620710003363889 ], [ 27.296909997297668, -26.620959997805571 ], [ 27.297020000571713, -26.621179998058434 ], [ 27.297110001124857, -26.62131999731994 ], [ 27.297209999441062, -26.62147000243867 ], [ 27.297370002322939, -26.621640003083701 ], [ 27.29760000123823, -26.621809997433399 ], [ 27.297950001190809, -26.621959993558796 ], [ 27.298449999067333, -26.622000001698709 ], [ 27.29881999634495, -26.622019999023653 ], [ 27.299060001117365, -26.621979998078437 ], [ 27.299110997173898, -26.622118001744347 ], [ 27.299116998349984, -26.626391997392773 ], [ 27.299150000771135, -26.626777010650489 ], [ 27.299168999848646, -26.626998998404975 ], [ 27.299181997750157, -26.632782003386716 ], [ 27.299205999756225, -26.642781997790898 ], [ 27.299243000563177, -26.6438290002082 ], [ 27.299403004344335, -26.648991996383501 ], [ 27.293635000054294, -26.65157600043209 ], [ 27.290562999581883, -26.652952000934079 ], [ 27.287834002336449, -26.654115007801337 ], [ 27.284012997900646, -26.655742999239965 ], [ 27.277546995596463, -26.65855799865264 ], [ 27.272485003179394, -26.660759996776399 ], [ 27.272274003341703, -26.660849996430166 ], [ 27.271992002927661, -26.660969999266015 ], [ 27.26741300310664, -26.662909999696712 ], [ 27.265244997557591, -26.663828997110528 ], [ 27.267237001285611, -26.668286996747433 ], [ 27.269463001415438, -26.67351999705021 ], [ 27.256176001120625, -26.682289997685153 ], [ 27.249464000961819, -26.686752002902548 ], [ 27.244414001004309, -26.690134004180869 ], [ 27.244140312124653, -26.690318674567131 ], [ 27.244335821140208, -26.701153873852139 ], [ 27.244404905261117, -26.704982564793486 ], [ 27.244465257864302, -26.708327380903885 ], [ 27.240887848294467, -26.710225152768523 ], [ 27.236561627216272, -26.712520159677556 ], [ 27.230778481940344, -26.715604504244421 ], [ 27.232308398712554, -26.717996098341228 ], [ 27.232874871776833, -26.71888162029051 ], [ 27.233467800197772, -26.720594520320763 ], [ 27.233742344332668, -26.721387648621047 ], [ 27.236898977304843, -26.726520190154609 ], [ 27.237231564583986, -26.727573385303476 ], [ 27.237477291742604, -26.728351519207195 ], [ 27.237694159656726, -26.729122605124086 ], [ 27.237260423828403, -26.729869593706724 ], [ 27.236754000295779, -26.731450002015915 ], [ 27.236533001795568, -26.731842995857477 ], [ 27.198169999844449, -26.748984003009252 ], [ 27.197453001853333, -26.749310001855044 ], [ 27.197091996896912, -26.749481000747508 ], [ 27.196559175564261, -26.749703689973238 ], [ 27.1887123353048, -26.74731527408052 ], [ 27.186582504177949, -26.746640475877161 ], [ 27.181268469562916, -26.745543928909175 ], [ 27.176418359218619, -26.744594993963702 ], [ 27.157987939190622, -26.740904693396786 ], [ 27.149173389738735, -26.739133348225359 ], [ 27.14845641692872, -26.738859210583957 ], [ 27.14752857018599, -26.738437461819345 ], [ 27.142088010851545, -26.735590657882398 ], [ 27.140388032280377, -26.734717058245586 ], [ 27.137533124552633, -26.733249952822927 ], [ 27.135529818145109, -26.732427542596874 ], [ 27.124838487005015, -26.729158989895385 ], [ 27.123511842196248, -26.728680082019984 ], [ 27.121777763131718, -26.728279909789872 ], [ 27.120377160775838, -26.72786306412895 ], [ 27.118437279954964, -26.727043465183623 ], [ 27.117600524642988, -26.726346168640621 ], [ 27.117537188988489, -26.726334388421158 ], [ 27.117240940615368, -26.726081143829546 ], [ 27.117002031217233, -26.725813564943923 ], [ 27.116686669552628, -26.725459979394373 ], [ 27.116438203958392, -26.725130283435661 ], [ 27.116285302123465, -26.724877038844134 ], [ 27.116055948921346, -26.72445178002549 ], [ 27.115931715674545, -26.724160309750378 ], [ 27.115683250080398, -26.723424469163781 ], [ 27.115420449292692, -26.722626510604819 ], [ 27.115339219827579, -26.722358931719189 ], [ 27.115214986580778, -26.721967119586758 ], [ 27.114861401031316, -26.720920696332932 ], [ 27.114612935437084, -26.720146629163455 ], [ 27.113982213007152, -26.718149343717101 ], [ 27.113834090169508, -26.717714528702441 ], [ 27.11362862655832, -26.717055137684376 ], [ 27.11330370959698, -26.71609472199367 ], [ 27.113083912590874, -26.715535672832832 ], [ 27.112916677361209, -26.715220312067611 ], [ 27.112644320377573, -26.714795053248952 ], [ 27.112214281662183, -26.714255117379604 ], [ 27.111951481773925, -26.713982760395975 ], [ 27.111392432613091, -26.713514497795721 ], [ 27.110737820592416, -26.713094017075083 ], [ 27.109920749641333, -26.712611419281444 ], [ 27.108917330169017, -26.711937693969279 ], [ 27.108827734310907, -26.711950146881666 ], [ 27.109232002953028, -26.711490995312996 ], [ 27.110464997759816, -26.711133996836356 ], [ 27.111697002413141, -26.710636001749936 ], [ 27.113862997078115, -26.709743999286047 ], [ 27.116413001357419, -26.708695002172519 ], [ 27.118970999710299, -26.70765199814111 ], [ 27.12390878136366, -26.705465014198904 ], [ 27.124987002846428, -26.704659001311718 ], [ 27.125126163040552, -26.704522513902781 ], [ 27.125003970355426, -26.704396617809504 ], [ 27.124748829992988, -26.704148565903463 ], [ 27.124429905214399, -26.703751681594667 ], [ 27.124295248825163, -26.703446931930237 ], [ 27.124181854207734, -26.703142182265797 ], [ 27.123983002412167, -26.702633995162643 ], [ 27.123722002966556, -26.702265003327067 ], [ 27.123031999925363, -26.700862007875244 ], [ 27.121211760412901, -26.697197989995129 ], [ 27.120477000811384, -26.695533996896351 ], [ 27.118737003308496, -26.691310000855758 ], [ 27.116354997783393, -26.68590799725612 ], [ 27.115405070885718, -26.683771605575043 ], [ 27.11479650865035, -26.683834997886709 ], [ 27.114897935989411, -26.681920565181802 ], [ 27.114859900962106, -26.68145146621201 ], [ 27.114758473623137, -26.681147185094371 ], [ 27.114616603771712, -26.680780792299601 ], [ 27.113031000079008, -26.677794989147319 ], [ 27.112378439411902, -26.676590849987555 ], [ 27.111975542235921, -26.676103133252912 ], [ 27.111233365026187, -26.675509390046145 ], [ 27.109664188350024, -26.674321905431494 ], [ 27.107358996618828, -26.672672999359282 ], [ 27.107151458271609, -26.67256393587677 ], [ 27.10679646438372, -26.672487864922875 ], [ 27.10632736361535, -26.672475187180019 ], [ 27.106149867121047, -26.672513222207325 ], [ 27.105902004971934, -26.672638997791406 ], [ 27.104750001309959, -26.654976999888532 ], [ 27.104399003109947, -26.649597002699359 ], [ 27.104589998428086, -26.649566003068408 ], [ 27.13080600319303, -26.645350002900162 ], [ 27.140203002165364, -26.643829000208111 ], [ 27.141021003015442, -26.641996999361879 ], [ 27.142603000426661, -26.638449003018938 ], [ 27.145215003967863, -26.638522995639594 ], [ 27.14964099943117, -26.632968002970891 ], [ 27.150728000995045, -26.631647004105847 ], [ 27.151067987895996, -26.631207002700936 ], [ 27.152071997323503, -26.629903000123285 ], [ 27.155573999639035, -26.625538008372303 ], [ 27.155862001229075, -26.625181001801693 ], [ 27.156231997607239, -26.624720996776507 ], [ 27.159770994434577, -26.620295002212409 ], [ 27.163619000115446, -26.615455003845259 ], [ 27.165773001421577, -26.612731998782671 ], [ 27.166425995561941, -26.611906002060273 ], [ 27.167298998948411, -26.61080600079616 ], [ 27.170216000366796, -26.607129998550445 ], [ 27.172583004300996, -26.604119000891064 ], [ 27.174689998943055, -26.601478997857374 ], [ 27.174701992301806, -26.600553002818767 ], [ 27.174785998873549, -26.597789996810775 ], [ 27.174791001802017, -26.597601994436403 ], [ 27.174854996659526, -26.594446001781456 ], [ 27.174876995875394, -26.593709998417598 ], [ 27.174900001432679, -26.592037003105187 ], [ 27.17493199841179, -26.590892995315343 ], [ 27.174977002285576, -26.589839003367235 ], [ 27.174968999218656, -26.589318002723534 ], [ 27.175082999979221, -26.584318002373877 ], [ 27.175220995551257, -26.578297004403098 ], [ 27.175228992322946, -26.577951998385913 ], [ 27.181026997996323, -26.577684998663681 ], [ 27.182322000158987, -26.577632997165011 ], [ 27.182443996791783, -26.576303995233133 ], [ 27.182492000804022, -26.575693003029638 ], [ 27.182524996030569, -26.575546996296701 ], [ 27.182592997367752, -26.574972000357402 ], [ 27.182637002994095, -26.574619995816064 ], [ 27.195470006634334, -26.573610003199068 ], [ 27.199670000668863, -26.573279997873509 ], [ 27.228359997215097, -26.57105000115655 ], [ 27.229189998618526, -26.574309987815571 ], [ 27.229499999424355, -26.575520002246268 ], [ 27.23002999958376, -26.577550003230034 ], [ 27.230190003364918, -26.578130002097804 ], [ 27.23165000324396, -26.583829996956762 ], [ 27.233690002890327, -26.59161999916353 ], [ 27.234519997099159, -26.594920002955721 ], [ 27.233210001439382, -26.595460001777631 ], [ 27.23360000323655, -26.600520000397651 ], [ 27.233759998024457, -26.6026499996977 ], [ 27.233780003443378, -26.602900003132635 ], [ 27.233790001206533, -26.603350001401409 ], [ 27.23502000306965, -26.618619996915324 ], [ 27.23766999577262, -26.62550000212336 ], [ 27.238350001050659, -26.62743999625874 ], [ 27.238390001995974, -26.627559998195302 ], [ 27.238800000218813, -26.628569999805563 ], [ 27.238880002109436, -26.628750000012484 ], [ 27.23893000081781, -26.628970000265248 ], [ 27.241639999885102, -26.635889999224002 ] ] ] } },
{ "type": "Feature", "properties": { "Municipali": "JB Marks Local Municipality", "WardNo": "4", "WardLabel": "NW405_4", "Province": "North West", "CLASSIFICATION": "Service centre", "PopGBlack": 2781.8713879000002, "PopGColour": 62.075273513, "PopGIndian": 2.431018791, "PopGWhite": 1024.4436188, "PopGOther": 6.806292, "PopGTotal": 3877.627591 }, "geometry": { "type": "Polygon", "coordinates": [ [ [ 27.074415999996656, -26.726330996178365 ], [ 27.077255001415427, -26.728713000804177 ], [ 27.07872700274719, -26.727740000000871 ], [ 27.080111997369031, -26.727847004035844 ], [ 27.080957000363547, -26.727566999217494 ], [ 27.08109999886414, -26.727485999978708 ], [ 27.081168008295204, -26.726761006115364 ], [ 27.08289700978742, -26.726878998067132 ], [ 27.087938998584228, -26.727222001294198 ], [ 27.088928995674937, -26.727284000556025 ], [ 27.089777997055251, -26.72733700030221 ], [ 27.089786001021452, -26.727606001915369 ], [ 27.089606000814623, -26.729433997181019 ], [ 27.091748998915474, -26.729578001123652 ], [ 27.093726999299861, -26.729711001861101 ], [ 27.093637996094962, -26.730740999897126 ], [ 27.093078001746733, -26.730706001880367 ], [ 27.093000999994469, -26.731624009140528 ], [ 27.092864001770593, -26.733012003001352 ], [ 27.092762998012255, -26.734176000022256 ], [ 27.092275998936518, -26.740165001013839 ], [ 27.092073003064936, -26.743720003075541 ], [ 27.083121705400636, -26.754181511567378 ], [ 27.073997001358727, -26.747903998170806 ], [ 27.073413004105056, -26.748415996600773 ], [ 27.06911700204623, -26.745447001777531 ], [ 27.065440001552972, -26.742905002363806 ], [ 27.063936004141464, -26.74186400112259 ], [ 27.063872997638871, -26.741818997248725 ], [ 27.06384499814628, -26.741848002183445 ], [ 27.063810001028898, -26.741882001952668 ], [ 27.063782997985093, -26.741907998655059 ], [ 27.063751998354235, -26.741932998908574 ], [ 27.0637119983082, -26.741966001329722 ], [ 27.063689000844889, -26.741985000407237 ], [ 27.063658001213938, -26.742015002690025 ], [ 27.063640996832657, -26.742037001905892 ], [ 27.063624001444627, -26.742059001121856 ], [ 27.063599999438647, -26.74209000075281 ], [ 27.063580002113515, -26.742114002758878 ], [ 27.063528997963012, -26.742165997062948 ], [ 27.06350300126071, -26.742187989084208 ], [ 27.063475999116189, -26.742211999184253 ], [ 27.063451997110207, -26.742233000152684 ], [ 27.063416999093366, -26.742261989798834 ], [ 27.063382001076615, -26.74228999738531 ], [ 27.063342000131392, -26.742319999668094 ], [ 27.063298001699561, -26.742354997684849 ], [ 27.06327300234533, -26.742376996900717 ], [ 27.063248002991095, -26.742397998768432 ], [ 27.063228987725736, -26.742418999736859 ], [ 27.063203997364759, -26.74244199720026 ], [ 27.063175996972884, -26.742468001996535 ], [ 27.063159000685484, -26.742487998422206 ], [ 27.06313400133125, -26.742517003356827 ], [ 27.063113996811698, -26.742539002572702 ], [ 27.063088000109307, -26.742568000312826 ], [ 27.063059999717346, -26.742598001696244 ], [ 27.063034993168515, -26.742620999159559 ], [ 27.063010001008884, -26.742639998237156 ], [ 27.062979998726092, -26.742657001719074 ], [ 27.062958006704822, -26.74267099786811 ], [ 27.062923990747748, -26.742689996945625 ], [ 27.062889999072318, -26.74271300160353 ], [ 27.062865997066247, -26.742729997890933 ], [ 27.062834997435296, -26.742753999897001 ], [ 27.062800996766793, -26.742788989819875 ], [ 27.062777001955233, -26.742816000058191 ], [ 27.062749999810805, -26.742846999689046 ], [ 27.062728997943005, -26.742875000081014 ], [ 27.062697998312139, -26.742911002640444 ], [ 27.062659002808868, -26.742955001072268 ], [ 27.062626000387802, -26.74299200187922 ], [ 27.062588002232694, -26.743039000449322 ], [ 27.062569003155094, -26.743061997013356 ], [ 27.062548001287379, -26.74308999740531 ], [ 27.062523999281307, -26.743123997174539 ], [ 27.062499997275147, -26.743154000356689 ], [ 27.062474997921004, -26.743185997335715 ], [ 27.062449997667404, -26.743213996828299 ], [ 27.062417003340222, -26.743250000287102 ], [ 27.062384000919071, -26.74328300270825 ], [ 27.062355003179039, -26.7433099967588 ], [ 27.062331999420412, -26.743331995974675 ], [ 27.062307997414337, -26.743354004183786 ], [ 27.062275002187786, -26.743380998234343 ], [ 27.062246005347038, -26.743405000240418 ], [ 27.062222999789753, -26.743421995628356 ], [ 27.062180996054241, -26.743451998810521 ], [ 27.062120998683344, -26.743495997242345 ], [ 27.062067999836437, -26.743538998325935 ], [ 27.06202499875285, -26.743575999132879 ], [ 27.06198400135866, -26.743612999040465 ], [ 27.061938996585596, -26.743652999985777 ], [ 27.061891998015497, -26.743695003721289 ], [ 27.061867006755055, -26.743715996595842 ], [ 27.061825003019631, -26.743754002844831 ], [ 27.061783000183489, -26.743789998209657 ], [ 27.061736998062177, -26.743829001806809 ], [ 27.061705998431229, -26.743857002198766 ], [ 27.061677998039269, -26.743882000653628 ], [ 27.061640998131683, -26.743914005726616 ], [ 27.061621001706012, -26.7439310029133 ], [ 27.06158700103742, -26.74396099710221 ], [ 27.061564993727579, -26.743981001621762 ], [ 27.061541997163548, -26.744003000837633 ], [ 27.061506001798637, -26.744037000606863 ], [ 27.061485008024807, -26.744055999684456 ], [ 27.061466001752692, -26.744074998761963 ], [ 27.061435998570619, -26.744102999153924 ], [ 27.061413992160151, -26.744123002774202 ], [ 27.061379992390929, -26.744154003304427 ], [ 27.06135700302141, -26.744173999730098 ], [ 27.061333001015338, -26.744192997908339 ], [ 27.061298002998583, -26.744223001090401 ], [ 27.061270002606715, -26.744245000306361 ], [ 27.061240001223201, -26.744267996870391 ], [ 27.061193999101892, -26.74430400032918 ], [ 27.06116299857166, -26.744328002335255 ], [ 27.061104996796363, -26.744372990021283 ], [ 27.061048997811096, -26.744415999198836 ], [ 27.061002995689869, -26.744449001619987 ], [ 27.060976001639315, -26.744470004387061 ], [ 27.060948002146727, -26.744489999913359 ], [ 27.060905999310584, -26.744518996754124 ], [ 27.060877000671184, -26.744539998621828 ], [ 27.060833999587597, -26.744570001803993 ], [ 27.060777003254255, -26.744611997445531 ], [ 27.060728999242027, -26.744648998252487 ], [ 27.060694002124645, -26.744676000396915 ], [ 27.060660000556773, -26.744703009735947 ], [ 27.060626000787462, -26.744728999243737 ], [ 27.060573999288799, -26.744769998436485 ], [ 27.060515000165253, -26.744815001410988 ], [ 27.06045900028079, -26.744861999981101 ], [ 27.060425996960358, -26.744889002125614 ], [ 27.060374002656207, -26.744933000557356 ], [ 27.060340002886985, -26.744961998297381 ], [ 27.06031000060419, -26.744988003093738 ], [ 27.060267996868681, -26.745023001110408 ], [ 27.060236997237727, -26.745048997812802 ], [ 27.060204002011176, -26.74507800274743 ], [ 27.060154003302717, -26.74512199308538 ], [ 27.060121998229814, -26.745152004361337 ], [ 27.060075997007782, -26.745193009849316 ], [ 27.060013996846596, -26.745249000740625 ], [ 27.059962999890693, -26.745293000071726 ], [ 27.059925999983022, -26.745323999702684 ], [ 27.059891999314519, -26.745352000094552 ], [ 27.059842997954124, -26.745391002792331 ], [ 27.059814001113377, -26.745414000255735 ], [ 27.059785003373346, -26.745435998572326 ], [ 27.059740000398843, -26.745472002031121 ], [ 27.059708999868612, -26.745498006827393 ], [ 27.0596689989233, -26.745531002053944 ], [ 27.059609998900477, -26.745578997972206 ], [ 27.059564995026605, -26.74561299774151 ], [ 27.05953500083778, -26.745636003298713 ], [ 27.059501998416629, -26.745661001753657 ], [ 27.059467996848756, -26.745685993913376 ], [ 27.059413003305615, -26.74572900309084 ], [ 27.059326003790201, -26.745791999700902 ], [ 27.059259000700457, -26.745836996380174 ], [ 27.059215999616786, -26.745862003828286 ], [ 27.059154988709881, -26.745897000945671 ], [ 27.059113999409661, -26.745919998408983 ], [ 27.059073001116278, -26.745946003205336 ], [ 27.059005998026535, -26.745987000599438 ], [ 27.058923004091518, -26.746040000345548 ], [ 27.058893000909446, -26.746058999423063 ], [ 27.058804995951903, -26.746114001060171 ], [ 27.058748996966809, -26.746145000691033 ], [ 27.058670001417596, -26.746189000022152 ], [ 27.058618996367723, -26.74621499672454 ], [ 27.058570003101302, -26.746242996217124 ], [ 27.05850500999636, -26.746281001566746 ], [ 27.058463996414496, -26.7463069991685 ], [ 27.058424003562976, -26.746331999422015 ], [ 27.058363000749949, -26.746371998568765 ], [ 27.058317996876166, -26.746400997208081 ], [ 27.058246007045714, -26.746445002834424 ], [ 27.05819600024337, -26.746473003226296 ], [ 27.058146997983698, -26.746499997276839 ], [ 27.058078000197639, -26.746538002626561 ], [ 27.058034999114053, -26.746558997299665 ], [ 27.057994000820582, -26.746578003571869 ], [ 27.057929997869199, -26.746610000550888 ], [ 27.0578850020893, -26.746632998014199 ], [ 27.057740998146656, -26.746704995938625 ], [ 27.057678000637313, -26.746737999259057 ], [ 27.057634002205575, -26.746761003916966 ], [ 27.057588998331699, -26.746784997829252 ], [ 27.05741299741004, -26.74687300278671 ], [ 27.057333002714017, -26.746916003870286 ], [ 27.0572650022762, -26.746952995684072 ], [ 27.057222001192532, -26.746976001241269 ], [ 27.0571799983563, -26.747000003247425 ], [ 27.057139997411074, -26.747022999811367 ], [ 27.057080000040092, -26.747056999580685 ], [ 27.057002999187201, -26.747097001425363 ], [ 27.056947995751525, -26.747121991786344 ], [ 27.056863997273751, -26.74715300041046 ], [ 27.056825001770481, -26.747168001102256 ], [ 27.056784004376468, -26.747187000179682 ], [ 27.056722004215285, -26.74721400322348 ], [ 27.056654002878012, -26.747240997274034 ], [ 27.056586999788355, -26.747267999418462 ], [ 27.05649199720602, -26.74730100183961 ], [ 27.056419999281687, -26.747319003568961 ], [ 27.056364996745387, -26.747330996927804 ], [ 27.056327995938343, -26.747338002646472 ], [ 27.056292000573521, -26.747343994829311 ], [ 27.056239999074862, -26.747355996282028 ], [ 27.056205001957387, -26.747364000248233 ], [ 27.056168999397965, -26.747372003315157 ], [ 27.056109999375142, -26.747382999325747 ], [ 27.056071003871867, -26.747394001631751 ], [ 27.056003003433968, -26.747407997780691 ], [ 27.055964997184976, -26.747419999233411 ], [ 27.055933000205954, -26.74742899964841 ], [ 27.055883997946282, -26.74744400123949 ], [ 27.055799998569135, -26.747465999556081 ], [ 27.055740999445682, -26.747487002323158 ], [ 27.05569600276641, -26.747502003014873 ], [ 27.055669000621979, -26.747509998887104 ], [ 27.055637002743588, -26.747519996650343 ], [ 27.055601000184165, -26.74753199810306 ], [ 27.055575002582401, -26.747540001169988 ], [ 27.055529002259743, -26.747556000109128 ], [ 27.05549200235216, -26.747565001423499 ], [ 27.055449997717368, -26.747575997434172 ], [ 27.055399001660657, -26.747589003429567 ], [ 27.055371998616945, -26.747599999440244 ], [ 27.055347996610873, -26.747609997203394 ], [ 27.055310996703291, -26.747624997895194 ], [ 27.055285997348971, -26.747636999347829 ], [ 27.055248997441389, -26.747654002829737 ], [ 27.055220997049517, -26.747667001630617 ], [ 27.055192996657553, -26.747679003083338 ], [ 27.055151999263455, -26.747695001123216 ], [ 27.055123998871579, -26.747705997133892 ], [ 27.055096996727148, -26.747717001238446 ], [ 27.055052999194686, -26.747735002068527 ], [ 27.055024000555289, -26.7477459980792 ], [ 27.054978997580779, -26.747761997018358 ], [ 27.054947997949832, -26.747773000223631 ], [ 27.054918002861641, -26.747784004328196 ], [ 27.054870996197653, -26.747800999716226 ], [ 27.054838999218546, -26.747810998378743 ], [ 27.054806003991995, -26.747822001583938 ], [ 27.054755997189652, -26.747836995081133 ], [ 27.054721997420337, -26.747848995634396 ], [ 27.054671997812598, -26.747866998263209 ], [ 27.054606000164892, -26.747891996718067 ], [ 27.054556000557056, -26.747912998585779 ], [ 27.054522000787838, -26.747928000176856 ], [ 27.054488998366686, -26.747940998977743 ], [ 27.054404000742192, -26.747974998747043 ], [ 27.054352996591689, -26.747996000614755 ], [ 27.054286998943898, -26.74802500644876 ], [ 27.054234997445324, -26.748048002113425 ], [ 27.054166997007421, -26.748074997063338 ], [ 27.05413199899067, -26.748086000268536 ], [ 27.054078002795688, -26.748102996555851 ], [ 27.054016002634501, -26.748123001075488 ], [ 27.053952988937397, -26.748147003081559 ], [ 27.053920001804727, -26.74816099923051 ], [ 27.053840000813473, -26.748195997247269 ], [ 27.053809997631401, -26.748210007785421 ], [ 27.053766997447099, -26.748231999806773 ], [ 27.053743002635628, -26.748246004049694 ], [ 27.053718004180677, -26.748259001951205 ], [ 27.053678999684244, -26.748278998376872 ], [ 27.053653002981854, -26.748290998930315 ], [ 27.053588002682311, -26.74832299680871 ], [ 27.053508000791684, -26.748358010113936 ], [ 27.053440001253151, -26.748389002550201 ], [ 27.053387998855118, -26.748414001904514 ], [ 27.053353000838456, -26.748432010828466 ], [ 27.053319001069145, -26.748449997269343 ], [ 27.053276998233002, -26.748476999413775 ], [ 27.053253003421442, -26.748494003795052 ], [ 27.05321699996265, -26.748519003149287 ], [ 27.053173998879068, -26.748551000128305 ], [ 27.053139001761597, -26.748579997868426 ], [ 27.053114999755525, -26.748601997084307 ], [ 27.053062998256863, -26.74864600271064 ], [ 27.052991000332437, -26.748711003909555 ], [ 27.052947999248854, -26.748756997037617 ], [ 27.052922998995253, -26.748792003148257 ], [ 27.052904998165271, -26.748826002917557 ], [ 27.052884004391352, -26.748854999758308 ], [ 27.05285600399948, -26.748894003355375 ], [ 27.052820001439969, -26.748931004162326 ], [ 27.052795001186457, -26.748953003378194 ], [ 27.052754002892986, -26.748982997567108 ], [ 27.052721997820083, -26.749006999573183 ], [ 27.052689002593532, -26.749029996137214 ], [ 27.052640001233229, -26.749063996805798 ], [ 27.052606998811989, -26.749084990579718 ], [ 27.052575999181126, -26.74910699788947 ], [ 27.052529997059814, -26.749131997243705 ], [ 27.052500002870904, -26.749145004138462 ], [ 27.052423999366169, -26.749179003907692 ], [ 27.052349997752263, -26.749215995721389 ], [ 27.05229500420921, -26.749246996251706 ], [ 27.052264003678889, -26.749264000632984 ], [ 27.052191996761305, -26.749285999848773 ], [ 27.052010002757527, -26.749304008772807 ], [ 27.05173500086773, -26.749317000379101 ], [ 27.051486002874842, -26.749313001993293 ], [ 27.050900002830971, -26.749311996551164 ], [ 27.050863002923297, -26.749317996827884 ], [ 27.050815996259317, -26.749319003169294 ], [ 27.050789998657642, -26.749317996827887 ], [ 27.050734997020619, -26.749317996827887 ], [ 27.050622998150974, -26.749317000379087 ], [ 27.050575002232623, -26.74931600213165 ], [ 27.050538998773831, -26.749313001993286 ], [ 27.050494002993926, -26.749313001993286 ], [ 27.050446997229223, -26.74931199655116 ], [ 27.050383002371813, -26.749308996412889 ], [ 27.050352001841492, -26.749306993622685 ], [ 27.050293999166826, -26.749304998926373 ], [ 27.050250998083154, -26.749298997750373 ], [ 27.050212999928135, -26.749295001163215 ], [ 27.050182997645248, -26.749291002777333 ], [ 27.050154000804593, -26.749288002639055 ], [ 27.050114997207434, -26.74928599984877 ], [ 27.050063002903283, -26.749280996920302 ], [ 27.0500260029957, -26.749276999433771 ], [ 27.049980999121921, -26.749269992815737 ], [ 27.049940998176609, -26.749260999595258 ], [ 27.049916006916259, -26.749255000217907 ], [ 27.049881000805627, -26.749242998765187 ], [ 27.049852003964876, -26.749232992908155 ], [ 27.048669998020102, -26.748886000288447 ], [ 27.047707003073821, -26.74869399862899 ], [ 27.047549002982144, -26.748610000151221 ], [ 27.04733999784068, -26.748535002088524 ], [ 27.047039995697286, -26.748479002203965 ], [ 27.046781000840522, -26.748412997361758 ], [ 27.046589000080342, -26.748296002758153 ], [ 27.046346003263544, -26.748188998723091 ], [ 27.046006998422271, -26.748108996832563 ], [ 27.045848998330683, -26.74803000128335 ], [ 27.045667003427535, -26.747980999023756 ], [ 27.045630999968747, -26.747986001952231 ], [ 27.045532997248046, -26.747859999739042 ], [ 27.045265998425084, -26.747733996626465 ], [ 27.045029999233069, -26.74766700163061 ], [ 27.044768003338756, -26.747574991092762 ], [ 27.044589998727528, -26.747559000247488 ], [ 27.044416997044859, -26.74752200033981 ], [ 27.044233996699582, -26.747472998080227 ], [ 27.043829999652829, -26.747409003222721 ], [ 27.043474987778442, -26.7473840038685 ], [ 27.043312998294301, -26.7473260020932 ], [ 27.043103003898562, -26.747236998888219 ], [ 27.042955998918281, -26.747184998288837 ], [ 27.042905002861573, -26.747187998427197 ], [ 27.042785000925093, -26.747060997966468 ], [ 27.042574999334754, -26.746917998566595 ], [ 27.042292998021427, -26.746786003271271 ], [ 27.042068002934066, -26.74675200260269 ], [ 27.041827000813495, -26.746753998198276 ], [ 27.041610000698991, -26.746719996630322 ], [ 27.041465995857074, -26.746634002556952 ], [ 27.041337998947469, -26.746607997760677 ], [ 27.041108998279704, -26.746547003940901 ], [ 27.04092599793443, -26.746490995962468 ], [ 27.040835998280745, -26.746483000989517 ], [ 27.040655998973193, -26.746452997807449 ], [ 27.040506001948433, -26.746421998176494 ], [ 27.040351999343279, -26.746369988583865 ], [ 27.040231997406799, -26.746343999975441 ], [ 27.040028003287777, -26.746301996239936 ], [ 27.039852000567379, -26.746306001820333 ], [ 27.039784998377009, -26.746297001405253 ], [ 27.039685998308244, -26.746269001013374 ], [ 27.039641001628972, -26.746265004426231 ], [ 27.03957900236707, -26.746288998338418 ], [ 27.0394469980785, -26.74633799879944 ], [ 27.039325001445704, -26.746359000667152 ], [ 27.039270997156837, -26.746389003849234 ], [ 27.039138003613996, -26.746485003779721 ], [ 27.039080999186773, -26.7465429983605 ], [ 27.038999001700546, -26.746642995777428 ], [ 27.038929996719972, -26.746722000319888 ], [ 27.038881002554181, -26.746852998267041 ], [ 27.03887999801151, -26.746894003755109 ], [ 27.03889000386863, -26.747022001563916 ], [ 27.03890199722747, -26.7471090019786 ], [ 27.038888001078341, -26.748052997847374 ], [ 27.037366990292387, -26.747953988785355 ], [ 27.027560001190992, -26.751775997763897 ], [ 27.027550003427841, -26.751799999769965 ], [ 27.024839996266746, -26.750581002011401 ], [ 27.027212003129335, -26.749248999041885 ], [ 27.029612026571733, -26.747930345608779 ], [ 27.033422728374223, -26.745836619564148 ], [ 27.032591654978873, -26.744731708001726 ], [ 27.030956075060786, -26.745423684155529 ], [ 27.030472892707806, -26.744051792655927 ], [ 27.029781812278834, -26.74208961674217 ], [ 27.030260689577187, -26.741905220649198 ], [ 27.031351999792896, -26.741485003429954 ], [ 27.032806000294684, -26.741054999788201 ], [ 27.03824499570797, -26.739459996381523 ], [ 27.039998001004992, -26.73803399627171 ], [ 27.040673003354481, -26.737468000747484 ], [ 27.041941999821507, -26.736492989060004 ], [ 27.04320799704945, -26.735629999624624 ], [ 27.044555000710783, -26.734725995708011 ], [ 27.045061970131894, -26.734382149816163 ], [ 27.045348003105914, -26.734734997022283 ], [ 27.045398999162536, -26.734839998267137 ], [ 27.04606699489398, -26.736544997753267 ], [ 27.046015000589918, -26.736649998998033 ], [ 27.046110004071444, -26.736881003355457 ], [ 27.047547000191951, -26.736271001305521 ], [ 27.048272001249988, -26.735961998747047 ], [ 27.050426999904193, -26.735032996375484 ], [ 27.050392001887442, -26.732600002887651 ], [ 27.052597998397008, -26.73137000102453 ], [ 27.052659000310662, -26.731889005173258 ], [ 27.052703996090653, -26.732065997147842 ], [ 27.05282200423018, -26.73252600217312 ], [ 27.052981000770647, -26.732808999035861 ], [ 27.053078997196017, -26.732979997928329 ], [ 27.053098002568852, -26.733218997258703 ], [ 27.053044995628149, -26.733481001247075 ], [ 27.053003998234047, -26.733691002837325 ], [ 27.053003998234047, -26.733837003274925 ], [ 27.053114002407373, -26.733981995572474 ], [ 27.053092003191502, -26.734067997739736 ], [ 27.053078997196017, -26.734129000552752 ], [ 27.053009001162607, -26.734238000183321 ], [ 27.052932000309713, -26.734364999744763 ], [ 27.052950001139784, -26.734544999951591 ], [ 27.05305500238455, -26.734669000273957 ], [ 27.053168995950514, -26.734801002763877 ], [ 27.053257000907969, -26.734848998682139 ], [ 27.053405003236406, -26.734929000572759 ], [ 27.053713997700914, -26.735272002900459 ], [ 27.053731002082191, -26.735292000225414 ], [ 27.053769000237306, -26.735392994990491 ], [ 27.053818998945768, -26.735530002207621 ], [ 27.053834434010017, -26.735584725954137 ], [ 27.059341121393729, -26.732545094780171 ], [ 27.070509998835632, -26.726379998438034 ], [ 27.07118299120032, -26.726326001343779 ], [ 27.074415999996656, -26.726330996178365 ] ] ] } },
{ "type": "Feature", "properties": { "Municipali": "JB Marks Local Municipality", "WardNo": "5", "WardLabel": "NW405_5", "Province": "North West", "CLASSIFICATION": "Service centre", "PopGBlack": 141.83035309, "PopGColour": 47.521631093000003, "PopGIndian": 2.117338947, "PopGWhite": 1948.9641182, "PopGOther": 10.922058, "PopGTotal": 2151.3554992999998 }, "geometry": { "type": "Polygon", "coordinates": [ [ [ 27.103455104367988, -26.718335798358243 ], [ 27.103238027811077, -26.721139695640236 ], [ 27.102984773327023, -26.72372651816416 ], [ 27.10289432491151, -26.724576731830556 ], [ 27.102775627891297, -26.724922932147418 ], [ 27.102249621621105, -26.726457117102139 ], [ 27.103183759121531, -26.727036926213085 ], [ 27.103251975396738, -26.727067240560558 ], [ 27.103238027811074, -26.727199733180996 ], [ 27.103274206637675, -26.727416808838534 ], [ 27.103274206637675, -26.727814782226282 ], [ 27.103057130980226, -26.727995678157857 ], [ 27.10274960690726, -26.728267023404303 ], [ 27.102695568444133, -26.728451886245431 ], [ 27.10271316637791, -26.728504679147477 ], [ 27.102949117905826, -26.728688198401496 ], [ 27.102936009387733, -26.728884825274317 ], [ 27.10260829823272, -26.728937258447587 ], [ 27.102424779878071, -26.729081451247783 ], [ 27.102490321569437, -26.729317402775784 ], [ 27.10255586416017, -26.729514029648616 ], [ 27.102686949341635, -26.729828633184724 ], [ 27.102844249760725, -26.730156344339651 ], [ 27.102828000810007, -26.730391997292703 ], [ 27.102729998089313, -26.730529002711183 ], [ 27.102542002909441, -26.730666000935067 ], [ 27.102453000603827, -26.730845002894451 ], [ 27.10230799931303, -26.730995998166648 ], [ 27.102137000420562, -26.73131000365359 ], [ 27.102125997215371, -26.731680998279277 ], [ 27.102121998829567, -26.732105997193834 ], [ 27.102128000005571, -26.73229901059074 ], [ 27.102326001042471, -26.732907001756601 ], [ 27.102403001895365, -26.733133993339024 ], [ 27.102477999958062, -26.733273998895768 ], [ 27.102834999334164, -26.73361299744171 ], [ 27.102996996912271, -26.733905002813501 ], [ 27.103194997949174, -26.734280003019592 ], [ 27.103219998202686, -26.734672000412367 ], [ 27.103200000877735, -26.734755998890137 ], [ 27.10310499919477, -26.735130001748068 ], [ 27.10296899741968, -26.73517600297 ], [ 27.102937996889448, -26.735431998587778 ], [ 27.102902999771981, -26.735759002875515 ], [ 27.102869997350915, -26.736001999692405 ], [ 27.102993006620352, -26.736163998169886 ], [ 27.103086996566049, -26.736287997592878 ], [ 27.103269996911237, -26.736357004372106 ], [ 27.103432002583226, -26.736836996829798 ], [ 27.103550999977031, -26.73694600365496 ], [ 27.103882000852096, -26.737297001854976 ], [ 27.104010931257829, -26.737555208905647 ], [ 27.104074231838695, -26.73769332228887 ], [ 27.098994996720126, -26.73808700321246 ], [ 27.098829000756126, -26.738063998554544 ], [ 27.098735002716552, -26.737186000333487 ], [ 27.097644002766877, -26.737281993069374 ], [ 27.097266991676705, -26.737233996251746 ], [ 27.095124999017809, -26.737114002409154 ], [ 27.09537099597306, -26.734296001958736 ], [ 27.093379001238198, -26.734153992712418 ], [ 27.093283997756672, -26.734201996724643 ], [ 27.092762998012255, -26.734176000022256 ], [ 27.092864001770593, -26.733012003001352 ], [ 27.093000999994469, -26.731624009140528 ], [ 27.093078001746733, -26.730706001880367 ], [ 27.093637996094962, -26.730740999897126 ], [ 27.093726999299861, -26.729711001861101 ], [ 27.091748998915474, -26.729578001123652 ], [ 27.089606000814623, -26.729433997181019 ], [ 27.089786001021452, -26.727606001915369 ], [ 27.089777997055251, -26.72733700030221 ], [ 27.090053997192577, -26.724054997340097 ], [ 27.090350999197529, -26.720519999798029 ], [ 27.09248900066514, -26.720641997330194 ], [ 27.096519998597405, -26.720901997628914 ], [ 27.096740997097708, -26.720916999219998 ], [ 27.097025997650022, -26.720935000949432 ], [ 27.097528483950772, -26.720955852630347 ], [ 27.09776287155761, -26.718315542927833 ], [ 27.098707317087396, -26.718370692952913 ], [ 27.098783147922337, -26.717384884904387 ], [ 27.103441223332201, -26.717725045374404 ], [ 27.103455104367988, -26.718335798358243 ] ] ] } },
{ "type": "Feature", "properties": { "Municipali": "JB Marks Local Municipality", "WardNo": "6", "WardLabel": "NW405_6", "Province": "North West", "CLASSIFICATION": "Service centre", "PopGBlack": 3988.6962222000002, "PopGColour": 71.917733243000001, "PopGIndian": 2.666278674, "PopGWhite": 167.77836237, "PopGOther": 6.3957404, "PopGTotal": 4237.4543368000004 }, "geometry": { "type": "Polygon", "coordinates": [ [ [ 27.080856955282531, -26.71367470302496 ], [ 27.08072903661407, -26.715648295832011 ], [ 27.0797392103945, -26.717022752198062 ], [ 27.078778500625603, -26.718400051321172 ], [ 27.077651811979749, -26.719835670579574 ], [ 27.070946195208968, -26.723524668928146 ], [ 27.069692300157797, -26.724142531052799 ], [ 27.068419816119825, -26.724107667934366 ], [ 27.068365713804841, -26.724106185851635 ], [ 27.068692817018071, -26.720035568286661 ], [ 27.063731751917008, -26.719781153677186 ], [ 27.062947004398925, -26.719906990415112 ], [ 27.061953000828531, -26.719912001437542 ], [ 27.060811646038822, -26.719917654575951 ], [ 27.059128002753312, -26.719925995787847 ], [ 27.058776100734587, -26.719959614244662 ], [ 27.058406999181798, -26.718888002778968 ], [ 27.05844300174131, -26.718042999784462 ], [ 27.059101000608795, -26.717023000410965 ], [ 27.059578000122727, -26.717252000179446 ], [ 27.059605862123433, -26.717265845931717 ], [ 27.059744943072772, -26.717051264304235 ], [ 27.059960940443162, -26.716687995754235 ], [ 27.060029666633945, -26.716354181799893 ], [ 27.060078757027206, -26.715254560049701 ], [ 27.060078757027206, -26.714881961932811 ], [ 27.061736998062191, -26.714995001318037 ], [ 27.06186099838456, -26.713748999616488 ], [ 27.06347400441997, -26.713852996318582 ], [ 27.063599999438662, -26.712201002873787 ], [ 27.0637679972934, -26.711784997179723 ], [ 27.063871002942655, -26.710503001012544 ], [ 27.06388527608275, -26.71032497391823 ], [ 27.064001822824071, -26.708659659715337 ], [ 27.065616151762164, -26.707583441022862 ], [ 27.066494120305638, -26.707455993599051 ], [ 27.067032229651875, -26.70586998611077 ], [ 27.069609490583677, -26.702995348156609 ], [ 27.069484617918931, -26.702815326366071 ], [ 27.071590028854935, -26.701571116113914 ], [ 27.070604421355231, -26.700139194867806 ], [ 27.070753191704689, -26.698670080359715 ], [ 27.069711793862414, -26.697070790784188 ], [ 27.069767584204893, -26.696884828072204 ], [ 27.07173880010377, -26.695583080994243 ], [ 27.07173880010377, -26.695248346134154 ], [ 27.071627222116831, -26.69506238162343 ], [ 27.072538444891585, -26.69443010516504 ], [ 27.074061013303382, -26.693923821926685 ], [ 27.076647178422789, -26.693521564168652 ], [ 27.076743649598015, -26.694229024849442 ], [ 27.076743649598015, -26.695788482552235 ], [ 27.078179992810657, -26.695870559178797 ], [ 27.078931267562226, -26.69596255173024 ], [ 27.078932998757143, -26.69600200498833 ], [ 27.078867210651513, -26.697726171725268 ], [ 27.078733914936425, -26.699018571249908 ], [ 27.078642899948079, -26.699901020215723 ], [ 27.078271027584147, -26.703751947793961 ], [ 27.077881988061506, -26.707324426381049 ], [ 27.077713824731486, -26.708868637877146 ], [ 27.079658563689989, -26.709608672002421 ], [ 27.081843750786692, -26.710440203152661 ], [ 27.081302027964533, -26.712146631661557 ], [ 27.081112790820974, -26.712742729293353 ], [ 27.080856955282531, -26.71367470302496 ] ] ] } },
{ "type": "Feature", "properties": { "Municipali": "JB Marks Local Municipality", "WardNo": "7", "WardLabel": "NW405_7", "Province": "North West", "CLASSIFICATION": "Service centre", "PopGBlack": 477.11814213999997, "PopGColour": 132.79775045, "PopGIndian": 6.744116646, "PopGWhite": 1795.571867, "PopGOther": 9.9679703, "PopGTotal": 2422.1998465000001 }, "geometry": { "type": "Polygon", "coordinates": [ [ [ 27.094742428318707, -26.69125489939395 ], [ 27.094563858033922, -26.693362025337013 ], [ 27.093114757938086, -26.693282623294287 ], [ 27.09292260069579, -26.693264748369273 ], [ 27.092342045147618, -26.700162674367768 ], [ 27.09056600371644, -26.700053996694415 ], [ 27.088800998765347, -26.699913000984015 ], [ 27.086051996101073, -26.69976599600373 ], [ 27.084391999589432, -26.704349001405134 ], [ 27.084241003417869, -26.704318596226056 ], [ 27.084044570798632, -26.704305501197791 ], [ 27.078537906797195, -26.703886445003238 ], [ 27.078271027584147, -26.703751947793961 ], [ 27.078642899948079, -26.699901020215723 ], [ 27.078733914936425, -26.699018571249908 ], [ 27.078867210651513, -26.697726171725268 ], [ 27.078932998757143, -26.69600200498833 ], [ 27.078931267562226, -26.69596255173024 ], [ 27.078867928310515, -26.695954795976878 ], [ 27.078919643824786, -26.695601402882261 ], [ 27.078169579560665, -26.692476135565055 ], [ 27.077572307414343, -26.68976757091648 ], [ 27.077461920129785, -26.689525771996582 ], [ 27.077568998808509, -26.689512008772063 ], [ 27.077711998208382, -26.689488996020174 ], [ 27.078059996270046, -26.689425001162679 ], [ 27.079539003320658, -26.689152002063089 ], [ 27.080876999372308, -26.68896199599914 ], [ 27.081316998978572, -26.688898999389171 ], [ 27.081427011245871, -26.688911997290671 ], [ 27.082150990674016, -26.688991000933779 ], [ 27.083447995626795, -26.6893820000791 ], [ 27.083839002866004, -26.689667997979576 ], [ 27.084184000789303, -26.689915997724935 ], [ 27.085247998594546, -26.690585997145853 ], [ 27.085950003987744, -26.690658004063533 ], [ 27.086611999442468, -26.690724999059306 ], [ 27.089076998003396, -26.690894003255448 ], [ 27.089318998371404, -26.690910001295414 ], [ 27.089348999754829, -26.69091100673737 ], [ 27.093100569334105, -26.691150212012509 ], [ 27.093142216038768, -26.691152866811208 ], [ 27.094742428318707, -26.69125489939395 ] ] ] } },
{ "type": "Feature", "properties": { "Municipali": "JB Marks Local Municipality", "WardNo": "8", "WardLabel": "NW405_8", "Province": "North West", "CLASSIFICATION": "Service centre", "PopGBlack": 4788.8178636000002, "PopGColour": 28.805182999, "PopGIndian": 2.666278674, "PopGWhite": 8.738083692, "PopGOther": 1.5989351, "PopGTotal": 4830.626344 }, "geometry": { "type": "Polygon", "coordinates": [ [ [ 27.060078757027206, -26.715254560049701 ], [ 27.060029666633945, -26.716354181799893 ], [ 27.059960940443162, -26.716687995754235 ], [ 27.059744943072772, -26.717051264304235 ], [ 27.059605862019076, -26.717265846141682 ], [ 27.059578000122727, -26.717252000179446 ], [ 27.059101000608795, -26.717023000410965 ], [ 27.05844300174131, -26.718042999784462 ], [ 27.058406999181798, -26.718888002778968 ], [ 27.058776100734587, -26.719959614244662 ], [ 27.059128002753312, -26.719925995787847 ], [ 27.060811646038822, -26.719917654575951 ], [ 27.061953000828531, -26.719912001437542 ], [ 27.062947004398925, -26.719906990415112 ], [ 27.062257997806515, -26.721217008557872 ], [ 27.061379002237288, -26.722888001080175 ], [ 27.060323996753151, -26.724890999919587 ], [ 27.059700995902418, -26.726053001344802 ], [ 27.058776997358692, -26.727774998017615 ], [ 27.058558001648588, -26.728043999630682 ], [ 27.057721990975185, -26.726965996683244 ], [ 27.057560000591678, -26.726812003071242 ], [ 27.056381003778426, -26.725684002314711 ], [ 27.055619999261687, -26.724956997567205 ], [ 27.053853996962527, -26.725927995580392 ], [ 27.053275002637417, -26.725845999892819 ], [ 27.053678999684255, -26.72358999658092 ], [ 27.053743999983709, -26.721975004842363 ], [ 27.053784000929024, -26.720928003324524 ], [ 27.053890000421323, -26.720377997746201 ], [ 27.053890996870113, -26.720135999176836 ], [ 27.05390800125139, -26.719977990091994 ], [ 27.053942923725103, -26.719921665552199 ], [ 27.05445300300179, -26.719099001717378 ], [ 27.054853999910272, -26.718474997223165 ], [ 27.055019901445448, -26.718216145358685 ], [ 27.055276996933994, -26.717815003659275 ], [ 27.056155003248939, -26.716446000782078 ], [ 27.056691624217226, -26.715578738667695 ], [ 27.056823419863093, -26.715377906564925 ], [ 27.05771461563512, -26.715810951713816 ], [ 27.058907060910272, -26.715873712701512 ], [ 27.058937996689366, -26.715385999564077 ], [ 27.058977997634589, -26.714811003624689 ], [ 27.059528387223434, -26.714844444015675 ], [ 27.060078757027206, -26.714881961932811 ], [ 27.060078757027206, -26.715254560049701 ] ] ] } },
{ "type": "Feature", "properties": { "Municipali": "JB Marks Local Municipality", "WardNo": "9", "WardLabel": "NW405_9", "Province": "North West", "CLASSIFICATION": "Service centre", "PopGBlack": 11537.220729000002, "PopGColour": 227.53151729000001, "PopGIndian": 16.860291615000001, "PopGWhite": 6.665696685, "PopGOther": 24.0746189, "PopGTotal": 11812.352854000001 }, "geometry": { "type": "Polygon", "coordinates": [ [ [ 27.041377998993521, -26.70994036805336 ], [ 27.041989308657747, -26.709954922681355 ], [ 27.042444605732012, -26.709858052207135 ], [ 27.04267339505914, -26.709809372804141 ], [ 27.044711097836956, -26.709168952085282 ], [ 27.046745837348606, -26.708442376314451 ], [ 27.046926921238533, -26.708378995693877 ], [ 27.04788353999146, -26.708109387937665 ], [ 27.048496186048283, -26.708091884432704 ], [ 27.049371394572255, -26.708126892341998 ], [ 27.050515211705804, -26.70838179978 ], [ 27.049790493034944, -26.709755036665445 ], [ 27.047463439684112, -26.713868261410962 ], [ 27.046588231160055, -26.715408629204724 ], [ 27.047488998416668, -26.715785001776229 ], [ 27.0483169970299, -26.716189997070511 ], [ 27.048266000973275, -26.716331999122314 ], [ 27.04927000230682, -26.71679099780609 ], [ 27.048929999218199, -26.717383996374121 ], [ 27.048510003232209, -26.718119003289182 ], [ 27.0481908599183, -26.718620628938648 ], [ 27.047421753409235, -26.720025083990276 ], [ 27.047522071884188, -26.720098651231645 ], [ 27.048430001341583, -26.720239994080277 ], [ 27.048240004270887, -26.72109999866586 ], [ 27.048049998206935, -26.722239992781233 ], [ 27.047307961291462, -26.72213185919772 ], [ 27.046639442154611, -26.722054123598703 ], [ 27.045380137681278, -26.721385605361228 ], [ 27.045069298707251, -26.721920937601006 ], [ 27.045063001654327, -26.721918000415126 ], [ 27.044022000413026, -26.721431997788272 ], [ 27.043377997694492, -26.721130999196085 ], [ 27.041408998624373, -26.724530003956318 ], [ 27.041513999869231, -26.724618000819888 ], [ 27.043072004267625, -26.72522999666678 ], [ 27.041154998602291, -26.728540997368924 ], [ 27.041100973629081, -26.728634863208114 ], [ 27.035770626211463, -26.727439422291269 ], [ 27.035729998438676, -26.727485001731235 ], [ 27.032530996606244, -26.729962001744774 ], [ 27.033064669596843, -26.730805290631498 ], [ 27.028483399887005, -26.731726498578833 ], [ 27.028483399887005, -26.731335250321308 ], [ 27.028593771883081, -26.730948949234453 ], [ 27.028851306240743, -26.730397089254073 ], [ 27.02892488787122, -26.730084368898332 ], [ 27.028961678236822, -26.729716463443879 ], [ 27.029072050232902, -26.729440532554275 ], [ 27.029256002960082, -26.729017441101821 ], [ 27.029605513681517, -26.728520768018807 ], [ 27.029734281309988, -26.727913722939803 ], [ 27.029807862041189, -26.727453840222292 ], [ 27.030047000766455, -26.726828400410081 ], [ 27.030194164027414, -26.72638691242587 ], [ 27.030267744758522, -26.726092586803251 ], [ 27.030286140391006, -26.72572468134878 ], [ 27.029936629669749, -26.72509924063721 ], [ 27.02975671309984, -26.724595955738565 ], [ 27.029870998046146, -26.724392000290386 ], [ 27.030563003877546, -26.722940002578902 ], [ 27.030468998643368, -26.722903001771947 ], [ 27.029585996594463, -26.722557995754688 ], [ 27.028189002318552, -26.722014000345609 ], [ 27.027223995588912, -26.721636997349314 ], [ 27.029128003352643, -26.717803003105907 ], [ 27.02942000063047, -26.717475000570634 ], [ 27.029234999293816, -26.717398997065903 ], [ 27.030607999657452, -26.713914995580367 ], [ 27.030710998112021, -26.713588996734583 ], [ 27.03100141258307, -26.71390202375915 ], [ 27.03100141258307, -26.712649646763623 ], [ 27.030846240859333, -26.709857616035944 ], [ 27.030980997073346, -26.709818000000514 ], [ 27.031494000945351, -26.709700998202305 ], [ 27.032161000228008, -26.709560999840065 ], [ 27.033435339567308, -26.709102753888747 ], [ 27.03661085110798, -26.707934345693314 ], [ 27.039368327184544, -26.708776481649128 ], [ 27.040214661175703, -26.709321591318179 ], [ 27.040926792935135, -26.709780262648788 ], [ 27.041377998993521, -26.70994036805336 ] ] ] } },
{ "type": "Feature", "properties": { "Municipali": "JB Marks Local Municipality", "WardNo": "10", "WardLabel": "NW405_10", "Province": "North West", "CLASSIFICATION": "Service centre", "PopGBlack": 3645.1077254000002, "PopGColour": 23.626499574, "PopGIndian": 2.038918986, "PopGWhite": 2.744698635, "PopGOther": 3.1978702, "PopGTotal": 3676.7157128 }, "geometry": { "type": "Polygon", "coordinates": [ [ [ 27.051404996441562, -26.718157001444293 ], [ 27.05134085319591, -26.718560438213444 ], [ 27.051260597696597, -26.719062028789452 ], [ 27.052590451286342, -26.719256698737524 ], [ 27.053942923725103, -26.719921665552199 ], [ 27.05390800125139, -26.719977990091994 ], [ 27.053890996870113, -26.720135999176836 ], [ 27.053890000421323, -26.720377997746201 ], [ 27.053784000929024, -26.720928003324524 ], [ 27.05233300236425, -26.720844003048182 ], [ 27.052272996000017, -26.720839998367062 ], [ 27.051852002665864, -26.720788004062911 ], [ 27.05162900227473, -26.722742998890091 ], [ 27.051568996809866, -26.723272001701343 ], [ 27.051502999162164, -26.723263998634415 ], [ 27.051447000176982, -26.723256992915662 ], [ 27.050613000387745, -26.723164997666288 ], [ 27.049778003250356, -26.72307100142535 ], [ 27.049463996864034, -26.725042999734448 ], [ 27.049425002260133, -26.725277004230133 ], [ 27.049131997741529, -26.726964002886284 ], [ 27.047127570778883, -26.726682292053933 ], [ 27.047191996411627, -26.726245002104967 ], [ 27.047134999178915, -26.726183999291948 ], [ 27.047202999616818, -26.725780002245116 ], [ 27.046192998006553, -26.725631001669228 ], [ 27.046075988114378, -26.725601996734596 ], [ 27.046049998606676, -26.725647998855816 ], [ 27.046002002688326, -26.725694000077851 ], [ 27.043488938062133, -26.724506464201731 ], [ 27.043451999308392, -26.724569995908375 ], [ 27.043072004267625, -26.72522999666678 ], [ 27.041513999869231, -26.724618000819888 ], [ 27.041408998624373, -26.724530003956318 ], [ 27.043377997694492, -26.721130999196085 ], [ 27.044022000413026, -26.721431997788272 ], [ 27.045063001654327, -26.721918000415126 ], [ 27.045069298554306, -26.721920937928829 ], [ 27.045380137681278, -26.721385605361228 ], [ 27.046639442154611, -26.722054123598703 ], [ 27.047307961291462, -26.72213185919772 ], [ 27.048049998206935, -26.722239992781233 ], [ 27.048240004270887, -26.72109999866586 ], [ 27.048430001341583, -26.720239994080277 ], [ 27.047522071884188, -26.720098651231645 ], [ 27.047421753409235, -26.720025083990276 ], [ 27.0481908599183, -26.718620628938648 ], [ 27.048510003232209, -26.718119003289182 ], [ 27.048852959694372, -26.718252795430008 ], [ 27.049778999699146, -26.718396990028857 ], [ 27.050009995962689, -26.718430001443259 ], [ 27.050330001726266, -26.718470002388482 ], [ 27.050489998312912, -26.718489997914869 ], [ 27.050690001240643, -26.718529998860184 ], [ 27.050860002785043, -26.718550003379729 ], [ 27.050920000156026, -26.718210001190485 ], [ 27.050938000986097, -26.718098998769634 ], [ 27.051404996441562, -26.718157001444293 ] ] ] } },
{ "type": "Feature", "properties": { "Municipali": "JB Marks Local Municipality", "WardNo": "11", "WardLabel": "NW405_11", "Province": "North West", "CLASSIFICATION": "Service centre", "PopGBlack": 2941.2617922, "PopGColour": 124.24753194, "PopGIndian": 3.13679844, "PopGWhite": 120.74626762, "PopGOther": 34.6255908, "PopGTotal": 3224.017981 }, "geometry": { "type": "Polygon", "coordinates": [ [ [ 27.068657205663694, -26.67678575196075 ], [ 27.070559196248109, -26.677477384573447 ], [ 27.071510190641042, -26.677477384573443 ], [ 27.072979911292094, -26.677131569166381 ], [ 27.073709796568142, -26.676928823306373 ], [ 27.074712635078335, -26.679041597891253 ], [ 27.075389645613882, -26.680600775005608 ], [ 27.076005110146021, -26.683144695371258 ], [ 27.077568998808509, -26.689512008772063 ], [ 27.07746192011664, -26.689525771894438 ], [ 27.077572307414343, -26.68976757091648 ], [ 27.078169579560665, -26.692476135565055 ], [ 27.078919643824786, -26.695601402882261 ], [ 27.078867928310515, -26.695954795976878 ], [ 27.078179992810657, -26.695870559178797 ], [ 27.076743649598015, -26.695788482552235 ], [ 27.076743649598015, -26.694229024849442 ], [ 27.076647178422789, -26.693521564168652 ], [ 27.074061013303382, -26.693923821926685 ], [ 27.072538444891585, -26.69443010516504 ], [ 27.071627222116831, -26.69506238162343 ], [ 27.07173880010377, -26.695248346134154 ], [ 27.07173880010377, -26.695583080994243 ], [ 27.069767584204893, -26.696884828072204 ], [ 27.069711793862414, -26.697070790784188 ], [ 27.070753191704689, -26.698670080359715 ], [ 27.070604421355231, -26.700139194867806 ], [ 27.071590028854935, -26.701571116113914 ], [ 27.069484617918931, -26.702815326366071 ], [ 27.069609490583677, -26.702995348156609 ], [ 27.067032229651875, -26.70586998611077 ], [ 27.066494120305638, -26.707455993599051 ], [ 27.065616151762164, -26.707583441022862 ], [ 27.064001822824071, -26.708659659715337 ], [ 27.06388527608275, -26.71032497391823 ], [ 27.063871002942655, -26.710503001012544 ], [ 27.0637679972934, -26.711784997179723 ], [ 27.063599999438662, -26.712201002873787 ], [ 27.06347400441997, -26.713852996318582 ], [ 27.06186099838456, -26.713748999616488 ], [ 27.061736998062191, -26.714995001318037 ], [ 27.059528387223434, -26.714844444015675 ], [ 27.058977997634589, -26.714811003624689 ], [ 27.058937996689366, -26.715385999564077 ], [ 27.058907060910272, -26.715873712701512 ], [ 27.05771461563512, -26.715810951713816 ], [ 27.056823419863093, -26.715377906564925 ], [ 27.056691624217226, -26.715578738667695 ], [ 27.056095400680281, -26.715221006344198 ], [ 27.053661996202262, -26.714899001387629 ], [ 27.053534782602252, -26.71483189217788 ], [ 27.053170773910168, -26.714756580251851 ], [ 27.053199995581476, -26.714561001089127 ], [ 27.053220982160706, -26.714392570660404 ], [ 27.052649864098083, -26.714116424832948 ], [ 27.05306408104061, -26.713400959286684 ], [ 27.053522230764461, -26.713614343227157 ], [ 27.053490850720298, -26.713846556273364 ], [ 27.05435612077493, -26.713972753161514 ], [ 27.054427740146163, -26.713537066282402 ], [ 27.054899651296058, -26.713525555859562 ], [ 27.056223304060349, -26.713698205907246 ], [ 27.057342033717887, -26.713943987027061 ], [ 27.057359996764582, -26.71383000694906 ], [ 27.057727168372285, -26.711687604199366 ], [ 27.057789927561238, -26.71138635469633 ], [ 27.05794700494852, -26.710159028316344 ], [ 27.05243462575547, -26.708809555116662 ], [ 27.054187548314857, -26.698111777636271 ], [ 27.054868999702716, -26.693952998631808 ], [ 27.056480000249916, -26.685257997858116 ], [ 27.058345999966097, -26.677551998625706 ], [ 27.059032000124912, -26.674455997046511 ], [ 27.061481515957404, -26.674970215902551 ], [ 27.063815777374376, -26.675834756668458 ], [ 27.066150036992788, -26.676180573874177 ], [ 27.068657205663694, -26.67678575196075 ] ] ] } },
{ "type": "Feature", "properties": { "Municipali": "JB Marks Local Municipality", "WardNo": "12", "WardLabel": "NW405_12", "Province": "North West", "CLASSIFICATION": "Service centre", "PopGBlack": 5911.7708155, "PopGColour": 25.725436718000001, "PopGIndian": 1.725239142, "PopGWhite": 15.582604401, "PopGOther": 6.1650072, "PopGTotal": 5960.969103 }, "geometry": { "type": "Polygon", "coordinates": [ [ [ 27.082049532757974, -26.720726119015012 ], [ 27.070509998835632, -26.726379998438034 ], [ 27.059341121393729, -26.732545094780171 ], [ 27.053834434010017, -26.735584725954137 ], [ 27.053818998945768, -26.735530002207621 ], [ 27.053769000237306, -26.735392994990491 ], [ 27.053731002082191, -26.735292000225414 ], [ 27.053713997700914, -26.735272002900459 ], [ 27.053405003236406, -26.734929000572759 ], [ 27.053257000907969, -26.734848998682139 ], [ 27.053168995950514, -26.734801002763877 ], [ 27.05305500238455, -26.734669000273957 ], [ 27.052950001139784, -26.734544999951591 ], [ 27.052932000309713, -26.734364999744763 ], [ 27.053009001162607, -26.734238000183321 ], [ 27.053078997196017, -26.734129000552752 ], [ 27.053092003191502, -26.734067997739736 ], [ 27.053114002407373, -26.733981995572474 ], [ 27.053003998234047, -26.733837003274925 ], [ 27.053003998234047, -26.733691002837325 ], [ 27.053044995628149, -26.733481001247075 ], [ 27.053098002568852, -26.733218997258703 ], [ 27.053078997196017, -26.732979997928329 ], [ 27.052981000770647, -26.732808999035861 ], [ 27.05282200423018, -26.73252600217312 ], [ 27.052703996090653, -26.732065997147842 ], [ 27.052659000310662, -26.731889005173258 ], [ 27.052597998397008, -26.73137000102453 ], [ 27.052764000656236, -26.73127700123241 ], [ 27.053002002638443, -26.731143999595766 ], [ 27.05092399764245, -26.730700001603616 ], [ 27.050393996583761, -26.729330001378251 ], [ 27.051027004190988, -26.725505000355312 ], [ 27.051828000659789, -26.725647000608387 ], [ 27.053275002637417, -26.725845999892819 ], [ 27.053853996962527, -26.725927995580392 ], [ 27.055619999261687, -26.724956997567205 ], [ 27.056381003778426, -26.725684002314711 ], [ 27.057560000591678, -26.726812003071242 ], [ 27.057721990975185, -26.726965996683244 ], [ 27.058558001648588, -26.728043999630682 ], [ 27.058776997358692, -26.727774998017615 ], [ 27.059700995902418, -26.726053001344802 ], [ 27.060323996753151, -26.724890999919587 ], [ 27.061379002237288, -26.722888001080175 ], [ 27.062257997806515, -26.721217008557872 ], [ 27.062947004398925, -26.719906990415112 ], [ 27.063731751917008, -26.719781153677186 ], [ 27.068692817018071, -26.720035568286661 ], [ 27.068365713804841, -26.724106185851635 ], [ 27.068419816119825, -26.724107667934366 ], [ 27.069692300157797, -26.724142531052799 ], [ 27.070946195208968, -26.723524668928146 ], [ 27.077651811979749, -26.719835670579574 ], [ 27.078778500625603, -26.718400051321172 ], [ 27.0797392103945, -26.717022752198062 ], [ 27.08072903661407, -26.715648295832011 ], [ 27.080856955282531, -26.71367470302496 ], [ 27.081112790820974, -26.712742729293353 ], [ 27.081302027964533, -26.712146631661557 ], [ 27.081843750786692, -26.710440203152661 ], [ 27.079658563689989, -26.709608672002421 ], [ 27.077713824731486, -26.708868637877146 ], [ 27.077881988061506, -26.707324426381049 ], [ 27.078271027584147, -26.703751947793961 ], [ 27.078537906797195, -26.703886445003238 ], [ 27.084044570798632, -26.704305501197791 ], [ 27.084241003417869, -26.704318596226056 ], [ 27.084391999589432, -26.704349001405134 ], [ 27.083644001967365, -26.706379999737052 ], [ 27.083208997195783, -26.707558001000791 ], [ 27.083198999432543, -26.707632001715325 ], [ 27.083161997726311, -26.707881988962491 ], [ 27.083160003029988, -26.707911001991004 ], [ 27.08315599834896, -26.707936998693395 ], [ 27.083155998348957, -26.708388003303497 ], [ 27.083196028072496, -26.708722445883971 ], [ 27.083305671617762, -26.708960008097691 ], [ 27.083744249395856, -26.710019901397136 ], [ 27.083890441389034, -26.710239189386943 ], [ 27.084339998090769, -26.711079999742065 ], [ 27.086681669921443, -26.715143760875712 ], [ 27.08690999789637, -26.715540003068547 ], [ 27.087179763033976, -26.716196517155371 ], [ 27.087143214585975, -26.716945751345175 ], [ 27.087051845264707, -26.717603616213793 ], [ 27.086229514178992, -26.718590411717955 ], [ 27.08485896266928, -26.719339646807118 ], [ 27.083269921767741, -26.720123849335991 ], [ 27.082049532757974, -26.720726119015012 ] ] ] } },
{ "type": "Feature", "properties": { "Municipali": "JB Marks Local Municipality", "WardNo": "13", "WardLabel": "NW405_13", "Province": "North West", "CLASSIFICATION": "Service centre", "PopGBlack": 4170.5903453000001, "PopGColour": 3345.2477484000001, "PopGIndian": 6.064580979, "PopGWhite": 13.510217394, "PopGOther": 28.9970613, "PopGTotal": 7564.4099533 }, "geometry": { "type": "Polygon", "coordinates": [ [ [ 27.029130745385569, -26.691481185907765 ], [ 27.031661177719208, -26.69165503295315 ], [ 27.031777059861405, -26.690708758202415 ], [ 27.032656999718743, -26.690751003855535 ], [ 27.035800001666797, -26.690904001018659 ], [ 27.036931999909946, -26.690959002655671 ], [ 27.037679001083134, -26.693923999992393 ], [ 27.038150009313508, -26.695789999708474 ], [ 27.038208003894294, -26.695962004043071 ], [ 27.03835299799049, -26.696388001205147 ], [ 27.038726002600978, -26.696856998551439 ], [ 27.039257998355986, -26.697522003137681 ], [ 27.040450484999909, -26.699023229738049 ], [ 27.04125099943208, -26.700031000130338 ], [ 27.038516001010635, -26.700604002272694 ], [ 27.038115993356435, -26.700664996092467 ], [ 27.036287000742526, -26.70099700330886 ], [ 27.035710999361175, -26.701141997405053 ], [ 27.034513999919206, -26.701439995858873 ], [ 27.034644001417572, -26.702216001966693 ], [ 27.034513999919206, -26.703230999310996 ], [ 27.032151001565488, -26.703618997418587 ], [ 27.031503999607875, -26.70354499580468 ], [ 27.0314309962415, -26.703986999999803 ], [ 27.031126996611583, -26.704160999030627 ], [ 27.030924998088167, -26.704353997139055 ], [ 27.029510001183617, -26.705189002370322 ], [ 27.029289003582686, -26.705059000871959 ], [ 27.027821997085422, -26.704808000988237 ], [ 27.02567100401162, -26.702158996640176 ], [ 27.025651996840139, -26.702133997285941 ], [ 27.0232059973569, -26.69917599937266 ], [ 27.024457998435807, -26.694401001304964 ], [ 27.024609998250771, -26.693821000638444 ], [ 27.025501003366596, -26.690408000628544 ], [ 27.029318790028096, -26.690590804022211 ], [ 27.029130745385569, -26.691481185907765 ] ] ] } },
{ "type": "Feature", "properties": { "Municipali": "JB Marks Local Municipality", "WardNo": "14", "WardLabel": "NW405_14", "Province": "North West", "CLASSIFICATION": "Service centre", "PopGBlack": 4976.2840865999997, "PopGColour": 28.577825715, "PopGIndian": 1.176299415, "PopGWhite": 2.274178869, "PopGOther": 1.3682019, "PopGTotal": 5009.6805925 }, "geometry": { "type": "Polygon", "coordinates": [ [ [ 27.057727168372285, -26.711687604199366 ], [ 27.057359996764582, -26.71383000694906 ], [ 27.057342033705986, -26.713943987025193 ], [ 27.056223304060349, -26.713698205907246 ], [ 27.054899651296058, -26.713525555859562 ], [ 27.054427740146163, -26.713537066282402 ], [ 27.054356120836392, -26.713972752740158 ], [ 27.053490850720298, -26.713846556273364 ], [ 27.053522230764461, -26.713614343227157 ], [ 27.05306408104061, -26.713400959286684 ], [ 27.052649864098083, -26.714116424832948 ], [ 27.053220982160706, -26.714392570660404 ], [ 27.053199995581476, -26.714561001089127 ], [ 27.053170773910168, -26.714756580251851 ], [ 27.053534782602252, -26.71483189217788 ], [ 27.053661996202262, -26.714899001387629 ], [ 27.056095400680281, -26.715221006344198 ], [ 27.056691624217226, -26.715578738667695 ], [ 27.056155003248939, -26.716446000782078 ], [ 27.055276996933994, -26.717815003659275 ], [ 27.055019901445448, -26.718216145358685 ], [ 27.054853999910272, -26.718474997223165 ], [ 27.05445300300179, -26.719099001717378 ], [ 27.053942923725103, -26.719921665552199 ], [ 27.052590451286342, -26.719256698737524 ], [ 27.051260597696597, -26.719062028789452 ], [ 27.05134085319591, -26.718560438213444 ], [ 27.051404996441562, -26.718157001444293 ], [ 27.050938000986097, -26.718098998769634 ], [ 27.050920000156026, -26.718210001190485 ], [ 27.050860002785043, -26.718550003379729 ], [ 27.050690001240643, -26.718529998860184 ], [ 27.050489998312912, -26.718489997914869 ], [ 27.050330001726266, -26.718470002388482 ], [ 27.050009995962689, -26.718430001443259 ], [ 27.049778999699146, -26.718396990028857 ], [ 27.048852959694372, -26.718252795430008 ], [ 27.048510003232209, -26.718119003289182 ], [ 27.048929999218199, -26.717383996374121 ], [ 27.04927000230682, -26.71679099780609 ], [ 27.048266000973275, -26.716331999122314 ], [ 27.0483169970299, -26.716189997070511 ], [ 27.047488998416668, -26.715785001776229 ], [ 27.046588231160055, -26.715408629204724 ], [ 27.047463439684112, -26.713868261410962 ], [ 27.049790493034944, -26.709755036665445 ], [ 27.050515211705804, -26.70838179978 ], [ 27.05243462575547, -26.708809555116662 ], [ 27.05794700494852, -26.710159028316344 ], [ 27.057789927561238, -26.71138635469633 ], [ 27.057727168372285, -26.711687604199366 ] ] ] } },
{ "type": "Feature", "properties": { "Municipali": "JB Marks Local Municipality", "WardNo": "15", "WardLabel": "NW405_15", "Province": "North West", "CLASSIFICATION": "Service centre", "PopGBlack": 861.43675169000005, "PopGColour": 122.94132904, "PopGIndian": 9.959335047, "PopGWhite": 2783.5897337000001, "PopGOther": 32.6274254, "PopGTotal": 3810.5545748999998 }, "geometry": { "type": "Polygon", "coordinates": [ [ [ 27.097645000115048, -26.707357997173702 ], [ 27.097417994143516, -26.709830008647803 ], [ 27.097353632362541, -26.710823924084686 ], [ 27.097350000900214, -26.710880004008857 ], [ 27.096997094338814, -26.71455505836915 ], [ 27.096816198407154, -26.71726850813501 ], [ 27.098783147922337, -26.717384884904387 ], [ 27.098707317087396, -26.718370692952913 ], [ 27.09776287155761, -26.718315542927833 ], [ 27.097528483950772, -26.720955852630347 ], [ 27.097025997650022, -26.720935000949432 ], [ 27.096740997097708, -26.720916999219998 ], [ 27.096519998597405, -26.720901997628914 ], [ 27.09248900066514, -26.720641997330194 ], [ 27.090350999197529, -26.720519999798029 ], [ 27.090053997192577, -26.724054997340097 ], [ 27.089777997055251, -26.72733700030221 ], [ 27.088928995674937, -26.727284000556025 ], [ 27.087938998584228, -26.727222001294198 ], [ 27.08289700978742, -26.726878998067132 ], [ 27.081168008295204, -26.726761006115364 ], [ 27.08109999886414, -26.727485999978708 ], [ 27.080957000363547, -26.727566999217494 ], [ 27.080111997369031, -26.727847004035844 ], [ 27.07872700274719, -26.727740000000871 ], [ 27.077255001415427, -26.728713000804177 ], [ 27.074415999996656, -26.726330996178365 ], [ 27.07118299120032, -26.726326001343779 ], [ 27.070509998835632, -26.726379998438034 ], [ 27.082049532757974, -26.720726119015012 ], [ 27.083269921767741, -26.720123849335991 ], [ 27.08485896266928, -26.719339646807118 ], [ 27.086229514178992, -26.718590411717955 ], [ 27.087051845264707, -26.717603616213793 ], [ 27.087143214585975, -26.716945751345175 ], [ 27.087179763033976, -26.716196517155371 ], [ 27.08690999789637, -26.715540003068547 ], [ 27.086681669921443, -26.715143760875712 ], [ 27.084339998090769, -26.711079999742065 ], [ 27.083890441389034, -26.710239189386943 ], [ 27.083744249395856, -26.710019901397136 ], [ 27.084888998226969, -26.710087999861155 ], [ 27.091211002883846, -26.710479988260687 ], [ 27.091820996839907, -26.710528000366796 ], [ 27.091943740809292, -26.710540381333356 ], [ 27.091983731862072, -26.710017419268322 ], [ 27.091722251279201, -26.709995885001959 ], [ 27.091791999999153, -26.708981000072974 ], [ 27.091800003066073, -26.708783997283518 ], [ 27.092002188648397, -26.708793073241548 ], [ 27.092017570652693, -26.708543897183002 ], [ 27.091965001681828, -26.708543003256906 ], [ 27.091983731862076, -26.708313177910696 ], [ 27.092039104019779, -26.708316255390738 ], [ 27.092066791447596, -26.707968638641571 ], [ 27.092503618245711, -26.70799017290803 ], [ 27.092552838141341, -26.707953258435932 ], [ 27.093063998403103, -26.707989000192068 ], [ 27.093260374365087, -26.707996325170114 ], [ 27.093263450046571, -26.708054773908579 ], [ 27.093488016157345, -26.70806707933211 ], [ 27.093598761372121, -26.708070155013502 ], [ 27.093998002803954, -26.703599000992973 ], [ 27.097930998015528, -26.703878001268652 ], [ 27.097834998085027, -26.705059999119548 ], [ 27.097645000115048, -26.707357997173702 ] ] ] } },
{ "type": "Feature", "properties": { "Municipali": "JB Marks Local Municipality", "WardNo": "16", "WardLabel": "NW405_16", "Province": "North West", "CLASSIFICATION": "Service centre", "PopGBlack": 8557.0812348, "PopGColour": 25.975546512000001, "PopGIndian": 4.234677894, "PopGWhite": 6.665696685, "PopGOther": 2.967137, "PopGTotal": 8596.9242928999993 }, "geometry": { "type": "Polygon", "coordinates": [ [ [ 27.053743999983709, -26.721975004842363 ], [ 27.053678999684255, -26.72358999658092 ], [ 27.053275002637417, -26.725845999892819 ], [ 27.051828000659789, -26.725647000608387 ], [ 27.051027004190988, -26.725505000355312 ], [ 27.050393996583761, -26.729330001378251 ], [ 27.05092399764245, -26.730700001603616 ], [ 27.053002002638443, -26.731143999595766 ], [ 27.052764000656236, -26.73127700123241 ], [ 27.052597998397008, -26.73137000102453 ], [ 27.050392001887442, -26.732600002887651 ], [ 27.050426999904193, -26.735032996375484 ], [ 27.048272001249988, -26.735961998747047 ], [ 27.047547000191951, -26.736271001305521 ], [ 27.046110004071444, -26.736881003355457 ], [ 27.046015000589918, -26.736649998998033 ], [ 27.04606699489398, -26.736544997753267 ], [ 27.045398999162536, -26.734839998267137 ], [ 27.045348003105914, -26.734734997022283 ], [ 27.045061970131894, -26.734382149816163 ], [ 27.044555000710783, -26.734725995708011 ], [ 27.044134996630909, -26.734200002028288 ], [ 27.045161936072489, -26.733487453882734 ], [ 27.045221916356432, -26.733287522001369 ], [ 27.044342214819476, -26.733092587652624 ], [ 27.044273997644989, -26.733284994906402 ], [ 27.043782405731498, -26.733602415119183 ], [ 27.043711003158307, -26.733863997325386 ], [ 27.041426011099531, -26.733249996889647 ], [ 27.041232997702711, -26.732827998113446 ], [ 27.041039002246212, -26.732405999337175 ], [ 27.041901002427409, -26.730842002756042 ], [ 27.040547000241915, -26.73024500040626 ], [ 27.040240997821801, -26.730140995610284 ], [ 27.040283000657947, -26.730068001237072 ], [ 27.041074996711753, -26.72867999838309 ], [ 27.041100973629081, -26.728634863208114 ], [ 27.041154998602291, -26.728540997368924 ], [ 27.043072004267625, -26.72522999666678 ], [ 27.043451999308392, -26.724569995908375 ], [ 27.043488938062133, -26.724506464201731 ], [ 27.046002002688326, -26.725694000077851 ], [ 27.046049998606676, -26.725647998855816 ], [ 27.046075988114378, -26.725601996734596 ], [ 27.046192998006553, -26.725631001669228 ], [ 27.047202999616818, -26.725780002245116 ], [ 27.047134999178915, -26.726183999291948 ], [ 27.047191996411627, -26.726245002104967 ], [ 27.047127570778883, -26.726682292053933 ], [ 27.049131997741529, -26.726964002886284 ], [ 27.049425002260133, -26.725277004230133 ], [ 27.049463996864034, -26.725042999734448 ], [ 27.049778003250356, -26.72307100142535 ], [ 27.050613000387745, -26.723164997666288 ], [ 27.051447000176982, -26.723256992915662 ], [ 27.051502999162164, -26.723263998634415 ], [ 27.051568996809866, -26.723272001701343 ], [ 27.05162900227473, -26.722742998890091 ], [ 27.051852002665864, -26.720788004062911 ], [ 27.052272996000017, -26.720839998367062 ], [ 27.05233300236425, -26.720844003048182 ], [ 27.053784000929024, -26.720928003324524 ], [ 27.053743999983709, -26.721975004842363 ] ] ] } },
{ "type": "Feature", "properties": { "Municipali": "JB Marks Local Municipality", "WardNo": "17", "WardLabel": "NW405_17", "Province": "North West", "CLASSIFICATION": "Service centre", "PopGBlack": 9773.0360263999992, "PopGColour": 777.01887101, "PopGIndian": 2.587858713, "PopGWhite": 45.752650742999997, "PopGOther": 9.6074265, "PopGTotal": 10608.002833 }, "geometry": { "type": "Polygon", "coordinates": [ [ [ 27.04873212138839, -26.630537361210063 ], [ 27.049842053865792, -26.630562587193406 ], [ 27.050025289833432, -26.630546837366456 ], [ 27.050634002255503, -26.631620001062057 ], [ 27.051124998817851, -26.632472999928797 ], [ 27.051497996233653, -26.633119005437614 ], [ 27.051692997132282, -26.633484997134737 ], [ 27.051772999022901, -26.633633995911971 ], [ 27.052112003864082, -26.634262997039503 ], [ 27.052196003241139, -26.634416999644667 ], [ 27.052798998673037, -26.635532001600414 ], [ 27.054078002795741, -26.637659001661476 ], [ 27.054918002861697, -26.639011001056666 ], [ 27.05519299665761, -26.639458997434613 ], [ 27.061069836002314, -26.649191564938629 ], [ 27.061787878106315, -26.65050455624009 ], [ 27.065480666197999, -26.658669718732362 ], [ 27.072599540334789, -26.67458973702659 ], [ 27.073709796568142, -26.676928823306373 ], [ 27.072979911292094, -26.677131569166381 ], [ 27.071510190641042, -26.677477384573443 ], [ 27.070559196248109, -26.677477384573447 ], [ 27.068657205663694, -26.67678575196075 ], [ 27.066150036992788, -26.676180573874177 ], [ 27.063815777374376, -26.675834756668458 ], [ 27.061481515957404, -26.674970215902551 ], [ 27.059032000124912, -26.674455997046511 ], [ 27.058345999966097, -26.677551998625706 ], [ 27.056480000249916, -26.685257997858116 ], [ 27.054868999702716, -26.693952998631808 ], [ 27.054187548314857, -26.698111777636271 ], [ 27.05243462575547, -26.708809555116662 ], [ 27.050515211705804, -26.70838179978 ], [ 27.049371394572255, -26.708126892341998 ], [ 27.048496186048283, -26.708091884432704 ], [ 27.04788353999146, -26.708109387937665 ], [ 27.046926921238533, -26.708378995693877 ], [ 27.046745837348606, -26.708442376314451 ], [ 27.044711097836956, -26.709168952085282 ], [ 27.04267339505914, -26.709809372804141 ], [ 27.042444605732012, -26.709858052207135 ], [ 27.042385001364792, -26.709067002240179 ], [ 27.042044000927927, -26.704588000735477 ], [ 27.041975003141953, -26.702982001318109 ], [ 27.041941003372646, -26.702434996777512 ], [ 27.041941003372649, -26.700896997798054 ], [ 27.04125099943208, -26.700031000130338 ], [ 27.040450484999909, -26.699023229738049 ], [ 27.039257998355986, -26.697522003137681 ], [ 27.038726002600978, -26.696856998551439 ], [ 27.03835299799049, -26.696388001205147 ], [ 27.038208003894294, -26.695962004043071 ], [ 27.038150009313508, -26.695789999708474 ], [ 27.037679001083134, -26.693923999992393 ], [ 27.036931999909946, -26.690959002655671 ], [ 27.035800001666797, -26.690904001018659 ], [ 27.032656999718743, -26.690751003855535 ], [ 27.031777059861405, -26.690708758202415 ], [ 27.031661177719208, -26.69165503295315 ], [ 27.029130745385569, -26.691481185907765 ], [ 27.029318790028096, -26.690590804022211 ], [ 27.025501003366596, -26.690408000628544 ], [ 27.024609998250771, -26.693821000638444 ], [ 27.024457998435807, -26.694401001304964 ], [ 27.0232059973569, -26.69917599937266 ], [ 27.025651996840139, -26.702133997285941 ], [ 27.02567100401162, -26.702158996640176 ], [ 27.025204001361555, -26.70231200189717 ], [ 27.022300996092035, -26.703261998941848 ], [ 27.016310595755332, -26.705227994276278 ], [ 27.016450625593809, -26.70540803405332 ], [ 27.016426000357558, -26.705618999716837 ], [ 27.016830000102335, -26.705412000063507 ], [ 27.017124000170448, -26.705342999579518 ], [ 27.01779399959128, -26.705323999602726 ], [ 27.018944999609964, -26.705367999833122 ], [ 27.020270999604932, -26.705266999672087 ], [ 27.021135999924397, -26.70519800008746 ], [ 27.02203700010536, -26.705116999949396 ], [ 27.02269299978003, -26.70512300022612 ], [ 27.023020999617369, -26.705147999580266 ], [ 27.023342000031263, -26.705253999971923 ], [ 27.02360100028389, -26.705403999694617 ], [ 27.02383100009855, -26.705660999855063 ], [ 27.023890837390205, -26.705744893112112 ], [ 27.021664632214961, -26.709582167183051 ], [ 27.019682099247376, -26.715378766316796 ], [ 27.020717715348169, -26.715525267676735 ], [ 27.021096598826897, -26.715575785294021 ], [ 27.021187531077604, -26.715525267676735 ], [ 27.021308773179296, -26.715489905434623 ], [ 27.021409809313155, -26.715621251419375 ], [ 27.021525999922911, -26.715782909053853 ], [ 27.021778588908731, -26.715853632638797 ], [ 27.022369647639049, -26.715929410413796 ], [ 27.022884930393115, -26.715995083406167 ], [ 27.022935448010408, -26.715611148435514 ], [ 27.023001747830353, -26.715392660842419 ], [ 27.024284988659247, -26.715565999770885 ], [ 27.024041001688794, -26.717575997134361 ], [ 27.023930001066589, -26.717868003405439 ], [ 27.023844630223394, -26.718093103713517 ], [ 27.023706999776177, -26.718455998145622 ], [ 27.023927000028948, -26.718529000612634 ], [ 27.023548999684497, -26.719525997126865 ], [ 27.023524997678425, -26.719589001830713 ], [ 27.023430003189976, -26.719840001714523 ], [ 27.02361600277424, -26.719899999984801 ], [ 27.023756002035846, -26.719945002959289 ], [ 27.023684003212146, -26.720134003581208 ], [ 27.023626001436764, -26.720287000744314 ], [ 27.023812999268472, -26.720579997168866 ], [ 27.023918996962117, -26.720743000189096 ], [ 27.023799999568219, -26.721061003162568 ], [ 27.023406001183986, -26.722119000691091 ], [ 27.023450006810329, -26.722940002578891 ], [ 27.021869996900747, -26.723080000941131 ], [ 27.021320000315669, -26.723139999211384 ], [ 27.021243823241775, -26.722900608675996 ], [ 27.021126800759138, -26.722465957337782 ], [ 27.021001420876747, -26.721972795208067 ], [ 27.020491541249516, -26.721947719411524 ], [ 27.020232422286426, -26.721864131923926 ], [ 27.019563727781765, -26.72163008875739 ], [ 27.019003695661972, -26.721404404789254 ], [ 27.018786369992867, -26.720827656071226 ], [ 27.018794729191356, -26.720685557792034 ], [ 27.018886674977985, -26.72038464643407 ], [ 27.018914893947723, -26.720339752304319 ], [ 27.018595014945856, -26.720257023642446 ], [ 27.017355626858581, -26.719821100663044 ], [ 27.016606531467705, -26.719515470753304 ], [ 27.016353994339248, -26.719916560100998 ], [ 27.016069798680149, -26.720484949620534 ], [ 27.015877549707053, -26.720777503578663 ], [ 27.015760528123696, -26.720953035953606 ], [ 27.015789000659758, -26.721090000902588 ], [ 27.006466324359252, -26.720375208948511 ], [ 26.998599000241427, -26.719772002175876 ], [ 26.998797998626497, -26.709600999885971 ], [ 26.998871284380051, -26.706096060384588 ], [ 26.998900997081151, -26.704678997737368 ], [ 26.999243010154583, -26.688582998306458 ], [ 26.9996920038807, -26.677103995952471 ], [ 26.999768000190926, -26.672837997075646 ], [ 26.999812545410443, -26.670368040552422 ], [ 27.004860821367647, -26.671234101172633 ], [ 27.008942866617847, -26.671882044720341 ], [ 27.010238753713356, -26.671898243309041 ], [ 27.011648031829083, -26.671687661656033 ], [ 27.013494670940229, -26.67131509411611 ], [ 27.014725763680964, -26.671153108229095 ], [ 27.014601001632805, -26.665923001045392 ], [ 27.013702002443321, -26.646387995909112 ], [ 27.020019995224573, -26.644699002556745 ], [ 27.02590485202532, -26.64339055822742 ], [ 27.027073574983472, -26.636243616249644 ], [ 27.027924784199485, -26.631672307430868 ], [ 27.030415358580008, -26.631136360054796 ], [ 27.032275409280771, -26.631041781053096 ], [ 27.035301931037374, -26.63097872868525 ], [ 27.037414191210026, -26.630915676317212 ], [ 27.041638710656134, -26.630600413578005 ], [ 27.044917442783817, -26.63031667657318 ], [ 27.046430704111803, -26.630316676573184 ], [ 27.04873212138839, -26.630537361210063 ] ] ] } },
{ "type": "Feature", "properties": { "Municipali": "JB Marks Local Municipality", "WardNo": "18", "WardLabel": "NW405_18", "Province": "North West", "CLASSIFICATION": "Service centre", "PopGBlack": 6930.7281304999997, "PopGColour": 34.605568001999998, "PopGIndian": 4.077837972, "PopGWhite": 5.410977309, "PopGOther": 15.1977087, "PopGTotal": 6990.0202225000012 }, "geometry": { "type": "Polygon", "coordinates": [ [ [ 27.0237789977005, -26.737951002336676 ], [ 27.024017997930244, -26.737991999730777 ], [ 27.025710996862941, -26.737991011375868 ], [ 27.030063486238902, -26.738056079124572 ], [ 27.030856395104497, -26.738067933088434 ], [ 27.031021953098655, -26.738472629807852 ], [ 27.031187511092725, -26.738674978167523 ], [ 27.031812950904936, -26.73904288362198 ], [ 27.029468624275566, -26.7397889207219 ], [ 27.030260689577187, -26.741905220649198 ], [ 27.029781812278834, -26.74208961674217 ], [ 27.030472892707806, -26.744051792655927 ], [ 27.030956075060786, -26.745423684155529 ], [ 27.032591654978873, -26.744731708001726 ], [ 27.033422728374223, -26.745836619564148 ], [ 27.029612026571733, -26.747930345608779 ], [ 27.027212003129335, -26.749248999041885 ], [ 27.024839996266746, -26.750581002011401 ], [ 27.023309003006037, -26.751441995851273 ], [ 27.022171058445497, -26.752081391342941 ], [ 27.021078651056762, -26.75015602378128 ], [ 27.018636509665146, -26.751284263757565 ], [ 27.01849369462624, -26.750798691905956 ], [ 27.01790815233727, -26.749470511055055 ], [ 27.017551114290406, -26.748613619023139 ], [ 27.017551114290406, -26.748385114781041 ], [ 27.017660577071826, -26.747874248597455 ], [ 27.017720811863825, -26.747588131986529 ], [ 27.017736564388798, -26.747375484590744 ], [ 27.017720811863825, -26.747084078167486 ], [ 27.017043490162873, -26.745831819882326 ], [ 27.016098389027292, -26.743815604606258 ], [ 27.016088028837341, -26.743795661240547 ], [ 27.015349000154114, -26.742372991320273 ], [ 27.015315000384888, -26.742308995563487 ], [ 27.01548866576714, -26.742198336683657 ], [ 27.016831084684693, -26.740437500989692 ], [ 27.017720220109982, -26.740524671376246 ], [ 27.019212000231558, -26.740797998728461 ], [ 27.019980009567689, -26.740913995983913 ], [ 27.021537996878951, -26.740434999975005 ], [ 27.021801995563553, -26.740354998983758 ], [ 27.022119002088232, -26.740017996033497 ], [ 27.023202997218519, -26.738878999266205 ], [ 27.023310997702275, -26.737870003097974 ], [ 27.0237789977005, -26.737951002336676 ] ] ] } },
{ "type": "Feature", "properties": { "Municipali": "JB Marks Local Municipality", "WardNo": "19", "WardLabel": "NW405_19", "Province": "North West", "CLASSIFICATION": "Service centre", "PopGBlack": 8783.6808008999997, "PopGColour": 76.001688563000002, "PopGIndian": 3.842578089, "PopGWhite": 9.051763536, "PopGOther": 7.5332091, "PopGTotal": 8880.1100401999993 }, "geometry": { "type": "Polygon", "coordinates": [ [ [ 27.041426011099531, -26.733249996889647 ], [ 27.043711003158307, -26.733863997325386 ], [ 27.043782405731498, -26.733602415119183 ], [ 27.044273997644989, -26.733284994906402 ], [ 27.044342214819476, -26.733092587652624 ], [ 27.045221916356432, -26.733287522001369 ], [ 27.045161936072489, -26.733487453882734 ], [ 27.044134996630909, -26.734200002028288 ], [ 27.044555000710783, -26.734725995708011 ], [ 27.04320799704945, -26.735629999624624 ], [ 27.041941999821507, -26.736492989060004 ], [ 27.040673003354481, -26.737468000747484 ], [ 27.039998001004992, -26.73803399627171 ], [ 27.03824499570797, -26.739459996381523 ], [ 27.032806000294684, -26.741054999788201 ], [ 27.031351999792896, -26.741485003429954 ], [ 27.030260689577187, -26.741905220649198 ], [ 27.029468624275566, -26.7397889207219 ], [ 27.031812950904936, -26.73904288362198 ], [ 27.031187511092725, -26.738674978167523 ], [ 27.031021953098655, -26.738472629807852 ], [ 27.030856395104497, -26.738067933088434 ], [ 27.030378116754591, -26.737405702011344 ], [ 27.030138978029409, -26.7370929816556 ], [ 27.030102186764445, -26.73683544729785 ], [ 27.030102186764442, -26.736173216220763 ], [ 27.030138978029413, -26.735639751872863 ], [ 27.030083792031331, -26.735382218414486 ], [ 27.029771071675583, -26.73497752079578 ], [ 27.029329583691275, -26.734223314254383 ], [ 27.028980073869302, -26.733597872643525 ], [ 27.02874093514404, -26.732990827564429 ], [ 27.028593771883077, -26.732291806121747 ], [ 27.028483399887005, -26.731813527771845 ], [ 27.028483399887005, -26.731726498578833 ], [ 27.033064669596843, -26.730805290631498 ], [ 27.032530996606244, -26.729962001744774 ], [ 27.035729998438676, -26.727485001731235 ], [ 27.035770626211463, -26.727439422291269 ], [ 27.041100973629081, -26.728634863208114 ], [ 27.041074996711753, -26.72867999838309 ], [ 27.040283000657947, -26.730068001237072 ], [ 27.040240997821801, -26.730140995610284 ], [ 27.040547000241915, -26.73024500040626 ], [ 27.041901002427409, -26.730842002756042 ], [ 27.041039002246212, -26.732405999337175 ], [ 27.041232997702711, -26.732827998113446 ], [ 27.041426011099531, -26.733249996889647 ] ] ] } },
{ "type": "Feature", "properties": { "Municipali": "JB Marks Local Municipality", "WardNo": "20", "WardLabel": "NW405_20", "Province": "North West", "CLASSIFICATION": "Service centre", "PopGBlack": 8117.3462988000001, "PopGColour": 65.410422986, "PopGIndian": 1.803659103, "PopGWhite": 3.607318206, "PopGOther": 4.3353389, "PopGTotal": 8192.503038000001 }, "geometry": { "type": "Polygon", "coordinates": [ [ [ 27.018786369992867, -26.720827656071226 ], [ 27.019003695661972, -26.721404404789254 ], [ 27.019563727781765, -26.72163008875739 ], [ 27.020232422286426, -26.721864131923926 ], [ 27.020491541249516, -26.721947719411524 ], [ 27.021001420876747, -26.721972795208067 ], [ 27.021126800759138, -26.722465957337782 ], [ 27.021243823241775, -26.722900608675996 ], [ 27.021320000315669, -26.723139999211384 ], [ 27.02056000124097, -26.723489999163874 ], [ 27.020482002140636, -26.723597003198929 ], [ 27.018878785225663, -26.727002044208707 ], [ 27.01861823903846, -26.727523138381933 ], [ 27.018499809116857, -26.727783683669859 ], [ 27.018262948374279, -26.728210033366118 ], [ 27.017694483311605, -26.729181161780957 ], [ 27.017197074583265, -26.729749626843624 ], [ 27.016581237731792, -26.730294407360855 ], [ 27.01613120259081, -26.730815499735264 ], [ 27.015562736628858, -26.732070860681475 ], [ 27.014804782612504, -26.733468337893292 ], [ 27.014600111303981, -26.734039266198998 ], [ 27.014354748370803, -26.734723699738705 ], [ 27.014757410823702, -26.7348421296604 ], [ 27.01497058612156, -26.734818444215588 ], [ 27.015562736628858, -26.734913187793197 ], [ 27.015989086325121, -26.734960559581999 ], [ 27.016166003656039, -26.73498700324739 ], [ 27.016163004417049, -26.735030004330973 ], [ 27.016108999228816, -26.736703996092356 ], [ 27.016099000566296, -26.736991996783033 ], [ 27.016146997383839, -26.737083001878847 ], [ 27.016097005869973, -26.737117001648073 ], [ 27.016021999713402, -26.737167001255898 ], [ 27.014521566315153, -26.738176602667881 ], [ 27.01414200294899, -26.738432001135678 ], [ 27.013436998316713, -26.738906002309896 ], [ 27.01245000136436, -26.739575010677981 ], [ 27.012165000812043, -26.73976800069244 ], [ 27.011774999014875, -26.740025999999691 ], [ 27.010404001441351, -26.740965000134402 ], [ 27.009989996738828, -26.741247001447729 ], [ 27.009595001006346, -26.741522003337607 ], [ 27.009166003705996, -26.741808991391643 ], [ 27.008767998841904, -26.742086004165607 ], [ 27.008354003132542, -26.742363000751624 ], [ 27.007878000067485, -26.742723000266004 ], [ 27.007441999746302, -26.743001999642313 ], [ 27.007260000346573, -26.743131000195223 ], [ 27.007079000093565, -26.743284000056356 ], [ 27.006936999840494, -26.743609999801425 ], [ 27.006189999566672, -26.745269999910352 ], [ 27.005996999659686, -26.745736999862476 ], [ 27.005459000030655, -26.745565000024463 ], [ 27.004718000033471, -26.745290999979407 ], [ 27.003859709555751, -26.745031016767747 ], [ 27.003636110216078, -26.744963286126556 ], [ 27.003190014105719, -26.74464730123168 ], [ 27.002427933100478, -26.744926110851072 ], [ 27.002019012265414, -26.74468447560788 ], [ 27.001944662613912, -26.743940982689985 ], [ 27.001721614558598, -26.743476299391478 ], [ 27.001331280911682, -26.743420536928028 ], [ 27.000903771989282, -26.74343912501536 ], [ 27.000494851154308, -26.743327600987747 ], [ 27.000085930319159, -26.743327600987747 ], [ 26.999732770149066, -26.743327600987751 ], [ 26.999511482066985, -26.743287686377375 ], [ 26.998880712872417, -26.743164006213668 ], [ 26.998134567853842, -26.74291529060795 ], [ 26.997216235038977, -26.742417861195094 ], [ 26.995972659708166, -26.741499528380317 ], [ 26.995111723425012, -26.74105949370043 ], [ 26.994346446229258, -26.741040362422531 ], [ 26.993772488107602, -26.741537791835388 ], [ 26.992796759660486, -26.741786507441091 ], [ 26.990615720237006, -26.741863035250606 ], [ 26.990673115869257, -26.741269944951782 ], [ 26.990826170588999, -26.740542932110383 ], [ 26.990826170588999, -26.739949841811551 ], [ 26.991151414004225, -26.739395015866997 ], [ 26.991495788697435, -26.738629738671243 ], [ 26.991629712139193, -26.73811317708121 ], [ 26.991897559022892, -26.737213976443616 ], [ 26.992184538083677, -26.736219115819335 ], [ 26.992357978635553, -26.73543863378567 ], [ 26.992414120612931, -26.735185991739897 ], [ 26.992471517144548, -26.734497243252939 ], [ 26.992452384967287, -26.73382762514451 ], [ 26.992337593702704, -26.733215402668417 ], [ 26.991949074887625, -26.732915183788432 ], [ 26.991916691200071, -26.732890161051845 ], [ 26.991897559022895, -26.732526654181463 ], [ 26.991897559022895, -26.731914431705373 ], [ 26.991629712139197, -26.731263946673572 ], [ 26.991449637288699, -26.73038929842712 ], [ 26.993308133960916, -26.730282592067738 ], [ 26.99506357642068, -26.730012523858601 ], [ 26.996368904599034, -26.729652434412081 ], [ 26.997674232777388, -26.728932251921641 ], [ 26.998844527750503, -26.727829475349804 ], [ 26.999407169702916, -26.727469384104534 ], [ 27.000464936105743, -26.727176810361261 ], [ 27.001995321424758, -26.726996765188353 ], [ 27.003008075859835, -26.726951754119977 ], [ 27.003703557570905, -26.726900615071063 ], [ 27.004020831194193, -26.72596150431977 ], [ 27.00397582012581, -26.725173806125984 ], [ 27.00397582012581, -26.724498635603304 ], [ 27.00453846117885, -26.723598409738603 ], [ 27.005438687942924, -26.722270575126736 ], [ 27.005551215613927, -26.721437865864662 ], [ 27.006136363999858, -26.720942741414156 ], [ 27.006466324359252, -26.720375208948511 ], [ 27.015789000659758, -26.721090000902588 ], [ 27.015760528123696, -26.720953035953606 ], [ 27.015877549707053, -26.720777503578663 ], [ 27.016069798680149, -26.720484949620534 ], [ 27.016353994339248, -26.719916560100998 ], [ 27.016606531164392, -26.719515470562346 ], [ 27.017355626858581, -26.719821100663044 ], [ 27.018595014945856, -26.720257023642446 ], [ 27.018914893905091, -26.720339752277507 ], [ 27.018886674977985, -26.72038464643407 ], [ 27.018794729191356, -26.720685557792034 ], [ 27.018786369992867, -26.720827656071226 ] ] ] } },
{ "type": "Feature", "properties": { "Municipali": "JB Marks Local Municipality", "WardNo": "21", "WardLabel": "NW405_21", "Province": "North West", "CLASSIFICATION": "Service centre", "PopGBlack": 3757.5058291000005, "PopGColour": 3568.7429734000002, "PopGIndian": 2.038918986, "PopGWhite": 3.450478284, "PopGOther": 8.652774, "PopGTotal": 7340.3909737000004 }, "geometry": { "type": "Polygon", "coordinates": [ [ [ 27.041975003141953, -26.702982001318109 ], [ 27.042044000927927, -26.704588000735477 ], [ 27.042385001364792, -26.709067002240179 ], [ 27.042444605732012, -26.709858052207135 ], [ 27.041989308657747, -26.709954922681355 ], [ 27.041377998993521, -26.70994036805336 ], [ 27.040926792935135, -26.709780262648788 ], [ 27.040214661175703, -26.709321591318179 ], [ 27.039368327184544, -26.708776481649128 ], [ 27.03661085110798, -26.707934345693314 ], [ 27.033435339567308, -26.709102753888747 ], [ 27.032161000228008, -26.709560999840065 ], [ 27.031494000945351, -26.709700998202305 ], [ 27.030980997073346, -26.709818000000514 ], [ 27.030846240859333, -26.709857616035944 ], [ 27.028453001003161, -26.710382999075943 ], [ 27.026552002370952, -26.70953500313767 ], [ 27.026288003686346, -26.709417011185902 ], [ 27.026203575332705, -26.70937942581962 ], [ 27.025866634435651, -26.70922943329154 ], [ 27.025248891920821, -26.711128081995213 ], [ 27.024879361391353, -26.711307852874906 ], [ 27.024521004039023, -26.711547999740144 ], [ 27.024290997029851, -26.711836997779066 ], [ 27.02411200316434, -26.712211990790546 ], [ 27.023101621140778, -26.714783435806677 ], [ 27.023001747830353, -26.715392660842419 ], [ 27.022935448010408, -26.715611148435514 ], [ 27.022884930393115, -26.715995083406167 ], [ 27.022369647639049, -26.715929410413796 ], [ 27.021778588908731, -26.715853632638797 ], [ 27.021525999922911, -26.715782909053853 ], [ 27.021409809313155, -26.715621251419375 ], [ 27.021308773179296, -26.715489905434623 ], [ 27.021187531077604, -26.715525267676735 ], [ 27.021096598826897, -26.715575785294021 ], [ 27.020717715348169, -26.715525267676735 ], [ 27.019682099247376, -26.715378766316796 ], [ 27.021664632214961, -26.709582167183051 ], [ 27.023890837390205, -26.705744893112112 ], [ 27.02383100009855, -26.705660999855063 ], [ 27.02360100028389, -26.705403999694617 ], [ 27.023342000031263, -26.705253999971923 ], [ 27.023020999617369, -26.705147999580266 ], [ 27.02269299978003, -26.70512300022612 ], [ 27.02203700010536, -26.705116999949396 ], [ 27.021135999924397, -26.70519800008746 ], [ 27.020270999604932, -26.705266999672087 ], [ 27.018944999609964, -26.705367999833122 ], [ 27.01779399959128, -26.705323999602726 ], [ 27.017124000170448, -26.705342999579518 ], [ 27.016830000102335, -26.705412000063507 ], [ 27.016426000357558, -26.705618999716837 ], [ 27.016450625593809, -26.70540803405332 ], [ 27.016310595755332, -26.705227994276278 ], [ 27.022300996092035, -26.703261998941848 ], [ 27.025204001361555, -26.70231200189717 ], [ 27.02567100401162, -26.702158996640176 ], [ 27.027821997085422, -26.704808000988237 ], [ 27.029289003582686, -26.705059000871959 ], [ 27.029510001183617, -26.705189002370322 ], [ 27.030924998088167, -26.704353997139055 ], [ 27.031126996611583, -26.704160999030627 ], [ 27.0314309962415, -26.703986999999803 ], [ 27.031503999607875, -26.70354499580468 ], [ 27.032151001565488, -26.703618997418587 ], [ 27.034513999919206, -26.703230999310996 ], [ 27.034644001417572, -26.702216001966693 ], [ 27.034513999919206, -26.701439995858873 ], [ 27.035710999361175, -26.701141997405053 ], [ 27.036287000742526, -26.70099700330886 ], [ 27.038115993356435, -26.700664996092467 ], [ 27.038516001010635, -26.700604002272694 ], [ 27.04125099943208, -26.700031000130338 ], [ 27.041941003372649, -26.700896997798054 ], [ 27.041941003372646, -26.702434996777512 ], [ 27.041975003141953, -26.702982001318109 ] ] ] } },
{ "type": "Feature", "properties": { "Municipali": "JB Marks Local Municipality", "WardNo": "22", "WardLabel": "NW405_22", "Province": "North West", "CLASSIFICATION": "Service centre", "PopGBlack": 90.8748227, "PopGColour": 19.8094786, "PopGIndian": 9.728175361, "PopGWhite": 378.73170277000003, "PopGOther": 7.0247748, "PopGTotal": 506.16895423 }, "geometry": { "type": "Polygon", "coordinates": [ [ [ 27.097929003319212, -26.690908005699736 ], [ 27.097731002282313, -26.691487998272375 ], [ 27.097325002445274, -26.69144799732706 ], [ 27.096578998620245, -26.691372001016919 ], [ 27.096429999842925, -26.693521000293767 ], [ 27.096414000903774, -26.693731001884103 ], [ 27.096299001895765, -26.695372995767016 ], [ 27.096277001780528, -26.695848999731339 ], [ 27.096060865015236, -26.698202101945313 ], [ 27.094284438674269, -26.698053291126357 ], [ 27.094079910357937, -26.700269014703146 ], [ 27.092342045147618, -26.700162674367768 ], [ 27.09292260069579, -26.693264748369273 ], [ 27.093114757938086, -26.693282623294287 ], [ 27.094563858033922, -26.693362025337013 ], [ 27.094742428318707, -26.69125489939395 ], [ 27.093100569334105, -26.691150212012509 ], [ 27.089348999754829, -26.69091100673737 ], [ 27.091001998641673, -26.686514000920226 ], [ 27.091874970551729, -26.684359502289091 ], [ 27.092257493586846, -26.683877189580471 ], [ 27.09277509029652, -26.683912886370525 ], [ 27.095540688150635, -26.684213268927049 ], [ 27.09546818210929, -26.684420429558987 ], [ 27.09627610965309, -26.684482579007689 ], [ 27.097498359360142, -26.684679382147603 ], [ 27.098513448435256, -26.685238716393464 ], [ 27.099683907084994, -26.685943062722011 ], [ 27.099780529346297, -26.686067738435231 ], [ 27.099049999256451, -26.687591995773797 ], [ 27.09846099907422, -26.689332001370566 ], [ 27.098433996030508, -26.689413997957505 ], [ 27.098386996561036, -26.689555999109942 ], [ 27.097929003319212, -26.690908005699736 ] ] ] } },
{ "type": "Feature", "properties": { "Municipali": "JB Marks Local Municipality", "WardNo": "23", "WardLabel": "NW405_23", "Province": "North West", "CLASSIFICATION": "Service centre", "PopGBlack": 128.05977206627233, "PopGColour": 18.565483046613878, "PopGIndian": 1.745839387347415, "PopGWhite": 2283.0682293328623, "PopGOther": 23.580246757793816, "PopGTotal": 2455.0195705908895 }, "geometry": { "type": "Polygon", "coordinates": [ [ [ 27.104750001309959, -26.654976999888532 ], [ 27.105902004971934, -26.672638997791406 ], [ 27.106149867121047, -26.672513222207325 ], [ 27.10632736361535, -26.672475187180019 ], [ 27.10679646438372, -26.672487864922875 ], [ 27.107151458271609, -26.67256393587677 ], [ 27.107358996618828, -26.672672999359282 ], [ 27.109664188350024, -26.674321905431494 ], [ 27.111233365026187, -26.675509390046145 ], [ 27.111975542235921, -26.676103133252912 ], [ 27.112378439411902, -26.676590849987555 ], [ 27.113031000079008, -26.677794989147319 ], [ 27.114616603771712, -26.680780792299601 ], [ 27.114758473623137, -26.681147185094371 ], [ 27.114859900962106, -26.68145146621201 ], [ 27.114897935989411, -26.681920565181802 ], [ 27.11479650865035, -26.683834997886709 ], [ 27.115405070885718, -26.683771605575043 ], [ 27.116354997783393, -26.68590799725612 ], [ 27.118737003308496, -26.691310000855758 ], [ 27.120477000811384, -26.695533996896351 ], [ 27.121211760412901, -26.697197989995129 ], [ 27.123031999925363, -26.700862007875244 ], [ 27.123722002966556, -26.702265003327067 ], [ 27.123983002412167, -26.702633995162643 ], [ 27.124181854207734, -26.703142182265797 ], [ 27.124295248825163, -26.703446931930237 ], [ 27.124429905214399, -26.703751681594667 ], [ 27.124748829992988, -26.704148565903463 ], [ 27.125003970355426, -26.704396617809504 ], [ 27.125126163040552, -26.704522513902781 ], [ 27.124987002846428, -26.704659001311718 ], [ 27.12390878136366, -26.705465014198904 ], [ 27.118970999710299, -26.70765199814111 ], [ 27.116413001357419, -26.708695002172519 ], [ 27.113862997078115, -26.709743999286047 ], [ 27.111697002413141, -26.710636001749936 ], [ 27.110464997759816, -26.711133996836356 ], [ 27.109232002953028, -26.711490995312996 ], [ 27.108073001666078, -26.711631999117269 ], [ 27.106911001140229, -26.711609999901491 ], [ 27.106034000267325, -26.709012997951373 ], [ 27.106011002803921, -26.708801000765437 ], [ 27.105962002342991, -26.708680998828871 ], [ 27.105916001120956, -26.708611002795458 ], [ 27.1058190110369, -26.708540002219198 ], [ 27.105701002897376, -26.70846999899118 ], [ 27.105609001352679, -26.708397010913203 ], [ 27.105606997663202, -26.708160996432706 ], [ 27.105606997663202, -26.707874999431514 ], [ 27.105603000176679, -26.707849001829846 ], [ 27.105603998424208, -26.707815001161251 ], [ 27.105606997663202, -26.707728001645833 ], [ 27.105600997386567, -26.707648998002743 ], [ 27.105603998424208, -26.707561997587959 ], [ 27.105625000291923, -26.707424002015919 ], [ 27.105705998631336, -26.707313001393803 ], [ 27.105858995794453, -26.707198998834588 ], [ 27.105915002873427, -26.707130998396686 ], [ 27.105952003680468, -26.707031000080388 ], [ 27.105943003265388, -26.706953999227597 ], [ 27.105931001812667, -26.706870997198603 ], [ 27.105926996232267, -26.706811998075064 ], [ 27.105906001559067, -26.706776009904843 ], [ 27.105882997800524, -26.706693000681348 ], [ 27.105857998446293, -26.706556001558099 ], [ 27.105797003727151, -26.706445000935886 ], [ 27.105705998631336, -26.706435002273381 ], [ 27.105659000061237, -26.706429999344817 ], [ 27.105503001860388, -26.706443006239574 ], [ 27.105364000846308, -26.706423000820653 ], [ 27.105274001192534, -26.706309997408333 ], [ 27.105312996695805, -26.706225998031282 ], [ 27.105340996188396, -26.706194998400335 ], [ 27.10541600324434, -26.706103993304517 ], [ 27.105507996695064, -26.706013002597906 ], [ 27.105630999669273, -26.705879005411578 ], [ 27.105683002067305, -26.705717997087753 ], [ 27.105699998354616, -26.705648009148124 ], [ 27.105751999853368, -26.705497006681334 ], [ 27.105791002551154, -26.705366000640296 ], [ 27.105785999622594, -26.705301001240123 ], [ 27.105763003058559, -26.705173003431234 ], [ 27.105770000683354, -26.705019000826081 ], [ 27.105795000936951, -26.704997000710929 ], [ 27.105882997800524, -26.704917997067746 ], [ 27.105971002757979, -26.704941001725654 ], [ 27.106061002411664, -26.704951996837057 ], [ 27.106226998375664, -26.704879001564564 ], [ 27.106269998559966, -26.704759996976158 ], [ 27.106279997222487, -26.704686004355413 ], [ 27.106291997775926, -26.704640003133477 ], [ 27.106355004278434, -26.70448299229616 ], [ 27.106415998098203, -26.704303000183121 ], [ 27.106479003701427, -26.704192996009805 ], [ 27.106489002363947, -26.704153003158464 ], [ 27.106462996668395, -26.704032002974365 ], [ 27.106424999412567, -26.7039520019832 ], [ 27.106446001280364, -26.703850000876706 ], [ 27.106489002363947, -26.703764996956892 ], [ 27.106465000357876, -26.703705996934072 ], [ 27.106387998605701, -26.70359099792606 ], [ 27.106427002202768, -26.703530003206925 ], [ 27.106610998996835, -26.70351699721153 ], [ 27.106746999872552, -26.703522996588877 ], [ 27.106930996666531, -26.703487002123254 ], [ 27.107016002384995, -26.703376997949924 ], [ 27.107110996873448, -26.703302997235394 ], [ 27.1072719971034, -26.703223003438733 ], [ 27.107404001391966, -26.703155003000834 ], [ 27.107431002637028, -26.703068002586051 ], [ 27.107417996641637, -26.702979001179809 ], [ 27.107317000977183, -26.702889000626751 ], [ 27.107236001738485, -26.702827990619127 ], [ 27.10713499887952, -26.702761002817866 ], [ 27.107112999663649, -26.70267599889814 ], [ 27.107113997011808, -26.702592996869154 ], [ 27.106946995605771, -26.702462996270164 ], [ 27.106799998719374, -26.702374992211983 ], [ 27.106698995860409, -26.702265003327049 ], [ 27.106746003423762, -26.702188998923038 ], [ 27.106927000079381, -26.702173000883164 ], [ 27.107038998949026, -26.702191999960679 ], [ 27.107228996019728, -26.702139000214576 ], [ 27.107324996849503, -26.702077000053393 ], [ 27.107410999016757, -26.702058999223226 ], [ 27.1074949983939, -26.702099000168634 ], [ 27.107531000953323, -26.702173998231324 ], [ 27.10755099737899, -26.702260000398581 ], [ 27.107574002036994, -26.702371991174349 ], [ 27.107626004434938, -26.702465997307804 ], [ 27.107717997885661, -26.702507002795873 ], [ 27.107814996063599, -26.70244399719256 ], [ 27.107874004180392, -26.702384998069018 ], [ 27.107959998253673, -26.702142997701007 ], [ 27.107919997308453, -26.70209399724008 ], [ 27.107785999222848, -26.702002001990707 ], [ 27.107826996617035, -26.70194400021532 ], [ 27.107893999706782, -26.701842995557616 ], [ 27.107952003280726, -26.701735003167734 ], [ 27.107986003050037, -26.701649001000479 ], [ 27.108018998276588, -26.701568999109856 ], [ 27.1080210010667, -26.701534999340634 ], [ 27.108002999337348, -26.701434003676184 ], [ 27.107984996708623, -26.701407998879912 ], [ 27.107968001320597, -26.701385999664044 ], [ 27.107841998208119, -26.70144799982522 ], [ 27.10768200342012, -26.701559001346705 ], [ 27.107552002821123, -26.701599002292021 ], [ 27.107358996618814, -26.7015809996633 ], [ 27.107106002038773, -26.701622988110323 ], [ 27.106964998234492, -26.701645002614594 ], [ 27.106849998327206, -26.7015680017617 ], [ 27.106827999111246, -26.701395000079117 ], [ 27.106836010272048, -26.701194997151209 ], [ 27.106818001348095, -26.701097998973275 ], [ 27.106722001417602, -26.701069998581492 ], [ 27.106511998927981, -26.701076997105567 ], [ 27.10632800123463, -26.701096004277051 ], [ 27.106276997084127, -26.701072002270887 ], [ 27.106231003956069, -26.701041001740741 ], [ 27.106232001304225, -26.701008996667753 ], [ 27.106232998652384, -26.700955996921557 ], [ 27.106380002733296, -26.70083199659928 ], [ 27.106496997336901, -26.700729996392063 ], [ 27.106532003447622, -26.700654998329377 ], [ 27.106524000380702, -26.700626000589342 ], [ 27.106511998927981, -26.700570000704879 ], [ 27.10649099706027, -26.700532003449052 ], [ 27.106396999020696, -26.70044099835324 ], [ 27.106328998582789, -26.700400997407925 ], [ 27.106260998144975, -26.700359001766376 ], [ 27.106260998144975, -26.700301997339157 ], [ 27.10633700164971, -26.70025900434937 ], [ 27.106455999043519, -26.70027800342697 ], [ 27.106561000288284, -26.700295996163156 ], [ 27.106616001925396, -26.700278999875756 ], [ 27.106682996921169, -26.700236997039621 ], [ 27.106669999019658, -26.700121997132332 ], [ 27.106608996206635, -26.699972000107572 ], [ 27.10649099706027, -26.699851000822935 ], [ 27.10634700031223, -26.699754002645005 ], [ 27.106226001027593, -26.699674999001818 ], [ 27.106093000290148, -26.699622989409278 ], [ 27.105882997800528, -26.699596999901484 ], [ 27.105649998746873, -26.699584999348136 ], [ 27.105470000338606, -26.699568003060737 ], [ 27.105395001376632, -26.69950099997099 ], [ 27.105377996995351, -26.699442998195696 ], [ 27.105355000431324, -26.699370002023834 ], [ 27.105281997064946, -26.699243990817394 ], [ 27.105146992638019, -26.699187001678641 ], [ 27.104942999418281, -26.699153001909334 ], [ 27.104767994945409, -26.699113999211551 ], [ 27.104636996998252, -26.699060998566079 ], [ 27.104592001218261, -26.699004002232737 ], [ 27.10459699605294, -26.69888700043462 ], [ 27.104648001102724, -26.69880900223357 ], [ 27.104707000226266, -26.698688999397636 ], [ 27.104661997251764, -26.698585003594911 ], [ 27.104635002301933, -26.698558998798635 ], [ 27.104616993377892, -26.69852299623912 ], [ 27.104592001218261, -26.698490998360729 ], [ 27.104560004239239, -26.698464004310271 ], [ 27.104551002924794, -26.698410997369482 ], [ 27.104588003731834, -26.698347001612692 ], [ 27.1047810009408, -26.698170999791664 ], [ 27.104809998680832, -26.69813600177492 ], [ 27.104830999649355, -26.698096001728967 ], [ 27.104843001102076, -26.698053000645302 ], [ 27.104846002139713, -26.698009999561719 ], [ 27.104840000963719, -26.697966001129888 ], [ 27.104824002923841, -26.69792500283641 ], [ 27.1048000000184, -26.697886996587425 ], [ 27.104767994945409, -26.69785400226024 ], [ 27.104729996790301, -26.697827000115819 ], [ 27.104686995706714, -26.697807002790771 ], [ 27.104639997136616, -26.69779500223742 ], [ 27.104480999696779, -26.697762997164428 ], [ 27.104450000065825, -26.697720004174727 ], [ 27.104427002602513, -26.697672996611374 ], [ 27.104412999258873, -26.697622989808938 ], [ 27.104409000873073, -26.697572001846286 ], [ 27.104415002049073, -26.697520996796417 ], [ 27.104431000988313, -26.697472004429276 ], [ 27.104436003916874, -26.697445001385557 ], [ 27.104433002879237, -26.697405001339622 ], [ 27.104419996883752, -26.697365996843185 ], [ 27.104405004285926, -26.697343997627232 ], [ 27.104384998867001, -26.697322995759521 ], [ 27.104350001749619, -26.697300997442923 ], [ 27.104304997875747, -26.697293998918763 ], [ 27.10426600237248, -26.697312000648115 ], [ 27.104214998221973, -26.697383998572544 ], [ 27.104152000712631, -26.697534003691178 ], [ 27.104124997668922, -26.697544998802485 ], [ 27.104095004379378, -26.697550999978489 ], [ 27.104065999444746, -26.697553002768693 ], [ 27.104035996262581, -26.697550002630322 ], [ 27.104006999421834, -26.697541998664139 ], [ 27.103981001820163, -26.697531003552822 ], [ 27.103956001566647, -26.697514997419066 ], [ 27.103838003319566, -26.697426999656209 ], [ 27.103817000552482, -26.697405997788415 ], [ 27.10379299944578, -26.697373002561868 ], [ 27.103780000644903, -26.697342002930995 ], [ 27.10377400036818, -26.697308003161687 ], [ 27.103774997716339, -26.697274999841255 ], [ 27.103783000783263, -26.697241997420104 ], [ 27.103798002374344, -26.697210000441082 ], [ 27.103820000690845, -26.697182998296565 ], [ 27.104046002119702, -26.697033001271894 ], [ 27.104139001911747, -26.697002000741573 ], [ 27.104678003385612, -26.696901995230768 ], [ 27.104862998427027, -26.696832997444794 ], [ 27.104906995959492, -26.696813000119668 ], [ 27.104945002208485, -26.696785997975326 ], [ 27.104977000086876, -26.696751998206015 ], [ 27.105001002092944, -26.696714008144781 ], [ 27.105013002646295, -26.696682002172508 ], [ 27.105023997757694, -26.696629003325686 ], [ 27.105020997619334, -26.696584996800063 ], [ 27.105008997065983, -26.696543001158439 ], [ 27.104989000640312, -26.696503000213124 ], [ 27.104961001147636, -26.696466996754324 ], [ 27.104926003130881, -26.69643700256551 ], [ 27.10488498864974, -26.696413997907595 ], [ 27.104839011709437, -26.696397998968354 ], [ 27.104599997090585, -26.696264999130278 ], [ 27.104676997943479, -26.696233998600043 ], [ 27.104627995683892, -26.696173003880908 ], [ 27.104592998566421, -26.696105003443002 ], [ 27.10457199669862, -26.696032000076631 ], [ 27.104565996421993, -26.695957001114564 ], [ 27.10457600227911, -26.695882011145752 ], [ 27.104782995637127, -26.695781000192817 ], [ 27.104803001056045, -26.695762997564188 ], [ 27.104825996720795, -26.695730003236918 ], [ 27.104841995659946, -26.695694997126289 ], [ 27.104849998726866, -26.695657007065051 ], [ 27.104849998726866, -26.695619001715425 ], [ 27.104843001102076, -26.695581003560321 ], [ 27.104830003200476, -26.695536997034694 ], [ 27.104809001332764, -26.695495002292436 ], [ 27.104781999188337, -26.695455997795907 ], [ 27.104754997043901, -26.695430999341053 ], [ 27.104722999165421, -26.695411002016009 ], [ 27.10468800924264, -26.695396001324298 ], [ 27.104650003892928, -26.695387998257377 ], [ 27.104611997644025, -26.695386002661778 ], [ 27.104573002140754, -26.695390998395741 ], [ 27.104468000895899, -26.69542499816496 ], [ 27.104396002971562, -26.695437988871959 ], [ 27.104322998705822, -26.695437988871959 ], [ 27.104286996146307, -26.695423002569363 ], [ 27.104254999167285, -26.695402001600932 ], [ 27.104227997022853, -26.69537599680466 ], [ 27.104207003249023, -26.695346001716462 ], [ 27.104192000758662, -26.695312001947155 ], [ 27.104185003133782, -26.695276995836519 ], [ 27.104186997830102, -26.695241008565496 ], [ 27.104195001796306, -26.695204997912185 ], [ 27.104210999836173, -26.695172002685638 ], [ 27.10428800158844, -26.695043000334074 ], [ 27.104196997391902, -26.694974001648735 ], [ 27.104195999144462, -26.69493899643739 ], [ 27.104171997138305, -26.694888996829643 ], [ 27.104139001911751, -26.694865011011334 ], [ 27.104084997622891, -26.694823997429385 ], [ 27.104040001842986, -26.694775004162963 ], [ 27.104004995732353, -26.694718996184623 ], [ 27.103981001820166, -26.6946580005661 ], [ 27.103968003019286, -26.694593999413375 ], [ 27.103968003019286, -26.694529006308429 ], [ 27.103979997277492, -26.694463997915005 ], [ 27.103988000344323, -26.694401001305032 ], [ 27.103985000206052, -26.694345998768643 ], [ 27.103963000090815, -26.694279002873593 ], [ 27.103894999652908, -26.694181998400332 ], [ 27.10379299944578, -26.694037004304224 ], [ 27.103782010629704, -26.693985001906096 ], [ 27.103782010629704, -26.693951002136881 ], [ 27.10379299944578, -26.693888003728254 ], [ 27.103802997208934, -26.693843998101915 ], [ 27.103808998384931, -26.693810994781391 ], [ 27.103817000552485, -26.693781997940736 ], [ 27.103829002005206, -26.693744998033058 ], [ 27.103841002558649, -26.693707997226106 ], [ 27.10385199856924, -26.693676000247088 ], [ 27.103861997231757, -26.69364199867913 ], [ 27.10387099764684, -26.693608996258064 ], [ 27.103881004403238, -26.69357200444427 ], [ 27.103894999652908, -26.693520002046334 ], [ 27.10390200627095, -26.693486002277023 ], [ 27.103904990221459, -26.693419995636155 ], [ 27.103894999652908, -26.693386003960811 ], [ 27.103873001336318, -26.693366000340454 ], [ 27.103842000806086, -26.693346003015506 ], [ 27.103801999860778, -26.69332998878787 ], [ 27.103768997439619, -26.693324003799631 ], [ 27.103730999284601, -26.693320995567301 ], [ 27.103684998062569, -26.693320995567301 ], [ 27.103622997901386, -26.693322001009435 ], [ 27.103579996817803, -26.693325999395228 ], [ 27.103532998247612, -26.69332998878787 ], [ 27.103494002744426, -26.69332998878787 ], [ 27.103451990915037, -26.69332998878787 ], [ 27.103401002952381, -26.693328002185432 ], [ 27.103370003321434, -26.693324003799628 ], [ 27.103325995896348, -26.693312999695067 ], [ 27.103284001154087, -26.693297999003263 ], [ 27.103259999148019, -26.693283994760435 ], [ 27.103227003921468, -26.693260000848252 ], [ 27.103203001915393, -26.693239997227977 ], [ 27.103175998871684, -26.693216999764573 ], [ 27.10315199686552, -26.693195997896868 ], [ 27.10312600016313, -26.69317699881935 ], [ 27.103098000670535, -26.693161998127554 ], [ 27.10308999670443, -26.693130997597322 ], [ 27.103086000117187, -26.69308499727466 ], [ 27.103082001731384, -26.693046999119549 ], [ 27.103072993222426, -26.693014003892998 ], [ 27.10307200396824, -26.692983004262139 ], [ 27.103072003968236, -26.692946002555814 ], [ 27.103069002930592, -26.692913001034039 ], [ 27.103064000002032, -26.692875002878917 ], [ 27.103060003414793, -26.692848998082646 ], [ 27.103049995759029, -26.692811997275694 ], [ 27.103039997995872, -26.692777996607106 ], [ 27.103014001293484, -26.69273000068884 ], [ 27.102995002215973, -26.692696998267699 ], [ 27.102977997834692, -26.692675996399977 ], [ 27.102962997142978, -26.69265599997431 ], [ 27.102937996889466, -26.692625996792138 ], [ 27.102906997258518, -26.692588996884567 ], [ 27.102887990986403, -26.692560997391968 ], [ 27.102862998826684, -26.692522999236864 ], [ 27.102845005191217, -26.692482000943393 ], [ 27.102831001847665, -26.692448000274883 ], [ 27.102819001294222, -26.692411000367215 ], [ 27.102806998942224, -26.692374996908427 ], [ 27.102803002355074, -26.692344005371446 ], [ 27.102800002216714, -26.692305000874921 ], [ 27.102797999426514, -26.692250996586058 ], [ 27.10279499838887, -26.692213995779117 ], [ 27.10279300369255, -26.692177003965416 ], [ 27.102784999726353, -26.692123997024709 ], [ 27.102781003139203, -26.692084004173267 ], [ 27.102779000348914, -26.692051000852931 ], [ 27.102776996659433, -26.692013002697824 ], [ 27.102769001686482, -26.691973001752416 ], [ 27.102753002747331, -26.69193399905464 ], [ 27.102744998781038, -26.691903995872565 ], [ 27.102744998781038, -26.691872996241614 ], [ 27.102750002608971, -26.691843002052792 ], [ 27.102754000095398, -26.691803997556267 ], [ 27.102753002747331, -26.691760997372061 ], [ 27.102747001571238, -26.691729000392947 ], [ 27.102738002055528, -26.691688999447631 ], [ 27.102735001017891, -26.69164700290672 ], [ 27.102729000741171, -26.691596997003661 ], [ 27.102725003254651, -26.691558000601109 ], [ 27.102720000326087, -26.691521000693434 ], [ 27.10271399915009, -26.691486002676687 ], [ 27.102707998873459, -26.691450996566051 ], [ 27.102701997697366, -26.691412001962149 ], [ 27.102692998181748, -26.691371003668767 ], [ 27.102682998619859, -26.691327005236936 ], [ 27.102676001894348, -26.691291001778151 ], [ 27.102672004407829, -26.691263002285559 ], [ 27.102667997928144, -26.69122099944941 ], [ 27.102664997789784, -26.691180001155942 ], [ 27.102663003093557, -26.691134997282159 ], [ 27.102660002955197, -26.69110999702864 ], [ 27.102655000026637, -26.691074999911169 ], [ 27.102649997098077, -26.691035996314021 ], [ 27.102642998573916, -26.690981001871606 ], [ 27.102648998850633, -26.69093899903546 ], [ 27.102689997144019, -26.690938000787927 ], [ 27.102704998735096, -26.690959002655731 ], [ 27.102720996774966, -26.690982007313639 ], [ 27.102739995852478, -26.691000999196643 ], [ 27.10277500196311, -26.691018002678547 ], [ 27.102816000256585, -26.691040001894429 ], [ 27.102843003300293, -26.691071002424657 ], [ 27.102862998826684, -26.691105002193968 ], [ 27.102865001616884, -26.691130998896352 ], [ 27.102878997765924, -26.691155999149867 ], [ 27.102902002423839, -26.69117399998003 ], [ 27.102936003092431, -26.691201002124373 ], [ 27.102974997696336, -26.691221995898207 ], [ 27.103020001570208, -26.691229001616968 ], [ 27.103064998249479, -26.691219003853814 ], [ 27.103109994029378, -26.691204003162099 ], [ 27.10314899672716, -26.691204003162106 ], [ 27.103179997257481, -26.691205997858333 ], [ 27.103204995712343, -26.691204003162103 ], [ 27.103238997280307, -26.691202996820692 ], [ 27.103268998663729, -26.691208997996696 ], [ 27.103298003598358, -26.691224996935937 ], [ 27.103324001200122, -26.691241003069681 ], [ 27.103351004243834, -26.691254001870565 ], [ 27.103380001084581, -26.691263002285556 ], [ 27.103414000853803, -26.691275002838992 ], [ 27.103463003113479, -26.691292000025594 ], [ 27.103501997717469, -26.691304997927187 ], [ 27.103541001314529, -26.691319002170108 ], [ 27.103591000022995, -26.691341998734142 ], [ 27.103628998178102, -26.691359003115338 ], [ 27.103664004288738, -26.69136500339205 ], [ 27.103693999376929, -26.691366989994489 ], [ 27.103733002074712, -26.691366989994481 ], [ 27.103768000091552, -26.691362999702477 ], [ 27.103792999445783, -26.691357000325127 ], [ 27.103821996286534, -26.691347999010866 ], [ 27.10385400225881, -26.691328999933255 ], [ 27.103872003088881, -26.691285998849587 ], [ 27.103875003227241, -26.691246996151808 ], [ 27.103873001336318, -26.691204999610893 ], [ 27.103873001336318, -26.69117399998003 ], [ 27.10387099764684, -26.691142003000923 ], [ 27.103867990313876, -26.691111999818762 ], [ 27.103860001636161, -26.691061993016412 ], [ 27.1038549987076, -26.691028997789861 ], [ 27.103850003873006, -26.690988996844553 ], [ 27.103838003319566, -26.69094199917382 ], [ 27.103829002005206, -26.690910001295425 ], [ 27.103823001728486, -26.69087200314031 ], [ 27.103820998938374, -26.690839989973444 ], [ 27.103829002005206, -26.690801002564051 ], [ 27.1038549987076, -26.690771000281352 ], [ 27.1038739977852, -26.690752997652545 ], [ 27.103897003342389, -26.690728995646474 ], [ 27.10392200179734, -26.690687998252368 ], [ 27.103935997946291, -26.690640999682262 ], [ 27.103935997946291, -26.690615002979875 ], [ 27.1039290003215, -26.69058299700751 ], [ 27.10392200179734, -26.690550001781048 ], [ 27.103916002419989, -26.690523996984776 ], [ 27.103904990221459, -26.690492008099547 ], [ 27.103881004403238, -26.690473998276236 ], [ 27.10384899933025, -26.690475003718269 ], [ 27.103793988700065, -26.690479998552942 ], [ 27.103758001429032, -26.690489997215472 ], [ 27.103727999146244, -26.690495998391466 ], [ 27.103696998616009, -26.69050300411023 ], [ 27.103661004150378, -26.690514996569696 ], [ 27.103618003066799, -26.690525003326094 ], [ 27.103582996956167, -26.690534992995371 ], [ 27.103554000115412, -26.690538998575768 ], [ 27.10351799665662, -26.690538001227605 ], [ 27.103506004197151, -26.690500003072586 ], [ 27.103510000784301, -26.690470000789706 ], [ 27.103504997855826, -26.690436998368646 ], [ 27.103497002882794, -26.690413003557172 ], [ 27.103488001568426, -26.690382003926214 ], [ 27.103470000738355, -26.690346001366716 ], [ 27.103454001799115, -26.690321001113197 ], [ 27.103439001107407, -26.690296999107129 ], [ 27.103423002168171, -26.690268002266382 ], [ 27.103405997786975, -26.69024199657073 ], [ 27.1033839985711, -26.690209999591715 ], [ 27.103354004382194, -26.690173997032197 ], [ 27.103325995896348, -26.690150010314525 ], [ 27.103293000669797, -26.690122002728046 ], [ 27.103272997049615, -26.690104999246142 ], [ 27.103249999586218, -26.690082999130993 ], [ 27.103218999955264, -26.690051002151879 ], [ 27.103193003252876, -26.690024997355607 ], [ 27.103172998733324, -26.690004992836055 ], [ 27.103151000416734, -26.689981996272024 ], [ 27.103119001638969, -26.689949001045477 ], [ 27.103116999748142, -26.689914003927996 ], [ 27.103103003599102, -26.689888995580525 ], [ 27.103085001869751, -26.689866997263934 ], [ 27.103064000002036, -26.689846999938975 ], [ 27.103032003022928, -26.689828000861382 ], [ 27.102989999287413, -26.68980699989304 ], [ 27.102945002608145, -26.689797998578676 ], [ 27.102906997258522, -26.689797001230517 ], [ 27.102874002931248, -26.689797001230513 ], [ 27.102835996682256, -26.689797998578673 ], [ 27.102797001179074, -26.689798995926743 ], [ 27.102748997166842, -26.689803002406421 ], [ 27.102703004038776, -26.68981099737946 ], [ 27.102667997928144, -26.689818003098221 ], [ 27.102629999773033, -26.689822997932811 ], [ 27.102602997628605, -26.689822997932815 ], [ 27.102565996821653, -26.689821004135872 ], [ 27.102540008213232, -26.689819001345668 ], [ 27.102514004316241, -26.689813000169664 ], [ 27.102345000120089, -26.689794001092153 ], [ 27.102320990020051, -26.689772001876282 ], [ 27.102292000373897, -26.689735001069241 ], [ 27.102264000881309, -26.689699995857985 ], [ 27.102261998091109, -26.689657002868191 ], [ 27.102270001158029, -26.689609996204211 ], [ 27.102276998782905, -26.68957300259185 ], [ 27.10228200171138, -26.689545003998632 ], [ 27.10229800065062, -26.689506997749554 ], [ 27.102313999589771, -26.689469996942695 ], [ 27.102329001180848, -26.689444000240297 ], [ 27.102363000950159, -26.689416000747709 ], [ 27.102388997652465, -26.689398997265794 ], [ 27.102413997906062, -26.689378002592598 ], [ 27.102450001364854, -26.689356003376723 ], [ 27.102484997582959, -26.689339997242975 ], [ 27.102512997974831, -26.689328003884132 ], [ 27.102549001433623, -26.689316003330692 ], [ 27.102592001618014, -26.689302996436016 ], [ 27.102632002563233, -26.689285002800464 ], [ 27.102666003231914, -26.689267001071109 ], [ 27.10270400138694, -26.689239998926684 ], [ 27.102735999265327, -26.68922000160164 ], [ 27.102778002101473, -26.689195999595565 ], [ 27.10293199661275, -26.689168998350507 ], [ 27.102959006851062, -26.68914600088711 ], [ 27.102987995597932, -26.689121002432156 ], [ 27.103017998780008, -26.6890949967366 ], [ 27.103042998134235, -26.68907500121021 ], [ 27.103064998249479, -26.689056998581492 ], [ 27.10308999670443, -26.689032000126538 ], [ 27.103122002676702, -26.68900099959631 ], [ 27.103145996588889, -26.688970997313518 ], [ 27.103175998871684, -26.688933997405936 ], [ 27.103203999263553, -26.688904998766532 ], [ 27.103227003921468, -26.688882999550664 ], [ 27.103253997972015, -26.688864001372426 ], [ 27.10327899732625, -26.688842998605349 ], [ 27.103306000370047, -26.688823003079047 ], [ 27.103328996034708, -26.688806996045841 ], [ 27.103362996703304, -26.688784996830062 ], [ 27.103399000162092, -26.688764003056139 ], [ 27.103432002583247, -26.688747996023018 ], [ 27.103458996633801, -26.688733003425277 ], [ 27.10349199995423, -26.688713996253796 ], [ 27.103528999861812, -26.688690002341598 ], [ 27.103562993335892, -26.688666997683697 ], [ 27.103594001060635, -26.688649004048131 ], [ 27.103621003205159, -26.688631999666942 ], [ 27.103644997117346, -26.688619999113502 ], [ 27.103678996886568, -26.688604998421788 ], [ 27.103706997278532, -26.688594002411204 ], [ 27.10373199663276, -26.688582998306547 ], [ 27.103773003020112, -26.688564996577195 ], [ 27.103804999999134, -26.688538999874805 ], [ 27.103823001728486, -26.688499996277653 ], [ 27.103828004657046, -26.688458008729995 ], [ 27.103829002005206, -26.688430999390963 ], [ 27.103823999076734, -26.688383001674058 ], [ 27.103817998800018, -26.688346001766469 ], [ 27.103811001175224, -26.68830800361135 ], [ 27.103799997070574, -26.688259002251058 ], [ 27.103783000783267, -26.688219002205017 ], [ 27.103786999169063, -26.688184004188273 ], [ 27.103820000690849, -26.688163002320564 ], [ 27.1038529959174, -26.68816600155964 ], [ 27.103881004403238, -26.688181004050005 ], [ 27.103913998730423, -26.688196004741709 ], [ 27.103956001566651, -26.688201989729862 ], [ 27.104000998245837, -26.688179001259801 ], [ 27.104030003180558, -26.688147003381321 ], [ 27.10405200329571, -26.688110002574366 ], [ 27.1040719988221, -26.68808199498789 ], [ 27.104090997899611, -26.688048003312566 ], [ 27.104105998591326, -26.68802000292068 ], [ 27.104124009314017, -26.687986999600167 ], [ 27.104149997922523, -26.687952003382069 ], [ 27.104179002857066, -26.687931008708954 ], [ 27.104199996630896, -26.687915999023986 ], [ 27.104220001150537, -26.687888000430679 ], [ 27.104239000228048, -26.68785000227566 ], [ 27.104245997852932, -26.687822992037344 ], [ 27.104252996377088, -26.687782000938476 ], [ 27.104251000781492, -26.687752996003841 ], [ 27.104251999028929, -26.68772199637289 ], [ 27.104251999028929, -26.687693995981018 ], [ 27.104255995616079, -26.68765299768755 ], [ 27.104266002372484, -26.687606997364885 ], [ 27.104269999859, -26.687571001999974 ], [ 27.104269999859, -26.687524999878747 ], [ 27.104263002234209, -26.687479996904255 ], [ 27.104254999167289, -26.687448997273297 ], [ 27.104239997576208, -26.687400003107506 ], [ 27.104227997022857, -26.687366991693196 ], [ 27.104220999397981, -26.687342001332127 ], [ 27.104204999559457, -26.687295001862733 ], [ 27.104179002857066, -26.687248003292552 ], [ 27.104155998199158, -26.687214002624049 ], [ 27.103988000344327, -26.687179004607206 ], [ 27.103947999399015, -26.687179004607209 ], [ 27.103907997554511, -26.687186003131362 ], [ 27.103870000298684, -26.687199001932242 ], [ 27.103835999630089, -26.687218990264029 ], [ 27.103805998246663, -26.687243997712233 ], [ 27.103780997993066, -26.68727399999494 ], [ 27.103761998915466, -26.687307003315372 ], [ 27.103751002904875, -26.687342997780998 ], [ 27.103745999976312, -26.687379998587957 ], [ 27.103747994672634, -26.687416999394816 ], [ 27.103563997878567, -26.687366991693189 ], [ 27.103432999931407, -26.687205999557126 ], [ 27.103593002813195, -26.686964998335831 ], [ 27.103669997370858, -26.686880000711341 ], [ 27.103870000298684, -26.686744997183776 ], [ 27.103873001336318, -26.686713000204669 ], [ 27.103690998339292, -26.686541003964042 ], [ 27.103634009200547, -26.686532010743559 ], [ 27.103196004290513, -26.686666998982723 ], [ 27.102871001893607, -26.686654000181846 ], [ 27.102747999818774, -26.686474998222462 ], [ 27.102739995852481, -26.686440000205707 ], [ 27.102748997166842, -26.686397997369564 ], [ 27.102769999034642, -26.686372997115967 ], [ 27.102798995875307, -26.686356000828653 ], [ 27.102939999679581, -26.686312991651093 ], [ 27.102943000717314, -26.68627800172823 ], [ 27.102955002170035, -26.686253999722158 ], [ 27.102974001247546, -26.686235000644647 ], [ 27.103005998226653, -26.68621799716265 ], [ 27.103033997719155, -26.686211996886019 ], [ 27.103042000786079, -26.686136997923956 ], [ 27.102908002700563, -26.686079012336425 ], [ 27.102363000950159, -26.686017004081268 ], [ 27.102240996223397, -26.685870997348516 ], [ 27.102305995623567, -26.685569996957597 ], [ 27.102137997768832, -26.685612000693197 ], [ 27.102092993894956, -26.685636002699177 ], [ 27.10206800173524, -26.685642003875273 ], [ 27.102041997838338, -26.685643001223351 ], [ 27.102003999683223, -26.685634990062539 ], [ 27.101969001666472, -26.685618999217269 ], [ 27.101941992327529, -26.685593998963757 ], [ 27.101917998415253, -26.685552012315377 ], [ 27.101914000029449, -26.685504000209271 ], [ 27.101929998968689, -26.68545799808804 ], [ 27.101951998184564, -26.685428003899133 ], [ 27.101982997815512, -26.68540599658937 ], [ 27.102028999037458, -26.685391003092182 ], [ 27.102069997330837, -26.685389997650141 ], [ 27.102133002934149, -26.685191996613241 ], [ 27.102131996592739, -26.685162002424331 ], [ 27.102118001343072, -26.685135000279896 ], [ 27.102094996685157, -26.685118003992585 ], [ 27.10206800173524, -26.685110998273824 ], [ 27.102040003142015, -26.685113001064028 ], [ 27.101570996802472, -26.685249999287898 ], [ 27.101488002867367, -26.685237997835184 ], [ 27.101408001876116, -26.685212001132786 ], [ 27.101334001161582, -26.685172000187478 ], [ 27.101271002752959, -26.685119998688819 ], [ 27.101218012000018, -26.685057999427006 ], [ 27.101178002960825, -26.684987995299618 ], [ 27.101154000954754, -26.684912997236928 ], [ 27.101076001854327, -26.684906996060928 ], [ 27.101049997957425, -26.684943996867784 ], [ 27.101105996942518, -26.685041999588478 ], [ 27.101114000009439, -26.685069001732909 ], [ 27.101111998118608, -26.685106003439142 ], [ 27.101101998556722, -26.685132000141532 ], [ 27.10108300037858, -26.68515499580629 ], [ 27.101048999709985, -26.685175001225211 ], [ 27.101009997012113, -26.685181000602558 ], [ 27.100971000609562, -26.685174002977671 ], [ 27.100739989956999, -26.685020997720681 ], [ 27.100562997982323, -26.684905998712765 ], [ 27.100545927950623, -26.684923881731656 ], [ 27.10039499203361, -26.685082001433077 ], [ 27.100109998675897, -26.685380997235058 ], [ 27.100020997269564, -26.685566000370446 ], [ 27.099780529346297, -26.686067738435231 ], [ 27.099683907084994, -26.685943062722011 ], [ 27.098513448435256, -26.685238716393464 ], [ 27.097498359360142, -26.684679382147603 ], [ 27.09627610965309, -26.684482579007689 ], [ 27.09546818210929, -26.684420429558987 ], [ 27.095540688150635, -26.684213268927049 ], [ 27.09277509029652, -26.683912886370525 ], [ 27.092257493922222, -26.683877189846392 ], [ 27.091874970551729, -26.684359502289091 ], [ 27.092095999628995, -26.683814001414841 ], [ 27.092920999003237, -26.681435004121987 ], [ 27.093528998263068, -26.679861001683733 ], [ 27.094055998284031, -26.677521998141504 ], [ 27.093779000798545, -26.675704997987076 ], [ 27.093410998217337, -26.674616000827609 ], [ 27.092851011063619, -26.67346099702727 ], [ 27.09171599559507, -26.672051003950489 ], [ 27.09056000343973, -26.670831997198775 ], [ 27.089532998347469, -26.669746996626447 ], [ 27.088474999919665, -26.668202000022102 ], [ 27.08793899858426, -26.666339000444303 ], [ 27.087901997777305, -26.665496996688869 ], [ 27.088326000243068, -26.663502998264626 ], [ 27.088744002432108, -26.662293000921157 ], [ 27.089017000632424, -26.661502998664293 ], [ 27.08981900344255, -26.659184996989868 ], [ 27.090812000671619, -26.656365001843223 ], [ 27.091752997301306, -26.65371700293721 ], [ 27.092160001681112, -26.652527002019404 ], [ 27.093069997780482, -26.650175997024462 ], [ 27.093939003680433, -26.649139997812529 ], [ 27.094538001625818, -26.648550001181423 ], [ 27.096333999013261, -26.646795999435621 ], [ 27.097812998869188, -26.64529299757363 ], [ 27.100866000264094, -26.642334998761076 ], [ 27.102543997605803, -26.640362002204455 ], [ 27.103173996081505, -26.639171003938582 ], [ 27.103662998846719, -26.637541001615777 ], [ 27.103857998845985, -26.63633299896853 ], [ 27.104355004678119, -26.632615001980557 ], [ 27.104701997297738, -26.630219997654585 ], [ 27.104802010902514, -26.628318001674316 ], [ 27.105138997665016, -26.628219998953625 ], [ 27.108806995944544, -26.627419001585547 ], [ 27.1083770021954, -26.628971004807841 ], [ 27.108049989813601, -26.630169001598052 ], [ 27.108020002819288, -26.630278001228614 ], [ 27.10786999770065, -26.630820999289529 ], [ 27.10780600284324, -26.631056001133384 ], [ 27.107618001368046, -26.631745996080699 ], [ 27.107528000814995, -26.632076001406169 ], [ 27.107327996987895, -26.632807001841545 ], [ 27.107259995650711, -26.633052002347913 ], [ 27.107091000447721, -26.633661996303978 ], [ 27.106586996990703, -26.635474998072517 ], [ 27.106235998790773, -26.636733996776378 ], [ 27.105980003173002, -26.637652004036639 ], [ 27.105780996694058, -26.638359003365224 ], [ 27.104751996006197, -26.642021001367933 ], [ 27.104520999742746, -26.642849000880528 ], [ 27.104371002717986, -26.643410998018954 ], [ 27.104288001588461, -26.643729999239945 ], [ 27.104270998106458, -26.643794998640114 ], [ 27.104170002442093, -26.644157999192135 ], [ 27.104158999236816, -26.644238998430918 ], [ 27.10412000283435, -26.644517997807231 ], [ 27.104121001081793, -26.644584002649445 ], [ 27.104142002050136, -26.645329998380596 ], [ 27.104240994924385, -26.646952994085261 ], [ 27.104251999028946, -26.647137997220657 ], [ 27.104260002095867, -26.647248997842862 ], [ 27.1043130009426, -26.648146003235311 ], [ 27.104399003109947, -26.649597002699359 ], [ 27.104750001309959, -26.654976999888532 ] ] ] } },
{ "type": "Feature", "properties": { "Municipali": "JB Marks Local Municipality", "WardNo": "24", "WardLabel": "NW405_24", "Province": "North West", "CLASSIFICATION": "Service centre", "PopGBlack": 135.30332363201407, "PopGColour": 22.09390944587641, "PopGIndian": 0.87521944461858203, "PopGWhite": 790.41041517550582, "PopGOther": 33.969665715993052, "PopGTotal": 982.65253341400796 }, "geometry": { "type": "Polygon", "coordinates": [ [ [ 27.106034000267325, -26.709012997951373 ], [ 27.106911001140229, -26.711609999901491 ], [ 27.108073001666078, -26.711631999117269 ], [ 27.109232002953028, -26.711490995312996 ], [ 27.108827734310907, -26.711950146881666 ], [ 27.108917330169017, -26.711937693969279 ], [ 27.109920749641333, -26.712611419281444 ], [ 27.110737820592416, -26.713094017075083 ], [ 27.111392432613091, -26.713514497795721 ], [ 27.111951481773925, -26.713982760395975 ], [ 27.112214281662183, -26.714255117379604 ], [ 27.112644320377573, -26.714795053248952 ], [ 27.112916677361209, -26.715220312067611 ], [ 27.113083912590874, -26.715535672832832 ], [ 27.11330370959698, -26.71609472199367 ], [ 27.11362862655832, -26.717055137684376 ], [ 27.113834090169508, -26.717714528702441 ], [ 27.113982213007152, -26.718149343717101 ], [ 27.114612935437084, -26.720146629163455 ], [ 27.114861401031316, -26.720920696332932 ], [ 27.115214986580778, -26.721967119586758 ], [ 27.115339219827579, -26.722358931719189 ], [ 27.115420449292692, -26.722626510604819 ], [ 27.115683250080398, -26.723424469163781 ], [ 27.115931715674545, -26.724160309750378 ], [ 27.116055948921346, -26.72445178002549 ], [ 27.116285302123465, -26.724877038844134 ], [ 27.116438203958392, -26.725130283435661 ], [ 27.116686669552628, -26.725459979394373 ], [ 27.117002031217233, -26.725813564943923 ], [ 27.117240940615368, -26.726081143829546 ], [ 27.117537188988489, -26.726334388421158 ], [ 27.117600524642988, -26.726346168640621 ], [ 27.118437279954964, -26.727043465183623 ], [ 27.120377160775838, -26.72786306412895 ], [ 27.121777763131718, -26.728279909789872 ], [ 27.123511842196248, -26.728680082019984 ], [ 27.124838487005015, -26.729158989895385 ], [ 27.124694197977355, -26.729484474328839 ], [ 27.124605587776134, -26.729768025174135 ], [ 27.124623309816325, -26.730033854878339 ], [ 27.124641031856605, -26.730228796421688 ], [ 27.124587865735851, -26.73038829388457 ], [ 27.124357481011398, -26.730530070206456 ], [ 27.12410937334738, -26.730565514286919 ], [ 27.123896708864471, -26.730476904085791 ], [ 27.123878986824277, -26.730299683683349 ], [ 27.12359543597907, -26.730211074381504 ], [ 27.12338277239553, -26.730246517562595 ], [ 27.123170108811898, -26.730459182045511 ], [ 27.123152386771704, -26.730689566769961 ], [ 27.123294162194309, -26.730831343091843 ], [ 27.123240996972839, -26.731061728715673 ], [ 27.123081498610677, -26.731540222003503 ], [ 27.123170108811898, -26.731735162647482 ], [ 27.123276441053399, -26.731930105090125 ], [ 27.123116942691233, -26.73212504663347 ], [ 27.122780224825998, -26.732231378874882 ], [ 27.12242578581985, -26.732302266136546 ], [ 27.122159957014837, -26.732532651760362 ], [ 27.121858683230162, -26.732621261961587 ], [ 27.121610575566056, -26.73262126196159 ], [ 27.121575132384955, -26.732390876337764 ], [ 27.121362467902046, -26.732213656834702 ], [ 27.120671311030659, -26.732018715291336 ], [ 27.119696603313983, -26.731752884687765 ], [ 27.119164943905485, -26.731841494888897 ], [ 27.118828226939524, -26.732054159371806 ], [ 27.118704172657836, -26.732355432257293 ], [ 27.118721894698112, -26.732585817881112 ], [ 27.118845948979807, -26.732745316243275 ], [ 27.118952280321935, -26.732975700967639 ], [ 27.118952280321935, -26.73329469679269 ], [ 27.118739616738395, -26.733401028134818 ], [ 27.11863328539626, -26.733542803557416 ], [ 27.118562397235234, -26.733808634160994 ], [ 27.118456064993818, -26.734092185006194 ], [ 27.118456064993818, -26.734358014710491 ], [ 27.118349732752407, -26.734694731676445 ], [ 27.118225680269362, -26.735031448642314 ], [ 27.118137070068229, -26.735350445366631 ], [ 27.118013015786541, -26.735580830091081 ], [ 27.117747186981525, -26.73570488437278 ], [ 27.11737502503582, -26.735704884372776 ], [ 27.11693197582845, -26.73556310805089 ], [ 27.116666147023523, -26.735563108050897 ], [ 27.116559814782022, -26.735722606413052 ], [ 27.116577536822302, -26.735935269996602 ], [ 27.116595258862581, -26.73605932427829 ], [ 27.116205374876596, -26.736360597163685 ], [ 27.115673716367375, -26.736732758210103 ], [ 27.115567385025244, -26.736892255672903 ], [ 27.115602828206434, -26.737175807417483 ], [ 27.11547877482402, -26.73753024732299 ], [ 27.115354721441697, -26.737725187966884 ], [ 27.115053446757564, -26.737813798168105 ], [ 27.114628119590474, -26.738115071952869 ], [ 27.113990128839752, -26.738522677079764 ], [ 27.113848354316524, -26.738717618623117 ], [ 27.113529357592192, -26.738770784743782 ], [ 27.113228084706801, -26.738611287280985 ], [ 27.112979977042695, -26.738593565240699 ], [ 27.112767314358432, -26.738753062703502 ], [ 27.112802758438992, -26.73891256016638 ], [ 27.1129622550025, -26.739142945790199 ], [ 27.112997699082971, -26.739337888232829 ], [ 27.112873644801283, -26.739497384796348 ], [ 27.112840990417819, -26.739572024928911 ], [ 27.112741464245627, -26.739792052161341 ], [ 27.112672988965691, -26.740043125789452 ], [ 27.112661576568886, -26.740499625257375 ], [ 27.112650164172166, -26.740841998059569 ], [ 27.112627339378644, -26.741150134570894 ], [ 27.112536040204468, -26.741344147114614 ], [ 27.112319202867312, -26.741378384304856 ], [ 27.112033891149594, -26.741264259437877 ], [ 27.111771405124678, -26.741218609850829 ], [ 27.111543156290086, -26.741309909025006 ], [ 27.111326318952848, -26.741332733818528 ], [ 27.111075245324734, -26.741344147114617 ], [ 27.110949707161669, -26.741492509171835 ], [ 27.110744283120603, -26.741766407593548 ], [ 27.110379083726141, -26.742006069724223 ], [ 27.109911172760786, -26.742200081368491 ], [ 27.109397613107756, -26.742291381441941 ], [ 27.108975351729537, -26.742451155896056 ], [ 27.108438966383527, -26.742782117200818 ], [ 27.108142242269089, -26.742987541241884 ], [ 27.107925404931937, -26.743101666108863 ], [ 27.107708567594699, -26.743124490902385 ], [ 27.107503143553629, -26.743113077606296 ], [ 27.107331956702886, -26.742907653565229 ], [ 27.107303792634298, -26.742724590267464 ], [ 27.107286307115757, -26.74261093034999 ], [ 27.107263482322235, -26.742257144251706 ], [ 27.107263482322235, -26.741926182047571 ], [ 27.107149358354626, -26.741697933212897 ], [ 27.106978170604428, -26.741469684378302 ], [ 27.106795571356969, -26.741241434644355 ], [ 27.106670034093185, -26.741024598206476 ], [ 27.106658621696464, -26.740739285589477 ], [ 27.106658621696464, -26.740442562374234 ], [ 27.106555910125572, -26.740100187773297 ], [ 27.106396134772183, -26.739757814071734 ], [ 27.106247772714966, -26.739472503253293 ], [ 27.10604234867381, -26.739278490709662 ], [ 27.105825512235935, -26.739221428725813 ], [ 27.105597263401346, -26.739335552693429 ], [ 27.105403250857712, -26.739426852766879 ], [ 27.10518641441984, -26.739438266062965 ], [ 27.104958164685971, -26.739278490709655 ], [ 27.104889690305317, -26.738981766595138 ], [ 27.104889690305317, -26.738673630983087 ], [ 27.104775565438338, -26.738399731662174 ], [ 27.104627203381117, -26.738274194398389 ], [ 27.104400106578066, -26.738201935670677 ], [ 27.104376128853637, -26.738194306721738 ], [ 27.104227766796331, -26.738091595150856 ], [ 27.104136467622244, -26.737829108226649 ], [ 27.104074231838695, -26.73769332228887 ], [ 27.104010931257829, -26.737555208905647 ], [ 27.103882000852096, -26.737297001854976 ], [ 27.103550999977031, -26.73694600365496 ], [ 27.103432002583226, -26.736836996829798 ], [ 27.103269996911237, -26.736357004372106 ], [ 27.103086996566049, -26.736287997592878 ], [ 27.102993006620352, -26.736163998169886 ], [ 27.102869997350915, -26.736001999692405 ], [ 27.102902999771981, -26.735759002875515 ], [ 27.102937996889448, -26.735431998587778 ], [ 27.10296899741968, -26.73517600297 ], [ 27.10310499919477, -26.735130001748068 ], [ 27.103200000877735, -26.734755998890137 ], [ 27.103219998202686, -26.734672000412367 ], [ 27.103194997949174, -26.734280003019592 ], [ 27.102996996912271, -26.733905002813501 ], [ 27.102834999334164, -26.73361299744171 ], [ 27.102477999958062, -26.733273998895768 ], [ 27.102403001895365, -26.733133993339024 ], [ 27.102326001042471, -26.732907001756601 ], [ 27.102128000005571, -26.73229901059074 ], [ 27.102121998829567, -26.732105997193834 ], [ 27.102125997215371, -26.731680998279277 ], [ 27.102137000420562, -26.73131000365359 ], [ 27.10230799931303, -26.730995998166648 ], [ 27.102453000603827, -26.730845002894451 ], [ 27.102542002909441, -26.730666000935067 ], [ 27.102729998089313, -26.730529002711183 ], [ 27.102828000810007, -26.730391997292703 ], [ 27.102844249760725, -26.730156344339651 ], [ 27.102686949341635, -26.729828633184724 ], [ 27.10255586416017, -26.729514029648616 ], [ 27.102490321569437, -26.729317402775784 ], [ 27.102424779878071, -26.729081451247783 ], [ 27.10260829823272, -26.728937258447587 ], [ 27.102936009387733, -26.728884825274317 ], [ 27.102949117905826, -26.728688198401496 ], [ 27.10271316637791, -26.728504679147477 ], [ 27.102695568444133, -26.728451886245431 ], [ 27.10274960690726, -26.728267023404303 ], [ 27.103057130980226, -26.727995678157857 ], [ 27.103274206637675, -26.727814782226282 ], [ 27.103274206637675, -26.727416808838534 ], [ 27.103238027811074, -26.727199733180996 ], [ 27.103251975396738, -26.727067240560558 ], [ 27.103183759121531, -26.727036926213085 ], [ 27.102249621621105, -26.726457117102139 ], [ 27.102775627891297, -26.724922932147418 ], [ 27.10289432491151, -26.724576731830556 ], [ 27.102984773327023, -26.72372651816416 ], [ 27.103238027811077, -26.721139695640236 ], [ 27.103455104367988, -26.718335798358243 ], [ 27.103441223332201, -26.717725045374404 ], [ 27.098783147922337, -26.717384884904387 ], [ 27.096816198407154, -26.71726850813501 ], [ 27.096997094338814, -26.71455505836915 ], [ 27.097350000900214, -26.710880004008857 ], [ 27.097353632362541, -26.710823924084686 ], [ 27.103283930107711, -26.711289876326632 ], [ 27.103623790204136, -26.707763826139516 ], [ 27.103626941428573, -26.707751223939699 ], [ 27.105606997663202, -26.707874999431514 ], [ 27.105606997663202, -26.708160996432706 ], [ 27.105609001352679, -26.708397010913203 ], [ 27.105701002897376, -26.70846999899118 ], [ 27.1058190110369, -26.708540002219198 ], [ 27.105916001120956, -26.708611002795458 ], [ 27.105962002342991, -26.708680998828871 ], [ 27.106011002803921, -26.708801000765437 ], [ 27.106034000267325, -26.709012997951373 ] ] ] } },
{ "type": "Feature", "properties": { "Municipali": "JB Marks Local Municipality", "WardNo": "25", "WardLabel": "NW405_25", "Province": "North West", "CLASSIFICATION": "Service centre", "PopGBlack": 643.65496442000006, "PopGColour": 60.02214741, "PopGIndian": 3.509438752, "PopGWhite": 2139.1712037000002, "PopGOther": 32.2468595, "PopGTotal": 2878.6046138000002 }, "geometry": { "type": "Polygon", "coordinates": [ [ [ 27.100971000609562, -26.685174002977671 ], [ 27.101009997012113, -26.685181000602558 ], [ 27.101048999709985, -26.685175001225211 ], [ 27.10108300037858, -26.68515499580629 ], [ 27.101101998556722, -26.685132000141532 ], [ 27.101111998118608, -26.685106003439142 ], [ 27.101114000009439, -26.685069001732909 ], [ 27.101105996942518, -26.685041999588478 ], [ 27.101049997957425, -26.684943996867784 ], [ 27.101076001854327, -26.684906996060928 ], [ 27.101154000954754, -26.684912997236928 ], [ 27.101178002960825, -26.684987995299618 ], [ 27.101218012000018, -26.685057999427006 ], [ 27.101271002752959, -26.685119998688819 ], [ 27.101334001161582, -26.685172000187478 ], [ 27.101408001876116, -26.685212001132786 ], [ 27.101488002867367, -26.685237997835184 ], [ 27.101570996802472, -26.685249999287898 ], [ 27.102040003142015, -26.685113001064028 ], [ 27.10206800173524, -26.685110998273824 ], [ 27.102094996685157, -26.685118003992585 ], [ 27.102118001343072, -26.685135000279896 ], [ 27.102131996592739, -26.685162002424331 ], [ 27.102133002934149, -26.685191996613241 ], [ 27.102069997330837, -26.685389997650141 ], [ 27.102028999037458, -26.685391003092182 ], [ 27.101982997815512, -26.68540599658937 ], [ 27.101951998184564, -26.685428003899133 ], [ 27.101929998968689, -26.68545799808804 ], [ 27.101914000029449, -26.685504000209271 ], [ 27.101917998415253, -26.685552012315377 ], [ 27.101941992327529, -26.685593998963757 ], [ 27.101969001666472, -26.685618999217269 ], [ 27.102003999683223, -26.685634990062539 ], [ 27.102041997838338, -26.685643001223351 ], [ 27.10206800173524, -26.685642003875273 ], [ 27.102092993894956, -26.685636002699177 ], [ 27.102137997768832, -26.685612000693197 ], [ 27.102305995623567, -26.685569996957597 ], [ 27.102240996223397, -26.685870997348516 ], [ 27.102363000950159, -26.686017004081268 ], [ 27.102908002700563, -26.686079012336425 ], [ 27.103042000786079, -26.686136997923956 ], [ 27.103033997719155, -26.686211996886019 ], [ 27.103005998226653, -26.68621799716265 ], [ 27.102974001247546, -26.686235000644647 ], [ 27.102955002170035, -26.686253999722158 ], [ 27.102943000717314, -26.68627800172823 ], [ 27.102939999679581, -26.686312991651093 ], [ 27.102798995875307, -26.686356000828653 ], [ 27.102769999034642, -26.686372997115967 ], [ 27.102748997166842, -26.686397997369564 ], [ 27.102739995852481, -26.686440000205707 ], [ 27.102747999818774, -26.686474998222462 ], [ 27.102871001893607, -26.686654000181846 ], [ 27.103196004290513, -26.686666998982723 ], [ 27.103634009200547, -26.686532010743559 ], [ 27.103690998339292, -26.686541003964042 ], [ 27.103873001336318, -26.686713000204669 ], [ 27.103870000298684, -26.686744997183776 ], [ 27.103669997370858, -26.686880000711341 ], [ 27.103593002813195, -26.686964998335831 ], [ 27.103432999931407, -26.687205999557126 ], [ 27.103563997878567, -26.687366991693189 ], [ 27.103747994672634, -26.687416999394816 ], [ 27.103745999976312, -26.687379998587957 ], [ 27.103751002904875, -26.687342997780998 ], [ 27.103761998915466, -26.687307003315372 ], [ 27.103780997993066, -26.68727399999494 ], [ 27.103805998246663, -26.687243997712233 ], [ 27.103835999630089, -26.687218990264029 ], [ 27.103870000298684, -26.687199001932242 ], [ 27.103907997554511, -26.687186003131362 ], [ 27.103947999399015, -26.687179004607209 ], [ 27.103988000344327, -26.687179004607206 ], [ 27.104155998199158, -26.687214002624049 ], [ 27.104179002857066, -26.687248003292552 ], [ 27.104204999559457, -26.687295001862733 ], [ 27.104220999397981, -26.687342001332127 ], [ 27.104227997022857, -26.687366991693196 ], [ 27.104239997576208, -26.687400003107506 ], [ 27.104254999167289, -26.687448997273297 ], [ 27.104263002234209, -26.687479996904255 ], [ 27.104269999859, -26.687524999878747 ], [ 27.104269999859, -26.687571001999974 ], [ 27.104266002372484, -26.687606997364885 ], [ 27.104255995616079, -26.68765299768755 ], [ 27.104251999028929, -26.687693995981018 ], [ 27.104251999028929, -26.68772199637289 ], [ 27.104251000781492, -26.687752996003841 ], [ 27.104252996377088, -26.687782000938476 ], [ 27.104245997852932, -26.687822992037344 ], [ 27.104239000228048, -26.68785000227566 ], [ 27.104220001150537, -26.687888000430679 ], [ 27.104199996630896, -26.687915999023986 ], [ 27.104179002857066, -26.687931008708954 ], [ 27.104149997922523, -26.687952003382069 ], [ 27.104124009314017, -26.687986999600167 ], [ 27.104105998591326, -26.68802000292068 ], [ 27.104090997899611, -26.688048003312566 ], [ 27.1040719988221, -26.68808199498789 ], [ 27.10405200329571, -26.688110002574366 ], [ 27.104030003180558, -26.688147003381321 ], [ 27.104000998245837, -26.688179001259801 ], [ 27.103956001566651, -26.688201989729862 ], [ 27.103913998730423, -26.688196004741709 ], [ 27.103881004403238, -26.688181004050005 ], [ 27.1038529959174, -26.68816600155964 ], [ 27.103820000690849, -26.688163002320564 ], [ 27.103786999169063, -26.688184004188273 ], [ 27.103783000783267, -26.688219002205017 ], [ 27.103799997070574, -26.688259002251058 ], [ 27.103811001175224, -26.68830800361135 ], [ 27.103817998800018, -26.688346001766469 ], [ 27.103823999076734, -26.688383001674058 ], [ 27.103829002005206, -26.688430999390963 ], [ 27.103828004657046, -26.688458008729995 ], [ 27.103823001728486, -26.688499996277653 ], [ 27.103804999999134, -26.688538999874805 ], [ 27.103773003020112, -26.688564996577195 ], [ 27.10373199663276, -26.688582998306547 ], [ 27.103706997278532, -26.688594002411204 ], [ 27.103678996886568, -26.688604998421788 ], [ 27.103644997117346, -26.688619999113502 ], [ 27.103621003205159, -26.688631999666942 ], [ 27.103594001060635, -26.688649004048131 ], [ 27.103562993335892, -26.688666997683697 ], [ 27.103528999861812, -26.688690002341598 ], [ 27.10349199995423, -26.688713996253796 ], [ 27.103458996633801, -26.688733003425277 ], [ 27.103432002583247, -26.688747996023018 ], [ 27.103399000162092, -26.688764003056139 ], [ 27.103362996703304, -26.688784996830062 ], [ 27.103328996034708, -26.688806996045841 ], [ 27.103306000370047, -26.688823003079047 ], [ 27.10327899732625, -26.688842998605349 ], [ 27.103253997972015, -26.688864001372426 ], [ 27.103227003921468, -26.688882999550664 ], [ 27.103203999263553, -26.688904998766532 ], [ 27.103175998871684, -26.688933997405936 ], [ 27.103145996588889, -26.688970997313518 ], [ 27.103122002676702, -26.68900099959631 ], [ 27.10308999670443, -26.689032000126538 ], [ 27.103064998249479, -26.689056998581492 ], [ 27.103042998134235, -26.68907500121021 ], [ 27.103017998780008, -26.6890949967366 ], [ 27.102987995597932, -26.689121002432156 ], [ 27.102959006851062, -26.68914600088711 ], [ 27.10293199661275, -26.689168998350507 ], [ 27.102778002101473, -26.689195999595565 ], [ 27.102735999265327, -26.68922000160164 ], [ 27.10270400138694, -26.689239998926684 ], [ 27.102666003231914, -26.689267001071109 ], [ 27.102632002563233, -26.689285002800464 ], [ 27.102592001618014, -26.689302996436016 ], [ 27.102549001433623, -26.689316003330692 ], [ 27.102512997974831, -26.689328003884132 ], [ 27.102484997582959, -26.689339997242975 ], [ 27.102450001364854, -26.689356003376723 ], [ 27.102413997906062, -26.689378002592598 ], [ 27.102388997652465, -26.689398997265794 ], [ 27.102363000950159, -26.689416000747709 ], [ 27.102329001180848, -26.689444000240297 ], [ 27.102313999589771, -26.689469996942695 ], [ 27.10229800065062, -26.689506997749554 ], [ 27.10228200171138, -26.689545003998632 ], [ 27.102276998782905, -26.68957300259185 ], [ 27.102270001158029, -26.689609996204211 ], [ 27.102261998091109, -26.689657002868191 ], [ 27.102264000881309, -26.689699995857985 ], [ 27.102292000373897, -26.689735001069241 ], [ 27.102320990020051, -26.689772001876282 ], [ 27.102345000120089, -26.689794001092153 ], [ 27.102514004316241, -26.689813000169664 ], [ 27.102540008213232, -26.689819001345668 ], [ 27.102565996821653, -26.689821004135872 ], [ 27.102602997628605, -26.689822997932815 ], [ 27.102629999773033, -26.689822997932811 ], [ 27.102667997928144, -26.689818003098221 ], [ 27.102703004038776, -26.68981099737946 ], [ 27.102748997166842, -26.689803002406421 ], [ 27.102797001179074, -26.689798995926743 ], [ 27.102835996682256, -26.689797998578673 ], [ 27.102874002931248, -26.689797001230513 ], [ 27.102906997258522, -26.689797001230517 ], [ 27.102945002608145, -26.689797998578676 ], [ 27.102989999287413, -26.68980699989304 ], [ 27.103032003022928, -26.689828000861382 ], [ 27.103064000002036, -26.689846999938975 ], [ 27.103085001869751, -26.689866997263934 ], [ 27.103103003599102, -26.689888995580525 ], [ 27.103116999748142, -26.689914003927996 ], [ 27.103119001638969, -26.689949001045477 ], [ 27.103151000416734, -26.689981996272024 ], [ 27.103172998733324, -26.690004992836055 ], [ 27.103193003252876, -26.690024997355607 ], [ 27.103218999955264, -26.690051002151879 ], [ 27.103249999586218, -26.690082999130993 ], [ 27.103272997049615, -26.690104999246142 ], [ 27.103293000669797, -26.690122002728046 ], [ 27.103325995896348, -26.690150010314525 ], [ 27.103354004382194, -26.690173997032197 ], [ 27.1033839985711, -26.690209999591715 ], [ 27.103405997786975, -26.69024199657073 ], [ 27.103423002168171, -26.690268002266382 ], [ 27.103439001107407, -26.690296999107129 ], [ 27.103454001799115, -26.690321001113197 ], [ 27.103470000738355, -26.690346001366716 ], [ 27.103488001568426, -26.690382003926214 ], [ 27.103497002882794, -26.690413003557172 ], [ 27.103504997855826, -26.690436998368646 ], [ 27.103510000784301, -26.690470000789706 ], [ 27.103506004197151, -26.690500003072586 ], [ 27.10351799665662, -26.690538001227605 ], [ 27.103554000115412, -26.690538998575768 ], [ 27.103582996956167, -26.690534992995371 ], [ 27.103618003066799, -26.690525003326094 ], [ 27.103661004150378, -26.690514996569696 ], [ 27.103696998616009, -26.69050300411023 ], [ 27.103727999146244, -26.690495998391466 ], [ 27.103758001429032, -26.690489997215472 ], [ 27.103793988700065, -26.690479998552942 ], [ 27.10384899933025, -26.690475003718269 ], [ 27.103881004403238, -26.690473998276236 ], [ 27.103904990221459, -26.690492008099547 ], [ 27.103916002419989, -26.690523996984776 ], [ 27.10392200179734, -26.690550001781048 ], [ 27.1039290003215, -26.69058299700751 ], [ 27.103935997946291, -26.690615002979875 ], [ 27.103935997946291, -26.690640999682262 ], [ 27.10392200179734, -26.690687998252368 ], [ 27.103897003342389, -26.690728995646474 ], [ 27.1038739977852, -26.690752997652545 ], [ 27.1038549987076, -26.690771000281352 ], [ 27.103829002005206, -26.690801002564051 ], [ 27.103820998938374, -26.690839989973444 ], [ 27.103823001728486, -26.69087200314031 ], [ 27.103829002005206, -26.690910001295425 ], [ 27.103838003319566, -26.69094199917382 ], [ 27.103850003873006, -26.690988996844553 ], [ 27.1038549987076, -26.691028997789861 ], [ 27.103860001636161, -26.691061993016412 ], [ 27.103867990313876, -26.691111999818762 ], [ 27.10387099764684, -26.691142003000923 ], [ 27.103873001336318, -26.69117399998003 ], [ 27.103873001336318, -26.691204999610893 ], [ 27.103875003227241, -26.691246996151808 ], [ 27.103872003088881, -26.691285998849587 ], [ 27.10385400225881, -26.691328999933255 ], [ 27.103821996286534, -26.691347999010866 ], [ 27.103792999445783, -26.691357000325127 ], [ 27.103768000091552, -26.691362999702477 ], [ 27.103733002074712, -26.691366989994481 ], [ 27.103693999376929, -26.691366989994489 ], [ 27.103664004288738, -26.69136500339205 ], [ 27.103628998178102, -26.691359003115338 ], [ 27.103591000022995, -26.691341998734142 ], [ 27.103541001314529, -26.691319002170108 ], [ 27.103501997717469, -26.691304997927187 ], [ 27.103463003113479, -26.691292000025594 ], [ 27.103414000853803, -26.691275002838992 ], [ 27.103380001084581, -26.691263002285556 ], [ 27.103351004243834, -26.691254001870565 ], [ 27.103324001200122, -26.691241003069681 ], [ 27.103298003598358, -26.691224996935937 ], [ 27.103268998663729, -26.691208997996696 ], [ 27.103238997280307, -26.691202996820692 ], [ 27.103204995712343, -26.691204003162103 ], [ 27.103179997257481, -26.691205997858333 ], [ 27.10314899672716, -26.691204003162106 ], [ 27.103109994029378, -26.691204003162099 ], [ 27.103064998249479, -26.691219003853814 ], [ 27.103020001570208, -26.691229001616968 ], [ 27.102974997696336, -26.691221995898207 ], [ 27.102936003092431, -26.691201002124373 ], [ 27.102902002423839, -26.69117399998003 ], [ 27.102878997765924, -26.691155999149867 ], [ 27.102865001616884, -26.691130998896352 ], [ 27.102862998826684, -26.691105002193968 ], [ 27.102843003300293, -26.691071002424657 ], [ 27.102816000256585, -26.691040001894429 ], [ 27.10277500196311, -26.691018002678547 ], [ 27.102739995852478, -26.691000999196643 ], [ 27.102720996774966, -26.690982007313639 ], [ 27.102704998735096, -26.690959002655731 ], [ 27.102689997144019, -26.690938000787927 ], [ 27.102648998850633, -26.69093899903546 ], [ 27.102642998573916, -26.690981001871606 ], [ 27.102649997098077, -26.691035996314021 ], [ 27.102655000026637, -26.691074999911169 ], [ 27.102660002955197, -26.69110999702864 ], [ 27.102663003093557, -26.691134997282159 ], [ 27.102664997789784, -26.691180001155942 ], [ 27.102667997928144, -26.69122099944941 ], [ 27.102672004407829, -26.691263002285559 ], [ 27.102676001894348, -26.691291001778151 ], [ 27.102682998619859, -26.691327005236936 ], [ 27.102692998181748, -26.691371003668767 ], [ 27.102701997697366, -26.691412001962149 ], [ 27.102707998873459, -26.691450996566051 ], [ 27.10271399915009, -26.691486002676687 ], [ 27.102720000326087, -26.691521000693434 ], [ 27.102725003254651, -26.691558000601109 ], [ 27.102729000741171, -26.691596997003661 ], [ 27.102735001017891, -26.69164700290672 ], [ 27.102738002055528, -26.691688999447631 ], [ 27.102747001571238, -26.691729000392947 ], [ 27.102753002747331, -26.691760997372061 ], [ 27.102754000095398, -26.691803997556267 ], [ 27.102750002608971, -26.691843002052792 ], [ 27.102744998781038, -26.691872996241614 ], [ 27.102744998781038, -26.691903995872565 ], [ 27.102753002747331, -26.69193399905464 ], [ 27.102769001686482, -26.691973001752416 ], [ 27.102776996659433, -26.692013002697824 ], [ 27.102779000348914, -26.692051000852931 ], [ 27.102781003139203, -26.692084004173267 ], [ 27.102784999726353, -26.692123997024709 ], [ 27.10279300369255, -26.692177003965416 ], [ 27.10279499838887, -26.692213995779117 ], [ 27.102797999426514, -26.692250996586058 ], [ 27.102800002216714, -26.692305000874921 ], [ 27.102803002355074, -26.692344005371446 ], [ 27.102806998942224, -26.692374996908427 ], [ 27.102819001294222, -26.692411000367215 ], [ 27.102831001847665, -26.692448000274883 ], [ 27.102845005191217, -26.692482000943393 ], [ 27.102862998826684, -26.692522999236864 ], [ 27.102887990986403, -26.692560997391968 ], [ 27.102906997258518, -26.692588996884567 ], [ 27.102937996889466, -26.692625996792138 ], [ 27.102962997142978, -26.69265599997431 ], [ 27.102977997834692, -26.692675996399977 ], [ 27.102995002215973, -26.692696998267699 ], [ 27.103014001293484, -26.69273000068884 ], [ 27.103039997995872, -26.692777996607106 ], [ 27.103049995759029, -26.692811997275694 ], [ 27.103060003414793, -26.692848998082646 ], [ 27.103064000002032, -26.692875002878917 ], [ 27.103069002930592, -26.692913001034039 ], [ 27.103072003968236, -26.692946002555814 ], [ 27.10307200396824, -26.692983004262139 ], [ 27.103072993222426, -26.693014003892998 ], [ 27.103082001731384, -26.693046999119549 ], [ 27.103086000117187, -26.69308499727466 ], [ 27.10308999670443, -26.693130997597322 ], [ 27.103098000670535, -26.693161998127554 ], [ 27.10312600016313, -26.69317699881935 ], [ 27.10315199686552, -26.693195997896868 ], [ 27.103175998871684, -26.693216999764573 ], [ 27.103203001915393, -26.693239997227977 ], [ 27.103227003921468, -26.693260000848252 ], [ 27.103259999148019, -26.693283994760435 ], [ 27.103284001154087, -26.693297999003263 ], [ 27.103325995896348, -26.693312999695067 ], [ 27.103370003321434, -26.693324003799628 ], [ 27.103401002952381, -26.693328002185432 ], [ 27.103451990915037, -26.69332998878787 ], [ 27.103494002744426, -26.69332998878787 ], [ 27.103532998247612, -26.69332998878787 ], [ 27.103579996817803, -26.693325999395228 ], [ 27.103622997901386, -26.693322001009435 ], [ 27.103684998062569, -26.693320995567301 ], [ 27.103730999284601, -26.693320995567301 ], [ 27.103768997439619, -26.693324003799631 ], [ 27.103801999860778, -26.69332998878787 ], [ 27.103842000806086, -26.693346003015506 ], [ 27.103873001336318, -26.693366000340454 ], [ 27.103894999652908, -26.693386003960811 ], [ 27.103904990221459, -26.693419995636155 ], [ 27.10390200627095, -26.693486002277023 ], [ 27.103894999652908, -26.693520002046334 ], [ 27.103881004403238, -26.69357200444427 ], [ 27.10387099764684, -26.693608996258064 ], [ 27.103861997231757, -26.69364199867913 ], [ 27.10385199856924, -26.693676000247088 ], [ 27.103841002558649, -26.693707997226106 ], [ 27.103829002005206, -26.693744998033058 ], [ 27.103817000552485, -26.693781997940736 ], [ 27.103808998384931, -26.693810994781391 ], [ 27.103802997208934, -26.693843998101915 ], [ 27.10379299944578, -26.693888003728254 ], [ 27.103782010629704, -26.693951002136881 ], [ 27.103782010629704, -26.693985001906096 ], [ 27.10379299944578, -26.694037004304224 ], [ 27.103894999652908, -26.694181998400332 ], [ 27.103963000090815, -26.694279002873593 ], [ 27.103985000206052, -26.694345998768643 ], [ 27.103988000344323, -26.694401001305032 ], [ 27.103979997277492, -26.694463997915005 ], [ 27.103968003019286, -26.694529006308429 ], [ 27.103968003019286, -26.694593999413375 ], [ 27.103981001820166, -26.6946580005661 ], [ 27.104004995732353, -26.694718996184623 ], [ 27.104040001842986, -26.694775004162963 ], [ 27.104084997622891, -26.694823997429385 ], [ 27.104139001911751, -26.694865011011334 ], [ 27.104171997138305, -26.694888996829643 ], [ 27.104195999144462, -26.69493899643739 ], [ 27.104196997391902, -26.694974001648735 ], [ 27.10428800158844, -26.695043000334074 ], [ 27.104210999836173, -26.695172002685638 ], [ 27.104195001796306, -26.695204997912185 ], [ 27.104186997830102, -26.695241008565496 ], [ 27.104185003133782, -26.695276995836519 ], [ 27.104192000758662, -26.695312001947155 ], [ 27.104207003249023, -26.695346001716462 ], [ 27.104227997022853, -26.69537599680466 ], [ 27.104254999167285, -26.695402001600932 ], [ 27.104286996146307, -26.695423002569363 ], [ 27.104322998705822, -26.695437988871959 ], [ 27.104396002971562, -26.695437988871959 ], [ 27.104468000895899, -26.69542499816496 ], [ 27.104573002140754, -26.695390998395741 ], [ 27.104611997644025, -26.695386002661778 ], [ 27.104650003892928, -26.695387998257377 ], [ 27.10468800924264, -26.695396001324298 ], [ 27.104722999165421, -26.695411002016009 ], [ 27.104754997043901, -26.695430999341053 ], [ 27.104781999188337, -26.695455997795907 ], [ 27.104809001332764, -26.695495002292436 ], [ 27.104830003200476, -26.695536997034694 ], [ 27.104843001102076, -26.695581003560321 ], [ 27.104849998726866, -26.695619001715425 ], [ 27.104849998726866, -26.695657007065051 ], [ 27.104841995659946, -26.695694997126289 ], [ 27.104825996720795, -26.695730003236918 ], [ 27.104803001056045, -26.695762997564188 ], [ 27.104782995637127, -26.695781000192817 ], [ 27.10457600227911, -26.695882011145752 ], [ 27.104565996421993, -26.695957001114564 ], [ 27.10457199669862, -26.696032000076631 ], [ 27.104592998566421, -26.696105003443002 ], [ 27.104627995683892, -26.696173003880908 ], [ 27.104676997943479, -26.696233998600043 ], [ 27.104599997090585, -26.696264999130278 ], [ 27.104839011709437, -26.696397998968354 ], [ 27.10488498864974, -26.696413997907595 ], [ 27.104926003130881, -26.69643700256551 ], [ 27.104961001147636, -26.696466996754324 ], [ 27.104989000640312, -26.696503000213124 ], [ 27.105008997065983, -26.696543001158439 ], [ 27.105020997619334, -26.696584996800063 ], [ 27.105023997757694, -26.696629003325686 ], [ 27.105013002646295, -26.696682002172508 ], [ 27.105001002092944, -26.696714008144781 ], [ 27.104977000086876, -26.696751998206015 ], [ 27.104945002208485, -26.696785997975326 ], [ 27.104906995959492, -26.696813000119668 ], [ 27.104862998427027, -26.696832997444794 ], [ 27.104678003385612, -26.696901995230768 ], [ 27.104139001911747, -26.697002000741573 ], [ 27.104046002119702, -26.697033001271894 ], [ 27.103820000690845, -26.697182998296565 ], [ 27.103798002374344, -26.697210000441082 ], [ 27.103783000783263, -26.697241997420104 ], [ 27.103774997716339, -26.697274999841255 ], [ 27.10377400036818, -26.697308003161687 ], [ 27.103780000644903, -26.697342002930995 ], [ 27.10379299944578, -26.697373002561868 ], [ 27.103817000552482, -26.697405997788415 ], [ 27.103838003319566, -26.697426999656209 ], [ 27.103956001566647, -26.697514997419066 ], [ 27.103981001820163, -26.697531003552822 ], [ 27.104006999421834, -26.697541998664139 ], [ 27.104035996262581, -26.697550002630322 ], [ 27.104065999444746, -26.697553002768693 ], [ 27.104095004379378, -26.697550999978489 ], [ 27.104124997668922, -26.697544998802485 ], [ 27.104152000712631, -26.697534003691178 ], [ 27.104214998221973, -26.697383998572544 ], [ 27.10426600237248, -26.697312000648115 ], [ 27.104304997875747, -26.697293998918763 ], [ 27.104350001749619, -26.697300997442923 ], [ 27.104384998867001, -26.697322995759521 ], [ 27.104405004285926, -26.697343997627232 ], [ 27.104419996883752, -26.697365996843185 ], [ 27.104433002879237, -26.697405001339622 ], [ 27.104436003916874, -26.697445001385557 ], [ 27.104431000988313, -26.697472004429276 ], [ 27.104415002049073, -26.697520996796417 ], [ 27.104409000873073, -26.697572001846286 ], [ 27.104412999258873, -26.697622989808938 ], [ 27.104427002602513, -26.697672996611374 ], [ 27.104450000065825, -26.697720004174727 ], [ 27.104480999696779, -26.697762997164428 ], [ 27.104639997136616, -26.69779500223742 ], [ 27.104686995706714, -26.697807002790771 ], [ 27.104729996790301, -26.697827000115819 ], [ 27.104767994945409, -26.69785400226024 ], [ 27.1048000000184, -26.697886996587425 ], [ 27.104824002923841, -26.69792500283641 ], [ 27.104840000963719, -26.697966001129888 ], [ 27.104846002139713, -26.698009999561719 ], [ 27.104843001102076, -26.698053000645302 ], [ 27.104830999649355, -26.698096001728967 ], [ 27.104809998680832, -26.69813600177492 ], [ 27.1047810009408, -26.698170999791664 ], [ 27.104588003731834, -26.698347001612692 ], [ 27.104551002924794, -26.698410997369482 ], [ 27.104560004239239, -26.698464004310271 ], [ 27.104592001218261, -26.698490998360729 ], [ 27.104616993377892, -26.69852299623912 ], [ 27.104635002301933, -26.698558998798635 ], [ 27.104661997251764, -26.698585003594911 ], [ 27.104707000226266, -26.698688999397636 ], [ 27.104648001102724, -26.69880900223357 ], [ 27.10459699605294, -26.69888700043462 ], [ 27.104592001218261, -26.699004002232737 ], [ 27.104636996998252, -26.699060998566079 ], [ 27.104767994945409, -26.699113999211551 ], [ 27.104942999418281, -26.699153001909334 ], [ 27.105146992638019, -26.699187001678641 ], [ 27.105281997064946, -26.699243990817394 ], [ 27.105355000431324, -26.699370002023834 ], [ 27.105377996995351, -26.699442998195696 ], [ 27.105395001376632, -26.69950099997099 ], [ 27.105470000338606, -26.699568003060737 ], [ 27.105649998746873, -26.699584999348136 ], [ 27.105882997800528, -26.699596999901484 ], [ 27.106093000290148, -26.699622989409278 ], [ 27.106226001027593, -26.699674999001818 ], [ 27.10634700031223, -26.699754002645005 ], [ 27.10649099706027, -26.699851000822935 ], [ 27.106608996206635, -26.699972000107572 ], [ 27.106669999019658, -26.700121997132332 ], [ 27.106682996921169, -26.700236997039621 ], [ 27.106616001925396, -26.700278999875756 ], [ 27.106561000288284, -26.700295996163156 ], [ 27.106455999043519, -26.70027800342697 ], [ 27.10633700164971, -26.70025900434937 ], [ 27.106260998144975, -26.700301997339157 ], [ 27.106260998144975, -26.700359001766376 ], [ 27.106328998582789, -26.700400997407925 ], [ 27.106396999020696, -26.70044099835324 ], [ 27.10649099706027, -26.700532003449052 ], [ 27.106511998927981, -26.700570000704879 ], [ 27.106524000380702, -26.700626000589342 ], [ 27.106532003447622, -26.700654998329377 ], [ 27.106496997336901, -26.700729996392063 ], [ 27.106380002733296, -26.70083199659928 ], [ 27.106232998652384, -26.700955996921557 ], [ 27.106232001304225, -26.701008996667753 ], [ 27.106231003956069, -26.701041001740741 ], [ 27.106276997084127, -26.701072002270887 ], [ 27.10632800123463, -26.701096004277051 ], [ 27.106511998927981, -26.701076997105567 ], [ 27.106722001417602, -26.701069998581492 ], [ 27.106818001348095, -26.701097998973275 ], [ 27.106836010272048, -26.701194997151209 ], [ 27.106827999111246, -26.701395000079117 ], [ 27.106849998327206, -26.7015680017617 ], [ 27.106964998234492, -26.701645002614594 ], [ 27.107106002038773, -26.701622988110323 ], [ 27.107358996618814, -26.7015809996633 ], [ 27.107552002821123, -26.701599002292021 ], [ 27.10768200342012, -26.701559001346705 ], [ 27.107841998208119, -26.70144799982522 ], [ 27.107968001320597, -26.701385999664044 ], [ 27.107984996708623, -26.701407998879912 ], [ 27.108002999337348, -26.701434003676184 ], [ 27.1080210010667, -26.701534999340634 ], [ 27.108018998276588, -26.701568999109856 ], [ 27.107986003050037, -26.701649001000479 ], [ 27.107952003280726, -26.701735003167734 ], [ 27.107893999706782, -26.701842995557616 ], [ 27.107826996617035, -26.70194400021532 ], [ 27.107785999222848, -26.702002001990707 ], [ 27.107919997308453, -26.70209399724008 ], [ 27.107959998253673, -26.702142997701007 ], [ 27.107874004180392, -26.702384998069018 ], [ 27.107814996063599, -26.70244399719256 ], [ 27.107717997885661, -26.702507002795873 ], [ 27.107626004434938, -26.702465997307804 ], [ 27.107574002036994, -26.702371991174349 ], [ 27.10755099737899, -26.702260000398581 ], [ 27.107531000953323, -26.702173998231324 ], [ 27.1074949983939, -26.702099000168634 ], [ 27.107410999016757, -26.702058999223226 ], [ 27.107324996849503, -26.702077000053393 ], [ 27.107228996019728, -26.702139000214576 ], [ 27.107038998949026, -26.702191999960679 ], [ 27.106927000079381, -26.702173000883164 ], [ 27.106746003423762, -26.702188998923038 ], [ 27.106698995860409, -26.702265003327049 ], [ 27.106799998719374, -26.702374992211983 ], [ 27.106946995605771, -26.702462996270164 ], [ 27.107113997011808, -26.702592996869154 ], [ 27.107112999663649, -26.70267599889814 ], [ 27.10713499887952, -26.702761002817866 ], [ 27.107236001738485, -26.702827990619127 ], [ 27.107317000977183, -26.702889000626751 ], [ 27.107417996641637, -26.702979001179809 ], [ 27.107431002637028, -26.703068002586051 ], [ 27.107404001391966, -26.703155003000834 ], [ 27.1072719971034, -26.703223003438733 ], [ 27.107110996873448, -26.703302997235394 ], [ 27.107016002384995, -26.703376997949924 ], [ 27.106930996666531, -26.703487002123254 ], [ 27.106746999872552, -26.703522996588877 ], [ 27.106610998996835, -26.70351699721153 ], [ 27.106427002202768, -26.703530003206925 ], [ 27.106387998605701, -26.70359099792606 ], [ 27.106465000357876, -26.703705996934072 ], [ 27.106489002363947, -26.703764996956892 ], [ 27.106446001280364, -26.703850000876706 ], [ 27.106424999412567, -26.7039520019832 ], [ 27.106462996668395, -26.704032002974365 ], [ 27.106489002363947, -26.704153003158464 ], [ 27.106479003701427, -26.704192996009805 ], [ 27.106415998098203, -26.704303000183121 ], [ 27.106355004278434, -26.70448299229616 ], [ 27.106291997775926, -26.704640003133477 ], [ 27.106279997222487, -26.704686004355413 ], [ 27.106269998559966, -26.704759996976158 ], [ 27.106226998375664, -26.704879001564564 ], [ 27.106061002411664, -26.704951996837057 ], [ 27.105971002757979, -26.704941001725654 ], [ 27.105882997800524, -26.704917997067746 ], [ 27.105795000936951, -26.704997000710929 ], [ 27.105770000683354, -26.705019000826081 ], [ 27.105763003058559, -26.705173003431234 ], [ 27.105785999622594, -26.705301001240123 ], [ 27.105791002551154, -26.705366000640296 ], [ 27.105751999853368, -26.705497006681334 ], [ 27.105699998354616, -26.705648009148124 ], [ 27.105683002067305, -26.705717997087753 ], [ 27.105630999669273, -26.705879005411578 ], [ 27.105507996695064, -26.706013002597906 ], [ 27.10541600324434, -26.706103993304517 ], [ 27.105340996188396, -26.706194998400335 ], [ 27.105312996695805, -26.706225998031282 ], [ 27.105274001192534, -26.706309997408333 ], [ 27.105364000846308, -26.706423000820653 ], [ 27.105503001860388, -26.706443006239574 ], [ 27.105659000061237, -26.706429999344817 ], [ 27.105705998631336, -26.706435002273381 ], [ 27.105797003727151, -26.706445000935886 ], [ 27.105857998446293, -26.706556001558099 ], [ 27.105882997800524, -26.706693000681348 ], [ 27.105906001559067, -26.706776009904843 ], [ 27.105926996232267, -26.706811998075064 ], [ 27.105931001812667, -26.706870997198603 ], [ 27.105943003265388, -26.706953999227597 ], [ 27.105952003680468, -26.707031000080388 ], [ 27.105915002873427, -26.707130998396686 ], [ 27.105858995794453, -26.707198998834588 ], [ 27.105705998631336, -26.707313001393803 ], [ 27.105625000291923, -26.707424002015919 ], [ 27.105603998424208, -26.707561997587959 ], [ 27.105600997386567, -26.707648998002743 ], [ 27.105606997663202, -26.707728001645833 ], [ 27.105603998424208, -26.707815001161251 ], [ 27.105603000176679, -26.707849001829846 ], [ 27.105606997663202, -26.707874999431514 ], [ 27.103626941428573, -26.707751223939699 ], [ 27.103623790204136, -26.707763826139516 ], [ 27.103283930107711, -26.711289876326632 ], [ 27.097353632362541, -26.710823924084686 ], [ 27.097417994143516, -26.709830008647803 ], [ 27.097645000115048, -26.707357997173702 ], [ 27.097834998085027, -26.705059999119548 ], [ 27.097930998015528, -26.703878001268652 ], [ 27.093998002803954, -26.703599000992973 ], [ 27.093598761372121, -26.708070155013502 ], [ 27.093488016157345, -26.70806707933211 ], [ 27.093263450046571, -26.708054773908579 ], [ 27.093260374365087, -26.707996325170114 ], [ 27.093063998403103, -26.707989000192068 ], [ 27.092552838141341, -26.707953258435932 ], [ 27.092503618245711, -26.70799017290803 ], [ 27.092066791447596, -26.707968638641571 ], [ 27.092039104019779, -26.708316255390738 ], [ 27.091983731862076, -26.708313177910696 ], [ 27.091965001681828, -26.708543003256906 ], [ 27.092017570652693, -26.708543897183002 ], [ 27.092002188648397, -26.708793073241548 ], [ 27.091800003066073, -26.708783997283518 ], [ 27.091791999999153, -26.708981000072974 ], [ 27.091722251279201, -26.709995885001959 ], [ 27.091983731862072, -26.710017419268322 ], [ 27.091943740809292, -26.710540381333356 ], [ 27.091820996839907, -26.710528000366796 ], [ 27.091211002883846, -26.710479988260687 ], [ 27.084888998226969, -26.710087999861155 ], [ 27.083744249395856, -26.710019901397136 ], [ 27.083305671617762, -26.708960008097691 ], [ 27.083196028072496, -26.708722445883971 ], [ 27.083155998348957, -26.708388003303497 ], [ 27.08315599834896, -26.707936998693395 ], [ 27.083160003029988, -26.707911001991004 ], [ 27.083161997726311, -26.707881988962491 ], [ 27.083198999432543, -26.707632001715325 ], [ 27.083208997195783, -26.707558001000791 ], [ 27.083644001967365, -26.706379999737052 ], [ 27.084391999589432, -26.704349001405134 ], [ 27.086051996101073, -26.69976599600373 ], [ 27.088800998765347, -26.699913000984015 ], [ 27.09056600371644, -26.700053996694415 ], [ 27.092342045147618, -26.700162674367768 ], [ 27.094079910345148, -26.700269014911878 ], [ 27.094284438674269, -26.698053291126357 ], [ 27.096060864835472, -26.698202101928796 ], [ 27.096277001780528, -26.695848999731339 ], [ 27.096299001895765, -26.695372995767016 ], [ 27.096414000903774, -26.693731001884103 ], [ 27.096429999842925, -26.693521000293767 ], [ 27.096578998620245, -26.691372001016919 ], [ 27.097325002445274, -26.69144799732706 ], [ 27.097731002282313, -26.691487998272375 ], [ 27.097929003319212, -26.690908005699736 ], [ 27.098386996561036, -26.689555999109942 ], [ 27.098433996030508, -26.689413997957505 ], [ 27.09846099907422, -26.689332001370566 ], [ 27.099049999256451, -26.687591995773797 ], [ 27.100020997269564, -26.685566000370446 ], [ 27.100109998675897, -26.685380997235058 ], [ 27.10039499203361, -26.685082001433077 ], [ 27.100545927950623, -26.684923881731656 ], [ 27.100562997982323, -26.684905998712765 ], [ 27.100739989956999, -26.685020997720681 ], [ 27.100971000609562, -26.685174002977671 ] ] ] } },
{ "type": "Feature", "properties": { "Municipali": "JB Marks Local Municipality", "WardNo": "26", "WardLabel": "NW405_26", "Province": "North West", "CLASSIFICATION": "Service centre", "PopGBlack": 13335.269362, "PopGColour": 152.8340908, "PopGIndian": 7.05779649, "PopGWhite": 15.291892395, "PopGOther": 4.7968053, "PopGTotal": 13515.249947 }, "geometry": { "type": "Polygon", "coordinates": [ [ [ 27.026552002370952, -26.70953500313767 ], [ 27.028453001003161, -26.710382999075943 ], [ 27.030846240859333, -26.709857616035944 ], [ 27.03100141258307, -26.712649646763623 ], [ 27.03100141258307, -26.71390202375915 ], [ 27.030710998112021, -26.713588996734583 ], [ 27.030607999657452, -26.713914995580367 ], [ 27.029234999293816, -26.717398997065903 ], [ 27.02942000063047, -26.717475000570634 ], [ 27.029128003352643, -26.717803003105907 ], [ 27.027223995588912, -26.721636997349314 ], [ 27.028189002318552, -26.722014000345609 ], [ 27.029585996594463, -26.722557995754688 ], [ 27.030468998643368, -26.722903001771947 ], [ 27.030563003877546, -26.722940002578902 ], [ 27.029870998046146, -26.724392000290386 ], [ 27.02975671309984, -26.724595955738565 ], [ 27.029936629669749, -26.72509924063721 ], [ 27.030286140391006, -26.72572468134878 ], [ 27.030267744758522, -26.726092586803251 ], [ 27.030194164027414, -26.72638691242587 ], [ 27.030047000766455, -26.726828400410081 ], [ 27.029807862041189, -26.727453840222292 ], [ 27.029734281309988, -26.727913722939803 ], [ 27.029605513681517, -26.728520768018807 ], [ 27.029256002960082, -26.729017441101821 ], [ 27.029072050232902, -26.729440532554275 ], [ 27.028961678236822, -26.729716463443879 ], [ 27.02892488787122, -26.730084368898332 ], [ 27.028851306240743, -26.730397089254073 ], [ 27.028593771883081, -26.730948949234453 ], [ 27.028483399887005, -26.731335250321308 ], [ 27.028483399887005, -26.731726498578833 ], [ 27.028483399887005, -26.731813527771845 ], [ 27.028593771883077, -26.732291806121747 ], [ 27.02874093514404, -26.732990827564429 ], [ 27.028980073869302, -26.733597872643525 ], [ 27.029329583691275, -26.734223314254383 ], [ 27.029771071675583, -26.73497752079578 ], [ 27.030083792031331, -26.735382218414486 ], [ 27.030138978029413, -26.735639751872863 ], [ 27.030102186764442, -26.736173216220763 ], [ 27.030102186764445, -26.73683544729785 ], [ 27.030138978029409, -26.7370929816556 ], [ 27.030378116754591, -26.737405702011344 ], [ 27.030856395104497, -26.738067933088434 ], [ 27.030063486238902, -26.738056079124572 ], [ 27.025710996862941, -26.737991011375868 ], [ 27.024017997930244, -26.737991999730777 ], [ 27.0237789977005, -26.737951002336676 ], [ 27.023310997702275, -26.737870003097974 ], [ 27.021809998630477, -26.737607001761535 ], [ 27.020993004121802, -26.737464999709736 ], [ 27.020358759047387, -26.737352982853672 ], [ 27.02046160461731, -26.73679035529047 ], [ 27.020154446568359, -26.736719471626103 ], [ 27.02031699633028, -26.735709004166978 ], [ 27.020488003316625, -26.734762997414222 ], [ 27.020650998242896, -26.733853001314774 ], [ 27.01901200359897, -26.733623003298757 ], [ 27.017183003790464, -26.733367996935264 ], [ 27.016861002431195, -26.733881000807362 ], [ 27.016166003656039, -26.73498700324739 ], [ 27.015989086325121, -26.734960559581999 ], [ 27.015562736628858, -26.734913187793197 ], [ 27.01497058612156, -26.734818444215588 ], [ 27.014757410823702, -26.7348421296604 ], [ 27.014354748370803, -26.734723699738705 ], [ 27.014600111303981, -26.734039266198998 ], [ 27.014804782612504, -26.733468337893292 ], [ 27.015562736628858, -26.732070860681475 ], [ 27.01613120259081, -26.730815499735264 ], [ 27.016581237731792, -26.730294407360855 ], [ 27.017197074583265, -26.729749626843624 ], [ 27.017694483311605, -26.729181161780957 ], [ 27.018262948374279, -26.728210033366118 ], [ 27.018499809116857, -26.727783683669859 ], [ 27.01861823903846, -26.727523138381933 ], [ 27.018878785225663, -26.727002044208707 ], [ 27.020482002140636, -26.723597003198929 ], [ 27.02056000124097, -26.723489999163874 ], [ 27.021320000315669, -26.723139999211384 ], [ 27.021869996900747, -26.723080000941131 ], [ 27.023450006810329, -26.722940002578891 ], [ 27.023406001183986, -26.722119000691091 ], [ 27.023799999568219, -26.721061003162568 ], [ 27.023918996962117, -26.720743000189096 ], [ 27.023812999268472, -26.720579997168866 ], [ 27.023626001436764, -26.720287000744314 ], [ 27.023684003212146, -26.720134003581208 ], [ 27.023756002035846, -26.719945002959289 ], [ 27.02361600277424, -26.719899999984801 ], [ 27.023430003189976, -26.719840001714523 ], [ 27.023524997678425, -26.719589001830713 ], [ 27.023548999684497, -26.719525997126865 ], [ 27.023927000028948, -26.718529000612634 ], [ 27.023706999776177, -26.718455998145622 ], [ 27.023844630223394, -26.718093103713517 ], [ 27.023930001066589, -26.717868003405439 ], [ 27.024041001688794, -26.717575997134361 ], [ 27.024284988659247, -26.715565999770885 ], [ 27.023001747830353, -26.715392660842419 ], [ 27.023101621140778, -26.714783435806677 ], [ 27.02411200316434, -26.712211990790546 ], [ 27.024290997029851, -26.711836997779066 ], [ 27.024521004039023, -26.711547999740144 ], [ 27.024879361391353, -26.711307852874906 ], [ 27.025248891920821, -26.711128081995213 ], [ 27.025866634435651, -26.70922943329154 ], [ 27.026203575332705, -26.70937942581962 ], [ 27.026288003686346, -26.709417011185902 ], [ 27.026552002370952, -26.70953500313767 ] ] ] } },
{ "type": "Feature", "properties": { "Municipali": "JB Marks Local Municipality", "WardNo": "27", "WardLabel": "NW405_27", "Province": "North West", "CLASSIFICATION": "Service centre", "PopGBlack": 8893.876166, "PopGColour": 163.40243656000001, "PopGIndian": 10.116174969, "PopGWhite": 34.907382828000003, "PopGOther": 17.6474495, "PopGTotal": 9119.9496098 }, "geometry": { "type": "Polygon", "coordinates": [ [ [ 26.823058332672343, -26.66242723732665 ], [ 26.82386704622359, -26.662514665818655 ], [ 26.829702892670802, -26.662317951711614 ], [ 26.833615314091986, -26.662405381102989 ], [ 26.843341724837334, -26.663279664224639 ], [ 26.848587429862675, -26.663804235176926 ], [ 26.849680285113777, -26.663847949422841 ], [ 26.856849414265774, -26.663694948662524 ], [ 26.858444981547372, -26.663738663807894 ], [ 26.865592253576409, -26.664197661592393 ], [ 26.869439105427283, -26.664459947967774 ], [ 26.871122102100166, -26.664547375560584 ], [ 26.871996386121175, -26.664503663113145 ], [ 26.874225810869387, -26.664175806268094 ], [ 26.878925086920205, -26.663563806823831 ], [ 26.882771936972254, -26.662623951433872 ], [ 26.88567893073505, -26.661902667273836 ], [ 26.886509502308709, -26.661793381658885 ], [ 26.889766210039607, -26.66199009576593 ], [ 26.893088489139462, -26.662252380342753 ], [ 26.898902479362988, -26.662623951433897 ], [ 26.902574472431116, -26.662886236909916 ], [ 26.906814749797981, -26.66354194970091 ], [ 26.915426448169253, -26.665115660758833 ], [ 26.918420871323423, -26.66564023081165 ], [ 26.920497295311211, -26.665815087795753 ], [ 26.936037696280071, -26.66592437431018 ], [ 26.940015688170835, -26.6659462296345 ], [ 26.950441525953163, -26.666711228939743 ], [ 26.967031067027747, -26.667935226928947 ], [ 26.973238483666712, -26.66839422561273 ], [ 26.983380179749179, -26.669028083079347 ], [ 26.989609454410562, -26.669377796148165 ], [ 26.99508600191524, -26.669696000569736 ], [ 26.995969870011294, -26.669858651954989 ], [ 26.996625582802206, -26.669924223324038 ], [ 26.999812623651501, -26.670363657256743 ], [ 26.999812545410443, -26.670368040552422 ], [ 26.999768000190926, -26.672837997075646 ], [ 26.9996920038807, -26.677103995952471 ], [ 26.999243010154583, -26.688582998306458 ], [ 26.998900997081151, -26.704678997737368 ], [ 26.998871284380051, -26.706096060384588 ], [ 26.998797998626497, -26.709600999885971 ], [ 26.998599000241427, -26.719772002175876 ], [ 27.006466324359252, -26.720375208948511 ], [ 27.006136363999858, -26.720942741414156 ], [ 27.005551215613927, -26.721437865864662 ], [ 27.005438687942924, -26.722270575126736 ], [ 27.00453846117885, -26.723598409738603 ], [ 27.00397582012581, -26.724498635603304 ], [ 27.00397582012581, -26.725173806125984 ], [ 27.004020831194193, -26.72596150431977 ], [ 27.003703557570905, -26.726900615071063 ], [ 27.003008075859835, -26.726951754119977 ], [ 27.001995321424758, -26.726996765188353 ], [ 27.000464936105743, -26.727176810361261 ], [ 26.999407169702916, -26.727469384104534 ], [ 26.998844527750503, -26.727829475349804 ], [ 26.997674232777388, -26.728932251921641 ], [ 26.996368904599034, -26.729652434412081 ], [ 26.99506357642068, -26.730012523858601 ], [ 26.993308133960916, -26.730282592067738 ], [ 26.991449637288699, -26.73038929842712 ], [ 26.991629712139197, -26.731263946673572 ], [ 26.991897559022895, -26.731914431705373 ], [ 26.991897559022895, -26.732526654181463 ], [ 26.991916691200071, -26.732890161051845 ], [ 26.991949074887625, -26.732915183788432 ], [ 26.992337593702704, -26.733215402668417 ], [ 26.992452384967287, -26.73382762514451 ], [ 26.992471517144548, -26.734497243252939 ], [ 26.992414120612931, -26.735185991739897 ], [ 26.992357978635553, -26.73543863378567 ], [ 26.992184538083677, -26.736219115819335 ], [ 26.991897559022892, -26.737213976443616 ], [ 26.991629712139193, -26.73811317708121 ], [ 26.991495788697435, -26.738629738671243 ], [ 26.991151414004225, -26.739395015866997 ], [ 26.990826170588999, -26.739949841811551 ], [ 26.990826170588999, -26.740542932110383 ], [ 26.990673115869257, -26.741269944951782 ], [ 26.990615720237006, -26.741863035250606 ], [ 26.992796759660486, -26.741786507441091 ], [ 26.993772488107602, -26.741537791835388 ], [ 26.994346446229258, -26.741040362422531 ], [ 26.995111723425012, -26.74105949370043 ], [ 26.995972659708166, -26.741499528380317 ], [ 26.997216235038977, -26.742417861195094 ], [ 26.998134567853842, -26.74291529060795 ], [ 26.998880712872417, -26.743164006213668 ], [ 26.999511482066985, -26.743287686377375 ], [ 26.99876099781952, -26.745044002078782 ], [ 26.998471003331893, -26.748229997016519 ], [ 26.998202695096083, -26.751485253241622 ], [ 27.006250855790199, -26.749070293858775 ], [ 27.017043490162873, -26.745831819882326 ], [ 27.017720811863825, -26.747084078167486 ], [ 27.017736564388798, -26.747375484590744 ], [ 27.017720811863825, -26.747588131986529 ], [ 27.017660577071826, -26.747874248597455 ], [ 27.017551114290406, -26.748385114781041 ], [ 27.017551114290406, -26.748613619023139 ], [ 27.01790815233727, -26.749470511055055 ], [ 27.01849369462624, -26.750798691905956 ], [ 27.018636509665146, -26.751284263757565 ], [ 27.021078651056762, -26.75015602378128 ], [ 27.022171058445497, -26.752081391342941 ], [ 27.017217003559765, -26.754865002617574 ], [ 27.015218002206943, -26.755722997218356 ], [ 27.013789001958674, -26.756102003004756 ], [ 26.999314002636837, -26.756388000905304 ], [ 26.99474399603637, -26.757721997671862 ], [ 26.9857920013974, -26.760411002965217 ], [ 26.985776001558882, -26.760347000013837 ], [ 26.983141999701168, -26.761158004138302 ], [ 26.982122000327664, -26.761487003122454 ], [ 26.981548000837233, -26.761738003006172 ], [ 26.980890002868939, -26.762161007224492 ], [ 26.979616999922229, -26.763218996659123 ], [ 26.974142998398211, -26.768119997839396 ], [ 26.971745999375905, -26.770330996378132 ], [ 26.971110000623572, -26.770850001426137 ], [ 26.969963000789427, -26.771542997411178 ], [ 26.968984996158184, -26.771967996325728 ], [ 26.968240996022722, -26.772201002573894 ], [ 26.96741200006133, -26.772394998030475 ], [ 26.96605000200352, -26.772514999967036 ], [ 26.964900999379086, -26.772672002710465 ], [ 26.963922994747932, -26.773001001694617 ], [ 26.962457001786674, -26.773867996710383 ], [ 26.95961200009118, -26.775792000000497 ], [ 26.955704004233827, -26.778256002112528 ], [ 26.954753999994544, -26.778824996875834 ], [ 26.954677995590444, -26.778615003379461 ], [ 26.953411999261775, -26.775475998917948 ], [ 26.953378554374208, -26.774988268693374 ], [ 26.955953584987409, -26.772936025676792 ], [ 26.95373003281221, -26.77063580000188 ], [ 26.953474452681284, -26.770277987638757 ], [ 26.953448894848101, -26.769715709911807 ], [ 26.953627800580019, -26.768540039690802 ], [ 26.953883381610229, -26.767619949600732 ], [ 26.953985613842512, -26.765856443819505 ], [ 26.953985613842512, -26.765396398324828 ], [ 26.953653359312487, -26.765064143794895 ], [ 26.952963292419433, -26.76465521396667 ], [ 26.952649700620587, -26.764537616817226 ], [ 26.952252997974924, -26.759208004145769 ], [ 26.914876002822449, -26.764103004150002 ], [ 26.914848003329862, -26.763614002284061 ], [ 26.911751999951992, -26.764306998269014 ], [ 26.911652999883142, -26.755079999941664 ], [ 26.91105700207612, -26.754806002594623 ], [ 26.908090992102743, -26.75130199658954 ], [ 26.89336299820074, -26.752895996352809 ], [ 26.890280999065784, -26.767316997680922 ], [ 26.886947002698943, -26.774055999984036 ], [ 26.890738003952666, -26.800531997853085 ], [ 26.89166045566245, -26.80672642918104 ], [ 26.890847338131088, -26.807220108420932 ], [ 26.889458419767202, -26.807926748920018 ], [ 26.888288807379446, -26.808414088838752 ], [ 26.886802421391543, -26.80882832736507 ], [ 26.872474643786532, -26.811703629918259 ], [ 26.85704000309028, -26.815120000587175 ], [ 26.850639998433671, -26.816429996246942 ], [ 26.850222429717885, -26.816509534986622 ], [ 26.85014432899413, -26.815950288874273 ], [ 26.849725254813169, -26.812949174764249 ], [ 26.846824312588499, -26.792232744645055 ], [ 26.844127849217415, -26.772963502663107 ], [ 26.844123106192953, -26.772929606315866 ], [ 26.83478617383928, -26.771791507071935 ], [ 26.826195487228318, -26.77063472081527 ], [ 26.825478002703985, -26.770535159569533 ], [ 26.81995550883595, -26.769566554652275 ], [ 26.81337712365157, -26.768948670943974 ], [ 26.808252949410235, -26.768509621921059 ], [ 26.808121042248509, -26.768498210423616 ], [ 26.804323355434647, -26.768169562175085 ], [ 26.800787616851096, -26.767814658219343 ], [ 26.797511329080645, -26.767499562754065 ], [ 26.79434722184288, -26.767227293004641 ], [ 26.794260419278991, -26.767120085722837 ], [ 26.799869996299371, -26.760979998627551 ], [ 26.805089997801321, -26.755260000148429 ], [ 26.80582000178784, -26.754429997845623 ], [ 26.80624999643635, -26.753939997732253 ], [ 26.801859997237216, -26.751769998386255 ], [ 26.796510003230154, -26.749080002939316 ], [ 26.789499995624315, -26.745519997949035 ], [ 26.788949999938513, -26.74524000122457 ], [ 26.789390000444239, -26.744180000006477 ], [ 26.794960002797971, -26.730669999320501 ], [ 26.799490001258729, -26.719429996296796 ], [ 26.800420000978374, -26.717130004445696 ], [ 26.80085000282158, -26.716089998753901 ], [ 26.803489998660709, -26.709629997625747 ], [ 26.806199996828656, -26.703010008904279 ], [ 26.81083000080022, -26.691869996102909 ], [ 26.811959997152456, -26.689149999272566 ], [ 26.808989997786426, -26.689209995744168 ], [ 26.807299998991994, -26.68924999668948 ], [ 26.805929997867345, -26.68927000120912 ], [ 26.804360001908755, -26.689299996297308 ], [ 26.803229998361925, -26.689319999917576 ], [ 26.803049998155092, -26.689329991385492 ], [ 26.780330004422165, -26.689699995857591 ], [ 26.780040000041922, -26.686970001263994 ], [ 26.778610002445578, -26.676500003172105 ], [ 26.778430003138123, -26.674969999165594 ], [ 26.778210002885263, -26.6733799977881 ], [ 26.77822000064841, -26.671900000584028 ], [ 26.777839996614485, -26.67019999593257 ], [ 26.777309997354443, -26.666800001917974 ], [ 26.777230003557793, -26.665790000307712 ], [ 26.774887115843629, -26.658822305804211 ], [ 26.777682989374394, -26.658405530290469 ], [ 26.787103401296942, -26.657443818676757 ], [ 26.793616815859465, -26.657247103670354 ], [ 26.800829660156928, -26.657159676077736 ], [ 26.80964430583634, -26.65714080110665 ], [ 26.811036926709107, -26.657137818055336 ], [ 26.811976782998443, -26.657159676077754 ], [ 26.812894781265456, -26.657312675039439 ], [ 26.81744286239454, -26.659603944366065 ], [ 26.818665056343622, -26.660219670600867 ], [ 26.822227763796704, -26.662055667134879 ], [ 26.823058332672343, -26.66242723732665 ] ] ] } },
{ "type": "Feature", "properties": { "Municipali": "JB Marks Local Municipality", "WardNo": "28", "WardLabel": "NW405_28", "Province": "North West", "CLASSIFICATION": "Service centre", "PopGBlack": 1023.2479106238048, "PopGColour": 76.287126044861068, "PopGIndian": 0.154976594836961, "PopGWhite": 405.07206507163596, "PopGOther": 6.9504943482530317, "PopGTotal": 1511.7125726833917 }, "geometry": { "type": "Polygon", "coordinates": [ [ [ 27.318219997953904, -26.250980001625734 ], [ 27.319689997394832, -26.254909995799643 ], [ 27.321440000754752, -26.258990004085366 ], [ 27.322869998351088, -26.262890004070453 ], [ 27.324379997837958, -26.266769998636526 ], [ 27.325839989623123, -26.270820011834051 ], [ 27.327330000778208, -26.274659999159596 ], [ 27.32900000404624, -26.278580002764876 ], [ 27.330071000375639, -26.281814999062913 ], [ 27.330048002912328, -26.281826002268183 ], [ 27.329819999592633, -26.282000001299018 ], [ 27.325780001245388, -26.285100002163382 ], [ 27.321740001998855, -26.288110001575227 ], [ 27.317890000722304, -26.291070004077358 ], [ 27.314099997716021, -26.293899996987243 ], [ 27.310469996692241, -26.296540000020929 ], [ 27.307210001939328, -26.298980000126896 ], [ 27.303940000429929, -26.301259995552325 ], [ 27.300809989188881, -26.303429996696966 ], [ 27.299770000584314, -26.304160000683474 ], [ 27.299299989702007, -26.304479999252539 ], [ 27.297560000293092, -26.305260001947502 ], [ 27.297129996651243, -26.305390003445865 ], [ 27.294459999428632, -26.306420000582513 ], [ 27.289049999956742, -26.308730000089394 ], [ 27.286359998214579, -26.309759998125315 ], [ 27.284669999420153, -26.310450001166597 ], [ 27.284139999260752, -26.310709994270802 ], [ 27.282459998229477, -26.311359997266045 ], [ 27.281709996918021, -26.311690008886742 ], [ 27.280930002316932, -26.311990002936259 ], [ 27.280059999068907, -26.312320000167748 ], [ 27.279269997711417, -26.312620001411865 ], [ 27.278490003110331, -26.312999997351909 ], [ 27.274810003378178, -26.314250002835294 ], [ 27.268840000564722, -26.318009996364182 ], [ 27.259440002353326, -26.323740001599706 ], [ 27.254459996630665, -26.326679998682916 ], [ 27.244508097969391, -26.332550469928211 ], [ 27.234810000580115, -26.338269995363863 ], [ 27.233009997612363, -26.339700008248684 ], [ 27.230760003570342, -26.341500003122551 ], [ 27.230460002326229, -26.341730002037931 ], [ 27.224409997622324, -26.346849998028919 ], [ 27.219750000361259, -26.350789998059863 ], [ 27.216649998597511, -26.353409996574012 ], [ 27.215509997287537, -26.354370000375162 ], [ 27.210939001432717, -26.358236997039732 ], [ 27.210304223959731, -26.358774114433771 ], [ 27.210120002335195, -26.358929993024681 ], [ 27.209810002428647, -26.359200000079895 ], [ 27.209609997702181, -26.359360002961679 ], [ 27.209389998348779, -26.359550000931666 ], [ 27.209069999779622, -26.35981000212983 ], [ 27.206319999767103, -26.362139997163005 ], [ 27.205960001152096, -26.362439999306488 ], [ 27.204530002656387, -26.363649996649965 ], [ 27.187951999883815, -26.377862999178017 ], [ 27.208509997337497, -26.414700003602267 ], [ 27.214839997866584, -26.426039996848296 ], [ 27.214978647245768, -26.426288434563492 ], [ 27.224160003180611, -26.442739998052435 ], [ 27.224849999027203, -26.443969999915463 ], [ 27.224589997829117, -26.451609996104306 ], [ 27.223780000045956, -26.451769998986187 ], [ 27.22408000218935, -26.45455000128139 ], [ 27.224800000318737, -26.45784000011583 ], [ 27.225180002554104, -26.461010003308921 ], [ 27.229229999563866, -26.491159999734187 ], [ 27.231421001676853, -26.505480995551409 ], [ 27.231335000408968, -26.505522001938758 ], [ 27.212470001887969, -26.514799996322719 ], [ 27.207709997317362, -26.515589996780829 ], [ 27.202580002663915, -26.516620011004608 ], [ 27.201650002944188, -26.516919996960247 ], [ 27.199689997094552, -26.517600010332163 ], [ 27.198600001687549, -26.51798999594148 ], [ 27.192279998921691, -26.518949998843269 ], [ 27.18283000110246, -26.520329997731139 ], [ 27.18833999799136, -26.525369999925399 ], [ 27.188249999236866, -26.525819999093635 ], [ 27.187650003044048, -26.525509998287724 ], [ 27.17857000160306, -26.520979999827013 ], [ 27.156339999889774, -26.524309998707377 ], [ 27.158760002670707, -26.525419998633932 ], [ 27.158779999096375, -26.525530002807251 ], [ 27.160679992286539, -26.531499996627446 ], [ 27.162469996591771, -26.536989997989945 ], [ 27.163860002236046, -26.541410000371108 ], [ 27.164229998614296, -26.542479999352349 ], [ 27.166790000656743, -26.55052000319548 ], [ 27.167100000563288, -26.551429999294943 ], [ 27.170100003111372, -26.550530000958734 ], [ 27.174549999681467, -26.549210000341123 ], [ 27.174670001618033, -26.54942999969461 ], [ 27.175309998756166, -26.550530000958737 ], [ 27.178430003240813, -26.555919995910966 ], [ 27.178880002408967, -26.556699998605939 ], [ 27.180459997029974, -26.559459997280971 ], [ 27.180899996636324, -26.560180002604945 ], [ 27.180929999818396, -26.560289998684397 ], [ 27.181280000670341, -26.560919998059372 ], [ 27.181310002953047, -26.560919998059376 ], [ 27.181479997302844, -26.5612199993034 ], [ 27.181829990060816, -26.561830001353336 ], [ 27.182560002141205, -26.563129999249959 ], [ 27.182610000849671, -26.563450005013618 ], [ 27.182589996330115, -26.565240002124334 ], [ 27.182600003086428, -26.568349991758598 ], [ 27.182619998612815, -26.570280004318679 ], [ 27.182629997275338, -26.571099999864991 ], [ 27.182629997275338, -26.571880002559954 ], [ 27.182619998612815, -26.572730001288427 ], [ 27.182640003132455, -26.573470003937452 ], [ 27.182650008989487, -26.574219996255746 ], [ 27.182641997828686, -26.574553999067732 ], [ 27.182637002994095, -26.574619995816064 ], [ 27.182592997367752, -26.574972000357402 ], [ 27.182524996030569, -26.575546996296701 ], [ 27.182492000804022, -26.575693003029638 ], [ 27.182443996791783, -26.576303995233133 ], [ 27.182322000158987, -26.577632997165011 ], [ 27.181026997996323, -26.577684998663681 ], [ 27.175228992322946, -26.577951998385913 ], [ 27.175220995551257, -26.578297004403098 ], [ 27.175082999979221, -26.584318002373877 ], [ 27.174968999218656, -26.589318002723534 ], [ 27.174977002285576, -26.589839003367235 ], [ 27.17493199841179, -26.590892995315343 ], [ 27.174900001432679, -26.592037003105187 ], [ 27.174876995875394, -26.593709998417598 ], [ 27.174854996659526, -26.594446001781456 ], [ 27.174791001802017, -26.597601994436403 ], [ 27.174785998873549, -26.597789996810775 ], [ 27.174701992301806, -26.600553002818767 ], [ 27.174689998943055, -26.601478997857374 ], [ 27.172583004300996, -26.604119000891064 ], [ 27.170216000366796, -26.607129998550445 ], [ 27.167298998948411, -26.61080600079616 ], [ 27.166425995561941, -26.611906002060273 ], [ 27.165773001421577, -26.612731998782671 ], [ 27.163619000115446, -26.615455003845259 ], [ 27.159770994434577, -26.620295002212409 ], [ 27.156231997607239, -26.624720996776507 ], [ 27.155862001229075, -26.625181001801693 ], [ 27.155573999639035, -26.625538008372303 ], [ 27.152071997323503, -26.629903000123285 ], [ 27.151067987895996, -26.631207002700936 ], [ 27.150728000995045, -26.631647004105847 ], [ 27.14964099943117, -26.632968002970891 ], [ 27.145215003967863, -26.638522995639594 ], [ 27.142603000426661, -26.638449003018938 ], [ 27.141021003015442, -26.641996999361879 ], [ 27.140203002165364, -26.643829000208111 ], [ 27.13080600319303, -26.645350002900162 ], [ 27.104589998428086, -26.649566003068408 ], [ 27.104399003109947, -26.649597002699359 ], [ 27.1043130009426, -26.648146003235311 ], [ 27.104260002095867, -26.647248997842862 ], [ 27.104251999028946, -26.647137997220657 ], [ 27.104240994924385, -26.646952994085261 ], [ 27.104142002050136, -26.645329998380596 ], [ 27.104121001081793, -26.644584002649445 ], [ 27.10412000283435, -26.644517997807231 ], [ 27.104158999236816, -26.644238998430918 ], [ 27.104170002442093, -26.644157999192135 ], [ 27.104270998106458, -26.643794998640114 ], [ 27.104288001588461, -26.643729999239945 ], [ 27.104371002717986, -26.643410998018954 ], [ 27.104520999742746, -26.642849000880528 ], [ 27.104751996006197, -26.642021001367933 ], [ 27.105780996694058, -26.638359003365224 ], [ 27.105980003173002, -26.637652004036639 ], [ 27.106235998790773, -26.636733996776378 ], [ 27.106586996990703, -26.635474998072517 ], [ 27.107091000447721, -26.633661996303978 ], [ 27.107259995650711, -26.633052002347913 ], [ 27.107327996987895, -26.632807001841545 ], [ 27.107528000814995, -26.632076001406169 ], [ 27.107618001368046, -26.631745996080699 ], [ 27.10780600284324, -26.631056001133384 ], [ 27.10786999770065, -26.630820999289529 ], [ 27.108020002819288, -26.630278001228614 ], [ 27.108049989813601, -26.630169001598052 ], [ 27.1083770021954, -26.628971004807841 ], [ 27.108806995944544, -26.627419001585547 ], [ 27.105138997665016, -26.628219998953625 ], [ 27.104802010902514, -26.628318001674316 ], [ 27.104701997297738, -26.630219997654585 ], [ 27.104355004678119, -26.632615001980557 ], [ 27.103857998845985, -26.63633299896853 ], [ 27.103662998846719, -26.637541001615777 ], [ 27.103173996081505, -26.639171003938582 ], [ 27.102543997605803, -26.640362002204455 ], [ 27.100866000264094, -26.642334998761076 ], [ 27.097812998869188, -26.64529299757363 ], [ 27.096333999013261, -26.646795999435621 ], [ 27.094538001625818, -26.648550001181423 ], [ 27.093939003680433, -26.649139997812529 ], [ 27.093069997780482, -26.650175997024462 ], [ 27.092160001681112, -26.652527002019404 ], [ 27.091752997301306, -26.65371700293721 ], [ 27.090812000671619, -26.656365001843223 ], [ 27.08981900344255, -26.659184996989868 ], [ 27.089017000632424, -26.661502998664293 ], [ 27.088744002432108, -26.662293000921157 ], [ 27.088326000243068, -26.663502998264626 ], [ 27.087901997777305, -26.665496996688869 ], [ 27.08793899858426, -26.666339000444303 ], [ 27.088474999919665, -26.668202000022102 ], [ 27.089532998347469, -26.669746996626447 ], [ 27.09056000343973, -26.670831997198775 ], [ 27.09171599559507, -26.672051003950489 ], [ 27.092851011063619, -26.67346099702727 ], [ 27.093410998217337, -26.674616000827609 ], [ 27.093779000798545, -26.675704997987076 ], [ 27.094055998284031, -26.677521998141504 ], [ 27.093528998263068, -26.679861001683733 ], [ 27.092920999003237, -26.681435004121987 ], [ 27.092095999628995, -26.683814001414841 ], [ 27.091874970551729, -26.684359502289091 ], [ 27.091001998641673, -26.686514000920226 ], [ 27.089348999754829, -26.69091100673737 ], [ 27.089318998371404, -26.690910001295414 ], [ 27.089076998003396, -26.690894003255448 ], [ 27.086611999442468, -26.690724999059306 ], [ 27.085950003987744, -26.690658004063533 ], [ 27.085247998594546, -26.690585997145853 ], [ 27.084184000789303, -26.689915997724935 ], [ 27.083839002866004, -26.689667997979576 ], [ 27.083447995626795, -26.6893820000791 ], [ 27.082150990674016, -26.688991000933779 ], [ 27.081427011245871, -26.688911997290671 ], [ 27.081316998978572, -26.688898999389171 ], [ 27.080876999372308, -26.68896199599914 ], [ 27.079539003320658, -26.689152002063089 ], [ 27.078059996270046, -26.689425001162679 ], [ 27.077711998208382, -26.689488996020174 ], [ 27.077568998808509, -26.689512008772063 ], [ 27.076005110146021, -26.683144695371258 ], [ 27.075389645613882, -26.680600775005608 ], [ 27.074712635078335, -26.679041597891253 ], [ 27.073709796568142, -26.676928823306373 ], [ 27.072599540334789, -26.67458973702659 ], [ 27.065480666197999, -26.658669718732362 ], [ 27.061787878106315, -26.65050455624009 ], [ 27.061069836002314, -26.649191564938629 ], [ 27.05519299665761, -26.639458997434613 ], [ 27.054918002861697, -26.639011001056666 ], [ 27.054078002795741, -26.637659001661476 ], [ 27.052798998673037, -26.635532001600414 ], [ 27.052196003241139, -26.634416999644667 ], [ 27.052112003864082, -26.634262997039503 ], [ 27.051772999022901, -26.633633995911971 ], [ 27.051692997132282, -26.633484997134737 ], [ 27.051497996233653, -26.633119005437614 ], [ 27.051124998817851, -26.632472999928797 ], [ 27.050634002255503, -26.631620001062057 ], [ 27.050025289833432, -26.630546837366456 ], [ 27.049429053706028, -26.629495669289518 ], [ 27.047726824131747, -26.626747488605517 ], [ 27.047423700441509, -26.626258109024302 ], [ 27.045683002366754, -26.623634002407051 ], [ 27.045416002644508, -26.623165004161489 ], [ 27.045181999048097, -26.622754001395887 ], [ 27.045054998587457, -26.622546999044626 ], [ 27.044806000594566, -26.622143001098411 ], [ 27.044406009128128, -26.621398003614804 ], [ 27.043879999260728, -26.620382001727826 ], [ 27.041801004111171, -26.616882001303136 ], [ 27.041470998785616, -26.616318997823303 ], [ 27.039021001815858, -26.612139001113821 ], [ 27.037567998662325, -26.609655002576112 ], [ 27.037254998617414, -26.609088999857288 ], [ 27.037142999747683, -26.608887001333787 ], [ 27.036817000901898, -26.608366998937615 ], [ 27.036491002056195, -26.607960998201296 ], [ 27.036349000903762, -26.607663997095631 ], [ 27.036166000558573, -26.60728299571355 ], [ 27.035434001875746, -26.605456996043319 ], [ 27.035214998971043, -26.604912009581401 ], [ 27.034291000427405, -26.602565002972341 ], [ 27.033720999322686, -26.60111700364665 ], [ 27.033465002805723, -26.60046499786111 ], [ 27.032679997182193, -26.598480998099383 ], [ 27.032665003685086, -26.598443997292435 ], [ 27.031714002097559, -26.59603900419647 ], [ 27.030207002749037, -26.592248002043473 ], [ 27.029963997838266, -26.591635998102621 ], [ 27.029157000193464, -26.589595001108187 ], [ 27.028809002131808, -26.588714001849485 ], [ 27.02869800061023, -26.588435001573796 ], [ 27.028580990718144, -26.588140993411884 ], [ 27.028212996230817, -26.587211000886771 ], [ 27.026463000065405, -26.582784998228885 ], [ 27.025235000992485, -26.579669996672809 ], [ 27.024761998065788, -26.578471999882677 ], [ 27.023062997957005, -26.57422701006826 ], [ 27.022467008243865, -26.572712996907015 ], [ 27.02146399616451, -26.570163998969139 ], [ 27.021338001145914, -26.569847001437804 ], [ 27.020898997988354, -26.568727002848636 ], [ 27.019937997738392, -26.566279997923381 ], [ 27.018747996820583, -26.563250997635269 ], [ 27.018437996914038, -26.562462999967263 ], [ 27.017107996734616, -26.559123999772524 ], [ 27.01698900024018, -26.558827996015026 ], [ 27.016648998050758, -26.557970002313514 ], [ 27.016540995768349, -26.557697999662711 ], [ 27.016112996715439, -26.556616000128116 ], [ 27.015714999945317, -26.555611998794493 ], [ 27.015613996186982, -26.555353003038444 ], [ 27.015290000131397, -26.554538003226096 ], [ 27.014812998818812, -26.55332000191634 ], [ 27.013889996723965, -26.550970002363517 ], [ 27.013514997417158, -26.550090001352245 ], [ 27.013089997603238, -26.549253997873457 ], [ 27.012815011001923, -26.548825000573103 ], [ 27.012513996221973, -26.548395996078064 ], [ 27.012267999266722, -26.548099003066369 ], [ 27.012213994078579, -26.54803400186745 ], [ 27.011963998737524, -26.547784996680051 ], [ 27.011564000076483, -26.547445999932751 ], [ 27.011111000770061, -26.547085003070208 ], [ 27.010410001718185, -26.546497001135425 ], [ 27.010008995816452, -26.546090003050953 ], [ 27.009684011405959, -26.545682996872593 ], [ 27.009307996764576, -26.545141004253725 ], [ 27.008807999787241, -26.544305000774919 ], [ 27.008501997367215, -26.543733004973969 ], [ 27.008262989942963, -26.543285998749578 ], [ 27.007899001036034, -26.542604988029495 ], [ 27.007433003828009, -26.541732000830962 ], [ 27.005466000353589, -26.537950998239765 ], [ 26.999900002680928, -26.537580002714705 ], [ 26.992030000382051, -26.537050002555286 ], [ 26.979960003149436, -26.536300010237067 ], [ 26.977660002304976, -26.536139999261316 ], [ 26.974042002733995, -26.535879998063226 ], [ 26.98035400243306, -26.506341001036073 ], [ 26.98154500069904, -26.500181997600908 ], [ 26.983987002695855, -26.48926500227779 ], [ 26.984089003802261, -26.488809002833012 ], [ 26.986809000632711, -26.489505996304395 ], [ 26.997808998884071, -26.492690003740428 ], [ 26.99945700203687, -26.493202002170388 ], [ 27.004910001693165, -26.494653999881976 ], [ 27.007558998846729, -26.486451996662087 ], [ 27.009876004072296, -26.479969996318054 ], [ 27.01308500276869, -26.471167997804628 ], [ 27.018846000440618, -26.455721004020905 ], [ 27.019198004082678, -26.454258003104133 ], [ 27.02052500322446, -26.449966995879919 ], [ 27.038650997343819, -26.450767003993828 ], [ 27.042533964169337, -26.449527864119478 ], [ 27.043182691925921, -26.448554607908566 ], [ 27.043046058826771, -26.44778946471185 ], [ 27.040450036238401, -26.436448938167793 ], [ 27.032689290776268, -26.432185994287938 ], [ 27.028262386997671, -26.429808583399158 ], [ 27.028297192559481, -26.4293386912274 ], [ 27.01560500386595, -26.422314003987843 ], [ 27.012911003737894, -26.409840000715224 ], [ 27.011282997010774, -26.402431000789822 ], [ 27.009893996808536, -26.395989997839894 ], [ 27.005589002428522, -26.376486001327631 ], [ 27.012301001687977, -26.372189999268759 ], [ 27.012379998136471, -26.372139002312849 ], [ 27.013011991308403, -26.371774998117445 ], [ 27.013294997164486, -26.371612002291808 ], [ 27.019158999586296, -26.367753997948441 ], [ 27.019412003159502, -26.367585999194336 ], [ 27.025806000344769, -26.363536003083862 ], [ 27.026007000620751, -26.363407997181099 ], [ 27.033695001721149, -26.358499998376047 ], [ 27.037917003065441, -26.358313997892495 ], [ 27.038923996443465, -26.358270000359948 ], [ 27.054972989210384, -26.358749003563467 ], [ 27.061401998801596, -26.35874799812143 ], [ 27.074192998706337, -26.358976998789295 ], [ 27.080727998796593, -26.358954003124541 ], [ 27.081285999347873, -26.358952996783231 ], [ 27.081382996626434, -26.358665004186442 ], [ 27.082811996874621, -26.354422999221807 ], [ 27.086604003570404, -26.342682991126985 ], [ 27.087008998864686, -26.341430997242593 ], [ 27.087266997272568, -26.340679002134102 ], [ 27.08743800425901, -26.340178996163516 ], [ 27.088304998375424, -26.337656003021905 ], [ 27.088909996597526, -26.334685994662749 ], [ 27.089086996666083, -26.333819001445526 ], [ 27.091026997996078, -26.326878997067869 ], [ 27.090933000855873, -26.324894997306064 ], [ 27.090896990202481, -26.324141995856237 ], [ 27.090856000002891, -26.323275001739734 ], [ 27.090827002262859, -26.322655999274815 ], [ 27.090793999841711, -26.32197799678697 ], [ 27.09075699903476, -26.321202997020471 ], [ 27.090721003669845, -26.320438992365467 ], [ 27.090688001248786, -26.319742996242066 ], [ 27.090142998599024, -26.308279002673668 ], [ 27.090089999752202, -26.306631000420165 ], [ 27.081778998700351, -26.310168000752419 ], [ 27.077640000284244, -26.294429997146491 ], [ 27.077478999154927, -26.293560001992265 ], [ 27.076800000218295, -26.289902998824154 ], [ 27.076564998374444, -26.288634999705287 ], [ 27.082761642034622, -26.287839343410838 ], [ 27.086929321629412, -26.287217301237256 ], [ 27.089915122083685, -26.286284238426685 ], [ 27.096446559959329, -26.283982683553873 ], [ 27.105403961322324, -26.280250433210796 ], [ 27.109074008257494, -26.27801108264519 ], [ 27.116103079692031, -26.272537116194851 ], [ 27.120332962694754, -26.270546581959017 ], [ 27.126607204357711, -26.267533870191848 ], [ 27.136959702427045, -26.262487026854661 ], [ 27.145327971407511, -26.258389164328388 ], [ 27.148685009304526, -26.256692732683355 ], [ 27.152018758357794, -26.255166063363063 ], [ 27.155445975750006, -26.253514767792115 ], [ 27.156785706593872, -26.25307857591536 ], [ 27.158623942439824, -26.252922792652637 ], [ 27.161147620864824, -26.25282932431379 ], [ 27.166226134727175, -26.252798168200812 ], [ 27.173111728322496, -26.252704698063226 ], [ 27.176850511340891, -26.252735854176212 ], [ 27.194204698287191, -26.25239313243706 ], [ 27.209035205909032, -26.252112723823053 ], [ 27.211683509685226, -26.252112723823053 ], [ 27.219379173009443, -26.25273585417624 ], [ 27.235331315986542, -26.254013271894973 ], [ 27.237013768569664, -26.254013271894966 ], [ 27.245145621971986, -26.253639393143363 ], [ 27.248977876027332, -26.252424287650697 ], [ 27.255115711220249, -26.250710678954611 ], [ 27.260163068969618, -26.249121697408359 ], [ 27.26623859193667, -26.247439243925871 ], [ 27.272002550176719, -26.244790939250411 ], [ 27.276395619661365, -26.242267259926045 ], [ 27.283530465757632, -26.24105215623203 ], [ 27.301476626944034, -26.237593780928218 ], [ 27.312447883762118, -26.235616725731333 ], [ 27.312656003970744, -26.236152002213053 ], [ 27.313969997117034, -26.23952999701169 ], [ 27.318200000628863, -26.250919997060155 ], [ 27.318219997953904, -26.250980001625734 ] ] ] } },
{ "type": "Feature", "properties": { "Municipali": "JB Marks Local Municipality", "WardNo": "29", "WardLabel": "NW405_29", "Province": "North West", "CLASSIFICATION": "Service centre", "PopGBlack": 6272.4752248000004, "PopGColour": 76.179150913000001, "PopGIndian": 2.195758908, "PopGWhite": 12.490757901, "PopGOther": 2.967137, "PopGTotal": 6366.3080295 }, "geometry": { "type": "Polygon", "coordinates": [ [ [ 26.792556677944827, -26.321553320728633 ], [ 26.793687817335346, -26.32223022334562 ], [ 26.795923374560573, -26.321909586257892 ], [ 26.796015999335449, -26.321878710733358 ], [ 26.796111000119044, -26.322423997568862 ], [ 26.796353356618624, -26.323860320996442 ], [ 26.796666180396354, -26.323819517855931 ], [ 26.796677108957873, -26.323906386070323 ], [ 26.796984701379369, -26.325644290850768 ], [ 26.796761387124807, -26.325764460061261 ], [ 26.796921999747031, -26.326733000227282 ], [ 26.797433999975652, -26.326761999765878 ], [ 26.79793699978919, -26.326799999719647 ], [ 26.79844299974118, -26.326833000342145 ], [ 26.798963000338787, -26.326870000249819 ], [ 26.799174998423922, -26.32694500280909 ], [ 26.799248000891016, -26.326951003985091 ], [ 26.799704001235167, -26.326979002578401 ], [ 26.800175001371759, -26.32739099639684 ], [ 26.798557987957281, -26.329092620727344 ], [ 26.797309650716315, -26.328419953917177 ], [ 26.795628456284721, -26.327655773894364 ], [ 26.793687438720777, -26.326937444906601 ], [ 26.792694005320609, -26.326631773437043 ], [ 26.792267849877849, -26.326517732207069 ], [ 26.791608868950597, -26.32634138504628 ], [ 26.790279196124427, -26.326081563712673 ], [ 26.789301045803054, -26.325898159571917 ], [ 26.78807835812616, -26.325806459300082 ], [ 26.78646976596329, -26.3256873036256 ], [ 26.786427728952976, -26.325684190172726 ], [ 26.785006354056428, -26.325653623115659 ], [ 26.784777100678987, -26.325638339137491 ], [ 26.784798001822736, -26.325530996058095 ], [ 26.78775646108825, -26.317603331927689 ], [ 26.788032356904225, -26.316817728255 ], [ 26.785470004033872, -26.315482000293507 ], [ 26.786947049662984, -26.313390224878415 ], [ 26.791866570582197, -26.316191712876716 ], [ 26.793354921588829, -26.317159115400312 ], [ 26.793708000820104, -26.317360002361696 ], [ 26.794446000678935, -26.317785001276246 ], [ 26.795376001297946, -26.318318998922088 ], [ 26.795496639055155, -26.318325455155055 ], [ 26.795626427414238, -26.318332399719885 ], [ 26.792538865073031, -26.321482068342242 ], [ 26.792556677944827, -26.321553320728633 ] ] ] } },
{ "type": "Feature", "properties": { "Municipali": "JB Marks Local Municipality", "WardNo": "30", "WardLabel": "NW405_30", "Province": "North West", "CLASSIFICATION": "Service centre", "PopGBlack": 6361.1141277999996, "PopGColour": 131.00174781000001, "PopGIndian": 2.038918986, "PopGWhite": 2.979958518, "PopGOther": 28.9200857, "PopGTotal": 6526.0548387999997 }, "geometry": { "type": "Polygon", "coordinates": [ [ [ 26.804672000109289, -26.317458999732544 ], [ 26.805175999969006, -26.317746000377035 ], [ 26.805537999575655, -26.317918000215066 ], [ 26.806776110625616, -26.318479425384616 ], [ 26.807159068033183, -26.318551229055444 ], [ 26.807206938046292, -26.318455489928336 ], [ 26.807290709894954, -26.31770154329104 ], [ 26.80742235085744, -26.317438259567503 ], [ 26.80754202544075, -26.317438259567499 ], [ 26.807618538861064, -26.316948569720246 ], [ 26.807661699124782, -26.316672345651746 ], [ 26.808726797700174, -26.316851856627427 ], [ 26.810050425283546, -26.317169917157432 ], [ 26.81089558026342, -26.317395849338489 ], [ 26.811498065779748, -26.317471158566587 ], [ 26.811941562849487, -26.317504631333186 ], [ 26.8121724943618, -26.317414428432667 ], [ 26.812516612748126, -26.31725248931037 ], [ 26.812972473697382, -26.318594365936725 ], [ 26.813035064713134, -26.318778610044337 ], [ 26.813166706574901, -26.319185502008814 ], [ 26.813437998761305, -26.31928099562095 ], [ 26.813487998369048, -26.319294003415077 ], [ 26.813623001896694, -26.319329001431743 ], [ 26.814547002239074, -26.32064499736823 ], [ 26.812386999756932, -26.321878995818498 ], [ 26.812875054636734, -26.322653834606307 ], [ 26.81194865040651, -26.323078187807585 ], [ 26.810838747606702, -26.32343226708495 ], [ 26.810484669228703, -26.323561641755838 ], [ 26.81044468537052, -26.323639596789462 ], [ 26.810207000849029, -26.324103001251995 ], [ 26.809271000852579, -26.326053001244496 ], [ 26.808487367594552, -26.327808592991669 ], [ 26.807888207771189, -26.32904322456465 ], [ 26.807488767589096, -26.329533446810558 ], [ 26.804052361823608, -26.332875272675206 ], [ 26.80236867537058, -26.331730365563423 ], [ 26.800153600205046, -26.330150763046717 ], [ 26.798557987957281, -26.329092620727344 ], [ 26.800175001371759, -26.32739099639684 ], [ 26.799704001235167, -26.326979002578401 ], [ 26.799248000891016, -26.326951003985091 ], [ 26.799174998423922, -26.32694500280909 ], [ 26.798963000338787, -26.326870000249819 ], [ 26.79844299974118, -26.326833000342145 ], [ 26.79793699978919, -26.326799999719647 ], [ 26.797433999975652, -26.326761999765878 ], [ 26.796921999747031, -26.326733000227282 ], [ 26.796761387124807, -26.325764460061261 ], [ 26.796984701379369, -26.325644290850768 ], [ 26.796677108957873, -26.323906386070323 ], [ 26.796666180396354, -26.323819517855931 ], [ 26.796353356618624, -26.323860320996442 ], [ 26.796111000119044, -26.322423997568862 ], [ 26.796015999335449, -26.321878710733358 ], [ 26.795923374560573, -26.321909586257892 ], [ 26.793687817335346, -26.32223022334562 ], [ 26.792556677944827, -26.321553320728633 ], [ 26.792538865073031, -26.321482068342242 ], [ 26.795626427414238, -26.318332399719885 ], [ 26.795496639055155, -26.318325455155055 ], [ 26.795513000421195, -26.318309000259649 ], [ 26.795825999566731, -26.317843000353609 ], [ 26.796187000026574, -26.317683000169744 ], [ 26.796372999610753, -26.31759999993951 ], [ 26.796692999978472, -26.317605000170143 ], [ 26.79721999999952, -26.317612999639667 ], [ 26.797748000066662, -26.317621000008664 ], [ 26.798202000318636, -26.317627000285299 ], [ 26.79828200041052, -26.317619999962481 ], [ 26.798726000201235, -26.317411000216886 ], [ 26.798998000154107, -26.317277000332808 ], [ 26.79932399989918, -26.316815999758028 ], [ 26.800714000147607, -26.314852000019282 ], [ 26.801114999754024, -26.315152000364026 ], [ 26.801513000121354, -26.315447999624944 ], [ 26.801895999797065, -26.315737000361715 ], [ 26.802285999795586, -26.316025000153108 ], [ 26.802679999978555, -26.316296000059893 ], [ 26.803101999654121, -26.316542999759072 ], [ 26.803411999560669, -26.316771000380832 ], [ 26.804230999557564, -26.31721400012546 ], [ 26.804672000109289, -26.317458999732544 ] ] ] } },
{ "type": "Feature", "properties": { "Municipali": "JB Marks Local Municipality", "WardNo": "31", "WardLabel": "NW405_31", "Province": "North West", "CLASSIFICATION": "Service centre", "PopGBlack": 7831.4201092000003, "PopGColour": 84.901660448000001, "PopGIndian": 10.927419928000001, "PopGWhite": 30.616269075000002, "PopGOther": 5.8655319, "PopGTotal": 7963.730990600001 }, "geometry": { "type": "Polygon", "coordinates": [ [ [ 26.985690000291434, -26.069520001746422 ], [ 26.995910003042326, -26.073709998017705 ], [ 27.009649994549793, -26.079350003599576 ], [ 27.009719997777896, -26.07938999555164 ], [ 27.013139997211344, -26.080789999858343 ], [ 27.013139997211344, -26.080870000849604 ], [ 27.016470011380218, -26.082309997108368 ], [ 27.021769998584823, -26.084600000189578 ], [ 27.026500000872645, -26.086639999835853 ], [ 27.026249998337079, -26.087920000407443 ], [ 27.026540000918676, -26.088050001006529 ], [ 27.053780004342197, -26.100689999343807 ], [ 27.050049996908236, -26.113390002246639 ], [ 27.046260001096623, -26.125519995950782 ], [ 27.045879997961972, -26.126829999704523 ], [ 27.044459998128772, -26.131679995834908 ], [ 27.071489998163422, -26.099620000362485 ], [ 27.074329997829626, -26.099049999257865 ], [ 27.076480000749957, -26.098670004217112 ], [ 27.077760002220913, -26.098479998153159 ], [ 27.080919999556905, -26.098129997301385 ], [ 27.080879998611589, -26.098199999630118 ], [ 27.067019997073668, -26.125580001415752 ], [ 27.065249997287989, -26.129089999603579 ], [ 27.059720003074116, -26.140590002926082 ], [ 27.086710002163425, -26.142889995676583 ], [ 27.088369990581192, -26.114029999384798 ], [ 27.091439997256668, -26.100799995423284 ], [ 27.092659999557906, -26.096100004411525 ], [ 27.094839999365075, -26.096179997308809 ], [ 27.096960000002611, -26.096380001135916 ], [ 27.099229989571025, -26.096619997814532 ], [ 27.10889999573692, -26.097790002306585 ], [ 27.115890006017672, -26.098429991350844 ], [ 27.122299993148918, -26.099049999257904 ], [ 27.128050002904029, -26.099529999809487 ], [ 27.134909996398022, -26.10010000091421 ], [ 27.137079988549424, -26.100280001121032 ], [ 27.142029999183983, -26.100689999343881 ], [ 27.158029997785089, -26.097689996795726 ], [ 27.170919998657951, -26.094860002986664 ], [ 27.170179996908296, -26.089000005245921 ], [ 27.169649996748891, -26.081160005229883 ], [ 27.16984999967671, -26.080229997416286 ], [ 27.197509990992312, -26.081729990146769 ], [ 27.197729999338968, -26.081790002806237 ], [ 27.199410000370236, -26.081869996602975 ], [ 27.204670001918089, -26.08216999874638 ], [ 27.20945000291437, -26.082399996762305 ], [ 27.210709999865685, -26.082559999644175 ], [ 27.213130002646611, -26.08323999682834 ], [ 27.216580011557355, -26.084330001228498 ], [ 27.221529997910178, -26.085870002998163 ], [ 27.241069997881276, -26.091999999700157 ], [ 27.249839999415617, -26.092880008805299 ], [ 27.269940001828907, -26.094948998097738 ], [ 27.283499994028798, -26.09519999798146 ], [ 27.292439988114289, -26.09537000672038 ], [ 27.299680000930593, -26.096550001781068 ], [ 27.310180001305387, -26.098259997900531 ], [ 27.31113998801942, -26.098399996262767 ], [ 27.325200002377564, -26.100559997845618 ], [ 27.326239998176732, -26.100720008821373 ], [ 27.335719991084147, -26.104689996745922 ], [ 27.33597000081431, -26.104790003156086 ], [ 27.340660003056087, -26.106769997337413 ], [ 27.349769997786602, -26.11052999806099 ], [ 27.359479996803813, -26.114689999244078 ], [ 27.361720000277195, -26.115669998571548 ], [ 27.361530003206493, -26.117690001792059 ], [ 27.361299996197321, -26.120090000053434 ], [ 27.361239990732457, -26.120760000373632 ], [ 27.361060000418071, -26.122669999420914 ], [ 27.360799999220074, -26.12542000572865 ], [ 27.36048999931344, -26.12887999801351 ], [ 27.360439999705697, -26.129470002738412 ], [ 27.360250001735629, -26.131560001992518 ], [ 27.360150004318701, -26.132639998736906 ], [ 27.360110003373389, -26.133150003369924 ], [ 27.359879997263498, -26.135649999048216 ], [ 27.359800002567564, -26.136570001004699 ], [ 27.35950999908669, -26.139739997003286 ], [ 27.359410000770392, -26.140879999212551 ], [ 27.359349996204809, -26.141559996396701 ], [ 27.359310003353379, -26.141980001375941 ], [ 27.359230002362128, -26.142889995676743 ], [ 27.358960003400895, -26.145870001799146 ], [ 27.358660001257498, -26.149630003421908 ], [ 27.358259992703925, -26.15461000015139 ], [ 27.3572700037071, -26.154439998606996 ], [ 27.356069996932256, -26.154259999299537 ], [ 27.355119999887496, -26.154079999991986 ], [ 27.354609996153844, -26.154020002620996 ], [ 27.353789999708166, -26.153899999785153 ], [ 27.352280001120576, -26.153699996857341 ], [ 27.35165000174559, -26.153589999878527 ], [ 27.351239997227523, -26.153540001170064 ], [ 27.349859998339646, -26.153310011248013 ], [ 27.349120002885218, -26.153249997689276 ], [ 27.348380009229444, -26.153079997044244 ], [ 27.347840002313639, -26.152979990634069 ], [ 27.346640002733309, -26.152830001703197 ], [ 27.345100000963733, -26.152570001404392 ], [ 27.344260000897695, -26.152439999906026 ], [ 27.342920002955218, -26.152260000598563 ], [ 27.342069996132864, -26.152110003573714 ], [ 27.341349998003391, -26.152009998062915 ], [ 27.340869996552446, -26.151929996172388 ], [ 27.34018000070585, -26.151839995619234 ], [ 27.339460002576381, -26.151699998156371 ], [ 27.33703001012627, -26.151389998249815 ], [ 27.335930000768357, -26.151240001224973 ], [ 27.334269996162753, -26.1509099958996 ], [ 27.332860003086058, -26.150719998828809 ], [ 27.331019999172998, -26.150440001205055 ], [ 27.330449998068371, -26.150350000651912 ], [ 27.329859999638607, -26.150239997377955 ], [ 27.328229999114541, -26.149990002036908 ], [ 27.327540003267949, -26.149839997817644 ], [ 27.32686999575305, -26.149740000400623 ], [ 27.325609999701111, -26.14960999890225 ], [ 27.325100004061255, -26.149529997011719 ], [ 27.323849996779302, -26.149380000886339 ], [ 27.323510002683847, -26.149299998995712 ], [ 27.322670001718528, -26.149150001970956 ], [ 27.321359998864242, -26.148989999089164 ], [ 27.320540003317845, -26.148819998444136 ], [ 27.320050003204468, -26.148760000173784 ], [ 27.317750003259391, -26.148419997984533 ], [ 27.317209996343582, -26.148319999668232 ], [ 27.316600002387521, -26.148210003588797 ], [ 27.315720001376345, -26.148090000752944 ], [ 27.315059999718578, -26.148009999761697 ], [ 27.311799996871695, -26.147500004121845 ], [ 27.310880003009089, -26.147370002623472 ], [ 27.310509997637592, -26.14725999934943 ], [ 27.310559997245424, -26.14791000234468 ], [ 27.302110002374029, -26.146119989046205 ], [ 27.291409998172131, -26.144620004409614 ], [ 27.298679997982831, -26.179439997657713 ], [ 27.303069997181932, -26.200630003571746 ], [ 27.308389997000038, -26.225180004353629 ], [ 27.312447883762118, -26.235616725731333 ], [ 27.301476626944034, -26.237593780928218 ], [ 27.283530465757632, -26.24105215623203 ], [ 27.276395619661365, -26.242267259926045 ], [ 27.272002550176719, -26.244790939250411 ], [ 27.26623859193667, -26.247439243925871 ], [ 27.260163068969618, -26.249121697408359 ], [ 27.255115711220249, -26.250710678954611 ], [ 27.248977876027332, -26.252424287650697 ], [ 27.245145621971986, -26.253639393143363 ], [ 27.237013768569664, -26.254013271894966 ], [ 27.235331315986542, -26.254013271894973 ], [ 27.219379173009443, -26.25273585417624 ], [ 27.211683509685226, -26.252112723823053 ], [ 27.209035205909032, -26.252112723823053 ], [ 27.194204698287191, -26.25239313243706 ], [ 27.176850511340891, -26.252735854176212 ], [ 27.173111728322496, -26.252704698063226 ], [ 27.166226134727175, -26.252798168200812 ], [ 27.161147620864824, -26.25282932431379 ], [ 27.158623942439824, -26.252922792652637 ], [ 27.156785706593872, -26.25307857591536 ], [ 27.155445975750006, -26.253514767792115 ], [ 27.152018758357794, -26.255166063363063 ], [ 27.148685009304526, -26.256692732683355 ], [ 27.145327971407511, -26.258389164328388 ], [ 27.136959702427045, -26.262487026854661 ], [ 27.126607204357711, -26.267533870191848 ], [ 27.120332962694754, -26.270546581959017 ], [ 27.116103079692031, -26.272537116194851 ], [ 27.109074008257494, -26.27801108264519 ], [ 27.105403961322324, -26.280250433210796 ], [ 27.096446559959329, -26.283982683553873 ], [ 27.089915122083685, -26.286284238426685 ], [ 27.086929321629412, -26.287217301237256 ], [ 27.082761642034622, -26.287839343410838 ], [ 27.076564998374444, -26.288634999705287 ], [ 27.076800000218295, -26.289902998824154 ], [ 27.077478999154927, -26.293560001992265 ], [ 27.077640000284244, -26.294429997146491 ], [ 27.081778998700351, -26.310168000752419 ], [ 27.090089999752202, -26.306631000420165 ], [ 27.090142998599024, -26.308279002673668 ], [ 27.090688001248786, -26.319742996242066 ], [ 27.090721003669845, -26.320438992365467 ], [ 27.09075699903476, -26.321202997020471 ], [ 27.090793999841711, -26.32197799678697 ], [ 27.090827002262859, -26.322655999274815 ], [ 27.090856000002891, -26.323275001739734 ], [ 27.090896990202481, -26.324141995856237 ], [ 27.090933000855873, -26.324894997306064 ], [ 27.091026997996078, -26.326878997067869 ], [ 27.089086996666083, -26.333819001445526 ], [ 27.088909996597526, -26.334685994662749 ], [ 27.088304998375424, -26.337656003021905 ], [ 27.08743800425901, -26.340178996163516 ], [ 27.087266997272568, -26.340679002134102 ], [ 27.087008998864686, -26.341430997242593 ], [ 27.086604003570404, -26.342682991126985 ], [ 27.082811996874621, -26.354422999221807 ], [ 27.081382996626434, -26.358665004186442 ], [ 27.081285999347873, -26.358952996783231 ], [ 27.080727998796593, -26.358954003124541 ], [ 27.074192998706337, -26.358976998789295 ], [ 27.061401998801596, -26.35874799812143 ], [ 27.054972989210384, -26.358749003563467 ], [ 27.038923996443465, -26.358270000359948 ], [ 27.037917003065441, -26.358313997892495 ], [ 27.033695001721149, -26.358499998376047 ], [ 27.026007000620751, -26.363407997181099 ], [ 27.025806000344769, -26.363536003083862 ], [ 27.019412003159502, -26.367585999194336 ], [ 27.019158999586296, -26.367753997948441 ], [ 27.013294997164486, -26.371612002291808 ], [ 27.013011991308403, -26.371774998117445 ], [ 27.012379998136471, -26.372139002312849 ], [ 27.012301001687977, -26.372189999268759 ], [ 27.005589002428522, -26.376486001327631 ], [ 26.998149009167449, -26.380593001865329 ], [ 26.998097996922972, -26.38061899856773 ], [ 26.990368001080306, -26.384508004340688 ], [ 26.990232000204593, -26.384575995785337 ], [ 26.990250001034664, -26.38463099832164 ], [ 26.98889399605897, -26.384468999844248 ], [ 26.985673994157388, -26.383693002729594 ], [ 26.983088002607143, -26.383057003977257 ], [ 26.982506998297236, -26.382950998189731 ], [ 26.969485002128938, -26.380175000575537 ], [ 26.967851003218971, -26.379837001176401 ], [ 26.95749400134482, -26.379059001271621 ], [ 26.955277999877506, -26.378928003324376 ], [ 26.95352500267445, -26.378699001757241 ], [ 26.947428001198986, -26.3783379977001 ], [ 26.943876996623775, -26.378178002012909 ], [ 26.940496999034913, -26.377777995257897 ], [ 26.947487989576729, -26.360778989258627 ], [ 26.949645997362548, -26.355498997580352 ], [ 26.950205003355958, -26.354199000583105 ], [ 26.949043999278807, -26.35326099779655 ], [ 26.947961002396053, -26.352574002088222 ], [ 26.946922003045664, -26.352193001605418 ], [ 26.946370002771108, -26.352078999945569 ], [ 26.941640001382556, -26.351858999692791 ], [ 26.92992700262668, -26.351453997203809 ], [ 26.921025995950451, -26.351111999418865 ], [ 26.917679999030184, -26.351121007927812 ], [ 26.915230001161049, -26.351055002186236 ], [ 26.915214002221898, -26.351152996812957 ], [ 26.913465004303923, -26.350996003062782 ], [ 26.901940000727823, -26.350627999582088 ], [ 26.893711004356689, -26.350392998637609 ], [ 26.877721002619388, -26.349882004750285 ], [ 26.874581999057217, -26.349790999654555 ], [ 26.873585004341628, -26.349716001591769 ], [ 26.871782997684384, -26.349468991100597 ], [ 26.869661002350519, -26.348764001756798 ], [ 26.867754999890465, -26.347651999939423 ], [ 26.866604999917875, -26.346604998421487 ], [ 26.86564799805371, -26.345323998703094 ], [ 26.86474048678118, -26.343743986994962 ], [ 26.8646709988646, -26.343623004797362 ], [ 26.863460004172953, -26.342016997286208 ], [ 26.862528000763657, -26.341290998880019 ], [ 26.854167001003233, -26.336918003162822 ], [ 26.850354997881773, -26.33482900215623 ], [ 26.863684999260421, -26.324663003694283 ], [ 26.863753417883011, -26.324610301623743 ], [ 26.863907002303396, -26.324491996707842 ], [ 26.872263997382706, -26.318116003050715 ], [ 26.899658998960994, -26.306404001643028 ], [ 26.911237001384009, -26.301433994582826 ], [ 26.913327997086835, -26.300535002587946 ], [ 26.919601002182077, -26.297826001768193 ], [ 26.924168997898548, -26.295888999677302 ], [ 26.91809299739144, -26.279217997112468 ], [ 26.916753996797031, -26.275536999132882 ], [ 26.915648999799032, -26.272484005831874 ], [ 26.914406000034397, -26.269026999296255 ], [ 26.910174998275117, -26.25741300060913 ], [ 26.90843800001122, -26.252645001065591 ], [ 26.908178997060485, -26.251976997240263 ], [ 26.907606003012095, -26.250497000036184 ], [ 26.903585003742439, -26.239919000561081 ], [ 26.900029004332556, -26.230023001959609 ], [ 26.889170999139658, -26.218674001103889 ], [ 26.882908999048354, -26.21221499642451 ], [ 26.877307996164429, -26.206177998615381 ], [ 26.867063998601871, -26.195473996926967 ], [ 26.861864001619583, -26.190171998838217 ], [ 26.857190996564366, -26.192611998944081 ], [ 26.854994003167818, -26.178825998120857 ], [ 26.85158599709322, -26.157133002285722 ], [ 26.848242002063884, -26.135340997388674 ], [ 26.816535316948233, -26.144129526755723 ], [ 26.806081997682838, -26.147027001194658 ], [ 26.802192876796578, -26.147623508917242 ], [ 26.786163997367161, -26.150081997285742 ], [ 26.783078998093853, -26.150554002864357 ], [ 26.780756000685443, -26.150909995899053 ], [ 26.778604998618292, -26.151240001224426 ], [ 26.776404996989488, -26.151574999585915 ], [ 26.774295001309692, -26.151897999192713 ], [ 26.771927998274936, -26.152260997946073 ], [ 26.769740004394173, -26.152595998106211 ], [ 26.767651003387481, -26.152907002555519 ], [ 26.759617996269867, -26.154082002781603 ], [ 26.749546003041903, -26.13424000597082 ], [ 26.745304006171125, -26.125617002222253 ], [ 26.742360002608212, -26.119821995787795 ], [ 26.733110001421529, -26.101570000354609 ], [ 26.749509999583065, -26.097760000023321 ], [ 26.757200004373072, -26.095829995557224 ], [ 26.77029000097923, -26.09275999877433 ], [ 26.807079998739816, -26.084029999084674 ], [ 26.847929999367206, -26.059699998555629 ], [ 26.855040004389959, -26.059010003608329 ], [ 26.856219998551364, -26.067570001753751 ], [ 26.865439998354621, -26.068850003224629 ], [ 26.866689996643338, -26.061320003115224 ], [ 26.880499998573541, -26.064070002228384 ], [ 26.880589999126595, -26.064089998654143 ], [ 26.897550000629554, -26.067059998020074 ], [ 26.905300001891234, -26.06896999796664 ], [ 26.906136496399746, -26.069077110819634 ], [ 26.908580002063079, -26.06939000204661 ], [ 26.912090000251027, -26.07015000112122 ], [ 26.917358700041643, -26.071116916212333 ], [ 26.917429995595462, -26.071130000448786 ], [ 26.923560001290738, -26.054730001388059 ], [ 26.925179996857157, -26.050420003180221 ], [ 26.926719998626833, -26.045929996671667 ], [ 26.931469997340347, -26.033439996258458 ], [ 26.932073999113573, -26.031705000784775 ], [ 26.932100003010561, -26.031630002722078 ], [ 26.950559999042721, -26.041139997912193 ], [ 26.955290001330457, -26.043390000048095 ], [ 26.959199999078631, -26.045410003268707 ], [ 26.967529999208175, -26.049589999978188 ], [ 26.974020002619074, -26.052830000104166 ], [ 26.978360004009101, -26.055095002931679 ], [ 26.977112997764692, -26.058602000981249 ], [ 26.975090001600314, -26.064240003772898 ], [ 26.974799999018806, -26.06505000065669 ], [ 26.985709996717105, -26.0694499994176 ], [ 26.985690000291434, -26.069520001746422 ] ] ] } },
{ "type": "Feature", "properties": { "Municipali": "JB Marks Local Municipality", "WardNo": "32", "WardLabel": "NW405_32", "Province": "North West", "CLASSIFICATION": "Service centre", "PopGBlack": 6450.7312604999997, "PopGColour": 550.40070896999998, "PopGIndian": 8.62619571, "PopGWhite": 1729.4710248, "PopGOther": 29.4364229, "PopGTotal": 8768.6656129000003 }, "geometry": { "type": "Polygon", "coordinates": [ [ [ 26.899658998960994, -26.306404001643028 ], [ 26.872263997382706, -26.318116003050715 ], [ 26.863907002303396, -26.324491996707842 ], [ 26.863753417883011, -26.324610301623743 ], [ 26.863684999260421, -26.324663003694283 ], [ 26.850354997881773, -26.33482900215623 ], [ 26.848141995653531, -26.336519000950737 ], [ 26.842163001418299, -26.341086000218294 ], [ 26.840657000317211, -26.342235002842624 ], [ 26.839442997393324, -26.343160996981943 ], [ 26.838747001269919, -26.343692999931552 ], [ 26.83703699705665, -26.345013998796507 ], [ 26.832552003369059, -26.348423002219249 ], [ 26.832413002354983, -26.348531003602464 ], [ 26.829816996853726, -26.350548995938986 ], [ 26.829673008199567, -26.350661002902509 ], [ 26.8294190000836, -26.350858995845535 ], [ 26.82896300063873, -26.351232998703459 ], [ 26.827140001106933, -26.352646998259832 ], [ 26.826060004362446, -26.353468989401826 ], [ 26.825964004432038, -26.353544002753086 ], [ 26.824294001163995, -26.35484199785941 ], [ 26.821506003895628, -26.357008997966407 ], [ 26.821485002027917, -26.357024996905565 ], [ 26.819876998921057, -26.358273996946902 ], [ 26.818349909617329, -26.352308488045733 ], [ 26.80124561728794, -26.342762948051082 ], [ 26.80128600044511, -26.342697997214284 ], [ 26.801321000260515, -26.342627996684204 ], [ 26.801335000006762, -26.342594998759637 ], [ 26.801329999776225, -26.342547000143444 ], [ 26.801325000444962, -26.342501997168938 ], [ 26.801325000444962, -26.342468999244367 ], [ 26.801320000214425, -26.342438003210717 ], [ 26.801320000214425, -26.342426999106245 ], [ 26.801325999591686, -26.342393000236218 ], [ 26.80133900019122, -26.342361997008052 ], [ 26.801361000306457, -26.342330000028948 ], [ 26.801394000029589, -26.342314999337237 ], [ 26.801422000421464, -26.342277996731632 ], [ 26.801426999752813, -26.342255001966254 ], [ 26.801435000121714, -26.34223900032908 ], [ 26.801435000121714, -26.34218199859987 ], [ 26.801435000121714, -26.342166997908077 ], [ 26.801440000352255, -26.34214200125178 ], [ 26.801446999775784, -26.342099000168194 ], [ 26.801453000052412, -26.342080001989959 ], [ 26.801459000329132, -26.342061997562592 ], [ 26.801463999660392, -26.342049999707179 ], [ 26.801476000213746, -26.342033998069997 ], [ 26.801488999913996, -26.342028999638103 ], [ 26.801501999614153, -26.342022000214573 ], [ 26.801522999683218, -26.342012998000932 ], [ 26.80155300016736, -26.342006998623496 ], [ 26.801566999913611, -26.341997002658992 ], [ 26.801577000374778, -26.341990003235473 ], [ 26.801594000259485, -26.341985998554438 ], [ 26.801606999959642, -26.341982001967292 ], [ 26.80162499989034, -26.341976997240081 ], [ 26.801652000236125, -26.341963998439198 ], [ 26.801713000351217, -26.341963998439194 ], [ 26.801732000328101, -26.341969996917271 ], [ 26.801761999912959, -26.341969996917271 ], [ 26.801778999797573, -26.341969003166408 ], [ 26.80179399959, -26.341969003166408 ], [ 26.801823000027966, -26.341963998439201 ], [ 26.801839999912573, -26.34195300062996 ], [ 26.801858999889458, -26.341939000883624 ], [ 26.801897999889309, -26.341915998923636 ], [ 26.801910000442746, -26.341908998600911 ], [ 26.801931999658617, -26.341905002013675 ], [ 26.801965000281118, -26.341905002013672 ], [ 26.801976999935103, -26.341910000445562 ], [ 26.802007000419334, -26.341910000445566 ], [ 26.802025000350039, -26.341910000445569 ], [ 26.802046999565906, -26.341906996709994 ], [ 26.80205900011935, -26.341906996709994 ], [ 26.802076000003957, -26.341901999177384 ], [ 26.802104000395833, -26.341885996640933 ], [ 26.80212300037271, -26.341879998162856 ], [ 26.802144999588581, -26.341872997840053 ], [ 26.802210999934214, -26.341872997840056 ], [ 26.802235000141639, -26.341885002890077 ], [ 26.802253000072426, -26.341886997586297 ], [ 26.802279000372121, -26.34188599664094 ], [ 26.802321999657053, -26.341885996640936 ], [ 26.802341999680024, -26.341876000676343 ], [ 26.802354000233468, -26.341863001875549 ], [ 26.802372000164251, -26.341849002129216 ], [ 26.802398999610663, -26.341818999846424 ], [ 26.802443999887242, -26.341774997817375 ], [ 26.802480999794909, -26.341755999639147 ], [ 26.802509000186692, -26.341755999639144 ], [ 26.802539999817643, -26.341755999639151 ], [ 26.802568000209607, -26.341752003052001 ], [ 26.802607000209463, -26.34173999800198 ], [ 26.80263199956369, -26.341724997310266 ], [ 26.802648000301492, -26.341707000077495 ], [ 26.802666000232282, -26.341682003421198 ], [ 26.802677999886349, -26.34165900056194 ], [ 26.802695999817054, -26.341637000446688 ], [ 26.802729000439559, -26.341604001622841 ], [ 26.802743000185895, -26.3415799987174 ], [ 26.802756999932146, -26.341565998971141 ], [ 26.802776999955118, -26.341547000792914 ], [ 26.802804000300899, -26.341547000792918 ], [ 26.802840000162391, -26.341542003260308 ], [ 26.802885999585772, -26.341530999155747 ], [ 26.802903000369668, -26.341519001300334 ], [ 26.802925999631718, -26.341500996872959 ], [ 26.802959000254216, -26.341470000839308 ], [ 26.802977000184921, -26.341452998256766 ], [ 26.802990999931264, -26.341437002914819 ], [ 26.803002999585242, -26.341420000332281 ], [ 26.803008999861959, -26.341409003422235 ], [ 26.803024999700483, -26.341397999317671 ], [ 26.803045999769633, -26.341379001139448 ], [ 26.803072000069324, -26.341368997980336 ], [ 26.803100999608006, -26.341359002015842 ], [ 26.803129, -26.341347997911285 ], [ 26.80317300023027, -26.341347997911285 ], [ 26.803193000253241, -26.341353002638407 ], [ 26.803211000184032, -26.341353997288632 ], [ 26.803236000437632, -26.341359002015842 ], [ 26.803254000368334, -26.341365001393189 ], [ 26.803266000022404, -26.341369998925799 ], [ 26.803281999860928, -26.34137499735769 ], [ 26.803299999791719, -26.34138600056297 ], [ 26.803322999953046, -26.341404998741201 ], [ 26.803336999699301, -26.341410998118551 ], [ 26.803350000298831, -26.341422002223116 ], [ 26.803379999883603, -26.341437002914827 ], [ 26.803404000091113, -26.341458002983888 ], [ 26.803424000114084, -26.341472997380368 ], [ 26.803439999952605, -26.341486003375849 ], [ 26.803453999698856, -26.341497000285806 ], [ 26.803465000206117, -26.341507003444903 ], [ 26.803484000182998, -26.34151900130033 ], [ 26.803498999975428, -26.341522997887484 ], [ 26.80352400022894, -26.341528002614691 ], [ 26.803559000044341, -26.341528002614695 ], [ 26.803584000297942, -26.34152700166932 ], [ 26.803608999652173, -26.341527001669316 ], [ 26.803631999813508, -26.341527001669316 ], [ 26.803678000136166, -26.341515997564674 ], [ 26.803707999720938, -26.3415099990866 ], [ 26.803741000343443, -26.3415000031221 ], [ 26.803818000297056, -26.341478002107575 ], [ 26.803845999789647, -26.341466998003025 ], [ 26.803880999605049, -26.341449000770247 ], [ 26.803908999996921, -26.341438997611149 ], [ 26.803935000296612, -26.34142900164656 ], [ 26.803970000111928, -26.341409997173095 ], [ 26.803995000365525, -26.341395997426847 ], [ 26.804023999904206, -26.341382997726683 ], [ 26.804069000180782, -26.341352001692947 ], [ 26.804097999719463, -26.341340997588468 ], [ 26.804127000157511, -26.341326997842224 ], [ 26.804166000157363, -26.34131000155482 ], [ 26.804189000318608, -26.341299999295003 ], [ 26.804212999626838, -26.34129299897219 ], [ 26.80424600024925, -26.341278999225938 ], [ 26.804269999557391, -26.341267001370515 ], [ 26.804291999672632, -26.341255002615725 ], [ 26.804332999764668, -26.341240001924021 ], [ 26.804353999833729, -26.341220002800412 ], [ 26.804382000225687, -26.341203000217789 ], [ 26.80440000015648, -26.341185002985011 ], [ 26.804441000248513, -26.341164002915868 ], [ 26.804469999787191, -26.341152998811303 ], [ 26.804492999948614, -26.341148001278693 ], [ 26.804528999810106, -26.341148001278693 ], [ 26.804542999556357, -26.341150996920479 ], [ 26.804556000155799, -26.341150996920472 ], [ 26.804581999556209, -26.341148001278693 ], [ 26.80460000038628, -26.34114800127869 ], [ 26.804619000363161, -26.341143996597658 ], [ 26.804659000409103, -26.341130997796785 ], [ 26.804690000040058, -26.341115997105074 ], [ 26.804703999786309, -26.341107002085941 ], [ 26.804715000293566, -26.341100001763127 ], [ 26.804752000201237, -26.341081998235136 ], [ 26.804776000408662, -26.341065001947726 ], [ 26.80480199980898, -26.341041999987745 ], [ 26.804832000293121, -26.341018998027767 ], [ 26.804854000408366, -26.341001000795085 ], [ 26.804876999670416, -26.340975996944191 ], [ 26.804918999808539, -26.340926997382446 ], [ 26.804949000292684, -26.340892997613224 ], [ 26.804971000407921, -26.340870996598699 ], [ 26.804993999669882, -26.340827001764261 ], [ 26.805009000361682, -26.340811000127093 ], [ 26.805019999969574, -26.340781998789758 ], [ 26.805019999969574, -26.340749000865188 ], [ 26.805025000200207, -26.340716996691469 ], [ 26.805030000430747, -26.340692000035261 ], [ 26.805047000315355, -26.34066999902074 ], [ 26.805056999877245, -26.340659002110783 ], [ 26.80507499980795, -26.340653997383569 ], [ 26.805088999554197, -26.340653997383566 ], [ 26.805109999623348, -26.340642999574246 ], [ 26.805128999600232, -26.340622000404466 ], [ 26.805134999876948, -26.340594000012587 ], [ 26.805124000268968, -26.340542997660652 ], [ 26.805116999946161, -26.340528997914401 ], [ 26.805112999761711, -26.34050699689988 ], [ 26.805105000292091, -26.340480999298119 ], [ 26.805108000430451, -26.340463002065338 ], [ 26.805108000430451, -26.34043400072801 ], [ 26.805119000038431, -26.340400001858068 ], [ 26.805126000361238, -26.34037300331094 ], [ 26.805131999738588, -26.340345996669846 ], [ 26.805140000107489, -26.340322000959087 ], [ 26.805145000338033, -26.340298998999099 ], [ 26.805155999946013, -26.34028600019823 ], [ 26.805178000061254, -26.340263999183705 ], [ 26.805195999991955, -26.340247002896387 ], [ 26.805210999784386, -26.34022799842284 ], [ 26.805233999945717, -26.340211002135533 ], [ 26.805252999922597, -26.340196001443829 ], [ 26.805275000037753, -26.340178997961903 ], [ 26.805310999899241, -26.34015199941469 ], [ 26.805348999853003, -26.340130999345632 ], [ 26.805397000267934, -26.340107002735422 ], [ 26.805424999760525, -26.340094997685487 ], [ 26.80545200010631, -26.340090000152877 ], [ 26.805487999967799, -26.340074998561796 ], [ 26.805509000036949, -26.340074998561796 ], [ 26.805533000244374, -26.340065997247432 ], [ 26.805577999621576, -26.340065997247436 ], [ 26.805606000013448, -26.340065997247436 ], [ 26.805619999759788, -26.340071001974646 ], [ 26.805632000313139, -26.340071001974646 ], [ 26.805643999967209, -26.340066998192896 ], [ 26.80565699966737, -26.340066998192892 ], [ 26.805691000335962, -26.34006199976092 ], [ 26.805717999782374, -26.340035001213788 ], [ 26.805745000128248, -26.340015002090183 ], [ 26.805765000151215, -26.340002997040166 ], [ 26.805780999989736, -26.339989998239279 ], [ 26.8057939996899, -26.339979001329322 ], [ 26.805818999943497, -26.339961997847411 ], [ 26.805843000150922, -26.339955999369337 ], [ 26.805867000358347, -26.339952001882821 ], [ 26.8058889995743, -26.339946997155696 ], [ 26.805925000335076, -26.339942999669177 ], [ 26.805946000404138, -26.33994600340483 ], [ 26.805968999666188, -26.339946003404833 ], [ 26.80601499998885, -26.339951000937454 ], [ 26.806044000426901, -26.339957000314804 ], [ 26.806067999734953, -26.339957000314801 ], [ 26.806099000265274, -26.339952001882818 ], [ 26.806116000149885, -26.339946997155696 ], [ 26.806129999896136, -26.339927998977476 ], [ 26.806141000403397, -26.339901000430249 ], [ 26.806136000172856, -26.339880000361187 ], [ 26.806136000172856, -26.33986299687928 ], [ 26.806127999803959, -26.339839001168439 ], [ 26.806117000195975, -26.339812001722027 ], [ 26.806110999919255, -26.339778996602849 ], [ 26.806110999919255, -26.339766998747521 ], [ 26.806077000150033, -26.339701996649335 ], [ 26.806063999550503, -26.339679001883951 ], [ 26.806052999942523, -26.339659002760261 ], [ 26.806055000034792, -26.339629001376753 ], [ 26.806055000034792, -26.339586000293163 ], [ 26.806055000034792, -26.33955900084667 ], [ 26.806062000357603, -26.339536999832145 ], [ 26.806066999688863, -26.33951499881762 ], [ 26.806087999757924, -26.339488000270489 ], [ 26.806108999827075, -26.339458998933157 ], [ 26.806130999942315, -26.33944100170039 ], [ 26.8061580002881, -26.339422998172292 ], [ 26.806197000287952, -26.339408998426045 ], [ 26.806219000403104, -26.339405000939529 ], [ 26.806239999572885, -26.339393996834957 ], [ 26.806272000149207, -26.339384000870378 ], [ 26.806293000218357, -26.339369000178667 ], [ 26.806313000241328, -26.339357002323332 ], [ 26.806340999733919, -26.339331997573151 ], [ 26.80635799961853, -26.339318998772267 ], [ 26.806375000402511, -26.339309002807674 ], [ 26.806395000425482, -26.339262998887719 ], [ 26.806393000333301, -26.339246997250548 ], [ 26.806393000333301, -26.339237001286051 ], [ 26.806390000194941, -26.33922599718149 ], [ 26.806390000194941, -26.33921600121699 ], [ 26.806386000010491, -26.339204997112429 ], [ 26.806386000010491, -26.339196002093299 ], [ 26.806391000241032, -26.339184997988738 ], [ 26.806396999618382, -26.339171999187851 ], [ 26.806410000217912, -26.339161002277905 ], [ 26.806434000425423, -26.339134002831482 ], [ 26.806451000310034, -26.339122998726925 ], [ 26.806467000148555, -26.339112001816957 ], [ 26.806480999894806, -26.339099996766947 ], [ 26.806523000033021, -26.339088999856976 ], [ 26.806557999848422, -26.339093998288874 ], [ 26.806599999986634, -26.339094999234248 ], [ 26.806647000355387, -26.339106003338891 ], [ 26.80669699996313, -26.339120003085142 ], [ 26.80672200021673, -26.339132000940559 ], [ 26.806753999893772, -26.33914899722788 ], [ 26.806779000147372, -26.339162996974217 ], [ 26.806792999893624, -26.339176002969694 ], [ 26.806815000008864, -26.339204003361569 ], [ 26.806824999570669, -26.339218003107824 ], [ 26.806837000124105, -26.339236000340591 ], [ 26.806845999639727, -26.339246002600415 ], [ 26.806903999616463, -26.33928100331509 ], [ 26.806923999639523, -26.33929400211597 ], [ 26.806960000400291, -26.339294002115974 ], [ 26.806991000031157, -26.33929500306143 ], [ 26.807001999639137, -26.339295003061427 ], [ 26.807019999569928, -26.339297998703124 ], [ 26.807042999731259, -26.339303998080563 ], [ 26.807061999708051, -26.339309996558541 ], [ 26.807085999915561, -26.339319999717645 ], [ 26.807097999569539, -26.339324998149621 ], [ 26.807112000215252, -26.339324998149621 ], [ 26.807136999569483, -26.339323002554028 ], [ 26.807147000030653, -26.339323002554028 ], [ 26.807169000145894, -26.339316996881351 ], [ 26.807183999938236, -26.339310998403285 ], [ 26.807198999730669, -26.339301002438784 ], [ 26.807216999661367, -26.33928800273862 ], [ 26.807230000260901, -26.339266001724102 ], [ 26.807236999684427, -26.339253996674085 ], [ 26.807247000145512, -26.339250000086928 ], [ 26.807271000352934, -26.339220998749511 ], [ 26.807286000145364, -26.33921000183955 ], [ 26.807309000306695, -26.339197996789622 ], [ 26.807347000260453, -26.339186999879654 ], [ 26.807373999706869, -26.339175002024149 ], [ 26.807402000098829, -26.339170998242484 ], [ 26.807439000006411, -26.339164998865051 ], [ 26.807466000352278, -26.339154001955084 ], [ 26.807493999844784, -26.339139001263376 ], [ 26.807533999890818, -26.339120003085142 ], [ 26.807558000098233, -26.33909999676694 ], [ 26.807580000213388, -26.339077002001563 ], [ 26.807599000190269, -26.339057996628732 ], [ 26.807604999567708, -26.339036996559582 ], [ 26.807616000074972, -26.339025999649625 ], [ 26.807622000351603, -26.33901300084883 ], [ 26.807627999729043, -26.33900199674418 ], [ 26.807641000328481, -26.338989998888845 ], [ 26.807645999659741, -26.338979001978885 ], [ 26.807657000167005, -26.33896699692886 ], [ 26.807674000051612, -26.338961999396261 ], [ 26.807702000443577, -26.338950000641468 ], [ 26.807719000328184, -26.338945996859717 ], [ 26.807729999936164, -26.338945996859717 ], [ 26.80774899991296, -26.338951001586928 ], [ 26.80776199961312, -26.338953998127984 ], [ 26.807775000212651, -26.338952997182524 ], [ 26.807799999566885, -26.338952997182524 ], [ 26.807832000143293, -26.338936000895217 ], [ 26.807856000350714, -26.338906999557889 ], [ 26.807869000050964, -26.338891998866085 ], [ 26.807889000073935, -26.338877999119834 ], [ 26.807925999981517, -26.338850999673419 ], [ 26.807948000096761, -26.338840997413602 ], [ 26.807971000258, -26.338832002394472 ], [ 26.807997999704504, -26.338819997344459 ], [ 26.808013000396212, -26.338815999858021 ], [ 26.808030000280915, -26.338810001379951 ], [ 26.808068000234588, -26.33880500294806 ], [ 26.808095999727179, -26.338794999788874 ], [ 26.8081100003728, -26.338788000365422 ], [ 26.80812300007296, -26.338784002878906 ], [ 26.808124000119143, -26.338765999350809 ], [ 26.80812400011914, -26.338746000227214 ], [ 26.808143000096017, -26.338722998267237 ], [ 26.808159999980631, -26.338708997621609 ], [ 26.808174999773065, -26.338696999766196 ], [ 26.808193999749854, -26.338692002233586 ], [ 26.808209000441657, -26.338692002233589 ], [ 26.808222000141811, -26.338695998820825 ], [ 26.808245000303149, -26.338695998820825 ], [ 26.808267000418297, -26.33870000260249 ], [ 26.808287000441272, -26.338700997252715 ], [ 26.808323000302764, -26.338700997252719 ], [ 26.80834400037191, -26.338700997252722 ], [ 26.808366999633961, -26.338695998820825 ], [ 26.808393999979653, -26.338685001910775 ], [ 26.808412999956538, -26.338661999950791 ], [ 26.808429999841238, -26.338649001149907 ], [ 26.808448999818026, -26.338629002026305 ], [ 26.80846299956437, -26.338608001957159 ], [ 26.808474000071627, -26.33858399905181 ], [ 26.808486999771787, -26.338555998659849 ], [ 26.808494000094605, -26.338546002695349 ], [ 26.808500000371321, -26.338536000435532 ], [ 26.808505999748675, -26.338520998844444 ], [ 26.808505999748675, -26.338504997207274 ], [ 26.808509999933122, -26.338479999651792 ], [ 26.808509999933122, -26.338447001727218 ], [ 26.808510999979301, -26.338417000343789 ], [ 26.808517000256021, -26.338366998937399 ], [ 26.808517000256021, -26.338327000690018 ], [ 26.808517000256021, -26.338292000874624 ], [ 26.808521999587192, -26.338268998914632 ], [ 26.808528999910003, -26.338238002880981 ], [ 26.808528999910003, -26.338206999652819 ], [ 26.808531000002272, -26.338190998015648 ], [ 26.808538000325086, -26.338179000160235 ], [ 26.808545999794706, -26.338166001359351 ], [ 26.808562999679314, -26.338145001290282 ], [ 26.808599000440086, -26.338126003112055 ], [ 26.808623999794406, -26.338113998062035 ], [ 26.808639999632931, -26.338110000575529 ], [ 26.808668000024802, -26.338105003042998 ], [ 26.80869500037058, -26.338096000829264 ], [ 26.808714000347464, -26.338071997923834 ], [ 26.808720999770905, -26.338057998177568 ], [ 26.808734000370432, -26.338042996586491 ], [ 26.808743999932233, -26.338025000253097 ], [ 26.808766000047473, -26.33800400018395 ], [ 26.808779999793728, -26.337995998915762 ], [ 26.808796999678339, -26.337986002951169 ], [ 26.808832000393114, -26.337977000737535 ], [ 26.808864000070148, -26.337971002259465 ], [ 26.808895999747193, -26.337971002259462 ], [ 26.808935999793224, -26.337973997901152 ], [ 26.808951999631656, -26.337973997901152 ], [ 26.80896300013892, -26.337978001682902 ], [ 26.809002000138772, -26.337978001682895 ], [ 26.809021000115649, -26.337972996955695 ], [ 26.80903599990808, -26.337958997209444 ], [ 26.809058000023231, -26.33793999903121 ], [ 26.809074999907931, -26.337927000230337 ], [ 26.809087999608096, -26.337912999584798 ], [ 26.809108999677154, -26.337898999838455 ], [ 26.809124000368957, -26.337886001037667 ], [ 26.809140000207478, -26.337873002236783 ], [ 26.809153999953729, -26.33786400002306 ], [ 26.809165999607799, -26.3378600034359 ], [ 26.80918799972304, -26.337855998754787 ], [ 26.809202000368657, -26.337852002167637 ], [ 26.809220000299362, -26.337838002421382 ], [ 26.809239000276243, -26.337824001775765 ], [ 26.809254000068673, -26.337794000392261 ], [ 26.809266999768834, -26.337788001014903 ], [ 26.809276000183914, -26.337761001568499 ], [ 26.809267999814924, -26.337748002767615 ], [ 26.809253000022583, -26.337734003021271 ], [ 26.809240000322333, -26.33771700043873 ], [ 26.809234000045702, -26.337704000738484 ], [ 26.809234000045702, -26.337691001937685 ], [ 26.809234000045702, -26.337671002814002 ], [ 26.809239000276243, -26.33764900179948 ], [ 26.809250999930313, -26.337636002998593 ], [ 26.809285999745715, -26.337579002168681 ], [ 26.809299000345156, -26.337553998317858 ], [ 26.809310999999227, -26.337537002030466 ], [ 26.809320999561116, -26.337497998433403 ], [ 26.809320999561116, -26.337474001823196 ], [ 26.809316000229856, -26.337452000808671 ], [ 26.809310999999227, -26.337423000370617 ], [ 26.809304999722595, -26.337411001615919 ], [ 26.809298000299066, -26.337362002054263 ], [ 26.809296000206885, -26.337342996681436 ], [ 26.809296000206885, -26.337313001593245 ], [ 26.809296000206885, -26.337293997119787 ], [ 26.809301000437429, -26.337265996727815 ], [ 26.809305999768686, -26.337248000394421 ], [ 26.809318000322037, -26.337242001017067 ], [ 26.809323999699476, -26.33723199785797 ], [ 26.809331000022201, -26.337220000002461 ], [ 26.809328999930017, -26.33719500334616 ], [ 26.809319000368127, -26.337190998665129 ], [ 26.809298000299066, -26.337169998596071 ], [ 26.809285999745715, -26.337159001686015 ], [ 26.809280000368275, -26.337146996636083 ], [ 26.809266999768834, -26.337132996889832 ], [ 26.809266999768834, -26.337114999656972 ], [ 26.809266999768834, -26.337096002378114 ], [ 26.809271999999464, -26.337085999218925 ], [ 26.809289999930165, -26.337067001040783 ], [ 26.809302999630326, -26.337048996613408 ], [ 26.809307999860955, -26.337027002793398 ], [ 26.809318000322037, -26.337008999265397 ], [ 26.809318000322037, -26.33698900014171 ], [ 26.809298000299066, -26.336978003231742 ], [ 26.809282999607355, -26.336968000072652 ], [ 26.809262999584384, -26.336954000326305 ], [ 26.809257000207037, -26.336943997167211 ], [ 26.809251999976492, -26.336929002770724 ], [ 26.809245999699773, -26.336898000441849 ], [ 26.809250999930313, -26.336880003209064 ], [ 26.809257000207037, -26.336866002563458 ], [ 26.809281999561264, -26.336840998712557 ], [ 26.80929900034516, -26.336829000857211 ], [ 26.809313000091496, -26.336810997329131 ], [ 26.809342999676357, -26.336796002932736 ], [ 26.809349999999082, -26.33678700071901 ], [ 26.809357000321892, -26.336768997190916 ], [ 26.809361999653152, -26.336755998390117 ], [ 26.809361999653152, -26.336721998620813 ], [ 26.809361999653152, -26.336702000396492 ], [ 26.809357000321892, -26.336672999059164 ], [ 26.809351000045172, -26.336629997975493 ], [ 26.809340000437281, -26.336587997837366 ], [ 26.80932799988393, -26.336570000604514 ], [ 26.80931600022986, -26.336543002057379 ], [ 26.809298000299069, -26.336509003187427 ], [ 26.809290999976255, -26.336487002172916 ], [ 26.809284999699624, -26.336458000835577 ], [ 26.809271999999464, -26.336413998806449 ], [ 26.809266999768838, -26.33637699710021 ], [ 26.809262000437574, -26.336346001066566 ], [ 26.809257000207037, -26.336318000674691 ], [ 26.809253000022586, -26.336300998092064 ], [ 26.809219000253275, -26.336264997331291 ], [ 26.809204999607651, -26.336255001366702 ], [ 26.809188999769134, -26.336241000721081 ], [ 26.809163000368809, -26.336229002865668 ], [ 26.809147999677009, -26.336229002865672 ], [ 26.809123000322867, -26.336222997193083 ], [ 26.809101000207626, -26.33621899970656 ], [ 26.809061000161595, -26.336194996801119 ], [ 26.809035999908083, -26.336174997677517 ], [ 26.809020000069562, -26.33615200291214 ], [ 26.808997999954322, -26.336130001897526 ], [ 26.808978999977441, -26.336112999314988 ], [ 26.808960000000649, -26.336082997032186 ], [ 26.808939999977678, -26.336054996640229 ], [ 26.808934999747049, -26.336024000606582 ], [ 26.808932999654868, -26.335985997954889 ], [ 26.808932999654868, -26.335972999154095 ], [ 26.808930000415785, -26.33595400097586 ], [ 26.808935999793228, -26.335930999015883 ], [ 26.808960000000649, -26.335913001783119 ], [ 26.80897099960854, -26.335907997055905 ], [ 26.808988000392521, -26.335903999569386 ], [ 26.809005000277132, -26.335906002359675 ], [ 26.809019000023383, -26.335906002359678 ], [ 26.809036999954174, -26.335909998946828 ], [ 26.809047999562154, -26.335909998946832 ], [ 26.809066000392225, -26.335906002359678 ], [ 26.809079000092385, -26.335900002982239 ], [ 26.809102000253716, -26.335891000768594 ], [ 26.809113999907787, -26.335876000076802 ], [ 26.809122000276687, -26.335860999385087 ], [ 26.809140000207478, -26.335839999316018 ], [ 26.809140000207478, -26.335826999615858 ], [ 26.809134999976848, -26.335788003213228 ], [ 26.809134999976848, -26.335779937193813 ], [ 26.809134999976848, -26.335778000054123 ], [ 26.809109999723248, -26.335748998716788 ], [ 26.809092999838636, -26.335725003005951 ], [ 26.809085000369109, -26.335711997010559 ], [ 26.809074691440461, -26.335697764339784 ], [ 26.809044317737619, -26.335652104860205 ], [ 26.809014114906095, -26.335590110994247 ], [ 26.80900934670062, -26.335553549955883 ], [ 26.80901570490747, -26.335518578918787 ], [ 26.809026832219164, -26.335491556089934 ], [ 26.809028422220539, -26.335477249674856 ], [ 26.809045906839714, -26.335450226845992 ], [ 26.809077698773422, -26.335420024913745 ], [ 26.809078627773054, -26.335418384550259 ], [ 26.809104721602196, -26.335372336563587 ], [ 26.809133335331804, -26.335297626283939 ], [ 26.809171484572904, -26.335241989725553 ], [ 26.809230300234759, -26.335194302274672 ], [ 26.809263682169842, -26.335145024822516 ], [ 26.809279577687011, -26.335108463784053 ], [ 26.809297063205467, -26.335059187231167 ], [ 26.809300242308936, -26.335005140674163 ], [ 26.80931772782748, -26.334922482186286 ], [ 26.809319316929574, -26.334860487421054 ], [ 26.809327265137799, -26.334830284589437 ], [ 26.809379721693432, -26.334768290723577 ], [ 26.809437626341975, -26.334699143650088 ], [ 26.809091774962084, -26.334663624026486 ], [ 26.808833791842588, -26.334637128200416 ], [ 26.807797425707275, -26.334417506562207 ], [ 26.806526481308648, -26.334054380105041 ], [ 26.805418942826559, -26.333636784409595 ], [ 26.804184311253572, -26.332964998035681 ], [ 26.804052361823608, -26.332875272675206 ], [ 26.807488767589096, -26.329533446810558 ], [ 26.807888207771189, -26.32904322456465 ], [ 26.808487367594552, -26.327808592991669 ], [ 26.809271000852579, -26.326053001244496 ], [ 26.810207000849029, -26.324103001251995 ], [ 26.81044468537052, -26.323639596789462 ], [ 26.810484669228703, -26.323561641755838 ], [ 26.810838747606702, -26.32343226708495 ], [ 26.81194865040651, -26.323078187807585 ], [ 26.812875054636734, -26.322653834606307 ], [ 26.812386999756932, -26.321878995818498 ], [ 26.814547002239074, -26.32064499736823 ], [ 26.813623001896694, -26.319329001431743 ], [ 26.813487998369048, -26.319294003415077 ], [ 26.813437998761305, -26.31928099562095 ], [ 26.813166706574901, -26.319185502008814 ], [ 26.813035064713134, -26.318778610044337 ], [ 26.812972473697382, -26.318594365936725 ], [ 26.812516612748126, -26.31725248931037 ], [ 26.812174811015424, -26.316158722146866 ], [ 26.812379892414761, -26.315406756715969 ], [ 26.813405299411681, -26.313287584354025 ], [ 26.812721695046829, -26.312330538423073 ], [ 26.811525387183561, -26.311441851759522 ], [ 26.811058557203278, -26.311061016751989 ], [ 26.812173994431031, -26.309621042076937 ], [ 26.81310729736056, -26.308334028592093 ], [ 26.81330945776196, -26.308078666996401 ], [ 26.813479700324585, -26.308046745560326 ], [ 26.813660580967763, -26.308068027117283 ], [ 26.813830822631019, -26.308227628002147 ], [ 26.814151891393351, -26.308644149007751 ], [ 26.81837800443806, -26.30631599668536 ], [ 26.818531000701814, -26.306311999198932 ], [ 26.818754001093033, -26.30619198916839 ], [ 26.820255000164838, -26.305353001739185 ], [ 26.821566001266749, -26.304610997199234 ], [ 26.820598999840698, -26.302877997321229 ], [ 26.819247001344777, -26.300534006138918 ], [ 26.809451000160166, -26.283255999864036 ], [ 26.818369999572514, -26.280649000150703 ], [ 26.821070998224748, -26.279840997063861 ], [ 26.821869002649162, -26.279601997733501 ], [ 26.822518717861286, -26.279417553077153 ], [ 26.816490302282336, -26.266419430311913 ], [ 26.814344704241488, -26.261481617182326 ], [ 26.812816333403767, -26.258513050436392 ], [ 26.811170395094376, -26.256749544655253 ], [ 26.811434920781686, -26.256485018967943 ], [ 26.811846404684548, -26.255809009377771 ], [ 26.811905188870075, -26.254927257386434 ], [ 26.811699447368373, -26.252164432142294 ], [ 26.811464313324137, -26.248372895791992 ], [ 26.811287961666771, -26.24740296887143 ], [ 26.809201148710724, -26.241201309692169 ], [ 26.808201829247714, -26.237086465267677 ], [ 26.806644065867641, -26.230091228127115 ], [ 26.806038722305875, -26.226459167655893 ], [ 26.805762312977027, -26.224800712582262 ], [ 26.805527178932792, -26.22277268201309 ], [ 26.805311002597385, -26.216421996177655 ], [ 26.818360188868422, -26.212414314068841 ], [ 26.824786331420874, -26.210440708671253 ], [ 26.857183001591405, -26.200491002557268 ], [ 26.857190996564366, -26.192611998944081 ], [ 26.861864001619583, -26.190171998838217 ], [ 26.867063998601871, -26.195473996926967 ], [ 26.877307996164429, -26.206177998615381 ], [ 26.882908999048354, -26.21221499642451 ], [ 26.889170999139658, -26.218674001103889 ], [ 26.900029004332556, -26.230023001959609 ], [ 26.903585003742439, -26.239919000561081 ], [ 26.907606003012095, -26.250497000036184 ], [ 26.908178997060485, -26.251976997240263 ], [ 26.90843800001122, -26.252645001065591 ], [ 26.910174998275117, -26.25741300060913 ], [ 26.914406000034397, -26.269026999296255 ], [ 26.915648999799032, -26.272484005831874 ], [ 26.916753996797031, -26.275536999132882 ], [ 26.91809299739144, -26.279217997112468 ], [ 26.924168997898548, -26.295888999677302 ], [ 26.919601002182077, -26.297826001768193 ], [ 26.913327997086835, -26.300535002587946 ], [ 26.911237001384009, -26.301433994582826 ], [ 26.899658998960994, -26.306404001643028 ] ] ] } },
{ "type": "Feature", "properties": { "Municipali": "JB Marks Local Municipality", "WardNo": "33", "WardLabel": "NW405_33", "Province": "North West", "CLASSIFICATION": "Service centre", "PopGBlack": 13923.885171, "PopGColour": 238.68827082000001, "PopGIndian": 4.234677894, "PopGWhite": 801.31519912, "PopGOther": 16.583015, "PopGTotal": 14984.706334 }, "geometry": { "type": "Polygon", "coordinates": [ [ [ 26.70923999782363, -26.047559998994014 ], [ 26.71509999556433, -26.060300002842173 ], [ 26.721119997985561, -26.074199997231375 ], [ 26.727469994940442, -26.088829995607082 ], [ 26.733110001421529, -26.101570000354609 ], [ 26.742360002608212, -26.119821995787795 ], [ 26.745304006171125, -26.125617002222253 ], [ 26.749546003041903, -26.13424000597082 ], [ 26.759617996269867, -26.154082002781603 ], [ 26.767651003387481, -26.152907002555519 ], [ 26.769740004394173, -26.152595998106211 ], [ 26.771927998274936, -26.152260997946073 ], [ 26.774295001309692, -26.151897999192713 ], [ 26.776404996989488, -26.151574999585915 ], [ 26.778604998618292, -26.151240001224426 ], [ 26.780756000685443, -26.150909995899053 ], [ 26.783078998093853, -26.150554002864357 ], [ 26.786163997367161, -26.150081997285742 ], [ 26.802192876796578, -26.147623508917242 ], [ 26.806081997682838, -26.147027001194658 ], [ 26.816535316948233, -26.144129526755723 ], [ 26.848242002063884, -26.135340997388674 ], [ 26.85158599709322, -26.157133002285722 ], [ 26.854994003167818, -26.178825998120857 ], [ 26.857190996564366, -26.192611998944081 ], [ 26.857183001591405, -26.200491002557268 ], [ 26.824786331420874, -26.210440708671253 ], [ 26.818360188868422, -26.212414314068841 ], [ 26.805311002597385, -26.216421996177655 ], [ 26.805527178932792, -26.22277268201309 ], [ 26.805762312977027, -26.224800712582262 ], [ 26.806038722305875, -26.226459167655893 ], [ 26.806644065867641, -26.230091228127115 ], [ 26.808201829247714, -26.237086465267677 ], [ 26.809201148710724, -26.241201309692169 ], [ 26.811287961666771, -26.24740296887143 ], [ 26.811464313324137, -26.248372895791992 ], [ 26.811699447368373, -26.252164432142294 ], [ 26.811905188870075, -26.254927257386434 ], [ 26.811846404684548, -26.255809009377771 ], [ 26.811434920781686, -26.256485018967943 ], [ 26.811170395094376, -26.256749544655253 ], [ 26.812816333403767, -26.258513050436392 ], [ 26.814344704241488, -26.261481617182326 ], [ 26.816490302282336, -26.266419430311913 ], [ 26.822518717861286, -26.279417553077153 ], [ 26.821869002649162, -26.279601997733501 ], [ 26.821070998224748, -26.279840997063861 ], [ 26.818369999572514, -26.280649000150703 ], [ 26.809451000160166, -26.283255999864036 ], [ 26.819247001344777, -26.300534006138918 ], [ 26.820598999840698, -26.302877997321229 ], [ 26.821566001266749, -26.304610997199234 ], [ 26.820255000164838, -26.305353001739185 ], [ 26.818754001093033, -26.30619198916839 ], [ 26.818531000701814, -26.306311999198932 ], [ 26.81837800443806, -26.30631599668536 ], [ 26.814151891393351, -26.308644149007751 ], [ 26.813830822631019, -26.308227628002147 ], [ 26.813660580967763, -26.308068027117283 ], [ 26.813479700324585, -26.308046745560326 ], [ 26.81330945776196, -26.308078666996401 ], [ 26.81310729736056, -26.308334028592093 ], [ 26.812173994431031, -26.309621042076937 ], [ 26.811058557203278, -26.311061016751989 ], [ 26.811525387183561, -26.311441851759522 ], [ 26.812721695046829, -26.312330538423073 ], [ 26.813405299411681, -26.313287584354025 ], [ 26.812379892414761, -26.315406756715969 ], [ 26.812174811015424, -26.316158722146866 ], [ 26.812516612748126, -26.31725248931037 ], [ 26.8121724943618, -26.317414428432667 ], [ 26.811941562849487, -26.317504631333186 ], [ 26.811498065779748, -26.317471158566587 ], [ 26.81089558026342, -26.317395849338489 ], [ 26.810050425283546, -26.317169917157432 ], [ 26.808726797700174, -26.316851856627427 ], [ 26.807661699124782, -26.316672345651746 ], [ 26.807618538861064, -26.316948569720246 ], [ 26.80754202544075, -26.317438259567499 ], [ 26.80742235085744, -26.317438259567503 ], [ 26.807290709894954, -26.31770154329104 ], [ 26.807206938046292, -26.318455489928336 ], [ 26.807159068033183, -26.318551229055444 ], [ 26.806776110625616, -26.318479425384616 ], [ 26.805537999575655, -26.317918000215066 ], [ 26.805175999969006, -26.317746000377035 ], [ 26.804672000109289, -26.317458999732544 ], [ 26.804230999557564, -26.31721400012546 ], [ 26.803411999560669, -26.316771000380832 ], [ 26.803101999654121, -26.316542999759072 ], [ 26.802679999978555, -26.316296000059893 ], [ 26.802285999795586, -26.316025000153108 ], [ 26.801895999797065, -26.315737000361715 ], [ 26.801513000121354, -26.315447999624944 ], [ 26.801114999754024, -26.315152000364026 ], [ 26.800714000147607, -26.314852000019282 ], [ 26.79932399989918, -26.316815999758028 ], [ 26.798998000154107, -26.317277000332808 ], [ 26.798726000201235, -26.317411000216886 ], [ 26.79828200041052, -26.317619999962481 ], [ 26.798202000318636, -26.317627000285299 ], [ 26.797748000066662, -26.317621000008664 ], [ 26.79721999999952, -26.317612999639667 ], [ 26.796692999978472, -26.317605000170143 ], [ 26.796372999610753, -26.31759999993951 ], [ 26.796187000026574, -26.317683000169744 ], [ 26.795825999566731, -26.317843000353609 ], [ 26.795513000421195, -26.318309000259649 ], [ 26.795496639055155, -26.318325455155055 ], [ 26.795376001297946, -26.318318998922088 ], [ 26.794446000678935, -26.317785001276246 ], [ 26.793708000820104, -26.317360002361696 ], [ 26.793354921588829, -26.317159115400312 ], [ 26.791866570582197, -26.316191712876716 ], [ 26.786947049662984, -26.313390224878415 ], [ 26.783409999868031, -26.311376004298566 ], [ 26.764056996829147, -26.300586000442973 ], [ 26.75484400274463, -26.295666996633969 ], [ 26.746490000609072, -26.291285998749217 ], [ 26.746419000932171, -26.291248997942265 ], [ 26.735301999983289, -26.285522998287103 ], [ 26.73210999757428, -26.283891998616223 ], [ 26.731449996815787, -26.28351699930942 ], [ 26.728199998926634, -26.281668002175877 ], [ 26.710264003676539, -26.272337000851156 ], [ 26.704381998625891, -26.269296998257133 ], [ 26.698432997680197, -26.260658002763837 ], [ 26.696348999602161, -26.257562997633517 ], [ 26.695555999005673, -26.255937991944041 ], [ 26.700800001614425, -26.250894000357071 ], [ 26.685256998906802, -26.22733600035534 ], [ 26.679158001835628, -26.21834700401028 ], [ 26.672176002715631, -26.207653000984386 ], [ 26.668138997312109, -26.201617001422612 ], [ 26.666203998011394, -26.198668003025119 ], [ 26.657632995761237, -26.185604003121377 ], [ 26.647769999580916, -26.168123999222342 ], [ 26.645205002703683, -26.163820002190491 ], [ 26.638835001229317, -26.152679996583689 ], [ 26.629610995845635, -26.136142001950905 ], [ 26.629640008874148, -26.136130001397554 ], [ 26.627740000395587, -26.125459991384584 ], [ 26.627319996315624, -26.122939998381252 ], [ 26.626209997288438, -26.116739996652612 ], [ 26.622850003319861, -26.095860006832876 ], [ 26.618129998795194, -26.06796000355034 ], [ 26.617666113195394, -26.064964572256216 ], [ 26.617651002786378, -26.064867002109498 ], [ 26.629200001174109, -26.06250000626931 ], [ 26.634590004220382, -26.061360011254589 ], [ 26.644930000814036, -26.059240001623923 ], [ 26.652300006135626, -26.057709999416073 ], [ 26.659580003709554, -26.056410000620193 ], [ 26.67281999823987, -26.054050011398136 ], [ 26.679330006170449, -26.052900003331683 ], [ 26.679279999368106, -26.052979997128343 ], [ 26.688999997047933, -26.051170002692704 ], [ 26.69673000098452, -26.049850002075196 ], [ 26.70923999782363, -26.047559998994014 ] ] ] } },
{ "type": "Feature", "properties": { "Municipali": "JB Marks Local Municipality", "WardNo": "34", "WardLabel": "NW405_34", "Province": "North West", "CLASSIFICATION": "Service centre", "PopGBlack": 6453.5568540999993, "PopGColour": 187.09901819000001, "PopGIndian": 2.038918986, "PopGWhite": 273.80157805, "PopGOther": 0.0, "PopGTotal": 6916.4963693 }, "geometry": { "type": "Polygon", "coordinates": [ [ [ 26.696348999602161, -26.257562997633517 ], [ 26.698432997680197, -26.260658002763837 ], [ 26.704381998625891, -26.269296998257133 ], [ 26.710264003676539, -26.272337000851156 ], [ 26.728199998926634, -26.281668002175877 ], [ 26.731449996815787, -26.28351699930942 ], [ 26.73210999757428, -26.283891998616223 ], [ 26.735301999983289, -26.285522998287103 ], [ 26.746419000932171, -26.291248997942265 ], [ 26.746490000609072, -26.291285998749217 ], [ 26.75484400274463, -26.295666996633969 ], [ 26.764056996829147, -26.300586000442973 ], [ 26.783409999868031, -26.311376004298566 ], [ 26.786947049662984, -26.313390224878415 ], [ 26.785470004033872, -26.315482000293507 ], [ 26.788032356904225, -26.316817728255 ], [ 26.78775646108825, -26.317603331927689 ], [ 26.784798001822736, -26.325530996058095 ], [ 26.784777100678987, -26.325638339137491 ], [ 26.785006354056428, -26.325653623115659 ], [ 26.786427728952976, -26.325684190172726 ], [ 26.78646976596329, -26.3256873036256 ], [ 26.78807835812616, -26.325806459300082 ], [ 26.789301045803054, -26.325898159571917 ], [ 26.790279196124427, -26.326081563712673 ], [ 26.791608868950597, -26.32634138504628 ], [ 26.792267849877849, -26.326517732207069 ], [ 26.792694005320609, -26.326631773437043 ], [ 26.793687438720777, -26.326937444906601 ], [ 26.795628456284721, -26.327655773894364 ], [ 26.797309650716315, -26.328419953917177 ], [ 26.798557987957281, -26.329092620727344 ], [ 26.800153600205046, -26.330150763046717 ], [ 26.80236867537058, -26.331730365563423 ], [ 26.804052361823608, -26.332875272675206 ], [ 26.804184311253572, -26.332964998035681 ], [ 26.805418942826559, -26.333636784409595 ], [ 26.806526481308648, -26.334054380105041 ], [ 26.807797425707275, -26.334417506562207 ], [ 26.808833791842588, -26.334637128200416 ], [ 26.809091774962084, -26.334663624026486 ], [ 26.809437626341975, -26.334699143650088 ], [ 26.809379721693432, -26.334768290723577 ], [ 26.809327265137799, -26.334830284589437 ], [ 26.809319316929574, -26.334860487421054 ], [ 26.80931772782748, -26.334922482186286 ], [ 26.809300242308936, -26.335005140674163 ], [ 26.809297063205467, -26.335059187231167 ], [ 26.809279577687011, -26.335108463784053 ], [ 26.809263682169842, -26.335145024822516 ], [ 26.809230300234759, -26.335194302274672 ], [ 26.809171484572904, -26.335241989725553 ], [ 26.809133335331804, -26.335297626283939 ], [ 26.809104721602196, -26.335372336563587 ], [ 26.809078627773054, -26.335418384550259 ], [ 26.809077698773422, -26.335420024913745 ], [ 26.809045906839714, -26.335450226845992 ], [ 26.809028422220539, -26.335477249674856 ], [ 26.809026832219164, -26.335491556089934 ], [ 26.80901570490747, -26.335518578918787 ], [ 26.80900934670062, -26.335553549955883 ], [ 26.809014114906095, -26.335590110994247 ], [ 26.809044317737619, -26.335652104860205 ], [ 26.809074691440461, -26.335697764339784 ], [ 26.809085000369109, -26.335711997010559 ], [ 26.809092999838636, -26.335725003005951 ], [ 26.809109999723248, -26.335748998716788 ], [ 26.809134999976848, -26.335778000054123 ], [ 26.809134999976848, -26.335779937193813 ], [ 26.809134999976848, -26.335788003213228 ], [ 26.809140000207478, -26.335826999615858 ], [ 26.809140000207478, -26.335839999316018 ], [ 26.809122000276687, -26.335860999385087 ], [ 26.809113999907787, -26.335876000076802 ], [ 26.809102000253716, -26.335891000768594 ], [ 26.809079000092385, -26.335900002982239 ], [ 26.809066000392225, -26.335906002359678 ], [ 26.809047999562154, -26.335909998946832 ], [ 26.809036999954174, -26.335909998946828 ], [ 26.809019000023383, -26.335906002359678 ], [ 26.809005000277132, -26.335906002359675 ], [ 26.808988000392521, -26.335903999569386 ], [ 26.80897099960854, -26.335907997055905 ], [ 26.808960000000649, -26.335913001783119 ], [ 26.808935999793228, -26.335930999015883 ], [ 26.808930000415785, -26.33595400097586 ], [ 26.808932999654868, -26.335972999154095 ], [ 26.808932999654868, -26.335985997954889 ], [ 26.808934999747049, -26.336024000606582 ], [ 26.808939999977678, -26.336054996640229 ], [ 26.808960000000649, -26.336082997032186 ], [ 26.808978999977441, -26.336112999314988 ], [ 26.808997999954322, -26.336130001897526 ], [ 26.809020000069562, -26.33615200291214 ], [ 26.809035999908083, -26.336174997677517 ], [ 26.809061000161595, -26.336194996801119 ], [ 26.809101000207626, -26.33621899970656 ], [ 26.809123000322867, -26.336222997193083 ], [ 26.809147999677009, -26.336229002865672 ], [ 26.809163000368809, -26.336229002865668 ], [ 26.809188999769134, -26.336241000721081 ], [ 26.809204999607651, -26.336255001366702 ], [ 26.809219000253275, -26.336264997331291 ], [ 26.809253000022586, -26.336300998092064 ], [ 26.809257000207037, -26.336318000674691 ], [ 26.809262000437574, -26.336346001066566 ], [ 26.809266999768838, -26.33637699710021 ], [ 26.809271999999464, -26.336413998806449 ], [ 26.809284999699624, -26.336458000835577 ], [ 26.809290999976255, -26.336487002172916 ], [ 26.809298000299069, -26.336509003187427 ], [ 26.80931600022986, -26.336543002057379 ], [ 26.80932799988393, -26.336570000604514 ], [ 26.809340000437281, -26.336587997837366 ], [ 26.809351000045172, -26.336629997975493 ], [ 26.809357000321892, -26.336672999059164 ], [ 26.809361999653152, -26.336702000396492 ], [ 26.809361999653152, -26.336721998620813 ], [ 26.809361999653152, -26.336755998390117 ], [ 26.809357000321892, -26.336768997190916 ], [ 26.809349999999082, -26.33678700071901 ], [ 26.809342999676357, -26.336796002932736 ], [ 26.809313000091496, -26.336810997329131 ], [ 26.80929900034516, -26.336829000857211 ], [ 26.809281999561264, -26.336840998712557 ], [ 26.809257000207037, -26.336866002563458 ], [ 26.809250999930313, -26.336880003209064 ], [ 26.809245999699773, -26.336898000441849 ], [ 26.809251999976492, -26.336929002770724 ], [ 26.809257000207037, -26.336943997167211 ], [ 26.809262999584384, -26.336954000326305 ], [ 26.809282999607355, -26.336968000072652 ], [ 26.809298000299066, -26.336978003231742 ], [ 26.809318000322037, -26.33698900014171 ], [ 26.809318000322037, -26.337008999265397 ], [ 26.809307999860955, -26.337027002793398 ], [ 26.809302999630326, -26.337048996613408 ], [ 26.809289999930165, -26.337067001040783 ], [ 26.809271999999464, -26.337085999218925 ], [ 26.809266999768834, -26.337096002378114 ], [ 26.809266999768834, -26.337114999656972 ], [ 26.809266999768834, -26.337132996889832 ], [ 26.809280000368275, -26.337146996636083 ], [ 26.809285999745715, -26.337159001686015 ], [ 26.809298000299066, -26.337169998596071 ], [ 26.809319000368127, -26.337190998665129 ], [ 26.809328999930017, -26.33719500334616 ], [ 26.809331000022201, -26.337220000002461 ], [ 26.809323999699476, -26.33723199785797 ], [ 26.809318000322037, -26.337242001017067 ], [ 26.809305999768686, -26.337248000394421 ], [ 26.809301000437429, -26.337265996727815 ], [ 26.809296000206885, -26.337293997119787 ], [ 26.809296000206885, -26.337313001593245 ], [ 26.809296000206885, -26.337342996681436 ], [ 26.809298000299066, -26.337362002054263 ], [ 26.809304999722595, -26.337411001615919 ], [ 26.809310999999227, -26.337423000370617 ], [ 26.809316000229856, -26.337452000808671 ], [ 26.809320999561116, -26.337474001823196 ], [ 26.809320999561116, -26.337497998433403 ], [ 26.809310999999227, -26.337537002030466 ], [ 26.809299000345156, -26.337553998317858 ], [ 26.809285999745715, -26.337579002168681 ], [ 26.809250999930313, -26.337636002998593 ], [ 26.809239000276243, -26.33764900179948 ], [ 26.809234000045702, -26.337671002814002 ], [ 26.809234000045702, -26.337691001937685 ], [ 26.809234000045702, -26.337704000738484 ], [ 26.809240000322333, -26.33771700043873 ], [ 26.809253000022583, -26.337734003021271 ], [ 26.809267999814924, -26.337748002767615 ], [ 26.809276000183914, -26.337761001568499 ], [ 26.809266999768834, -26.337788001014903 ], [ 26.809254000068673, -26.337794000392261 ], [ 26.809239000276243, -26.337824001775765 ], [ 26.809220000299362, -26.337838002421382 ], [ 26.809202000368657, -26.337852002167637 ], [ 26.80918799972304, -26.337855998754787 ], [ 26.809165999607799, -26.3378600034359 ], [ 26.809153999953729, -26.33786400002306 ], [ 26.809140000207478, -26.337873002236783 ], [ 26.809124000368957, -26.337886001037667 ], [ 26.809108999677154, -26.337898999838455 ], [ 26.809087999608096, -26.337912999584798 ], [ 26.809074999907931, -26.337927000230337 ], [ 26.809058000023231, -26.33793999903121 ], [ 26.80903599990808, -26.337958997209444 ], [ 26.809021000115649, -26.337972996955695 ], [ 26.809002000138772, -26.337978001682895 ], [ 26.80896300013892, -26.337978001682902 ], [ 26.808951999631656, -26.337973997901152 ], [ 26.808935999793224, -26.337973997901152 ], [ 26.808895999747193, -26.337971002259462 ], [ 26.808864000070148, -26.337971002259465 ], [ 26.808832000393114, -26.337977000737535 ], [ 26.808796999678339, -26.337986002951169 ], [ 26.808779999793728, -26.337995998915762 ], [ 26.808766000047473, -26.33800400018395 ], [ 26.808743999932233, -26.338025000253097 ], [ 26.808734000370432, -26.338042996586491 ], [ 26.808720999770905, -26.338057998177568 ], [ 26.808714000347464, -26.338071997923834 ], [ 26.80869500037058, -26.338096000829264 ], [ 26.808668000024802, -26.338105003042998 ], [ 26.808639999632931, -26.338110000575529 ], [ 26.808623999794406, -26.338113998062035 ], [ 26.808599000440086, -26.338126003112055 ], [ 26.808562999679314, -26.338145001290282 ], [ 26.808545999794706, -26.338166001359351 ], [ 26.808538000325086, -26.338179000160235 ], [ 26.808531000002272, -26.338190998015648 ], [ 26.808528999910003, -26.338206999652819 ], [ 26.808528999910003, -26.338238002880981 ], [ 26.808521999587192, -26.338268998914632 ], [ 26.808517000256021, -26.338292000874624 ], [ 26.808517000256021, -26.338327000690018 ], [ 26.808517000256021, -26.338366998937399 ], [ 26.808510999979301, -26.338417000343789 ], [ 26.808509999933122, -26.338447001727218 ], [ 26.808509999933122, -26.338479999651792 ], [ 26.808505999748675, -26.338504997207274 ], [ 26.808505999748675, -26.338520998844444 ], [ 26.808500000371321, -26.338536000435532 ], [ 26.808494000094605, -26.338546002695349 ], [ 26.808486999771787, -26.338555998659849 ], [ 26.808474000071627, -26.33858399905181 ], [ 26.80846299956437, -26.338608001957159 ], [ 26.808448999818026, -26.338629002026305 ], [ 26.808429999841238, -26.338649001149907 ], [ 26.808412999956538, -26.338661999950791 ], [ 26.808393999979653, -26.338685001910775 ], [ 26.808366999633961, -26.338695998820825 ], [ 26.80834400037191, -26.338700997252722 ], [ 26.808323000302764, -26.338700997252719 ], [ 26.808287000441272, -26.338700997252715 ], [ 26.808267000418297, -26.33870000260249 ], [ 26.808245000303149, -26.338695998820825 ], [ 26.808222000141811, -26.338695998820825 ], [ 26.808209000441657, -26.338692002233589 ], [ 26.808193999749854, -26.338692002233586 ], [ 26.808174999773065, -26.338696999766196 ], [ 26.808159999980631, -26.338708997621609 ], [ 26.808143000096017, -26.338722998267237 ], [ 26.80812400011914, -26.338746000227214 ], [ 26.808124000119143, -26.338765999350809 ], [ 26.80812300007296, -26.338784002878906 ], [ 26.8081100003728, -26.338788000365422 ], [ 26.808095999727179, -26.338794999788874 ], [ 26.808068000234588, -26.33880500294806 ], [ 26.808030000280915, -26.338810001379951 ], [ 26.808013000396212, -26.338815999858021 ], [ 26.807997999704504, -26.338819997344459 ], [ 26.807971000258, -26.338832002394472 ], [ 26.807948000096761, -26.338840997413602 ], [ 26.807925999981517, -26.338850999673419 ], [ 26.807889000073935, -26.338877999119834 ], [ 26.807869000050964, -26.338891998866085 ], [ 26.807856000350714, -26.338906999557889 ], [ 26.807832000143293, -26.338936000895217 ], [ 26.807799999566885, -26.338952997182524 ], [ 26.807775000212651, -26.338952997182524 ], [ 26.80776199961312, -26.338953998127984 ], [ 26.80774899991296, -26.338951001586928 ], [ 26.807729999936164, -26.338945996859717 ], [ 26.807719000328184, -26.338945996859717 ], [ 26.807702000443577, -26.338950000641468 ], [ 26.807674000051612, -26.338961999396261 ], [ 26.807657000167005, -26.33896699692886 ], [ 26.807645999659741, -26.338979001978885 ], [ 26.807641000328481, -26.338989998888845 ], [ 26.807627999729043, -26.33900199674418 ], [ 26.807622000351603, -26.33901300084883 ], [ 26.807616000074972, -26.339025999649625 ], [ 26.807604999567708, -26.339036996559582 ], [ 26.807599000190269, -26.339057996628732 ], [ 26.807580000213388, -26.339077002001563 ], [ 26.807558000098233, -26.33909999676694 ], [ 26.807533999890818, -26.339120003085142 ], [ 26.807493999844784, -26.339139001263376 ], [ 26.807466000352278, -26.339154001955084 ], [ 26.807439000006411, -26.339164998865051 ], [ 26.807402000098829, -26.339170998242484 ], [ 26.807373999706869, -26.339175002024149 ], [ 26.807347000260453, -26.339186999879654 ], [ 26.807309000306695, -26.339197996789622 ], [ 26.807286000145364, -26.33921000183955 ], [ 26.807271000352934, -26.339220998749511 ], [ 26.807247000145512, -26.339250000086928 ], [ 26.807236999684427, -26.339253996674085 ], [ 26.807230000260901, -26.339266001724102 ], [ 26.807216999661367, -26.33928800273862 ], [ 26.807198999730669, -26.339301002438784 ], [ 26.807183999938236, -26.339310998403285 ], [ 26.807169000145894, -26.339316996881351 ], [ 26.807147000030653, -26.339323002554028 ], [ 26.807136999569483, -26.339323002554028 ], [ 26.807112000215252, -26.339324998149621 ], [ 26.807097999569539, -26.339324998149621 ], [ 26.807085999915561, -26.339319999717645 ], [ 26.807061999708051, -26.339309996558541 ], [ 26.807042999731259, -26.339303998080563 ], [ 26.807019999569928, -26.339297998703124 ], [ 26.807001999639137, -26.339295003061427 ], [ 26.806991000031157, -26.33929500306143 ], [ 26.806960000400291, -26.339294002115974 ], [ 26.806923999639523, -26.33929400211597 ], [ 26.806903999616463, -26.33928100331509 ], [ 26.806845999639727, -26.339246002600415 ], [ 26.806837000124105, -26.339236000340591 ], [ 26.806824999570669, -26.339218003107824 ], [ 26.806815000008864, -26.339204003361569 ], [ 26.806792999893624, -26.339176002969694 ], [ 26.806779000147372, -26.339162996974217 ], [ 26.806753999893772, -26.33914899722788 ], [ 26.80672200021673, -26.339132000940559 ], [ 26.80669699996313, -26.339120003085142 ], [ 26.806647000355387, -26.339106003338891 ], [ 26.806599999986634, -26.339094999234248 ], [ 26.806557999848422, -26.339093998288874 ], [ 26.806523000033021, -26.339088999856976 ], [ 26.806480999894806, -26.339099996766947 ], [ 26.806467000148555, -26.339112001816957 ], [ 26.806451000310034, -26.339122998726925 ], [ 26.806434000425423, -26.339134002831482 ], [ 26.806410000217912, -26.339161002277905 ], [ 26.806396999618382, -26.339171999187851 ], [ 26.806391000241032, -26.339184997988738 ], [ 26.806386000010491, -26.339196002093299 ], [ 26.806386000010491, -26.339204997112429 ], [ 26.806390000194941, -26.33921600121699 ], [ 26.806390000194941, -26.33922599718149 ], [ 26.806393000333301, -26.339237001286051 ], [ 26.806393000333301, -26.339246997250548 ], [ 26.806395000425482, -26.339262998887719 ], [ 26.806375000402511, -26.339309002807674 ], [ 26.80635799961853, -26.339318998772267 ], [ 26.806340999733919, -26.339331997573151 ], [ 26.806313000241328, -26.339357002323332 ], [ 26.806293000218357, -26.339369000178667 ], [ 26.806272000149207, -26.339384000870378 ], [ 26.806239999572885, -26.339393996834957 ], [ 26.806219000403104, -26.339405000939529 ], [ 26.806197000287952, -26.339408998426045 ], [ 26.8061580002881, -26.339422998172292 ], [ 26.806130999942315, -26.33944100170039 ], [ 26.806108999827075, -26.339458998933157 ], [ 26.806087999757924, -26.339488000270489 ], [ 26.806066999688863, -26.33951499881762 ], [ 26.806062000357603, -26.339536999832145 ], [ 26.806055000034792, -26.33955900084667 ], [ 26.806055000034792, -26.339586000293163 ], [ 26.806055000034792, -26.339629001376753 ], [ 26.806052999942523, -26.339659002760261 ], [ 26.806063999550503, -26.339679001883951 ], [ 26.806077000150033, -26.339701996649335 ], [ 26.806110999919255, -26.339766998747521 ], [ 26.806110999919255, -26.339778996602849 ], [ 26.806117000195975, -26.339812001722027 ], [ 26.806127999803959, -26.339839001168439 ], [ 26.806136000172856, -26.33986299687928 ], [ 26.806136000172856, -26.339880000361187 ], [ 26.806141000403397, -26.339901000430249 ], [ 26.806129999896136, -26.339927998977476 ], [ 26.806116000149885, -26.339946997155696 ], [ 26.806099000265274, -26.339952001882818 ], [ 26.806067999734953, -26.339957000314801 ], [ 26.806044000426901, -26.339957000314804 ], [ 26.80601499998885, -26.339951000937454 ], [ 26.805968999666188, -26.339946003404833 ], [ 26.805946000404138, -26.33994600340483 ], [ 26.805925000335076, -26.339942999669177 ], [ 26.8058889995743, -26.339946997155696 ], [ 26.805867000358347, -26.339952001882821 ], [ 26.805843000150922, -26.339955999369337 ], [ 26.805818999943497, -26.339961997847411 ], [ 26.8057939996899, -26.339979001329322 ], [ 26.805780999989736, -26.339989998239279 ], [ 26.805765000151215, -26.340002997040166 ], [ 26.805745000128248, -26.340015002090183 ], [ 26.805717999782374, -26.340035001213788 ], [ 26.805691000335962, -26.34006199976092 ], [ 26.80565699966737, -26.340066998192892 ], [ 26.805643999967209, -26.340066998192896 ], [ 26.805632000313139, -26.340071001974646 ], [ 26.805619999759788, -26.340071001974646 ], [ 26.805606000013448, -26.340065997247436 ], [ 26.805577999621576, -26.340065997247436 ], [ 26.805533000244374, -26.340065997247432 ], [ 26.805509000036949, -26.340074998561796 ], [ 26.805487999967799, -26.340074998561796 ], [ 26.80545200010631, -26.340090000152877 ], [ 26.805424999760525, -26.340094997685487 ], [ 26.805397000267934, -26.340107002735422 ], [ 26.805348999853003, -26.340130999345632 ], [ 26.805310999899241, -26.34015199941469 ], [ 26.805275000037753, -26.340178997961903 ], [ 26.805252999922597, -26.340196001443829 ], [ 26.805233999945717, -26.340211002135533 ], [ 26.805210999784386, -26.34022799842284 ], [ 26.805195999991955, -26.340247002896387 ], [ 26.805178000061254, -26.340263999183705 ], [ 26.805155999946013, -26.34028600019823 ], [ 26.805145000338033, -26.340298998999099 ], [ 26.805140000107489, -26.340322000959087 ], [ 26.805131999738588, -26.340345996669846 ], [ 26.805126000361238, -26.34037300331094 ], [ 26.805119000038431, -26.340400001858068 ], [ 26.805108000430451, -26.34043400072801 ], [ 26.805108000430451, -26.340463002065338 ], [ 26.805105000292091, -26.340480999298119 ], [ 26.805112999761711, -26.34050699689988 ], [ 26.805116999946161, -26.340528997914401 ], [ 26.805124000268968, -26.340542997660652 ], [ 26.805134999876948, -26.340594000012587 ], [ 26.805128999600232, -26.340622000404466 ], [ 26.805109999623348, -26.340642999574246 ], [ 26.805088999554197, -26.340653997383566 ], [ 26.80507499980795, -26.340653997383569 ], [ 26.805056999877245, -26.340659002110783 ], [ 26.805047000315355, -26.34066999902074 ], [ 26.805030000430747, -26.340692000035261 ], [ 26.805025000200207, -26.340716996691469 ], [ 26.805019999969574, -26.340749000865188 ], [ 26.805019999969574, -26.340781998789758 ], [ 26.805009000361682, -26.340811000127093 ], [ 26.804993999669882, -26.340827001764261 ], [ 26.804971000407921, -26.340870996598699 ], [ 26.804949000292684, -26.340892997613224 ], [ 26.804918999808539, -26.340926997382446 ], [ 26.804876999670416, -26.340975996944191 ], [ 26.804854000408366, -26.341001000795085 ], [ 26.804832000293121, -26.341018998027767 ], [ 26.80480199980898, -26.341041999987745 ], [ 26.804776000408662, -26.341065001947726 ], [ 26.804752000201237, -26.341081998235136 ], [ 26.804715000293566, -26.341100001763127 ], [ 26.804703999786309, -26.341107002085941 ], [ 26.804690000040058, -26.341115997105074 ], [ 26.804659000409103, -26.341130997796785 ], [ 26.804619000363161, -26.341143996597658 ], [ 26.80460000038628, -26.34114800127869 ], [ 26.804581999556209, -26.341148001278693 ], [ 26.804556000155799, -26.341150996920472 ], [ 26.804542999556357, -26.341150996920479 ], [ 26.804528999810106, -26.341148001278693 ], [ 26.804492999948614, -26.341148001278693 ], [ 26.804469999787191, -26.341152998811303 ], [ 26.804441000248513, -26.341164002915868 ], [ 26.80440000015648, -26.341185002985011 ], [ 26.804382000225687, -26.341203000217789 ], [ 26.804353999833729, -26.341220002800412 ], [ 26.804332999764668, -26.341240001924021 ], [ 26.804291999672632, -26.341255002615725 ], [ 26.804269999557391, -26.341267001370515 ], [ 26.80424600024925, -26.341278999225938 ], [ 26.804212999626838, -26.34129299897219 ], [ 26.804189000318608, -26.341299999295003 ], [ 26.804166000157363, -26.34131000155482 ], [ 26.804127000157511, -26.341326997842224 ], [ 26.804097999719463, -26.341340997588468 ], [ 26.804069000180782, -26.341352001692947 ], [ 26.804023999904206, -26.341382997726683 ], [ 26.803995000365525, -26.341395997426847 ], [ 26.803970000111928, -26.341409997173095 ], [ 26.803935000296612, -26.34142900164656 ], [ 26.803908999996921, -26.341438997611149 ], [ 26.803880999605049, -26.341449000770247 ], [ 26.803845999789647, -26.341466998003025 ], [ 26.803818000297056, -26.341478002107575 ], [ 26.803741000343443, -26.3415000031221 ], [ 26.803707999720938, -26.3415099990866 ], [ 26.803678000136166, -26.341515997564674 ], [ 26.803631999813508, -26.341527001669316 ], [ 26.803608999652173, -26.341527001669316 ], [ 26.803584000297942, -26.34152700166932 ], [ 26.803559000044341, -26.341528002614695 ], [ 26.80352400022894, -26.341528002614691 ], [ 26.803498999975428, -26.341522997887484 ], [ 26.803484000182998, -26.34151900130033 ], [ 26.803465000206117, -26.341507003444903 ], [ 26.803453999698856, -26.341497000285806 ], [ 26.803439999952605, -26.341486003375849 ], [ 26.803424000114084, -26.341472997380368 ], [ 26.803404000091113, -26.341458002983888 ], [ 26.803379999883603, -26.341437002914827 ], [ 26.803350000298831, -26.341422002223116 ], [ 26.803336999699301, -26.341410998118551 ], [ 26.803322999953046, -26.341404998741201 ], [ 26.803299999791719, -26.34138600056297 ], [ 26.803281999860928, -26.34137499735769 ], [ 26.803266000022404, -26.341369998925799 ], [ 26.803254000368334, -26.341365001393189 ], [ 26.803236000437632, -26.341359002015842 ], [ 26.803211000184032, -26.341353997288632 ], [ 26.803193000253241, -26.341353002638407 ], [ 26.80317300023027, -26.341347997911285 ], [ 26.803129, -26.341347997911285 ], [ 26.803100999608006, -26.341359002015842 ], [ 26.803072000069324, -26.341368997980336 ], [ 26.803045999769633, -26.341379001139448 ], [ 26.803024999700483, -26.341397999317671 ], [ 26.803008999861959, -26.341409003422235 ], [ 26.803002999585242, -26.341420000332281 ], [ 26.802990999931264, -26.341437002914819 ], [ 26.802977000184921, -26.341452998256766 ], [ 26.802959000254216, -26.341470000839308 ], [ 26.802925999631718, -26.341500996872959 ], [ 26.802903000369668, -26.341519001300334 ], [ 26.802885999585772, -26.341530999155747 ], [ 26.802840000162391, -26.341542003260308 ], [ 26.802804000300899, -26.341547000792918 ], [ 26.802776999955118, -26.341547000792914 ], [ 26.802756999932146, -26.341565998971141 ], [ 26.802743000185895, -26.3415799987174 ], [ 26.802729000439559, -26.341604001622841 ], [ 26.802695999817054, -26.341637000446688 ], [ 26.802677999886349, -26.34165900056194 ], [ 26.802666000232282, -26.341682003421198 ], [ 26.802648000301492, -26.341707000077495 ], [ 26.80263199956369, -26.341724997310266 ], [ 26.802607000209463, -26.34173999800198 ], [ 26.802568000209607, -26.341752003052001 ], [ 26.802539999817643, -26.341755999639151 ], [ 26.802509000186692, -26.341755999639144 ], [ 26.802480999794909, -26.341755999639147 ], [ 26.802443999887242, -26.341774997817375 ], [ 26.802398999610663, -26.341818999846424 ], [ 26.802372000164251, -26.341849002129216 ], [ 26.802354000233468, -26.341863001875549 ], [ 26.802341999680024, -26.341876000676343 ], [ 26.802321999657053, -26.341885996640936 ], [ 26.802279000372121, -26.34188599664094 ], [ 26.802253000072426, -26.341886997586297 ], [ 26.802235000141639, -26.341885002890077 ], [ 26.802210999934214, -26.341872997840056 ], [ 26.802144999588581, -26.341872997840053 ], [ 26.80212300037271, -26.341879998162856 ], [ 26.802104000395833, -26.341885996640933 ], [ 26.802076000003957, -26.341901999177384 ], [ 26.80205900011935, -26.341906996709994 ], [ 26.802046999565906, -26.341906996709994 ], [ 26.802025000350039, -26.341910000445569 ], [ 26.802007000419334, -26.341910000445566 ], [ 26.801976999935103, -26.341910000445562 ], [ 26.801965000281118, -26.341905002013672 ], [ 26.801931999658617, -26.341905002013675 ], [ 26.801910000442746, -26.341908998600911 ], [ 26.801897999889309, -26.341915998923636 ], [ 26.801858999889458, -26.341939000883624 ], [ 26.801839999912573, -26.34195300062996 ], [ 26.801823000027966, -26.341963998439201 ], [ 26.80179399959, -26.341969003166408 ], [ 26.801778999797573, -26.341969003166408 ], [ 26.801761999912959, -26.341969996917271 ], [ 26.801732000328101, -26.341969996917271 ], [ 26.801713000351217, -26.341963998439194 ], [ 26.801652000236125, -26.341963998439198 ], [ 26.80162499989034, -26.341976997240081 ], [ 26.801606999959642, -26.341982001967292 ], [ 26.801594000259485, -26.341985998554438 ], [ 26.801577000374778, -26.341990003235473 ], [ 26.801566999913611, -26.341997002658992 ], [ 26.80155300016736, -26.342006998623496 ], [ 26.801522999683218, -26.342012998000932 ], [ 26.801501999614153, -26.342022000214573 ], [ 26.801488999913996, -26.342028999638103 ], [ 26.801476000213746, -26.342033998069997 ], [ 26.801463999660392, -26.342049999707179 ], [ 26.801459000329132, -26.342061997562592 ], [ 26.801453000052412, -26.342080001989959 ], [ 26.801446999775784, -26.342099000168194 ], [ 26.801440000352255, -26.34214200125178 ], [ 26.801435000121714, -26.342166997908077 ], [ 26.801435000121714, -26.34218199859987 ], [ 26.801435000121714, -26.34223900032908 ], [ 26.801426999752813, -26.342255001966254 ], [ 26.801422000421464, -26.342277996731632 ], [ 26.801394000029589, -26.342314999337237 ], [ 26.801361000306457, -26.342330000028948 ], [ 26.80133900019122, -26.342361997008052 ], [ 26.801325999591686, -26.342393000236218 ], [ 26.801320000214425, -26.342426999106245 ], [ 26.801320000214425, -26.342438003210717 ], [ 26.801325000444962, -26.342468999244367 ], [ 26.801325000444962, -26.342501997168938 ], [ 26.801329999776225, -26.342547000143444 ], [ 26.801335000006762, -26.342594998759637 ], [ 26.801321000260515, -26.342627996684204 ], [ 26.80128600044511, -26.342697997214284 ], [ 26.80124561728794, -26.342762948051082 ], [ 26.818349909617329, -26.352308488045733 ], [ 26.819876998921057, -26.358273996946902 ], [ 26.821485002027917, -26.357024996905565 ], [ 26.821506003895628, -26.357008997966407 ], [ 26.824294001163995, -26.35484199785941 ], [ 26.825964004432038, -26.353544002753086 ], [ 26.826060004362446, -26.353468989401826 ], [ 26.827140001106933, -26.352646998259832 ], [ 26.82896300063873, -26.351232998703459 ], [ 26.8294190000836, -26.350858995845535 ], [ 26.829673008199567, -26.350661002902509 ], [ 26.829816996853726, -26.350548995938986 ], [ 26.832413002354983, -26.348531003602464 ], [ 26.832552003369059, -26.348423002219249 ], [ 26.83703699705665, -26.345013998796507 ], [ 26.838747001269919, -26.343692999931552 ], [ 26.839442997393324, -26.343160996981943 ], [ 26.840657000317211, -26.342235002842624 ], [ 26.842163001418299, -26.341086000218294 ], [ 26.848141995653531, -26.336519000950737 ], [ 26.850354997881773, -26.33482900215623 ], [ 26.854167001003233, -26.336918003162822 ], [ 26.862528000763657, -26.341290998880019 ], [ 26.863460004172953, -26.342016997286208 ], [ 26.8646709988646, -26.343623004797362 ], [ 26.86474048678118, -26.343743986994962 ], [ 26.86564799805371, -26.345323998703094 ], [ 26.866604999917875, -26.346604998421487 ], [ 26.867754999890465, -26.347651999939423 ], [ 26.869661002350519, -26.348764001756798 ], [ 26.871782997684384, -26.349468991100597 ], [ 26.873585004341628, -26.349716001591769 ], [ 26.874581999057217, -26.349790999654555 ], [ 26.877721002619388, -26.349882004750285 ], [ 26.893711004356689, -26.350392998637609 ], [ 26.901940000727823, -26.350627999582088 ], [ 26.913465004303923, -26.350996003062782 ], [ 26.915214002221898, -26.351152996812957 ], [ 26.915230001161049, -26.351055002186236 ], [ 26.917679999030184, -26.351121007927812 ], [ 26.921025995950451, -26.351111999418865 ], [ 26.92992700262668, -26.351453997203809 ], [ 26.941640001382556, -26.351858999692791 ], [ 26.946370002771108, -26.352078999945569 ], [ 26.946922003045664, -26.352193001605418 ], [ 26.947961002396053, -26.352574002088222 ], [ 26.949043999278807, -26.35326099779655 ], [ 26.950205003355958, -26.354199000583105 ], [ 26.949645997362548, -26.355498997580352 ], [ 26.947487989576729, -26.360778989258627 ], [ 26.940496999034913, -26.377777995257897 ], [ 26.943876996623775, -26.378178002012909 ], [ 26.947428001198986, -26.3783379977001 ], [ 26.95352500267445, -26.378699001757241 ], [ 26.955277999877506, -26.378928003324376 ], [ 26.95749400134482, -26.379059001271621 ], [ 26.967851003218971, -26.379837001176401 ], [ 26.969485002128938, -26.380175000575537 ], [ 26.982506998297236, -26.382950998189731 ], [ 26.983088002607143, -26.383057003977257 ], [ 26.985673994157388, -26.383693002729594 ], [ 26.98889399605897, -26.384468999844248 ], [ 26.990250001034664, -26.38463099832164 ], [ 26.990232000204593, -26.384575995785337 ], [ 26.990368001080306, -26.384508004340688 ], [ 26.998097996922972, -26.38061899856773 ], [ 26.998149009167449, -26.380593001865329 ], [ 27.005589002428522, -26.376486001327631 ], [ 27.009893996808536, -26.395989997839894 ], [ 27.011282997010774, -26.402431000789822 ], [ 27.012911003737894, -26.409840000715224 ], [ 27.01560500386595, -26.422314003987843 ], [ 27.028297192559481, -26.4293386912274 ], [ 27.028262386997671, -26.429808583399158 ], [ 27.032689290776268, -26.432185994287938 ], [ 27.040450036238401, -26.436448938167793 ], [ 27.043046058826771, -26.44778946471185 ], [ 27.043182691925921, -26.448554607908566 ], [ 27.042533964169337, -26.449527864119478 ], [ 27.038650997343819, -26.450767003993828 ], [ 27.02052500322446, -26.449966995879919 ], [ 27.019198004082678, -26.454258003104133 ], [ 27.018846000440618, -26.455721004020905 ], [ 27.01308500276869, -26.471167997804628 ], [ 27.009876004072296, -26.479969996318054 ], [ 27.007558998846729, -26.486451996662087 ], [ 27.004910001693165, -26.494653999881976 ], [ 26.99945700203687, -26.493202002170388 ], [ 26.997808998884071, -26.492690003740428 ], [ 26.986809000632711, -26.489505996304395 ], [ 26.984089003802261, -26.488809002833012 ], [ 26.983987002695855, -26.48926500227779 ], [ 26.98154500069904, -26.500181997600908 ], [ 26.98035400243306, -26.506341001036073 ], [ 26.974042002733995, -26.535879998063226 ], [ 26.977660002304976, -26.536139999261316 ], [ 26.979960003149436, -26.536300010237067 ], [ 26.992030000382051, -26.537050002555286 ], [ 26.999900002680928, -26.537580002714705 ], [ 27.005466000353589, -26.537950998239765 ], [ 27.007433003828009, -26.541732000830962 ], [ 27.007899001036034, -26.542604988029495 ], [ 27.008262989942963, -26.543285998749578 ], [ 27.008501997367215, -26.543733004973969 ], [ 27.008807999787241, -26.544305000774919 ], [ 27.009307996764576, -26.545141004253725 ], [ 27.009684011405959, -26.545682996872593 ], [ 27.010008995816452, -26.546090003050953 ], [ 27.010410001718185, -26.546497001135425 ], [ 27.011111000770061, -26.547085003070208 ], [ 27.011564000076483, -26.547445999932751 ], [ 27.011963998737524, -26.547784996680051 ], [ 27.012213994078579, -26.54803400186745 ], [ 27.012267999266722, -26.548099003066369 ], [ 27.012513996221973, -26.548395996078064 ], [ 27.012815011001923, -26.548825000573103 ], [ 27.013089997603238, -26.549253997873457 ], [ 27.013514997417158, -26.550090001352245 ], [ 27.013889996723965, -26.550970002363517 ], [ 27.014812998818812, -26.55332000191634 ], [ 27.015290000131397, -26.554538003226096 ], [ 27.015613996186982, -26.555353003038444 ], [ 27.015714999945317, -26.555611998794493 ], [ 27.016112996715439, -26.556616000128116 ], [ 27.016540995768349, -26.557697999662711 ], [ 27.016648998050758, -26.557970002313514 ], [ 27.01698900024018, -26.558827996015026 ], [ 27.017107996734616, -26.559123999772524 ], [ 27.018437996914038, -26.562462999967263 ], [ 27.018747996820583, -26.563250997635269 ], [ 27.019937997738392, -26.566279997923381 ], [ 27.020898997988354, -26.568727002848636 ], [ 27.021338001145914, -26.569847001437804 ], [ 27.02146399616451, -26.570163998969139 ], [ 27.022467008243865, -26.572712996907015 ], [ 27.023062997957005, -26.57422701006826 ], [ 27.024761998065788, -26.578471999882677 ], [ 27.025235000992485, -26.579669996672809 ], [ 27.026463000065405, -26.582784998228885 ], [ 27.028212996230817, -26.587211000886771 ], [ 27.028580990718144, -26.588140993411884 ], [ 27.02869800061023, -26.588435001573796 ], [ 27.028809002131808, -26.588714001849485 ], [ 27.029157000193464, -26.589595001108187 ], [ 27.029963997838266, -26.591635998102621 ], [ 27.030207002749037, -26.592248002043473 ], [ 27.031714002097559, -26.59603900419647 ], [ 27.032665003685086, -26.598443997292435 ], [ 27.032679997182193, -26.598480998099383 ], [ 27.033465002805723, -26.60046499786111 ], [ 27.033720999322686, -26.60111700364665 ], [ 27.034291000427405, -26.602565002972341 ], [ 27.035214998971043, -26.604912009581401 ], [ 27.035434001875746, -26.605456996043319 ], [ 27.036166000558573, -26.60728299571355 ], [ 27.036349000903762, -26.607663997095631 ], [ 27.036491002056195, -26.607960998201296 ], [ 27.036817000901898, -26.608366998937615 ], [ 27.037142999747683, -26.608887001333787 ], [ 27.037254998617414, -26.609088999857288 ], [ 27.037567998662325, -26.609655002576112 ], [ 27.039021001815858, -26.612139001113821 ], [ 27.041470998785616, -26.616318997823303 ], [ 27.041801004111171, -26.616882001303136 ], [ 27.043879999260728, -26.620382001727826 ], [ 27.044406009128128, -26.621398003614804 ], [ 27.044806000594566, -26.622143001098411 ], [ 27.045054998587457, -26.622546999044626 ], [ 27.045181999048097, -26.622754001395887 ], [ 27.045416002644508, -26.623165004161489 ], [ 27.045683002366754, -26.623634002407051 ], [ 27.047423700441509, -26.626258109024302 ], [ 27.047726824131747, -26.626747488605517 ], [ 27.049429053706028, -26.629495669289518 ], [ 27.050025289833432, -26.630546837366456 ], [ 27.049842053865792, -26.630562587193406 ], [ 27.04873212138839, -26.630537361210063 ], [ 27.046430704111803, -26.630316676573184 ], [ 27.044917442783817, -26.63031667657318 ], [ 27.041638710656134, -26.630600413578005 ], [ 27.037414191210026, -26.630915676317212 ], [ 27.035301931037374, -26.63097872868525 ], [ 27.032275409280771, -26.631041781053096 ], [ 27.030415358580008, -26.631136360054796 ], [ 27.027924784199485, -26.631672307430868 ], [ 27.027073574983472, -26.636243616249644 ], [ 27.02590485202532, -26.64339055822742 ], [ 27.020019995224573, -26.644699002556745 ], [ 27.013702002443321, -26.646387995909112 ], [ 27.014601001632805, -26.665923001045392 ], [ 27.014725763680964, -26.671153108229095 ], [ 27.013494670940229, -26.67131509411611 ], [ 27.011648031829083, -26.671687661656033 ], [ 27.010238753713356, -26.671898243309041 ], [ 27.008942866617847, -26.671882044720341 ], [ 27.004860821367647, -26.671234101172633 ], [ 26.999812545410443, -26.670368040552422 ], [ 26.999812623651501, -26.670363657256743 ], [ 26.996625582802206, -26.669924223324038 ], [ 26.995969870011294, -26.669858651954989 ], [ 26.99508600191524, -26.669696000569736 ], [ 26.989609454410562, -26.669377796148165 ], [ 26.983380179749179, -26.669028083079347 ], [ 26.973238483666712, -26.66839422561273 ], [ 26.967031067027747, -26.667935226928947 ], [ 26.950441525953163, -26.666711228939743 ], [ 26.940015688170835, -26.6659462296345 ], [ 26.936037696280071, -26.66592437431018 ], [ 26.920497295311211, -26.665815087795753 ], [ 26.918420871323423, -26.66564023081165 ], [ 26.915426448169253, -26.665115660758833 ], [ 26.906814749797981, -26.66354194970091 ], [ 26.902574472431116, -26.662886236909916 ], [ 26.898902479362988, -26.662623951433897 ], [ 26.893088489139462, -26.662252380342753 ], [ 26.889766210039607, -26.66199009576593 ], [ 26.886509502308709, -26.661793381658885 ], [ 26.88567893073505, -26.661902667273836 ], [ 26.882771936972254, -26.662623951433872 ], [ 26.878925086920205, -26.663563806823831 ], [ 26.874225810869387, -26.664175806268094 ], [ 26.871996386121175, -26.664503663113145 ], [ 26.871122102100166, -26.664547375560584 ], [ 26.869439105427283, -26.664459947967774 ], [ 26.865592253576409, -26.664197661592393 ], [ 26.858444981547372, -26.663738663807894 ], [ 26.856849414265774, -26.663694948662524 ], [ 26.849680285113777, -26.663847949422841 ], [ 26.848587429862675, -26.663804235176926 ], [ 26.843341724837334, -26.663279664224639 ], [ 26.833615314091986, -26.662405381102989 ], [ 26.829702892670802, -26.662317951711614 ], [ 26.82386704622359, -26.662514665818655 ], [ 26.823058332672343, -26.66242723732665 ], [ 26.822227763796704, -26.662055667134879 ], [ 26.818665056343622, -26.660219670600867 ], [ 26.81744286239454, -26.659603944366065 ], [ 26.812894781265456, -26.657312675039439 ], [ 26.811976782998443, -26.657159676077754 ], [ 26.811036926709107, -26.657137818055336 ], [ 26.80964430583634, -26.65714080110665 ], [ 26.800829660156928, -26.657159676077736 ], [ 26.793616815859465, -26.657247103670354 ], [ 26.787103401296942, -26.657443818676757 ], [ 26.777682989374394, -26.658405530290469 ], [ 26.774887115843629, -26.658822305804211 ], [ 26.774732001676515, -26.658361003057276 ], [ 26.773459996077875, -26.654579999566792 ], [ 26.775619997660744, -26.650999999050143 ], [ 26.775979997175035, -26.651120000986715 ], [ 26.77761999726102, -26.644979998427612 ], [ 26.779379999283567, -26.638450000366674 ], [ 26.785780003940097, -26.632039997947075 ], [ 26.784839998363335, -26.625510000785404 ], [ 26.783010000307311, -26.611090003999958 ], [ 26.75046895927078, -26.606415596901702 ], [ 26.750430002438442, -26.606410001319922 ], [ 26.749680001126887, -26.606589999728108 ], [ 26.749010001705873, -26.606670001618731 ], [ 26.744550000177991, -26.607349998802793 ], [ 26.734910004388698, -26.608719999927413 ], [ 26.716490001207948, -26.611360002961067 ], [ 26.713780003040004, -26.611709987625158 ], [ 26.711930001363768, -26.611950001390721 ], [ 26.711440001250303, -26.611980002774231 ], [ 26.709739995699461, -26.612099998415562 ], [ 26.704759998970005, -26.61248000065083 ], [ 26.675280001066032, -26.600079999891321 ], [ 26.675899993684617, -26.599670001668489 ], [ 26.685920000702463, -26.592360009006477 ], [ 26.688430003137107, -26.590639999835393 ], [ 26.690949997039759, -26.588929997420706 ], [ 26.695620001057268, -26.585800002367534 ], [ 26.69540999856774, -26.579869999600131 ], [ 26.695030004426265, -26.569789996110707 ], [ 26.694680002675138, -26.559019996774712 ], [ 26.694669996818018, -26.558720002725288 ], [ 26.694669996818018, -26.558680001779884 ], [ 26.656680000376351, -26.536210003388064 ], [ 26.656459999224204, -26.536030003181331 ], [ 26.640540000714932, -26.52334999580485 ], [ 26.639399999404855, -26.522440000604675 ], [ 26.639279996569009, -26.522340003187743 ], [ 26.6388199996377, -26.52198000367337 ], [ 26.633660002701323, -26.517799997970712 ], [ 26.633540000764846, -26.517709999216226 ], [ 26.632480001345307, -26.516840004062082 ], [ 26.6316200039543, -26.516169997446561 ], [ 26.631190001211905, -26.515979998577215 ], [ 26.631115999598091, -26.515963999637975 ], [ 26.627880997004688, -26.515276000286338 ], [ 26.627030857981939, -26.515095036006247 ], [ 26.607840000909302, -26.511009999610909 ], [ 26.606110001169547, -26.510690001941114 ], [ 26.604969998960275, -26.510489998113925 ], [ 26.604931940550518, -26.510481556177979 ], [ 26.591310001249326, -26.507460001376987 ], [ 26.588759997869278, -26.506900006129388 ], [ 26.564840003656613, -26.50180999713255 ], [ 26.556409998016164, -26.505929997370391 ], [ 26.555999999793315, -26.506109996677935 ], [ 26.555969998409893, -26.506019997024161 ], [ 26.555699997649917, -26.506260001796569 ], [ 26.548689999936556, -26.509789997309426 ], [ 26.530379993734421, -26.518069997830946 ], [ 26.526790001749873, -26.516700004800267 ], [ 26.52099999914325, -26.514619997014066 ], [ 26.515019998566558, -26.512500002671743 ], [ 26.509919999001141, -26.510749999311813 ], [ 26.505260000840639, -26.509109999225842 ], [ 26.503369998219089, -26.508409990327525 ], [ 26.499649998440848, -26.50701000220857 ], [ 26.496220001244208, -26.50575999582589 ], [ 26.486190003657676, -26.5023500040481 ], [ 26.465399997303571, -26.494849998127538 ], [ 26.464553996061607, -26.494539998220993 ], [ 26.460583027875874, -26.494609299977853 ], [ 26.460583034171194, -26.494600179053649 ], [ 26.46040254023648, -26.483980812563043 ], [ 26.460401173267012, -26.483839595619486 ], [ 26.46039682054829, -26.483390125252686 ], [ 26.465669996264833, -26.482200002027138 ], [ 26.478630000366103, -26.479119997588494 ], [ 26.470389999890255, -26.460930002316378 ], [ 26.458439998298783, -26.435130004144952 ], [ 26.464760001064839, -26.432554999612169 ], [ 26.46491800115643, -26.432484989189565 ], [ 26.485270001701242, -26.423530001606963 ], [ 26.486610007737799, -26.422939995982702 ], [ 26.492540000612792, -26.420319996569301 ], [ 26.500669996915171, -26.416610002648277 ], [ 26.488119991036992, -26.394200000728205 ], [ 26.487289996828064, -26.392740000849066 ], [ 26.483649998041088, -26.386419998083138 ], [ 26.499670002061372, -26.377790003904266 ], [ 26.499699998048932, -26.377779997147869 ], [ 26.500219998646457, -26.377689998393461 ], [ 26.503899998378756, -26.375680001029991 ], [ 26.507629996819521, -26.373509999885368 ], [ 26.510759999966648, -26.37177000238249 ], [ 26.513130004039155, -26.370400002157144 ], [ 26.515410000364003, -26.369160001631602 ], [ 26.518270003650517, -26.367470002837191 ], [ 26.518039996641257, -26.366980002723725 ], [ 26.518980004016772, -26.36384999957658 ], [ 26.522712203997919, -26.35534018540006 ], [ 26.523186868871822, -26.355349857608612 ], [ 26.533874403973641, -26.350824580588778 ], [ 26.538538685605051, -26.348849290761002 ], [ 26.542672765628943, -26.347098346710194 ], [ 26.543464317417605, -26.346763072256845 ], [ 26.54419592309668, -26.346453185664906 ], [ 26.547823218959703, -26.344916691251164 ], [ 26.558440781410461, -26.340418393892687 ], [ 26.55835538178895, -26.339965334331616 ], [ 26.556611799588367, -26.33071547433855 ], [ 26.555759996819859, -26.326196034818064 ], [ 26.555756218768035, -26.326175989828918 ], [ 26.555714981254898, -26.325957806206645 ], [ 26.555675913805889, -26.32574991622452 ], [ 26.553498792728586, -26.314200088662069 ], [ 26.558627676719524, -26.309784311295839 ], [ 26.558660000152429, -26.309759998124274 ], [ 26.558658664659202, -26.309757632007994 ], [ 26.558667138970858, -26.309750335808253 ], [ 26.558653581691022, -26.309748627096329 ], [ 26.557389997344078, -26.307510004082339 ], [ 26.554109997172123, -26.301280000970181 ], [ 26.549470002631917, -26.292490003909457 ], [ 26.542129999593211, -26.278250006431449 ], [ 26.534694647733041, -26.264198785644258 ], [ 26.534689999137395, -26.264190001066567 ], [ 26.534746597071116, -26.264172333884893 ], [ 26.53476615642623, -26.264166229286822 ], [ 26.552630000867378, -26.258590003624679 ], [ 26.552689998238446, -26.258759997075106 ], [ 26.563139999005468, -26.255010002208774 ], [ 26.571429998189782, -26.252009999660729 ], [ 26.578659997055187, -26.248689999442895 ], [ 26.586130000693089, -26.245199996781377 ], [ 26.576370002967231, -26.228120001435915 ], [ 26.575214999166882, -26.225974999645498 ], [ 26.572139997656709, -26.220260004094833 ], [ 26.559500000218591, -26.197550000031363 ], [ 26.545779997042896, -26.172699998005339 ], [ 26.570809998376753, -26.161210001439393 ], [ 26.588690001836436, -26.153530003405919 ], [ 26.599540003063137, -26.148979993231094 ], [ 26.614419996780093, -26.142500002871898 ], [ 26.629610995845635, -26.136142001950905 ], [ 26.638835001229317, -26.152679996583689 ], [ 26.645205002703683, -26.163820002190491 ], [ 26.647769999580916, -26.168123999222342 ], [ 26.657632995761237, -26.185604003121377 ], [ 26.666203998011394, -26.198668003025119 ], [ 26.668138997312109, -26.201617001422612 ], [ 26.672176002715631, -26.207653000984386 ], [ 26.679158001835628, -26.21834700401028 ], [ 26.685256998906802, -26.22733600035534 ], [ 26.700800001614425, -26.250894000357071 ], [ 26.695555999005673, -26.255937991944041 ], [ 26.696348999602161, -26.257562997633517 ] ] ] } }
]
}
