{
"type": "FeatureCollection",
"name": "Merafong_City_Local_Municipality",
"crs": { "type": "name", "properties": { "name": "urn:ogc:def:crs:OGC:1.3:CRS84" } },
"features": [
{ "type": "Feature", "properties": { "Municipali": "Merafong City Local Municipality", "WardNo": "1", "WardLabel": "GT484_1", "Province": "Gauteng", "CLASSIFICATION": "Mining", "PopGBlack": 14807.824443000001, "PopGColour": 35.090442292, "PopGIndian": 11.557694936000001, "PopGWhite": 392.01077292999997, "PopGOther": 10.1049503, "PopGTotal": 15256.588303 }, "geometry": { "type": "Polygon", "coordinates": [ [ [ 27.483499998126092, -26.116869998151905 ], [ 27.484450003264648, -26.118499999575338 ], [ 27.485629998325425, -26.120520002795946 ], [ 27.489957000015185, -26.127970999262256 ], [ 27.489290000732616, -26.130860000288838 ], [ 27.486850002425388, -26.141930001768145 ], [ 27.486840002863499, -26.141959995957048 ], [ 27.484950001141257, -26.150509997238604 ], [ 27.484835001233971, -26.151295002862124 ], [ 27.483030003431544, -26.159420004329757 ], [ 27.481229999564519, -26.16742999779613 ], [ 27.479040003792846, -26.177219997804674 ], [ 27.478749992218006, -26.178449999667787 ], [ 27.47662000101192, -26.189709999117159 ], [ 27.476180007700798, -26.19178999970875 ], [ 27.475630003021845, -26.1943799959401 ], [ 27.47461000274906, -26.199230001063746 ], [ 27.474050001206237, -26.201830003152129 ], [ 27.466100004211462, -26.200539995824144 ], [ 27.465889993627961, -26.200510001635323 ], [ 27.46863000307183, -26.217369990432672 ], [ 27.468903227901258, -26.21999295760893 ], [ 27.461559999893719, -26.220539999921083 ], [ 27.450060000168495, -26.221440000055949 ], [ 27.448478733906029, -26.221059844036574 ], [ 27.447528772834179, -26.220664027223112 ], [ 27.44364734834604, -26.218013715260771 ], [ 27.441538738521512, -26.216573915054155 ], [ 27.4340445988787, -26.211481066897715 ], [ 27.433279999771734, -26.212200000229778 ], [ 27.42783999981571, -26.217560000093908 ], [ 27.42383999971576, -26.222269999660806 ], [ 27.419119999687766, -26.233599999640266 ], [ 27.415230000163838, -26.243050000157389 ], [ 27.410679999881591, -26.254099999815168 ], [ 27.40724585141448, -26.262375852663428 ], [ 27.40513594027054, -26.267494098571142 ], [ 27.405206293335247, -26.267485035206246 ], [ 27.404750012402655, -26.268770929934455 ], [ 27.403599999839606, -26.271219999703213 ], [ 27.40183999961582, -26.275390000448191 ], [ 27.399909999646287, -26.279090000203393 ], [ 27.398320349004404, -26.280331882110659 ], [ 27.392719315543449, -26.282181389159767 ], [ 27.381259613539825, -26.28554290118387 ], [ 27.380010396761797, -26.286006896501064 ], [ 27.379069999979929, -26.287260000148844 ], [ 27.378368568354169, -26.28832687038873 ], [ 27.378225800979358, -26.289433319791854 ], [ 27.378570000304755, -26.291869999600799 ], [ 27.37995000009191, -26.299129999849598 ], [ 27.381309999856093, -26.308690000043473 ], [ 27.382223295568039, -26.314453352140465 ], [ 27.384703475584342, -26.323737448424492 ], [ 27.384903966844025, -26.324487949759082 ], [ 27.384435115187856, -26.324591098400436 ], [ 27.383966262632317, -26.324656737218643 ], [ 27.383572427924719, -26.324684868012248 ], [ 27.383112952600168, -26.324675490781264 ], [ 27.382615970150312, -26.32459109840044 ], [ 27.382194002850365, -26.324450441734488 ], [ 27.381284430331636, -26.324075360589397 ], [ 27.380149807866765, -26.32359713170225 ], [ 27.379296497834527, -26.323250181350776 ], [ 27.378956814904477, -26.323157576361051 ], [ 27.37878501471609, -26.323110738769557 ], [ 27.378218034434166, -26.323003472132481 ], [ 27.377482489724578, -26.322957500588132 ], [ 27.376042050999299, -26.323126063217217 ], [ 27.37420184204084, -26.323366089573355 ], [ 27.373574917447883, -26.323447863128294 ], [ 27.372440954186104, -26.323601101309816 ], [ 27.371996563190191, -26.323693044398517 ], [ 27.371506200650014, -26.323846281680581 ], [ 27.371015839009207, -26.324060815853947 ], [ 27.370203675658505, -26.324566501942499 ], [ 27.369085037743758, -26.325332692849482 ], [ 27.368119637110986, -26.325960969123425 ], [ 27.367629274570813, -26.32620615129284 ], [ 27.36723477706273, -26.326340279780084 ], [ 27.366863083663823, -26.326466655211895 ], [ 27.366229216304689, -26.326595698033035 ], [ 27.360013337045277, -26.327861123292188 ], [ 27.357631593222838, -26.328337471696905 ], [ 27.356988416981238, -26.328486200677592 ], [ 27.356197706058634, -26.328703932840209 ], [ 27.355845258151508, -26.328841846573976 ], [ 27.355308924966263, -26.329163648283785 ], [ 27.355263871629734, -26.328983981725354 ], [ 27.354037047970717, -26.324091463849985 ], [ 27.353287999940623, -26.324196998392782 ], [ 27.353201000425209, -26.324215000122127 ], [ 27.353051003400452, -26.324249998138885 ], [ 27.352704002686956, -26.324320001366896 ], [ 27.352677997890684, -26.324329001781972 ], [ 27.352581997060909, -26.32436099876109 ], [ 27.352448997222833, -26.324410001020674 ], [ 27.352321995862823, -26.324456999590861 ], [ 27.352187997777307, -26.324510995785754 ], [ 27.352019999922479, -26.324580001665701 ], [ 27.351961997247816, -26.324617999820809 ], [ 27.351780003243949, -26.324717000788951 ], [ 27.351719997778996, -26.324748997767966 ], [ 27.351642996926195, -26.324788001365114 ], [ 27.351440000155243, -26.324890001572328 ], [ 27.351185001885721, -26.325030998182005 ], [ 27.35115499960293, -26.325048001663916 ], [ 27.351058999672521, -26.325104002447745 ], [ 27.350978997781898, -26.325150992923973 ], [ 27.350912002786036, -26.325192995760116 ], [ 27.350745002279368, -26.32529699965681 ], [ 27.350283001658585, -26.32562100380628 ], [ 27.350202999767966, -26.325681997626052 ], [ 27.350141997854308, -26.325730001638281 ], [ 27.350091001797601, -26.325773003621237 ], [ 27.349973999100111, -26.325876002075795 ], [ 27.349954002674444, -26.325892998363198 ], [ 27.34993200435785, -26.325911997440706 ], [ 27.349778991006971, -26.326040003343472 ], [ 27.349462998018303, -26.326301000990437 ], [ 27.349430002791753, -26.3263380017973 ], [ 27.349410995620271, -26.326363001151531 ], [ 27.349289997235005, -26.326459999329469 ], [ 27.349239997627173, -26.326500996723563 ], [ 27.349216002815613, -26.326517003756685 ], [ 27.349096999126576, -26.326596996654057 ], [ 27.348603000627314, -26.326862999028144 ], [ 27.348382993179939, -26.326962989250557 ], [ 27.348083989283985, -26.327097999972718 ], [ 27.347934000353199, -26.32714400209403 ], [ 27.347484997633931, -26.327259009195913 ], [ 27.347168000102503, -26.327349998103966 ], [ 27.347077003100569, -26.327374998357477 ], [ 27.346687990557676, -26.327470000040439 ], [ 27.345894997155803, -26.327628001031396 ], [ 27.345512001976672, -26.327796997133667 ], [ 27.345261002092951, -26.327951997086977 ], [ 27.344759008620738, -26.328241003219699 ], [ 27.344572002695148, -26.328347999160783 ], [ 27.344250999583323, -26.328533001396888 ], [ 27.344086001866852, -26.328626999436462 ], [ 27.343619995665581, -26.328968996322125 ], [ 27.343783996933258, -26.329507000447727 ], [ 27.344504999605402, -26.333828000961471 ], [ 27.345354999233241, -26.338522998037924 ], [ 27.345365995243831, -26.338586002741867 ], [ 27.345391001792663, -26.338719004378515 ], [ 27.346315998583826, -26.342698997260879 ], [ 27.346423002618881, -26.343160996982377 ], [ 27.347751997356166, -26.352351001697386 ], [ 27.347770846246878, -26.352467790356211 ], [ 27.347824134675395, -26.352698497937343 ], [ 27.347884998093519, -26.352962001095488 ], [ 27.347984996409817, -26.353519004298597 ], [ 27.348008998415885, -26.353650002245846 ], [ 27.348165003811246, -26.354503001112576 ], [ 27.349108999679924, -26.359708998371559 ], [ 27.350054000990724, -26.364913000934212 ], [ 27.346838432746861, -26.36590150425101 ], [ 27.346873326442175, -26.365389738745478 ], [ 27.345578898946318, -26.362305958053526 ], [ 27.341739181417399, -26.363855936002626 ], [ 27.338346355898903, -26.356373864362318 ], [ 27.338190461120217, -26.356440576071716 ], [ 27.337899997186422, -26.35566999737247 ], [ 27.337293711135189, -26.35439208322801 ], [ 27.337143995598247, -26.354448987830551 ], [ 27.337114001409422, -26.354459001781468 ], [ 27.335951001736678, -26.354908003601459 ], [ 27.333543997756628, -26.35430500007568 ], [ 27.331803002006303, -26.353888004227958 ], [ 27.329541000216331, -26.353343001578189 ], [ 27.326997566383891, -26.352710338411359 ], [ 27.326345958998065, -26.351885856147295 ], [ 27.327850003174468, -26.350959002256147 ], [ 27.32699800165571, -26.349899999285501 ], [ 27.326610002648831, -26.350151997416749 ], [ 27.326000000598889, -26.349392006435934 ], [ 27.32497625644837, -26.350037421989384 ], [ 27.324038740195025, -26.348767454254581 ], [ 27.324075213099903, -26.348744440603419 ], [ 27.327948379113689, -26.346300657948966 ], [ 27.329317944966508, -26.345430646606971 ], [ 27.329570746192328, -26.345270055568555 ], [ 27.332139805307108, -26.343651364918497 ], [ 27.332224003434334, -26.343587543630157 ], [ 27.329463063169207, -26.337775459070127 ], [ 27.329311155085051, -26.337460791682155 ], [ 27.328106739833519, -26.334845800593239 ], [ 27.327774997017809, -26.334027996694683 ], [ 27.328867999757687, -26.33371999957825 ], [ 27.3295659986712, -26.33352299588951 ], [ 27.331658998063673, -26.332932001010967 ], [ 27.331649000300434, -26.332898001241745 ], [ 27.331181996751084, -26.331555011254704 ], [ 27.330715002194903, -26.33021300242806 ], [ 27.330678002287321, -26.330105998393091 ], [ 27.330641000581004, -26.329997997009968 ], [ 27.330780999842609, -26.329944998163146 ], [ 27.331818003597302, -26.329553999017822 ], [ 27.332293002119684, -26.329374996159157 ], [ 27.332475004217432, -26.329305999272371 ], [ 27.332662002049052, -26.329237000587117 ], [ 27.332843996052919, -26.329168002801058 ], [ 27.333029995637101, -26.329097998673674 ], [ 27.333205998357499, -26.329032001925341 ], [ 27.333328003084262, -26.328985999804029 ], [ 27.333400001008595, -26.328958997659598 ], [ 27.333586000592778, -26.328889003424742 ], [ 27.333769999185495, -26.328818999297354 ], [ 27.333955001421518, -26.328750000612011 ], [ 27.334138998215497, -26.328681002826041 ], [ 27.334327000589873, -26.328610003149151 ], [ 27.334507000796791, -26.328542001811964 ], [ 27.334692003032899, -26.328471998583861 ], [ 27.334875003378002, -26.328403998145955 ], [ 27.335050997105149, -26.328337003150182 ], [ 27.335121000333256, -26.328310998353913 ], [ 27.335244003307462, -26.328264997131882 ], [ 27.335318004021996, -26.328236000291135 ], [ 27.335434997726317, -26.328192000960019 ], [ 27.335511998579211, -26.328162996025391 ], [ 27.335784998578177, -26.328061003012866 ], [ 27.336020997770184, -26.327972000707256 ], [ 27.336854609951608, -26.327735116582399 ], [ 27.334372972134311, -26.323493001001186 ], [ 27.330738890886465, -26.317532825979132 ], [ 27.329000960924922, -26.314867999858301 ], [ 27.32753368013454, -26.312618168593623 ], [ 27.326632063018636, -26.311235689375501 ], [ 27.326135101253207, -26.311467603846772 ], [ 27.325845111262165, -26.311028088075791 ], [ 27.325863978139381, -26.311017785442385 ], [ 27.325876389682996, -26.311011007252191 ], [ 27.325904885601332, -26.310995445383508 ], [ 27.325907417192891, -26.31099406312547 ], [ 27.326004537678589, -26.310941026507166 ], [ 27.326086360696284, -26.310896343691237 ], [ 27.327167142548923, -26.310306137518236 ], [ 27.327443159773377, -26.310155405747345 ], [ 27.331583421736791, -26.307894440875756 ], [ 27.336699262860066, -26.305100719422651 ], [ 27.340430336889895, -26.303063208200509 ], [ 27.337384627198148, -26.296514932318267 ], [ 27.335709486103244, -26.287986942843137 ], [ 27.331754926947628, -26.284864754804623 ], [ 27.330470017876401, -26.283187235002895 ], [ 27.330054808082291, -26.281822745823021 ], [ 27.330071000375668, -26.281814999062902 ], [ 27.329000004046264, -26.278580002764947 ], [ 27.327330000778236, -26.274659999159596 ], [ 27.325839989623152, -26.270820011834051 ], [ 27.324379997837898, -26.266769998636523 ], [ 27.322869998351027, -26.262890004070446 ], [ 27.321440000754777, -26.258990004085359 ], [ 27.319689997394772, -26.254909995799636 ], [ 27.318219997953843, -26.250980001625727 ], [ 27.318200000628892, -26.250919997060151 ], [ 27.313969997116974, -26.23952999701168 ], [ 27.312656003970776, -26.236152002213135 ], [ 27.31244788376215, -26.235616725731319 ], [ 27.308389997000067, -26.225180004353618 ], [ 27.303069997181872, -26.200630003571735 ], [ 27.298679997982862, -26.179439997657713 ], [ 27.29140999817216, -26.144620004409603 ], [ 27.302110002374057, -26.146119989046195 ], [ 27.310559997245363, -26.147910002344666 ], [ 27.31050999763762, -26.147259999349423 ], [ 27.310880003009029, -26.147370002623472 ], [ 27.311799996871724, -26.147500004121834 ], [ 27.315059999718518, -26.148009999761697 ], [ 27.315720001376285, -26.148090000752941 ], [ 27.316600002387549, -26.148210003588797 ], [ 27.317209996343607, -26.148319999668232 ], [ 27.317750003259327, -26.148419997984529 ], [ 27.320050003204408, -26.14876000017378 ], [ 27.320540003317873, -26.148819998444132 ], [ 27.321359998864182, -26.14898999908916 ], [ 27.322670001718556, -26.149150001970941 ], [ 27.323510002683879, -26.149299998995701 ], [ 27.323849996779241, -26.149380000886332 ], [ 27.325100004061284, -26.149529997011719 ], [ 27.325609999701051, -26.149609998902339 ], [ 27.32686999575299, -26.149740000400612 ], [ 27.327540003267888, -26.149839997817633 ], [ 27.32822999911448, -26.149990002036898 ], [ 27.329859999638636, -26.150239997377955 ], [ 27.33044999806831, -26.150350000651908 ], [ 27.331019999173023, -26.150440001205052 ], [ 27.332860003086083, -26.150719998828805 ], [ 27.334269996162782, -26.150909995899589 ], [ 27.335930000768293, -26.151240001225062 ], [ 27.33703001012621, -26.151389998249812 ], [ 27.339460002576409, -26.151699998156367 ], [ 27.340180000705878, -26.15183999561923 ], [ 27.340869996552474, -26.151929996172374 ], [ 27.34134999800342, -26.152009998062908 ], [ 27.342069996132803, -26.152110003573714 ], [ 27.342920002955157, -26.152260000598559 ], [ 27.344260000897723, -26.152439999906107 ], [ 27.345100000963672, -26.152570001404385 ], [ 27.346640002733338, -26.15283000170319 ], [ 27.347840002313667, -26.152979990634066 ], [ 27.348380009229473, -26.153079997044244 ], [ 27.34912000288525, -26.153249997689262 ], [ 27.349859998339674, -26.153310011248013 ], [ 27.351239997227552, -26.153540001170146 ], [ 27.351650001745622, -26.15358999987852 ], [ 27.352280001120516, -26.15369999685733 ], [ 27.353789999708194, -26.153899999785146 ], [ 27.354609996153872, -26.154020002620996 ], [ 27.355119999887524, -26.154079999991975 ], [ 27.356069996932284, -26.154259999299523 ], [ 27.357270003707129, -26.154439998607081 ], [ 27.358259992703953, -26.154610000151379 ], [ 27.358660001257526, -26.149630003421901 ], [ 27.358960003400835, -26.145870001799135 ], [ 27.359230002362157, -26.14288999567674 ], [ 27.359310003353407, -26.141980001375938 ], [ 27.359349996204838, -26.141559996396694 ], [ 27.359410000770332, -26.14087999921254 ], [ 27.35950999908663, -26.139739997003279 ], [ 27.359800002567503, -26.136570001004696 ], [ 27.359879997263526, -26.135649999048209 ], [ 27.360110003373418, -26.133150003369909 ], [ 27.360150004318641, -26.132639998736899 ], [ 27.360250001735658, -26.131560001992508 ], [ 27.360439999705637, -26.129470002738405 ], [ 27.360489999313469, -26.128879998013506 ], [ 27.360799999220013, -26.125420005728643 ], [ 27.361060000418099, -26.122669999420907 ], [ 27.361239990732486, -26.120760000373625 ], [ 27.361299996197349, -26.12009000005343 ], [ 27.361530003206525, -26.117690001792141 ], [ 27.361720000277224, -26.115669998571537 ], [ 27.375109999026762, -26.116109990983297 ], [ 27.392300000344211, -26.11663999923659 ], [ 27.396259996800921, -26.116739996653511 ], [ 27.400869996252883, -26.116940001379984 ], [ 27.419260004345343, -26.117489997965066 ], [ 27.419440003652802, -26.117499995728213 ], [ 27.419930002866899, -26.112780000196899 ], [ 27.41995999795509, -26.112429999344954 ], [ 27.420489998114494, -26.107079997244071 ], [ 27.420659998759437, -26.105399997112169 ], [ 27.420799998021042, -26.104059999169603 ], [ 27.420899996337337, -26.103139997213127 ], [ 27.421069996982364, -26.100730000289232 ], [ 27.422359997115752, -26.08916999869647 ], [ 27.425220000402309, -26.089389998949237 ], [ 27.434700001403506, -26.090009998762415 ], [ 27.438600001388515, -26.090260002197347 ], [ 27.44250999913676, -26.090520003395426 ], [ 27.445030000233981, -26.090689995946583 ], [ 27.452470000689623, -26.091209998342748 ], [ 27.456180002704563, -26.091470000440111 ], [ 27.45990000338211, -26.091730000738917 ], [ 27.463620003160202, -26.091980003274571 ], [ 27.466969999365624, -26.092219999953006 ], [ 27.467340003837748, -26.092269998661468 ], [ 27.469149997374139, -26.092499997576855 ], [ 27.474850000326889, -26.102209996594048 ], [ 27.476279997923225, -26.104670000320283 ], [ 27.479919996710152, -26.110790000158389 ], [ 27.483499998126092, -26.116869998151905 ] ] ] } },
{ "type": "Feature", "properties": { "Municipali": "Merafong City Local Municipality", "WardNo": "2", "WardLabel": "GT484_2", "Province": "Gauteng", "CLASSIFICATION": "Mining", "PopGBlack": 16089.474873, "PopGColour": 67.634316792000007, "PopGIndian": 12.400832288, "PopGWhite": 5.216211872, "PopGOther": 18.1288814, "PopGTotal": 16192.855115 }, "geometry": { "type": "Polygon", "coordinates": [ [ [ 27.324038740195025, -26.348767454254581 ], [ 27.32497625644837, -26.350037421989384 ], [ 27.326000000598889, -26.349392006435934 ], [ 27.326610002648831, -26.350151997416749 ], [ 27.32699800165571, -26.349899999285501 ], [ 27.327850003174468, -26.350959002256147 ], [ 27.326345958998065, -26.351885856147295 ], [ 27.326997566383891, -26.352710338411359 ], [ 27.329541000216331, -26.353343001578189 ], [ 27.331803002006303, -26.353888004227958 ], [ 27.333543997756628, -26.35430500007568 ], [ 27.335951001736678, -26.354908003601459 ], [ 27.337114001409422, -26.354459001781468 ], [ 27.337143995598247, -26.354448987830551 ], [ 27.337293711135189, -26.35439208322801 ], [ 27.337899997186422, -26.35566999737247 ], [ 27.338190461120217, -26.356440576071716 ], [ 27.325622001153722, -26.361671997164926 ], [ 27.325475568142316, -26.36173609994108 ], [ 27.318756296065512, -26.364677541335443 ], [ 27.318557159184838, -26.364515741608145 ], [ 27.314865414306674, -26.361393283773005 ], [ 27.316832044562481, -26.35947840680295 ], [ 27.317573935875135, -26.35866517963397 ], [ 27.316637001395797, -26.357397560848735 ], [ 27.316637001395797, -26.356712275650995 ], [ 27.314702619029951, -26.35420280921225 ], [ 27.316733000426922, -26.353212000033725 ], [ 27.318305481212246, -26.352242522774191 ], [ 27.322456999989896, -26.349683000070364 ], [ 27.323977999984027, -26.348753000350644 ], [ 27.324075213099903, -26.348744440603419 ], [ 27.324038740195025, -26.348767454254581 ] ] ] } },
{ "type": "Feature", "properties": { "Municipali": "Merafong City Local Municipality", "WardNo": "3", "WardLabel": "GT484_3", "Province": "Gauteng", "CLASSIFICATION": "Mining", "PopGBlack": 7938.338944, "PopGColour": 10.059274684, "PopGIndian": 8.034286104, "PopGWhite": 5.304116192, "PopGOther": 12.3298277, "PopGTotal": 7974.0664487000004 }, "geometry": { "type": "Polygon", "coordinates": [ [ [ 27.310729001441555, -26.328012999000617 ], [ 27.310826401616417, -26.328230705082941 ], [ 27.311985997355137, -26.327842998355685 ], [ 27.312263002035223, -26.32774099724919 ], [ 27.312313998991122, -26.327721998171679 ], [ 27.312382996777188, -26.327696998817355 ], [ 27.312427003302808, -26.327680001630675 ], [ 27.312632001964587, -26.327605003567985 ], [ 27.31267501114214, -26.327588997434233 ], [ 27.312871001294958, -26.327522999786527 ], [ 27.313537003229452, -26.32903599941185 ], [ 27.314069321841043, -26.330237123144681 ], [ 27.313906094889621, -26.330291532128491 ], [ 27.312091734245399, -26.330955704841841 ], [ 27.310459852339612, -26.3315530777123 ], [ 27.310501473863177, -26.331639561916187 ], [ 27.310651198393369, -26.332008112184624 ], [ 27.312146958914326, -26.335267839838924 ], [ 27.312683569090712, -26.336437281355426 ], [ 27.312760658976472, -26.336633509828541 ], [ 27.313090043769783, -26.336850762652549 ], [ 27.314036147649379, -26.337236212980823 ], [ 27.314351515609221, -26.337348344050771 ], [ 27.314390999444353, -26.337481995897335 ], [ 27.314471000435606, -26.33765600302204 ], [ 27.314564997575815, -26.337855998755259 ], [ 27.314610002348964, -26.337954998824113 ], [ 27.314657000019789, -26.338054997140407 ], [ 27.314697999212626, -26.338143002097777 ], [ 27.314749999811919, -26.338255999214951 ], [ 27.314796001933232, -26.338354001935645 ], [ 27.314842003155174, -26.338453002004407 ], [ 27.314889001725369, -26.338553997668868 ], [ 27.314994002970131, -26.338781003640399 ], [ 27.315121999879647, -26.338732999628164 ], [ 27.315206996604861, -26.338701001749776 ], [ 27.315234996996821, -26.338689999443869 ], [ 27.315349996004826, -26.338646998360193 ], [ 27.315457997387956, -26.338606997414974 ], [ 27.315569996257601, -26.338565000874055 ], [ 27.315705997133318, -26.338512999375393 ], [ 27.316054003288855, -26.339265999925935 ], [ 27.316402998698671, -26.34001900137574 ], [ 27.316523000635236, -26.339973996602595 ], [ 27.317230000863113, -26.339708004121039 ], [ 27.318058000375711, -26.339396997873084 ], [ 27.317708996872014, -26.338643997322553 ], [ 27.317360998810358, -26.337890996772014 ], [ 27.318485002080465, -26.337468997995828 ], [ 27.31924899864168, -26.337347997811815 ], [ 27.319481996795961, -26.337377002746454 ], [ 27.319455002745503, -26.337505997903495 ], [ 27.319428997949228, -26.337635999401858 ], [ 27.319639997786918, -26.33767099561997 ], [ 27.319850996725421, -26.337706999078755 ], [ 27.319578004820336, -26.339036999258088 ], [ 27.319980998223787, -26.339908997202421 ], [ 27.321405002738008, -26.339374002208423 ], [ 27.322828002709464, -26.338838000873025 ], [ 27.323012996851606, -26.338769003086956 ], [ 27.323133997035615, -26.338723999213176 ], [ 27.323175003422968, -26.33870800027394 ], [ 27.3233150017852, -26.338655001427114 ], [ 27.323522004136549, -26.338577999674943 ], [ 27.323572010938808, -26.338685992964187 ], [ 27.323598000446687, -26.338741002695091 ], [ 27.323623997149074, -26.338797999927717 ], [ 27.323675001299581, -26.338905012056649 ], [ 27.32372400265988, -26.339012997252002 ], [ 27.323772995926301, -26.339120001286975 ], [ 27.323823002728737, -26.33922699722806 ], [ 27.323852997816928, -26.339291000179447 ], [ 27.32387300233648, -26.339337001401468 ], [ 27.323910003143428, -26.339414999602528 ], [ 27.323923001044943, -26.339445001885316 ], [ 27.323973997101561, -26.339554000616598 ], [ 27.324022002013074, -26.339657997318696 ], [ 27.324072998069695, -26.339768000592741 ], [ 27.324099010959937, -26.339824997825371 ], [ 27.32412299677825, -26.339876001975867 ], [ 27.324174999176194, -26.339988000845516 ], [ 27.324224997884656, -26.340094996786608 ], [ 27.324277000282599, -26.340208001098375 ], [ 27.324807956421388, -26.341341896910997 ], [ 27.324889249738444, -26.341515505636089 ], [ 27.324570000304533, -26.341559999594285 ], [ 27.323249999687004, -26.341859999939039 ], [ 27.322700000403998, -26.342539999821131 ], [ 27.321749999762023, -26.343629999724705 ], [ 27.320639999835379, -26.344899999835118 ], [ 27.320455982357053, -26.345066236817331 ], [ 27.320639002487219, -26.346791854160752 ], [ 27.320240000275057, -26.347370000425126 ], [ 27.319280000071281, -26.347210000241272 ], [ 27.318700000304041, -26.347099999665243 ], [ 27.317959560584548, -26.34673400886739 ], [ 27.31768851661106, -26.346641266281434 ], [ 27.317411999363557, -26.346570482441845 ], [ 27.317293563146723, -26.34660359907679 ], [ 27.3160717190339, -26.347422962399754 ], [ 27.315491764232828, -26.348003101561886 ], [ 27.315328680273691, -26.348206862756474 ], [ 27.315294478156908, -26.348335201408357 ], [ 27.314915038897251, -26.349839366993155 ], [ 27.31502779679467, -26.349910882880945 ], [ 27.315300250905143, -26.350083684914065 ], [ 27.317602083668476, -26.351543609250161 ], [ 27.318305481212246, -26.352242522774191 ], [ 27.316733000426922, -26.353212000033725 ], [ 27.314702619029951, -26.35420280921225 ], [ 27.316637001395797, -26.356712275650995 ], [ 27.316637001395797, -26.357397560848735 ], [ 27.317573935787824, -26.358665179554389 ], [ 27.316832044562481, -26.35947840680295 ], [ 27.314865414306674, -26.361393283773005 ], [ 27.318557159184838, -26.364515741608145 ], [ 27.318756296065512, -26.364677541335443 ], [ 27.314568382624046, -26.366510849795858 ], [ 27.309860002736194, -26.368571998798622 ], [ 27.30722699822665, -26.369576998379777 ], [ 27.307105989948763, -26.369628998979074 ], [ 27.302637999743116, -26.371590011170014 ], [ 27.300457004386441, -26.372366998438139 ], [ 27.29967299521179, -26.372645997814534 ], [ 27.295923997693574, -26.374304996978005 ], [ 27.294345000420634, -26.374932999858014 ], [ 27.292890999918946, -26.375575997134501 ], [ 27.291765001952431, -26.376008991921459 ], [ 27.290870996698334, -26.376412997062086 ], [ 27.290343996677286, -26.376601996784714 ], [ 27.290171371810619, -26.376294291947907 ], [ 27.290021792071268, -26.376116665051963 ], [ 27.289872212331915, -26.376051224084645 ], [ 27.289666539178654, -26.376079270342053 ], [ 27.287834180402292, -26.376976752375185 ], [ 27.287441531001029, -26.377163726824524 ], [ 27.287254555652403, -26.37720112243381 ], [ 27.28706758120315, -26.377107635209185 ], [ 27.286852558697838, -26.376780427674515 ], [ 27.286702978958484, -26.376584102973929 ], [ 27.28567883281104, -26.370532331102122 ], [ 27.285674614091356, -26.370507402794345 ], [ 27.28550099907104, -26.370215997270364 ], [ 27.283289999633009, -26.36621899910752 ], [ 27.282748996268325, -26.365241002570166 ], [ 27.281296002108046, -26.362595995708634 ], [ 27.281219997703939, -26.362378995594131 ], [ 27.281156002846441, -26.362194002351274 ], [ 27.277781000092272, -26.362601996884631 ], [ 27.277272001800661, -26.363090002301682 ], [ 27.276076997954295, -26.364272996601446 ], [ 27.276007001920792, -26.364342003380756 ], [ 27.27537700434446, -26.364966998028446 ], [ 27.274677009835258, -26.365660002107361 ], [ 27.272928003823498, -26.367408010771047 ], [ 27.272606999812393, -26.367737001661219 ], [ 27.272209214382904, -26.368144735391194 ], [ 27.268545999597343, -26.364257000360229 ], [ 27.266559999743347, -26.358562000336033 ], [ 27.263301999686668, -26.350685000412415 ], [ 27.244508097969419, -26.332550469928201 ], [ 27.254459996630604, -26.326679998682916 ], [ 27.259440002353351, -26.323740001599706 ], [ 27.268840000564751, -26.318009996364179 ], [ 27.274810003378118, -26.314250002835291 ], [ 27.27849000311036, -26.312999997351906 ], [ 27.279269997711449, -26.312620001411936 ], [ 27.280059999068936, -26.312320000167833 ], [ 27.280930002316961, -26.311990002936245 ], [ 27.28170999691805, -26.311690008886739 ], [ 27.282459998229506, -26.311359997266031 ], [ 27.28413999926078, -26.310709994270798 ], [ 27.284669999420181, -26.31045000116659 ], [ 27.286359998214607, -26.309759998125315 ], [ 27.28904999995677, -26.30873000008938 ], [ 27.294459999428657, -26.306420000582502 ], [ 27.297129996651272, -26.305390003445858 ], [ 27.297560000293032, -26.305260001947495 ], [ 27.299299989702035, -26.304479999252528 ], [ 27.299770000584342, -26.30416000068346 ], [ 27.30080998918891, -26.303429996696966 ], [ 27.303940000429957, -26.301259995552314 ], [ 27.307210001939268, -26.298980000126885 ], [ 27.310469996692273, -26.296540000020919 ], [ 27.314099997716049, -26.293899996987228 ], [ 27.317890000722244, -26.291070004077348 ], [ 27.321740001998798, -26.288110001575312 ], [ 27.325780001245413, -26.285100002163379 ], [ 27.329819999592662, -26.282000001299011 ], [ 27.330048002912356, -26.281826002268183 ], [ 27.330054808082291, -26.281822745823021 ], [ 27.330470017876401, -26.283187235002895 ], [ 27.331754926947628, -26.284864754804623 ], [ 27.335709486103244, -26.287986942843137 ], [ 27.337384627198148, -26.296514932318267 ], [ 27.340430336889895, -26.303063208200509 ], [ 27.336699262860066, -26.305100719422651 ], [ 27.331583421736791, -26.307894440875756 ], [ 27.327443159773377, -26.310155405747345 ], [ 27.327167142548923, -26.310306137518236 ], [ 27.326086360696284, -26.310896343691237 ], [ 27.326004537678589, -26.310941026507166 ], [ 27.325907417192891, -26.31099406312547 ], [ 27.325904885601332, -26.310995445383508 ], [ 27.325876389682996, -26.311011007252191 ], [ 27.325863978139381, -26.311017785442385 ], [ 27.325845111262165, -26.311028088075791 ], [ 27.325844885532419, -26.311028208584904 ], [ 27.32261444070317, -26.312754434769296 ], [ 27.316767531695533, -26.315893208105035 ], [ 27.316646991065074, -26.315957917923516 ], [ 27.313371009963479, -26.317711451122513 ], [ 27.311789659164724, -26.318558766273974 ], [ 27.312067003788524, -26.319300002792808 ], [ 27.312375999152309, -26.320067000391752 ], [ 27.312585003394489, -26.320646001911452 ], [ 27.312647174426811, -26.320812315336003 ], [ 27.312704998136454, -26.320966997828688 ], [ 27.312788996614138, -26.321153994761026 ], [ 27.31284499559932, -26.321288999187949 ], [ 27.312871991448521, -26.321372000317567 ], [ 27.312875996129552, -26.321449999417894 ], [ 27.312890000372473, -26.321509995889517 ], [ 27.312932004107985, -26.321545999348388 ], [ 27.312989001340611, -26.321598000847047 ], [ 27.31303500166327, -26.321710997964139 ], [ 27.31306300205523, -26.321824002275829 ], [ 27.313109003277173, -26.321902997825038 ], [ 27.313160996681955, -26.322001998793176 ], [ 27.313203000417378, -26.32210199710946 ], [ 27.313211004383668, -26.322209997593308 ], [ 27.313237998434218, -26.322330997777321 ], [ 27.313317002077227, -26.322470997038838 ], [ 27.313342998779614, -26.322528000566681 ], [ 27.313368996381374, -26.322584009444402 ], [ 27.313396005720406, -26.322701003148726 ], [ 27.313441002399589, -26.32286999925099 ], [ 27.313510998433092, -26.323056996183425 ], [ 27.313603998225226, -26.323261994845197 ], [ 27.313733997924942, -26.323566002568903 ], [ 27.313975998292953, -26.324082996732827 ], [ 27.314086001567002, -26.324426997308059 ], [ 27.314043001382696, -26.324443004341081 ], [ 27.313931998961841, -26.32449000201191 ], [ 27.313844002098268, -26.324544995555048 ], [ 27.313751999654293, -26.32459999899072 ], [ 27.313085997719892, -26.324847001388012 ], [ 27.312813995968369, -26.32494799705238 ], [ 27.312235001643259, -26.325170997443504 ], [ 27.312050996755399, -26.325241998019777 ], [ 27.311882000653043, -26.325340000740471 ], [ 27.311799996871677, -26.325406995736234 ], [ 27.31146900319121, -26.325632997165005 ], [ 27.311328995835812, -26.325743997787214 ], [ 27.31120699920293, -26.325842001407189 ], [ 27.311072003769251, -26.32594100237532 ], [ 27.310915998373897, -26.326037999653884 ], [ 27.310795006283769, -26.326109000230154 ], [ 27.310692997982763, -26.326207003850129 ], [ 27.310605001119189, -26.326283996609135 ], [ 27.310508002941255, -26.326382996677903 ], [ 27.310425000912268, -26.326490000712962 ], [ 27.310332001120226, -26.326567003364499 ], [ 27.310273999344933, -26.326635002903043 ], [ 27.310205000659501, -26.326695008367896 ], [ 27.310157004741239, -26.326745997229928 ], [ 27.310210003588061, -26.326862999028133 ], [ 27.310729001441555, -26.328012999000617 ] ], [ [ 27.305240560402826, -26.332907517867625 ], [ 27.30417817058537, -26.333211795388053 ], [ 27.304179871203328, -26.332910169069013 ], [ 27.304017001282844, -26.332953993032323 ], [ 27.303942999668941, -26.332976996790947 ], [ 27.303704009331817, -26.333053001195051 ], [ 27.302900003731409, -26.333266003823034 ], [ 27.302842001056746, -26.333280997320145 ], [ 27.302088003158048, -26.333493001700589 ], [ 27.301415003598766, -26.333682002322501 ], [ 27.300859995991246, -26.333846002690812 ], [ 27.300511000581434, -26.333955998770339 ], [ 27.300476999912842, -26.333967002874818 ], [ 27.30017099839209, -26.334051002251869 ], [ 27.299708997771312, -26.334158994641832 ], [ 27.298932003308579, -26.334387006954771 ], [ 27.298480998698388, -26.33451600211173 ], [ 27.29787599957692, -26.334700997153234 ], [ 27.297627003382679, -26.334773003171541 ], [ 27.297339001792722, -26.334835999781514 ], [ 27.297107000986514, -26.334916990926324 ], [ 27.296771004377575, -26.335055002686214 ], [ 27.296480999997417, -26.335185003285208 ], [ 27.296151003665116, -26.335289997335465 ], [ 27.295842999354171, -26.335394997680957 ], [ 27.295814998962207, -26.335418002338866 ], [ 27.295982996817038, -26.336013002797802 ], [ 27.29622799732341, -26.33689000367071 ], [ 27.296465999305621, -26.337667996380873 ], [ 27.296525995777323, -26.337861001683812 ], [ 27.296552997921751, -26.337994999769332 ], [ 27.296685002210321, -26.338685003709898 ], [ 27.296762003063215, -26.339157999442072 ], [ 27.296779996698682, -26.339241997919849 ], [ 27.296804996052916, -26.339353996789495 ], [ 27.29688600338558, -26.340199000683285 ], [ 27.296849991832904, -26.340444997638446 ], [ 27.296871001794496, -26.340620002111319 ], [ 27.296930999165482, -26.3409629972445 ], [ 27.296570999651191, -26.343720002975676 ], [ 27.297441002899216, -26.344601001335104 ], [ 27.297625997940724, -26.344790001057639 ], [ 27.297696997617614, -26.344861999881342 ], [ 27.297804001652583, -26.34497000126456 ], [ 27.297873000337926, -26.345041001840727 ], [ 27.297988996694095, -26.34515699819681 ], [ 27.299405996388831, -26.346592996969239 ], [ 27.299715988201587, -26.346321999760477 ], [ 27.299758000030891, -26.344319998269309 ], [ 27.299888997978133, -26.344322001059513 ], [ 27.299938007432321, -26.34432200105951 ], [ 27.300359998114718, -26.344329996931741 ], [ 27.300366995739513, -26.343969000069293 ], [ 27.302463003364135, -26.344006000876238 ], [ 27.303766997847909, -26.344028997440276 ], [ 27.304824996275798, -26.344047995618421 ], [ 27.304870998397114, -26.341901998278583 ], [ 27.304891999365541, -26.341622000654741 ], [ 27.304934003101057, -26.339628002230494 ], [ 27.304948995698886, -26.33894999974266 ], [ 27.305310000655215, -26.338879995615269 ], [ 27.306289999982774, -26.338419998683978 ], [ 27.307709998916593, -26.337319998319227 ], [ 27.306890003370196, -26.336330001228514 ], [ 27.307130000048726, -26.335130000748919 ], [ 27.307238998780011, -26.334429001697035 ], [ 27.30762106675807, -26.334296531559595 ], [ 27.307748472813017, -26.334160906600516 ], [ 27.306935794150874, -26.332455174166906 ], [ 27.306780642212111, -26.332502534264528 ], [ 27.305240560402826, -26.332907517867625 ] ] ] } },
{ "type": "Feature", "properties": { "Municipali": "Merafong City Local Municipality", "WardNo": "4", "WardLabel": "GT484_4", "Province": "Gauteng", "CLASSIFICATION": "Mining", "PopGBlack": 6920.4068676999996, "PopGColour": 28.88771748, "PopGIndian": 3.918396208, "PopGWhite": 2.68027148, "PopGOther": 4.2248774, "PopGTotal": 6960.1181303000003 }, "geometry": { "type": "Polygon", "coordinates": [ [ [ 27.306935794150874, -26.332455174166906 ], [ 27.307748472813017, -26.334160906600516 ], [ 27.30762106675807, -26.334296531559595 ], [ 27.307238998780011, -26.334429001697035 ], [ 27.307130000048726, -26.335130000748919 ], [ 27.306890003370196, -26.336330001228514 ], [ 27.307709998916593, -26.337319998319227 ], [ 27.306289999982774, -26.338419998683978 ], [ 27.305310000655215, -26.338879995615269 ], [ 27.304948995698886, -26.33894999974266 ], [ 27.304934003101057, -26.339628002230494 ], [ 27.304891999365541, -26.341622000654741 ], [ 27.304870998397114, -26.341901998278583 ], [ 27.304824996275798, -26.344047995618421 ], [ 27.303766997847909, -26.344028997440276 ], [ 27.302463003364135, -26.344006000876238 ], [ 27.300366995739513, -26.343969000069293 ], [ 27.300359998114718, -26.344329996931741 ], [ 27.299938007432321, -26.34432200105951 ], [ 27.299888997978133, -26.344322001059513 ], [ 27.299758000030891, -26.344319998269309 ], [ 27.299715988201587, -26.346321999760477 ], [ 27.299405996388831, -26.346592996969239 ], [ 27.297988996694095, -26.34515699819681 ], [ 27.297873000337926, -26.345041001840727 ], [ 27.297804001652583, -26.34497000126456 ], [ 27.297696997617614, -26.344861999881342 ], [ 27.297625997940724, -26.344790001057639 ], [ 27.297441002899216, -26.344601001335104 ], [ 27.296570999651191, -26.343720002975676 ], [ 27.296930999165482, -26.3409629972445 ], [ 27.296871001794496, -26.340620002111319 ], [ 27.296849991832904, -26.340444997638446 ], [ 27.29688600338558, -26.340199000683285 ], [ 27.296804996052916, -26.339353996789495 ], [ 27.296779996698682, -26.339241997919849 ], [ 27.296762003063215, -26.339157999442072 ], [ 27.296685002210321, -26.338685003709898 ], [ 27.296552997921751, -26.337994999769332 ], [ 27.296525995777323, -26.337861001683812 ], [ 27.296465999305621, -26.337667996380873 ], [ 27.29622799732341, -26.33689000367071 ], [ 27.295982996817038, -26.336013002797802 ], [ 27.295814998962207, -26.335418002338866 ], [ 27.295842999354171, -26.335394997680957 ], [ 27.296151003665116, -26.335289997335465 ], [ 27.296480999997417, -26.335185003285208 ], [ 27.296771004377575, -26.335055002686214 ], [ 27.297107000986514, -26.334916990926324 ], [ 27.297339001792722, -26.334835999781514 ], [ 27.297627003382679, -26.334773003171541 ], [ 27.29787599957692, -26.334700997153234 ], [ 27.298480998698388, -26.33451600211173 ], [ 27.298932003308579, -26.334387006954771 ], [ 27.299708997771312, -26.334158994641832 ], [ 27.30017099839209, -26.334051002251869 ], [ 27.300476999912842, -26.333967002874818 ], [ 27.300511000581434, -26.333955998770339 ], [ 27.300859995991246, -26.333846002690812 ], [ 27.301415003598766, -26.333682002322501 ], [ 27.302088003158048, -26.333493001700589 ], [ 27.302842001056746, -26.333280997320145 ], [ 27.302900003731409, -26.333266003823034 ], [ 27.303704009331817, -26.333053001195051 ], [ 27.303942999668941, -26.332976996790947 ], [ 27.304017001282844, -26.332953993032323 ], [ 27.304179871203328, -26.332910169069013 ], [ 27.30417817058537, -26.333211795388053 ], [ 27.305240560402826, -26.332907517867625 ], [ 27.306780642212111, -26.332502534264528 ], [ 27.306935794150874, -26.332455174166906 ] ] ] } },
{ "type": "Feature", "properties": { "Municipali": "Merafong City Local Municipality", "WardNo": "5", "WardLabel": "GT484_5", "Province": "Gauteng", "CLASSIFICATION": "Mining", "PopGBlack": 1933.4934399000001, "PopGColour": 12.343345196, "PopGIndian": 12.259765368, "PopGWhite": 531.30632163999996, "PopGOther": 0.0, "PopGTotal": 2489.4028721 }, "geometry": { "type": "Polygon", "coordinates": [ [ [ 27.460428000751179, -26.388490000013537 ], [ 27.46331799912593, -26.395750001161616 ], [ 27.465156000248786, -26.400329000982623 ], [ 27.467019998074033, -26.404387998407373 ], [ 27.464522901810042, -26.405188652234521 ], [ 27.461901996779254, -26.40602900393537 ], [ 27.457783001983518, -26.407353002938777 ], [ 27.454060001167697, -26.408560000143897 ], [ 27.451081001386616, -26.409527998918005 ], [ 27.450318010267527, -26.40977299762573 ], [ 27.449640997033963, -26.409992998777955 ], [ 27.44363400240681, -26.41190100312874 ], [ 27.435122000179728, -26.414607003810218 ], [ 27.435310999902267, -26.415064997951319 ], [ 27.435417189151483, -26.415321379378167 ], [ 27.435302816071676, -26.415274504015109 ], [ 27.434397437990903, -26.414750338657228 ], [ 27.433587363765334, -26.414011740749245 ], [ 27.431919563836324, -26.411724473405719 ], [ 27.429394038203785, -26.40812679041899 ], [ 27.427816704676701, -26.405851592876711 ], [ 27.417850576042778, -26.391686740950284 ], [ 27.409946957985227, -26.394108081023173 ], [ 27.402787093648953, -26.398088373379679 ], [ 27.40309509795981, -26.398447710093752 ], [ 27.403249098766317, -26.398807046807821 ], [ 27.403454434673883, -26.399346052778082 ], [ 27.403454434673883, -26.400193062160099 ], [ 27.403377433820989, -26.400629399727055 ], [ 27.403377433820989, -26.401887080024736 ], [ 27.403685437232653, -26.402785421809796 ], [ 27.403967773093743, -26.403042091919051 ], [ 27.404121774799531, -26.403966101254586 ], [ 27.404891783328559, -26.40524944820347 ], [ 27.402183149432268, -26.406829485092619 ], [ 27.402163003719082, -26.406811998674801 ], [ 27.400128997154919, -26.407624996596311 ], [ 27.398100998062084, -26.408445999383403 ], [ 27.395319001070458, -26.404208996448052 ], [ 27.395117999895199, -26.401030000034467 ], [ 27.391549999032691, -26.40137000312308 ], [ 27.39101000021077, -26.401240001624807 ], [ 27.390120001436355, -26.401169999295988 ], [ 27.389429998395162, -26.401100003262567 ], [ 27.389429998395162, -26.405280000871329 ], [ 27.381376200750438, -26.40737497697361 ], [ 27.382025738796283, -26.406298600000369 ], [ 27.382466840072052, -26.405567631940688 ], [ 27.382634116670584, -26.405217148152829 ], [ 27.38270263062136, -26.4050735938713 ], [ 27.382803684741724, -26.404792890279644 ], [ 27.382837368848961, -26.404489729717294 ], [ 27.382837368848961, -26.404186570054144 ], [ 27.382781227770863, -26.403872182355343 ], [ 27.382062627187914, -26.401929713285654 ], [ 27.380849987636203, -26.40225532902021 ], [ 27.377616281865308, -26.402805508167607 ], [ 27.37368643158295, -26.403467968571917 ], [ 27.373641519439968, -26.403344459279346 ], [ 27.373529238183231, -26.403142352837275 ], [ 27.37341000966364, -26.403199002931665 ], [ 27.371801999362191, -26.403742000992576 ], [ 27.371447010870256, -26.403053003393342 ], [ 27.370809530934483, -26.401626264940177 ], [ 27.368242807359014, -26.402379797889377 ], [ 27.367516447425484, -26.402896867596333 ], [ 27.3666282302081, -26.403529158443934 ], [ 27.364958922115989, -26.404870077292248 ], [ 27.364555169684767, -26.405173568805136 ], [ 27.360881432831185, -26.407935036073052 ], [ 27.359896266898527, -26.408591812762005 ], [ 27.358226959705782, -26.411437845979805 ], [ 27.357734376739455, -26.412121988139173 ], [ 27.357241793773124, -26.412477741954199 ], [ 27.356201897798726, -26.412860862139119 ], [ 27.354477858765588, -26.413353445105439 ], [ 27.353000110765883, -26.413818661701889 ], [ 27.352496466138362, -26.414028609332906 ], [ 27.357033997320542, -26.425552000424467 ], [ 27.357135998426951, -26.425845004043694 ], [ 27.357218002208402, -26.426081999684499 ], [ 27.357352000293918, -26.426404999291297 ], [ 27.357593999762649, -26.426986002701835 ], [ 27.357953999277026, -26.427852001268828 ], [ 27.357969997316896, -26.427889999423932 ], [ 27.357984000660451, -26.427924995642037 ], [ 27.358293004118202, -26.42868500281061 ], [ 27.358442209739572, -26.429052928949503 ], [ 27.358725435030173, -26.42904872641758 ], [ 27.358681981587555, -26.429643487656858 ], [ 27.358473676118674, -26.43249468478183 ], [ 27.36045628193127, -26.435531534352847 ], [ 27.361084926927241, -26.43553153435284 ], [ 27.362989611880469, -26.435531534352847 ], [ 27.36376062585154, -26.435940643146179 ], [ 27.364291642244886, -26.436436258626394 ], [ 27.362615306850298, -26.439272604347263 ], [ 27.36211747094384, -26.440192521767457 ], [ 27.361780747682747, -26.440814729416235 ], [ 27.359750192716611, -26.444306097248599 ], [ 27.35863537961842, -26.446213197780843 ], [ 27.35836894736838, -26.446626869734242 ], [ 27.358053434617698, -26.447054565715629 ], [ 27.357660796008339, -26.447552374642335 ], [ 27.356237482173366, -26.449228100296573 ], [ 27.354407508399156, -26.451373587720912 ], [ 27.353348786017033, -26.452614606279052 ], [ 27.353088561787047, -26.452923928996093 ], [ 27.352339734990117, -26.453814043783037 ], [ 27.349730156021195, -26.456815511326784 ], [ 27.346352340187664, -26.455517423590194 ], [ 27.34542149600459, -26.454988286780008 ], [ 27.34157500118468, -26.458308000114101 ], [ 27.339161996028629, -26.460390002596512 ], [ 27.334979995629574, -26.46148200079362 ], [ 27.331516996011835, -26.463453002653932 ], [ 27.330709001918155, -26.463938997186897 ], [ 27.330307996016515, -26.464180995756351 ], [ 27.327073997965904, -26.464796000734847 ], [ 27.32457799887484, -26.465270001909055 ], [ 27.32406600044488, -26.46536499729671 ], [ 27.321166004306974, -26.465903001422308 ], [ 27.318380998183827, -26.466473998975818 ], [ 27.314788996214439, -26.467534996642691 ], [ 27.313537003229417, -26.468014998992917 ], [ 27.312992997927807, -26.468275996639878 ], [ 27.31280399820518, -26.468367001735697 ], [ 27.312741000695926, -26.468398002265921 ], [ 27.311125999964197, -26.469247002746961 ], [ 27.310723000265519, -26.469487996773555 ], [ 27.310242998814577, -26.469775001015442 ], [ 27.307042003185117, -26.471688998448514 ], [ 27.305241002869206, -26.472764996807108 ], [ 27.302539006868926, -26.473427001255075 ], [ 27.300433998829217, -26.473941999823396 ], [ 27.295854999907572, -26.475170996244476 ], [ 27.294419999382672, -26.475551000278404 ], [ 27.292801001164509, -26.475584001800186 ], [ 27.290661003201933, -26.475628001131295 ], [ 27.287590997425756, -26.476353998638121 ], [ 27.283507997994832, -26.477738004005666 ], [ 27.27883899762076, -26.479823000331216 ], [ 27.275028000840727, -26.48155399741901 ], [ 27.2710179966823, -26.48329999519861 ], [ 27.261647999854411, -26.489600002438142 ], [ 27.2521610021276, -26.495773996672487 ], [ 27.240031996778232, -26.50157999911761 ], [ 27.231421001676882, -26.505480995551487 ], [ 27.229229999563806, -26.491159999734172 ], [ 27.225180002554044, -26.461010003308918 ], [ 27.224800000318766, -26.457840000115816 ], [ 27.224080002189378, -26.454550001281483 ], [ 27.223780000045984, -26.451769998986169 ], [ 27.224589997829145, -26.451609996104295 ], [ 27.224849999027231, -26.443969999915456 ], [ 27.224160003180639, -26.442739998052428 ], [ 27.214978647245708, -26.426288434563489 ], [ 27.234691551772734, -26.413455935443022 ], [ 27.236286456254025, -26.412829366082359 ], [ 27.237938321095651, -26.412373678702174 ], [ 27.241242050779086, -26.411747109341604 ], [ 27.243976172361563, -26.41112053998086 ], [ 27.249900102007164, -26.409753478740026 ], [ 27.255254422652616, -26.408557301278417 ], [ 27.257248054153486, -26.407987692278088 ], [ 27.259982174836594, -26.4075889661578 ], [ 27.26103810392441, -26.407279634447505 ], [ 27.262486075371154, -26.406938062041863 ], [ 27.273356412967292, -26.40445533064895 ], [ 27.284612580405458, -26.401905499039543 ], [ 27.293201489056713, -26.399909247813451 ], [ 27.341341000286302, -26.389574999686456 ], [ 27.344647510673401, -26.388946287241314 ], [ 27.354310406799165, -26.386560840910015 ], [ 27.380738093087913, -26.38003672801263 ], [ 27.393555613100503, -26.377368315395465 ], [ 27.393541190672895, -26.377158715802146 ], [ 27.397932297836743, -26.376161148218401 ], [ 27.405066314758052, -26.374561351425232 ], [ 27.407889945863786, -26.373911783701885 ], [ 27.412688792153563, -26.372811495554096 ], [ 27.42125247931796, -26.370915819109747 ], [ 27.425984873802427, -26.369843142846733 ], [ 27.428212131184431, -26.369338297624303 ], [ 27.444199446646699, -26.365785560954833 ], [ 27.450721635894325, -26.36427432220221 ], [ 27.45978906930965, -26.362246080292412 ], [ 27.461777541400018, -26.367455877187009 ], [ 27.453863312241666, -26.371965731733173 ], [ 27.460428000751179, -26.388490000013537 ] ] ] } },
{ "type": "Feature", "properties": { "Municipali": "Merafong City Local Municipality", "WardNo": "6", "WardLabel": "GT484_6", "Province": "Gauteng", "CLASSIFICATION": "Mining", "PopGBlack": 5196.6999048999996, "PopGColour": 20.322110888000001, "PopGIndian": 7.708257056, "PopGWhite": 1.83386996, "PopGOther": 12.9850232, "PopGTotal": 5239.549166 }, "geometry": { "type": "Polygon", "coordinates": [ [ [ 27.31482894409983, -26.326845811185244 ], [ 27.315416821928114, -26.328267053881405 ], [ 27.31543077490964, -26.328300785652736 ], [ 27.318680002979093, -26.327120000087938 ], [ 27.318782756818134, -26.327068849347857 ], [ 27.320273426276941, -26.328847424169233 ], [ 27.320518711868331, -26.328777342700157 ], [ 27.320582871301745, -26.328911342584416 ], [ 27.320665884122537, -26.329099719076776 ], [ 27.32106535038492, -26.330270084196961 ], [ 27.320990001586608, -26.330297999153274 ], [ 27.320082998430916, -26.330601997883818 ], [ 27.319666694161896, -26.330741641013944 ], [ 27.319930451828188, -26.331336979617866 ], [ 27.317849665229158, -26.332047491698326 ], [ 27.317882995902846, -26.332111998270062 ], [ 27.317419997933904, -26.332300997992597 ], [ 27.317178995813329, -26.332387008253733 ], [ 27.317688003098187, -26.333490001562236 ], [ 27.318200998876311, -26.334602004278988 ], [ 27.318756995738017, -26.335843998601579 ], [ 27.319692007379555, -26.335493001300932 ], [ 27.320625997391197, -26.335142002201643 ], [ 27.320770001333834, -26.33508799791278 ], [ 27.320931009657667, -26.335431001139749 ], [ 27.321093000041259, -26.335775000815605 ], [ 27.321415997849318, -26.336475999867485 ], [ 27.321698995611431, -26.337087996613736 ], [ 27.321763995910977, -26.337164001017843 ], [ 27.32225899085903, -26.337424998664723 ], [ 27.322358997269202, -26.337560003091642 ], [ 27.322457998237336, -26.337694997626034 ], [ 27.322366002987962, -26.33783900336724 ], [ 27.322596999251417, -26.338339000344568 ], [ 27.322828002709464, -26.338838000873025 ], [ 27.321405002738008, -26.339374002208423 ], [ 27.319980998223787, -26.339908997202421 ], [ 27.319578004820336, -26.339036999258088 ], [ 27.319850996725421, -26.337706999078755 ], [ 27.319639997786918, -26.33767099561997 ], [ 27.319428997949228, -26.337635999401858 ], [ 27.319455002745503, -26.337505997903495 ], [ 27.319481996795961, -26.337377002746454 ], [ 27.31924899864168, -26.337347997811815 ], [ 27.318485002080465, -26.337468997995828 ], [ 27.317360998810358, -26.337890996772014 ], [ 27.317708996872014, -26.338643997322553 ], [ 27.318058000375711, -26.339396997873084 ], [ 27.317230000863113, -26.339708004121039 ], [ 27.316523000635236, -26.339973996602595 ], [ 27.316402998698671, -26.34001900137574 ], [ 27.316054003288855, -26.339265999925935 ], [ 27.315705997133318, -26.338512999375393 ], [ 27.315569996257601, -26.338565000874055 ], [ 27.315457997387956, -26.338606997414974 ], [ 27.315349996004826, -26.338646998360193 ], [ 27.315234996996821, -26.338689999443869 ], [ 27.315206996604861, -26.338701001749776 ], [ 27.315121999879647, -26.338732999628164 ], [ 27.314994002970131, -26.338781003640399 ], [ 27.314889001725369, -26.338553997668868 ], [ 27.314842003155174, -26.338453002004407 ], [ 27.314796001933232, -26.338354001935645 ], [ 27.314749999811919, -26.338255999214951 ], [ 27.314697999212626, -26.338143002097777 ], [ 27.314657000019789, -26.338054997140407 ], [ 27.314610002348964, -26.337954998824113 ], [ 27.314564997575815, -26.337855998755259 ], [ 27.314471000435606, -26.33765600302204 ], [ 27.314390999444353, -26.337481995897335 ], [ 27.314351515609221, -26.337348344050771 ], [ 27.314036147649379, -26.337236212980823 ], [ 27.313090043769783, -26.336850762652549 ], [ 27.312760658976472, -26.336633509828541 ], [ 27.312683569090712, -26.336437281355426 ], [ 27.312146958914326, -26.335267839838924 ], [ 27.310651198393369, -26.332008112184624 ], [ 27.310501473863177, -26.331639561916187 ], [ 27.310459852339612, -26.3315530777123 ], [ 27.312091734245399, -26.330955704841841 ], [ 27.313906094889621, -26.330291532128491 ], [ 27.314069321841043, -26.330237123144681 ], [ 27.313537003229452, -26.32903599941185 ], [ 27.312871001294958, -26.327522999786527 ], [ 27.31267501114214, -26.327588997434233 ], [ 27.312632001964587, -26.327605003567985 ], [ 27.312427003302808, -26.327680001630675 ], [ 27.312382996777188, -26.327696998817355 ], [ 27.312313998991122, -26.327721998171679 ], [ 27.312263002035223, -26.32774099724919 ], [ 27.311985997355137, -26.327842998355685 ], [ 27.311933693684324, -26.327557919562306 ], [ 27.311902661677756, -26.327419688367822 ], [ 27.313858971313735, -26.326778274797476 ], [ 27.314007449383574, -26.327040966767164 ], [ 27.314795527091203, -26.326778274797469 ], [ 27.314802263013334, -26.32678130641208 ], [ 27.31482894409983, -26.326845811185244 ] ] ] } },
{ "type": "Feature", "properties": { "Municipali": "Merafong City Local Municipality", "WardNo": "7", "WardLabel": "GT484_7", "Province": "Gauteng", "CLASSIFICATION": "Mining", "PopGBlack": 6950.8552696999996, "PopGColour": 12.738332572, "PopGIndian": 3.890182824, "PopGWhite": 8.554658576, "PopGOther": 4.2248774, "PopGTotal": 6980.263321 }, "geometry": { "type": "Polygon", "coordinates": [ [ [ 27.331617007817989, -26.323299117959923 ], [ 27.332187224759924, -26.324189391926829 ], [ 27.332521997391584, -26.324034882104112 ], [ 27.332713295781339, -26.323895086089347 ], [ 27.332941381838666, -26.323795757767947 ], [ 27.333219804749529, -26.323646069210671 ], [ 27.333467987057301, -26.323549562062627 ], [ 27.333651812080859, -26.32354249159264 ], [ 27.334047743108201, -26.323570772573127 ], [ 27.334372972134311, -26.323493001001186 ], [ 27.336854609951608, -26.327735116582399 ], [ 27.336020997770184, -26.327972000707256 ], [ 27.335784998578177, -26.328061003012866 ], [ 27.335511998579211, -26.328162996025391 ], [ 27.335434997726317, -26.328192000960019 ], [ 27.335318004021996, -26.328236000291135 ], [ 27.335244003307462, -26.328264997131882 ], [ 27.335121000333256, -26.328310998353913 ], [ 27.335050997105149, -26.328337003150182 ], [ 27.334875003378002, -26.328403998145955 ], [ 27.334692003032899, -26.328471998583861 ], [ 27.334507000796791, -26.328542001811964 ], [ 27.334327000589873, -26.328610003149151 ], [ 27.334138998215497, -26.328681002826041 ], [ 27.333955001421518, -26.328750000612011 ], [ 27.333769999185495, -26.328818999297354 ], [ 27.333586000592778, -26.328889003424742 ], [ 27.333400001008595, -26.328958997659598 ], [ 27.333328003084262, -26.328985999804029 ], [ 27.333205998357499, -26.329032001925341 ], [ 27.333029995637101, -26.329097998673674 ], [ 27.332843996052919, -26.329168002801058 ], [ 27.332662002049052, -26.329237000587117 ], [ 27.332475004217432, -26.329305999272371 ], [ 27.332293002119684, -26.329374996159157 ], [ 27.331818003597302, -26.329553999017822 ], [ 27.330780999842609, -26.329944998163146 ], [ 27.330641000581004, -26.329997997009968 ], [ 27.330678002287321, -26.330105998393091 ], [ 27.330715002194903, -26.33021300242806 ], [ 27.331181996751084, -26.331555011254704 ], [ 27.331649000300434, -26.332898001241745 ], [ 27.331658998063673, -26.332932001010967 ], [ 27.3295659986712, -26.33352299588951 ], [ 27.328867999757687, -26.33371999957825 ], [ 27.327774997017809, -26.334027996694683 ], [ 27.328106739833519, -26.334845800593239 ], [ 27.329311155085051, -26.337460791682155 ], [ 27.329463063169207, -26.337775459070127 ], [ 27.332224003434334, -26.343587543630157 ], [ 27.332139805307108, -26.343651364918497 ], [ 27.329570746192328, -26.345270055568555 ], [ 27.327948379113689, -26.346300657948966 ], [ 27.325010980171907, -26.348154016794471 ], [ 27.324075213099903, -26.348744440603419 ], [ 27.323977999984027, -26.348753000350644 ], [ 27.322456999989896, -26.349683000070364 ], [ 27.318305481212246, -26.352242522774191 ], [ 27.317602083668476, -26.351543609250161 ], [ 27.315300250905143, -26.350083684914065 ], [ 27.31502779679467, -26.349910882880945 ], [ 27.314915038897251, -26.349839366993155 ], [ 27.315294478156908, -26.348335201408357 ], [ 27.315328680273691, -26.348206862756474 ], [ 27.315491764232828, -26.348003101561886 ], [ 27.3160717190339, -26.347422962399754 ], [ 27.317293563146723, -26.34660359907679 ], [ 27.317411999363557, -26.346570482441845 ], [ 27.31768851661106, -26.346641266281434 ], [ 27.317959560584548, -26.34673400886739 ], [ 27.318700000304041, -26.347099999665243 ], [ 27.319280000071281, -26.347210000241272 ], [ 27.320240000275057, -26.347370000425126 ], [ 27.320639002487219, -26.346791854160752 ], [ 27.320455982357053, -26.345066236817331 ], [ 27.320639999835379, -26.344899999835118 ], [ 27.321749999762023, -26.343629999724705 ], [ 27.322700000403998, -26.342539999821131 ], [ 27.323249999687004, -26.341859999939039 ], [ 27.324570000304533, -26.341559999594285 ], [ 27.324889249738444, -26.341515505636089 ], [ 27.324277000282599, -26.340208001098375 ], [ 27.324224997884656, -26.340094996786608 ], [ 27.324174999176194, -26.339988000845516 ], [ 27.32412299677825, -26.339876001975867 ], [ 27.324099010959937, -26.339824997825371 ], [ 27.324072998069695, -26.339768000592741 ], [ 27.324022002013074, -26.339657997318696 ], [ 27.323973997101561, -26.339554000616598 ], [ 27.323923001044943, -26.339445001885316 ], [ 27.323910003143428, -26.339414999602528 ], [ 27.32387300233648, -26.339337001401468 ], [ 27.323852997816928, -26.339291000179447 ], [ 27.323823002728737, -26.33922699722806 ], [ 27.323772995926301, -26.339120001286975 ], [ 27.32372400265988, -26.339012997252002 ], [ 27.323675001299581, -26.338905012056649 ], [ 27.323623997149074, -26.338797999927717 ], [ 27.323598000446687, -26.338741002695091 ], [ 27.323572010938808, -26.338685992964187 ], [ 27.323522004136549, -26.338577999674943 ], [ 27.3233150017852, -26.338655001427114 ], [ 27.323175003422968, -26.33870800027394 ], [ 27.323133997035615, -26.338723999213176 ], [ 27.323012996851606, -26.338769003086956 ], [ 27.322828002709464, -26.338838000873025 ], [ 27.322596999251417, -26.338339000344568 ], [ 27.322366002987962, -26.33783900336724 ], [ 27.322457998237336, -26.337694997626034 ], [ 27.322358997269202, -26.337560003091642 ], [ 27.32225899085903, -26.337424998664723 ], [ 27.321763995910977, -26.337164001017843 ], [ 27.321698995611431, -26.337087996613736 ], [ 27.321415997849318, -26.336475999867485 ], [ 27.321093000041259, -26.335775000815605 ], [ 27.320931009657667, -26.335431001139749 ], [ 27.320770001333834, -26.33508799791278 ], [ 27.320625997391197, -26.335142002201643 ], [ 27.319692007379555, -26.335493001300932 ], [ 27.318756995738017, -26.335843998601579 ], [ 27.318200998876311, -26.334602004278988 ], [ 27.317688003098187, -26.333490001562236 ], [ 27.317178995813329, -26.332387008253733 ], [ 27.317419997933904, -26.332300997992597 ], [ 27.317882995902846, -26.332111998270062 ], [ 27.317849665229158, -26.332047491698326 ], [ 27.319930451828188, -26.331336979617866 ], [ 27.319666694161896, -26.330741641013944 ], [ 27.320082998430916, -26.330601997883818 ], [ 27.320990001586608, -26.330297999153274 ], [ 27.32106535038492, -26.330270084196961 ], [ 27.320665884122537, -26.329099719076776 ], [ 27.320582871301745, -26.328911342584416 ], [ 27.320518711868331, -26.328777342700157 ], [ 27.320890145363233, -26.328672220046911 ], [ 27.322459976745812, -26.328153615197181 ], [ 27.323539236945511, -26.327796197636388 ], [ 27.330670105340406, -26.325439739152664 ], [ 27.329832535242684, -26.324754453954831 ], [ 27.328823643395815, -26.324183382656944 ], [ 27.328119323147558, -26.323612313157696 ], [ 27.327971819942885, -26.323321093793432 ], [ 27.328394996830905, -26.323067002040542 ], [ 27.329778390659552, -26.322256927814891 ], [ 27.330077619385975, -26.322280481958593 ], [ 27.330259525256249, -26.322294800964219 ], [ 27.330763523317319, -26.322375734552502 ], [ 27.331065185609177, -26.32260750063562 ], [ 27.331201301598146, -26.322714186310588 ], [ 27.331617007817989, -26.323299117959923 ] ] ] } },
{ "type": "Feature", "properties": { "Municipali": "Merafong City Local Municipality", "WardNo": "8", "WardLabel": "GT484_8", "Province": "Gauteng", "CLASSIFICATION": "Mining", "PopGBlack": 5853.5187279000002, "PopGColour": 20.74352774, "PopGIndian": 0.733547984, "PopGWhite": 5.14410328, "PopGOther": 14.0378154, "PopGTotal": 5894.1777223 }, "geometry": { "type": "Polygon", "coordinates": [ [ [ 27.316114946746694, -26.323536438255953 ], [ 27.316166634382018, -26.323654364557214 ], [ 27.316500595825143, -26.323486451238676 ], [ 27.317421096905392, -26.323023628637539 ], [ 27.319853966286821, -26.321806213685758 ], [ 27.320276841902057, -26.321574187698538 ], [ 27.322096431204674, -26.324309018846126 ], [ 27.322284772623401, -26.324411248380379 ], [ 27.32246399761469, -26.324683998367782 ], [ 27.322556998306105, -26.324882995853557 ], [ 27.322165999160866, -26.324909000649832 ], [ 27.321922347637553, -26.324924540035433 ], [ 27.321906330711901, -26.325322311075809 ], [ 27.322025470198533, -26.325343335426599 ], [ 27.322382886860048, -26.325399400961565 ], [ 27.322312805390972, -26.326408577893545 ], [ 27.322424935561632, -26.326688905568574 ], [ 27.322544075048263, -26.326955216410042 ], [ 27.323076696731469, -26.326801035739141 ], [ 27.323539236945511, -26.327796197636388 ], [ 27.322459976745812, -26.328153615197181 ], [ 27.320890145363233, -26.328672220046911 ], [ 27.320518711868331, -26.328777342700157 ], [ 27.320273426276941, -26.328847424169233 ], [ 27.318782756818134, -26.327068849347857 ], [ 27.318680002979093, -26.327120000087938 ], [ 27.31543077490964, -26.328300785652736 ], [ 27.315416821928114, -26.328267053881405 ], [ 27.31482894409983, -26.326845811185244 ], [ 27.314802263013334, -26.32678130641208 ], [ 27.314795527091203, -26.326778274797469 ], [ 27.314007449383574, -26.327040966767164 ], [ 27.313858971313735, -26.326778274797476 ], [ 27.311902661677756, -26.327419688367822 ], [ 27.311933693684324, -26.327557919562306 ], [ 27.311985997355137, -26.327842998355685 ], [ 27.310826401616417, -26.328230705082941 ], [ 27.310729001441555, -26.328012999000617 ], [ 27.310210003588061, -26.326862999028133 ], [ 27.310157004741239, -26.326745997229928 ], [ 27.310205000659501, -26.326695008367896 ], [ 27.310273999344933, -26.326635002903043 ], [ 27.310332001120226, -26.326567003364499 ], [ 27.310425000912268, -26.326490000712962 ], [ 27.310508002941255, -26.326382996677903 ], [ 27.310605001119189, -26.326283996609135 ], [ 27.310692997982763, -26.326207003850129 ], [ 27.310795006283769, -26.326109000230154 ], [ 27.310915998373897, -26.326037999653884 ], [ 27.311072003769251, -26.32594100237532 ], [ 27.31120699920293, -26.325842001407189 ], [ 27.311328995835812, -26.325743997787214 ], [ 27.31146900319121, -26.325632997165005 ], [ 27.311799996871677, -26.325406995736234 ], [ 27.311882000653043, -26.325340000740471 ], [ 27.312050996755399, -26.325241998019777 ], [ 27.312235001643259, -26.325170997443504 ], [ 27.312813995968369, -26.32494799705238 ], [ 27.313085997719892, -26.324847001388012 ], [ 27.313751999654293, -26.32459999899072 ], [ 27.313844002098268, -26.324544995555048 ], [ 27.313931998961841, -26.32449000201191 ], [ 27.314043001382696, -26.324443004341081 ], [ 27.314086001567002, -26.324426997308059 ], [ 27.313975998292953, -26.324082996732827 ], [ 27.313733997924942, -26.323566002568903 ], [ 27.313603998225226, -26.323261994845197 ], [ 27.313510998433092, -26.323056996183425 ], [ 27.313441002399589, -26.32286999925099 ], [ 27.313396005720406, -26.322701003148726 ], [ 27.313368996381374, -26.322584009444402 ], [ 27.313342998779614, -26.322528000566681 ], [ 27.313317002077227, -26.322470997038838 ], [ 27.313237998434218, -26.322330997777321 ], [ 27.313211004383668, -26.322209997593308 ], [ 27.313203000417378, -26.32210199710946 ], [ 27.313160996681955, -26.322001998793176 ], [ 27.313109003277173, -26.321902997825038 ], [ 27.31306300205523, -26.321824002275829 ], [ 27.31303500166327, -26.321710997964139 ], [ 27.312989001340611, -26.321598000847047 ], [ 27.312932004107985, -26.321545999348388 ], [ 27.312890000372473, -26.321509995889517 ], [ 27.312875996129552, -26.321449999417894 ], [ 27.312871991448521, -26.321372000317567 ], [ 27.31284499559932, -26.321288999187949 ], [ 27.312788996614138, -26.321153994761026 ], [ 27.312704998136454, -26.320966997828688 ], [ 27.312647174426811, -26.320812315336003 ], [ 27.314332769241208, -26.320292291356125 ], [ 27.3145802329907, -26.320197111607332 ], [ 27.314588912347755, -26.32015046107492 ], [ 27.314986812890407, -26.32001568777368 ], [ 27.315003275879778, -26.320010111977062 ], [ 27.315795199987758, -26.321888303802147 ], [ 27.315444790843745, -26.322007443288872 ], [ 27.316114946746694, -26.323536438255953 ] ] ] } },
{ "type": "Feature", "properties": { "Municipali": "Merafong City Local Municipality", "WardNo": "9", "WardLabel": "GT484_9", "Province": "Gauteng", "CLASSIFICATION": "Mining", "PopGBlack": 7318.7543176999998, "PopGColour": 11.016002172, "PopGIndian": 9.215984064000001, "PopGWhite": 1.184962128, "PopGOther": 8.4497548, "PopGTotal": 7348.6210208000002 }, "geometry": { "type": "Polygon", "coordinates": [ [ [ 27.32585578711419, -26.311044268678078 ], [ 27.326135101253296, -26.311467603846772 ], [ 27.326632063018724, -26.311235689375501 ], [ 27.327533680134628, -26.312618168593623 ], [ 27.327086630742812, -26.312858650006632 ], [ 27.326468002395682, -26.313175000925515 ], [ 27.326073917676514, -26.313334258269357 ], [ 27.326046929921194, -26.313384634693019 ], [ 27.326008193422741, -26.313456942883562 ], [ 27.325894270903145, -26.313627825763401 ], [ 27.32578473078004, -26.313798710442086 ], [ 27.325759986833233, -26.313773049186739 ], [ 27.325725041014554, -26.313736809170241 ], [ 27.325680000231184, -26.313809999631751 ], [ 27.326649999996761, -26.31536999962573 ], [ 27.326785543117666, -26.315417439762982 ], [ 27.326714000250213, -26.315455999994342 ], [ 27.326262000090512, -26.315738000408384 ], [ 27.3255471361907, -26.316285502274088 ], [ 27.325486115391264, -26.316327747027835 ], [ 27.325253117236894, -26.31652281537562 ], [ 27.324933422638633, -26.31678290470721 ], [ 27.324873819170694, -26.31701048444625 ], [ 27.324787121827523, -26.317384364097141 ], [ 27.324808797287435, -26.317676964819995 ], [ 27.324879237586096, -26.318061682200877 ], [ 27.324900912146735, -26.318403049561031 ], [ 27.324819634118157, -26.318581861763498 ], [ 27.324662495577044, -26.318787766941835 ], [ 27.324256105434262, -26.319307947403821 ], [ 27.324131478284418, -26.319492178021605 ], [ 27.324180244921635, -26.319654734078664 ], [ 27.324153152845053, -26.319752268252561 ], [ 27.323996015203221, -26.319817291035097 ], [ 27.323865969638153, -26.319741431421921 ], [ 27.322310102928185, -26.321295666761554 ], [ 27.322224258142239, -26.321286535045466 ], [ 27.322104167172895, -26.321273759276576 ], [ 27.32153017487698, -26.3210809680122 ], [ 27.321333002115662, -26.321054678130906 ], [ 27.321314426618784, -26.321059321330598 ], [ 27.321135827555686, -26.321102876396633 ], [ 27.319853966286821, -26.321806213685758 ], [ 27.317421096905392, -26.323023628637539 ], [ 27.316500595825143, -26.323486451238676 ], [ 27.316166634382018, -26.323654364557214 ], [ 27.316114946746694, -26.323536438255953 ], [ 27.315444790843745, -26.322007443288872 ], [ 27.315795199987758, -26.321888303802147 ], [ 27.315003275879778, -26.320010111977062 ], [ 27.314986812890407, -26.32001568777368 ], [ 27.314588912347755, -26.32015046107492 ], [ 27.3145802329907, -26.320197111607332 ], [ 27.314332769241208, -26.320292291356125 ], [ 27.312647174426811, -26.320812315336003 ], [ 27.312585003394489, -26.320646001911452 ], [ 27.312375999152309, -26.320067000391752 ], [ 27.312067003788524, -26.319300002792808 ], [ 27.311789659164724, -26.318558766273974 ], [ 27.313371009963479, -26.317711451122513 ], [ 27.316646991065074, -26.315957917923516 ], [ 27.316767531695533, -26.315893208104942 ], [ 27.322542806105005, -26.312792889780031 ], [ 27.322570771178462, -26.312777877513934 ], [ 27.322585763676194, -26.312769829211827 ], [ 27.322613817472995, -26.312754769317159 ], [ 27.322614139387753, -26.312754596567604 ], [ 27.32261444070317, -26.312754434769296 ], [ 27.322614579198785, -26.312754360125542 ], [ 27.322615330132678, -26.31275395543069 ], [ 27.322621855368677, -26.312750472655736 ], [ 27.322735157529571, -26.312689928313475 ], [ 27.32275313967974, -26.312680319340132 ], [ 27.322821648787464, -26.312643710692818 ], [ 27.322841260708973, -26.312633230831842 ], [ 27.322903147837462, -26.312600160716922 ], [ 27.32311282524303, -26.312488117129448 ], [ 27.323424818761875, -26.312321399723704 ], [ 27.323473247970078, -26.31229552100676 ], [ 27.323523525821823, -26.312268654445333 ], [ 27.323707917514493, -26.312170122575917 ], [ 27.325235398419458, -26.311353895191306 ], [ 27.325259717476982, -26.311340873565921 ], [ 27.32526202798681, -26.311339665358702 ], [ 27.325294259112844, -26.311322442274143 ], [ 27.325319099283831, -26.311309168634175 ], [ 27.325324428802347, -26.311306320742744 ], [ 27.325325896334931, -26.311305536549227 ], [ 27.325330709114972, -26.311302964783238 ], [ 27.32533540656469, -26.311300454645274 ], [ 27.325340225312939, -26.311297879689825 ], [ 27.325342218802934, -26.311296814444948 ], [ 27.325363368469304, -26.311285512869897 ], [ 27.325369893420728, -26.311282026184557 ], [ 27.325381449892419, -26.311275850846808 ], [ 27.325383512888951, -26.311274748460267 ], [ 27.325394807295247, -26.311268713160192 ], [ 27.325402096309087, -26.311264818189258 ], [ 27.325402732080523, -26.311264478457108 ], [ 27.325404692088675, -26.311263431103534 ], [ 27.325413811048488, -26.311258558279334 ], [ 27.325420490961108, -26.311254988788765 ], [ 27.325428620027949, -26.311250644925547 ], [ 27.325440452165001, -26.311244322282604 ], [ 27.325454559944653, -26.311236783623308 ], [ 27.325465046637589, -26.311231179934676 ], [ 27.325472326556124, -26.311227289823695 ], [ 27.325473493843727, -26.311226666069661 ], [ 27.325474131139277, -26.311226325523236 ], [ 27.325474297084757, -26.311226236848295 ], [ 27.325474575290482, -26.311226088185887 ], [ 27.325483653309174, -26.311221237238772 ], [ 27.325486213098177, -26.311219869385287 ], [ 27.32550134101789, -26.311211785601966 ], [ 27.32550302082938, -26.311210887974745 ], [ 27.325521047848191, -26.311201255023427 ], [ 27.325525957068248, -26.311198631723446 ], [ 27.325535880406843, -26.31119332906966 ], [ 27.325544278858377, -26.311188841257586 ], [ 27.325553418005061, -26.311183957646026 ], [ 27.325558419123158, -26.311181285239368 ], [ 27.325566249846606, -26.311177100799377 ], [ 27.325583726968752, -26.311167761691756 ], [ 27.325594052373997, -26.311162244189031 ], [ 27.325599860748579, -26.311159140415267 ], [ 27.325600596636551, -26.311158747184749 ], [ 27.325602860484683, -26.311157537470638 ], [ 27.325611082080886, -26.311153144163239 ], [ 27.325616427052818, -26.311150288014048 ], [ 27.325661687649866, -26.311126102477193 ], [ 27.325673944594303, -26.311119552833517 ], [ 27.325682820728264, -26.311114809766064 ], [ 27.325694029163689, -26.311108820405593 ], [ 27.325705015212382, -26.311102949880279 ], [ 27.325717609905315, -26.31109621975671 ], [ 27.325730862462766, -26.311089138095326 ], [ 27.325741578512147, -26.311083411847143 ], [ 27.325745406778562, -26.311081366167599 ], [ 27.325773836626194, -26.311066174341402 ], [ 27.325786662403434, -26.311059320735097 ], [ 27.325787160646126, -26.311059054493221 ], [ 27.32579549229332, -26.31105460237881 ], [ 27.325807345536862, -26.31104826845743 ], [ 27.325839258479018, -26.311031215398376 ], [ 27.325844672228644, -26.311028322496991 ], [ 27.325844885503731, -26.311028208530992 ], [ 27.325845111262165, -26.311028088075702 ], [ 27.32585578711419, -26.311044268678078 ] ] ] } },
{ "type": "Feature", "properties": { "Municipali": "Merafong City Local Municipality", "WardNo": "10", "WardLabel": "GT484_10", "Province": "Gauteng", "CLASSIFICATION": "Mining", "PopGBlack": 6811.7145448000001, "PopGColour": 10.50816126, "PopGIndian": 23.616702448000002, "PopGWhite": 1.015681824, "PopGOther": 13.6402187, "PopGTotal": 6860.495309 }, "geometry": { "type": "Polygon", "coordinates": [ [ [ 27.32753368013454, -26.312618168593623 ], [ 27.329000960924922, -26.314867999858301 ], [ 27.330738890886465, -26.317532825979132 ], [ 27.334372972134311, -26.323493001001186 ], [ 27.334047743108201, -26.323570772573127 ], [ 27.333651812080859, -26.32354249159264 ], [ 27.333467987057301, -26.323549562062627 ], [ 27.333219804749529, -26.323646069210671 ], [ 27.332941381838666, -26.323795757767947 ], [ 27.332713295781339, -26.323895086089347 ], [ 27.332521997391584, -26.324034882104112 ], [ 27.332187224759924, -26.324189391926829 ], [ 27.331617007817989, -26.323299117959923 ], [ 27.331201301598146, -26.322714186310588 ], [ 27.331065185609177, -26.32260750063562 ], [ 27.330763523317319, -26.322375734552502 ], [ 27.330259525256249, -26.322294800964219 ], [ 27.330077619385975, -26.322280481958593 ], [ 27.329778390659552, -26.322256927814891 ], [ 27.328394996830905, -26.323067002040542 ], [ 27.327971819942885, -26.323321093793432 ], [ 27.328119323147558, -26.323612313157696 ], [ 27.328823643395815, -26.324183382656944 ], [ 27.329832535242684, -26.324754453954831 ], [ 27.330670105340406, -26.325439739152664 ], [ 27.323539236945511, -26.327796197636388 ], [ 27.323076696731469, -26.326801035739141 ], [ 27.322544075048263, -26.326955216410042 ], [ 27.322424935561632, -26.326688905568574 ], [ 27.322312805390972, -26.326408577893545 ], [ 27.322382886860048, -26.325399400961565 ], [ 27.322025470198533, -26.325343335426599 ], [ 27.321906330711901, -26.325322311075809 ], [ 27.321922347637553, -26.324924540035433 ], [ 27.322165999160866, -26.324909000649832 ], [ 27.322556998306105, -26.324882995853557 ], [ 27.32246399761469, -26.324683998367782 ], [ 27.322284772623401, -26.324411248380379 ], [ 27.322096431204674, -26.324309018846126 ], [ 27.320276841902057, -26.321574187698538 ], [ 27.321135827555686, -26.321102876396633 ], [ 27.321314426618784, -26.321059321330598 ], [ 27.321333002115662, -26.321054678130906 ], [ 27.32153017487698, -26.3210809680122 ], [ 27.322104167172895, -26.321273759276576 ], [ 27.322224258142239, -26.321286535045466 ], [ 27.322310102928185, -26.321295666761554 ], [ 27.323865969638153, -26.319741431421921 ], [ 27.323996015203221, -26.319817291035097 ], [ 27.324153152845053, -26.319752268252561 ], [ 27.324180244921635, -26.319654734078664 ], [ 27.324131478284418, -26.319492178021605 ], [ 27.324256105434262, -26.319307947403821 ], [ 27.324662495577044, -26.318787766941835 ], [ 27.324819634118157, -26.318581861763498 ], [ 27.324900912146735, -26.318403049561031 ], [ 27.324879237586096, -26.318061682200877 ], [ 27.324808797287435, -26.317676964819995 ], [ 27.324787121827523, -26.317384364097141 ], [ 27.324873819170694, -26.31701048444625 ], [ 27.324933422638633, -26.31678290470721 ], [ 27.325253117236894, -26.31652281537562 ], [ 27.325486115391264, -26.316327747027835 ], [ 27.3255471361907, -26.316285502274088 ], [ 27.326262000090512, -26.315738000408384 ], [ 27.326714000250213, -26.315455999994342 ], [ 27.326785543210836, -26.315417439935818 ], [ 27.326649999996761, -26.31536999962573 ], [ 27.325680000231184, -26.313809999631751 ], [ 27.325725040977161, -26.313736809206297 ], [ 27.325759986833233, -26.313773049186825 ], [ 27.32578473078004, -26.313798710442086 ], [ 27.325894270903145, -26.313627825763493 ], [ 27.326008193422741, -26.313456942883562 ], [ 27.326046929921194, -26.313384634693104 ], [ 27.326073917676514, -26.313334258269357 ], [ 27.326468002395682, -26.313175000925515 ], [ 27.327086630742723, -26.312858650006628 ], [ 27.32753368013454, -26.312618168593623 ] ] ] } },
{ "type": "Feature", "properties": { "Municipali": "Merafong City Local Municipality", "WardNo": "11", "WardLabel": "GT484_11", "Province": "Gauteng", "CLASSIFICATION": "Mining", "PopGBlack": 5502.4431211000001, "PopGColour": 14.925449668000001, "PopGIndian": 7.58287196, "PopGWhite": 91.849493416000001, "PopGOther": 3.0, "PopGTotal": 5619.8009362000003 }, "geometry": { "type": "Polygon", "coordinates": [ [ [ 27.375530335855682, -26.429198280975921 ], [ 27.376203139362815, -26.429357629151291 ], [ 27.376787416305643, -26.429269102586989 ], [ 27.377318575691188, -26.429109754411623 ], [ 27.377619566189491, -26.429127460264141 ], [ 27.378097610715589, -26.429092048559195 ], [ 27.378557951187908, -26.428985817041831 ], [ 27.379891450629362, -26.429188740967572 ], [ 27.380055550822441, -26.428887890763548 ], [ 27.386881337703059, -26.426772857981039 ], [ 27.387399542354427, -26.426846886574598 ], [ 27.391853193769293, -26.433265386688227 ], [ 27.392361002257889, -26.433115002955034 ], [ 27.392846995891581, -26.432973001802594 ], [ 27.393158001240167, -26.432871998044256 ], [ 27.393508992245671, -26.432759001826451 ], [ 27.395281002915432, -26.432229001667139 ], [ 27.395730993989609, -26.432066005841502 ], [ 27.396115002704658, -26.431948995949419 ], [ 27.396166997008724, -26.431931003213229 ], [ 27.398295325368416, -26.431226801675521 ], [ 27.397938444702952, -26.431803300381983 ], [ 27.397771823710123, -26.432072457577895 ], [ 27.397556151894339, -26.432461935070283 ], [ 27.397140761336566, -26.433212082071869 ], [ 27.396477397113632, -26.434410040191235 ], [ 27.39636506639415, -26.434906302284073 ], [ 27.396364392801946, -26.434909280838639 ], [ 27.396364296574475, -26.434909703519995 ], [ 27.396363201200192, -26.434914546369225 ], [ 27.396363069899181, -26.434915125532612 ], [ 27.396361529360551, -26.434921931601824 ], [ 27.396358763945273, -26.434934146193839 ], [ 27.396357029153055, -26.434941812015051 ], [ 27.396355216119776, -26.434949820477833 ], [ 27.396354144127947, -26.434954558106352 ], [ 27.396353819472623, -26.434955991625703 ], [ 27.396352635964842, -26.434961219384718 ], [ 27.396350015340413, -26.434972798156089 ], [ 27.396349172675627, -26.434976521349391 ], [ 27.396346753499305, -26.434987207993316 ], [ 27.396346680654286, -26.43498753084981 ], [ 27.396346396468456, -26.434988785404144 ], [ 27.396344588831127, -26.434996772283213 ], [ 27.396343104949839, -26.435003325642931 ], [ 27.396341496961966, -26.43501043298512 ], [ 27.396232884039843, -26.435490272558088 ], [ 27.396142337598299, -26.435890295500766 ], [ 27.396113950497895, -26.436015705060743 ], [ 27.396068324293125, -26.436546645910958 ], [ 27.396011921512454, -26.437202996321254 ], [ 27.395944397715237, -26.437988750180651 ], [ 27.395645227444721, -26.440750325367222 ], [ 27.395449470216338, -26.442557315167942 ], [ 27.3953251173597, -26.443467922806395 ], [ 27.395271479094937, -26.443860699911369 ], [ 27.395220091833203, -26.444236996040559 ], [ 27.395167595707445, -26.444422852632545 ], [ 27.394721225303783, -26.446003174606886 ], [ 27.394307329419107, -26.447468521854795 ], [ 27.393390136045408, -26.450809724489179 ], [ 27.393263586144982, -26.451270726862514 ], [ 27.393241329723033, -26.451351803442993 ], [ 27.39209918892589, -26.451960944841733 ], [ 27.390408706296185, -26.452888662981373 ], [ 27.38998765450604, -26.45353697075462 ], [ 27.389982432065963, -26.453545043096174 ], [ 27.391315364112213, -26.457356106399246 ], [ 27.390920000556982, -26.457467999148797 ], [ 27.389156001048029, -26.457902996725871 ], [ 27.388703999089763, -26.457895001752917 ], [ 27.388139000913604, -26.45777299612687 ], [ 27.387835002182975, -26.458915999373851 ], [ 27.387178990817208, -26.45969300193055 ], [ 27.386768003340091, -26.460120003635293 ], [ 27.385944001314012, -26.460714996899558 ], [ 27.384968997720502, -26.461370001924092 ], [ 27.384192003257773, -26.461979995880153 ], [ 27.383154998603715, -26.462695995623726 ], [ 27.382424005362928, -26.463001000695588 ], [ 27.381789238681844, -26.463203993869239 ], [ 27.381660998055992, -26.463245003853807 ], [ 27.381620367585271, -26.463257611449656 ], [ 27.380532997299365, -26.463594996611775 ], [ 27.379991163860534, -26.463768989347376 ], [ 27.379774595420642, -26.463431653647913 ], [ 27.379455867593666, -26.462826073564404 ], [ 27.379404873335606, -26.462615714043942 ], [ 27.379381916341789, -26.462300053804398 ], [ 27.379236448302841, -26.462347352748179 ], [ 27.378188721931398, -26.462688024932419 ], [ 27.377465002407355, -26.462943996268461 ], [ 27.376833001141456, -26.463175997973945 ], [ 27.376085999968272, -26.463496003737614 ], [ 27.37597825489194, -26.463535718698445 ], [ 27.374528528867913, -26.464070087764327 ], [ 27.373392759767452, -26.464538984386657 ], [ 27.372965544024048, -26.464778641121381 ], [ 27.372454969220808, -26.465122497805044 ], [ 27.371986072598563, -26.465508035367534 ], [ 27.37149633778515, -26.466049869705731 ], [ 27.3713400392108, -26.466487504994365 ], [ 27.371350458756027, -26.466914720737773 ], [ 27.371444238260366, -26.46730025830027 ], [ 27.371444238260366, -26.467696213609337 ], [ 27.371350458756027, -26.46801923120255 ], [ 27.371225419716726, -26.468238048846903 ], [ 27.371100380677426, -26.46835266834098 ], [ 27.370798203973322, -26.46846728693577 ], [ 27.369308157744605, -26.468769463639788 ], [ 27.367984829635553, -26.469092481232995 ], [ 27.367578453881883, -26.469217520272384 ], [ 27.367359636237609, -26.469373818846641 ], [ 27.367442995297353, -26.469655155560925 ], [ 27.367620133861436, -26.470342868928242 ], [ 27.367588874326476, -26.470832604641025 ], [ 27.367505515266643, -26.47127024082894 ], [ 27.3675471952462, -26.471843335601463 ], [ 27.367557613892146, -26.47238517083894 ], [ 27.367599292972422, -26.473041623771845 ], [ 27.367599292972422, -26.473427161334435 ], [ 27.367401315317796, -26.473739757583758 ], [ 27.367119977704235, -26.474021096096692 ], [ 27.366890739615368, -26.474323272800799 ], [ 27.366703182405335, -26.474781748978533 ], [ 27.366536464285758, -26.475104764773079 ], [ 27.366432264336911, -26.475448622356019 ], [ 27.366421843892315, -26.475813319029417 ], [ 27.364688157831644, -26.476035919222277 ], [ 27.363355660234934, -26.477130470594751 ], [ 27.362594233036841, -26.478462969090735 ], [ 27.361975573213467, -26.479462343412425 ], [ 27.360500307342669, -26.480223769711149 ], [ 27.358977452047107, -26.477273238868918 ], [ 27.357073883152591, -26.473466101079719 ], [ 27.354837190083607, -26.471610120710505 ], [ 27.351886658341915, -26.469801730665335 ], [ 27.34974514322316, -26.468040930044811 ], [ 27.347746396378415, -26.467089145147966 ], [ 27.345938006333231, -26.466042183200162 ], [ 27.345604881259575, -26.464328971105132 ], [ 27.346604254681903, -26.461806742387246 ], [ 27.347984341703285, -26.459189334819939 ], [ 27.348983716024982, -26.457333355350091 ], [ 27.349730156021195, -26.456815511326784 ], [ 27.352339734990117, -26.453814043783037 ], [ 27.353088561787047, -26.452923928996093 ], [ 27.353348786017033, -26.452614606279052 ], [ 27.354407508399156, -26.451373587720912 ], [ 27.356237482173366, -26.449228100296573 ], [ 27.357660796008339, -26.447552374642335 ], [ 27.358053434617698, -26.447054565715629 ], [ 27.35836894736838, -26.446626869734242 ], [ 27.35863537961842, -26.446213197780843 ], [ 27.359750192716611, -26.444306097248599 ], [ 27.361780747682747, -26.440814729416235 ], [ 27.36211747094384, -26.440192521767457 ], [ 27.362615306850298, -26.439272604347263 ], [ 27.364291642244886, -26.436436258626394 ], [ 27.365719480568998, -26.4340203666466 ], [ 27.365827805708079, -26.433837082115666 ], [ 27.367633751395925, -26.430756351924085 ], [ 27.368271143198111, -26.429694031354448 ], [ 27.370169990651966, -26.426443937237948 ], [ 27.371822085720094, -26.427234069896446 ], [ 27.371917859920664, -26.427413644723895 ], [ 27.371917859920664, -26.427533361575353 ], [ 27.371822085720094, -26.427760824402508 ], [ 27.371917859920664, -26.427976314555242 ], [ 27.372060087702305, -26.428153666258709 ], [ 27.375530335855682, -26.429198280975921 ] ] ] } },
{ "type": "Feature", "properties": { "Municipali": "Merafong City Local Municipality", "WardNo": "12", "WardLabel": "GT484_12", "Province": "Gauteng", "CLASSIFICATION": "Mining", "PopGBlack": 13623.77333, "PopGColour": 105.73466748, "PopGIndian": 47.218748208000001, "PopGWhite": 419.39955436000002, "PopGOther": 36.1049503, "PopGTotal": 14232.23125 }, "geometry": { "type": "Polygon", "coordinates": [ [ [ 27.268545999597343, -26.364257000360229 ], [ 27.272209214382904, -26.368144735391194 ], [ 27.272606999812393, -26.367737001661219 ], [ 27.272928003823498, -26.367408010771047 ], [ 27.274677009835258, -26.365660002107361 ], [ 27.27537700434446, -26.364966998028446 ], [ 27.276007001920792, -26.364342003380756 ], [ 27.276076997954295, -26.364272996601446 ], [ 27.277272001800661, -26.363090002301682 ], [ 27.277781000092272, -26.362601996884631 ], [ 27.281156002846441, -26.362194002351274 ], [ 27.281219997703939, -26.362378995594131 ], [ 27.281296002108046, -26.362595995708634 ], [ 27.282748996268325, -26.365241002570166 ], [ 27.283289999633009, -26.36621899910752 ], [ 27.28550099907104, -26.370215997270364 ], [ 27.285674614091356, -26.370507402794345 ], [ 27.28567883281104, -26.370532331102122 ], [ 27.286702978958484, -26.376584102973929 ], [ 27.286852558697838, -26.376780427674515 ], [ 27.28706758120315, -26.377107635209185 ], [ 27.287254555652403, -26.37720112243381 ], [ 27.287441531001029, -26.377163726824524 ], [ 27.287834180402292, -26.376976752375185 ], [ 27.289666539178654, -26.376079270342053 ], [ 27.289872212331915, -26.376051224084645 ], [ 27.290021792071268, -26.376116665051963 ], [ 27.290171371810619, -26.376294291947907 ], [ 27.290343996677286, -26.376601996784714 ], [ 27.290870996698334, -26.376412997062086 ], [ 27.291765001952431, -26.376008991921459 ], [ 27.292890999918946, -26.375575997134501 ], [ 27.294345000420634, -26.374932999858014 ], [ 27.295923997693574, -26.374304996978005 ], [ 27.29967299521179, -26.372645997814534 ], [ 27.300457004386441, -26.372366998438139 ], [ 27.302637999743116, -26.371590011170014 ], [ 27.307105989948763, -26.369628998979074 ], [ 27.30722699822665, -26.369576998379777 ], [ 27.309860002736194, -26.368571998798622 ], [ 27.314568382624046, -26.366510849795858 ], [ 27.318756296065512, -26.364677541335443 ], [ 27.325475568142316, -26.36173609994108 ], [ 27.325622001153722, -26.361671997164926 ], [ 27.338190461120217, -26.356440576071716 ], [ 27.338346355898903, -26.356373864362318 ], [ 27.341739181417399, -26.363855936002626 ], [ 27.345578898946318, -26.362305958053526 ], [ 27.346873326442175, -26.365389738745478 ], [ 27.346838432746861, -26.36590150425101 ], [ 27.343206838124413, -26.367017899256602 ], [ 27.343211772704535, -26.367103389709634 ], [ 27.343266128628297, -26.368044987985787 ], [ 27.343726149841238, -26.37601373224793 ], [ 27.343759654084085, -26.377672181026316 ], [ 27.34421195821459, -26.38135762435488 ], [ 27.344329221715547, -26.381742920899072 ], [ 27.344647510673401, -26.386952796934008 ], [ 27.344647510673401, -26.388946287241314 ], [ 27.341341000286302, -26.389574999686456 ], [ 27.293201489056713, -26.399909247813451 ], [ 27.284612580405458, -26.401905499039543 ], [ 27.273356412967292, -26.40445533064895 ], [ 27.262486075371154, -26.406938062041863 ], [ 27.26103810392441, -26.407279634447505 ], [ 27.259982174836594, -26.4075889661578 ], [ 27.257248054153486, -26.407987692278088 ], [ 27.255254422652616, -26.408557301278417 ], [ 27.249900102007164, -26.409753478740026 ], [ 27.243976172361563, -26.41112053998086 ], [ 27.241242050779086, -26.411747109341604 ], [ 27.237938321095651, -26.412373678702174 ], [ 27.236286456254025, -26.412829366082359 ], [ 27.234691551772734, -26.413455935443022 ], [ 27.214978647245708, -26.426288434563489 ], [ 27.214839997866616, -26.426039996848289 ], [ 27.208509997337437, -26.414700003602256 ], [ 27.187951999883754, -26.377862999178017 ], [ 27.204530002656416, -26.363649996649965 ], [ 27.205960001152125, -26.362439999306481 ], [ 27.206319999767132, -26.362139997163005 ], [ 27.209069999779651, -26.359810002129819 ], [ 27.209389998348719, -26.359550000931652 ], [ 27.209609997702209, -26.359360002961679 ], [ 27.209810002428675, -26.359200000079884 ], [ 27.210120002335223, -26.358929993024681 ], [ 27.21030422395976, -26.358774114433754 ], [ 27.210939001432742, -26.358236997039736 ], [ 27.215509997287565, -26.354370000375159 ], [ 27.216649998597539, -26.353409996574005 ], [ 27.219750000361287, -26.350789998059849 ], [ 27.224409997622352, -26.346849998028908 ], [ 27.230460002326257, -26.34173000203792 ], [ 27.230760003570282, -26.34150000312254 ], [ 27.233009997612392, -26.339700008248684 ], [ 27.234810000580055, -26.338269995363863 ], [ 27.244508097969419, -26.332550469928201 ], [ 27.263301999686668, -26.350685000412415 ], [ 27.266559999743347, -26.358562000336033 ], [ 27.268545999597343, -26.364257000360229 ] ] ] } },
{ "type": "Feature", "properties": { "Municipali": "Merafong City Local Municipality", "WardNo": "13", "WardLabel": "GT484_13", "Province": "Gauteng", "CLASSIFICATION": "Mining", "PopGBlack": 5007.4357798000001, "PopGColour": 9.840325968, "PopGIndian": 20.855054984, "PopGWhite": 127.79165539, "PopGOther": 1.0, "PopGTotal": 5166.922816199999 }, "geometry": { "type": "Polygon", "coordinates": [ [ [ 27.448478733906029, -26.221059844036574 ], [ 27.450060000168495, -26.221440000055949 ], [ 27.461559999893719, -26.220539999921083 ], [ 27.468903227901258, -26.21999295760893 ], [ 27.469480001800299, -26.225529997111654 ], [ 27.46993000006908, -26.229769999286081 ], [ 27.469939998731601, -26.229880002560126 ], [ 27.469979998777543, -26.23024999983765 ], [ 27.470900000734026, -26.239060002317284 ], [ 27.470919998059067, -26.239290000333298 ], [ 27.471510002783965, -26.244954998074686 ], [ 27.471520001446486, -26.244979997429009 ], [ 27.472419998883421, -26.248540002419194 ], [ 27.47242999664666, -26.248590001127649 ], [ 27.473650000746538, -26.253069999980521 ], [ 27.473669997172298, -26.253140012201786 ], [ 27.475151997166488, -26.258659002311152 ], [ 27.475919999308196, -26.261384999418219 ], [ 27.475929997071347, -26.261419997434967 ], [ 27.476049999007913, -26.261999996302837 ], [ 27.476219993357621, -26.262779998997804 ], [ 27.476239996977892, -26.262850003125187 ], [ 27.476939998681605, -26.265229996866918 ], [ 27.477239992731118, -26.266530001958046 ], [ 27.47724999858815, -26.266570002903357 ], [ 27.477569997157214, -26.267789998909354 ], [ 27.477569997157214, -26.267820001192064 ], [ 27.478290003380568, -26.270464999959803 ], [ 27.478510002734055, -26.271400002608086 ], [ 27.478535002987659, -26.271475001570057 ], [ 27.478830002202407, -26.27282001143443 ], [ 27.478859996391314, -26.27293998908927 ], [ 27.479570012046032, -26.275629999824588 ], [ 27.48190999764785, -26.284440001404931 ], [ 27.483329996581759, -26.285079996744514 ], [ 27.483359999763831, -26.285090004400185 ], [ 27.485079992747071, -26.285724996811197 ], [ 27.485530008103076, -26.285909999946576 ], [ 27.485780003444034, -26.285999998700987 ], [ 27.486205009553188, -26.286219999853138 ], [ 27.486620002610621, -26.286390001397521 ], [ 27.487070001778768, -26.286579999367508 ], [ 27.488059990775596, -26.286950003839635 ], [ 27.488099999814789, -26.286970000265313 ], [ 27.488815003109494, -26.287270002408693 ], [ 27.490080002090082, -26.287729999339998 ], [ 27.490369998376355, -26.28784000261405 ], [ 27.491089995606462, -26.28820000212842 ], [ 27.494099996817059, -26.289410000371277 ], [ 27.494330002926947, -26.289509997788201 ], [ 27.497279998672678, -26.290720003225644 ], [ 27.497340004137545, -26.290739999651308 ], [ 27.497809998832086, -26.290940002579134 ], [ 27.500350004448858, -26.291970008708944 ], [ 27.503364999594673, -26.293195000448904 ], [ 27.507385002415617, -26.294859999889091 ], [ 27.5082949976157, -26.295240003023736 ], [ 27.508725000358179, -26.295415000302093 ], [ 27.508855000957173, -26.295464999010562 ], [ 27.509260004345425, -26.295629996727026 ], [ 27.509384003768425, -26.295684001015882 ], [ 27.510074996963176, -26.29597000701024 ], [ 27.510705002633472, -26.296230000114452 ], [ 27.511229999864319, -26.296450001266585 ], [ 27.511300003092334, -26.296474999721447 ], [ 27.512544999351935, -26.296989991095256 ], [ 27.513220000802043, -26.297269996812982 ], [ 27.513270000409875, -26.297290001332531 ], [ 27.513690003590469, -26.297460001977569 ], [ 27.51394999669467, -26.297569998057 ], [ 27.513989997639982, -26.297590002576555 ], [ 27.514784993832059, -26.297914995980303 ], [ 27.516460000028651, -26.298610002849422 ], [ 27.516519997399634, -26.298629999275104 ], [ 27.517939997232819, -26.299219996805483 ], [ 27.518410000021156, -26.299410001970067 ], [ 27.519630004121034, -26.299909999846673 ], [ 27.521519997749394, -26.300700001204163 ], [ 27.521550000931466, -26.300709999866683 ], [ 27.523389996750645, -26.301469998042005 ], [ 27.523420007127317, -26.301479988610652 ], [ 27.524929991325703, -26.302099997416988 ], [ 27.526060002966414, -26.30257000020541 ], [ 27.526020002021188, -26.305069995883617 ], [ 27.525999998400827, -26.305754996895622 ], [ 27.52585999913931, -26.313079998343252 ], [ 27.52585999913931, -26.313500002423201 ], [ 27.525802784270823, -26.316442824276958 ], [ 27.525792859352691, -26.316953337026902 ], [ 27.515647152293926, -26.330550359711388 ], [ 27.514987066099863, -26.331434992231159 ], [ 27.510620463663152, -26.337327273834678 ], [ 27.506174946616134, -26.343351081287437 ], [ 27.506691599037691, -26.343436160750205 ], [ 27.50391000044587, -26.345920000107949 ], [ 27.48883999976578, -26.358449999667737 ], [ 27.487773545912024, -26.360593847627953 ], [ 27.485414314818335, -26.360431142283382 ], [ 27.474713379818251, -26.359841266161563 ], [ 27.474475835590944, -26.359828172032493 ], [ 27.474044845392925, -26.359801234639288 ], [ 27.475014575361964, -26.355329704702118 ], [ 27.477250340330592, -26.350292497600734 ], [ 27.482852996168447, -26.34380400235289 ], [ 27.478592000220186, -26.343577003575867 ], [ 27.476743003086732, -26.343479000855261 ], [ 27.472531000404981, -26.343261003392598 ], [ 27.471049997758769, -26.343188997374387 ], [ 27.468665998436727, -26.335223998788543 ], [ 27.468579996269384, -26.334926000334629 ], [ 27.466411000566868, -26.327540004167862 ], [ 27.466150002919907, -26.3266519991904 ], [ 27.458998999603729, -26.328185003335271 ], [ 27.451887000783984, -26.330498010175106 ], [ 27.445693001130618, -26.331769999585877 ], [ 27.445507997995318, -26.331813000669467 ], [ 27.443963001390973, -26.332178003112311 ], [ 27.431160997381621, -26.33464600990547 ], [ 27.429901001329679, -26.335043002132821 ], [ 27.424728430072577, -26.335912924441946 ], [ 27.424727998397969, -26.335912997286968 ], [ 27.419611064598438, -26.337074721721031 ], [ 27.416518557784695, -26.337776829637022 ], [ 27.414204094942598, -26.338302295414575 ], [ 27.408835082072915, -26.339503678152219 ], [ 27.402073315230815, -26.341002749077649 ], [ 27.401822603130043, -26.341072619206003 ], [ 27.401424780828453, -26.341183487627816 ], [ 27.400907786664526, -26.341371974736859 ], [ 27.400404136641061, -26.341555598312226 ], [ 27.399848998631811, -26.341340997588986 ], [ 27.399829310673613, -26.341339787101457 ], [ 27.399362228883209, -26.34131106905058 ], [ 27.398659266611354, -26.341456037066393 ], [ 27.397395300951835, -26.341716699266218 ], [ 27.39662987986452, -26.341874549171102 ], [ 27.390101966432031, -26.343337579765461 ], [ 27.390076903225943, -26.343263197738342 ], [ 27.389805760327054, -26.342449768142224 ], [ 27.389772506995055, -26.342350008146315 ], [ 27.38951257864208, -26.341582040179055 ], [ 27.389028425920607, -26.340151585727092 ], [ 27.388690207086867, -26.33903546501471 ], [ 27.388453454262944, -26.338088451920541 ], [ 27.38800249641757, -26.336262070937824 ], [ 27.387686999854559, -26.334789998559604 ], [ 27.387550000731405, -26.334305999622149 ], [ 27.385804163031128, -26.32781679930585 ], [ 27.385344687706674, -26.326072670317505 ], [ 27.384903966844025, -26.324487949759082 ], [ 27.384703475584342, -26.323737448424492 ], [ 27.382223295568039, -26.314453352140465 ], [ 27.381309999856093, -26.308690000043473 ], [ 27.37995000009191, -26.299129999849598 ], [ 27.378570000304755, -26.291869999600799 ], [ 27.378225800979358, -26.289433319791854 ], [ 27.378368568354169, -26.28832687038873 ], [ 27.379069999979929, -26.287260000148844 ], [ 27.380010396761797, -26.286006896501064 ], [ 27.381259613539825, -26.28554290118387 ], [ 27.392719315543449, -26.282181389159767 ], [ 27.398320349004404, -26.280331882110659 ], [ 27.399909999646287, -26.279090000203393 ], [ 27.40183999961582, -26.275390000448191 ], [ 27.403599999839606, -26.271219999703213 ], [ 27.404750012402655, -26.268770929934455 ], [ 27.405206293333649, -26.267485035214328 ], [ 27.405135940270895, -26.267494098573813 ], [ 27.40724585141448, -26.262375852663428 ], [ 27.410679999881591, -26.254099999815168 ], [ 27.415230000163838, -26.243050000157389 ], [ 27.419119999687766, -26.233599999640266 ], [ 27.42383999971576, -26.222269999660806 ], [ 27.42783999981571, -26.217560000093908 ], [ 27.433279999771734, -26.212200000229778 ], [ 27.4340445988787, -26.211481066897715 ], [ 27.441538738521512, -26.216573915054155 ], [ 27.44364734834604, -26.218013715260771 ], [ 27.447528772834179, -26.220664027223112 ], [ 27.448478733906029, -26.221059844036574 ] ] ] } },
{ "type": "Feature", "properties": { "Municipali": "Merafong City Local Municipality", "WardNo": "14", "WardLabel": "GT484_14", "Province": "Gauteng", "CLASSIFICATION": "Mining", "PopGBlack": 4010.0229198000002, "PopGColour": 41.957568795999997, "PopGIndian": 6.54224092, "PopGWhite": 3181.745003, "PopGOther": 9.4856687, "PopGTotal": 7249.7534011999996 }, "geometry": { "type": "Polygon", "coordinates": [ [ [ 27.440653272330177, -26.417477137060214 ], [ 27.441896960975495, -26.417674054414114 ], [ 27.442601717394936, -26.417663689727576 ], [ 27.443068100412038, -26.417622233679122 ], [ 27.443641815716809, -26.417490295940429 ], [ 27.446974628575845, -26.416481612736266 ], [ 27.44823977144782, -26.41609871558326 ], [ 27.449721832596026, -26.415642697252697 ], [ 27.450053482781566, -26.41558051183118 ], [ 27.450314471435277, -26.415547051655121 ], [ 27.450861880670821, -26.415476871260655 ], [ 27.451413162387095, -26.41548243986276 ], [ 27.451887922589094, -26.415487235947182 ], [ 27.452727412739467, -26.415611604092298 ], [ 27.453105769215483, -26.415725898931136 ], [ 27.453722364195357, -26.415912162016713 ], [ 27.454603310394017, -26.416347452772779 ], [ 27.456095736228846, -26.41722839897152 ], [ 27.457356529979403, -26.418091047563813 ], [ 27.457671074160331, -26.418306261624693 ], [ 27.458510564310703, -26.419104295726704 ], [ 27.458914295158213, -26.419570139150633 ], [ 27.459318961300582, -26.420037061760976 ], [ 27.460065173768317, -26.42103201321687 ], [ 27.461329590887502, -26.422824996976022 ], [ 27.463360010056032, -26.425629998625549 ], [ 27.463938132038766, -26.426429479736736 ], [ 27.464453609046426, -26.426869521611135 ], [ 27.464843360832024, -26.427108402231042 ], [ 27.46549713828189, -26.427322136907136 ], [ 27.466377222030705, -26.427523299061001 ], [ 27.467043571103513, -26.427774752203046 ], [ 27.467596766577124, -26.428076495433892 ], [ 27.468124817006288, -26.428478818842439 ], [ 27.468615148969494, -26.429069731882624 ], [ 27.46909290930985, -26.42974865437693 ], [ 27.470186727734845, -26.431357950708861 ], [ 27.470853076807654, -26.432263180401492 ], [ 27.471519426779743, -26.432942101996435 ], [ 27.472298930350949, -26.433445007381149 ], [ 27.473091004645724, -26.433834759166839 ], [ 27.475039762674541, -26.43457654427209 ], [ 27.480408274621805, -26.436613309056931 ], [ 27.481590101601554, -26.437241940563151 ], [ 27.482319314184672, -26.437858000446436 ], [ 27.482678900010765, -26.438271523112324 ], [ 27.482822218670016, -26.438436340065035 ], [ 27.483249688921656, -26.439152980125929 ], [ 27.483399999809748, -26.439610002999252 ], [ 27.483538858730913, -26.440196507562828 ], [ 27.483626868185038, -26.441604642640169 ], [ 27.483828030338991, -26.445917053729023 ], [ 27.483901901551164, -26.447597648312787 ], [ 27.48392861141588, -26.448205272555349 ], [ 27.484054336637936, -26.449110502247887 ], [ 27.484230353747446, -26.449814568887277 ], [ 27.484345014610295, -26.450127683146061 ], [ 27.48455724202265, -26.450707226057684 ], [ 27.484784508797652, -26.45112001667545 ], [ 27.485173301006657, -26.451826190426406 ], [ 27.488819363022792, -26.456628934377829 ], [ 27.491420277923133, -26.459934073298868 ], [ 27.494161900750743, -26.463418019026424 ], [ 27.494664575909045, -26.463883912812385 ], [ 27.500100001013902, -26.468829998805415 ], [ 27.501113529765227, -26.469940534727929 ], [ 27.502118880081913, -26.471080749177275 ], [ 27.502609294782765, -26.471779589856293 ], [ 27.503430740036272, -26.473054669337582 ], [ 27.503087449026165, -26.473336657160981 ], [ 27.502695117085629, -26.473410219006482 ], [ 27.502413129262138, -26.473434739921391 ], [ 27.502204703284061, -26.473655427256187 ], [ 27.501984015949255, -26.473741248659778 ], [ 27.501783002183441, -26.473801003213786 ], [ 27.501040255702854, -26.474129051614501 ], [ 27.497684645929336, -26.475652519348333 ], [ 27.498102852264498, -26.476459061036881 ], [ 27.496678958366861, -26.477175986182878 ], [ 27.496061606157863, -26.477634021692758 ], [ 27.495374551993631, -26.478360905031796 ], [ 27.495283820291657, -26.47886145779006 ], [ 27.495306222403823, -26.479652970907949 ], [ 27.494605478759468, -26.479664405787741 ], [ 27.494541268964031, -26.47763107461445 ], [ 27.490638953224767, -26.477726252564587 ], [ 27.490234443564333, -26.477155183065253 ], [ 27.48685560969821, -26.475275408433387 ], [ 27.485903824801269, -26.475489560394969 ], [ 27.485756271234564, -26.47558618895151 ], [ 27.48575579909047, -26.475572860998721 ], [ 27.483847996187695, -26.475792998847833 ], [ 27.483784307099739, -26.475554891644986 ], [ 27.483594353196462, -26.47421729938883 ], [ 27.48365767086446, -26.473560374311823 ], [ 27.482810792783464, -26.473409994175924 ], [ 27.482098464971791, -26.473813646782382 ], [ 27.481291159758801, -26.473560374311823 ], [ 27.4798585901015, -26.473386250275304 ], [ 27.480032714138023, -26.472737240131544 ], [ 27.479019626054463, -26.470893102934372 ], [ 27.479811101400795, -26.4703944729266 ], [ 27.479573658796902, -26.469982906286184 ], [ 27.478948392553853, -26.470038309020762 ], [ 27.478885074885945, -26.469618827446936 ], [ 27.46952197495872, -26.470516070260484 ], [ 27.465665005735065, -26.470929995822669 ], [ 27.463106999288136, -26.471118997343854 ], [ 27.46261700007404, -26.471154999903362 ], [ 27.461140003008321, -26.471262003039051 ], [ 27.461091998996089, -26.471335996558988 ], [ 27.461079001094575, -26.471362998703501 ], [ 27.461058995675657, -26.471421001378168 ], [ 27.461039996598146, -26.471471998334074 ], [ 27.461039996598146, -26.471560999740319 ], [ 27.461057000979338, -26.471644001769299 ], [ 27.461079998442738, -26.471699004305606 ], [ 27.461101008404327, -26.471750000362228 ], [ 27.461181001301792, -26.471837997225794 ], [ 27.461221999595175, -26.471892002414037 ], [ 27.461249009833484, -26.471927996879575 ], [ 27.461286999894718, -26.471978003682008 ], [ 27.461376002200332, -26.472093002689924 ], [ 27.461406005382404, -26.472141996855708 ], [ 27.461451997611185, -26.47223999957631 ], [ 27.461461996273705, -26.47231199840002 ], [ 27.461473996827056, -26.472370998422846 ], [ 27.461478003306738, -26.472401998053787 ], [ 27.461480006097027, -26.472426997408025 ], [ 27.461482990047536, -26.472491996808198 ], [ 27.461480006097027, -26.472565001073942 ], [ 27.461478003306738, -26.472592003218381 ], [ 27.461473996827056, -26.472621998306565 ], [ 27.461461996273705, -26.472689998744467 ], [ 27.461444999986394, -26.472769003286928 ], [ 27.461439997057834, -26.472795997337393 ], [ 27.461423998118594, -26.472853009858504 ], [ 27.461411000217083, -26.472897998443884 ], [ 27.461371989425327, -26.473002001441216 ], [ 27.461354002984372, -26.473058001325768 ], [ 27.46133600125502, -26.473108000034227 ], [ 27.461305000724789, -26.473181003400597 ], [ 27.461280002269838, -26.47322900021824 ], [ 27.461249999087766, -26.473285996551482 ], [ 27.461187998926583, -26.473399000863171 ], [ 27.46112899980313, -26.473507999594542 ], [ 27.461094999134449, -26.473597001900163 ], [ 27.461070997128378, -26.473690999040457 ], [ 27.461032001625192, -26.473849000031322 ], [ 27.461007002270875, -26.473942997171619 ], [ 27.460995000818244, -26.473982998116838 ], [ 27.460953006075894, -26.47411899899264 ], [ 27.460889999573386, -26.474310998853547 ], [ 27.460821001787327, -26.474499002127203 ], [ 27.46075999987367, -26.474651001942252 ], [ 27.46070000340206, -26.474781003440615 ], [ 27.460641999827935, -26.474897997144851 ], [ 27.460571996599921, -26.475032003324333 ], [ 27.460492002803267, -26.475179000210741 ], [ 27.460412999160084, -26.475318997673689 ], [ 27.460331002573231, -26.47545100196217 ], [ 27.460269999760207, -26.475572001246892 ], [ 27.460211997984914, -26.475699001707618 ], [ 27.460149997823731, -26.475820999239691 ], [ 27.46012000273554, -26.475870997948242 ], [ 27.460077999899397, -26.475940003828104 ], [ 27.460055003335366, -26.475978999331371 ], [ 27.460012992405254, -26.476049999907538 ], [ 27.459951996786742, -26.476151002766596 ], [ 27.459926000084351, -26.476192001059975 ], [ 27.459901989984399, -26.476220998800013 ], [ 27.459860002436738, -26.476267000022037 ], [ 27.459836000430666, -26.476291999376283 ], [ 27.459764001606963, -26.476356002327659 ], [ 27.459681997825509, -26.476418999836998 ], [ 27.459631999117047, -26.476450000367233 ], [ 27.459579996719015, -26.476490997761342 ], [ 27.459529998010552, -26.476521998291659 ], [ 27.45947799561252, -26.476561000989438 ], [ 27.459438002761178, -26.476579002718875 ], [ 27.459387995958746, -26.476599997391986 ], [ 27.459362996604604, -26.476613999836257 ], [ 27.459311999648612, -26.476639997437925 ], [ 27.459259000801786, -26.476660999305732 ], [ 27.459231998657359, -26.47668200117344 ], [ 27.459193004053454, -26.476753001749703 ], [ 27.459139996213384, -26.476830002602508 ], [ 27.459111996720878, -26.476880002210351 ], [ 27.459080997089927, -26.476948999996409 ], [ 27.459069992985366, -26.47697999962736 ], [ 27.459042000687287, -26.477051001102808 ], [ 27.459030998381465, -26.477097999672921 ], [ 27.459020998819575, -26.477131002094065 ], [ 27.459011999303865, -26.477192004907184 ], [ 27.459012995752744, -26.477271990609864 ], [ 27.459015995891015, -26.477317999925777 ], [ 27.459027008089546, -26.477367001286073 ], [ 27.459033997620455, -26.47739800091702 ], [ 27.459048001863376, -26.477432998933782 ], [ 27.459079998842398, -26.477513998172476 ], [ 27.45910000426132, -26.477569998057017 ], [ 27.45911699964935, -26.477619995866121 ], [ 27.459139996213381, -26.477702001446222 ], [ 27.459160998081181, -26.477779002299116 ], [ 27.459180995406136, -26.477854997709969 ], [ 27.459188000225613, -26.477893003958965 ], [ 27.459191001263253, -26.477921004350918 ], [ 27.459194001401617, -26.477956000569016 ], [ 27.459196004191817, -26.477999999900042 ], [ 27.459197998888136, -26.478056997132757 ], [ 27.459194001401613, -26.478136998124015 ], [ 27.459191001263253, -26.478189997870118 ], [ 27.459180995406136, -26.478250003334971 ], [ 27.459175010417983, -26.478278001928192 ], [ 27.459166999257182, -26.478301996739759 ], [ 27.459150002969871, -26.478338996647427 ], [ 27.459120997135869, -26.478402002250654 ], [ 27.459076001355967, -26.478489001766061 ], [ 27.459048999211447, -26.478539001373811 ], [ 27.459023999857305, -26.478586997292073 ], [ 27.459001003293274, -26.478629998375744 ], [ 27.45893300195609, -26.478768002041658 ], [ 27.458860995937787, -26.478908997752061 ], [ 27.458826996168476, -26.478980995676388 ], [ 27.458797999327814, -26.479041999388784 ], [ 27.458751998105782, -26.479150998120073 ], [ 27.458731004331952, -26.479220004 ], [ 27.45870199939732, -26.479317998626744 ], [ 27.458673000757919, -26.479416990601621 ], [ 27.458645998613488, -26.479531997703514 ], [ 27.458627000435346, -26.479633002361211 ], [ 27.458608001357746, -26.479748001369131 ], [ 27.458589002280235, -26.479872000792209 ], [ 27.458583999351674, -26.479909990853443 ], [ 27.458571997898954, -26.48000800166793 ], [ 27.458559997345603, -26.480148000929535 ], [ 27.458552002372564, -26.480281999015059 ], [ 27.458555998959714, -26.480360006209359 ], [ 27.458558001749914, -26.480423002819322 ], [ 27.458568000412434, -26.480541002864975 ], [ 27.458576992733633, -26.480647000558626 ], [ 27.458584996699745, -26.480697998413888 ], [ 27.458590996976465, -26.48074099859819 ], [ 27.458598002695226, -26.480783999681865 ], [ 27.458605997668265, -26.480861001434128 ], [ 27.458627997783417, -26.48097000016541 ], [ 27.458660002856409, -26.481074003162743 ], [ 27.458677997391248, -26.481111003969694 ], [ 27.45870299584611, -26.481162000026316 ], [ 27.458761995868933, -26.481251002331927 ], [ 27.458810997229236, -26.481308996912713 ], [ 27.458849002579036, -26.48133399626694 ], [ 27.458886004285269, -26.481361995759531 ], [ 27.45891700391622, -26.481378002792656 ], [ 27.458950995591561, -26.481397999218323 ], [ 27.458996000364714, -26.481416990201961 ], [ 27.459064998150687, -26.481434001777743 ], [ 27.45914099356154, -26.481462002169707 ], [ 27.459207996651283, -26.481500000324825 ], [ 27.459234998795715, -26.481525006873653 ], [ 27.459260988303505, -26.48154999903328 ], [ 27.459302001885458, -26.481599007588187 ], [ 27.459339002692321, -26.481658000416406 ], [ 27.459367003084282, -26.481725002606872 ], [ 27.459386998610672, -26.481794001292119 ], [ 27.459406005782064, -26.481865999216545 ], [ 27.459410004167953, -26.481928996725884 ], [ 27.459410004167957, -26.481977000738024 ], [ 27.459408989732662, -26.482007003920103 ], [ 27.459383001124152, -26.482104999446197 ], [ 27.459370003222642, -26.482150999768859 ], [ 27.45935699632788, -26.482210997139841 ], [ 27.459339002692321, -26.482289004334152 ], [ 27.45933300241569, -26.482314010882977 ], [ 27.459311999648609, -26.482401999652584 ], [ 27.459290998680178, -26.48252900101259 ], [ 27.459284001055387, -26.482591997622563 ], [ 27.459278998126827, -26.482644000020592 ], [ 27.459280002669498, -26.482693998729061 ], [ 27.459281000017658, -26.482758001680438 ], [ 27.459312997896049, -26.482847003986056 ], [ 27.459336999902209, -26.48291699912027 ], [ 27.459435002622815, -26.483055002786188 ], [ 27.459461000224486, -26.483090998151106 ], [ 27.459520996696188, -26.483177997666512 ], [ 27.459591998171732, -26.483259994253363 ], [ 27.459662001399835, -26.483331011017395 ], [ 27.459731997433252, -26.483409999372004 ], [ 27.459801003313196, -26.483480001700737 ], [ 27.459824989131501, -26.483505001954342 ], [ 27.459855996856334, -26.483539001723564 ], [ 27.45989700324369, -26.483590996027633 ], [ 27.45991399863172, -26.483620999209791 ], [ 27.459941999023592, -26.483678003636925 ], [ 27.45999100038398, -26.483772000777215 ], [ 27.460007007417016, -26.483815999209046 ], [ 27.460047008362327, -26.483933999254688 ], [ 27.460055003335363, -26.483986998101518 ], [ 27.460061003611997, -26.48403800315139 ], [ 27.460075997109197, -26.48408200068376 ], [ 27.460086002966229, -26.484117996048671 ], [ 27.460095004280589, -26.484159002436023 ], [ 27.460102999253539, -26.484200998077569 ], [ 27.46012199833114, -26.484299000798259 ], [ 27.46013699992222, -26.484371996970122 ], [ 27.460149997823731, -26.484444002988337 ], [ 27.460151003265771, -26.484510000636039 ], [ 27.460146997685371, -26.484550000682074 ], [ 27.460140997408651, -26.484581001212216 ], [ 27.46013199609429, -26.484621002157525 ], [ 27.46011599805442, -26.484686999805231 ], [ 27.460062000960157, -26.484761997867921 ], [ 27.460034000568196, -26.484795001188441 ], [ 27.459979997178703, -26.484825004370521 ], [ 27.459940004327272, -26.484859004139736 ], [ 27.459885999139125, -26.484923988251523 ], [ 27.459861989039084, -26.48496200169502 ], [ 27.459842000707294, -26.485049002109708 ], [ 27.459842998055542, -26.485111990625899 ], [ 27.459851002021654, -26.485157999941723 ], [ 27.459861989039087, -26.4851899978202 ], [ 27.459913002182837, -26.485279998373258 ], [ 27.459963998239463, -26.485387998857099 ], [ 27.459978998931263, -26.485421002177528 ], [ 27.46000799577201, -26.485501003168789 ], [ 27.460010006656095, -26.48552699987118 ], [ 27.460012002251691, -26.485563003329968 ], [ 27.459990003035731, -26.485673006604021 ], [ 27.459975990699018, -26.485749002914236 ], [ 27.459971003958223, -26.48582299643417 ], [ 27.459978998931259, -26.485863994727641 ], [ 27.460028001190846, -26.485936000745863 ], [ 27.460071002274429, -26.485978003582083 ], [ 27.46013699992222, -26.486010998808553 ], [ 27.460176999968162, -26.48603100422747 ], [ 27.460298000152168, -26.486100001114163 ], [ 27.46034599607043, -26.486128990760314 ], [ 27.460390002596053, -26.486175000076223 ], [ 27.460412999160084, -26.486211002635741 ], [ 27.460441996900204, -26.486258998554 ], [ 27.460462001419845, -26.486320998715179 ], [ 27.460471999182996, -26.486389000052363 ], [ 27.460469996392792, -26.4864459972849 ], [ 27.460459997730275, -26.486482997192574 ], [ 27.460431998237684, -26.486577999774902 ], [ 27.460394998330102, -26.486667002080523 ], [ 27.460368003380271, -26.486730996938022 ], [ 27.460354989290909, -26.486757001734297 ], [ 27.460322002158239, -26.486820996591796 ], [ 27.460250004233906, -26.486902003924371 ], [ 27.460173003380923, -26.486977001987068 ], [ 27.460121009076861, -26.487008999865459 ], [ 27.460093000591016, -26.487012000003816 ], [ 27.460022000014842, -26.487059995922078 ], [ 27.459972001306379, -26.487101002309434 ], [ 27.459954996925099, -26.487130000049461 ], [ 27.459936005941469, -26.487157998642683 ], [ 27.459901000730206, -26.487226997328118 ], [ 27.459885001790965, -26.487275998688421 ], [ 27.459876001375886, -26.487384998319069 ], [ 27.459900003382046, -26.487446000232723 ], [ 27.459919001560188, -26.487486997626831 ], [ 27.459931003012908, -26.487516010655426 ], [ 27.459953002228868, -26.487601990339606 ], [ 27.459962002643859, -26.487646004059823 ], [ 27.459966998377823, -26.487693002629921 ], [ 27.4599630008913, -26.4877490016152 ], [ 27.459959003404869, -26.487836999378057 ], [ 27.459950002090508, -26.487874000184924 ], [ 27.459931003012908, -26.487920001406948 ], [ 27.459900003382046, -26.487945998109339 ], [ 27.459860002436734, -26.487976000392134 ], [ 27.459796996833511, -26.488031002029153 ], [ 27.459733001976009, -26.48805699873154 ], [ 27.459689004443547, -26.488068002836108 ], [ 27.459628008825124, -26.488078000599248 ], [ 27.459525999624748, -26.488096999676848 ], [ 27.459480007395968, -26.488103998201016 ], [ 27.459411000616743, -26.488112001267847 ], [ 27.459337997250369, -26.488139004311652 ], [ 27.459306996720048, -26.488149002074799 ], [ 27.459228999418364, -26.488186001982381 ], [ 27.459200999026493, -26.488211998684775 ], [ 27.459193004053454, -26.488270002258801 ], [ 27.459181999948893, -26.488357999122382 ], [ 27.459178999810533, -26.48839299623976 ], [ 27.459180995406133, -26.488450998914509 ], [ 27.459229995867155, -26.488579003917906 ], [ 27.459281998265187, -26.488637995846851 ], [ 27.459318000824609, -26.48865700301825 ], [ 27.459395999925032, -26.488733995777345 ], [ 27.459435002622815, -26.488797002279856 ], [ 27.459458997434286, -26.488856998751462 ], [ 27.459477995612517, -26.488924001841209 ], [ 27.459480007395968, -26.488950995891756 ], [ 27.459480995750877, -26.488990996837071 ], [ 27.459480007395968, -26.489042999235014 ], [ 27.459479001953927, -26.489073998865962 ], [ 27.459476000916286, -26.489148996928741 ], [ 27.459470000639566, -26.489231998957642 ], [ 27.459458000086215, -26.489336002854245 ], [ 27.459442001146975, -26.489429999994538 ], [ 27.459433998080144, -26.489494002945921 ], [ 27.459426002207735, -26.489542997111631 ], [ 27.459387995958743, -26.489722996419175 ], [ 27.459380998333952, -26.489759997226127 ], [ 27.459370999671432, -26.489820001791699 ], [ 27.459364002046641, -26.489870997848332 ], [ 27.459358999118081, -26.489908996003354 ], [ 27.459355998979721, -26.489939995634309 ], [ 27.459351004145041, -26.489987999646445 ], [ 27.45935699632788, -26.490062998608501 ], [ 27.459358999118081, -26.49010200220566 ], [ 27.459359997365521, -26.490142999599765 ], [ 27.459361001908281, -26.490227997224256 ], [ 27.459380998333952, -26.490348007254788 ], [ 27.459411000616743, -26.490480003449392 ], [ 27.459418995589694, -26.490514999667578 ], [ 27.459436000870255, -26.4905890012814 ], [ 27.459454001700415, -26.490645997614742 ], [ 27.459461996673365, -26.490670997868246 ], [ 27.459480007395968, -26.490728003194846 ], [ 27.459510998933037, -26.490828997959923 ], [ 27.459520996696188, -26.490889003424794 ], [ 27.459528003314229, -26.490918000265538 ], [ 27.459535998287269, -26.490961998697287 ], [ 27.45954799884062, -26.491029999135183 ], [ 27.45956600057006, -26.491082000633849 ], [ 27.459565004121181, -26.491113001164081 ], [ 27.459563001330981, -26.491150999319185 ], [ 27.459562003083541, -26.491200998027647 ], [ 27.459559002945181, -26.491250000287323 ], [ 27.459553002668549, -26.491287998442342 ], [ 27.459532000800749, -26.491371996920122 ], [ 27.459510998933037, -26.491429998695502 ], [ 27.459489997065237, -26.491507997795836 ], [ 27.459441003798815, -26.491622000355054 ], [ 27.459411997964903, -26.491649001600116 ], [ 27.459382003775993, -26.491686999755228 ], [ 27.45935200059392, -26.491721000423908 ], [ 27.459318000824609, -26.491758001230771 ], [ 27.459275997089186, -26.491796995834758 ], [ 27.459240001724275, -26.491826999016826 ], [ 27.459219998104004, -26.491841999708548 ], [ 27.459176997020332, -26.49188800093048 ], [ 27.459138998865221, -26.491929007317836 ], [ 27.459069992985366, -26.492025997401889 ], [ 27.459027008089546, -26.49209200314348 ], [ 27.458980998773633, -26.492160002682006 ], [ 27.458906998059099, -26.492347001412991 ], [ 27.458890000872419, -26.492388997054626 ], [ 27.458871001794819, -26.492477999360158 ], [ 27.458887998981496, -26.492514001919663 ], [ 27.458916005668691, -26.492533998345419 ], [ 27.458939003132002, -26.492552000074774 ], [ 27.458958002209602, -26.492586998091529 ], [ 27.459001999742064, -26.492667997330226 ], [ 27.459029992040055, -26.492710000166365 ], [ 27.45911000202447, -26.492840000765447 ], [ 27.459206001954964, -26.492977997236768 ], [ 27.459296998956898, -26.493057000879947 ], [ 27.45936599674296, -26.493115002655241 ], [ 27.459415996350703, -26.493165998711952 ], [ 27.459449996120014, -26.493197996590347 ], [ 27.459470997987726, -26.493267999818364 ], [ 27.459501001169887, -26.493358000371416 ], [ 27.459508996142837, -26.493395997627246 ], [ 27.459517007303639, -26.493442997096722 ], [ 27.459538001077469, -26.493568999309915 ], [ 27.459568004259541, -26.493755997141623 ], [ 27.459582996857371, -26.493881002006656 ], [ 27.459590002576132, -26.493949003343843 ], [ 27.459610997249332, -26.494058999423284 ], [ 27.459752001053609, -26.494321999860446 ], [ 27.459789999208631, -26.494437997115888 ], [ 27.459801003313192, -26.494511997830422 ], [ 27.45978798832455, -26.494552996123904 ], [ 27.45976100236788, -26.494579999167609 ], [ 27.459702999693217, -26.494601998383573 ], [ 27.459656001123115, -26.494606003064604 ], [ 27.459610997249332, -26.494623000251277 ], [ 27.459562003083541, -26.494640003733185 ], [ 27.459510998933037, -26.494662002949148 ], [ 27.459470000639566, -26.494682996722986 ], [ 27.459429003245464, -26.494685996861257 ], [ 27.459408001377753, -26.494737001011845 ], [ 27.459379003637633, -26.494789003409792 ], [ 27.459336999902209, -26.494862996030445 ], [ 27.45932700213897, -26.494889999074246 ], [ 27.459311003199819, -26.494930997367625 ], [ 27.459281998265187, -26.495000999696444 ], [ 27.459268002116147, -26.495059002371114 ], [ 27.459259000801786, -26.495097997874293 ], [ 27.459266996674106, -26.495167003754243 ], [ 27.459284998403547, -26.495292998772925 ], [ 27.459302001885458, -26.495412003361242 ], [ 27.459311999648609, -26.495488997019628 ], [ 27.45932199921041, -26.495679002184197 ], [ 27.459320003614899, -26.495727996349991 ], [ 27.459318000824609, -26.495757998632783 ], [ 27.459311003199819, -26.495840999762304 ], [ 27.459302001885458, -26.495937997940246 ], [ 27.459293002369748, -26.4960409963949 ], [ 27.459281998265187, -26.496160999230742 ], [ 27.459278998126827, -26.496209003242974 ], [ 27.459274999741027, -26.496274002643144 ], [ 27.459271002254507, -26.496321998561413 ], [ 27.459231998657351, -26.496511997430758 ], [ 27.459212010325562, -26.496581999759496 ], [ 27.459197998888133, -26.496628001880808 ], [ 27.459157997942821, -26.496712001257851 ], [ 27.459092997643275, -26.496789002110749 ], [ 27.459021997067101, -26.49687200413965 ], [ 27.458924998889167, -26.496993004323741 ], [ 27.458875998428148, -26.497050998005243 ], [ 27.458841000411393, -26.497099002017386 ], [ 27.458801996814241, -26.497152000864215 ], [ 27.458787003317131, -26.49719699664411 ], [ 27.458776996560733, -26.497224997035982 ], [ 27.458770989089409, -26.497251001832343 ], [ 27.45877299907421, -26.497289997335528 ], [ 27.45877500186441, -26.497339996043991 ], [ 27.45877200172605, -26.497370995674938 ], [ 27.458760001172699, -26.497400000609566 ], [ 27.458731004331948, -26.497431999387331 ], [ 27.458707002325788, -26.497450000217317 ], [ 27.458661997552724, -26.497472000332557 ], [ 27.458642001126965, -26.497499001577708 ], [ 27.458608001357742, -26.497546998395247 ], [ 27.458587996838101, -26.497587007434436 ], [ 27.458567003064271, -26.497632999663217 ], [ 27.45857899642311, -26.497673000608529 ], [ 27.458615997230062, -26.497703002891317 ], [ 27.458676001795645, -26.497708995973444 ], [ 27.458732999028179, -26.497720000077923 ], [ 27.458829996306832, -26.497732000631355 ], [ 27.458841000411393, -26.497757998233027 ], [ 27.458859998589624, -26.497819000146769 ], [ 27.458868999903984, -26.4979119999389 ], [ 27.458872000042344, -26.497961998647369 ], [ 27.458881989711614, -26.498039000399537 ], [ 27.458866997113784, -26.498110999223247 ], [ 27.458857995799423, -26.498154996755705 ], [ 27.458843003201594, -26.498212002082298 ], [ 27.458828998958673, -26.49833000122857 ], [ 27.458821003985722, -26.498371996870205 ], [ 27.458791000803561, -26.49854799869124 ], [ 27.45877200172605, -26.498661003002915 ], [ 27.458779996699089, -26.498698003809867 ], [ 27.458803002256282, -26.498717002887382 ], [ 27.458779996699089, -26.498819003993876 ], [ 27.458751998105782, -26.498850003624831 ], [ 27.458744999581619, -26.49888899912801 ], [ 27.458744002233459, -26.498925001687518 ], [ 27.45876999893585, -26.498959002356113 ], [ 27.458821003985722, -26.498999003301421 ], [ 27.458872000042344, -26.499018002378936 ], [ 27.458921998750807, -26.499080001640749 ], [ 27.458959996905918, -26.499158000741176 ], [ 27.458968998220278, -26.499189001271407 ], [ 27.45899600036471, -26.499285999449338 ], [ 27.45897600393895, -26.499316000832764 ], [ 27.458952001033598, -26.499350000602067 ], [ 27.458942003270359, -26.499381999379828 ], [ 27.458912000987656, -26.49954200226162 ], [ 27.458909998197367, -26.499570001754211 ], [ 27.458905999811567, -26.499601002284443 ], [ 27.458896999396575, -26.499632001915394 ], [ 27.458874002832545, -26.499644999816908 ], [ 27.458809001633632, -26.499678999586223 ], [ 27.458753999996699, -26.499734002122523 ], [ 27.458731004331948, -26.49976200161511 ], [ 27.458661997552724, -26.49982100163794 ], [ 27.458595002556862, -26.499859997141204 ], [ 27.458506000251248, -26.499896997948067 ], [ 27.458359004264221, -26.499935004197059 ], [ 27.458316999629339, -26.499945999308459 ], [ 27.458308996562511, -26.500281995917398 ], [ 27.458304001727829, -26.500575997784065 ], [ 27.458301000690188, -26.500769003986377 ], [ 27.458301998937717, -26.502070995679944 ], [ 27.458300004241309, -26.503138001717428 ], [ 27.458295997761628, -26.504416997746251 ], [ 27.458186999929623, -26.504416997746247 ], [ 27.458177001267188, -26.508048004212057 ], [ 27.458180002304829, -26.50953700093185 ], [ 27.458180002304829, -26.509869000953639 ], [ 27.458170002743028, -26.512472011274344 ], [ 27.45814999912276, -26.515678001738475 ], [ 27.45814999912276, -26.51597399830138 ], [ 27.45814903235156, -26.516552896399098 ], [ 27.458149001774512, -26.516571001550524 ], [ 27.457886000438155, -26.523809004382013 ], [ 27.457740000899829, -26.527800997817831 ], [ 27.457372007311864, -26.537835999232019 ], [ 27.457297050617949, -26.540339886276744 ], [ 27.418545999297915, -26.528051001252745 ], [ 27.408407002980265, -26.513691001838289 ], [ 27.404640003732613, -26.510576997630281 ], [ 27.404180987961709, -26.510384000421311 ], [ 27.403748998616877, -26.510201997424275 ], [ 27.403062003807925, -26.509346995767245 ], [ 27.402942000972079, -26.509329002131771 ], [ 27.402853996913901, -26.509314997888858 ], [ 27.401659997610295, -26.503492998303226 ], [ 27.400989000841214, -26.500211003435091 ], [ 27.400968997220854, -26.500118002743672 ], [ 27.40011800114431, -26.496089000407018 ], [ 27.400068998884638, -26.495851995773059 ], [ 27.399920000107322, -26.495180001655729 ], [ 27.399718998932066, -26.494281999814483 ], [ 27.39858900257984, -26.488946001057151 ], [ 27.397572003344703, -26.484137003220134 ], [ 27.396472002080671, -26.47926799991826 ], [ 27.395913441251789, -26.4768522050652 ], [ 27.394142502573864, -26.468128965579258 ], [ 27.394039183061274, -26.467620032938154 ], [ 27.392776485445914, -26.461721431798619 ], [ 27.391315364112213, -26.457356106399246 ], [ 27.389982432142965, -26.453545043069255 ], [ 27.38998765450604, -26.45353697075462 ], [ 27.390408706296185, -26.452888662981373 ], [ 27.39209918892589, -26.451960944841733 ], [ 27.393241329723033, -26.451351803442993 ], [ 27.393263586144982, -26.451270726862514 ], [ 27.393390136045408, -26.450809724489179 ], [ 27.394307329419107, -26.447468521854795 ], [ 27.394721225303783, -26.446003174606886 ], [ 27.395167595707445, -26.444422852632545 ], [ 27.395220091833203, -26.444236996040559 ], [ 27.395271479094937, -26.443860699911369 ], [ 27.3953251173597, -26.443467922806395 ], [ 27.395449470216338, -26.442557315167942 ], [ 27.395645227444721, -26.440750325367222 ], [ 27.395944397715237, -26.437988750180651 ], [ 27.396011921512454, -26.437202996321254 ], [ 27.396068324293125, -26.436546645910958 ], [ 27.396113950497895, -26.436015705060743 ], [ 27.396142337598299, -26.435890295500766 ], [ 27.396232884039843, -26.435490272558088 ], [ 27.396341496961966, -26.43501043298512 ], [ 27.396343104949839, -26.435003325642931 ], [ 27.396344588831127, -26.434996772283213 ], [ 27.396346396468456, -26.434988785404144 ], [ 27.396346680654286, -26.43498753084981 ], [ 27.396346753499305, -26.434987207993316 ], [ 27.396349172675627, -26.434976521349391 ], [ 27.396350015340413, -26.434972798156089 ], [ 27.396352635964842, -26.434961219384718 ], [ 27.396353819472623, -26.434955991625703 ], [ 27.396354144127947, -26.434954558106352 ], [ 27.396355216119776, -26.434949820477833 ], [ 27.396357029153055, -26.434941812015051 ], [ 27.396358763945273, -26.434934146193839 ], [ 27.396361529360551, -26.434921931601824 ], [ 27.396363069899181, -26.434915125532612 ], [ 27.396363201200192, -26.434914546369225 ], [ 27.396364296574475, -26.434909703519995 ], [ 27.396364392801946, -26.434909280838639 ], [ 27.39636506639415, -26.434906302284073 ], [ 27.396477397113632, -26.434410040191235 ], [ 27.397140761336566, -26.433212082071869 ], [ 27.397556151894339, -26.432461935070283 ], [ 27.397771823710123, -26.432072457577895 ], [ 27.397938444702952, -26.431803300381983 ], [ 27.398295325368416, -26.431226801675521 ], [ 27.398358813008269, -26.431205796210513 ], [ 27.39873599856697, -26.431080996390875 ], [ 27.400310999252664, -26.430559996646554 ], [ 27.401680002129865, -26.430149999322992 ], [ 27.40261900316386, -26.429870000799877 ], [ 27.404397996170104, -26.429300997942683 ], [ 27.405313999740788, -26.429009006960086 ], [ 27.405335001608499, -26.428757998982487 ], [ 27.405454997249834, -26.428128997854952 ], [ 27.406021836338127, -26.425064631727349 ], [ 27.405903961298264, -26.424878889349245 ], [ 27.406076439575436, -26.424671913977644 ], [ 27.406122435401517, -26.42434995308788 ], [ 27.405662489731611, -26.423280581833399 ], [ 27.40640433689007, -26.422996815150885 ], [ 27.407766736944801, -26.422475678709599 ], [ 27.407755007087449, -26.422449458975311 ], [ 27.407931427093168, -26.4224131371566 ], [ 27.409205489441234, -26.421872626620452 ], [ 27.410093471036337, -26.421525154662127 ], [ 27.410518157886113, -26.421370723979752 ], [ 27.410827021049691, -26.421351420031986 ], [ 27.411174492108636, -26.421428635822902 ], [ 27.412255514080222, -26.422065666097652 ], [ 27.41432103828479, -26.423339726647072 ], [ 27.415266931723036, -26.423880238082504 ], [ 27.41598117778862, -26.424131190302212 ], [ 27.416656816858112, -26.424189102145366 ], [ 27.417235936189002, -26.424131190302216 ], [ 27.417930878306901, -26.423918845977962 ], [ 27.418915379640602, -26.423281815703294 ], [ 27.420749255573227, -26.421949842411276 ], [ 27.421540718329005, -26.421332116084308 ], [ 27.42208122886516, -26.421235596345703 ], [ 27.426386011904448, -26.423996061768793 ], [ 27.42764076940546, -26.424034669664337 ], [ 27.427621464558403, -26.423204599912385 ], [ 27.427968937416004, -26.423030864382863 ], [ 27.428586662843703, -26.423455551232728 ], [ 27.429339517704115, -26.423706502553081 ], [ 27.429937940083413, -26.423745111347813 ], [ 27.430930031695116, -26.42299395620617 ], [ 27.430945000011217, -26.422903999719825 ], [ 27.431793000446156, -26.422332000321575 ], [ 27.432546000097325, -26.422062999607782 ], [ 27.433645999562795, -26.421766000300686 ], [ 27.434269000413526, -26.42156399997862 ], [ 27.435305999671726, -26.421226999726287 ], [ 27.435562999832168, -26.421175000026278 ], [ 27.435748000269538, -26.420921000004196 ], [ 27.436082000383504, -26.420609000005381 ], [ 27.436379999736701, -26.420462000420962 ], [ 27.437059999618793, -26.420268999614688 ], [ 27.437121998880695, -26.419438000863099 ], [ 27.436327001789248, -26.417519998748997 ], [ 27.435533002945238, -26.415600999286731 ], [ 27.435417189151483, -26.415321379378167 ], [ 27.435904169341438, -26.415520961423184 ], [ 27.436756184349939, -26.415870146590013 ], [ 27.439554681203131, -26.417104029927032 ], [ 27.440653272330177, -26.417477137060214 ] ] ] } },
{ "type": "Feature", "properties": { "Municipali": "Merafong City Local Municipality", "WardNo": "15", "WardLabel": "GT484_15", "Province": "Gauteng", "CLASSIFICATION": "Mining", "PopGBlack": 7964.2226767000002, "PopGColour": 17.757638063999998, "PopGIndian": 12.836678512000001, "PopGWhite": 175.49215626, "PopGOther": 32.2278437, "PopGTotal": 8202.5369931999994 }, "geometry": { "type": "Polygon", "coordinates": [ [ [ 27.52528000027144, -26.343789998109976 ], [ 27.525239999326217, -26.345850002275803 ], [ 27.525239999326214, -26.345959998355259 ], [ 27.525209996144053, -26.347320000817373 ], [ 27.531030001033464, -26.346279996025036 ], [ 27.535890003920265, -26.345410000870899 ], [ 27.540309998207558, -26.344620000412689 ], [ 27.542439996608245, -26.344239997278134 ], [ 27.543629991230816, -26.344030002882384 ], [ 27.547770003182837, -26.34329000023336 ], [ 27.547810004128149, -26.343290000233367 ], [ 27.54784999697949, -26.343280001570847 ], [ 27.548520003595012, -26.345619996165915 ], [ 27.551060001117904, -26.354209996594129 ], [ 27.5511900017169, -26.354680000281828 ], [ 27.55118000395375, -26.354710001665254 ], [ 27.551169997197348, -26.35474499158812 ], [ 27.551159999434198, -26.354779997698753 ], [ 27.551159999434198, -26.354819998644061 ], [ 27.551140003008438, -26.354869998251896 ], [ 27.551129997151317, -26.354899999635322 ], [ 27.551129997151317, -26.354980002425229 ], [ 27.551119997589517, -26.355030001133688 ], [ 27.551060001117904, -26.355240002724024 ], [ 27.551060001117904, -26.355449997119759 ], [ 27.551050003354753, -26.355520000347781 ], [ 27.551050003354753, -26.355650000946863 ], [ 27.551039996598263, -26.355709998317764 ], [ 27.551039996598263, -26.355770002883339 ], [ 27.551029998835112, -26.355810003828651 ], [ 27.551020000172592, -26.355870001199637 ], [ 27.551010002409352, -26.355939996333856 ], [ 27.55099999565304, -26.356029987893667 ], [ 27.55097999203268, -26.356120003735203 ], [ 27.550970000564849, -26.356199998431222 ], [ 27.550949996944489, -26.356300003042747 ], [ 27.550930001418099, -26.356520004194891 ], [ 27.550920001856298, -26.356639998037572 ], [ 27.550920001856298, -26.356750002210902 ], [ 27.550909995999266, -26.356859998290336 ], [ 27.550880001810356, -26.357219996905446 ], [ 27.550870003147836, -26.357320003315529 ], [ 27.550870003147836, -26.357419992638565 ], [ 27.550859997290715, -26.357479998103432 ], [ 27.550830003101893, -26.357780000246823 ], [ 27.550819997244773, -26.357870007994574 ], [ 27.550809997682972, -26.357949993697336 ], [ 27.550790002156578, -26.358049999208145 ], [ 27.550729996691718, -26.358289995886587 ], [ 27.550710000266047, -26.358380003634334 ], [ 27.550670000220101, -26.358539999321518 ], [ 27.550660000658215, -26.358629998975296 ], [ 27.550639997037944, -26.358700002203399 ], [ 27.550639997037944, -26.358769998236813 ], [ 27.55062999927479, -26.358849999228152 ], [ 27.55062000061227, -26.358949996645077 ], [ 27.55062000061227, -26.359010002109944 ], [ 27.55061000194975, -26.359090004000564 ], [ 27.550589998329478, -26.359230002362715 ], [ 27.550579999666958, -26.359309996159464 ], [ 27.550570001903807, -26.359380006582079 ], [ 27.550549997384167, -26.359450002615574 ], [ 27.550539998721646, -26.359519997749707 ], [ 27.550530000958499, -26.359580003214656 ], [ 27.55052000319526, -26.359649999248074 ], [ 27.550509997338224, -26.359730000239324 ], [ 27.550489991919306, -26.359810002129947 ], [ 27.550459997730393, -26.359890003121208 ], [ 27.55041999678517, -26.360030002382722 ], [ 27.550390001696979, -26.360120002036496 ], [ 27.550360000313468, -26.360200003027749 ], [ 27.550329997131396, -26.360290002681516 ], [ 27.550250003334654, -26.360399990667087 ], [ 27.550210003288711, -26.360489999314112 ], [ 27.550210003288711, -26.360579998967793 ], [ 27.550109996878536, -26.360709998667513 ], [ 27.550059998170074, -26.360790000558129 ], [ 27.550019997224851, -26.360870002448671 ], [ 27.549969997617019, -26.360939997582804 ], [ 27.54996000794775, -26.361000003047753 ], [ 27.549940003428109, -26.361029998135947 ], [ 27.549910001145317, -26.361069998181886 ], [ 27.549870000200006, -26.361119996890348 ], [ 27.549829999254783, -26.361180002355301 ], [ 27.549799996971991, -26.361220003300527 ], [ 27.54977999964704, -26.361249998388722 ], [ 27.54974500342885, -26.361289999334033 ], [ 27.549709997318217, -26.361340005237089 ], [ 27.549669996372906, -26.36138999675104 ], [ 27.549640002184084, -26.361429996796982 ], [ 27.549619996765163, -26.361479996404729 ], [ 27.549590002576252, -26.36151999735004 ], [ 27.54954000386779, -26.361609997003814 ], [ 27.549509992591837, -26.361660003806154 ], [ 27.549489997065447, -26.361710003413993 ], [ 27.549460001977167, -26.361760002122452 ], [ 27.549439998356984, -26.361810000830918 ], [ 27.549420001031944, -26.361870006295774 ], [ 27.549399997411673, -26.361919996910359 ], [ 27.549380000986002, -26.361980002375216 ], [ 27.54934000004069, -26.362120000737459 ], [ 27.549330002277451, -26.362189995871681 ], [ 27.54932000271565, -26.3622299968169 ], [ 27.549309996858618, -26.362290002281771 ], [ 27.549309996858618, -26.362449997069763 ], [ 27.54932000271565, -26.362539996723442 ], [ 27.54932000271565, -26.362629997276596 ], [ 27.549330002277451, -26.362709998267846 ], [ 27.549349997803841, -26.362830001103688 ], [ 27.54935999556708, -26.362900004331706 ], [ 27.549380000986002, -26.362979997229164 ], [ 27.549399997411673, -26.363050001356555 ], [ 27.549460001977167, -26.36321000423834 ], [ 27.549519999348238, -26.363350002600573 ], [ 27.549560000293461, -26.363409999971555 ], [ 27.549600001238773, -26.363459998680018 ], [ 27.549649999947235, -26.363559996996308 ], [ 27.549690000892546, -26.363620001561898 ], [ 27.549720003175338, -26.363670001169641 ], [ 27.549730000938489, -26.363710002114953 ], [ 27.549749998263529, -26.363754997894855 ], [ 27.54976000412065, -26.363789995012326 ], [ 27.54977999964704, -26.363890001422416 ], [ 27.549789999208841, -26.363949997894114 ], [ 27.549810002829112, -26.364010003359066 ], [ 27.549820000592263, -26.364060002067436 ], [ 27.549820000592263, -26.364110000775998 ], [ 27.549829999254783, -26.364150001721207 ], [ 27.549820000592263, -26.364209999092285 ], [ 27.549820000592263, -26.364439998007576 ], [ 27.549810002829112, -26.364489996716038 ], [ 27.549810002829112, -26.36464000183468 ], [ 27.549799996971991, -26.364730008682962 ], [ 27.549799996971991, -26.364889989081753 ], [ 27.549789999208841, -26.36495000174121 ], [ 27.549789999208841, -26.3652100029393 ], [ 27.549799996971991, -26.365369997727207 ], [ 27.549820000592263, -26.365459998280354 ], [ 27.549820000592263, -26.365549997034758 ], [ 27.549829999254783, -26.365639996688536 ], [ 27.549829999254783, -26.36571000081592 ], [ 27.549839997917303, -26.365789993713285 ], [ 27.549839997917303, -26.366060000768403 ], [ 27.549850003774335, -26.366169997747214 ], [ 27.549860002436855, -26.366270003258105 ], [ 27.549870000200006, -26.366380000236923 ], [ 27.549889995726396, -26.366490004410256 ], [ 27.549920007002438, -26.366630001873116 ], [ 27.549940003428109, -26.366779998897872 ], [ 27.549969997617019, -26.366929995922632 ], [ 27.549990002136571, -26.367070003278119 ], [ 27.550009998562331, -26.367189997120711 ], [ 27.550019997224851, -26.367299994099525 ], [ 27.550019997224851, -26.367409998272858 ], [ 27.550040000845033, -26.367510003783657 ], [ 27.550050000406923, -26.367610002099951 ], [ 27.550059998170074, -26.36767999723417 ], [ 27.550080001790345, -26.367759998225338 ], [ 27.550099999115385, -26.367830002352722 ], [ 27.550109996878536, -26.367870003298034 ], [ 27.550130001398177, -26.367939998432171 ], [ 27.550149997823848, -26.36800000299775 ], [ 27.550170002343489, -26.368159997785661 ], [ 27.550189997869879, -26.368249998338801 ], [ 27.550210003288711, -26.368360001612846 ], [ 27.550220001051951, -26.368459999929136 ], [ 27.550229998815102, -26.368540001819682 ], [ 27.550250003334654, -26.368630000574072 ], [ 27.550269999760413, -26.36871000336399 ], [ 27.550279998422933, -26.368779997598836 ], [ 27.550300002043205, -26.368850001726216 ], [ 27.550310000705725, -26.368919996860349 ], [ 27.550319999368156, -26.368999998750976 ], [ 27.550319999368156, -26.369070001979082 ], [ 27.550340002988428, -26.369229996766993 ], [ 27.550340002988428, -26.369290002231853 ], [ 27.550360000313468, -26.369449997019846 ], [ 27.550380003933739, -26.369539996673538 ], [ 27.55040999902193, -26.369619998564072 ], [ 27.550450007161842, -26.369690001792172 ], [ 27.550470003587513, -26.369770003682792 ], [ 27.550480002250033, -26.369839998816929 ], [ 27.550480002250033, -26.370000001698717 ], [ 27.550470003587513, -26.370040002644028 ], [ 27.550440001304722, -26.370189999668785 ], [ 27.55041999678517, -26.370310001605258 ], [ 27.55040999902193, -26.370339996693541 ], [ 27.55040000035941, -26.370400002158405 ], [ 27.55040000035941, -26.370549999183162 ], [ 27.55041999678517, -26.37059999789162 ], [ 27.550440001304722, -26.370670001119727 ], [ 27.550499997776424, -26.370790003056207 ], [ 27.550520003195256, -26.370850001326556 ], [ 27.550530000958496, -26.370900000035011 ], [ 27.550549997384167, -26.370949998743484 ], [ 27.550570001903807, -26.371010004208348 ], [ 27.550579999666958, -26.371079999342566 ], [ 27.550599996092718, -26.3711500016713 ], [ 27.55062000061227, -26.371230003561838 ], [ 27.550639997037941, -26.371290000932817 ], [ 27.550660000658212, -26.371359996966316 ], [ 27.550670000220101, -26.371410002869382 ], [ 27.550689995746403, -26.371479998902885 ], [ 27.550700001603524, -26.371569998556662 ], [ 27.550719998928475, -26.371690001392508 ], [ 27.550719998928475, -26.371820001092228 ], [ 27.550710000266044, -26.371879999362477 ], [ 27.550729996691715, -26.371929998071035 ], [ 27.550729996691715, -26.372030003581841 ], [ 27.550740003448116, -26.37209000095282 ], [ 27.550750001211266, -26.372139999661279 ], [ 27.550750001211266, -26.37220000512615 ], [ 27.550769997637026, -26.372300003442437 ], [ 27.550769997637026, -26.37235999991406 ], [ 27.550790002156578, -26.372449999567831 ], [ 27.550809997682968, -26.372490001412519 ], [ 27.550819997244769, -26.372530000559085 ], [ 27.550889999573503, -26.372669999820694 ], [ 27.550909995999262, -26.372729989097703 ], [ 27.550920001856294, -26.372779995900135 ], [ 27.550940007275216, -26.372840001365002 ], [ 27.550989997889797, -26.373139995414508 ], [ 27.550999995653036, -26.373209998642619 ], [ 27.550999995653036, -26.373270004107475 ], [ 27.551010002409349, -26.373330000579092 ], [ 27.551010002409349, -26.373389997950081 ], [ 27.551020000172588, -26.373429998895382 ], [ 27.551029998835109, -26.373569998156899 ], [ 27.5510600011179, -26.37374998937057 ], [ 27.55107999844294, -26.373819999793184 ], [ 27.551100002063123, -26.373900001683804 ], [ 27.551109999826362, -26.373980002675061 ], [ 27.551109999826362, -26.374520002396267 ], [ 27.551090004299972, -26.374600004286805 ], [ 27.551029998835109, -26.374899997436945 ], [ 27.551020000172588, -26.374960002901901 ], [ 27.551020000172588, -26.375109999027281 ], [ 27.550999995653036, -26.375209997343582 ], [ 27.550989997889797, -26.375280000571593 ], [ 27.550989997889797, -26.375339997942579 ], [ 27.550979992032676, -26.375389996651037 ], [ 27.550970000564845, -26.37545000211599 ], [ 27.550960002801606, -26.375509998587606 ], [ 27.550949996944485, -26.375540001769672 ], [ 27.550949996944485, -26.375580002714987 ], [ 27.550940007275216, -26.375620002760925 ], [ 27.550930001418095, -26.375680001031281 ], [ 27.550909995999262, -26.37573999840226 ], [ 27.550899998236023, -26.375810000731001 ], [ 27.550899998236023, -26.375890002621528 ], [ 27.550880001810352, -26.376030000983764 ], [ 27.550880001810352, -26.376070001929079 ], [ 27.550769997637026, -26.376849997429538 ], [ 27.550700001603524, -26.377719999778275 ], [ 27.550689995746403, -26.377829995857635 ], [ 27.550679997983252, -26.377919996410682 ], [ 27.550660000658212, -26.378080007386448 ], [ 27.550639997037941, -26.378150003419947 ], [ 27.55061000194975, -26.378250000836879 ], [ 27.550570001903807, -26.37837000277344 ], [ 27.550530000958496, -26.378460003326492 ], [ 27.550499997776424, -26.378529997561429 ], [ 27.550480002250033, -26.378579997169179 ], [ 27.55040000035941, -26.378740000051046 ], [ 27.550369998076619, -26.378789998759423 ], [ 27.550360000313468, -26.378829999704735 ], [ 27.550340002988428, -26.37887000065005 ], [ 27.550319999368156, -26.378929998021029 ], [ 27.550300002043205, -26.379019997674803 ], [ 27.550269999760413, -26.379090000902821 ], [ 27.550250003334654, -26.379139999611372 ], [ 27.550239996578252, -26.379170001894074 ], [ 27.55019999743168, -26.379270000210372 ], [ 27.550170002343489, -26.379340004337756 ], [ 27.550130001398173, -26.379440001754681 ], [ 27.550109996878536, -26.379499999125748 ], [ 27.550089999553581, -26.379550005928085 ], [ 27.550059998170074, -26.379599997441957 ], [ 27.550040000845033, -26.379650004244294 ], [ 27.550019997224847, -26.379679998433211 ], [ 27.54999999270521, -26.37972999714167 ], [ 27.54997999627945, -26.379769998086978 ], [ 27.549960007947746, -26.379800001269146 ], [ 27.549870000200006, -26.379979999677229 ], [ 27.549860002436851, -26.380020000622544 ], [ 27.549829999254779, -26.380089995756673 ], [ 27.549799996971988, -26.380140002559109 ], [ 27.549789999208837, -26.38017999630982 ], [ 27.549760004120646, -26.380280001820712 ], [ 27.549749998263525, -26.380349996954848 ], [ 27.549730000938485, -26.380410003319078 ], [ 27.549739999601005, -26.380469999790694 ], [ 27.549739999601005, -26.380600000389776 ], [ 27.549749998263525, -26.380659997760677 ], [ 27.549789999208837, -26.380760003271565 ], [ 27.549799996971988, -26.380799996122995 ], [ 27.549820000592259, -26.380839997068218 ], [ 27.549829999254779, -26.380870000250294 ], [ 27.549839997917299, -26.380919998958845 ], [ 27.549860002436851, -26.380990002186945 ], [ 27.549879997963242, -26.381049998658565 ], [ 27.549889995726392, -26.381130001448465 ], [ 27.549910001145317, -26.381199995683314 ], [ 27.549920007002434, -26.381260001148181 ], [ 27.549920007002434, -26.381329997181687 ], [ 27.549910001145317, -26.381359998565109 ], [ 27.549910001145317, -26.381400000409702 ], [ 27.549900003382163, -26.3814599968814 ], [ 27.549900003382163, -26.381579998817969 ], [ 27.549889995726392, -26.381639997088229 ], [ 27.549889995726392, -26.381759999024794 ], [ 27.549879997963242, -26.381819996395777 ], [ 27.549879997963242, -26.381870003198117 ], [ 27.549870000200002, -26.381899998286318 ], [ 27.549850003774331, -26.38197000061513 ], [ 27.549839997917299, -26.382040003843148 ], [ 27.549829999254779, -26.38209000255161 ], [ 27.549824996326219, -26.382140002159353 ], [ 27.549799996971988, -26.382220004049973 ], [ 27.549779999647036, -26.382280001420959 ], [ 27.549779999647036, -26.382339997892572 ], [ 27.549770001883797, -26.38238999660112 ], [ 27.549760004120646, -26.382429998445716 ], [ 27.549760004120646, -26.38251999809949 ], [ 27.549749998263525, -26.382569988714074 ], [ 27.549739999601005, -26.382630002272816 ], [ 27.549740001399655, -26.382779999297568 ], [ 27.549730000938485, -26.382820000242884 ], [ 27.549730000938485, -26.38286999895135 ], [ 27.549739999601005, -26.382930004416206 ], [ 27.549739999601005, -26.382999998651055 ], [ 27.549749998263525, -26.383070001879165 ], [ 27.549770001883797, -26.383139997912583 ], [ 27.549779999647036, -26.383210001140675 ], [ 27.549789999208837, -26.383269997612381 ], [ 27.549810002829108, -26.383469994244884 ], [ 27.549820000592259, -26.383560001992542 ], [ 27.549839997917299, -26.383629997126668 ], [ 27.549850003774331, -26.383700001254056 ], [ 27.549870000200002, -26.383769996388278 ], [ 27.549889995726392, -26.383860004135929 ], [ 27.549910001145317, -26.383959994358346 ], [ 27.549940003428105, -26.38409000215195 ], [ 27.549960007947746, -26.384199998231388 ], [ 27.549999992705207, -26.384329998830385 ], [ 27.550030003081879, -26.384459999429467 ], [ 27.55005999817007, -26.384580002265324 ], [ 27.550080001790342, -26.384679999682234 ], [ 27.550099999115382, -26.384739997053313 ], [ 27.550109996878533, -26.38481000028133 ], [ 27.550120002735653, -26.384850001226638 ], [ 27.550139999161324, -26.384940008974294 ], [ 27.550160003680965, -26.385049996959861 ], [ 27.550180000106639, -26.385169998896327 ], [ 27.550189997869875, -26.38529000173218 ], [ 27.550210003288708, -26.385390000048478 ], [ 27.550220001051947, -26.385479998802964 ], [ 27.550239996578249, -26.385640001684752 ], [ 27.550260001997259, -26.385820001891673 ], [ 27.550260001997259, -26.385900002882931 ], [ 27.550269999760413, -26.38597999667958 ], [ 27.550269999760413, -26.386059998570119 ], [ 27.55027999842293, -26.386130001798211 ], [ 27.55027999842293, -26.386400000759444 ], [ 27.55026500492573, -26.38646999679295 ], [ 27.550239996578249, -26.386559996446728 ], [ 27.550239996578249, -26.386599997391947 ], [ 27.550229998815098, -26.386639998337266 ], [ 27.550214998123387, -26.386679999282578 ], [ 27.550199997431676, -26.386719999328601 ], [ 27.550109996878533, -26.386750001611304 ], [ 27.545110002824096, -26.387159999834147 ], [ 27.540117997447283, -26.387580994067662 ], [ 27.537510000385861, -26.399240002923889 ], [ 27.537370001124341, -26.399870001399496 ], [ 27.536899998335915, -26.401919998808921 ], [ 27.537280000571286, -26.405859999739228 ], [ 27.541389966173721, -26.417154034031473 ], [ 27.541037919364232, -26.417506079941667 ], [ 27.538513547561884, -26.419121677823188 ], [ 27.534676503717357, -26.421242149705449 ], [ 27.528214113090542, -26.424271394609256 ], [ 27.524780969166098, -26.42629089241078 ], [ 27.518217603559176, -26.429925987194618 ], [ 27.513029876926897, -26.432755656348547 ], [ 27.507891165144837, -26.434952145225374 ], [ 27.503170314358186, -26.43677957122026 ], [ 27.498754035170233, -26.438530854315502 ], [ 27.491748901889931, -26.44119585130748 ], [ 27.483605358200307, -26.441260481985715 ], [ 27.483538858730913, -26.440196507562828 ], [ 27.483399999809748, -26.439610002999252 ], [ 27.483249688921656, -26.439152980125929 ], [ 27.482822218670016, -26.438436340065035 ], [ 27.482678900010765, -26.438271523112324 ], [ 27.482319314184672, -26.437858000446436 ], [ 27.481590101601554, -26.437241940563151 ], [ 27.480408274621805, -26.436613309056931 ], [ 27.475039762674541, -26.43457654427209 ], [ 27.473091004645724, -26.433834759166839 ], [ 27.472298930350949, -26.433445007381149 ], [ 27.471519426779743, -26.432942101996435 ], [ 27.470853076807654, -26.432263180401492 ], [ 27.470186727734845, -26.431357950708861 ], [ 27.46909290930985, -26.42974865437693 ], [ 27.468615148969494, -26.429069731882624 ], [ 27.468124817006288, -26.428478818842439 ], [ 27.467596766577124, -26.428076495433892 ], [ 27.467043571103513, -26.427774752203046 ], [ 27.466377222030705, -26.427523299061001 ], [ 27.46549713828189, -26.427322136907136 ], [ 27.464843360832024, -26.427108402231042 ], [ 27.464453609046426, -26.426869521611135 ], [ 27.463938132038766, -26.426429479736736 ], [ 27.463360010056032, -26.425629998625549 ], [ 27.461329590887502, -26.422824996976022 ], [ 27.460065173768317, -26.42103201321687 ], [ 27.459318961300582, -26.420037061760976 ], [ 27.458914295158213, -26.419570139150633 ], [ 27.458510564310703, -26.419104295726704 ], [ 27.457671074160331, -26.418306261624693 ], [ 27.457356529979403, -26.418091047563813 ], [ 27.456095736228846, -26.41722839897152 ], [ 27.454603310394017, -26.416347452772779 ], [ 27.453722364195357, -26.415912162016713 ], [ 27.453105769215483, -26.415725898931136 ], [ 27.452727412739467, -26.415611604092298 ], [ 27.451887922589094, -26.415487235947182 ], [ 27.451413162387095, -26.41548243986276 ], [ 27.450861880670821, -26.415476871260655 ], [ 27.450314471435277, -26.415547051655121 ], [ 27.450053482781566, -26.41558051183118 ], [ 27.449721832596026, -26.415642697252697 ], [ 27.44823977144782, -26.41609871558326 ], [ 27.446974628575845, -26.416481612736266 ], [ 27.443641815716809, -26.417490295940429 ], [ 27.443068100412038, -26.417622233679122 ], [ 27.442601717394936, -26.417663689727576 ], [ 27.441896960975495, -26.417674054414114 ], [ 27.440653272330177, -26.417477137060214 ], [ 27.439554681203131, -26.417104029927032 ], [ 27.436756184349939, -26.415870146590013 ], [ 27.435904169341438, -26.415520961423184 ], [ 27.435417189151483, -26.415321379378167 ], [ 27.435310999902267, -26.415064997951319 ], [ 27.435122000179728, -26.414607003810218 ], [ 27.44363400240681, -26.41190100312874 ], [ 27.449640997033963, -26.409992998777955 ], [ 27.450318010267527, -26.40977299762573 ], [ 27.451081001386616, -26.409527998918005 ], [ 27.454060001167697, -26.408560000143897 ], [ 27.457783001983518, -26.407353002938777 ], [ 27.461901996779254, -26.40602900393537 ], [ 27.464522901810042, -26.405188652234521 ], [ 27.467019998074033, -26.404387998407373 ], [ 27.473089008150758, -26.402478996708346 ], [ 27.474928995876056, -26.40188999742541 ], [ 27.477679904203772, -26.401010747348113 ], [ 27.4790620030086, -26.400568997661154 ], [ 27.482832002394606, -26.399386999810179 ], [ 27.482850004123961, -26.399272998150337 ], [ 27.496666997383642, -26.396454000351859 ], [ 27.497363998049721, -26.396311000951975 ], [ 27.501275001239918, -26.395508999041144 ], [ 27.501519203148302, -26.395458967957069 ], [ 27.50217799881521, -26.395323996805036 ], [ 27.507240000225437, -26.394311003150303 ], [ 27.507239216916016, -26.39387754970916 ], [ 27.506129375270142, -26.385196998342824 ], [ 27.50660502220363, -26.381352187953112 ], [ 27.508745432055747, -26.363673986964969 ], [ 27.508824706394751, -26.362603782038956 ], [ 27.508507608139279, -26.361652489071087 ], [ 27.507871891774037, -26.360155254561381 ], [ 27.510550641198812, -26.358985224888244 ], [ 27.50977062231599, -26.357363606944926 ], [ 27.50978088537919, -26.355947256560668 ], [ 27.509801412404872, -26.349234986605435 ], [ 27.509544826831902, -26.349214459579667 ], [ 27.509308769184077, -26.349163143364393 ], [ 27.509544826831906, -26.34476013996855 ], [ 27.508867442178378, -26.34476013996855 ], [ 27.508415852109572, -26.344647242676146 ], [ 27.507974526003245, -26.34445223818031 ], [ 27.507410037742755, -26.343939067933654 ], [ 27.506989237762738, -26.343549058042608 ], [ 27.506691599037691, -26.343436160750205 ], [ 27.506174946616134, -26.343351081287437 ], [ 27.510620463663152, -26.337327273834678 ], [ 27.514987066099863, -26.331434992231159 ], [ 27.515647152293926, -26.330550359711388 ], [ 27.525792859352691, -26.316953337026902 ], [ 27.525630000224016, -26.325330002977292 ], [ 27.525599997941224, -26.327120000088009 ], [ 27.525530001907722, -26.330399999360552 ], [ 27.525480003199256, -26.333149999373063 ], [ 27.525480003199256, -26.333190000318286 ], [ 27.525429996396916, -26.33556000439075 ], [ 27.525429996396916, -26.335669999570811 ], [ 27.525390004444855, -26.33780999843276 ], [ 27.525390004444855, -26.337930000369234 ], [ 27.525350002600263, -26.339899995888125 ], [ 27.525350002600263, -26.340010000061447 ], [ 27.525310001654951, -26.341830000354324 ], [ 27.525310001654951, -26.341960000053945 ], [ 27.52528000027144, -26.343609997903151 ], [ 27.52528000027144, -26.343789998109976 ] ] ] } },
{ "type": "Feature", "properties": { "Municipali": "Merafong City Local Municipality", "WardNo": "16", "WardLabel": "GT484_16", "Province": "Gauteng", "CLASSIFICATION": "Mining", "PopGBlack": 5113.6800333000001, "PopGColour": 107.42048087000001, "PopGIndian": 94.943173152, "PopGWhite": 1754.6471208, "PopGOther": 17.6404172, "PopGTotal": 7088.3312253000004 }, "geometry": { "type": "Polygon", "coordinates": [ [ [ 27.390536722091504, -26.354829896582494 ], [ 27.39090340266932, -26.356996384975176 ], [ 27.391900446847558, -26.356702220331158 ], [ 27.39209501697086, -26.356798930726054 ], [ 27.39274699757539, -26.357122999626739 ], [ 27.393497239905166, -26.357536364911322 ], [ 27.393672014151619, -26.357822358315214 ], [ 27.393737002759977, -26.358226999276575 ], [ 27.393870620432281, -26.359037827134042 ], [ 27.394418744628805, -26.359943430045284 ], [ 27.394584987906349, -26.360204665113177 ], [ 27.394585602143277, -26.360205630985096 ], [ 27.394588176902349, -26.360204732562334 ], [ 27.394824187785453, -26.360122414917551 ], [ 27.394833988597171, -26.360118995695135 ], [ 27.394943836288469, -26.360085030100088 ], [ 27.395235001693411, -26.359994996272039 ], [ 27.395613002037859, -26.359876997125777 ], [ 27.395669001922329, -26.359860000838371 ], [ 27.395863668273098, -26.359799805616497 ], [ 27.396221998645764, -26.359689001945906 ], [ 27.396327518799353, -26.359655677567446 ], [ 27.39641200381034, -26.35962899738032 ], [ 27.396454996800131, -26.359615997680162 ], [ 27.397157998642207, -26.359398001116876 ], [ 27.397238541924647, -26.359419354619568 ], [ 27.399844689979972, -26.360110300150229 ], [ 27.40003731936628, -26.360098968692405 ], [ 27.400114795061207, -26.360094410928383 ], [ 27.399855997155967, -26.360973000903286 ], [ 27.39990300382004, -26.361136003923431 ], [ 27.400266002573407, -26.361482997442423 ], [ 27.400537997130328, -26.361744003183173 ], [ 27.400852002617277, -26.362281999214893 ], [ 27.400924001440977, -26.362405001289819 ], [ 27.400952000933572, -26.362458000136556 ], [ 27.401089989311096, -26.362981002671166 ], [ 27.401097999572528, -26.363041997390216 ], [ 27.401147999180271, -26.363440999602471 ], [ 27.40113800141712, -26.363847000338787 ], [ 27.400985004254004, -26.364327000890359 ], [ 27.400753999896668, -26.365050997405632 ], [ 27.401512980938772, -26.365266114339672 ], [ 27.40169771068032, -26.365167975821475 ], [ 27.402275629416213, -26.364860957167512 ], [ 27.40277472257484, -26.364598332646977 ], [ 27.405914092161094, -26.362946394960165 ], [ 27.407487052285116, -26.362136082414295 ], [ 27.412698476053293, -26.359458871729515 ], [ 27.412898514954026, -26.359701024982339 ], [ 27.413000356880474, -26.359824306746336 ], [ 27.41311055081081, -26.36002149839344 ], [ 27.413060004415208, -26.360079003743078 ], [ 27.412919997059721, -26.360238999430265 ], [ 27.412227999322209, -26.361028999888468 ], [ 27.411516004259653, -26.361931998363048 ], [ 27.410968002370897, -26.36288700463151 ], [ 27.410879997413442, -26.363041997390226 ], [ 27.41084599674485, -26.363125996767366 ], [ 27.410417996792567, -26.364219000406521 ], [ 27.410138997416258, -26.365441995651601 ], [ 27.410095996332672, -26.366048000215105 ], [ 27.410066998592551, -26.366450999913784 ], [ 27.41005000320461, -26.366687997353239 ], [ 27.410095007078393, -26.367242996866782 ], [ 27.410150000621535, -26.367932999907971 ], [ 27.410438998660368, -26.369155996052324 ], [ 27.410909999696234, -26.370329000682826 ], [ 27.411006996974884, -26.370494996646819 ], [ 27.411557001653758, -26.371433000332743 ], [ 27.411948000799086, -26.371923996894999 ], [ 27.412363001950485, -26.372446002081361 ], [ 27.412515999113598, -26.372595999106032 ], [ 27.412549999782101, -26.372629998875343 ], [ 27.412592002618332, -26.372672002610855 ], [ 27.412688792153563, -26.372811495554096 ], [ 27.407889945863786, -26.373911783701885 ], [ 27.405066314758052, -26.374561351425232 ], [ 27.397932297836743, -26.376161148218401 ], [ 27.397555996311691, -26.374917991072465 ], [ 27.397148000879053, -26.373411997165899 ], [ 27.397114997558528, -26.37328700039475 ], [ 27.396355958959798, -26.37177921413943 ], [ 27.39538701679685, -26.369841328914166 ], [ 27.394967624255884, -26.368930233843216 ], [ 27.393993995725729, -26.369405998587979 ], [ 27.393834998285982, -26.369229000318068 ], [ 27.393049003408173, -26.368352995894043 ], [ 27.39294944935704, -26.368241041091192 ], [ 27.391860996287409, -26.367017004431169 ], [ 27.389292999271923, -26.365146008081759 ], [ 27.38919900213163, -26.365012001902354 ], [ 27.389115002754576, -26.364888001579992 ], [ 27.387585996096309, -26.362616001127506 ], [ 27.387020000572083, -26.361050999104332 ], [ 27.385901997578607, -26.358427999552546 ], [ 27.38593899838547, -26.358415001650954 ], [ 27.385978001982622, -26.358402002850163 ], [ 27.38602269738902, -26.358389385361864 ], [ 27.385688529101756, -26.356586029721488 ], [ 27.385165076906212, -26.353779715061815 ], [ 27.389309009902345, -26.352419507554206 ], [ 27.389985624736198, -26.352312674390379 ], [ 27.389989873133565, -26.352310273200558 ], [ 27.389990251748216, -26.352310059161901 ], [ 27.390225320141855, -26.353393985044381 ], [ 27.390536722091504, -26.354829896582494 ] ] ] } },
{ "type": "Feature", "properties": { "Municipali": "Merafong City Local Municipality", "WardNo": "17", "WardLabel": "GT484_17", "Province": "Gauteng", "CLASSIFICATION": "Mining", "PopGBlack": 1426.6206073000001, "PopGColour": 35.9144587, "PopGIndian": 25.870509, "PopGWhite": 1843.7186459, "PopGOther": 32.6632558, "PopGTotal": 3364.7874766999998 }, "geometry": { "type": "Polygon", "coordinates": [ [ [ 27.391450641933002, -26.348725974823878 ], [ 27.391618987825428, -26.349452958886957 ], [ 27.391848082022815, -26.349403279437784 ], [ 27.392991998081762, -26.349155000902542 ], [ 27.393008672411767, -26.349216873360014 ], [ 27.393127008803919, -26.349655997026684 ], [ 27.393347999210253, -26.350482000943593 ], [ 27.392770003132586, -26.350606001265959 ], [ 27.391968000322379, -26.350776001910983 ], [ 27.391968155005841, -26.350776590966895 ], [ 27.392178001912715, -26.351574997388237 ], [ 27.392177408360133, -26.351575188044428 ], [ 27.390122134628296, -26.352235517055458 ], [ 27.390121888214029, -26.352235657349638 ], [ 27.389990251748216, -26.352310059161901 ], [ 27.389989873133565, -26.352310273200558 ], [ 27.389985624736198, -26.352312674390379 ], [ 27.389309009902345, -26.352419507554206 ], [ 27.385165076906212, -26.353779715061815 ], [ 27.385688529101756, -26.356586029721488 ], [ 27.38602269738902, -26.358389385361864 ], [ 27.385978001982622, -26.358402002850163 ], [ 27.38593899838547, -26.358415001650954 ], [ 27.385901997578607, -26.358427999552546 ], [ 27.382702285281702, -26.359475017258234 ], [ 27.382629004024729, -26.35949899588195 ], [ 27.381396002023248, -26.361397999817829 ], [ 27.379142009595519, -26.360198997585655 ], [ 27.378161994979479, -26.359677997841331 ], [ 27.3768880027785, -26.359001008889418 ], [ 27.376646003309858, -26.359374995559577 ], [ 27.37643300607774, -26.359657478010167 ], [ 27.37608346028285, -26.359474760052159 ], [ 27.375455864795715, -26.359109325035337 ], [ 27.374939489365389, -26.358863053786877 ], [ 27.374368776896993, -26.356675395353268 ], [ 27.373763740903328, -26.354152118025823 ], [ 27.373144090027118, -26.350894977721065 ], [ 27.372691267887156, -26.348400485893663 ], [ 27.372435146364321, -26.347234458203616 ], [ 27.390101966432031, -26.343337579765461 ], [ 27.390387582120642, -26.344185213277015 ], [ 27.390426395960873, -26.344300402041945 ], [ 27.39042652186594, -26.344300886776516 ], [ 27.390442229424835, -26.344361096387498 ], [ 27.390629327081228, -26.345078304819957 ], [ 27.390687370225471, -26.34535629965351 ], [ 27.390843533002048, -26.346104235222281 ], [ 27.391450641933002, -26.348725974823878 ] ] ] } },
{ "type": "Feature", "properties": { "Municipali": "Merafong City Local Municipality", "WardNo": "18", "WardLabel": "GT484_18", "Province": "Gauteng", "CLASSIFICATION": "Mining", "PopGBlack": 5098.7194763999996, "PopGColour": 60.265024072000003, "PopGIndian": 173.73966228, "PopGWhite": 822.36316791000002, "PopGOther": 21.4153413, "PopGTotal": 6176.502672 }, "geometry": { "type": "Polygon", "coordinates": [ [ [ 27.416945319370498, -26.338855670752576 ], [ 27.418355634404502, -26.342550463433184 ], [ 27.419490598611741, -26.345617953805473 ], [ 27.420820932439554, -26.348956607761256 ], [ 27.420989999588368, -26.349430000094415 ], [ 27.420960000003504, -26.350139999561364 ], [ 27.420810000280817, -26.350789999858595 ], [ 27.419844927001304, -26.352657376436767 ], [ 27.419419350722016, -26.353646296139694 ], [ 27.418936998443186, -26.354646996961364 ], [ 27.418714507068348, -26.355108251144838 ], [ 27.418266999022265, -26.356035997163509 ], [ 27.418152527916337, -26.355993226306342 ], [ 27.417894998954534, -26.355897003344044 ], [ 27.417741109663979, -26.355838959300598 ], [ 27.417720001676265, -26.355830997602453 ], [ 27.417609001054061, -26.355790000208348 ], [ 27.417174002577706, -26.355625998940667 ], [ 27.416881997205916, -26.355519002999586 ], [ 27.416774003017302, -26.355752999401393 ], [ 27.416319991074236, -26.356360001312979 ], [ 27.415231999356806, -26.357600998287488 ], [ 27.414804996752682, -26.358087997363224 ], [ 27.41346600425225, -26.359617004021484 ], [ 27.413271999802408, -26.359836996180466 ], [ 27.413139997312491, -26.359987997747897 ], [ 27.41311055081081, -26.36002149839344 ], [ 27.413000356880474, -26.359824306746336 ], [ 27.412898514954026, -26.359701024982339 ], [ 27.412698476053293, -26.359458871729515 ], [ 27.407487052285116, -26.362136082414295 ], [ 27.405914092161094, -26.362946394960165 ], [ 27.40277472257484, -26.364598332646977 ], [ 27.402275629416213, -26.364860957167512 ], [ 27.40169771068032, -26.365167975821475 ], [ 27.401512980938772, -26.365266114339672 ], [ 27.400753999896668, -26.365050997405632 ], [ 27.400985004254004, -26.364327000890359 ], [ 27.40113800141712, -26.363847000338787 ], [ 27.401147999180271, -26.363440999602471 ], [ 27.401097999572528, -26.363041997390216 ], [ 27.401089989311096, -26.362981002671166 ], [ 27.400952000933572, -26.362458000136556 ], [ 27.400924001440977, -26.362405001289819 ], [ 27.400852002617277, -26.362281999214893 ], [ 27.400537997130328, -26.361744003183173 ], [ 27.400266002573407, -26.361482997442423 ], [ 27.39990300382004, -26.361136003923431 ], [ 27.399855997155967, -26.360973000903286 ], [ 27.400114795061207, -26.360094410928383 ], [ 27.40003731936628, -26.360098968692405 ], [ 27.399844689979972, -26.360110300150229 ], [ 27.397238541924647, -26.359419354619568 ], [ 27.397157998642207, -26.359398001116876 ], [ 27.396454996800131, -26.359615997680162 ], [ 27.39641200381034, -26.35962899738032 ], [ 27.396327518799353, -26.359655677567446 ], [ 27.396221998645764, -26.359689001945906 ], [ 27.395863668273098, -26.359799805616497 ], [ 27.395669001922329, -26.359860000838371 ], [ 27.395613002037859, -26.359876997125777 ], [ 27.395235001693411, -26.359994996272039 ], [ 27.394943836288469, -26.360085030100088 ], [ 27.394833988597171, -26.360118995695135 ], [ 27.394824187785453, -26.360122414917551 ], [ 27.394588176902349, -26.360204732562334 ], [ 27.394585602143277, -26.360205630985096 ], [ 27.394584987906349, -26.360204665113177 ], [ 27.394418744628805, -26.359943430045284 ], [ 27.393870620432281, -26.359037827134042 ], [ 27.393737002759977, -26.358226999276575 ], [ 27.393672014151619, -26.357822358315214 ], [ 27.393497239905166, -26.357536364911322 ], [ 27.39274699757539, -26.357122999626739 ], [ 27.39209501697086, -26.356798930726054 ], [ 27.391900446847558, -26.356702220331158 ], [ 27.39090340266932, -26.356996384975176 ], [ 27.390536722091504, -26.354829896582494 ], [ 27.390225320141855, -26.353393985044381 ], [ 27.389990251748216, -26.352310059161901 ], [ 27.390121888214029, -26.352235657349638 ], [ 27.390122134628296, -26.352235517055458 ], [ 27.392177408360133, -26.351575188044428 ], [ 27.392178001912715, -26.351574997388237 ], [ 27.391968155005841, -26.350776590966895 ], [ 27.391968000322379, -26.350776001910983 ], [ 27.392770003132586, -26.350606001265959 ], [ 27.393347999210253, -26.350482000943593 ], [ 27.393127008803919, -26.349655997026684 ], [ 27.393008672411767, -26.349216873360014 ], [ 27.392991998081762, -26.349155000902542 ], [ 27.391848082022815, -26.349403279437784 ], [ 27.391618987825428, -26.349452958886957 ], [ 27.391450641933002, -26.348725974823878 ], [ 27.390843533002048, -26.346104235222281 ], [ 27.390687370225471, -26.34535629965351 ], [ 27.390629327081228, -26.345078304819957 ], [ 27.390442229424835, -26.344361096387498 ], [ 27.39042652186594, -26.344300886776516 ], [ 27.390426395960873, -26.344300402041945 ], [ 27.390387582120642, -26.344185213277015 ], [ 27.390101966432031, -26.343337579765461 ], [ 27.39662987986452, -26.341874549171102 ], [ 27.397395300951835, -26.341716699266218 ], [ 27.398659266611354, -26.341456037066393 ], [ 27.399362228883209, -26.34131106905058 ], [ 27.399829310673613, -26.341339787101457 ], [ 27.399848998631811, -26.341340997588986 ], [ 27.400404136641061, -26.341555598312226 ], [ 27.400907786664526, -26.341371974736859 ], [ 27.401424780828453, -26.341183487627816 ], [ 27.401822603130043, -26.341072619206003 ], [ 27.402073315230815, -26.341002749077649 ], [ 27.408835082072915, -26.339503678152219 ], [ 27.414204094942598, -26.338302295414575 ], [ 27.416518557784695, -26.337776829637022 ], [ 27.416945319370498, -26.338855670752576 ] ] ] } },
{ "type": "Feature", "properties": { "Municipali": "Merafong City Local Municipality", "WardNo": "19", "WardLabel": "GT484_19", "Province": "Gauteng", "CLASSIFICATION": "Mining", "PopGBlack": 1257.91482, "PopGColour": 17.951715944, "PopGIndian": 4.43876868, "PopGWhite": 162.35451182, "PopGOther": 1.0, "PopGTotal": 1443.6598164 }, "geometry": { "type": "Polygon", "coordinates": [ [ [ 27.475014575361964, -26.355329704702118 ], [ 27.474044845392925, -26.359801234639288 ], [ 27.474475835590944, -26.359828172032493 ], [ 27.474713379818251, -26.359841266161563 ], [ 27.485414314818335, -26.360431142283382 ], [ 27.487773545912024, -26.360593847627953 ], [ 27.48883999976578, -26.358449999667737 ], [ 27.50391000044587, -26.345920000107949 ], [ 27.506691599037691, -26.343436160750205 ], [ 27.506989237762738, -26.343549058042608 ], [ 27.507410037742755, -26.343939067933654 ], [ 27.507974526003245, -26.34445223818031 ], [ 27.508415852109572, -26.344647242676146 ], [ 27.508867442178378, -26.34476013996855 ], [ 27.509544826831906, -26.34476013996855 ], [ 27.509308769184077, -26.349163143364393 ], [ 27.509544826831902, -26.349214459579667 ], [ 27.509801412404872, -26.349234986605435 ], [ 27.50978088537919, -26.355947256560668 ], [ 27.50977062231599, -26.357363606944926 ], [ 27.510550641198812, -26.358985224888244 ], [ 27.507871891774037, -26.360155254561381 ], [ 27.508507608139279, -26.361652489071087 ], [ 27.508824706394751, -26.362603782038956 ], [ 27.508745432055747, -26.363673986964969 ], [ 27.50660502220363, -26.381352187953112 ], [ 27.506129375270142, -26.385196998342824 ], [ 27.507239216916016, -26.39387754970916 ], [ 27.507240000225437, -26.394311003150303 ], [ 27.50217799881521, -26.395323996805036 ], [ 27.501519203148302, -26.395458967957069 ], [ 27.501275001239918, -26.395508999041144 ], [ 27.497363998049721, -26.396311000951975 ], [ 27.496666997383642, -26.396454000351859 ], [ 27.482850004123961, -26.399272998150337 ], [ 27.482832002394606, -26.399386999810179 ], [ 27.4790620030086, -26.400568997661154 ], [ 27.477679904203772, -26.401010747348113 ], [ 27.474928995876056, -26.40188999742541 ], [ 27.473089008150758, -26.402478996708346 ], [ 27.467019998074033, -26.404387998407373 ], [ 27.465156000248786, -26.400329000982623 ], [ 27.46331799912593, -26.395750001161616 ], [ 27.460428000751179, -26.388490000013537 ], [ 27.453863312241666, -26.371965731733173 ], [ 27.461777541400018, -26.367455877187009 ], [ 27.45978906930965, -26.362246080292412 ], [ 27.450721635894325, -26.36427432220221 ], [ 27.444199446646699, -26.365785560954833 ], [ 27.428212131184431, -26.369338297624303 ], [ 27.425984873802427, -26.369843142846733 ], [ 27.42125247931796, -26.370915819109747 ], [ 27.412688792153563, -26.372811495554096 ], [ 27.412592002618332, -26.372672002610855 ], [ 27.412549999782101, -26.372629998875343 ], [ 27.412515999113598, -26.372595999106032 ], [ 27.412363001950485, -26.372446002081361 ], [ 27.411948000799086, -26.371923996894999 ], [ 27.411557001653758, -26.371433000332743 ], [ 27.411006996974884, -26.370494996646819 ], [ 27.410909999696234, -26.370329000682826 ], [ 27.410438998660368, -26.369155996052324 ], [ 27.410150000621535, -26.367932999907971 ], [ 27.410095007078393, -26.367242996866782 ], [ 27.41005000320461, -26.366687997353239 ], [ 27.410066998592551, -26.366450999913784 ], [ 27.410095996332672, -26.366048000215105 ], [ 27.410138997416258, -26.365441995651601 ], [ 27.410417996792567, -26.364219000406521 ], [ 27.41084599674485, -26.363125996767366 ], [ 27.410879997413442, -26.363041997390226 ], [ 27.410968002370897, -26.36288700463151 ], [ 27.411516004259653, -26.361931998363048 ], [ 27.412227999322209, -26.361028999888468 ], [ 27.412919997059721, -26.360238999430265 ], [ 27.413060004415208, -26.360079003743078 ], [ 27.41311055081081, -26.36002149839344 ], [ 27.413139997312491, -26.359987997747897 ], [ 27.413271999802408, -26.359836996180466 ], [ 27.41346600425225, -26.359617004021484 ], [ 27.414804996752682, -26.358087997363224 ], [ 27.415231999356806, -26.357600998287488 ], [ 27.416319991074236, -26.356360001312979 ], [ 27.416774003017302, -26.355752999401393 ], [ 27.416881997205916, -26.355519002999586 ], [ 27.417174002577706, -26.355625998940667 ], [ 27.417609001054061, -26.355790000208348 ], [ 27.417720001676265, -26.355830997602453 ], [ 27.417741109663979, -26.355838959300598 ], [ 27.417894998954534, -26.355897003344044 ], [ 27.418152527916337, -26.355993226306342 ], [ 27.418266999022265, -26.356035997163509 ], [ 27.418714507068348, -26.355108251144838 ], [ 27.418936998443186, -26.354646996961364 ], [ 27.419419350722016, -26.353646296139694 ], [ 27.419844927001304, -26.352657376436767 ], [ 27.420810000280817, -26.350789999858595 ], [ 27.420960000003504, -26.350139999561364 ], [ 27.420989999588368, -26.349430000094415 ], [ 27.420820932439554, -26.348956607761256 ], [ 27.419490598611741, -26.345617953805473 ], [ 27.418355634404502, -26.342550463433184 ], [ 27.416945319370498, -26.338855670752576 ], [ 27.416518557784695, -26.337776829637022 ], [ 27.419611064598438, -26.337074721721031 ], [ 27.424727998397969, -26.335912997286968 ], [ 27.424728430072577, -26.335912924441946 ], [ 27.429901001329679, -26.335043002132821 ], [ 27.431160997381621, -26.33464600990547 ], [ 27.443963001390973, -26.332178003112311 ], [ 27.445507997995318, -26.331813000669467 ], [ 27.445693001130618, -26.331769999585877 ], [ 27.451887000783984, -26.330498010175106 ], [ 27.458998999603729, -26.328185003335271 ], [ 27.466150002919907, -26.3266519991904 ], [ 27.466411000566868, -26.327540004167862 ], [ 27.468579996269384, -26.334926000334629 ], [ 27.468665998436727, -26.335223998788543 ], [ 27.471049997758769, -26.343188997374387 ], [ 27.472531000404981, -26.343261003392598 ], [ 27.476743003086732, -26.343479000855261 ], [ 27.478592000220186, -26.343577003575867 ], [ 27.482852996168447, -26.34380400235289 ], [ 27.477250340330592, -26.350292497600734 ], [ 27.475014575361964, -26.355329704702118 ] ] ] } },
{ "type": "Feature", "properties": { "Municipali": "Merafong City Local Municipality", "WardNo": "20", "WardLabel": "GT484_20", "Province": "Gauteng", "CLASSIFICATION": "Mining", "PopGBlack": 8664.132247, "PopGColour": 22.827656144, "PopGIndian": 1.4106692, "PopGWhite": 5.808692936, "PopGOther": 8.1049503, "PopGTotal": 8702.2842156000006 }, "geometry": { "type": "Polygon", "coordinates": [ [ [ 27.379774595420642, -26.463431653647913 ], [ 27.379991163860534, -26.463768989347376 ], [ 27.380532997299365, -26.463594996611775 ], [ 27.381620367585271, -26.463257611449656 ], [ 27.381660998055992, -26.463245003853807 ], [ 27.381789238681844, -26.463203993869239 ], [ 27.381785554159379, -26.463396385834532 ], [ 27.381779688780973, -26.463444775655837 ], [ 27.381927020215226, -26.463452330860395 ], [ 27.382040607287593, -26.463439450770057 ], [ 27.382005342172235, -26.463809732233333 ], [ 27.382355986938613, -26.463855648919065 ], [ 27.382471920342201, -26.463886739381451 ], [ 27.382455945684782, -26.464195580061954 ], [ 27.38249854477144, -26.46435532573766 ], [ 27.382599716702984, -26.464488447883596 ], [ 27.382738162835409, -26.464605593573271 ], [ 27.38317043816463, -26.464718966607073 ], [ 27.383751412796858, -26.46479498270228 ], [ 27.384042752670329, -26.464802614349143 ], [ 27.384255747204428, -26.464754690376619 ], [ 27.384521989697458, -26.464658843330945 ], [ 27.385038500925468, -26.464477798111862 ], [ 27.385139728614991, -26.464389223883551 ], [ 27.385166298185535, -26.464365976408669 ], [ 27.385235520802063, -26.46440857459605 ], [ 27.385540753402498, -26.464539389081519 ], [ 27.38557098681099, -26.464552345614255 ], [ 27.385858528847482, -26.464600269586775 ], [ 27.386518811993064, -26.464483122997731 ], [ 27.386921812591023, -26.464403517708163 ], [ 27.38704179384316, -26.4645234989603 ], [ 27.387183428971497, -26.464577221761349 ], [ 27.387205002808077, -26.464560999790294 ], [ 27.387254731719914, -26.464617371994088 ], [ 27.387526996972749, -26.464926002233231 ], [ 27.387823000730339, -26.465221001448064 ], [ 27.388465997107552, -26.465653995335661 ], [ 27.388576001280875, -26.465757000984823 ], [ 27.388663998144448, -26.465838997571677 ], [ 27.388849001279837, -26.466123000775912 ], [ 27.389034004415141, -26.466457002688536 ], [ 27.38913299639011, -26.46686499002729 ], [ 27.389137001970514, -26.466936996045508 ], [ 27.389218997657995, -26.468472002980576 ], [ 27.38933200286905, -26.468644996569363 ], [ 27.389585994797258, -26.468987999796347 ], [ 27.386865694895292, -26.470671479405212 ], [ 27.386865694895292, -26.470863865075273 ], [ 27.386865694895292, -26.470947224135106 ], [ 27.386719815866254, -26.471051423184591 ], [ 27.386417639162151, -26.471155622234154 ], [ 27.386063362933264, -26.471280661273536 ], [ 27.385396487757113, -26.47159325842215 ], [ 27.384635835774645, -26.471905854671483 ], [ 27.383781404287745, -26.472260131799654 ], [ 27.383781404287749, -26.472406009929401 ], [ 27.383656365248445, -26.47255188895852 ], [ 27.383516525166975, -26.472605493948397 ], [ 27.383174379893173, -26.472736651075593 ], [ 27.383031170951224, -26.472791546592617 ], [ 27.382749833337574, -26.472885326096968 ], [ 27.382468495723923, -26.472989525146428 ], [ 27.382187159009639, -26.473124983731051 ], [ 27.381895400951393, -26.473291701850627 ], [ 27.38165574421658, -26.473354221819829 ], [ 27.381372944305358, -26.473022664264548 ], [ 27.381353565713916, -26.472999944691665 ], [ 27.381061808555039, -26.472916584732637 ], [ 27.380780470941385, -26.472916584732641 ], [ 27.380624173266405, -26.473041623771849 ], [ 27.380405354722765, -26.473250021870978 ], [ 27.380238772400784, -26.473345213310957 ], [ 27.380040658049371, -26.473458419970111 ], [ 27.379780161324735, -26.473500099949675 ], [ 27.379582182770918, -26.473187502800965 ], [ 27.37957176232641, -26.473031204226711 ], [ 27.37957176232641, -26.472864486107134 ], [ 27.379550923235957, -26.472666507553321 ], [ 27.379290424712757, -26.47246852989878 ], [ 27.37829011509611, -26.472770706602798 ], [ 27.377821219373143, -26.472812386582351 ], [ 27.37492448597563, -26.472718607977377 ], [ 27.373101001709291, -26.472676927997817 ], [ 27.372840504984744, -26.472718607977377 ], [ 27.372569587815597, -26.472843646117404 ], [ 27.372340348827361, -26.473052044216434 ], [ 27.371996493043071, -26.473500099949671 ], [ 27.371944022997695, -26.473565688405749 ], [ 27.371599541285207, -26.4734098511837 ], [ 27.370685828287762, -26.473577365203234 ], [ 27.37018328622904, -26.473668736323162 ], [ 27.369787342611147, -26.473531678743999 ], [ 27.369619828591603, -26.472739794206145 ], [ 27.369223886772357, -26.472359080607095 ], [ 27.368751802053396, -26.471719480969227 ], [ 27.368721344713634, -26.471171254250009 ], [ 27.36829494465535, -26.470440282592939 ], [ 27.367822859936386, -26.469617940715402 ], [ 27.367589135129858, -26.46921423414954 ], [ 27.367984829635553, -26.469092481232995 ], [ 27.369308157744605, -26.468769463639788 ], [ 27.370798203973322, -26.46846728693577 ], [ 27.371100380677426, -26.46835266834098 ], [ 27.371225419716726, -26.468238048846903 ], [ 27.371350458756027, -26.46801923120255 ], [ 27.371444238260366, -26.467696213609337 ], [ 27.371444238260366, -26.46730025830027 ], [ 27.371350458756027, -26.466914720737773 ], [ 27.3713400392108, -26.466487504994365 ], [ 27.37149633778515, -26.466049869705731 ], [ 27.371986072598563, -26.465508035367534 ], [ 27.372454969220808, -26.465122497805044 ], [ 27.372965544024048, -26.464778641121381 ], [ 27.373392759767452, -26.464538984386657 ], [ 27.374528528867913, -26.464070087764327 ], [ 27.37597825489194, -26.463535718698445 ], [ 27.376085999968272, -26.463496003737614 ], [ 27.376833001141456, -26.463175997973945 ], [ 27.377465002407355, -26.462943996268461 ], [ 27.378188721931398, -26.462688024932419 ], [ 27.379236448302841, -26.462347352748179 ], [ 27.379381916341789, -26.462300053804398 ], [ 27.379404873335606, -26.462615714043942 ], [ 27.379455867593666, -26.462826073564404 ], [ 27.379774595420642, -26.463431653647913 ] ] ] } },
{ "type": "Feature", "properties": { "Municipali": "Merafong City Local Municipality", "WardNo": "21", "WardLabel": "GT484_21", "Province": "Gauteng", "CLASSIFICATION": "Mining", "PopGBlack": 5891.4781525, "PopGColour": 1712.6826413, "PopGIndian": 127.55015259, "PopGWhite": 6030.4214605999996, "PopGOther": 34.1436202, "PopGTotal": 13796.276027 }, "geometry": { "type": "Polygon", "coordinates": [ [ [ 27.53538999794976, -26.432939999381489 ], [ 27.535320002815538, -26.433079997743715 ], [ 27.542829999304683, -26.431699998855933 ], [ 27.543120002785557, -26.432689995946635 ], [ 27.543149996974467, -26.432819997445009 ], [ 27.549140004307461, -26.444739996753498 ], [ 27.549389998749142, -26.444260003396437 ], [ 27.550440001304715, -26.440600000089969 ], [ 27.551460000678212, -26.441560002991771 ], [ 27.552940005976172, -26.44547000073992 ], [ 27.555970002713156, -26.453459997780712 ], [ 27.557090001302228, -26.456379999337535 ], [ 27.580930000818622, -26.454519998998808 ], [ 27.58615000232043, -26.453159995637321 ], [ 27.586420001281752, -26.45313000234778 ], [ 27.600560001342739, -26.451890001822239 ], [ 27.601379309807012, -26.451818977863521 ], [ 27.605520000747187, -26.451459999079756 ], [ 27.611949999592564, -26.450889997975043 ], [ 27.615589999278853, -26.449720000677512 ], [ 27.61357000415213, -26.442980001925594 ], [ 27.624359999913906, -26.444899999635393 ], [ 27.629129995053052, -26.451639999286591 ], [ 27.629908003051703, -26.452737000412263 ], [ 27.629899999984779, -26.452939996283838 ], [ 27.629819998094245, -26.45405000430436 ], [ 27.629729998440471, -26.45539000224683 ], [ 27.629450000816625, -26.459409996074523 ], [ 27.629379996689241, -26.460109997778236 ], [ 27.629019998074234, -26.464069995134224 ], [ 27.628529998860145, -26.469470004037547 ], [ 27.627909999047048, -26.476350002051063 ], [ 27.627890001722012, -26.476620001012304 ], [ 27.627559998195107, -26.480179997908589 ], [ 27.627019999373267, -26.486159999384558 ], [ 27.626560009636481, -26.491299998995821 ], [ 27.626329996331986, -26.493800002767909 ], [ 27.61798999843942, -26.492840000765487 ], [ 27.607150003069901, -26.491600001139208 ], [ 27.606919996060732, -26.493659997211154 ], [ 27.605939996733262, -26.502720001327074 ], [ 27.604079997293809, -26.521270004207405 ], [ 27.603109995729493, -26.530649998798506 ], [ 27.612149996225146, -26.532869997752236 ], [ 27.612470001988722, -26.532959997406017 ], [ 27.610830001902851, -26.538189996671058 ], [ 27.608530001957774, -26.545539998372284 ], [ 27.604990000587772, -26.556990002986325 ], [ 27.604959998305066, -26.558820001042257 ], [ 27.60494000187931, -26.559780003044779 ], [ 27.604580003264303, -26.579929997871158 ], [ 27.604370000774679, -26.59196000225235 ], [ 27.571939999930787, -26.582229997816224 ], [ 27.56073999785238, -26.578859998889907 ], [ 27.557279998372916, -26.577820002191366 ], [ 27.545690002591222, -26.574429998745501 ], [ 27.545657996618949, -26.574420990236625 ], [ 27.546240997423826, -26.572334996562915 ], [ 27.548108999930108, -26.56559800604316 ], [ 27.522328990989848, -26.551785003075505 ], [ 27.518927002279014, -26.552468997746082 ], [ 27.516800002217952, -26.552896996798996 ], [ 27.510435003672114, -26.554176990175968 ], [ 27.491854997609682, -26.562460997177311 ], [ 27.489845997594351, -26.547657997118954 ], [ 27.488601003133407, -26.538496989244706 ], [ 27.488602001380844, -26.537990000937818 ], [ 27.486435001273936, -26.5221640085622 ], [ 27.481883002697984, -26.522486001827581 ], [ 27.478572002895206, -26.511472997580807 ], [ 27.49642400686206, -26.50552200193885 ], [ 27.497526003721692, -26.503845001945315 ], [ 27.497205997958027, -26.503290002431676 ], [ 27.496274999990863, -26.503935001599089 ], [ 27.494612011434754, -26.50309999636773 ], [ 27.489592067719364, -26.504026109217609 ], [ 27.489620721019012, -26.503983129717643 ], [ 27.489685295039894, -26.503652189996593 ], [ 27.489630931022255, -26.503350168875237 ], [ 27.489612648704369, -26.503248603939934 ], [ 27.489653007579811, -26.502966093610308 ], [ 27.489725653016055, -26.502723942156223 ], [ 27.48993551790943, -26.502441431826693 ], [ 27.490048522221119, -26.502368787289726 ], [ 27.49023417196905, -26.502368787289733 ], [ 27.490298745090659, -26.502522149577576 ], [ 27.49029660740214, -26.502571323607761 ], [ 27.490290673675297, -26.502707799325503 ], [ 27.490306817405294, -26.502869233028704 ], [ 27.490363319111541, -26.503006453385122 ], [ 27.490589326835543, -26.503079097922086 ], [ 27.49079112031356, -26.503119456797528 ], [ 27.490936411186048, -26.503103313067534 ], [ 27.491009055722923, -26.503022596215835 ], [ 27.491017128037651, -26.502958022195038 ], [ 27.490280497846321, -26.501132332790942 ], [ 27.489618729020712, -26.499523326939986 ], [ 27.492265803423678, -26.498627994286551 ], [ 27.492136044742278, -26.492711004709129 ], [ 27.489449581832368, -26.49275054340287 ], [ 27.486383962049803, -26.492803802153794 ], [ 27.486165998761408, -26.48722900011823 ], [ 27.485923001944602, -26.480052000999134 ], [ 27.485905716075511, -26.47980636557131 ], [ 27.485756271234564, -26.47558618895151 ], [ 27.485903824801269, -26.475489560394969 ], [ 27.48685560969821, -26.475275408433387 ], [ 27.490234443564333, -26.477155183065253 ], [ 27.490638953224767, -26.477726252564587 ], [ 27.494541268964031, -26.47763107461445 ], [ 27.494605478759468, -26.479664405787741 ], [ 27.495306222403823, -26.479652970907949 ], [ 27.495283820291657, -26.47886145779006 ], [ 27.495374551993631, -26.478360905031796 ], [ 27.496061606157863, -26.477634021692758 ], [ 27.496678958366861, -26.477175986182878 ], [ 27.498102852264498, -26.476459061036881 ], [ 27.497684645929336, -26.475652519348333 ], [ 27.501040255702854, -26.474129051614501 ], [ 27.501783002183441, -26.473801003213786 ], [ 27.501984015949255, -26.473741248659778 ], [ 27.502204703284061, -26.473655427256187 ], [ 27.502413129262138, -26.473434739921391 ], [ 27.502695117085629, -26.473410219006482 ], [ 27.503087449026165, -26.473336657160981 ], [ 27.503430740036272, -26.473054669337582 ], [ 27.502609294782765, -26.471779589856293 ], [ 27.502118880081913, -26.471080749177275 ], [ 27.501113529765227, -26.469940534727929 ], [ 27.500100001013902, -26.468829998805415 ], [ 27.494664575909045, -26.463883912812385 ], [ 27.494161900750743, -26.463418019026424 ], [ 27.491420277923133, -26.459934073298868 ], [ 27.488819363022792, -26.456628934377829 ], [ 27.485173301006657, -26.451826190426406 ], [ 27.484784508797652, -26.45112001667545 ], [ 27.48455724202265, -26.450707226057684 ], [ 27.484345014610295, -26.450127683146061 ], [ 27.484230353747446, -26.449814568887277 ], [ 27.484054336637936, -26.449110502247887 ], [ 27.48392861141588, -26.448205272555349 ], [ 27.483901901551164, -26.447597648312787 ], [ 27.483828030338991, -26.445917053729023 ], [ 27.483626868185038, -26.441604642640169 ], [ 27.483605358200307, -26.441260481985715 ], [ 27.491748901889931, -26.44119585130748 ], [ 27.498754035170233, -26.438530854315502 ], [ 27.503170314358186, -26.43677957122026 ], [ 27.507891165144837, -26.434952145225374 ], [ 27.513029876926897, -26.432755656348547 ], [ 27.518217603559176, -26.429925987194618 ], [ 27.524780969166098, -26.42629089241078 ], [ 27.528214113090542, -26.424271394609256 ], [ 27.534676503717357, -26.421242149705449 ], [ 27.538513547561884, -26.419121677823188 ], [ 27.541037919364232, -26.417506079941667 ], [ 27.541389966173721, -26.417154034031473 ], [ 27.542080006087104, -26.419050002755441 ], [ 27.542640001334703, -26.420579997768712 ], [ 27.545100005060849, -26.426680001181143 ], [ 27.545139989818399, -26.426770000834914 ], [ 27.538529998859985, -26.429579998218404 ], [ 27.535389997949764, -26.431850003974482 ], [ 27.535339999241209, -26.43192999687194 ], [ 27.535320002815538, -26.431960000054012 ], [ 27.535299991101386, -26.431979995580313 ], [ 27.535305002123827, -26.432059998370221 ], [ 27.535330000578778, -26.432099999315533 ], [ 27.53537000242337, -26.432124997770483 ], [ 27.535405000440122, -26.432160003881112 ], [ 27.535429998894983, -26.432199996732546 ], [ 27.535439996658223, -26.43225000263552 ], [ 27.535429998894987, -26.432289996386324 ], [ 27.535410003368682, -26.432329997331543 ], [ 27.535410003368682, -26.432369998276851 ], [ 27.535435001823544, -26.432390001897122 ], [ 27.535464996911735, -26.432430002842345 ], [ 27.535469999840295, -26.432470003787657 ], [ 27.535479997603449, -26.432499997976574 ], [ 27.535479997603446, -26.432620000812413 ], [ 27.535500002123086, -26.432689995946635 ], [ 27.535489996266055, -26.432719999128704 ], [ 27.535479997603449, -26.43276999783717 ], [ 27.535479997603446, -26.432800000119965 ], [ 27.535464996911735, -26.432840001065188 ], [ 27.535439996658223, -26.432870004247352 ], [ 27.535414998203272, -26.432909996199406 ], [ 27.53538999794976, -26.432939999381489 ] ] ] } },
{ "type": "Feature", "properties": { "Municipali": "Merafong City Local Municipality", "WardNo": "22", "WardLabel": "GT484_22", "Province": "Gauteng", "CLASSIFICATION": "Mining", "PopGBlack": 16831.141263000001, "PopGColour": 145.23826088000001, "PopGIndian": 15.416400208000001, "PopGWhite": 272.66092257999998, "PopGOther": 3.1124387, "PopGTotal": 17267.569286000002 }, "geometry": { "type": "Polygon", "coordinates": [ [ [ 27.358977452047107, -26.477273238868918 ], [ 27.360500307342669, -26.480223769711149 ], [ 27.361975573213467, -26.479462343412425 ], [ 27.362594233036841, -26.478462969090735 ], [ 27.363355660234934, -26.477130470594751 ], [ 27.364688157831644, -26.476035919222277 ], [ 27.366421843892315, -26.475813319029417 ], [ 27.366432264336911, -26.475448622356019 ], [ 27.366536464285758, -26.475104764773079 ], [ 27.366703182405335, -26.474781748978533 ], [ 27.366890739615368, -26.474323272800799 ], [ 27.367119977704235, -26.474021096096692 ], [ 27.367401315317796, -26.473739757583758 ], [ 27.367599292972422, -26.473427161334435 ], [ 27.367599292972422, -26.473041623771845 ], [ 27.367557613892146, -26.47238517083894 ], [ 27.3675471952462, -26.471843335601463 ], [ 27.367505515266643, -26.47127024082894 ], [ 27.367588874326476, -26.470832604641025 ], [ 27.367620133861436, -26.470342868928242 ], [ 27.367442995297353, -26.469655155560925 ], [ 27.367359636237609, -26.469373818846641 ], [ 27.367578453881883, -26.469217520272384 ], [ 27.367589135129858, -26.46921423414954 ], [ 27.367822859936386, -26.469617940715402 ], [ 27.36829494465535, -26.470440282592939 ], [ 27.368721344713634, -26.471171254250009 ], [ 27.368751802053396, -26.471719480969227 ], [ 27.369223886772357, -26.472359080607095 ], [ 27.369619828591603, -26.472739794206145 ], [ 27.369787342611147, -26.473531678743999 ], [ 27.37018328622904, -26.473668736323162 ], [ 27.370685828287762, -26.473577365203234 ], [ 27.371599541285207, -26.4734098511837 ], [ 27.371944022745542, -26.473565688204054 ], [ 27.371996493043071, -26.473500099949671 ], [ 27.372340348827361, -26.473052044216434 ], [ 27.372569587815597, -26.472843646117404 ], [ 27.372840504984744, -26.472718607977377 ], [ 27.373101001709291, -26.472676927997817 ], [ 27.37492448597563, -26.472718607977377 ], [ 27.377821219373143, -26.472812386582351 ], [ 27.37829011509611, -26.472770706602798 ], [ 27.379290424712757, -26.47246852989878 ], [ 27.379550923235957, -26.472666507553321 ], [ 27.37957176232641, -26.472864486107134 ], [ 27.37957176232641, -26.473031204226711 ], [ 27.379582182770918, -26.473187502800965 ], [ 27.379780161324735, -26.473500099949675 ], [ 27.380040658049371, -26.473458419970111 ], [ 27.380238772400784, -26.473345213310957 ], [ 27.380405354722765, -26.473250021870978 ], [ 27.380624173266405, -26.473041623771849 ], [ 27.380780470941385, -26.472916584732641 ], [ 27.381061808555039, -26.472916584732637 ], [ 27.381353565713916, -26.472999944691665 ], [ 27.381372944305358, -26.473022664264548 ], [ 27.38165574421658, -26.473354221819829 ], [ 27.381895400951393, -26.473291701850627 ], [ 27.382187159009639, -26.473124983731051 ], [ 27.382468495723923, -26.472989525146428 ], [ 27.382749833337574, -26.472885326096968 ], [ 27.383031170951224, -26.472791546592617 ], [ 27.383174379893173, -26.472736651075593 ], [ 27.383516525166975, -26.472605493948397 ], [ 27.383656365248445, -26.47255188895852 ], [ 27.383781404287749, -26.472406009929401 ], [ 27.383781404287745, -26.472260131799654 ], [ 27.384635835774645, -26.471905854671483 ], [ 27.385396487757113, -26.47159325842215 ], [ 27.386063362933264, -26.471280661273536 ], [ 27.386417639162151, -26.471155622234154 ], [ 27.386719815866254, -26.471051423184591 ], [ 27.386865694895292, -26.470947224135106 ], [ 27.386865694895292, -26.470863865075273 ], [ 27.386865694895292, -26.470671479405212 ], [ 27.389585994797258, -26.468987999796347 ], [ 27.390547489674393, -26.468977501110775 ], [ 27.391433256239207, -26.468738344399103 ], [ 27.391938142830405, -26.468490330264537 ], [ 27.392877054831622, -26.468313177311249 ], [ 27.394142502573864, -26.468128965579258 ], [ 27.395913441251789, -26.4768522050652 ], [ 27.396472002080671, -26.47926799991826 ], [ 27.397572003344703, -26.484137003220134 ], [ 27.39858900257984, -26.488946001057151 ], [ 27.399718998932066, -26.494281999814483 ], [ 27.399920000107322, -26.495180001655729 ], [ 27.400068998884638, -26.495851995773059 ], [ 27.40011800114431, -26.496089000407018 ], [ 27.400968997220854, -26.500118002743672 ], [ 27.400989000841214, -26.500211003435091 ], [ 27.401659997610295, -26.503492998303226 ], [ 27.402853996913901, -26.509314997888858 ], [ 27.402942000972079, -26.509329002131771 ], [ 27.403062003807925, -26.509346995767245 ], [ 27.403748998616877, -26.510201997424275 ], [ 27.404180987961709, -26.510384000421311 ], [ 27.404640003732613, -26.510576997630281 ], [ 27.408407002980265, -26.513691001838289 ], [ 27.418545999297915, -26.528051001252745 ], [ 27.457297050617949, -26.540339886276744 ], [ 27.457372007311864, -26.537835999232019 ], [ 27.457740000899829, -26.527800997817831 ], [ 27.457886000438155, -26.523809004382013 ], [ 27.458149001774512, -26.516571001550524 ], [ 27.45814903235156, -26.516552896399098 ], [ 27.45814999912276, -26.51597399830138 ], [ 27.45814999912276, -26.515678001738475 ], [ 27.458170002743028, -26.512472011274344 ], [ 27.458180002304829, -26.509869000953639 ], [ 27.458180002304829, -26.50953700093185 ], [ 27.458177001267188, -26.508048004212057 ], [ 27.458186999929623, -26.504416997746247 ], [ 27.458295997761628, -26.504416997746251 ], [ 27.460533460650286, -26.504426833631516 ], [ 27.460564633850307, -26.504915215864568 ], [ 27.46054385231648, -26.50590237199696 ], [ 27.46054385231648, -26.507824726829696 ], [ 27.460938714050013, -26.508458584296307 ], [ 27.461177708883714, -26.508624841962877 ], [ 27.461768996041883, -26.508827002364264 ], [ 27.462566003118134, -26.509071003723918 ], [ 27.462759009320354, -26.509161004276972 ], [ 27.462909995599389, -26.509302997335435 ], [ 27.462906371331481, -26.509306621603347 ], [ 27.462434997077008, -26.509778003052407 ], [ 27.462154003004461, -26.509794001991658 ], [ 27.462374003257231, -26.513174996928573 ], [ 27.462379238210858, -26.513175183088272 ], [ 27.464291997277378, -26.513242998265749 ], [ 27.466739999550896, -26.513345995821037 ], [ 27.468435002173155, -26.512948997298444 ], [ 27.46895025794765, -26.512729329794787 ], [ 27.471516861913194, -26.511253792328716 ], [ 27.474966709845319, -26.509217134563176 ], [ 27.480383001873633, -26.505971003758837 ], [ 27.481789382373695, -26.502603003126133 ], [ 27.481975890074889, -26.502156354831968 ], [ 27.48729499686619, -26.503057003378022 ], [ 27.48753399709593, -26.503098999019567 ], [ 27.487594720219789, -26.50355532941499 ], [ 27.487691580801393, -26.503676405142031 ], [ 27.487885301964681, -26.503749050578282 ], [ 27.488111309688772, -26.503740979162924 ], [ 27.488426106579197, -26.503708691702837 ], [ 27.488708616908728, -26.503700620287482 ], [ 27.488999198653701, -26.503749050578282 ], [ 27.489087987819943, -26.503894342350051 ], [ 27.489127703680232, -26.504013490829927 ], [ 27.489168704671545, -26.504144565219494 ], [ 27.489249422422521, -26.504225282071101 ], [ 27.489370498149562, -26.50424142490191 ], [ 27.489507716707323, -26.504168780364942 ], [ 27.489592067719364, -26.504026109217609 ], [ 27.494612011434754, -26.50309999636773 ], [ 27.496274999990863, -26.503935001599089 ], [ 27.497205997958027, -26.503290002431676 ], [ 27.497526003721692, -26.503845001945315 ], [ 27.49642400686206, -26.50552200193885 ], [ 27.478572002895206, -26.511472997580807 ], [ 27.481883002697984, -26.522486001827581 ], [ 27.486435001273936, -26.5221640085622 ], [ 27.488602001380844, -26.537990000937818 ], [ 27.488601003133407, -26.538496989244706 ], [ 27.489845997594351, -26.547657997118954 ], [ 27.491854997609682, -26.562460997177311 ], [ 27.510435003672114, -26.554176990175968 ], [ 27.516800002217952, -26.552896996798996 ], [ 27.518927002279014, -26.552468997746082 ], [ 27.522328990989848, -26.551785003075505 ], [ 27.548108999930108, -26.56559800604316 ], [ 27.546240997423826, -26.572334996562915 ], [ 27.545657996618949, -26.574420990236625 ], [ 27.545690002591222, -26.574429998745501 ], [ 27.561470001838799, -26.583479997004293 ], [ 27.565770001384209, -26.58598000077647 ], [ 27.56591999840888, -26.586060002667097 ], [ 27.567370001424138, -26.586900002732953 ], [ 27.569620001761386, -26.588199999730204 ], [ 27.572919999258254, -26.590109999676859 ], [ 27.58262999827555, -26.595730000738982 ], [ 27.582719997029955, -26.595780000346814 ], [ 27.582369997077464, -26.597159999234592 ], [ 27.579600000639282, -26.607529999010282 ], [ 27.579292435197456, -26.607958837130667 ], [ 27.577557410945449, -26.610590889258216 ], [ 27.576256493941727, -26.612564293207615 ], [ 27.57514258286368, -26.614253924179287 ], [ 27.573777865255959, -26.616323694982572 ], [ 27.573604735869576, -26.61658659739361 ], [ 27.57351183860014, -26.61672750497041 ], [ 27.572747781784457, -26.617886345278656 ], [ 27.569938684622283, -26.622146301610613 ], [ 27.56993903265997, -26.622146358267873 ], [ 27.572623866897661, -26.622581196664985 ], [ 27.575280099996384, -26.623011403553498 ], [ 27.575488630295723, -26.623045189284156 ], [ 27.574959998005248, -26.6250500038546 ], [ 27.574439995608994, -26.627000003847186 ], [ 27.574079996993987, -26.628340001789653 ], [ 27.573549996834579, -26.630340001389992 ], [ 27.573329996581808, -26.631180000556657 ], [ 27.570420001781386, -26.642160003281564 ], [ 27.569090001601975, -26.647160003631324 ], [ 27.565339998641722, -26.647099999065823 ], [ 27.564080002589783, -26.64708000174069 ], [ 27.560329992434845, -26.647019997175196 ], [ 27.559070002678222, -26.647009999412052 ], [ 27.556569998006673, -26.646969997567364 ], [ 27.556269996762648, -26.646959999804217 ], [ 27.555970002713135, -26.64695999980421 ], [ 27.555679999232261, -26.646950010134859 ], [ 27.555080003039354, -26.646950010134855 ], [ 27.55478999955848, -26.646940004277827 ], [ 27.554489990220574, -26.646940004277827 ], [ 27.554189996171061, -26.646929996622145 ], [ 27.553899999884784, -26.646929996622145 ], [ 27.553599998640671, -26.646919998858909 ], [ 27.553199999080348, -26.646919998858909 ], [ 27.553069997581986, -26.646910009189636 ], [ 27.552539998321951, -26.646910009189639 ], [ 27.552410004917466, -26.646900003332604 ], [ 27.551999992305515, -26.646900003332604 ], [ 27.551929996272012, -26.646889996576114 ], [ 27.551569996757632, -26.646889996576114 ], [ 27.551270002708119, -26.646879997913594 ], [ 27.550960002801574, -26.646870000150436 ], [ 27.550650002895029, -26.646870000150436 ], [ 27.550030003081851, -26.646850003724772 ], [ 27.549720003175302, -26.646850003724769 ], [ 27.549100003362124, -26.646829999205131 ], [ 27.548790002556302, -26.646829999205131 ], [ 27.548480002649665, -26.646820001441981 ], [ 27.545839999615968, -26.646780001395946 ], [ 27.545170001094331, -26.646770001834138 ], [ 27.543849998678155, -26.64674999821387 ], [ 27.543189997919754, -26.64674999821387 ], [ 27.541869996402855, -26.6467300017882 ], [ 27.541740003897743, -26.646720003125687 ], [ 27.541120004084561, -26.646720003125679 ], [ 27.541000001248715, -26.646709997268562 ], [ 27.54062999587731, -26.646709997268562 ], [ 27.539669993874789, -26.646699998606039 ], [ 27.538700001303638, -26.646680003079737 ], [ 27.537739998401836, -26.646669996323336 ], [ 27.536769988743643, -26.646659997660826 ], [ 27.535810002029606, -26.646640002134433 ], [ 27.534840002263941, -26.646630004371275 ], [ 27.533879999362142, -26.646619996715597 ], [ 27.532909997797827, -26.646600001189203 ], [ 27.531950002989912, -26.646590003425963 ], [ 27.530980002324874, -26.646579988575677 ], [ 27.528980002724627, -26.646550001581371 ], [ 27.525989998838984, -26.646510000636063 ], [ 27.519540003567933, -26.646410003219128 ], [ 27.516789996360913, -26.64638000093634 ], [ 27.506530000758534, -26.646230003911583 ], [ 27.495890002021515, -26.642930000119392 ], [ 27.494309999306626, -26.642510003234118 ], [ 27.489869999600412, -26.641129997151655 ], [ 27.48405000280497, -26.63926999591364 ], [ 27.479890001621882, -26.63796999891639 ], [ 27.477110000225949, -26.637110009619285 ], [ 27.469539999171221, -26.634739990258421 ], [ 27.464089998754027, -26.633059998220403 ], [ 27.463699996956858, -26.632929996722034 ], [ 27.460859998189939, -26.632039997947626 ], [ 27.459089996605616, -26.631499999125701 ], [ 27.454829998005508, -26.630330001828167 ], [ 27.451999997001742, -26.630539996223813 ], [ 27.450139996663015, -26.63068000268002 ], [ 27.449270002408237, -26.630690001342536 ], [ 27.44246999819136, -26.631279998872834 ], [ 27.441920000707004, -26.631300003392472 ], [ 27.441319998218862, -26.631300003392475 ], [ 27.440879996813862, -26.631310001155718 ], [ 27.437050000056956, -26.631679999332526 ], [ 27.435800001768165, -26.631779996749444 ], [ 27.434669998221338, -26.631809999032242 ], [ 27.432819995645758, -26.635849998278761 ], [ 27.425759000976605, -26.649468000347959 ], [ 27.422990002785859, -26.647819997195171 ], [ 27.409279998272744, -26.63633999659357 ], [ 27.404259999698663, -26.632349997854156 ], [ 27.39622000394948, -26.625670003667732 ], [ 27.38332999498267, -26.614820003340473 ], [ 27.378349998253178, -26.610679997683778 ], [ 27.385389999148504, -26.604270003357961 ], [ 27.385110002424032, -26.60397999987709 ], [ 27.381849997778591, -26.59885000612293 ], [ 27.379689996195744, -26.595540002768949 ], [ 27.37484000006534, -26.587880002060459 ], [ 27.373979994580466, -26.586789998559578 ], [ 27.37262000111151, -26.584650000597005 ], [ 27.370159997385276, -26.580809998882359 ], [ 27.368670002418039, -26.578679990589059 ], [ 27.365830001852473, -26.57383000255254 ], [ 27.356480002349546, -26.573160004030985 ], [ 27.353030000633318, -26.572839990173346 ], [ 27.347339997242354, -26.572460002327269 ], [ 27.338639998936117, -26.571729998340761 ], [ 27.338689997644579, -26.576699997307003 ], [ 27.338850001425737, -26.578119996240815 ], [ 27.337449998018307, -26.580679990189374 ], [ 27.334460002226631, -26.58594999939298 ], [ 27.333809999231374, -26.587180001256005 ], [ 27.331499999724493, -26.590320002166315 ], [ 27.334669995722994, -26.595959998754925 ], [ 27.344219999952394, -26.613130003646752 ], [ 27.325410003967718, -26.616889997175637 ], [ 27.312570001803333, -26.619499997926525 ], [ 27.310009999760887, -26.620029998085936 ], [ 27.308850002025149, -26.620249998338707 ], [ 27.303940000429876, -26.621330003177068 ], [ 27.303390002945516, -26.621449997919022 ], [ 27.299110997173926, -26.622118001744347 ], [ 27.299060001117304, -26.621979998078423 ], [ 27.298819996344889, -26.622019999023653 ], [ 27.298449999067362, -26.622000001698698 ], [ 27.297950001190838, -26.621959993558796 ], [ 27.297600001238262, -26.621809997433402 ], [ 27.297370002322968, -26.621640003083691 ], [ 27.29720999944109, -26.621470002438667 ], [ 27.297110001124796, -26.621319997320029 ], [ 27.297020000571742, -26.621179998058423 ], [ 27.296909997297696, -26.62095999780556 ], [ 27.296899998635176, -26.620710003363968 ], [ 27.296909997297696, -26.620349995755621 ], [ 27.296880003108875, -26.620280000621491 ], [ 27.296809990887521, -26.620280000621491 ], [ 27.296700002901961, -26.620310002904283 ], [ 27.29654999778332, -26.620360001612745 ], [ 27.296409999421083, -26.620459999929047 ], [ 27.29619999693146, -26.620630002372632 ], [ 27.295839998316456, -26.620930002717365 ], [ 27.295650001245665, -26.621089999304015 ], [ 27.295470001038836, -26.621200002578064 ], [ 27.295309998157045, -26.621259999949043 ], [ 27.295120000187065, -26.621319997320029 ], [ 27.294899999934206, -26.62139000774264 ], [ 27.294649997398643, -26.621510003383893 ], [ 27.294540001319199, -26.621589996281262 ], [ 27.294339996592729, -26.621749999163143 ], [ 27.294159998184547, -26.621880007856014 ], [ 27.293939997032407, -26.622000001698702 ], [ 27.293690001691356, -26.622159997385978 ], [ 27.293489998763537, -26.622239999276513 ], [ 27.293300008887439, -26.622299995748204 ], [ 27.293150003768798, -26.622299995748211 ], [ 27.292909998996389, -26.622249997039667 ], [ 27.29272999968893, -26.622180001905534 ], [ 27.292540001718862, -26.622140000960304 ], [ 27.292410002019146, -26.622130003197061 ], [ 27.292200000428799, -26.622140000960311 ], [ 27.292079996693673, -26.622159997385978 ], [ 27.291929999668831, -26.622189999668681 ], [ 27.291759999023892, -26.622230000613989 ], [ 27.291570001053824, -26.622220002850835 ], [ 27.291300010186472, -26.622209996094437 ], [ 27.29113999921071, -26.622209996094433 ], [ 27.290879998012628, -26.622189999668677 ], [ 27.290550000781042, -26.622159997385968 ], [ 27.290100003411542, -26.622130003197068 ], [ 27.289589998778613, -26.622069997732201 ], [ 27.289350002099994, -26.622019999023649 ], [ 27.289090000901997, -26.621989995841581 ], [ 27.288849996129585, -26.621950002990236 ], [ 27.288640001733846, -26.621860004235746 ], [ 27.28830000044379, -26.621780002345208 ], [ 27.287869996802026, -26.621730002737376 ], [ 27.28772999933916, -26.621709999117101 ], [ 27.287559996895482, -26.621669998171882 ], [ 27.287299995697399, -26.621539996673434 ], [ 27.287040002593198, -26.621460003776139 ], [ 27.286820003239704, -26.621409996973707 ], [ 27.286700000403769, -26.621409996973711 ], [ 27.286440007299657, -26.621369996028484 ], [ 27.286189996670124, -26.6214099969737 ], [ 27.2860899992532, -26.621499996627485 ], [ 27.285900001283132, -26.621679995935036 ], [ 27.28575000425846, -26.621839998816817 ], [ 27.285680001030357, -26.621860004235739 ], [ 27.28545000211507, -26.62184999658006 ], [ 27.285299996996429, -26.621880007856007 ], [ 27.285230001862207, -26.621959993558782 ], [ 27.285209997342655, -26.622019999023646 ], [ 27.285209997342655, -26.622189999668677 ], [ 27.285199998680138, -26.622310001605239 ], [ 27.285119997688881, -26.622370007070103 ], [ 27.285029998035107, -26.622370007070106 ], [ 27.284899997436021, -26.622360001213071 ], [ 27.284780002694056, -26.622329998930276 ], [ 27.284629997575419, -26.622230000613982 ], [ 27.284470002787511, -26.62211999733994 ], [ 27.284350000851031, -26.622090002251749 ], [ 27.284260001197257, -26.622109997778143 ], [ 27.284210001589425, -26.622149998723454 ], [ 27.284179999306637, -26.622189999668674 ], [ 27.284179999306637, -26.622280000221821 ], [ 27.284170000644114, -26.622350002550558 ], [ 27.284200003826189, -26.62241999768468 ], [ 27.284309999905719, -26.622480004048914 ], [ 27.284489999213179, -26.62263999883691 ], [ 27.284740001748833, -26.622890002271763 ], [ 27.284960002900974, -26.623100003862007 ], [ 27.285020000271867, -26.623190002616496 ], [ 27.285069998980422, -26.623349999203054 ], [ 27.285109999925641, -26.623519999848074 ], [ 27.285149999971672, -26.623720003675182 ], [ 27.285209997342655, -26.623799996572558 ], [ 27.285360001561923, -26.624030003581826 ], [ 27.285490003060289, -26.62417000194397 ], [ 27.285599999139734, -26.624239997977469 ], [ 27.285729999738823, -26.624279998922781 ], [ 27.285829998055114, -26.62437000577107 ], [ 27.285890002620608, -26.624449999567812 ], [ 27.285890002620608, -26.624639998437154 ], [ 27.285860000337905, -26.624689997145619 ], [ 27.285800002966834, -26.624750001711195 ], [ 27.285649997848285, -26.624860005884525 ], [ 27.285490003060289, -26.624960004200823 ], [ 27.285280000570669, -26.625029999334956 ], [ 27.285149999971672, -26.625050003854508 ], [ 27.284790001356573, -26.625089995806658 ], [ 27.283569998156064, -26.625100002563062 ], [ 27.283150001270613, -26.625100002563062 ], [ 27.282809999081273, -26.625079998043422 ], [ 27.282499999174732, -26.625050003854504 ], [ 27.282179999706386, -26.624989998389644 ], [ 27.281960000352804, -26.624989998389648 ], [ 27.281709996917961, -26.625020000672432 ], [ 27.281539996272929, -26.625039997098192 ], [ 27.281380000585745, -26.625100002563062 ], [ 27.281229996366388, -26.625190002216833 ], [ 27.281070000679112, -26.625289999633758 ], [ 27.280920003654352, -26.625380000186809 ], [ 27.280700004300861, -26.625500002123374 ], [ 27.280230000613159, -26.625730001038665 ], [ 27.280080003588399, -26.625799996172798 ], [ 27.279830001052837, -26.625820000692439 ], [ 27.279659992313928, -26.625810002029919 ], [ 27.279539996672593, -26.62570999741839 ], [ 27.279529998909442, -26.625619996865343 ], [ 27.279529998909442, -26.625529997211569 ], [ 27.279569999854754, -26.625399995713199 ], [ 27.279690001791234, -26.625249999587808 ], [ 27.279799997870676, -26.62497999972712 ], [ 27.279799997870679, -26.624800001319031 ], [ 27.279759996925453, -26.624650004294189 ], [ 27.279659992313928, -26.624520002795908 ], [ 27.279580005711786, -26.624490001412397 ], [ 27.27946001096991, -26.624449999567805 ], [ 27.279340000939374, -26.624449999567805 ], [ 27.279219999002898, -26.624520002795908 ], [ 27.279160001631915, -26.624570002403651 ], [ 27.279139997112274, -26.624650004294192 ], [ 27.279170000294346, -26.624719999428414 ], [ 27.279219999002898, -26.624869995553798 ], [ 27.2792500012856, -26.624999997052161 ], [ 27.279229996766048, -26.625070000280264 ], [ 27.279179998057586, -26.625159999934038 ], [ 27.279079999741292, -26.625209998642504 ], [ 27.278969995567962, -26.625209998642497 ], [ 27.278789997159784, -26.625200000879357 ], [ 27.278590001426476, -26.625190002216833 ], [ 27.278540001818733, -26.625219997305017 ], [ 27.27847999725315, -26.625299999195551 ], [ 27.27847999725315, -26.62543999665851 ], [ 27.278530003156213, -26.625540003068682 ], [ 27.278620002809987, -26.62570999741839 ], [ 27.278720001126281, -26.625850002975231 ], [ 27.278879995914188, -26.626030003182063 ], [ 27.278999998750038, -26.626220000252751 ], [ 27.279009997412555, -26.626340003088607 ], [ 27.278980002324364, -26.626409990128852 ], [ 27.278909999096264, -26.626470002788402 ], [ 27.278720001126281, -26.626520002396152 ], [ 27.278320000666593, -26.626530000159306 ], [ 27.277799999169705, -26.626470002788402 ], [ 27.27769000309026, -26.626399999560313 ], [ 27.277600003436486, -26.626309999906532 ], [ 27.277369997326595, -26.626070003228001 ], [ 27.277189997119766, -26.625900001683689 ], [ 27.277070003277171, -26.625850002975231 ], [ 27.276940001778804, -26.625850002975231 ], [ 27.276839997167187, -26.625919990914763 ], [ 27.276819999842239, -26.626 ], [ 27.276810002078999, -26.626080001890521 ], [ 27.276850003024311, -26.626160002881775 ], [ 27.276919998158444, -26.626260001198069 ], [ 27.276990001386547, -26.626380003134631 ], [ 27.276990001386547, -26.626530000159303 ], [ 27.277019995575458, -26.626600004286779 ], [ 27.277070003277171, -26.626639997138117 ], [ 27.277290002630572, -26.626729995892607 ], [ 27.277329996381283, -26.626819996445661 ], [ 27.277340002238404, -26.626889998774399 ], [ 27.277309999955612, -26.627109999926535 ], [ 27.277300002192462, -26.627280000571563 ], [ 27.27727999677354, -26.627500000824337 ], [ 27.27727999677354, -26.627689998794402 ], [ 27.277319997718852, -26.627869999001241 ], [ 27.277319997718852, -26.628009997363478 ], [ 27.27725000258463, -26.628250010229774 ], [ 27.277120001985544, -26.628510003333961 ], [ 27.276990001386544, -26.62877999420132 ], [ 27.276879997213218, -26.629000001648691 ], [ 27.276739998850982, -26.629140000910294 ], [ 27.276559998644156, -26.629269994314782 ], [ 27.276249998737519, -26.629469998141882 ], [ 27.27607999809258, -26.629549999133129 ], [ 27.275859997839717, -26.629609995604742 ], [ 27.275719998578204, -26.629639998786811 ], [ 27.275470004136523, -26.629670001968972 ], [ 27.274889997174771, -26.629679999732129 ], [ 27.274730000588121, -26.629699996157889 ], [ 27.274569997706333, -26.62977999804842 ], [ 27.274479998951843, -26.629850001276534 ], [ 27.274430000243377, -26.629949998693451 ], [ 27.274430000243377, -26.630020001921462 ], [ 27.2745000025722, -26.630259998599993 ], [ 27.274600008982286, -26.63043000014439 ], [ 27.274639993739839, -26.630519999798082 ], [ 27.274659998259391, -26.630680002679952 ], [ 27.274639993739839, -26.630849997029753 ], [ 27.274519998997874, -26.631000001249024 ], [ 27.274359996115997, -26.631099998665945 ], [ 27.274179996808449, -26.631180000556565 ], [ 27.274029999783775, -26.631239997927551 ], [ 27.273859999138747, -26.631350002100881 ], [ 27.273679998931833, -26.631599997441832 ], [ 27.273530001907162, -26.631769998086867 ], [ 27.273310001654394, -26.631939999631268 ], [ 27.273169995198181, -26.632089996655932 ], [ 27.27306999688189, -26.632179996309706 ], [ 27.273000001747757, -26.632190003066192 ], [ 27.272929997620373, -26.632169997647267 ], [ 27.272860003385521, -26.632050003804583 ], [ 27.272780002394267, -26.631880003159566 ], [ 27.272699999604363, -26.631790002606511 ], [ 27.27260001028132, -26.631740003898052 ], [ 27.272359997415027, -26.631629999724719 ], [ 27.272269989667368, -26.631520002745898 ], [ 27.272269989667368, -26.6314300039915 ], [ 27.272309997807195, -26.631350002100881 ], [ 27.272340000989356, -26.631339996243845 ], [ 27.272330003226202, -26.631310001155658 ], [ 27.272749999212195, -26.631059998620003 ], [ 27.272820002440298, -26.630939995784153 ], [ 27.272820002440298, -26.630879999312455 ], [ 27.272690001841209, -26.630820001941558 ], [ 27.272330003226202, -26.630789998759401 ], [ 27.272240002673062, -26.630730002287784 ], [ 27.272049996609198, -26.630449996570061 ], [ 27.271930002766513, -26.630390000098362 ], [ 27.271760002121486, -26.630390000098355 ], [ 27.271589999677808, -26.630449996570064 ], [ 27.271500000923403, -26.63073000228778 ], [ 27.271379998087557, -26.631000001249021 ], [ 27.271180002354338, -26.63112000408486 ], [ 27.270859995691389, -26.631220002401154 ], [ 27.270589996730067, -26.631369999425914 ], [ 27.270459996130981, -26.631520002745898 ], [ 27.270369997376577, -26.631740003898045 ], [ 27.270260001297132, -26.631979999677203 ], [ 27.270129999798673, -26.632119998938812 ], [ 27.270009997862196, -26.632219997255017 ], [ 27.269940001828694, -26.632249992343297 ], [ 27.269730000238354, -26.632410003318956 ], [ 27.269400003906139, -26.632619996815421 ], [ 27.269280001070292, -26.632659997760648 ], [ 27.269140002708056, -26.632740006845776 ], [ 27.268660001257111, -26.632870000250261 ], [ 27.268260001696792, -26.632870000250261 ], [ 27.268059997869688, -26.632680002280196 ], [ 27.26800000139799, -26.632670003617683 ], [ 27.267780008339816, -26.632640001334973 ], [ 27.267460001676781, -26.632479997553816 ], [ 27.267339999740216, -26.632360003711124 ], [ 27.267339999740216, -26.631930000968737 ], [ 27.26745000391363, -26.631779996749383 ], [ 27.26763000322109, -26.631570002353644 ], [ 27.267659998309369, -26.631379997189068 ], [ 27.267720002874864, -26.631170002793322 ], [ 27.267659998309369, -26.630900002932719 ], [ 27.267420000731562, -26.630680002679945 ], [ 27.267140004006997, -26.630560000743383 ], [ 27.266930002416746, -26.630590003026182 ], [ 27.266930002416746, -26.630700000004904 ], [ 27.266959995706284, -26.630829999704716 ], [ 27.266930002416746, -26.631109998227743 ], [ 27.266869996951879, -26.631199996982236 ], [ 27.266530001957054, -26.631319999818086 ], [ 27.266289997184643, -26.631409998572483 ], [ 27.266040001843681, -26.631629999724716 ], [ 27.266000001797735, -26.631830003551819 ], [ 27.265919999907112, -26.632010002859356 ], [ 27.265810003827671, -26.632190003066189 ], [ 27.265690001891102, -26.632489996216336 ], [ 27.265449997118782, -26.63250000297273 ], [ 27.265290010424756, -26.632320002765908 ], [ 27.265079999841159, -26.632159999884024 ], [ 27.264959997005313, -26.632070000230257 ], [ 27.26480999998056, -26.631949998293784 ], [ 27.264620002909858, -26.631710000715973 ], [ 27.264440002703033, -26.631669999770654 ], [ 27.264289997584395, -26.631710000715969 ], [ 27.264199998829898, -26.631830003551812 ], [ 27.264109999176124, -26.632079997993493 ], [ 27.263950004388217, -26.632219997255007 ], [ 27.263459996180963, -26.632410003318956 ], [ 27.262969996966863, -26.63250000297273 ], [ 27.262730000288336, -26.632609999052178 ], [ 27.262659997060322, -26.632789998359641 ], [ 27.262630001972042, -26.633170002393655 ], [ 27.262510000035473, -26.633380003983998 ], [ 27.262169996946852, -26.633509995589829 ], [ 27.261679997732763, -26.633539998771909 ], [ 27.261470003337024, -26.63344999911812 ], [ 27.261440001054233, -26.633199995683199 ], [ 27.261470003337024, -26.633139999211583 ], [ 27.26161000169926, -26.633070004077364 ], [ 27.261620000361781, -26.632959999904028 ], [ 27.261560002990798, -26.632770001933967 ], [ 27.261410005966038, -26.632709997368476 ], [ 27.261220000801462, -26.632619996815414 ], [ 27.261130001147684, -26.6324399966085 ], [ 27.261070003776702, -26.632190003066189 ], [ 27.260950000940856, -26.631890000922702 ], [ 27.260770001633308, -26.631669999770654 ], [ 27.260489995915673, -26.631490001362387 ], [ 27.259970001613297, -26.631189999218993 ], [ 27.259300003091745, -26.631059998619993 ], [ 27.258780000695488, -26.63100000124901 ], [ 27.258380001135169, -26.630910001595243 ], [ 27.258020001620789, -26.63086000288677 ], [ 27.257379998187428, -26.630820001941551 ], [ 27.257220003399521, -26.630849997029742 ], [ 27.257130002846377, -26.63100000124901 ], [ 27.257130002846377, -26.631170002793322 ], [ 27.257279999871134, -26.631289996636006 ], [ 27.257440002753015, -26.631310001155651 ], [ 27.257559996595607, -26.631430003991493 ], [ 27.257739996802435, -26.631520002745898 ], [ 27.257769999085227, -26.631740003898042 ], [ 27.257710001714244, -26.63185999774063 ], [ 27.257530003306066, -26.63201000285936 ], [ 27.257279999871134, -26.632010002859356 ], [ 27.257010000909812, -26.631979999677196 ], [ 27.256870001648291, -26.632039997947551 ], [ 27.256860003885141, -26.632119998938805 ], [ 27.256770004231367, -26.632299999145541 ], [ 27.25656000174175, -26.632450004264271 ], [ 27.256279996024023, -26.632439996608497 ], [ 27.255979994779995, -26.632420001082107 ], [ 27.255459999578346, -26.632269995963476 ], [ 27.254970001263619, -26.632179996309699 ], [ 27.254480001150153, -26.632210006686456 ], [ 27.25386999999958, -26.632420001082107 ], [ 27.253689999792662, -26.632479997553805 ], [ 27.253410003068193, -26.632700005900549 ], [ 27.253119990594154, -26.63278999835963 ], [ 27.252889999772744, -26.632910001195572 ], [ 27.252800001018251, -26.633059998220318 ], [ 27.252679998182405, -26.633400000409658 ], [ 27.252490001111703, -26.633629999324949 ], [ 27.252159995786236, -26.633799999969987 ], [ 27.252040001943552, -26.633799999969984 ], [ 27.251340000239836, -26.633819996395648 ], [ 27.250890001970966, -26.633840000915288 ], [ 27.25079000365476, -26.633920001906549 ], [ 27.25079000365476, -26.63405000340482 ], [ 27.251100003561394, -26.634200000429665 ], [ 27.251330001577315, -26.634349996555052 ], [ 27.251370003421908, -26.634580002664947 ], [ 27.251250000586062, -26.634700004601505 ], [ 27.251040006190323, -26.634720001926464 ], [ 27.250580002064417, -26.634599999090618 ], [ 27.250339997292095, -26.63464000003593 ], [ 27.250090001951044, -26.634789997060683 ], [ 27.249700000153876, -26.634949999942474 ], [ 27.249669997871081, -26.634869998951309 ], [ 27.249669997871084, -26.634180003104621 ], [ 27.249560001791636, -26.63405000340482 ], [ 27.249380001584807, -26.634060001168059 ], [ 27.249269998310762, -26.634219995955966 ], [ 27.249200003176629, -26.634479997154052 ], [ 27.249129999049156, -26.634760002871772 ], [ 27.249070001678263, -26.635210001140553 ], [ 27.2490200029698, -26.635560001992495 ], [ 27.248959998404217, -26.635899996987234 ], [ 27.248850002324772, -26.636050002105872 ], [ 27.248540002418224, -26.636129995003245 ], [ 27.248159998384207, -26.636069997632262 ], [ 27.247960002650988, -26.636090010245692 ], [ 27.247809998431716, -26.63602999668695 ], [ 27.247719997878576, -26.63587000189904 ], [ 27.247759998823884, -26.63565000164628 ], [ 27.24788999942297, -26.635440000055848 ], [ 27.248119998338264, -26.63516000243218 ], [ 27.248199999329518, -26.634760002871776 ], [ 27.248119998338264, -26.6345299958626 ], [ 27.247820004288752, -26.634370001074696 ], [ 27.247430001592299, -26.634370001074693 ], [ 27.24717000129359, -26.634490003011173 ], [ 27.246980003323518, -26.634640000035922 ], [ 27.246609997952017, -26.63472000192646 ], [ 27.246420000881322, -26.634720001926453 ], [ 27.246100010406138, -26.634869998951309 ], [ 27.24594999719362, -26.635020004069851 ], [ 27.245830003350932, -26.635070002778406 ], [ 27.245599997241126, -26.635139997912539 ], [ 27.245490000262315, -26.635139997912542 ], [ 27.245319998718003, -26.635099996967227 ], [ 27.244839998166341, -26.635020004069847 ], [ 27.244460002226294, -26.635020004069851 ], [ 27.244280002918746, -26.635110010918229 ], [ 27.244070001328492, -26.635330003976399 ], [ 27.243920004303735, -26.635600011031595 ], [ 27.243649997248529, -26.635730002637438 ], [ 27.243200006174352, -26.635820003190489 ], [ 27.242740001149166, -26.635899996987231 ], [ 27.242430001242532, -26.635970000215337 ], [ 27.242250001035703, -26.636010001160557 ], [ 27.242089998153912, -26.63621000498766 ], [ 27.241940001129155, -26.636400002058359 ], [ 27.241869997901052, -26.636460000328707 ], [ 27.24163999988513, -26.63588999922408 ], [ 27.238930000817838, -26.628970000265245 ], [ 27.238880002109376, -26.628750000012481 ], [ 27.238800000218841, -26.628569999805645 ], [ 27.238390001996002, -26.627559998195295 ], [ 27.238350001050687, -26.627439996258737 ], [ 27.237669995772649, -26.625500002123356 ], [ 27.235020003069675, -26.618619996915321 ], [ 27.233790001206561, -26.603350001401406 ], [ 27.233780003443407, -26.602900003132628 ], [ 27.233759998024485, -26.602649999697697 ], [ 27.233600003236489, -26.600520000397648 ], [ 27.23321000143941, -26.595460001777631 ], [ 27.234519997099188, -26.59492000295571 ], [ 27.233690002890267, -26.591619999163605 ], [ 27.231650003243988, -26.583829996956752 ], [ 27.230190003364946, -26.578130002097801 ], [ 27.230029999583788, -26.577550003230023 ], [ 27.229499999424384, -26.575520002246268 ], [ 27.229189998618466, -26.57430998781566 ], [ 27.228359997215037, -26.57105000115655 ], [ 27.199670000668807, -26.573279997873502 ], [ 27.195470006634366, -26.573610003199061 ], [ 27.182637002994124, -26.574619995816057 ], [ 27.182641997828714, -26.574553999067721 ], [ 27.182650008989516, -26.574219996255735 ], [ 27.182640003132484, -26.573470003937437 ], [ 27.182619998612843, -26.572730001288416 ], [ 27.182629997275367, -26.571880002559944 ], [ 27.182629997275367, -26.571099999864987 ], [ 27.182619998612843, -26.570280004318676 ], [ 27.182600003086456, -26.568349991758588 ], [ 27.182589996330059, -26.565240002124327 ], [ 27.182610000849611, -26.563450005013618 ], [ 27.182560002141233, -26.563129999249956 ], [ 27.181829990060756, -26.561830001353417 ], [ 27.181479997302873, -26.561219999303471 ], [ 27.181310002953076, -26.560919998059362 ], [ 27.181280000670281, -26.560919998059365 ], [ 27.180929999818421, -26.560289998684389 ], [ 27.180899996636352, -26.560180002604941 ], [ 27.180459997029999, -26.559459997280957 ], [ 27.178880002408903, -26.556699998605929 ], [ 27.178430003240841, -26.555919995910958 ], [ 27.175309998756195, -26.55053000095873 ], [ 27.174670001618061, -26.549429999694599 ], [ 27.174549999681496, -26.549210000341109 ], [ 27.170100003111401, -26.550530000958723 ], [ 27.167100000563316, -26.551429999294932 ], [ 27.166790000656771, -26.55052000319548 ], [ 27.164229998614328, -26.54247999935243 ], [ 27.163860002236074, -26.541410000371105 ], [ 27.162469996591799, -26.536989997989934 ], [ 27.160679992286479, -26.531499996627439 ], [ 27.158779999096406, -26.525530002807251 ], [ 27.158760002670647, -26.525419998633922 ], [ 27.156339999889802, -26.52430999870737 ], [ 27.178570001603088, -26.520979999827009 ], [ 27.187650003043988, -26.525509998287713 ], [ 27.188249999236895, -26.525819999093631 ], [ 27.188339997991303, -26.525369999925477 ], [ 27.182830001102484, -26.520329997731132 ], [ 27.192279998921631, -26.518949998843265 ], [ 27.198600001687577, -26.517989995941477 ], [ 27.199689997094584, -26.517600010332153 ], [ 27.201650002944127, -26.516919996960244 ], [ 27.202580002663854, -26.516620011004601 ], [ 27.207709997317391, -26.515589996780825 ], [ 27.212470001887997, -26.514799996322711 ], [ 27.231335000408997, -26.505522001938747 ], [ 27.231421001676882, -26.505480995551487 ], [ 27.240031996778232, -26.50157999911761 ], [ 27.2521610021276, -26.495773996672487 ], [ 27.261647999854411, -26.489600002438142 ], [ 27.2710179966823, -26.48329999519861 ], [ 27.275028000840727, -26.48155399741901 ], [ 27.27883899762076, -26.479823000331216 ], [ 27.283507997994832, -26.477738004005666 ], [ 27.287590997425756, -26.476353998638121 ], [ 27.290661003201933, -26.475628001131295 ], [ 27.292801001164509, -26.475584001800186 ], [ 27.294419999382672, -26.475551000278404 ], [ 27.295854999907572, -26.475170996244476 ], [ 27.300433998829217, -26.473941999823396 ], [ 27.302539006868926, -26.473427001255075 ], [ 27.305241002869206, -26.472764996807108 ], [ 27.307042003185117, -26.471688998448514 ], [ 27.310242998814577, -26.469775001015442 ], [ 27.310723000265519, -26.469487996773555 ], [ 27.311125999964197, -26.469247002746961 ], [ 27.312741000695926, -26.468398002265921 ], [ 27.31280399820518, -26.468367001735697 ], [ 27.312992997927807, -26.468275996639878 ], [ 27.313537003229417, -26.468014998992917 ], [ 27.314788996214439, -26.467534996642691 ], [ 27.318380998183827, -26.466473998975818 ], [ 27.321166004306974, -26.465903001422308 ], [ 27.32406600044488, -26.46536499729671 ], [ 27.32457799887484, -26.465270001909055 ], [ 27.327073997965904, -26.464796000734847 ], [ 27.330307996016515, -26.464180995756351 ], [ 27.330709001918155, -26.463938997186897 ], [ 27.331516996011835, -26.463453002653932 ], [ 27.334979995629574, -26.46148200079362 ], [ 27.339161996028629, -26.460390002596512 ], [ 27.34157500118468, -26.458308000114101 ], [ 27.34542149600459, -26.454988286780008 ], [ 27.346352340187664, -26.455517423590194 ], [ 27.349730156021195, -26.456815511326784 ], [ 27.348983716024982, -26.457333355350091 ], [ 27.347984341703285, -26.459189334819939 ], [ 27.346604254681903, -26.461806742387246 ], [ 27.345604881259575, -26.464328971105132 ], [ 27.345938006333231, -26.466042183200162 ], [ 27.347746396378415, -26.467089145147966 ], [ 27.34974514322316, -26.468040930044811 ], [ 27.351886658341915, -26.469801730665335 ], [ 27.354837190083607, -26.471610120710505 ], [ 27.357073883152591, -26.473466101079719 ], [ 27.358977452047107, -26.477273238868918 ] ] ] } },
{ "type": "Feature", "properties": { "Municipali": "Merafong City Local Municipality", "WardNo": "23", "WardLabel": "GT484_23", "Province": "Gauteng", "CLASSIFICATION": "Mining", "PopGBlack": 7452.365633, "PopGColour": 22.937460584, "PopGIndian": 6.087562608, "PopGWhite": 1.100321976, "PopGOther": 8.1049503, "PopGTotal": 7490.5959285 }, "geometry": { "type": "Polygon", "coordinates": [ [ [ 27.391315364112213, -26.457356106399246 ], [ 27.392776485445914, -26.461721431798619 ], [ 27.394039183061274, -26.467620032938154 ], [ 27.394142502573864, -26.468128965579258 ], [ 27.392877054831622, -26.468313177311249 ], [ 27.391938142830405, -26.468490330264537 ], [ 27.391433256239207, -26.468738344399103 ], [ 27.390547489674393, -26.468977501110775 ], [ 27.389585994797258, -26.468987999796347 ], [ 27.38933200286905, -26.468644996569363 ], [ 27.389218997657995, -26.468472002980576 ], [ 27.389137001970514, -26.466936996045508 ], [ 27.38913299639011, -26.46686499002729 ], [ 27.389034004415141, -26.466457002688536 ], [ 27.388849001279837, -26.466123000775912 ], [ 27.388663998144448, -26.465838997571677 ], [ 27.388576001280875, -26.465757000984823 ], [ 27.388465997107552, -26.465653995335661 ], [ 27.387823000730339, -26.465221001448064 ], [ 27.387526996972749, -26.464926002233231 ], [ 27.387254731719914, -26.464617371994088 ], [ 27.387205002808077, -26.464560999790294 ], [ 27.387183428971497, -26.464577221761349 ], [ 27.38704179384316, -26.4645234989603 ], [ 27.386921812591023, -26.464403517708163 ], [ 27.386518811993064, -26.464483122997731 ], [ 27.385858528847482, -26.464600269586775 ], [ 27.38557098681099, -26.464552345614255 ], [ 27.385540753402498, -26.464539389081519 ], [ 27.385235520802063, -26.46440857459605 ], [ 27.385166298185535, -26.464365976408669 ], [ 27.385139728614991, -26.464389223883551 ], [ 27.385038500925468, -26.464477798111862 ], [ 27.384521989697458, -26.464658843330945 ], [ 27.384255747204428, -26.464754690376619 ], [ 27.384042752670329, -26.464802614349143 ], [ 27.383751412796858, -26.46479498270228 ], [ 27.38317043816463, -26.464718966607073 ], [ 27.382738162835409, -26.464605593573271 ], [ 27.382599716702984, -26.464488447883596 ], [ 27.38249854477144, -26.46435532573766 ], [ 27.382455945684782, -26.464195580061954 ], [ 27.382471920342201, -26.463886739381451 ], [ 27.382355986938613, -26.463855648919065 ], [ 27.382005342172235, -26.463809732233333 ], [ 27.382040607287593, -26.463439450770057 ], [ 27.381927020215226, -26.463452330860395 ], [ 27.381779688780973, -26.463444775655837 ], [ 27.381785554159379, -26.463396385834532 ], [ 27.381789238681844, -26.463203993869239 ], [ 27.382424005362928, -26.463001000695588 ], [ 27.383154998603715, -26.462695995623726 ], [ 27.384192003257773, -26.461979995880153 ], [ 27.384968997720502, -26.461370001924092 ], [ 27.385944001314012, -26.460714996899558 ], [ 27.386768003340091, -26.460120003635293 ], [ 27.387178990817208, -26.45969300193055 ], [ 27.387835002182975, -26.458915999373851 ], [ 27.388139000913604, -26.45777299612687 ], [ 27.388703999089763, -26.457895001752917 ], [ 27.389156001048029, -26.457902996725871 ], [ 27.390920000556982, -26.457467999148797 ], [ 27.391315364112213, -26.457356106399246 ] ] ] } },
{ "type": "Feature", "properties": { "Municipali": "Merafong City Local Municipality", "WardNo": "24", "WardLabel": "GT484_24", "Province": "Gauteng", "CLASSIFICATION": "Mining", "PopGBlack": 4256.3628480999996, "PopGColour": 37.642376128000002, "PopGIndian": 9.46990452, "PopGWhite": 811.98056074, "PopGOther": 19.0705368, "PopGTotal": 5134.5262263000004 }, "geometry": { "type": "Polygon", "coordinates": [ [ [ 27.478885074885945, -26.469618827446936 ], [ 27.478948392553853, -26.470038309020762 ], [ 27.479573658796902, -26.469982906286184 ], [ 27.479811101400795, -26.4703944729266 ], [ 27.479019626054463, -26.470893102934372 ], [ 27.480032714138023, -26.472737240131544 ], [ 27.4798585901015, -26.473386250275304 ], [ 27.481291159758801, -26.473560374311823 ], [ 27.482098464971791, -26.473813646782382 ], [ 27.482810792783464, -26.473409994175924 ], [ 27.48365767086446, -26.473560374311823 ], [ 27.483594353196462, -26.47421729938883 ], [ 27.483784307099739, -26.475554891644986 ], [ 27.483847996187695, -26.475792998847833 ], [ 27.48575579909047, -26.475572860998721 ], [ 27.485756271234564, -26.47558618895151 ], [ 27.485905716075511, -26.47980636557131 ], [ 27.485923001944602, -26.480052000999134 ], [ 27.486165998761408, -26.48722900011823 ], [ 27.486383962049803, -26.492803802153794 ], [ 27.489449581832368, -26.49275054340287 ], [ 27.492136044742278, -26.492711004709129 ], [ 27.492265803423678, -26.498627994286551 ], [ 27.489618729020712, -26.499523326939986 ], [ 27.490280497846321, -26.501132332790942 ], [ 27.491017128037651, -26.502958022195038 ], [ 27.491009055722923, -26.503022596215835 ], [ 27.490936411186048, -26.503103313067534 ], [ 27.49079112031356, -26.503119456797528 ], [ 27.490589326835543, -26.503079097922086 ], [ 27.490363319111541, -26.503006453385122 ], [ 27.490306817405294, -26.502869233028704 ], [ 27.490290673675297, -26.502707799325503 ], [ 27.49029660740214, -26.502571323607761 ], [ 27.490298745090659, -26.502522149577576 ], [ 27.49023417196905, -26.502368787289733 ], [ 27.490048522221119, -26.502368787289726 ], [ 27.48993551790943, -26.502441431826693 ], [ 27.489725653016055, -26.502723942156223 ], [ 27.489653007579811, -26.502966093610308 ], [ 27.489612648704369, -26.503248603939934 ], [ 27.489630931022255, -26.503350168875237 ], [ 27.489685295039894, -26.503652189996593 ], [ 27.489620721019012, -26.503983129717643 ], [ 27.489592067719364, -26.504026109217609 ], [ 27.489507716707323, -26.504168780364942 ], [ 27.489370498149562, -26.50424142490191 ], [ 27.489249422422521, -26.504225282071101 ], [ 27.489168704671545, -26.504144565219494 ], [ 27.489127703680232, -26.504013490829927 ], [ 27.489087987819943, -26.503894342350051 ], [ 27.488999198653701, -26.503749050578282 ], [ 27.488708616908728, -26.503700620287482 ], [ 27.488426106579197, -26.503708691702837 ], [ 27.488111309688772, -26.503740979162924 ], [ 27.487885301964681, -26.503749050578282 ], [ 27.487691580801393, -26.503676405142031 ], [ 27.487594720219789, -26.50355532941499 ], [ 27.48753399709593, -26.503098999019567 ], [ 27.48729499686619, -26.503057003378022 ], [ 27.481975890074889, -26.502156354831968 ], [ 27.480857992302138, -26.501728997894929 ], [ 27.474909996798445, -26.499471000786077 ], [ 27.474918000764731, -26.499439003806973 ], [ 27.474936999842242, -26.499357997373682 ], [ 27.471489000916304, -26.498048000814631 ], [ 27.471428996350721, -26.498001999592685 ], [ 27.471231003407706, -26.497937996641301 ], [ 27.471028995891036, -26.497937000192419 ], [ 27.470961004446384, -26.497942999569769 ], [ 27.47088800018064, -26.497954003674337 ], [ 27.470816002256306, -26.497993997425045 ], [ 27.470714999397249, -26.49805599668694 ], [ 27.470655999374426, -26.49810199790889 ], [ 27.470614002833514, -26.498125001667518 ], [ 27.470587998037242, -26.498153002059389 ], [ 27.4705419968153, -26.498169998346793 ], [ 27.47052100304138, -26.498193003004697 ], [ 27.470497999282838, -26.498221999845462 ], [ 27.470463001266083, -26.498266995625443 ], [ 27.470435999121655, -26.498296000559989 ], [ 27.470413001658251, -26.498324000951857 ], [ 27.470352997092672, -26.498380998184565 ], [ 27.470295999860141, -26.498410011213078 ], [ 27.470262000090827, -26.498454998899103 ], [ 27.470193998753643, -26.498633004409616 ], [ 27.470169000298693, -26.498649999797731 ], [ 27.470007001821212, -26.498695003671518 ], [ 27.469952996633069, -26.498705998782832 ], [ 27.469923002444162, -26.498705998782828 ], [ 27.469880001360576, -26.498699999405478 ], [ 27.469822996034072, -26.498677001942074 ], [ 27.469765002352574, -26.498665001388719 ], [ 27.469676000046956, -26.498636003648695 ], [ 27.469583000254826, -26.498596002703383 ], [ 27.469459997280616, -26.498514996270078 ], [ 27.469315003184423, -26.498427996754668 ], [ 27.469202996220897, -26.498352997792608 ], [ 27.469087997212888, -26.498300996293942 ], [ 27.468990001686794, -26.498249001989883 ], [ 27.46883200159521, -26.498128002705155 ], [ 27.468732004178282, -26.498066999892139 ], [ 27.468687000304413, -26.498047004365834 ], [ 27.468634997906381, -26.498017999431116 ], [ 27.468547999290244, -26.497961002198494 ], [ 27.468520996246532, -26.497942999569773 ], [ 27.468500999820858, -26.49790399687199 ], [ 27.468472002980114, -26.497880002959789 ], [ 27.468435002173159, -26.4978800029598 ], [ 27.468365996293304, -26.497908001553018 ], [ 27.468300995993758, -26.497930999016415 ], [ 27.468224003234749, -26.497970999961737 ], [ 27.46812699696293, -26.498004003282162 ], [ 27.467868001206892, -26.498100999661446 ], [ 27.467809002083349, -26.498095000284014 ], [ 27.467716002291215, -26.498094002036563 ], [ 27.467638003190881, -26.498094002036563 ], [ 27.467554003813735, -26.498082000583842 ], [ 27.467487998072244, -26.498064997101931 ], [ 27.467428998049417, -26.498058996825307 ], [ 27.467381002131159, -26.498058996825311 ], [ 27.467320996666292, -26.498063999753867 ], [ 27.46726400033295, -26.498075003858339 ], [ 27.46719699724321, -26.49809800042237 ], [ 27.467146001186588, -26.498114995810397 ], [ 27.467100989218835, -26.498142996202354 ], [ 27.46705399784333, -26.49816600086027 ], [ 27.467001996344671, -26.498176995971665 ], [ 27.466938000587799, -26.498182997147673 ], [ 27.466879002363626, -26.498194000352861 ], [ 27.466820002340796, -26.498210996640168 ], [ 27.466776003009691, -26.498215999568728 ], [ 27.466730999135905, -26.498215999568732 ], [ 27.466697996714753, -26.498199004180702 ], [ 27.466650998144654, -26.498181001551973 ], [ 27.466588997983468, -26.498175001275261 ], [ 27.466536988390835, -26.498163998070069 ], [ 27.466486996876974, -26.498169000998629 ], [ 27.466377998145688, -26.498179997009309 ], [ 27.466330999575586, -26.498173995833309 ], [ 27.466290998630274, -26.498162003373753 ], [ 27.466229006562973, -26.498168003650466 ], [ 27.466160998031185, -26.498178998761777 ], [ 27.466081005133905, -26.498190002866338 ], [ 27.46597199830865, -26.498212999430372 ], [ 27.465877002920912, -26.498234998646332 ], [ 27.465728004143688, -26.49825699786221 ], [ 27.465519989155787, -26.498165002612829 ], [ 27.465472000432037, -26.498129998300758 ], [ 27.465443002692005, -26.498129998300762 ], [ 27.465379997988062, -26.498066999892135 ], [ 27.46532699914124, -26.498014998393472 ], [ 27.465255997665697, -26.497980001276087 ], [ 27.465189002669923, -26.497933999154778 ], [ 27.465158003038969, -26.497905002314031 ], [ 27.4651279998569, -26.497871001645439 ], [ 27.465084998773225, -26.497841996710797 ], [ 27.465046004169327, -26.497824003075245 ], [ 27.464935001748472, -26.49781800279861 ], [ 27.464857002648138, -26.497818002798613 ], [ 27.464802999258556, -26.497806002245259 ], [ 27.464708003870907, -26.497766001299954 ], [ 27.464662002648875, -26.497753999847223 ], [ 27.464610001150216, -26.497719001830475 ], [ 27.464563001680741, -26.497701998348564 ], [ 27.464535002188146, -26.497719001830482 ], [ 27.464477996861646, -26.497741999293876 ], [ 27.464436002119385, -26.497747002222436 ], [ 27.464367004333322, -26.497747002222443 ], [ 27.464319996769969, -26.497741001046439 ], [ 27.464204997761964, -26.497745996780306 ], [ 27.464088004057725, -26.497768004090151 ], [ 27.464017999930253, -26.497797000930905 ], [ 27.463955999769162, -26.497859001091992 ], [ 27.463940999077451, -26.497905002314031 ], [ 27.463940001729203, -26.497945003259339 ], [ 27.463947000253363, -26.498003005034629 ], [ 27.463974002397883, -26.498066003443341 ], [ 27.464017999930253, -26.498141000606747 ], [ 27.464067998638807, -26.498163998070073 ], [ 27.464098999169039, -26.498193003004701 ], [ 27.464141002904551, -26.498215999568728 ], [ 27.464179001059573, -26.498250000237316 ], [ 27.464172999883662, -26.498290001182635 ], [ 27.464126002212751, -26.498370002173889 ], [ 27.464089001405888, -26.498421988384067 ], [ 27.464040997393745, -26.49846700035182 ], [ 27.463990001337034, -26.498501998368571 ], [ 27.463868003804869, -26.498553001619797 ], [ 27.463806003643686, -26.498575000835668 ], [ 27.463723998962951, -26.498604005770297 ], [ 27.463661002352978, -26.498625997791571 ], [ 27.463497998433461, -26.498637000996851 ], [ 27.463245002954139, -26.498584002150029 ], [ 27.463144000095085, -26.498594998160616 ], [ 27.463020997120879, -26.498600001089184 ], [ 27.46291400117979, -26.498610996200487 ], [ 27.462784000580704, -26.498634000858491 ], [ 27.4626900034405, -26.498668000627713 ], [ 27.462647002356828, -26.49869600101967 ], [ 27.462620997560556, -26.498712997306988 ], [ 27.462585002195645, -26.498718997583701 ], [ 27.462501002818591, -26.498717992141668 ], [ 27.462449998668088, -26.498734995623572 ], [ 27.462415998898777, -26.498752008098741 ], [ 27.462399001712097, -26.498774996568887 ], [ 27.462371999567662, -26.49882099779083 ], [ 27.462344000075074, -26.49888400429333 ], [ 27.462316997930643, -26.498947000903396 ], [ 27.462285000951621, -26.499027002794019 ], [ 27.4622560032115, -26.499075996060348 ], [ 27.462211000236998, -26.499090000303269 ], [ 27.462163003419455, -26.499089002955206 ], [ 27.462118996893743, -26.49910100440783 ], [ 27.46204500427309, -26.499139999011732 ], [ 27.462008002566858, -26.499146000187743 ], [ 27.461957995764426, -26.499146000187732 ], [ 27.46183899926999, -26.499157003393016 ], [ 27.461510000285845, -26.499171996890126 ], [ 27.461302000586425, -26.499165995714122 ], [ 27.461125998765393, -26.499192001409767 ], [ 27.461004002132597, -26.499210003139115 ], [ 27.460949997843734, -26.499210003139119 ], [ 27.460895003401223, -26.499192001409767 ], [ 27.46084099911236, -26.499204001963108 ], [ 27.460781001741378, -26.499232002355082 ], [ 27.460703002641043, -26.499248997743109 ], [ 27.460598002295558, -26.499260001847663 ], [ 27.460514002918504, -26.499264996682257 ], [ 27.46041999678496, -26.499282009157426 ], [ 27.460323996854555, -26.499304000279405 ], [ 27.460278003726494, -26.499310000556132 ], [ 27.460210003288591, -26.499338000048724 ], [ 27.460121009076857, -26.499344001224717 ], [ 27.460025998400642, -26.499343002977284 ], [ 27.459920997155876, -26.49933700270056 ], [ 27.459889996625556, -26.499337002700571 ], [ 27.459860002436734, -26.499341998434524 ], [ 27.459829001906414, -26.499360000163879 ], [ 27.459786000822831, -26.499399002861743 ], [ 27.459739999600888, -26.499422000325058 ], [ 27.459693999278137, -26.499427999702498 ], [ 27.459649999947114, -26.499422000325055 ], [ 27.459568004259541, -26.499421002077618 ], [ 27.459537003729309, -26.499421002077614 ], [ 27.459407003130313, -26.499432995436376 ], [ 27.459305002923095, -26.499465997857609 ], [ 27.459229995867151, -26.499505998802825 ], [ 27.459160000733018, -26.499533999194785 ], [ 27.459100004261316, -26.499557002953331 ], [ 27.459042000687283, -26.499591002722553 ], [ 27.45899099743615, -26.499630995574069 ], [ 27.458936002993727, -26.49967099741858 ], [ 27.458877002970816, -26.499728001845803 ], [ 27.458731004331948, -26.49976200161511 ], [ 27.458753999996699, -26.499734002122523 ], [ 27.458809001633632, -26.499678999586223 ], [ 27.458874002832545, -26.499644999816908 ], [ 27.458896999396575, -26.499632001915394 ], [ 27.458905999811567, -26.499601002284443 ], [ 27.458909998197367, -26.499570001754211 ], [ 27.458912000987656, -26.49954200226162 ], [ 27.458942003270359, -26.499381999379828 ], [ 27.458952001033598, -26.499350000602067 ], [ 27.45897600393895, -26.499316000832764 ], [ 27.45899600036471, -26.499285999449338 ], [ 27.458968998220278, -26.499189001271407 ], [ 27.458959996905918, -26.499158000741176 ], [ 27.458921998750807, -26.499080001640749 ], [ 27.458872000042344, -26.499018002378936 ], [ 27.458821003985722, -26.498999003301421 ], [ 27.45876999893585, -26.498959002356113 ], [ 27.458744002233459, -26.498925001687518 ], [ 27.458744999581619, -26.49888899912801 ], [ 27.458751998105782, -26.498850003624831 ], [ 27.458779996699089, -26.498819003993876 ], [ 27.458803002256282, -26.498717002887382 ], [ 27.458779996699089, -26.498698003809867 ], [ 27.45877200172605, -26.498661003002915 ], [ 27.458791000803561, -26.49854799869124 ], [ 27.458821003985722, -26.498371996870205 ], [ 27.458828998958673, -26.49833000122857 ], [ 27.458843003201594, -26.498212002082298 ], [ 27.458857995799423, -26.498154996755705 ], [ 27.458866997113784, -26.498110999223247 ], [ 27.458881989711614, -26.498039000399537 ], [ 27.458872000042344, -26.497961998647369 ], [ 27.458868999903984, -26.4979119999389 ], [ 27.458859998589624, -26.497819000146769 ], [ 27.458841000411393, -26.497757998233027 ], [ 27.458829996306832, -26.497732000631355 ], [ 27.458732999028179, -26.497720000077923 ], [ 27.458676001795645, -26.497708995973444 ], [ 27.458615997230062, -26.497703002891317 ], [ 27.45857899642311, -26.497673000608529 ], [ 27.458567003064271, -26.497632999663217 ], [ 27.458587996838101, -26.497587007434436 ], [ 27.458608001357742, -26.497546998395247 ], [ 27.458642001126965, -26.497499001577708 ], [ 27.458661997552724, -26.497472000332557 ], [ 27.458707002325788, -26.497450000217317 ], [ 27.458731004331948, -26.497431999387331 ], [ 27.458760001172699, -26.497400000609566 ], [ 27.45877200172605, -26.497370995674938 ], [ 27.45877500186441, -26.497339996043991 ], [ 27.45877299907421, -26.497289997335528 ], [ 27.458770989089409, -26.497251001832343 ], [ 27.458776996560733, -26.497224997035982 ], [ 27.458787003317131, -26.49719699664411 ], [ 27.458801996814241, -26.497152000864215 ], [ 27.458841000411393, -26.497099002017386 ], [ 27.458875998428148, -26.497050998005243 ], [ 27.458924998889167, -26.496993004323741 ], [ 27.459021997067101, -26.49687200413965 ], [ 27.459092997643275, -26.496789002110749 ], [ 27.459157997942821, -26.496712001257851 ], [ 27.459197998888133, -26.496628001880808 ], [ 27.459212010325562, -26.496581999759496 ], [ 27.459231998657351, -26.496511997430758 ], [ 27.459271002254507, -26.496321998561413 ], [ 27.459274999741027, -26.496274002643144 ], [ 27.459278998126827, -26.496209003242974 ], [ 27.459281998265187, -26.496160999230742 ], [ 27.459293002369748, -26.4960409963949 ], [ 27.459302001885458, -26.495937997940246 ], [ 27.459311003199819, -26.495840999762304 ], [ 27.459318000824609, -26.495757998632783 ], [ 27.459320003614899, -26.495727996349991 ], [ 27.45932199921041, -26.495679002184197 ], [ 27.459311999648609, -26.495488997019628 ], [ 27.459302001885458, -26.495412003361242 ], [ 27.459284998403547, -26.495292998772925 ], [ 27.459266996674106, -26.495167003754243 ], [ 27.459259000801786, -26.495097997874293 ], [ 27.459268002116147, -26.495059002371114 ], [ 27.459281998265187, -26.495000999696444 ], [ 27.459311003199819, -26.494930997367625 ], [ 27.45932700213897, -26.494889999074246 ], [ 27.459336999902209, -26.494862996030445 ], [ 27.459379003637633, -26.494789003409792 ], [ 27.459408001377753, -26.494737001011845 ], [ 27.459429003245464, -26.494685996861257 ], [ 27.459470000639566, -26.494682996722986 ], [ 27.459510998933037, -26.494662002949148 ], [ 27.459562003083541, -26.494640003733185 ], [ 27.459610997249332, -26.494623000251277 ], [ 27.459656001123115, -26.494606003064604 ], [ 27.459702999693217, -26.494601998383573 ], [ 27.45976100236788, -26.494579999167609 ], [ 27.45978798832455, -26.494552996123904 ], [ 27.459801003313192, -26.494511997830422 ], [ 27.459789999208631, -26.494437997115888 ], [ 27.459752001053609, -26.494321999860446 ], [ 27.459610997249332, -26.494058999423284 ], [ 27.459590002576132, -26.493949003343843 ], [ 27.459582996857371, -26.493881002006656 ], [ 27.459568004259541, -26.493755997141623 ], [ 27.459538001077469, -26.493568999309915 ], [ 27.459517007303639, -26.493442997096722 ], [ 27.459508996142837, -26.493395997627246 ], [ 27.459501001169887, -26.493358000371416 ], [ 27.459470997987726, -26.493267999818364 ], [ 27.459449996120014, -26.493197996590347 ], [ 27.459415996350703, -26.493165998711952 ], [ 27.45936599674296, -26.493115002655241 ], [ 27.459296998956898, -26.493057000879947 ], [ 27.459206001954964, -26.492977997236768 ], [ 27.45911000202447, -26.492840000765447 ], [ 27.459029992040055, -26.492710000166365 ], [ 27.459001999742064, -26.492667997330226 ], [ 27.458958002209602, -26.492586998091529 ], [ 27.458939003132002, -26.492552000074774 ], [ 27.458916005668691, -26.492533998345419 ], [ 27.458887998981496, -26.492514001919663 ], [ 27.458871001794819, -26.492477999360158 ], [ 27.458890000872419, -26.492388997054626 ], [ 27.458906998059099, -26.492347001412991 ], [ 27.458980998773633, -26.492160002682006 ], [ 27.459027008089546, -26.49209200314348 ], [ 27.459069992985366, -26.492025997401889 ], [ 27.459138998865221, -26.491929007317836 ], [ 27.459176997020332, -26.49188800093048 ], [ 27.459219998104004, -26.491841999708548 ], [ 27.459240001724275, -26.491826999016826 ], [ 27.459275997089186, -26.491796995834758 ], [ 27.459318000824609, -26.491758001230771 ], [ 27.45935200059392, -26.491721000423908 ], [ 27.459382003775993, -26.491686999755228 ], [ 27.459411997964903, -26.491649001600116 ], [ 27.459441003798815, -26.491622000355054 ], [ 27.459489997065237, -26.491507997795836 ], [ 27.459510998933037, -26.491429998695502 ], [ 27.459532000800749, -26.491371996920122 ], [ 27.459553002668549, -26.491287998442342 ], [ 27.459559002945181, -26.491250000287323 ], [ 27.459562003083541, -26.491200998027647 ], [ 27.459563001330981, -26.491150999319185 ], [ 27.459565004121181, -26.491113001164081 ], [ 27.45956600057006, -26.491082000633849 ], [ 27.45954799884062, -26.491029999135183 ], [ 27.459535998287269, -26.490961998697287 ], [ 27.459528003314229, -26.490918000265538 ], [ 27.459520996696188, -26.490889003424794 ], [ 27.459510998933037, -26.490828997959923 ], [ 27.459480007395968, -26.490728003194846 ], [ 27.459461996673365, -26.490670997868246 ], [ 27.459454001700415, -26.490645997614742 ], [ 27.459436000870255, -26.4905890012814 ], [ 27.459418995589694, -26.490514999667578 ], [ 27.459411000616743, -26.490480003449392 ], [ 27.459380998333952, -26.490348007254788 ], [ 27.459361001908281, -26.490227997224256 ], [ 27.459359997365521, -26.490142999599765 ], [ 27.459358999118081, -26.49010200220566 ], [ 27.45935699632788, -26.490062998608501 ], [ 27.459351004145041, -26.489987999646445 ], [ 27.459355998979721, -26.489939995634309 ], [ 27.459358999118081, -26.489908996003354 ], [ 27.459364002046641, -26.489870997848332 ], [ 27.459370999671432, -26.489820001791699 ], [ 27.459380998333952, -26.489759997226127 ], [ 27.459387995958743, -26.489722996419175 ], [ 27.459426002207735, -26.489542997111631 ], [ 27.459433998080144, -26.489494002945921 ], [ 27.459442001146975, -26.489429999994538 ], [ 27.459458000086215, -26.489336002854245 ], [ 27.459470000639566, -26.489231998957642 ], [ 27.459476000916286, -26.489148996928741 ], [ 27.459479001953927, -26.489073998865962 ], [ 27.459480007395968, -26.489042999235014 ], [ 27.459480995750877, -26.488990996837071 ], [ 27.459480007395968, -26.488950995891756 ], [ 27.459477995612517, -26.488924001841209 ], [ 27.459458997434286, -26.488856998751462 ], [ 27.459435002622815, -26.488797002279856 ], [ 27.459395999925032, -26.488733995777345 ], [ 27.459318000824609, -26.48865700301825 ], [ 27.459281998265187, -26.488637995846851 ], [ 27.459229995867155, -26.488579003917906 ], [ 27.459180995406133, -26.488450998914509 ], [ 27.459178999810533, -26.48839299623976 ], [ 27.459181999948893, -26.488357999122382 ], [ 27.459193004053454, -26.488270002258801 ], [ 27.459200999026493, -26.488211998684775 ], [ 27.459228999418364, -26.488186001982381 ], [ 27.459306996720048, -26.488149002074799 ], [ 27.459337997250369, -26.488139004311652 ], [ 27.459411000616743, -26.488112001267847 ], [ 27.459480007395968, -26.488103998201016 ], [ 27.459525999624748, -26.488096999676848 ], [ 27.459628008825124, -26.488078000599248 ], [ 27.459689004443547, -26.488068002836108 ], [ 27.459733001976009, -26.48805699873154 ], [ 27.459796996833511, -26.488031002029153 ], [ 27.459860002436734, -26.487976000392134 ], [ 27.459900003382046, -26.487945998109339 ], [ 27.459931003012908, -26.487920001406948 ], [ 27.459950002090508, -26.487874000184924 ], [ 27.459959003404869, -26.487836999378057 ], [ 27.4599630008913, -26.4877490016152 ], [ 27.459966998377823, -26.487693002629921 ], [ 27.459962002643859, -26.487646004059823 ], [ 27.459953002228868, -26.487601990339606 ], [ 27.459931003012908, -26.487516010655426 ], [ 27.459919001560188, -26.487486997626831 ], [ 27.459900003382046, -26.487446000232723 ], [ 27.459876001375886, -26.487384998319069 ], [ 27.459885001790965, -26.487275998688421 ], [ 27.459901000730206, -26.487226997328118 ], [ 27.459936005941469, -26.487157998642683 ], [ 27.459954996925099, -26.487130000049461 ], [ 27.459972001306379, -26.487101002309434 ], [ 27.460022000014842, -26.487059995922078 ], [ 27.460093000591016, -26.487012000003816 ], [ 27.460121009076861, -26.487008999865459 ], [ 27.460173003380923, -26.486977001987068 ], [ 27.460250004233906, -26.486902003924371 ], [ 27.460322002158239, -26.486820996591796 ], [ 27.460354989290909, -26.486757001734297 ], [ 27.460368003380271, -26.486730996938022 ], [ 27.460394998330102, -26.486667002080523 ], [ 27.460431998237684, -26.486577999774902 ], [ 27.460459997730275, -26.486482997192574 ], [ 27.460469996392792, -26.4864459972849 ], [ 27.460471999182996, -26.486389000052363 ], [ 27.460462001419845, -26.486320998715179 ], [ 27.460441996900204, -26.486258998554 ], [ 27.460412999160084, -26.486211002635741 ], [ 27.460390002596053, -26.486175000076223 ], [ 27.46034599607043, -26.486128990760314 ], [ 27.460298000152168, -26.486100001114163 ], [ 27.460176999968162, -26.48603100422747 ], [ 27.46013699992222, -26.486010998808553 ], [ 27.460071002274429, -26.485978003582083 ], [ 27.460028001190846, -26.485936000745863 ], [ 27.459978998931259, -26.485863994727641 ], [ 27.459971003958223, -26.48582299643417 ], [ 27.459975990699018, -26.485749002914236 ], [ 27.459990003035731, -26.485673006604021 ], [ 27.460012002251691, -26.485563003329968 ], [ 27.460010006656095, -26.48552699987118 ], [ 27.46000799577201, -26.485501003168789 ], [ 27.459978998931263, -26.485421002177528 ], [ 27.459963998239463, -26.485387998857099 ], [ 27.459913002182837, -26.485279998373258 ], [ 27.459861989039087, -26.4851899978202 ], [ 27.459851002021654, -26.485157999941723 ], [ 27.459842998055542, -26.485111990625899 ], [ 27.459842000707294, -26.485049002109708 ], [ 27.459861989039084, -26.48496200169502 ], [ 27.459885999139125, -26.484923988251523 ], [ 27.459940004327272, -26.484859004139736 ], [ 27.459979997178703, -26.484825004370521 ], [ 27.460034000568196, -26.484795001188441 ], [ 27.460062000960157, -26.484761997867921 ], [ 27.46011599805442, -26.484686999805231 ], [ 27.46013199609429, -26.484621002157525 ], [ 27.460140997408651, -26.484581001212216 ], [ 27.460146997685371, -26.484550000682074 ], [ 27.460151003265771, -26.484510000636039 ], [ 27.460149997823731, -26.484444002988337 ], [ 27.46013699992222, -26.484371996970122 ], [ 27.46012199833114, -26.484299000798259 ], [ 27.460102999253539, -26.484200998077569 ], [ 27.460095004280589, -26.484159002436023 ], [ 27.460086002966229, -26.484117996048671 ], [ 27.460075997109197, -26.48408200068376 ], [ 27.460061003611997, -26.48403800315139 ], [ 27.460055003335363, -26.483986998101518 ], [ 27.460047008362327, -26.483933999254688 ], [ 27.460007007417016, -26.483815999209046 ], [ 27.45999100038398, -26.483772000777215 ], [ 27.459941999023592, -26.483678003636925 ], [ 27.45991399863172, -26.483620999209791 ], [ 27.45989700324369, -26.483590996027633 ], [ 27.459855996856334, -26.483539001723564 ], [ 27.459824989131501, -26.483505001954342 ], [ 27.459801003313196, -26.483480001700737 ], [ 27.459731997433252, -26.483409999372004 ], [ 27.459662001399835, -26.483331011017395 ], [ 27.459591998171732, -26.483259994253363 ], [ 27.459520996696188, -26.483177997666512 ], [ 27.459461000224486, -26.483090998151106 ], [ 27.459435002622815, -26.483055002786188 ], [ 27.459336999902209, -26.48291699912027 ], [ 27.459312997896049, -26.482847003986056 ], [ 27.459281000017658, -26.482758001680438 ], [ 27.459280002669498, -26.482693998729061 ], [ 27.459278998126827, -26.482644000020592 ], [ 27.459284001055387, -26.482591997622563 ], [ 27.459290998680178, -26.48252900101259 ], [ 27.459311999648609, -26.482401999652584 ], [ 27.45933300241569, -26.482314010882977 ], [ 27.459339002692321, -26.482289004334152 ], [ 27.45935699632788, -26.482210997139841 ], [ 27.459370003222642, -26.482150999768859 ], [ 27.459383001124152, -26.482104999446197 ], [ 27.459408989732662, -26.482007003920103 ], [ 27.459410004167957, -26.481977000738024 ], [ 27.459410004167953, -26.481928996725884 ], [ 27.459406005782064, -26.481865999216545 ], [ 27.459386998610672, -26.481794001292119 ], [ 27.459367003084282, -26.481725002606872 ], [ 27.459339002692321, -26.481658000416406 ], [ 27.459302001885458, -26.481599007588187 ], [ 27.459260988303505, -26.48154999903328 ], [ 27.459234998795715, -26.481525006873653 ], [ 27.459207996651283, -26.481500000324825 ], [ 27.45914099356154, -26.481462002169707 ], [ 27.459064998150687, -26.481434001777743 ], [ 27.458996000364714, -26.481416990201961 ], [ 27.458950995591561, -26.481397999218323 ], [ 27.45891700391622, -26.481378002792656 ], [ 27.458886004285269, -26.481361995759531 ], [ 27.458849002579036, -26.48133399626694 ], [ 27.458810997229236, -26.481308996912713 ], [ 27.458761995868933, -26.481251002331927 ], [ 27.45870299584611, -26.481162000026316 ], [ 27.458677997391248, -26.481111003969694 ], [ 27.458660002856409, -26.481074003162743 ], [ 27.458627997783417, -26.48097000016541 ], [ 27.458605997668265, -26.480861001434128 ], [ 27.458598002695226, -26.480783999681865 ], [ 27.458590996976465, -26.48074099859819 ], [ 27.458584996699745, -26.480697998413888 ], [ 27.458576992733633, -26.480647000558626 ], [ 27.458568000412434, -26.480541002864975 ], [ 27.458558001749914, -26.480423002819322 ], [ 27.458555998959714, -26.480360006209359 ], [ 27.458552002372564, -26.480281999015059 ], [ 27.458559997345603, -26.480148000929535 ], [ 27.458571997898954, -26.48000800166793 ], [ 27.458583999351674, -26.479909990853443 ], [ 27.458589002280235, -26.479872000792209 ], [ 27.458608001357746, -26.479748001369131 ], [ 27.458627000435346, -26.479633002361211 ], [ 27.458645998613488, -26.479531997703514 ], [ 27.458673000757919, -26.479416990601621 ], [ 27.45870199939732, -26.479317998626744 ], [ 27.458731004331952, -26.479220004 ], [ 27.458751998105782, -26.479150998120073 ], [ 27.458797999327814, -26.479041999388784 ], [ 27.458826996168476, -26.478980995676388 ], [ 27.458860995937787, -26.478908997752061 ], [ 27.45893300195609, -26.478768002041658 ], [ 27.459001003293274, -26.478629998375744 ], [ 27.459023999857305, -26.478586997292073 ], [ 27.459048999211447, -26.478539001373811 ], [ 27.459076001355967, -26.478489001766061 ], [ 27.459120997135869, -26.478402002250654 ], [ 27.459150002969871, -26.478338996647427 ], [ 27.459166999257182, -26.478301996739759 ], [ 27.459175010417983, -26.478278001928192 ], [ 27.459180995406136, -26.478250003334971 ], [ 27.459191001263253, -26.478189997870118 ], [ 27.459194001401613, -26.478136998124015 ], [ 27.459197998888136, -26.478056997132757 ], [ 27.459196004191817, -26.477999999900042 ], [ 27.459194001401617, -26.477956000569016 ], [ 27.459191001263253, -26.477921004350918 ], [ 27.459188000225613, -26.477893003958965 ], [ 27.459180995406136, -26.477854997709969 ], [ 27.459160998081181, -26.477779002299116 ], [ 27.459139996213381, -26.477702001446222 ], [ 27.45911699964935, -26.477619995866121 ], [ 27.45910000426132, -26.477569998057017 ], [ 27.459079998842398, -26.477513998172476 ], [ 27.459048001863376, -26.477432998933782 ], [ 27.459033997620455, -26.47739800091702 ], [ 27.459027008089546, -26.477367001286073 ], [ 27.459015995891015, -26.477317999925777 ], [ 27.459012995752744, -26.477271990609864 ], [ 27.459011999303865, -26.477192004907184 ], [ 27.459020998819575, -26.477131002094065 ], [ 27.459030998381465, -26.477097999672921 ], [ 27.459042000687287, -26.477051001102808 ], [ 27.459069992985366, -26.47697999962736 ], [ 27.459080997089927, -26.476948999996409 ], [ 27.459111996720878, -26.476880002210351 ], [ 27.459139996213384, -26.476830002602508 ], [ 27.459193004053454, -26.476753001749703 ], [ 27.459231998657359, -26.47668200117344 ], [ 27.459259000801786, -26.476660999305732 ], [ 27.459311999648612, -26.476639997437925 ], [ 27.459362996604604, -26.476613999836257 ], [ 27.459387995958746, -26.476599997391986 ], [ 27.459438002761178, -26.476579002718875 ], [ 27.45947799561252, -26.476561000989438 ], [ 27.459529998010552, -26.476521998291659 ], [ 27.459579996719015, -26.476490997761342 ], [ 27.459631999117047, -26.476450000367233 ], [ 27.459681997825509, -26.476418999836998 ], [ 27.459764001606963, -26.476356002327659 ], [ 27.459836000430666, -26.476291999376283 ], [ 27.459860002436738, -26.476267000022037 ], [ 27.459901989984399, -26.476220998800013 ], [ 27.459926000084351, -26.476192001059975 ], [ 27.459951996786742, -26.476151002766596 ], [ 27.460012992405254, -26.476049999907538 ], [ 27.460055003335366, -26.475978999331371 ], [ 27.460077999899397, -26.475940003828104 ], [ 27.46012000273554, -26.475870997948242 ], [ 27.460149997823731, -26.475820999239691 ], [ 27.460211997984914, -26.475699001707618 ], [ 27.460269999760207, -26.475572001246892 ], [ 27.460331002573231, -26.47545100196217 ], [ 27.460412999160084, -26.475318997673689 ], [ 27.460492002803267, -26.475179000210741 ], [ 27.460571996599921, -26.475032003324333 ], [ 27.460641999827935, -26.474897997144851 ], [ 27.46070000340206, -26.474781003440615 ], [ 27.46075999987367, -26.474651001942252 ], [ 27.460821001787327, -26.474499002127203 ], [ 27.460889999573386, -26.474310998853547 ], [ 27.460953006075894, -26.47411899899264 ], [ 27.460995000818244, -26.473982998116838 ], [ 27.461007002270875, -26.473942997171619 ], [ 27.461032001625192, -26.473849000031322 ], [ 27.461070997128378, -26.473690999040457 ], [ 27.461094999134449, -26.473597001900163 ], [ 27.46112899980313, -26.473507999594542 ], [ 27.461187998926583, -26.473399000863171 ], [ 27.461249999087766, -26.473285996551482 ], [ 27.461280002269838, -26.47322900021824 ], [ 27.461305000724789, -26.473181003400597 ], [ 27.46133600125502, -26.473108000034227 ], [ 27.461354002984372, -26.473058001325768 ], [ 27.461371989425327, -26.473002001441216 ], [ 27.461411000217083, -26.472897998443884 ], [ 27.461423998118594, -26.472853009858504 ], [ 27.461439997057834, -26.472795997337393 ], [ 27.461444999986394, -26.472769003286928 ], [ 27.461461996273705, -26.472689998744467 ], [ 27.461473996827056, -26.472621998306565 ], [ 27.461478003306738, -26.472592003218381 ], [ 27.461480006097027, -26.472565001073942 ], [ 27.461482990047536, -26.472491996808198 ], [ 27.461480006097027, -26.472426997408025 ], [ 27.461478003306738, -26.472401998053787 ], [ 27.461473996827056, -26.472370998422846 ], [ 27.461461996273705, -26.47231199840002 ], [ 27.461451997611185, -26.47223999957631 ], [ 27.461406005382404, -26.472141996855708 ], [ 27.461376002200332, -26.472093002689924 ], [ 27.461286999894718, -26.471978003682008 ], [ 27.461249009833484, -26.471927996879575 ], [ 27.461221999595175, -26.471892002414037 ], [ 27.461181001301792, -26.471837997225794 ], [ 27.461101008404327, -26.471750000362228 ], [ 27.461079998442738, -26.471699004305606 ], [ 27.461057000979338, -26.471644001769299 ], [ 27.461039996598146, -26.471560999740319 ], [ 27.461039996598146, -26.471471998334074 ], [ 27.461058995675657, -26.471421001378168 ], [ 27.461079001094575, -26.471362998703501 ], [ 27.461091998996089, -26.471335996558988 ], [ 27.461140003008321, -26.471262003039051 ], [ 27.46261700007404, -26.471154999903362 ], [ 27.463106999288136, -26.471118997343854 ], [ 27.465665005735065, -26.470929995822669 ], [ 27.46952197495872, -26.470516070260484 ], [ 27.478885074885945, -26.469618827446936 ] ] ] } },
{ "type": "Feature", "properties": { "Municipali": "Merafong City Local Municipality", "WardNo": "25", "WardLabel": "GT484_25", "Province": "Gauteng", "CLASSIFICATION": "Mining", "PopGBlack": 9916.1638592999989, "PopGColour": 42.2337665, "PopGIndian": 14.682852224, "PopGWhite": 0.569729024, "PopGOther": 2.1124387, "PopGTotal": 9975.7626457000006 }, "geometry": { "type": "Polygon", "coordinates": [ [ [ 27.464610001150216, -26.497719001830475 ], [ 27.464662002648875, -26.497753999847223 ], [ 27.464708003870907, -26.497766001299954 ], [ 27.464802999258556, -26.497806002245259 ], [ 27.464857002648138, -26.497818002798613 ], [ 27.464935001748472, -26.49781800279861 ], [ 27.465046004169327, -26.497824003075245 ], [ 27.465084998773225, -26.497841996710797 ], [ 27.4651279998569, -26.497871001645439 ], [ 27.465158003038969, -26.497905002314031 ], [ 27.465189002669923, -26.497933999154778 ], [ 27.465255997665697, -26.497980001276087 ], [ 27.46532699914124, -26.498014998393472 ], [ 27.465379997988062, -26.498066999892135 ], [ 27.465443002692005, -26.498129998300762 ], [ 27.465472000432037, -26.498129998300758 ], [ 27.465519989155787, -26.498165002612829 ], [ 27.465728004143688, -26.49825699786221 ], [ 27.465877002920912, -26.498234998646332 ], [ 27.46597199830865, -26.498212999430372 ], [ 27.466081005133905, -26.498190002866338 ], [ 27.466160998031185, -26.498178998761777 ], [ 27.466229006562973, -26.498168003650466 ], [ 27.466290998630274, -26.498162003373753 ], [ 27.466330999575586, -26.498173995833309 ], [ 27.466377998145688, -26.498179997009309 ], [ 27.466486996876974, -26.498169000998629 ], [ 27.466536988390835, -26.498163998070069 ], [ 27.466588997983468, -26.498175001275261 ], [ 27.466650998144654, -26.498181001551973 ], [ 27.466697996714753, -26.498199004180702 ], [ 27.466730999135905, -26.498215999568732 ], [ 27.466776003009691, -26.498215999568728 ], [ 27.466820002340796, -26.498210996640168 ], [ 27.466879002363626, -26.498194000352861 ], [ 27.466938000587799, -26.498182997147673 ], [ 27.467001996344671, -26.498176995971665 ], [ 27.46705399784333, -26.49816600086027 ], [ 27.467100989218835, -26.498142996202354 ], [ 27.467146001186588, -26.498114995810397 ], [ 27.46719699724321, -26.49809800042237 ], [ 27.46726400033295, -26.498075003858339 ], [ 27.467320996666292, -26.498063999753867 ], [ 27.467381002131159, -26.498058996825311 ], [ 27.467428998049417, -26.498058996825307 ], [ 27.467487998072244, -26.498064997101931 ], [ 27.467554003813735, -26.498082000583842 ], [ 27.467638003190881, -26.498094002036563 ], [ 27.467716002291215, -26.498094002036563 ], [ 27.467809002083349, -26.498095000284014 ], [ 27.467868001206892, -26.498100999661446 ], [ 27.46812699696293, -26.498004003282162 ], [ 27.468224003234749, -26.497970999961737 ], [ 27.468300995993758, -26.497930999016415 ], [ 27.468365996293304, -26.497908001553018 ], [ 27.468435002173159, -26.4978800029598 ], [ 27.468472002980114, -26.497880002959789 ], [ 27.468500999820858, -26.49790399687199 ], [ 27.468520996246532, -26.497942999569773 ], [ 27.468547999290244, -26.497961002198494 ], [ 27.468634997906381, -26.498017999431116 ], [ 27.468687000304413, -26.498047004365834 ], [ 27.468732004178282, -26.498066999892139 ], [ 27.46883200159521, -26.498128002705155 ], [ 27.468990001686794, -26.498249001989883 ], [ 27.469087997212888, -26.498300996293942 ], [ 27.469202996220897, -26.498352997792608 ], [ 27.469315003184423, -26.498427996754668 ], [ 27.469459997280616, -26.498514996270078 ], [ 27.469583000254826, -26.498596002703383 ], [ 27.469676000046956, -26.498636003648695 ], [ 27.469765002352574, -26.498665001388719 ], [ 27.469822996034072, -26.498677001942074 ], [ 27.469880001360576, -26.498699999405478 ], [ 27.469923002444162, -26.498705998782828 ], [ 27.469952996633069, -26.498705998782832 ], [ 27.470007001821212, -26.498695003671518 ], [ 27.470169000298693, -26.498649999797731 ], [ 27.470193998753643, -26.498633004409616 ], [ 27.470262000090827, -26.498454998899103 ], [ 27.470295999860141, -26.498410011213078 ], [ 27.470352997092672, -26.498380998184565 ], [ 27.470413001658251, -26.498324000951857 ], [ 27.470435999121655, -26.498296000559989 ], [ 27.470463001266083, -26.498266995625443 ], [ 27.470497999282838, -26.498221999845462 ], [ 27.47052100304138, -26.498193003004697 ], [ 27.4705419968153, -26.498169998346793 ], [ 27.470587998037242, -26.498153002059389 ], [ 27.470614002833514, -26.498125001667518 ], [ 27.470655999374426, -26.49810199790889 ], [ 27.470714999397249, -26.49805599668694 ], [ 27.470816002256306, -26.497993997425045 ], [ 27.47088800018064, -26.497954003674337 ], [ 27.470961004446384, -26.497942999569769 ], [ 27.471028995891036, -26.497937000192419 ], [ 27.471231003407706, -26.497937996641301 ], [ 27.471428996350721, -26.498001999592685 ], [ 27.471489000916304, -26.498048000814631 ], [ 27.474936999842242, -26.499357997373682 ], [ 27.474918000764731, -26.499439003806973 ], [ 27.474909996798445, -26.499471000786077 ], [ 27.474379989444525, -26.501415001401227 ], [ 27.474051426631569, -26.501319462822931 ], [ 27.472901007575018, -26.502683677709594 ], [ 27.47314331820915, -26.502838060727967 ], [ 27.472152850773078, -26.504147822564011 ], [ 27.472282003311435, -26.50424899899215 ], [ 27.472478998906293, -26.504406001735656 ], [ 27.472635004301562, -26.504937996591295 ], [ 27.472410001120227, -26.505426002008448 ], [ 27.471947003151289, -26.506431000690139 ], [ 27.471303998680195, -26.506834997736977 ], [ 27.470628997229994, -26.507259000202733 ], [ 27.469546996796034, -26.507925998586014 ], [ 27.469055010080218, -26.508203004165296 ], [ 27.468525009920899, -26.507534002092527 ], [ 27.467098743611665, -26.506811752060745 ], [ 27.466885013432154, -26.507144679283599 ], [ 27.466584897974247, -26.507583737299683 ], [ 27.466495974808968, -26.507800487402612 ], [ 27.466545994201866, -26.508089487240095 ], [ 27.46632924409893, -26.508122833202268 ], [ 27.465890186082852, -26.508189525126518 ], [ 27.465701225031069, -26.508284006102002 ], [ 27.465312186407797, -26.50858967937021 ], [ 27.463722685053433, -26.509967986633288 ], [ 27.462977953769148, -26.509306621603344 ], [ 27.462906371331481, -26.509306621603347 ], [ 27.462909995599389, -26.509302997335435 ], [ 27.462759009320354, -26.509161004276972 ], [ 27.462566003118134, -26.509071003723918 ], [ 27.461768996041883, -26.508827002364264 ], [ 27.461177708883714, -26.508624841962877 ], [ 27.460938714050013, -26.508458584296307 ], [ 27.46054385231648, -26.507824726829696 ], [ 27.46054385231648, -26.50590237199696 ], [ 27.460564633850307, -26.504915215864568 ], [ 27.460533460650286, -26.504426833631516 ], [ 27.458295997761628, -26.504416997746251 ], [ 27.458300004241309, -26.503138001717428 ], [ 27.458301998937717, -26.502070995679944 ], [ 27.458301000690188, -26.500769003986377 ], [ 27.458304001727829, -26.500575997784065 ], [ 27.458308996562511, -26.500281995917398 ], [ 27.458316999629339, -26.499945999308459 ], [ 27.458359004264221, -26.499935004197059 ], [ 27.458506000251248, -26.499896997948067 ], [ 27.458595002556862, -26.499859997141204 ], [ 27.458661997552724, -26.49982100163794 ], [ 27.458731004331948, -26.49976200161511 ], [ 27.458877002970816, -26.499728001845803 ], [ 27.458936002993727, -26.49967099741858 ], [ 27.45899099743615, -26.499630995574069 ], [ 27.459042000687283, -26.499591002722553 ], [ 27.459100004261316, -26.499557002953331 ], [ 27.459160000733018, -26.499533999194785 ], [ 27.459229995867151, -26.499505998802825 ], [ 27.459305002923095, -26.499465997857609 ], [ 27.459407003130313, -26.499432995436376 ], [ 27.459537003729309, -26.499421002077614 ], [ 27.459568004259541, -26.499421002077618 ], [ 27.459649999947114, -26.499422000325055 ], [ 27.459693999278137, -26.499427999702498 ], [ 27.459739999600888, -26.499422000325058 ], [ 27.459786000822831, -26.499399002861743 ], [ 27.459829001906414, -26.499360000163879 ], [ 27.459860002436734, -26.499341998434524 ], [ 27.459889996625556, -26.499337002700571 ], [ 27.459920997155876, -26.49933700270056 ], [ 27.460025998400642, -26.499343002977284 ], [ 27.460121009076857, -26.499344001224717 ], [ 27.460210003288591, -26.499338000048724 ], [ 27.460278003726494, -26.499310000556132 ], [ 27.460323996854555, -26.499304000279405 ], [ 27.46041999678496, -26.499282009157426 ], [ 27.460514002918504, -26.499264996682257 ], [ 27.460598002295558, -26.499260001847663 ], [ 27.460703002641043, -26.499248997743109 ], [ 27.460781001741378, -26.499232002355082 ], [ 27.46084099911236, -26.499204001963108 ], [ 27.460895003401223, -26.499192001409767 ], [ 27.460949997843734, -26.499210003139119 ], [ 27.461004002132597, -26.499210003139115 ], [ 27.461125998765393, -26.499192001409767 ], [ 27.461302000586425, -26.499165995714122 ], [ 27.461510000285845, -26.499171996890126 ], [ 27.46183899926999, -26.499157003393016 ], [ 27.461957995764426, -26.499146000187732 ], [ 27.462008002566858, -26.499146000187743 ], [ 27.46204500427309, -26.499139999011732 ], [ 27.462118996893743, -26.49910100440783 ], [ 27.462163003419455, -26.499089002955206 ], [ 27.462211000236998, -26.499090000303269 ], [ 27.4622560032115, -26.499075996060348 ], [ 27.462285000951621, -26.499027002794019 ], [ 27.462316997930643, -26.498947000903396 ], [ 27.462344000075074, -26.49888400429333 ], [ 27.462371999567662, -26.49882099779083 ], [ 27.462399001712097, -26.498774996568887 ], [ 27.462415998898777, -26.498752008098741 ], [ 27.462449998668088, -26.498734995623572 ], [ 27.462501002818591, -26.498717992141668 ], [ 27.462585002195645, -26.498718997583701 ], [ 27.462620997560556, -26.498712997306988 ], [ 27.462647002356828, -26.49869600101967 ], [ 27.4626900034405, -26.498668000627713 ], [ 27.462784000580704, -26.498634000858491 ], [ 27.46291400117979, -26.498610996200487 ], [ 27.463020997120879, -26.498600001089184 ], [ 27.463144000095085, -26.498594998160616 ], [ 27.463245002954139, -26.498584002150029 ], [ 27.463497998433461, -26.498637000996851 ], [ 27.463661002352978, -26.498625997791571 ], [ 27.463723998962951, -26.498604005770297 ], [ 27.463806003643686, -26.498575000835668 ], [ 27.463868003804869, -26.498553001619797 ], [ 27.463990001337034, -26.498501998368571 ], [ 27.464040997393745, -26.49846700035182 ], [ 27.464089001405888, -26.498421988384067 ], [ 27.464126002212751, -26.498370002173889 ], [ 27.464172999883662, -26.498290001182635 ], [ 27.464179001059573, -26.498250000237316 ], [ 27.464141002904551, -26.498215999568728 ], [ 27.464098999169039, -26.498193003004701 ], [ 27.464067998638807, -26.498163998070073 ], [ 27.464017999930253, -26.498141000606747 ], [ 27.463974002397883, -26.498066003443341 ], [ 27.463947000253363, -26.498003005034629 ], [ 27.463940001729203, -26.497945003259339 ], [ 27.463940999077451, -26.497905002314031 ], [ 27.463955999769162, -26.497859001091992 ], [ 27.464017999930253, -26.497797000930905 ], [ 27.464088004057725, -26.497768004090151 ], [ 27.464204997761964, -26.497745996780306 ], [ 27.464319996769969, -26.497741001046439 ], [ 27.464367004333322, -26.497747002222443 ], [ 27.464436002119385, -26.497747002222436 ], [ 27.464477996861646, -26.497741999293876 ], [ 27.464535002188146, -26.497719001830482 ], [ 27.464563001680741, -26.497701998348564 ], [ 27.464610001150216, -26.497719001830475 ] ] ] } },
{ "type": "Feature", "properties": { "Municipali": "Merafong City Local Municipality", "WardNo": "26", "WardLabel": "GT484_26", "Province": "Gauteng", "CLASSIFICATION": "Mining", "PopGBlack": 10861.087224000001, "PopGColour": 44.042362888, "PopGIndian": 12.034058296, "PopGWhite": 1.156748744, "PopGOther": 8.1049503, "PopGTotal": 10926.425344 }, "geometry": { "type": "Polygon", "coordinates": [ [ [ 27.480857992302106, -26.501728997894951 ], [ 27.481975890074864, -26.50215635483195 ], [ 27.481789382373677, -26.50260300312614 ], [ 27.48038300187363, -26.505971003758837 ], [ 27.474966709845361, -26.509217134563148 ], [ 27.471516861913226, -26.511253792328677 ], [ 27.468950257947629, -26.512729329794773 ], [ 27.468435002173155, -26.512948997298412 ], [ 27.466739999550928, -26.513345995821069 ], [ 27.4642919972774, -26.513242998265763 ], [ 27.462379238210836, -26.513175183088272 ], [ 27.462374003257217, -26.513174996928583 ], [ 27.462154003004425, -26.509794001991629 ], [ 27.462434997076993, -26.509778003052428 ], [ 27.46290637133151, -26.509306621603361 ], [ 27.462977953769123, -26.509306621603358 ], [ 27.463722685053451, -26.509967986633299 ], [ 27.465312186407829, -26.508589679370242 ], [ 27.465701225031097, -26.508284006102048 ], [ 27.465890186082817, -26.508189525126529 ], [ 27.46632924409889, -26.508122833202219 ], [ 27.466545994201827, -26.508089487240074 ], [ 27.466495974808964, -26.507800487402569 ], [ 27.466584897974233, -26.50758373729964 ], [ 27.466885013432179, -26.50714467928357 ], [ 27.467098743611675, -26.506811752060756 ], [ 27.46852500992086, -26.507534002092555 ], [ 27.469055010080218, -26.508203004165306 ], [ 27.469546996796034, -26.507925998585975 ], [ 27.470628997230033, -26.507259000202755 ], [ 27.471303998680167, -26.506834997736995 ], [ 27.471947003151268, -26.506431000690174 ], [ 27.472410001120224, -26.505426002008409 ], [ 27.472635004301576, -26.504937996591327 ], [ 27.472478998906279, -26.504406001735635 ], [ 27.472282003311406, -26.504248998992143 ], [ 27.472152850773043, -26.504147822564008 ], [ 27.473143318209157, -26.502838060727939 ], [ 27.472901007575032, -26.502683677709587 ], [ 27.47405142663159, -26.501319462822959 ], [ 27.474379989444561, -26.501415001401217 ], [ 27.474909996798477, -26.499471000786073 ], [ 27.480857992302106, -26.501728997894951 ] ] ] } },
{ "type": "Feature", "properties": { "Municipali": "Merafong City Local Municipality", "WardNo": "27", "WardLabel": "GT484_27", "Province": "Gauteng", "CLASSIFICATION": "Mining", "PopGBlack": 3293.1602555999998, "PopGColour": 21.010725376, "PopGIndian": 3.80880684, "PopGWhite": 97.975450948000002, "PopGOther": 42.332794, "PopGTotal": 3458.2880326999998 }, "geometry": { "type": "Polygon", "coordinates": [ [ [ 27.427816704676701, -26.405851592876711 ], [ 27.429394038203785, -26.40812679041899 ], [ 27.431919563836324, -26.411724473405719 ], [ 27.433587363765334, -26.414011740749245 ], [ 27.434397437990903, -26.414750338657228 ], [ 27.435302816071676, -26.415274504015109 ], [ 27.435417189151483, -26.415321379378167 ], [ 27.435533002945238, -26.415600999286731 ], [ 27.436327001789248, -26.417519998748997 ], [ 27.437121998880695, -26.419438000863099 ], [ 27.437059999618793, -26.420268999614688 ], [ 27.436379999736701, -26.420462000420962 ], [ 27.436082000383504, -26.420609000005381 ], [ 27.435748000269538, -26.420921000004196 ], [ 27.435562999832168, -26.421175000026278 ], [ 27.435305999671726, -26.421226999726287 ], [ 27.434269000413526, -26.42156399997862 ], [ 27.433645999562795, -26.421766000300686 ], [ 27.432546000097325, -26.422062999607782 ], [ 27.431793000446156, -26.422332000321575 ], [ 27.430945000011217, -26.422903999719825 ], [ 27.430930031695116, -26.42299395620617 ], [ 27.429937940083413, -26.423745111347813 ], [ 27.429339517704115, -26.423706502553081 ], [ 27.428586662843703, -26.423455551232728 ], [ 27.427968937416004, -26.423030864382863 ], [ 27.427621464558403, -26.423204599912385 ], [ 27.42764076940546, -26.424034669664337 ], [ 27.426386011904448, -26.423996061768793 ], [ 27.42208122886516, -26.421235596345703 ], [ 27.421540718329005, -26.421332116084308 ], [ 27.420749255573227, -26.421949842411276 ], [ 27.418915379640602, -26.423281815703294 ], [ 27.417930878306901, -26.423918845977962 ], [ 27.417235936189002, -26.424131190302216 ], [ 27.416656816858112, -26.424189102145366 ], [ 27.41598117778862, -26.424131190302212 ], [ 27.415266931723036, -26.423880238082504 ], [ 27.41432103828479, -26.423339726647072 ], [ 27.412255514080222, -26.422065666097652 ], [ 27.411174492108636, -26.421428635822902 ], [ 27.410827021049691, -26.421351420031986 ], [ 27.410518157886113, -26.421370723979752 ], [ 27.410093471036337, -26.421525154662127 ], [ 27.409205489441234, -26.421872626620452 ], [ 27.407931427093168, -26.4224131371566 ], [ 27.407755007087449, -26.422449458975311 ], [ 27.407766736944801, -26.422475678709599 ], [ 27.40640433689007, -26.422996815150885 ], [ 27.405662489731611, -26.423280581833399 ], [ 27.406122435401517, -26.42434995308788 ], [ 27.406076439575436, -26.424671913977644 ], [ 27.405903961298264, -26.424878889349245 ], [ 27.406021836338127, -26.425064631727349 ], [ 27.405454997249834, -26.428128997854952 ], [ 27.405335001608499, -26.428757998982487 ], [ 27.405313999740788, -26.429009006960086 ], [ 27.404397996170104, -26.429300997942683 ], [ 27.40261900316386, -26.429870000799877 ], [ 27.401680002129865, -26.430149999322992 ], [ 27.400310999252664, -26.430559996646554 ], [ 27.39873599856697, -26.431080996390875 ], [ 27.396166997008724, -26.431931003213229 ], [ 27.396115002704658, -26.431948995949419 ], [ 27.395730993989609, -26.432066005841502 ], [ 27.395281002915432, -26.432229001667139 ], [ 27.393508992245671, -26.432759001826451 ], [ 27.393158001240167, -26.432871998044256 ], [ 27.392846995891581, -26.432973001802594 ], [ 27.392361002257889, -26.433115002955034 ], [ 27.391853193769293, -26.433265386688227 ], [ 27.387399542354427, -26.426846886574598 ], [ 27.386881337703059, -26.426772857981039 ], [ 27.380055550822441, -26.428887890763548 ], [ 27.379891450629362, -26.429188740967572 ], [ 27.378557951187908, -26.428985817041831 ], [ 27.378097610715589, -26.429092048559195 ], [ 27.377619566189491, -26.429127460264141 ], [ 27.377318575691188, -26.429109754411623 ], [ 27.376787416305643, -26.429269102586989 ], [ 27.376203139362815, -26.429357629151291 ], [ 27.375530335855682, -26.429198280975921 ], [ 27.372060087702305, -26.428153666258709 ], [ 27.371917859920664, -26.427976314555242 ], [ 27.371822085720094, -26.427760824402508 ], [ 27.371917859920664, -26.427533361575353 ], [ 27.371917859920664, -26.427413644723895 ], [ 27.371822085720094, -26.427234069896446 ], [ 27.370169990651966, -26.426443937237948 ], [ 27.368271143198111, -26.429694031354448 ], [ 27.367633751395925, -26.430756351924085 ], [ 27.365827805708079, -26.433837082115666 ], [ 27.365719480568998, -26.4340203666466 ], [ 27.364291642244886, -26.436436258626394 ], [ 27.36376062585154, -26.435940643146179 ], [ 27.362989611880469, -26.435531534352847 ], [ 27.361084926927241, -26.43553153435284 ], [ 27.36045628193127, -26.435531534352847 ], [ 27.358473676118674, -26.43249468478183 ], [ 27.358681981587555, -26.429643487656858 ], [ 27.358725435030173, -26.42904872641758 ], [ 27.358442209739572, -26.429052928949503 ], [ 27.358293004118202, -26.42868500281061 ], [ 27.357984000660451, -26.427924995642037 ], [ 27.357969997316896, -26.427889999423932 ], [ 27.357953999277026, -26.427852001268828 ], [ 27.357593999762649, -26.426986002701835 ], [ 27.357352000293918, -26.426404999291297 ], [ 27.357218002208402, -26.426081999684499 ], [ 27.357135998426951, -26.425845004043694 ], [ 27.357033997320542, -26.425552000424467 ], [ 27.352496466138362, -26.414028609332906 ], [ 27.353000110765883, -26.413818661701889 ], [ 27.354477858765588, -26.413353445105439 ], [ 27.356201897798726, -26.412860862139119 ], [ 27.357241793773124, -26.412477741954199 ], [ 27.357734376739455, -26.412121988139173 ], [ 27.358226959705782, -26.411437845979805 ], [ 27.359896266898527, -26.408591812762005 ], [ 27.360881432831185, -26.407935036073052 ], [ 27.364555169684767, -26.405173568805136 ], [ 27.364958922115989, -26.404870077292248 ], [ 27.3666282302081, -26.403529158443934 ], [ 27.367516447425484, -26.402896867596333 ], [ 27.368242807359014, -26.402379797889377 ], [ 27.370809530934483, -26.401626264940177 ], [ 27.371447010870256, -26.403053003393342 ], [ 27.371801999362191, -26.403742000992576 ], [ 27.37341000966364, -26.403199002931665 ], [ 27.373529238183231, -26.403142352837275 ], [ 27.373641519439968, -26.403344459279346 ], [ 27.37368643158295, -26.403467968571917 ], [ 27.377616281865308, -26.402805508167607 ], [ 27.380849987636203, -26.40225532902021 ], [ 27.382062627187914, -26.401929713285654 ], [ 27.382781227770863, -26.403872182355343 ], [ 27.382837368848961, -26.404186570054144 ], [ 27.382837368848961, -26.404489729717294 ], [ 27.382803684741724, -26.404792890279644 ], [ 27.38270263062136, -26.4050735938713 ], [ 27.382634116670584, -26.405217148152829 ], [ 27.382466840072052, -26.405567631940688 ], [ 27.382025738796283, -26.406298600000369 ], [ 27.381376200750438, -26.40737497697361 ], [ 27.389429998395162, -26.405280000871329 ], [ 27.389429998395162, -26.401100003262567 ], [ 27.390120001436355, -26.401169999295988 ], [ 27.39101000021077, -26.401240001624807 ], [ 27.391549999032691, -26.40137000312308 ], [ 27.395117999895199, -26.401030000034467 ], [ 27.395319001070458, -26.404208996448052 ], [ 27.398100998062084, -26.408445999383403 ], [ 27.400128997154919, -26.407624996596311 ], [ 27.402163003719082, -26.406811998674801 ], [ 27.402183149432268, -26.406829485092619 ], [ 27.404891783328559, -26.40524944820347 ], [ 27.404121774799531, -26.403966101254586 ], [ 27.403967773093743, -26.403042091919051 ], [ 27.403685437232653, -26.402785421809796 ], [ 27.403377433820989, -26.401887080024736 ], [ 27.403377433820989, -26.400629399727055 ], [ 27.403454434673883, -26.400193062160099 ], [ 27.403454434673883, -26.399346052778082 ], [ 27.403249098766317, -26.398807046807821 ], [ 27.40309509795981, -26.398447710093752 ], [ 27.402787093648953, -26.398088373379679 ], [ 27.409946957985227, -26.394108081023173 ], [ 27.417850576042778, -26.391686740950284 ], [ 27.427816704676701, -26.405851592876711 ] ] ] } },
{ "type": "Feature", "properties": { "Municipali": "Merafong City Local Municipality", "WardNo": "28", "WardLabel": "GT484_28", "Province": "Gauteng", "CLASSIFICATION": "Mining", "PopGBlack": 5561.6547268999993, "PopGColour": 240.97953143000001, "PopGIndian": 43.709996064000002, "PopGWhite": 3130.3797291000001, "PopGOther": 7.0705368, "PopGTotal": 8983.7945203 }, "geometry": { "type": "Polygon", "coordinates": [ [ [ 27.383112952600168, -26.324675490781264 ], [ 27.383572427924719, -26.324684868012248 ], [ 27.383966262632317, -26.324656737218643 ], [ 27.384435115187856, -26.324591098400436 ], [ 27.384903966844025, -26.324487949759082 ], [ 27.385344687706674, -26.326072670317505 ], [ 27.385804163031128, -26.32781679930585 ], [ 27.387550000731405, -26.334305999622149 ], [ 27.387686999854559, -26.334789998559604 ], [ 27.38800249641757, -26.336262070937824 ], [ 27.388453454262944, -26.338088451920541 ], [ 27.388690207086867, -26.33903546501471 ], [ 27.389028425920607, -26.340151585727092 ], [ 27.38951257864208, -26.341582040179055 ], [ 27.389772506995055, -26.342350008146315 ], [ 27.389805760327054, -26.342449768142224 ], [ 27.390076903225943, -26.343263197738342 ], [ 27.390101966432031, -26.343337579765461 ], [ 27.372435146364321, -26.347234458203616 ], [ 27.372691267887156, -26.348400485893663 ], [ 27.373144090027118, -26.350894977721065 ], [ 27.373763740903328, -26.354152118025823 ], [ 27.374368776896993, -26.356675395353268 ], [ 27.374939489365389, -26.358863053786877 ], [ 27.375455864795715, -26.359109325035337 ], [ 27.37608346028285, -26.359474760052159 ], [ 27.37643300607774, -26.359657478010167 ], [ 27.376646003309858, -26.359374995559577 ], [ 27.3768880027785, -26.359001008889418 ], [ 27.378161994979479, -26.359677997841331 ], [ 27.379142009595519, -26.360198997585655 ], [ 27.381396002023248, -26.361397999817829 ], [ 27.382629004024729, -26.35949899588195 ], [ 27.382702285281702, -26.359475017258234 ], [ 27.385901997578607, -26.358427999552546 ], [ 27.387020000572083, -26.361050999104332 ], [ 27.387585996096309, -26.362616001127506 ], [ 27.389115002754576, -26.364888001579992 ], [ 27.38919900213163, -26.365012001902354 ], [ 27.389292999271923, -26.365146008081759 ], [ 27.391860996287409, -26.367017004431169 ], [ 27.39294944935704, -26.368241041091192 ], [ 27.393049003408173, -26.368352995894043 ], [ 27.393834998285982, -26.369229000318068 ], [ 27.393993995725729, -26.369405998587979 ], [ 27.394967624255884, -26.368930233843216 ], [ 27.39538701679685, -26.369841328914166 ], [ 27.396355958959798, -26.37177921413943 ], [ 27.397114997558528, -26.37328700039475 ], [ 27.397148000879053, -26.373411997165899 ], [ 27.397555996311691, -26.374917991072465 ], [ 27.397932297836743, -26.376161148218401 ], [ 27.393541190672895, -26.377158715802146 ], [ 27.393555613100503, -26.377368315395465 ], [ 27.380738093087913, -26.38003672801263 ], [ 27.354310406799165, -26.386560840910015 ], [ 27.344647510673401, -26.388946287241314 ], [ 27.344647510673401, -26.386952796934008 ], [ 27.344329221715547, -26.381742920899072 ], [ 27.34421195821459, -26.38135762435488 ], [ 27.343759654084085, -26.377672181026316 ], [ 27.343726149841238, -26.37601373224793 ], [ 27.343266128628297, -26.368044987985787 ], [ 27.343211772704535, -26.367103389709634 ], [ 27.343206838124413, -26.367017899256602 ], [ 27.346838432746861, -26.36590150425101 ], [ 27.350054000990724, -26.364913000934212 ], [ 27.349108999679924, -26.359708998371559 ], [ 27.348165003811246, -26.354503001112576 ], [ 27.348008998415885, -26.353650002245846 ], [ 27.347984996409817, -26.353519004298597 ], [ 27.347884998093519, -26.352962001095488 ], [ 27.347824134675395, -26.352698497937343 ], [ 27.347770846246878, -26.352467790356211 ], [ 27.347751997356166, -26.352351001697386 ], [ 27.346423002618881, -26.343160996982377 ], [ 27.346315998583826, -26.342698997260879 ], [ 27.345391001792663, -26.338719004378515 ], [ 27.345365995243831, -26.338586002741867 ], [ 27.345354999233241, -26.338522998037924 ], [ 27.344504999605402, -26.333828000961471 ], [ 27.343783996933258, -26.329507000447727 ], [ 27.343619995665581, -26.328968996322125 ], [ 27.344086001866852, -26.328626999436462 ], [ 27.344250999583323, -26.328533001396888 ], [ 27.344572002695148, -26.328347999160783 ], [ 27.344759008620738, -26.328241003219699 ], [ 27.345261002092951, -26.327951997086977 ], [ 27.345512001976672, -26.327796997133667 ], [ 27.345894997155803, -26.327628001031396 ], [ 27.346687990557676, -26.327470000040439 ], [ 27.347077003100569, -26.327374998357477 ], [ 27.347168000102503, -26.327349998103966 ], [ 27.347484997633931, -26.327259009195913 ], [ 27.347934000353199, -26.32714400209403 ], [ 27.348083989283985, -26.327097999972718 ], [ 27.348382993179939, -26.326962989250557 ], [ 27.348603000627314, -26.326862999028144 ], [ 27.349096999126576, -26.326596996654057 ], [ 27.349216002815613, -26.326517003756685 ], [ 27.349239997627173, -26.326500996723563 ], [ 27.349289997235005, -26.326459999329469 ], [ 27.349410995620271, -26.326363001151531 ], [ 27.349430002791753, -26.3263380017973 ], [ 27.349462998018303, -26.326301000990437 ], [ 27.349778991006971, -26.326040003343472 ], [ 27.34993200435785, -26.325911997440706 ], [ 27.349954002674444, -26.325892998363198 ], [ 27.349973999100111, -26.325876002075795 ], [ 27.350091001797601, -26.325773003621237 ], [ 27.350141997854308, -26.325730001638281 ], [ 27.350202999767966, -26.325681997626052 ], [ 27.350283001658585, -26.32562100380628 ], [ 27.350745002279368, -26.32529699965681 ], [ 27.350912002786036, -26.325192995760116 ], [ 27.350978997781898, -26.325150992923973 ], [ 27.351058999672521, -26.325104002447745 ], [ 27.35115499960293, -26.325048001663916 ], [ 27.351185001885721, -26.325030998182005 ], [ 27.351440000155243, -26.324890001572328 ], [ 27.351642996926195, -26.324788001365114 ], [ 27.351719997778996, -26.324748997767966 ], [ 27.351780003243949, -26.324717000788951 ], [ 27.351961997247816, -26.324617999820809 ], [ 27.352019999922479, -26.324580001665701 ], [ 27.352187997777307, -26.324510995785754 ], [ 27.352321995862823, -26.324456999590861 ], [ 27.352448997222833, -26.324410001020674 ], [ 27.352581997060909, -26.32436099876109 ], [ 27.352677997890684, -26.324329001781972 ], [ 27.352704002686956, -26.324320001366896 ], [ 27.353051003400452, -26.324249998138885 ], [ 27.353201000425209, -26.324215000122127 ], [ 27.353287999940623, -26.324196998392782 ], [ 27.354037047970717, -26.324091463849985 ], [ 27.355263871629734, -26.328983981725354 ], [ 27.355308924966263, -26.329163648283785 ], [ 27.355845258151508, -26.328841846573976 ], [ 27.356197706058634, -26.328703932840209 ], [ 27.356988416981238, -26.328486200677592 ], [ 27.357631593222838, -26.328337471696905 ], [ 27.360013337045277, -26.327861123292188 ], [ 27.366229216304689, -26.326595698033035 ], [ 27.366863083663823, -26.326466655211895 ], [ 27.36723477706273, -26.326340279780084 ], [ 27.367629274570813, -26.32620615129284 ], [ 27.368119637110986, -26.325960969123425 ], [ 27.369085037743758, -26.325332692849482 ], [ 27.370203675658505, -26.324566501942499 ], [ 27.371015839009207, -26.324060815853947 ], [ 27.371506200650014, -26.323846281680581 ], [ 27.371996563190191, -26.323693044398517 ], [ 27.372440954186104, -26.323601101309816 ], [ 27.373574917447883, -26.323447863128294 ], [ 27.37420184204084, -26.323366089573355 ], [ 27.376042050999299, -26.323126063217217 ], [ 27.377482489724578, -26.322957500588132 ], [ 27.378218034434166, -26.323003472132481 ], [ 27.37878501471609, -26.323110738769557 ], [ 27.378956814904477, -26.323157576361051 ], [ 27.379296497834527, -26.323250181350776 ], [ 27.380149807866765, -26.32359713170225 ], [ 27.381284430331636, -26.324075360589397 ], [ 27.382194002850365, -26.324450441734488 ], [ 27.382615970150312, -26.32459109840044 ], [ 27.383112952600168, -26.324675490781264 ] ] ] } }
]
}
