{
"type": "FeatureCollection",
"name": "Metsimaholo_Local_Municipality",
"crs": { "type": "name", "properties": { "name": "urn:ogc:def:crs:OGC:1.3:CRS84" } },
"features": [
{ "type": "Feature", "properties": { "Municipali": "Metsimaholo Local Municipality", "WardNo": "1", "WardLabel": "FS204_1", "Province": "Free State", "CLASSIFICATION": "Manufacturing", "PopGBlack": 12069.534649, "PopGColour": 51.892598153999998, "PopGIndian": 5.17359192, "PopGWhite": 27.806428328, "PopGOther": 9.7390799, "PopGTotal": 12164.146348 }, "geometry": { "type": "Polygon", "coordinates": [ [ [ 27.852052985157041, -26.869949977709407 ], [ 27.852097945863399, -26.870619228894455 ], [ 27.853245499679993, -26.869111216009848 ], [ 27.854326857998082, -26.867728256553914 ], [ 27.855334650873367, -26.866411508784161 ], [ 27.855365616330051, -26.866349183967746 ], [ 27.85864642769042, -26.862088734807347 ], [ 27.858646978075488, -26.862088000061302 ], [ 27.858661389711287, -26.862070578394519 ], [ 27.858666011327266, -26.86206498910807 ], [ 27.858500000074876, -26.861860000338826 ], [ 27.858850000027449, -26.861419999833188 ], [ 27.859339816679135, -26.86077344214074 ], [ 27.859349999702626, -26.86075999997416 ], [ 27.85943839676456, -26.860643649285077 ], [ 27.860380000436663, -26.861144999742049 ], [ 27.861040000295695, -26.861565000224616 ], [ 27.861218999557153, -26.86166500033956 ], [ 27.860595999605614, -26.862487999621628 ], [ 27.860529000113264, -26.862575000036312 ], [ 27.860049999607689, -26.863218000010832 ], [ 27.861388000156001, -26.863907000307908 ], [ 27.861997000361203, -26.864798000027779 ], [ 27.863884000146427, -26.867210999787872 ], [ 27.865886999885031, -26.868246999899259 ], [ 27.867860000038867, -26.869267000172037 ], [ 27.870428668847904, -26.868893322868708 ], [ 27.870534000143941, -26.868878000219613 ], [ 27.871343999725749, -26.868764000358418 ], [ 27.872035000115105, -26.868677999989817 ], [ 27.872618000020609, -26.868613999736354 ], [ 27.874183000245225, -26.868384999967873 ], [ 27.874426999806136, -26.869782999685828 ], [ 27.874610670146229, -26.86979540493412 ], [ 27.874774091351153, -26.870916006968219 ], [ 27.874318847336934, -26.871674747891372 ], [ 27.874645688847412, -26.871873187797487 ], [ 27.874739071750692, -26.874032681263301 ], [ 27.875159297963183, -26.875561835410519 ], [ 27.875229336264834, -26.876192173829853 ], [ 27.874925839355981, -26.876203847030038 ], [ 27.874015350427996, -26.876880877350732 ], [ 27.874575651445046, -26.877522888970244 ], [ 27.876781835912958, -26.878211591591747 ], [ 27.88125256995016, -26.879635689635506 ], [ 27.882501575387369, -26.879402231028219 ], [ 27.88626026040269, -26.878830256811074 ], [ 27.886622294183422, -26.878759862377859 ], [ 27.88352296871, -26.886771710246375 ], [ 27.88038148211967, -26.894892547852933 ], [ 27.877273858601683, -26.902972395259891 ], [ 27.876297168779242, -26.905636075644505 ], [ 27.876119576057558, -26.908566137917052 ], [ 27.874084017263502, -26.928413051321332 ], [ 27.873971261164733, -26.929512414066796 ], [ 27.873633483898132, -26.932805701721822 ], [ 27.873392996189715, -26.938421010121601 ], [ 27.872689998844315, -26.946329999829725 ], [ 27.871539989878563, -26.957530001908211 ], [ 27.870929995922506, -26.963219999003833 ], [ 27.869979999777112, -26.97201000415852 ], [ 27.868919998559026, -26.98137000232385 ], [ 27.848499997576798, -26.99697000226395 ], [ 27.84767000426725, -26.99761999626595 ], [ 27.847379999887004, -26.997850003275126 ], [ 27.846840009159052, -26.998279997024358 ], [ 27.846000000999222, -26.998930000019602 ], [ 27.84516999869642, -26.999590000777999 ], [ 27.844339997292991, -27.000240002873966 ], [ 27.841759998824791, -27.002370003073299 ], [ 27.840900002333171, -27.003069995783761 ], [ 27.839180000356681, -27.004490003710838 ], [ 27.835320001316987, -27.007529999110329 ], [ 27.83201999662543, -27.006500001074311 ], [ 27.828729998690456, -27.005459997181255 ], [ 27.822150002820326, -27.003399993015353 ], [ 27.818859996791289, -27.002359997216182 ], [ 27.815619997564777, -27.001329998280884 ], [ 27.812379999237454, -27.000290001582432 ], [ 27.809149989680211, -26.999259996351903 ], [ 27.805909999446765, -26.998219999653358 ], [ 27.802670000220257, -26.997190001617348 ], [ 27.801659997710622, -26.995269996713034 ], [ 27.80108999660591, -26.994189999968551 ], [ 27.799880000161803, -26.991899996887444 ], [ 27.798670001918957, -26.989599996043083 ], [ 27.797399999110617, -26.987180001356041 ], [ 27.796119997639664, -26.984769996338358 ], [ 27.793080003139533, -26.979089997905163 ], [ 27.791559997795538, -26.976259996901494 ], [ 27.79029001117496, -26.973899998686143 ], [ 27.78902999803589, -26.971549999133245 ], [ 27.787150002170772, -26.968049998708555 ], [ 27.786809999082067, -26.967429998895462 ], [ 27.786499999175522, -26.966849999128232 ], [ 27.786149998323662, -26.966199997032344 ], [ 27.785529997611203, -26.965039998397341 ], [ 27.785489997565261, -26.964980001026259 ], [ 27.785299999595193, -26.96466000335657 ], [ 27.78524000312358, -26.964559996946395 ], [ 27.782640000135739, -26.959729997241666 ], [ 27.782659995662129, -26.959340002639102 ], [ 27.782360003411355, -26.958120000337868 ], [ 27.781019997374912, -26.95351999774979 ], [ 27.779700003052618, -26.94893000281747 ], [ 27.778410003818522, -26.944500001773783 ], [ 27.777080003639107, -26.939950007786688 ], [ 27.775890002721301, -26.935759996226938 ], [ 27.775840004012927, -26.935600001438942 ], [ 27.775724996011675, -26.935215002570427 ], [ 27.774929999819502, -26.932540002419255 ], [ 27.773710003813509, -26.928299999345551 ], [ 27.772700003102532, -26.924949995945617 ], [ 27.772400000959227, -26.924629998275929 ], [ 27.772384010113868, -26.924604989029078 ], [ 27.771467001101051, -26.923697500239541 ], [ 27.77054999118905, -26.922790009651344 ], [ 27.750379992742381, -26.903259988557679 ], [ 27.746950011733563, -26.896030007678807 ], [ 27.746759990381133, -26.895429989002899 ], [ 27.742090009746043, -26.885780010738969 ], [ 27.740459990336102, -26.882269989168766 ], [ 27.740369991581698, -26.88213999216698 ], [ 27.740372095995319, -26.882139565888323 ], [ 27.781759252687259, -26.87376018218675 ], [ 27.781759997325921, -26.873760013114175 ], [ 27.811610011392862, -26.866219990060607 ], [ 27.832239989683696, -26.861190009911059 ], [ 27.835419993337965, -26.860350010744483 ], [ 27.839890034897092, -26.860039179864334 ], [ 27.847500009917457, -26.859510009779161 ], [ 27.847926088018436, -26.859567715677628 ], [ 27.851118011287159, -26.8600000143893 ], [ 27.851251012923882, -26.86163001311472 ], [ 27.851256009557122, -26.861680010923891 ], [ 27.851636991154152, -26.864800992971535 ], [ 27.852052985157041, -26.869949977709407 ] ] ] } },
{ "type": "Feature", "properties": { "Municipali": "Metsimaholo Local Municipality", "WardNo": "2", "WardLabel": "FS204_2", "Province": "Free State", "CLASSIFICATION": "Manufacturing", "PopGBlack": 6866.857736599999, "PopGColour": 30.258483886, "PopGIndian": 4.740114036, "PopGWhite": 6.871380299, "PopGOther": 5.6127868, "PopGTotal": 6914.3405015999997 }, "geometry": { "type": "Polygon", "coordinates": [ [ [ 27.85558200220763, -26.855158000641296 ], [ 27.856214002574159, -26.856123995725927 ], [ 27.85628300125941, -26.856237998285053 ], [ 27.856407998929935, -26.856439996808476 ], [ 27.857027001394957, -26.856814997014567 ], [ 27.857161000379755, -26.85689599625335 ], [ 27.857542998210722, -26.857126002363248 ], [ 27.85761099774934, -26.857167989910906 ], [ 27.857998000307429, -26.857405999986998 ], [ 27.858391002242868, -26.857647002107569 ], [ 27.858832000096662, -26.85793900118404 ], [ 27.860611001196695, -26.858999000603482 ], [ 27.860570002903316, -26.85903799700603 ], [ 27.860434992181066, -26.859173988888585 ], [ 27.860517350295439, -26.859223487573995 ], [ 27.85943839676456, -26.860643649285077 ], [ 27.859349999702626, -26.86075999997416 ], [ 27.859339816679135, -26.86077344214074 ], [ 27.858850000027449, -26.861419999833188 ], [ 27.858500000074876, -26.861860000338826 ], [ 27.858666011327266, -26.86206498910807 ], [ 27.858661389711287, -26.862070578394519 ], [ 27.858646978075488, -26.862088000061302 ], [ 27.85864642769042, -26.862088734807347 ], [ 27.855365616330051, -26.866349183967746 ], [ 27.855334650873367, -26.866411508784161 ], [ 27.854326857998082, -26.867728256553914 ], [ 27.853245499679993, -26.869111216009848 ], [ 27.852097945863399, -26.870619228894455 ], [ 27.852052985157041, -26.869949977709407 ], [ 27.851636991154152, -26.864800992971535 ], [ 27.851256009557122, -26.861680010923891 ], [ 27.851251012923882, -26.86163001311472 ], [ 27.851118011287159, -26.8600000143893 ], [ 27.851117995099308, -26.859998689687881 ], [ 27.851040003193575, -26.859047994769178 ], [ 27.850899995838084, -26.857411002915548 ], [ 27.850891004416258, -26.857310000056589 ], [ 27.850684999413154, -26.855012999350503 ], [ 27.850687031880948, -26.855012978666075 ], [ 27.851283000010376, -26.85501200200234 ], [ 27.852356997377417, -26.855601002184571 ], [ 27.852712997606712, -26.855663998794633 ], [ 27.853013968319953, -26.855150154955776 ], [ 27.854925001587496, -26.854154000207043 ], [ 27.85558200220763, -26.855158000641296 ] ] ] } },
{ "type": "Feature", "properties": { "Municipali": "Metsimaholo Local Municipality", "WardNo": "3", "WardLabel": "FS204_3", "Province": "Free State", "CLASSIFICATION": "Manufacturing", "PopGBlack": 6847.166734, "PopGColour": 20.639430515000001, "PopGIndian": 17.053909292, "PopGWhite": 7.377104497, "PopGOther": 26.3264288, "PopGTotal": 6918.5636071 }, "geometry": { "type": "Polygon", "coordinates": [ [ [ 28.072147120892964, -26.892792261253977 ], [ 28.072460000428666, -26.89337999968728 ], [ 28.072750000312329, -26.893350000102505 ], [ 28.072810000381242, -26.893339999641338 ], [ 28.072900000035016, -26.893339999641338 ], [ 28.073120000287787, -26.893350000102515 ], [ 28.073350000102447, -26.893390000148543 ], [ 28.073550000332247, -26.893430000194481 ], [ 28.07361000040116, -26.893439999756286 ], [ 28.07388397796322, -26.893471074930279 ], [ 28.074054300565553, -26.893499462030672 ], [ 28.074234085834448, -26.893546773564836 ], [ 28.074390000398196, -26.893630000424277 ], [ 28.074754516307831, -26.893849569901818 ], [ 28.074962687777852, -26.893991505403744 ], [ 28.075071504846093, -26.894152366238796 ], [ 28.075147204379938, -26.89432741927504 ], [ 28.075218171681303, -26.894478817443627 ], [ 28.075229999564865, -26.894629999774811 ], [ 28.075240000026039, -26.894780000396864 ], [ 28.075139999911091, -26.894959999704326 ], [ 28.073860323095378, -26.896357097402216 ], [ 28.073896002798303, -26.896406996285997 ], [ 28.074061001414051, -26.896544999951914 ], [ 28.075757989739468, -26.896706998429298 ], [ 28.075793003044613, -26.896710005762259 ], [ 28.076111996171726, -26.896705002833695 ], [ 28.076447004425663, -26.896780999143914 ], [ 28.072337761878185, -26.901413756839524 ], [ 28.071108834705004, -26.902869245719167 ], [ 28.070979999627287, -26.902730000089555 ], [ 28.06889999993507, -26.901090000003599 ], [ 28.068719999728245, -26.900949999842712 ], [ 28.067489999663778, -26.900399999660422 ], [ 28.067474281313064, -26.900375930205108 ], [ 28.067315360315636, -26.900132582652692 ], [ 28.06717000019534, -26.899910000446337 ], [ 28.06570256472158, -26.900239423910399 ], [ 28.06570799572745, -26.900205003258389 ], [ 28.06411215055526, -26.900568215151118 ], [ 28.063910000046484, -26.900610000351396 ], [ 28.0635797429108, -26.900687059660196 ], [ 28.063011234680797, -26.900812453032419 ], [ 28.063629999724711, -26.897029999834746 ], [ 28.063970000115489, -26.894999999750269 ], [ 28.064349999652745, -26.892730000289419 ], [ 28.066359999714251, -26.893000000150018 ], [ 28.066780000196822, -26.893189999918647 ], [ 28.066897019082159, -26.89303118773925 ], [ 28.066898004739137, -26.893030996183676 ], [ 28.07081200896706, -26.892149997824255 ], [ 28.071596999302106, -26.891972997755783 ], [ 28.071698770182095, -26.891950038063953 ], [ 28.072147120892964, -26.892792261253977 ] ] ] } },
{ "type": "Feature", "properties": { "Municipali": "Metsimaholo Local Municipality", "WardNo": "4", "WardLabel": "FS204_4", "Province": "Free State", "CLASSIFICATION": "Manufacturing", "PopGBlack": 5501.2817942000001, "PopGColour": 21.949745862, "PopGIndian": 22.379974309000001, "PopGWhite": 1191.228736, "PopGOther": 11.1803426, "PopGTotal": 6748.020593 }, "geometry": { "type": "Polygon", "coordinates": [ [ [ 28.115519001300921, -26.899464004160563 ], [ 28.108970611204704, -26.906040922550648 ], [ 28.113686834080138, -26.905367176554055 ], [ 28.102767004093938, -26.924653002034479 ], [ 28.102247999045932, -26.924492999152697 ], [ 28.101930004166437, -26.924394996431996 ], [ 28.101367000686601, -26.924341996685889 ], [ 28.100577996677181, -26.924266998623207 ], [ 28.099354003184757, -26.92420199832366 ], [ 28.098719999128658, -26.924281001966751 ], [ 28.097808997587162, -26.924394996431996 ], [ 28.096649997199677, -26.924846000142914 ], [ 28.095747996972456, -26.925425999910058 ], [ 28.095169002647349, -26.926004994235168 ], [ 28.094073997117277, -26.926070001729308 ], [ 28.09347900385302, -26.92613500202885 ], [ 28.092915003025023, -26.92619800043747 ], [ 28.091948999846508, -26.926585001197008 ], [ 28.090975001694954, -26.927158002439995 ], [ 28.090854002410317, -26.927229003016169 ], [ 28.090017001583359, -26.927936999692911 ], [ 28.089328003984207, -26.928243002112943 ], [ 28.088858001195785, -26.928452007254489 ], [ 28.087993998224484, -26.928668001926862 ], [ 28.087828003159856, -26.928709000220241 ], [ 28.08660400067409, -26.929160003931152 ], [ 28.08595999885484, -26.929868000607907 ], [ 28.085627999732424, -26.929951002636805 ], [ 28.084672003310306, -26.930190999315244 ], [ 28.083641997180408, -26.930190999315244 ], [ 28.0832569983118, -26.930224999983832 ], [ 28.082933999604379, -26.930255002266627 ], [ 28.082397000920899, -26.930140003258618 ], [ 28.082031999377243, -26.93006199606441 ], [ 28.081700997602987, -26.929960003051789 ], [ 28.081194999449654, -26.929803997656517 ], [ 28.080035998162799, -26.929933000907358 ], [ 28.079133997935667, -26.929933000907354 ], [ 28.07726900186298, -26.930367999383797 ], [ 28.064618997668607, -26.933291000179604 ], [ 28.064215997969931, -26.931517999356291 ], [ 28.063517999056419, -26.928796988989934 ], [ 28.062017998232065, -26.922099001168046 ], [ 28.06234299972969, -26.920168000253057 ], [ 28.062602002680244, -26.91863099772247 ], [ 28.063018002079083, -26.916165999161652 ], [ 28.063257001409454, -26.914751999605269 ], [ 28.063716000992684, -26.912023999707909 ], [ 28.064135996978678, -26.90953799927938 ], [ 28.064450999813779, -26.907671001315769 ], [ 28.064462003019059, -26.907603000877952 ], [ 28.064537001981037, -26.907165999611315 ], [ 28.065699003406344, -26.900261999591727 ], [ 28.06570256472158, -26.900239423910399 ], [ 28.06717000019534, -26.899910000446337 ], [ 28.067315360315636, -26.900132582652692 ], [ 28.067474281313064, -26.900375930205108 ], [ 28.067489999663778, -26.900399999660422 ], [ 28.068719999728245, -26.900949999842712 ], [ 28.06889999993507, -26.901090000003599 ], [ 28.070979999627287, -26.902730000089555 ], [ 28.071108834705004, -26.902869245719167 ], [ 28.072337761878185, -26.901413756839524 ], [ 28.076447004425663, -26.896780999143914 ], [ 28.076111996171726, -26.896705002833695 ], [ 28.075793003044613, -26.896710005762259 ], [ 28.075757989739468, -26.896706998429298 ], [ 28.074061001414051, -26.896544999951914 ], [ 28.073896002798303, -26.896406996285997 ], [ 28.073860323095378, -26.896357097402216 ], [ 28.075139999911091, -26.894959999704326 ], [ 28.075240000026039, -26.894780000396864 ], [ 28.075229999564865, -26.894629999774811 ], [ 28.075218171681303, -26.894478817443627 ], [ 28.075147204379938, -26.89432741927504 ], [ 28.075071504846093, -26.894152366238796 ], [ 28.074962687777852, -26.893991505403744 ], [ 28.074754516307831, -26.893849569901818 ], [ 28.074390000398196, -26.893630000424277 ], [ 28.074234085834448, -26.893546773564836 ], [ 28.074054300565553, -26.893499462030672 ], [ 28.07388397796322, -26.893471074930279 ], [ 28.07361000040116, -26.893439999756286 ], [ 28.073550000332247, -26.893430000194481 ], [ 28.073350000102447, -26.893390000148543 ], [ 28.073120000287787, -26.893350000102515 ], [ 28.072900000035016, -26.893339999641338 ], [ 28.072810000381242, -26.893339999641338 ], [ 28.072750000312329, -26.893350000102505 ], [ 28.072460000428666, -26.89337999968728 ], [ 28.072147120892964, -26.892792261253977 ], [ 28.071698770182095, -26.891950038063953 ], [ 28.086362002104728, -26.888641994332737 ], [ 28.085265840046539, -26.889058246440989 ], [ 28.084029694914506, -26.889654244248099 ], [ 28.082175472719875, -26.890912459642454 ], [ 28.080983477105839, -26.891839569840403 ], [ 28.079756997887209, -26.893140003008842 ], [ 28.077890997271759, -26.895180002655117 ], [ 28.077758601778079, -26.895326903314047 ], [ 28.078295328866364, -26.895752583015401 ], [ 28.079824251887707, -26.896822830209555 ], [ 28.080763448074666, -26.897456240712977 ], [ 28.081156600196991, -26.898220703123066 ], [ 28.081462384981059, -26.898744905353229 ], [ 28.081790010700505, -26.899443841360334 ], [ 28.082062376677385, -26.900005593883144 ], [ 28.082323000206369, -26.89989900083836 ], [ 28.086750997560486, -26.898092000245729 ], [ 28.08707199077978, -26.897687520262981 ], [ 28.087196224026492, -26.897669772142404 ], [ 28.087552540817143, -26.897618869615233 ], [ 28.093297823735533, -26.895264245748422 ], [ 28.10431746407976, -26.891873586696757 ], [ 28.106954643242272, -26.89112010770689 ], [ 28.11006274699815, -26.890084073421416 ], [ 28.117890001822175, -26.887759997725787 ], [ 28.118349998753477, -26.888350004249421 ], [ 28.118749999213161, -26.888829996707127 ], [ 28.119130003247093, -26.889280012063036 ], [ 28.119350002600584, -26.889430000993816 ], [ 28.119790003106214, -26.889719996380808 ], [ 28.120110001675275, -26.889870000600162 ], [ 28.12054000441767, -26.890000002098539 ], [ 28.121120003285537, -26.890260011390499 ], [ 28.121729997241594, -26.890419989990644 ], [ 28.122190002266777, -26.890530002257943 ], [ 28.12354999663501, -26.890849999927639 ], [ 28.124006012267731, -26.89090299967382 ], [ 28.116604000973872, -26.898370992427441 ], [ 28.115519001300921, -26.899464004160563 ] ] ] } },
{ "type": "Feature", "properties": { "Municipali": "Metsimaholo Local Municipality", "WardNo": "5", "WardLabel": "FS204_5", "Province": "Free State", "CLASSIFICATION": "Manufacturing", "PopGBlack": 5986.2103292000002, "PopGColour": 15.365817084, "PopGIndian": 15.737514702, "PopGWhite": 902.98476915000003, "PopGOther": 22.2310367, "PopGTotal": 6942.5294667999997 }, "geometry": { "type": "Polygon", "coordinates": [ [ [ 28.166060001867645, -26.845389999848727 ], [ 28.166690000343259, -26.845409996274405 ], [ 28.167390002046972, -26.845409996274402 ], [ 28.16807999699428, -26.845479998603142 ], [ 28.168760002272325, -26.845520000447728 ], [ 28.169400006605056, -26.84563000372178 ], [ 28.169830001253565, -26.845659998810053 ], [ 28.170289998184867, -26.845690001992121 ], [ 28.17084000286382, -26.845690001992129 ], [ 28.171370003023316, -26.845770002983379 ], [ 28.171659999309501, -26.845849996780029 ], [ 28.172109997578371, -26.846050000607132 ], [ 28.172750010004982, -26.846400000559711 ], [ 28.173140003708269, -26.84658000076654 ], [ 28.173450003614811, -26.846740003648417 ], [ 28.17380999503531, -26.847089997305677 ], [ 28.174189998169958, -26.847439998157526 ], [ 28.174539999021725, -26.84782000129217 ], [ 28.17490998820546, -26.848239997278164 ], [ 28.175379999087671, -26.848870002948377 ], [ 28.175730008033501, -26.849240001125278 ], [ 28.175999998900853, -26.849699998056575 ], [ 28.176330004226319, -26.85023999597913 ], [ 28.176579998668, -26.850560001742792 ], [ 28.176960001802652, -26.85113000284742 ], [ 28.177599998041494, -26.851940000630581 ], [ 28.177699996357791, -26.852049996710114 ], [ 28.177840002813909, -26.852170000445334 ], [ 28.178030000783973, -26.85230000014505 ], [ 28.178240003273505, -26.852650000996903 ], [ 28.178550003180142, -26.85315999663657 ], [ 28.178740001150121, -26.853580000716534 ], [ 28.178939996883344, -26.854079998593146 ], [ 28.179090001102701, -26.854460001727791 ], [ 28.179119996190892, -26.854860010281367 ], [ 28.179240006221338, -26.855289995936623 ], [ 28.179490000663016, -26.855790001907121 ], [ 28.179580001216159, -26.855930001168723 ], [ 28.179604003222227, -26.856010002159984 ], [ 28.179660002207413, -26.856190002366805 ], [ 28.17971999957831, -26.856550000981901 ], [ 28.179840002414156, -26.856950001441501 ], [ 28.179939999831163, -26.857570001254683 ], [ 28.179939999831166, -26.85849000321117 ], [ 28.179909996649094, -26.85913999721317 ], [ 28.179840002414156, -26.860040002744068 ], [ 28.179800000569649, -26.860549999283194 ], [ 28.179809999232084, -26.86095999660667 ], [ 28.179869996603067, -26.861430000294369 ], [ 28.17993000206793, -26.861820001192168 ], [ 28.180119999138714, -26.862340003588422 ], [ 28.18063001096624, -26.863690000193422 ], [ 28.180839998167382, -26.864200003927149 ], [ 28.181080002040513, -26.864549996685135 ], [ 28.181270000010581, -26.864870003348081 ], [ 28.181499998026499, -26.865269994814515 ], [ 28.182090003650767, -26.866279996424769 ], [ 28.182360002612089, -26.866830001103725 ], [ 28.182659996661602, -26.867229992570245 ], [ 28.182879996914377, -26.867499999625359 ], [ 28.183059997121205, -26.867750003060291 ], [ 28.183330004176408, -26.868170007140254 ], [ 28.183539997672778, -26.868600000889398 ], [ 28.183880000761484, -26.869279998972839 ], [ 28.184139993865681, -26.869700003052792 ], [ 28.184379997738723, -26.870100002613121 ], [ 28.184519997000329, -26.870320002865977 ], [ 28.184879995615336, -26.87123999672858 ], [ 28.185039999396494, -26.871530000209454 ], [ 28.185179997758731, -26.872050009800219 ], [ 28.185430001193662, -26.873080000641632 ], [ 28.185649993352555, -26.874050009400552 ], [ 28.185759996626601, -26.874840002664161 ], [ 28.185789999808669, -26.875839998417298 ], [ 28.185820002091464, -26.876220001551946 ], [ 28.185860003036684, -26.876509996938935 ], [ 28.185860003036684, -26.876719999428555 ], [ 28.185809996234433, -26.876909997398535 ], [ 28.185709997918138, -26.87717999635986 ], [ 28.185669997872107, -26.877550001731265 ], [ 28.185629996926885, -26.878470002788468 ], [ 28.185629996926885, -26.879140002209475 ], [ 28.185590004075451, -26.879729999739773 ], [ 28.18552999861059, -26.880560002042579 ], [ 28.185470002138889, -26.881010001210733 ], [ 28.18539999801159, -26.882049988915924 ], [ 28.185430001193662, -26.882390000098518 ], [ 28.18538000158583, -26.882810004178467 ], [ 28.185269998311789, -26.883410000371292 ], [ 28.18506000391605, -26.884560000343871 ], [ 28.18486000008895, -26.885279997573885 ], [ 28.184509999237093, -26.886659997361125 ], [ 28.184450001866107, -26.886949992748121 ], [ 28.184410000920884, -26.887250002086024 ], [ 28.184329999030265, -26.887549996135537 ], [ 28.184270001659279, -26.887880000561726 ], [ 28.184199999330549, -26.888240000076017 ], [ 28.184199999330549, -26.888460000328873 ], [ 28.184190000668028, -26.888710002864439 ], [ 28.184199999330549, -26.8890300014335 ], [ 28.184249998039007, -26.889300000394822 ], [ 28.184350004449186, -26.889510001985066 ], [ 28.184599998890867, -26.889900003782245 ], [ 28.185039999396494, -26.890720000227923 ], [ 28.1852999996953, -26.890999996952395 ], [ 28.185600001838694, -26.891399989318199 ], [ 28.185849997179655, -26.891739999601413 ], [ 28.186199998031508, -26.892000000799495 ], [ 28.186490000613102, -26.892149997824252 ], [ 28.187060001717732, -26.8923299971318 ], [ 28.187340000240852, -26.892409999022334 ], [ 28.187850003974585, -26.892629999275194 ], [ 28.188650003095226, -26.892930001418499 ], [ 28.189089996406253, -26.89310999982677 ], [ 28.18959000237675, -26.893290000033598 ], [ 28.190070002928319, -26.893429999295112 ], [ 28.19044999886837, -26.893609997703379 ], [ 28.190769997437432, -26.893800003767243 ], [ 28.191119990195411, -26.894089999154239 ], [ 28.191469998241868, -26.894430002242942 ], [ 28.191840003613272, -26.894939997882702 ], [ 28.192229997316563, -26.895350004199422 ], [ 28.192470010182856, -26.895559997695798 ], [ 28.192849997129649, -26.895879996264952 ], [ 28.193159997036283, -26.896229997116809 ], [ 28.193390004045455, -26.896510002834443 ], [ 28.193720000377763, -26.897059999419604 ], [ 28.194399996662554, -26.898129998400758 ], [ 28.194709996569099, -26.898710005362595 ], [ 28.195049999657805, -26.899300002892979 ], [ 28.195530001108658, -26.90011999933866 ], [ 28.195729996841877, -26.900510000236459 ], [ 28.196020001222116, -26.90108000943496 ], [ 28.196489995916661, -26.901899996887472 ], [ 28.197149996675059, -26.90311999289348 ], [ 28.197239997228117, -26.903219999303651 ], [ 28.197419995636295, -26.903399998611199 ], [ 28.197740002299327, -26.903790000408279 ], [ 28.198460000428714, -26.904900000334838 ], [ 28.199359997865646, -26.906360000213962 ], [ 28.199839999316588, -26.907219996705582 ], [ 28.200909998297828, -26.909090002901426 ], [ 28.201300000094996, -26.909680001331097 ], [ 28.201550001731185, -26.910089998654659 ], [ 28.201730001938014, -26.910269997962196 ], [ 28.202059998270322, -26.910659999759279 ], [ 28.202419996885418, -26.91111999669058 ], [ 28.202689996746017, -26.911350002800472 ], [ 28.202980000226891, -26.911599998141519 ], [ 28.203410002969282, -26.911850000677088 ], [ 28.203999999600299, -26.912079999592372 ], [ 28.204369996877919, -26.912160000583714 ], [ 28.205190001417478, -26.912169999246153 ], [ 28.205699997057238, -26.912160000583725 ], [ 28.205829000308167, -26.912129000952767 ], [ 28.206110003373958, -26.912060003166708 ], [ 28.206359997815639, -26.91198999993869 ], [ 28.207060000418725, -26.911850000677081 ], [ 28.207729998940366, -26.911670002268906 ], [ 28.208189995871578, -26.911599998141526 ], [ 28.208690000942791, -26.911530003007393 ], [ 28.209099999165627, -26.911489993968203 ], [ 28.209369999026325, -26.911419998833981 ], [ 28.209679998932867, -26.911230000863902 ], [ 28.210510001235576, -26.911149998973375 ], [ 28.211440000955299, -26.911109998927433 ], [ 28.212540002219335, -26.911109998927426 ], [ 28.212900000834342, -26.911140001210228 ], [ 28.213420003230596, -26.91120999724372 ], [ 28.214100001314034, -26.911389995651909 ], [ 28.214519997300116, -26.911469998441806 ], [ 28.214980002325294, -26.911620002661074 ], [ 28.215399998311288, -26.911809999731766 ], [ 28.216189998769494, -26.912150002820479 ], [ 28.216930002317795, -26.912600001988629 ], [ 28.217799996572658, -26.913379996589715 ], [ 28.2182399970782, -26.913909996749034 ], [ 28.21866999982068, -26.914360004011069 ], [ 28.21916999679792, -26.915000000249915 ], [ 28.219850002975331, -26.916100002413316 ], [ 28.220089998754496, -26.916770000934964 ], [ 28.220290002581596, -26.917170001394563 ], [ 28.22069000304128, -26.917690002891433 ], [ 28.22087000234874, -26.917950004089519 ], [ 28.221370000225352, -26.918839994770057 ], [ 28.221620002760915, -26.919309997558479 ], [ 28.221909999047281, -26.919740001200232 ], [ 28.222250001236617, -26.920249996840003 ], [ 28.223109997728237, -26.921320003015833 ], [ 28.223339996643528, -26.921680001630847 ], [ 28.223610003698731, -26.922009998862521 ], [ 28.223899999085724, -26.92227999782375 ], [ 28.224179996709566, -26.92250999673913 ], [ 28.224609998552584, -26.922889999873689 ], [ 28.22510999732857, -26.923250006582666 ], [ 28.22553999917168, -26.923529996112546 ], [ 28.225859997740745, -26.9236899998937 ], [ 28.226180004403687, -26.923789997310624 ], [ 28.226500002073472, -26.923829998255936 ], [ 28.226900001633791, -26.923810001830262 ], [ 28.228159997685822, -26.923710004413252 ], [ 28.228750004209367, -26.923600000239926 ], [ 28.229430001393439, -26.923469998741556 ], [ 28.230059998969768, -26.92325000658267 ], [ 28.230829995807703, -26.922939998582159 ], [ 28.232660001957612, -26.921910001445507 ], [ 28.23288999997353, -26.921699998955891 ], [ 28.233389997850143, -26.921200001079278 ], [ 28.233959998954859, -26.920799993425078 ], [ 28.235109999826726, -26.919879998663106 ], [ 28.23545000201597, -26.919629997026817 ], [ 28.235739998302332, -26.919299999795232 ], [ 28.23612000143698, -26.918980002125537 ], [ 28.236780002195385, -26.918419998783971 ], [ 28.237419999333511, -26.917979998278433 ], [ 28.238529998360786, -26.917579998718114 ], [ 28.238870001449492, -26.917430001693358 ], [ 28.239189999119187, -26.917319998419316 ], [ 28.239509996788968, -26.917130000449241 ], [ 28.239819996695516, -26.916930003816745 ], [ 28.239999996902341, -26.916819999643415 ], [ 28.240190002066921, -26.916630001673354 ], [ 28.240259998100516, -26.916360002712032 ], [ 28.240250000337273, -26.915970000914861 ], [ 28.24019999263556, -26.915449991324177 ], [ 28.240129996602057, -26.915099997666836 ], [ 28.239920003105688, -26.914609999352113 ], [ 28.239679999232646, -26.91424999983774 ], [ 28.239450000317355, -26.91390999674903 ], [ 28.238969998866413, -26.913480002999801 ], [ 28.238539996123937, -26.913029995737769 ], [ 28.238060002766961, -26.912719995831228 ], [ 28.237490001662334, -26.912229996617132 ], [ 28.237019998873912, -26.911859999339608 ], [ 28.236629997076747, -26.911620002661074 ], [ 28.236239996178945, -26.911389995651906 ], [ 28.235869998002048, -26.91120999724372 ], [ 28.235590001277576, -26.911060000218974 ], [ 28.235199998581038, -26.910809996784042 ], [ 28.235050001556374, -26.910709999367111 ], [ 28.234280004718439, -26.9102699979622 ], [ 28.232530001358523, -26.909489995267236 ], [ 28.23217000184415, -26.909289998634652 ], [ 28.231969998916327, -26.909100001563946 ], [ 28.231439997857642, -26.908639997438051 ], [ 28.230949998643549, -26.908040001245144 ], [ 28.230599997791696, -26.907630003022298 ], [ 28.230040003443378, -26.906899999035794 ], [ 28.229809997333579, -26.906589991035371 ], [ 28.229650000746929, -26.90626999966091 ], [ 28.228670002318747, -26.904230000913913 ], [ 28.228550000382267, -26.903839999116748 ], [ 28.228339997892647, -26.903380002185447 ], [ 28.228180003104651, -26.902590008921841 ], [ 28.227939998332332, -26.901740002099494 ], [ 28.227820003590367, -26.901030001733343 ], [ 28.227679997134157, -26.900399996063047 ], [ 28.227589996581102, -26.899759999824283 ], [ 28.22749998973282, -26.898730001788262 ], [ 28.227369997227612, -26.897739996603679 ], [ 28.227309999856633, -26.897230000963827 ], [ 28.227279996674561, -26.896640003433525 ], [ 28.227269998911318, -26.895659996012089 ], [ 28.227340010233306, -26.894420003580425 ], [ 28.227439999556349, -26.89390999984678 ], [ 28.227639996188934, -26.893370001024856 ], [ 28.22774000169974, -26.893020001072276 ], [ 28.228060000268805, -26.89232999713181 ], [ 28.228299996947339, -26.891809994735546 ], [ 28.228569995908568, -26.89138999874956 ], [ 28.228860000288812, -26.891060002417259 ], [ 28.229370004022549, -26.89039000299633 ], [ 28.229660000308819, -26.890069997232668 ], [ 28.230429997146665, -26.889280012063033 ], [ 28.230909997698241, -26.888779997998657 ], [ 28.231420002331252, -26.888190001367555 ], [ 28.23174999776419, -26.887719997679849 ], [ 28.232139999561355, -26.887260000748551 ], [ 28.232419997185108, -26.886850003424986 ], [ 28.232760000273814, -26.886309995609903 ], [ 28.233070000180362, -26.885830003152204 ], [ 28.233300006290339, -26.885340003038845 ], [ 28.233370002323753, -26.885070004077523 ], [ 28.233519999348509, -26.88474999831385 ], [ 28.233950001191623, -26.883989999239155 ], [ 28.234130001398537, -26.883589998779552 ], [ 28.234499997776698, -26.882889997975116 ], [ 28.23461999971326, -26.882420009575906 ], [ 28.234710000266315, -26.882049988915924 ], [ 28.234849991434043, -26.881840002614158 ], [ 28.235029997936099, -26.881620003260661 ], [ 28.235389996551106, -26.881360002062582 ], [ 28.235739998302332, -26.881209996943944 ], [ 28.236099996917428, -26.88111999729017 ], [ 28.236539997422973, -26.881109998627647 ], [ 28.237249996889833, -26.881209996943948 ], [ 28.238070001429481, -26.881450000816987 ], [ 28.238789998659584, -26.881649997449493 ], [ 28.239369999326016, -26.88194000093036 ], [ 28.239869996303351, -26.882250000836997 ], [ 28.241019997175123, -26.883030004431337 ], [ 28.241690003790644, -26.883400008903461 ], [ 28.243480000901361, -26.884459993933696 ], [ 28.244280000022083, -26.884779999697361 ], [ 28.247049995560893, -26.886010001560479 ], [ 28.247549994336786, -26.88625999690144 ], [ 28.247910001045764, -26.886469999391061 ], [ 28.248419996685531, -26.886760002871938 ], [ 28.248819996245846, -26.887039999596407 ], [ 28.249190001617258, -26.887269999411068 ], [ 28.249639999886128, -26.88761000070112 ], [ 28.250110003573827, -26.88795000378974 ], [ 28.250459996331802, -26.888289998784565 ], [ 28.250889999074282, -26.888649998298856 ], [ 28.251169995798666, -26.888919997260174 ], [ 28.251460000178913, -26.889209999841675 ], [ 28.251599999440518, -26.889460003276618 ], [ 28.251599999440518, -26.889780001845679 ], [ 28.251549991738802, -26.890210003688789 ], [ 28.251479995705214, -26.890440001704892 ], [ 28.251369999625766, -26.891020002371313 ], [ 28.251279999972081, -26.891619996765481 ], [ 28.251220002601098, -26.891900003382577 ], [ 28.251249997689289, -26.892180000107047 ], [ 28.251389996950895, -26.89259999609304 ], [ 28.251710002714475, -26.893029998835523 ], [ 28.252280003819187, -26.893699998256434 ], [ 28.252889997775249, -26.894319998069616 ], [ 28.253369999226102, -26.894809997283712 ], [ 28.254129998300794, -26.895549999932648 ], [ 28.254939996083955, -26.896160001982668 ], [ 28.255419996635524, -26.896600001588933 ], [ 28.255840000715484, -26.89704000299384 ], [ 28.256299997646785, -26.897480002600108 ], [ 28.257160003131656, -26.898210000291382 ], [ 28.257799999370505, -26.898799996922392 ], [ 28.258320000867389, -26.899220001002362 ], [ 28.258640000335735, -26.899509997288629 ], [ 28.259020002571102, -26.899830003052298 ], [ 28.259340001140167, -26.900150000722075 ], [ 28.260019998324328, -26.900699998206523 ], [ 28.260419997884647, -26.90108000943496 ], [ 28.260860007383439, -26.901560002791935 ], [ 28.261020002171346, -26.901700002053541 ], [ 28.261230011855567, -26.901849998178932 ], [ 28.261370003023295, -26.902000003297658 ], [ 28.261619998364253, -26.902389997000853 ], [ 28.261810002629552, -26.902689999144251 ], [ 28.261940004127919, -26.903059996421785 ], [ 28.262040002444213, -26.903380002185443 ], [ 28.262149997624377, -26.903730003037296 ], [ 28.262189998569603, -26.904069998032124 ], [ 28.262179999907083, -26.904829997106731 ], [ 28.262090001152675, -26.905359997266221 ], [ 28.262019997025291, -26.905929998370848 ], [ 28.261870000000535, -26.906430004341345 ], [ 28.261380000786442, -26.907540003368531 ], [ 28.261169999196195, -26.907969998017126 ], [ 28.261119999588363, -26.908210001890168 ], [ 28.260999997651794, -26.908600003687329 ], [ 28.260930001618295, -26.909239999926182 ], [ 28.260899992140988, -26.910629996577207 ], [ 28.26084000196461, -26.911109998927429 ], [ 28.260860007383439, -26.911440003353619 ], [ 28.260930001618295, -26.911840002913937 ], [ 28.261049996360256, -26.912359997216218 ], [ 28.261119999588363, -26.912569998806564 ], [ 28.261280003369521, -26.912810003578969 ], [ 28.261840005811628, -26.914020000922452 ], [ 28.262050000207367, -26.914309997208722 ], [ 28.262279998223377, -26.914600000689592 ], [ 28.262570001704251, -26.914770002233904 ], [ 28.262920002556104, -26.914910000596134 ], [ 28.263310004353272, -26.914990001587487 ], [ 28.263649999348008, -26.915019996675671 ], [ 28.264059996671566, -26.915049998958374 ], [ 28.264889998974276, -26.915000000249911 ], [ 28.265379999087738, -26.914910000596137 ], [ 28.265930002867325, -26.914709996769041 ], [ 28.266319996570612, -26.914559999744274 ], [ 28.267009999611808, -26.914299999445475 ], [ 28.26799999760188, -26.913800000669585 ], [ 28.268240002374295, -26.913700003252664 ], [ 28.268739992156934, -26.913279999172705 ], [ 28.269120003385556, -26.912879998713105 ], [ 28.269650004444152, -26.912380000836489 ], [ 28.270079998193381, -26.912039998647156 ], [ 28.270500002273337, -26.911689997795296 ], [ 28.270909999596899, -26.911469998441806 ], [ 28.271319997819738, -26.911130003447077 ], [ 28.271709999616817, -26.910719997130268 ], [ 28.272379999037735, -26.910189996970946 ], [ 28.274159998385208, -26.908859996791541 ], [ 28.27649000061308, -26.907050004154438 ], [ 28.276859997890607, -26.906859998090571 ], [ 28.277460002177392, -26.906480003049808 ], [ 28.277929996871933, -26.906229999614961 ], [ 28.278560003441427, -26.905910001045807 ], [ 28.278889999773643, -26.905770002683568 ], [ 28.279289999334051, -26.905680003029804 ], [ 28.279670003368068, -26.905590003376023 ], [ 28.280039999746222, -26.9055500024308 ], [ 28.280459995732212, -26.905659999409529 ], [ 28.280970000365315, -26.905799996872481 ], [ 28.281220002900881, -26.905910001045804 ], [ 28.281499999625357, -26.906069996733091 ], [ 28.281699996257853, -26.906279999222708 ], [ 28.281909997848192, -26.906589991035371 ], [ 28.282160001283124, -26.90710000286299 ], [ 28.28228000411897, -26.907479997903661 ], [ 28.282319996071031, -26.907799995573445 ], [ 28.282290001882121, -26.90840999762338 ], [ 28.282169999046275, -26.90923000216295 ], [ 28.281679999832182, -26.911069997982121 ], [ 28.281570003752737, -26.911559997196218 ], [ 28.281490001862114, -26.912009996364365 ], [ 28.281389996351308, -26.91253999742305 ], [ 28.281350002600597, -26.91309999896588 ], [ 28.281289998035014, -26.91419000336613 ], [ 28.28129999669753, -26.914500003272664 ], [ 28.281360002162398, -26.914770002233904 ], [ 28.281530002807429, -26.915229999165202 ], [ 28.281989999738727, -26.916150001121775 ], [ 28.282810004278286, -26.917499996827491 ], [ 28.283289996735977, -26.918299996847502 ], [ 28.283809999132142, -26.919080000441742 ], [ 28.284060001667793, -26.919550003230171 ], [ 28.284359995717306, -26.920090001152715 ], [ 28.284540004018016, -26.920390003296117 ], [ 28.284720003325564, -26.920710000965897 ], [ 28.285139999311557, -26.921529997411582 ], [ 28.285670000370239, -26.922390001997172 ], [ 28.285989998040023, -26.922960003101711 ], [ 28.286519998199427, -26.923959998854937 ], [ 28.287239996328811, -26.925410000970917 ], [ 28.287340001839617, -26.925530002907387 ], [ 28.287520002046538, -26.925740005397095 ], [ 28.287640003983011, -26.92590000108428 ], [ 28.287809997433527, -26.926290001982082 ], [ 28.288149999622775, -26.927059998820017 ], [ 28.288440003103648, -26.927750001861209 ], [ 28.288620003310566, -26.928089996855952 ], [ 28.288840002663967, -26.928429999944651 ], [ 28.289160001233121, -26.928979995630353 ], [ 28.28956000079344, -26.929520003445536 ], [ 28.290360000813447, -26.930509999636868 ], [ 28.29085999869006, -26.930919997859704 ], [ 28.291429999794687, -26.931480001201177 ], [ 28.291979996379762, -26.932029997786259 ], [ 28.292360000413691, -26.932429998245951 ], [ 28.292909988904885, -26.932919996560674 ], [ 28.293270002808377, -26.933269998311896 ], [ 28.293689999693736, -26.933749998863473 ], [ 28.294080000591531, -26.934040003243712 ], [ 28.295959998255302, -26.935860001737762 ], [ 28.29785999864006, -26.93769999755693 ], [ 28.298290001382448, -26.938210002189951 ], [ 28.2990000008494, -26.938830002003129 ], [ 28.299329997181704, -26.939190000618137 ], [ 28.299840000915349, -26.939680000731599 ], [ 28.30042999934502, -26.940160002182452 ], [ 28.300760002871836, -26.940390001097747 ], [ 28.301229997566374, -26.940669997822305 ], [ 28.301690002591645, -26.940899995838226 ], [ 28.302220003650241, -26.941000002248391 ], [ 28.302509999037238, -26.94100999281704 ], [ 28.302879997214134, -26.9410699982819 ], [ 28.303510002884341, -26.941149999273151 ], [ 28.303839999216645, -26.941170003792706 ], [ 28.304459999029827, -26.941130002847483 ], [ 28.304829997206635, -26.941080004139025 ], [ 28.305100004261835, -26.940979997728842 ], [ 28.305470000640081, -26.940839999366606 ], [ 28.306030003981558, -26.940629996876993 ], [ 28.306909996898852, -26.940139997662897 ], [ 28.307749996964802, -26.939590001077821 ], [ 28.307919999408476, -26.93949999333017 ], [ 28.308239997977541, -26.939289998934431 ], [ 28.308660001158131, -26.938910003893664 ], [ 28.308910003693782, -26.938560003041804 ], [ 28.309489995367048, -26.937829999055296 ], [ 28.310430009037773, -26.936579999867231 ], [ 28.310809996883851, -26.936229999914659 ], [ 28.311109999027249, -26.93590000268307 ], [ 28.311310002854349, -26.935619989770835 ], [ 28.311509997688287, -26.935190003216203 ], [ 28.311680000131961, -26.934769999136247 ], [ 28.311850000776992, -26.933799997571935 ], [ 28.311869998102029, -26.933129990956402 ], [ 28.311949999093283, -26.932620003410531 ], [ 28.3120099955649, -26.931799998870972 ], [ 28.312079999692283, -26.931110003923653 ], [ 28.312219998054516, -26.930429998645618 ], [ 28.31230999770829, -26.929939999431518 ], [ 28.31230999770829, -26.929689995996593 ], [ 28.312240002574157, -26.929459997980665 ], [ 28.3122900021819, -26.928860001787765 ], [ 28.312489997915119, -26.927859998840024 ], [ 28.312900003332469, -26.926889998174982 ], [ 28.313019998074434, -26.926640010927905 ], [ 28.313279999272606, -26.926160002282362 ], [ 28.313599996942305, -26.925620010655127 ], [ 28.313800000769405, -26.925360002262448 ], [ 28.314020001022261, -26.925169996198495 ], [ 28.314299998646014, -26.924920000857444 ], [ 28.314600000789497, -26.924740002449269 ], [ 28.315030002632518, -26.924549996385316 ], [ 28.315589997880114, -26.924210002289861 ], [ 28.316110000276367, -26.923950001091786 ], [ 28.316569997207669, -26.923839996019087 ], [ 28.317110003224109, -26.923770000884947 ], [ 28.317369997227587, -26.923699997656936 ], [ 28.317969999715817, -26.92347999740408 ], [ 28.318530003956571, -26.923230002962395 ], [ 28.319120000587588, -26.923069999181244 ], [ 28.319680003029784, -26.922949997244679 ], [ 28.320289996985846, -26.922819996645675 ], [ 28.320750002011025, -26.922750000612172 ], [ 28.321420001431946, -26.922660000958402 ], [ 28.321910000646039, -26.922570002203909 ], [ 28.322769998037028, -26.922589997730299 ], [ 28.323349996904895, -26.922629998675607 ], [ 28.324189996970848, -26.922660000958402 ], [ 28.325299996897396, -26.922610002249939 ], [ 28.325639999086736, -26.922579999967148 ], [ 28.325850001576352, -26.922530001258686 ], [ 28.326210001090733, -26.922530001258686 ], [ 28.326539997422945, -26.922539999021833 ], [ 28.32678000219536, -26.922639997338131 ], [ 28.327109997628291, -26.922790001557487 ], [ 28.328789998659563, -26.923439997358138 ], [ 28.329340003338515, -26.923590001577406 ], [ 28.329880002160444, -26.923760003121807 ], [ 28.330129996602125, -26.923940002429259 ], [ 28.330399995563358, -26.924200002728064 ], [ 28.330730000888913, -26.924589997330628 ], [ 28.331070003078249, -26.925040003693379 ], [ 28.331189996920934, -26.925270001709297 ], [ 28.331220000103009, -26.925479996105047 ], [ 28.331260001048229, -26.925900001084283 ], [ 28.331139999111663, -26.926679995685372 ], [ 28.331009997613386, -26.927059998820017 ], [ 28.330890003770698, -26.927400001908634 ], [ 28.330640009329016, -26.927859998840031 ], [ 28.330479998353265, -26.9281399955645 ], [ 28.330249999437974, -26.928429999944655 ], [ 28.329859997640803, -26.928789998559665 ], [ 28.329409999372022, -26.929160003931155 ], [ 28.328120000137918, -26.929859998440268 ], [ 28.325670002268804, -26.931260000948413 ], [ 28.324979999227612, -26.931610001800269 ], [ 28.324610001050715, -26.931809998432769 ], [ 28.324319997569841, -26.932050002305903 ], [ 28.323100001563844, -26.932850002325907 ], [ 28.322760006569109, -26.933060003916157 ], [ 28.322610002349752, -26.933219998704075 ], [ 28.322049999907644, -26.933789999808777 ], [ 28.321160000233863, -26.934600005685812 ], [ 28.320839993570829, -26.934930002018124 ], [ 28.320670001019771, -26.935259999249709 ], [ 28.32045999942952, -26.935460010271321 ], [ 28.320220001851709, -26.935640002384357 ], [ 28.320069996732983, -26.935789999409018 ], [ 28.319879998763003, -26.936140000260881 ], [ 28.319690001692216, -26.936519995301644 ], [ 28.319659999409513, -26.936670000420289 ], [ 28.319659999409513, -26.936889999773776 ], [ 28.319709998117975, -26.937140003208711 ], [ 28.31979000000851, -26.937370002124002 ], [ 28.319889998324808, -26.937860001338088 ], [ 28.319849997379581, -26.938319998269396 ], [ 28.319819994197424, -26.93875000101178 ], [ 28.319819994197424, -26.938970009358524 ], [ 28.319860003236617, -26.93955999789566 ], [ 28.319979997079209, -26.940070001629394 ], [ 28.32015999728613, -26.940499997177277 ], [ 28.320400001159172, -26.94109999966533 ], [ 28.32045999942952, -26.941460007273587 ], [ 28.320630000074551, -26.941919996111004 ], [ 28.320769999336068, -26.942190004065484 ], [ 28.321060001917569, -26.942830000304419 ], [ 28.321659998110476, -26.944179996010135 ], [ 28.321910000646039, -26.944789998060074 ], [ 28.322170001844125, -26.945300009887681 ], [ 28.322580000066964, -26.946060000868499 ], [ 28.323100001563844, -26.947279996874492 ], [ 28.323329993284624, -26.947790007802752 ], [ 28.323600000339827, -26.948249996640161 ], [ 28.323919998009526, -26.948670001619405 ], [ 28.324210002389766, -26.948840003163713 ], [ 28.324530000059465, -26.948959997006401 ], [ 28.324820002641054, -26.949030001133782 ], [ 28.325240000425698, -26.949060003416566 ], [ 28.325680000032044, -26.94899000018847 ], [ 28.326619999313568, -26.948769999935703 ], [ 28.327549999033295, -26.948350003050344 ], [ 28.328049996010535, -26.948100001414055 ], [ 28.328399996862391, -26.947910003443994 ], [ 28.329520002646063, -26.947229998165941 ], [ 28.330149993027792, -26.946810009374559 ], [ 28.331009997613386, -26.946240000175962 ], [ 28.331839999916095, -26.945660001308092 ], [ 28.332469998391797, -26.945170002094095 ], [ 28.332760001872671, -26.944909999996643 ], [ 28.333330002977291, -26.944609998752526 ], [ 28.333499996427719, -26.944529996861995 ], [ 28.333759997625894, -26.944299998845985 ], [ 28.334270001359538, -26.944010002559708 ], [ 28.334580001266083, -26.943740003598386 ], [ 28.335249999787724, -26.943049999657909 ], [ 28.335770003083169, -26.942699998805963 ], [ 28.336409999322107, -26.942269996962942 ], [ 28.336840001165129, -26.941919996110997 ], [ 28.337780000446745, -26.941270002109004 ], [ 28.338220000053003, -26.940889998075068 ], [ 28.338939998182386, -26.940350000152513 ], [ 28.339410000970808, -26.940099996717581 ], [ 28.339909999746702, -26.939779999047804 ], [ 28.34158000211545, -26.938449998868478 ], [ 28.341890002021994, -26.938279997324091 ], [ 28.342169999645836, -26.938109987685891 ], [ 28.342560001442916, -26.937709996219457 ], [ 28.345379995690276, -26.935569999156257 ], [ 28.346540002419172, -26.934700004002021 ], [ 28.347089999004336, -26.934329998630616 ], [ 28.34760000273798, -26.933960001353089 ], [ 28.34779000790256, -26.93384999717976 ], [ 28.348090001952077, -26.933680003729339 ], [ 28.348570004302296, -26.933430001193685 ], [ 28.348999998051525, -26.933240003223698 ], [ 28.349640002384255, -26.932890003271126 ], [ 28.350320007662297, -26.93255999794567 ], [ 28.350670001319553, -26.932379998638115 ], [ 28.351280001570842, -26.932140001959578 ], [ 28.351990001937079, -26.931880000761591 ], [ 28.352580000366832, -26.931679996934488 ], [ 28.352890000273376, -26.931600003137749 ], [ 28.353540002369257, -26.931489998964423 ], [ 28.354280005018282, -26.931380002884978 ], [ 28.355000003147666, -26.931309999656879 ], [ 28.356340001090228, -26.931300001893725 ], [ 28.356569999106238, -26.931239996428769 ], [ 28.356709998367755, -26.931229997766252 ], [ 28.357090000603037, -26.931130008443205 ], [ 28.357630008418209, -26.931149996775002 ], [ 28.358259997900657, -26.931229997766252 ], [ 28.359059997920575, -26.931359999264615 ], [ 28.360280002020541, -26.931570000854954 ], [ 28.361170000794953, -26.931669999171255 ], [ 28.362100001413957, -26.931809998432769 ], [ 28.362620002910841, -26.931970001314649 ], [ 28.36391999990818, -26.932259995802273 ], [ 28.364750003110171, -26.932580001565935 ], [ 28.365359996166948, -26.932800002718079 ], [ 28.367070000380199, -26.933550003130257 ], [ 28.367860000838405, -26.933830000754099 ], [ 28.36840999832285, -26.934119997040366 ], [ 28.368870003348036, -26.934319999968096 ], [ 28.369169997397549, -26.934409999621874 ], [ 28.369530004106434, -26.934480010943858 ], [ 28.369980002375215, -26.934559996646627 ], [ 28.370690001842167, -26.934620002111579 ], [ 28.371549999233157, -26.934689998144993 ], [ 28.372150002620575, -26.934729998191028 ], [ 28.37260999955188, -26.934739996853551 ], [ 28.373040002294267, -26.934679998583199 ], [ 28.373650004344206, -26.93454999888348 ], [ 28.374249998738463, -26.934379998238448 ], [ 28.375019989281167, -26.934080004188935 ], [ 28.375729995942631, -26.93382000299086 ], [ 28.376409994026073, -26.933580006312322 ], [ 28.3771799989578, -26.933290001932168 ], [ 28.378130003197164, -26.932930003317161 ], [ 28.378769999435924, -26.932810001380595 ], [ 28.380090000952816, -26.932469998291893 ], [ 28.380790002656529, -26.932329999929653 ], [ 28.381299999195665, -26.932220002950835 ], [ 28.381829999355066, -26.932000002698068 ], [ 28.382369990083021, -26.931839999816191 ], [ 28.382729996791998, -26.931659993314135 ], [ 28.383450002115982, -26.931430001593444 ], [ 28.384449997869208, -26.931220000003101 ], [ 28.384929999320061, -26.931169993200758 ], [ 28.385680007826117, -26.931059997121228 ], [ 28.385840002614113, -26.930999999750327 ], [ 28.386359996916397, -26.930950001041776 ], [ 28.38706999728263, -26.930860001388009 ], [ 28.388370002373765, -26.930720002126495 ], [ 28.388969997667299, -26.93069999760694 ], [ 28.389759999024786, -26.930839996868457 ], [ 28.390299997846714, -26.93092999562294 ], [ 28.391139997912571, -26.931130008443205 ], [ 28.392150000422198, -26.931420003830208 ], [ 28.392779997998527, -26.931669999171252 ], [ 28.393550002930343, -26.932039996448786 ], [ 28.39468999704572, -26.932659996261876 ], [ 28.39520999944197, -26.932940001979681 ], [ 28.395950002090906, -26.933390000248458 ], [ 28.396830003102171, -26.933929999070291 ], [ 28.398759997675835, -26.935169998696569 ], [ 28.399220002701018, -26.935460010271317 ], [ 28.399559989601876, -26.935690001092734 ], [ 28.399919997210134, -26.936009998762604 ], [ 28.40013999656362, -26.936329998230953 ], [ 28.400419995086747, -26.936800001019371 ], [ 28.400960001103179, -26.937940003228626 ], [ 28.40119999778171, -26.938510004333338 ], [ 28.401350002900347, -26.938949996745091 ], [ 28.40141000027133, -26.939620003360524 ], [ 28.401509997688343, -26.940669997822305 ], [ 28.401419998034573, -26.941360000863487 ], [ 28.401419998034569, -26.942020001621891 ], [ 28.401310001955128, -26.943679999032806 ], [ 28.401289998334764, -26.944140003158715 ], [ 28.401279999672244, -26.944619997415042 ], [ 28.401109998127936, -26.945149996675077 ], [ 28.40092000015796, -26.945930000269421 ], [ 28.400579997968535, -26.946909998697603 ], [ 28.400430000943867, -26.947189997220736 ], [ 28.400309999007298, -26.947409996574219 ], [ 28.40012999880047, -26.947660000009147 ], [ 28.400010004957789, -26.947939996733528 ], [ 28.39991999721013, -26.948410001320607 ], [ 28.399869997602391, -26.948869998251904 ], [ 28.399869997602387, -26.949169998596652 ], [ 28.400080000092007, -26.950300003042841 ], [ 28.40034999905324, -26.950869996053584 ], [ 28.400910009589321, -26.951330001078777 ], [ 28.401390003845663, -26.951739999301616 ], [ 28.402669997222638, -26.952709999966636 ], [ 28.403109996828992, -26.953019999873188 ], [ 28.403310000656088, -26.953209997843256 ], [ 28.403530000908862, -26.953450002615668 ], [ 28.403809999431985, -26.95367001096232 ], [ 28.404150000721952, -26.954020003720299 ], [ 28.404470000190386, -26.954390000997826 ], [ 28.405009998112938, -26.955109999127295 ], [ 28.405669998871431, -26.956340000990416 ], [ 28.405989997440496, -26.957029995937727 ], [ 28.406739997852672, -26.958389999299126 ], [ 28.407060003616337, -26.959059997820759 ], [ 28.407309998957299, -26.959449998718561 ], [ 28.407399991416558, -26.959729997241684 ], [ 28.407560002392231, -26.95993999883202 ], [ 28.407770012076451, -26.960810002080045 ], [ 28.407899995588405, -26.961470002838443 ], [ 28.408199997731707, -26.962190000967915 ], [ 28.40842999664709, -26.962720001127238 ], [ 28.40863999913671, -26.963049998358901 ], [ 28.409100004161893, -26.963830001053879 ], [ 28.40969999855615, -26.964620002411269 ], [ 28.410220009046196, -26.965659998210437 ], [ 28.41057999956741, -26.966229999315157 ], [ 28.411339998642017, -26.96728000187073 ], [ 28.411649999447931, -26.967709995619959 ], [ 28.411890004220343, -26.967990002236959 ], [ 28.412210001890127, -26.968439999606364 ], [ 28.412549996884863, -26.968790001357597 ], [ 28.412899997736719, -26.96928000057169 ], [ 28.413439995659274, -26.970219998953848 ], [ 28.413659995912134, -26.970889998374854 ], [ 28.413879997064274, -26.971320000217965 ], [ 28.414099997317045, -26.971620002361355 ], [ 28.41440999722359, -26.972209999891746 ], [ 28.414899997337052, -26.972960000303829 ], [ 28.415310002754492, -26.97336999762739 ], [ 28.4154800042988, -26.973490001362606 ], [ 28.415819998394255, -26.973669999770785 ], [ 28.416220006048455, -26.973899998686157 ], [ 28.416520000097968, -26.97407999799362 ], [ 28.417059998919893, -26.974500002073587 ], [ 28.417999997302136, -26.975400000409792 ], [ 28.418380000436695, -26.975840008110019 ], [ 28.418879998313308, -26.976349995655909 ], [ 28.419880001261134, -26.977340001739865 ], [ 28.420169996648127, -26.977560001992629 ], [ 28.420379999137747, -26.977719996780532 ], [ 28.420699996807443, -26.978080004388797 ], [ 28.421149995975593, -26.978710001965126 ], [ 28.421300001094231, -26.978890002171955 ], [ 28.421600003237625, -26.979399997811718 ], [ 28.422220003050803, -26.980440001704856 ], [ 28.422689997745255, -26.981169997597391 ], [ 28.422930003416948, -26.981730000938867 ], [ 28.423129999150166, -26.981959999854162 ], [ 28.423390000348249, -26.982449999068251 ], [ 28.4236400028839, -26.982970000565228 ], [ 28.423960000553596, -26.98336000326168 ], [ 28.42406999663304, -26.983540001669859 ], [ 28.424249996839958, -26.98399999860116 ], [ 28.424759999674233, -26.984769996338375 ], [ 28.425309998058047, -26.985440002953894 ], [ 28.425940010922858, -26.986269997162719 ], [ 28.426279997823713, -26.9867999982214 ], [ 28.426469995793692, -26.98712000398508 ], [ 28.426700001903583, -26.987419998034589 ], [ 28.426859996691491, -26.98757000315322 ], [ 28.427040004992289, -26.987629999624925 ], [ 28.427469998741518, -26.987859997640847 ], [ 28.427950001091741, -26.988070000130467 ], [ 28.428469995394025, -26.988380000037097 ], [ 28.428839999866153, -26.988699991411565 ], [ 28.428910003094256, -26.988810002779491 ], [ 28.429050002355773, -26.989170002293871 ], [ 28.429010001410461, -26.989610001900221 ], [ 28.428920008951287, -26.98980999763344 ], [ 28.428690002841396, -26.990349997354546 ], [ 28.427749997264641, -26.991749999862702 ], [ 28.427489996066559, -26.992119997140225 ], [ 28.42729000033334, -26.992329998730568 ], [ 28.426970000864905, -26.992840003363586 ], [ 28.426599996392778, -26.993340001240192 ], [ 28.426109997178685, -26.994010007855717 ], [ 28.42554000416785, -26.99452000439485 ], [ 28.424989998589613, -26.994930001718313 ], [ 28.42470000320262, -26.995119999688384 ], [ 28.424480002949849, -26.995280002570173 ], [ 28.424010000161427, -26.995680002130488 ], [ 28.423370003023209, -26.996430003442033 ], [ 28.422970004362259, -26.996780004293896 ], [ 28.422710003164177, -26.996899998136488 ], [ 28.422270001759177, -26.997230002562674 ], [ 28.421449998118987, -26.997869998801523 ], [ 28.420900000634543, -26.9982299983159 ], [ 28.420389996900898, -26.998579991073882 ], [ 28.419740002898898, -26.99902999024194 ], [ 28.419310000156418, -26.999400010901919 ], [ 28.41892999702177, -26.999760002322326 ], [ 28.418510001035781, -27.000129998700658 ], [ 28.418209998892387, -27.000539988829527 ], [ 28.418139995664284, -27.000629996577182 ], [ 28.417769998386756, -27.000990004185525 ], [ 28.417099999865204, -27.00159000037835 ], [ 28.416210000191423, -27.002500002773033 ], [ 28.416009996364235, -27.002659997560933 ], [ 28.415540000770502, -27.003159996336834 ], [ 28.414759998075535, -27.004089996056642 ], [ 28.414049997709302, -27.005219999603373 ], [ 28.413690007188087, -27.005850006172956 ], [ 28.413460001078285, -27.006239999876236 ], [ 28.413370001424511, -27.006599999390527 ], [ 28.413320208660732, -27.00685892589885 ], [ 28.413320001816679, -27.006859999689329 ], [ 28.413299716708597, -27.00686507276507 ], [ 28.413279992777486, -27.006870006445737 ], [ 28.413235547382655, -27.006892229592786 ], [ 28.413220004399754, -27.006900000634641 ], [ 28.410679997883616, -27.007749999363114 ], [ 28.383039996698542, -27.017059998819992 ], [ 28.383382563754335, -27.017907214146774 ], [ 28.38396986241932, -27.019359665116575 ], [ 28.383969997317546, -27.019359998765065 ], [ 28.358450003964517, -27.024220001651869 ], [ 28.357959995757263, -27.024310002204917 ], [ 28.353659997111222, -27.025129997751318 ], [ 28.35373999810248, -27.025889995926725 ], [ 28.354049998009021, -27.025969997817263 ], [ 28.354050031284004, -27.025970035588738 ], [ 28.355509998787429, -27.027569988864027 ], [ 28.35578998831739, -27.029159998335402 ], [ 28.35595999795558, -27.031069997382595 ], [ 28.355760002222361, -27.032990003186175 ], [ 28.355365156676683, -27.033766744939406 ], [ 28.355150000172426, -27.034190001867227 ], [ 28.354765850263828, -27.034602607224663 ], [ 28.354340002389176, -27.035059997021371 ], [ 28.354024941098164, -27.03540569191923 ], [ 28.353620004259792, -27.035849998378854 ], [ 28.353578303595892, -27.035929923827076 ], [ 28.353260004745504, -27.03654000231942 ], [ 28.353167549942583, -27.036794245158461 ], [ 28.353140002808939, -27.036869997752348 ], [ 28.353102948042661, -27.037051563678823 ], [ 28.352939998981839, -27.037849997079821 ], [ 28.35316999699776, -27.039010003808716 ], [ 28.354089995357032, -27.041190002716593 ], [ 28.353990000638039, -27.041169998196953 ], [ 28.342370002573567, -27.039150002170945 ], [ 28.323879997064211, -27.03640000305781 ], [ 28.315709999816679, -27.035799998771019 ], [ 28.314240002174401, -27.036159998285399 ], [ 28.31292999842066, -27.036760009766695 ], [ 28.29429000308124, -27.052779997598908 ], [ 28.29278999416292, -27.056949997444601 ], [ 28.292508999191007, -27.06013299943849 ], [ 28.292379987846203, -27.061599996942409 ], [ 28.295540002269309, -27.07277000483198 ], [ 28.297500000025053, -27.076020001821735 ], [ 28.306836004278196, -27.079273997197287 ], [ 28.307860001138213, -27.079870003098272 ], [ 28.308759998575145, -27.080509999337124 ], [ 28.309720002376221, -27.080969996268426 ], [ 28.310950004239341, -27.081619999263673 ], [ 28.3120099955649, -27.082199998131536 ], [ 28.312659998560147, -27.08276000057365 ], [ 28.313000000749483, -27.083169998796489 ], [ 28.313289997035756, -27.083979996579739 ], [ 28.313530001808171, -27.085230002962394 ], [ 28.313539999571407, -27.086309999706792 ], [ 28.313750002061028, -27.087119998389323 ], [ 28.314079998393243, -27.087789996910956 ], [ 28.314699999105702, -27.088390001197748 ], [ 28.31531000025636, -27.088840000365813 ], [ 28.315830002652525, -27.089410000571146 ], [ 28.3160500029053, -27.089879996164978 ], [ 28.316090003850608, -27.090399997661869 ], [ 28.315930000069454, -27.091210004438267 ], [ 28.31530000339249, -27.092659997560997 ], [ 28.314460002427172, -27.094749996815011 ], [ 28.313800000769405, -27.095749999762752 ], [ 28.312799997821664, -27.097240002823952 ], [ 28.310989996191399, -27.099140004108076 ], [ 28.308130000998815, -27.100890000273395 ], [ 28.306009998562637, -27.102000000199943 ], [ 28.302720000627573, -27.102610001350602 ], [ 28.301260001647815, -27.10371999318328 ], [ 28.300470000290328, -27.105390003645905 ], [ 28.29956000419088, -27.107719998679077 ], [ 28.2990000008494, -27.10943999975629 ], [ 28.29857999676944, -27.110039995949201 ], [ 28.297809999931594, -27.110779998598133 ], [ 28.297040003093748, -27.111229996867003 ], [ 28.295720000677488, -27.111499996727606 ], [ 28.294669999021288, -27.111550002630587 ], [ 28.293460000778442, -27.111269997812226 ], [ 28.293129997251626, -27.111210001340609 ], [ 28.292530001058722, -27.111260000049079 ], [ 28.291889988632107, -27.111520009341039 ], [ 28.291299999195601, -27.111929998570709 ], [ 28.291039997997608, -27.112519996101103 ], [ 28.290789994562676, -27.112949998843494 ], [ 28.290199997931573, -27.113439998057583 ], [ 28.289740001000357, -27.113799996672594 ], [ 28.289479999802182, -27.11423000031435 ], [ 28.289250000886895, -27.115140002709122 ], [ 28.288660004255874, -27.116180000306855 ], [ 28.288569995608849, -27.116970000765065 ], [ 28.288540001419946, -27.11772999983976 ], [ 28.288699997107219, -27.11870999916723 ], [ 28.288949998743501, -27.119199998381319 ], [ 28.289280012162852, -27.119760000823508 ], [ 28.289470002039035, -27.120359997016333 ], [ 28.289510002084981, -27.1207200037253 ], [ 28.289539997173168, -27.121069997382655 ], [ 28.289600001738755, -27.121399992815586 ], [ 28.289719995581343, -27.12167999943259 ], [ 28.289839999316566, -27.122010002959414 ], [ 28.289799998371251, -27.122349997954142 ], [ 28.289299999595354, -27.122870008444188 ], [ 28.288699997107219, -27.123239996728639 ], [ 28.288090003151158, -27.123509995689883 ], [ 28.287449997919062, -27.123870003298137 ], [ 28.287039999696223, -27.124109999976667 ], [ 28.286689998844363, -27.124490003111312 ], [ 28.286500001773753, -27.124860001288116 ], [ 28.286339998891879, -27.125340001839689 ], [ 28.286169997347567, -27.126530002757494 ], [ 28.286140003158657, -27.126930003217186 ], [ 28.285989998040019, -27.127259998650121 ], [ 28.285599996242851, -27.127650001346666 ], [ 28.285170001594341, -27.128059998670132 ], [ 28.284650000097457, -27.128459999129813 ], [ 28.283980000676539, -27.128819997744827 ], [ 28.283580001116217, -27.129129997651365 ], [ 28.283490000563074, -27.129309996958916 ], [ 28.283430004091464, -27.129799997072293 ], [ 28.283369998626601, -27.130629999375095 ], [ 28.283419998234343, -27.131020000272972 ], [ 28.283509997888117, -27.13143999715825 ], [ 28.283679999432422, -27.131760002921915 ], [ 28.283989999339056, -27.132049998308904 ], [ 28.284269996063529, -27.132229997616452 ], [ 28.284370001574334, -27.132399999160768 ], [ 28.284349997954063, -27.132640003933172 ], [ 28.284209998692546, -27.132820003240635 ], [ 28.283909997448433, -27.132920000657638 ], [ 28.283360000863357, -27.132910002894409 ], [ 28.282650001396494, -27.132809997383603 ], [ 28.281670002069031, -27.132579999367586 ], [ 28.280629998175893, -27.132319998169507 ], [ 28.280319998269345, -27.13225999270464 ], [ 28.280080000691537, -27.13231999816951 ], [ 28.279890002721469, -27.132399999160768 ], [ 28.279640000185903, -27.132629998076055 ], [ 28.279400010701973, -27.132950003839717 ], [ 28.279129995552889, -27.133530002707587 ], [ 28.278809997883197, -27.134060010960869 ], [ 28.278570001204574, -27.134349999153269 ], [ 28.278260001298033, -27.134680003579447 ], [ 28.278000000099947, -27.134979996729594 ], [ 28.277910001345546, -27.135190000118495 ], [ 28.277789997610327, -27.135690005189701 ], [ 28.277579996020076, -27.135939999631386 ], [ 28.277500003122704, -27.136349997854229 ], [ 28.277550001831166, -27.136609999052308 ], [ 28.277680002430166, -27.136919998958852 ], [ 28.277889995926621, -27.137199989388101 ], [ 28.277940002728968, -27.137379995890239 ], [ 28.277820000792488, -27.137639997088325 ], [ 28.277529997311614, -27.137920002806048 ], [ 28.277069992286346, -27.138249999138267 ], [ 28.276530001558388, -27.138640000935439 ], [ 28.275950001791241, -27.139089999204224 ], [ 28.275479999002819, -27.139459997381117 ], [ 28.275340000640497, -27.139709999916679 ], [ 28.275200002278346, -27.140379999337679 ], [ 28.27506000301674, -27.140660004156043 ], [ 28.274719999928127, -27.14102000277104 ], [ 28.274459998729952, -27.141200002078595 ], [ 28.274170004242329, -27.141269998112012 ], [ 28.273849997579383, -27.141340001340112 ], [ 28.273599995043824, -27.141470001939201 ], [ 28.273440000255828, -27.141699999955122 ], [ 28.273409997073752, -27.142060006664089 ], [ 28.273430000694027, -27.142390003895681 ], [ 28.273229989672323, -27.142660002856996 ], [ 28.272940002379215, -27.143150002071089 ], [ 28.272770000834903, -27.143449996120523 ], [ 28.272649997999057, -27.143820000592644 ], [ 28.272630001573386, -27.14409000135262 ], [ 28.272699988613638, -27.144409999022304 ], [ 28.272859999589311, -27.144549990190036 ], [ 28.273160001732705, -27.144599996992383 ], [ 28.273550004429243, -27.144579999667336 ], [ 28.27378000244525, -27.1446100028495 ], [ 28.274000001798651, -27.144769997637411 ], [ 28.274100000114945, -27.144980000127028 ], [ 28.274100000114945, -27.145140003008819 ], [ 28.274060000068914, -27.145389998349863 ], [ 28.273879999862174, -27.145659997311185 ], [ 28.273879999862174, -27.145979995880261 ], [ 28.274089994257913, -27.146300001643922 ], [ 28.274490001912113, -27.146390009391574 ], [ 28.27477999819839, -27.146359999014809 ], [ 28.275210000041497, -27.146120002336374 ], [ 28.275659999209651, -27.145979995880253 ], [ 28.27608999295888, -27.145900010177481 ], [ 28.276310001305532, -27.145950000792062 ], [ 28.276530001558388, -27.146099997816737 ], [ 28.276669999920628, -27.146369996778059 ], [ 28.276809999182142, -27.146709999866765 ], [ 28.276809999182142, -27.146979998827995 ], [ 28.276800001418991, -27.147240000026073 ], [ 28.276610003448926, -27.147590000878015 ], [ 28.276310001305532, -27.147810001130793 ], [ 28.27592000040773, -27.147990001337618 ], [ 28.275129998150874, -27.148210000691108 ], [ 28.274699988213882, -27.148279995825241 ], [ 28.274239999376462, -27.148399998661183 ], [ 28.273970000415229, -27.148529999260173 ], [ 28.273740000600569, -27.14867999628494 ], [ 28.273560010286271, -27.148870002348882 ], [ 28.273489998964376, -27.149130002647595 ], [ 28.273499996727526, -27.149350002900459 ], [ 28.273750000162369, -27.149589999578989 ], [ 28.274089994257913, -27.149710002414832 ], [ 28.27442999734653, -27.149779998448338 ], [ 28.274930003317024, -27.149729998840503 ], [ 28.275200002278346, -27.149800002068513 ], [ 28.275519999948045, -27.149990000038581 ], [ 28.27569000059307, -27.15024000167487 ], [ 28.275820002091436, -27.15060000118924 ], [ 28.275960001353045, -27.150880006906878 ], [ 28.275950001791241, -27.151069996783061 ], [ 28.275839997617826, -27.151289997035843 ], [ 28.275619998264336, -27.151419996735548 ], [ 28.275449996720027, -27.151379996689609 ], [ 28.275190003615826, -27.151199997382058 ], [ 28.275009996214397, -27.150939996183979 ], [ 28.274840002763973, -27.150619997614907 ], [ 28.274559997046246, -27.150470000590154 ], [ 28.274129995203136, -27.150439998307359 ], [ 28.273740000600569, -27.150479999252681 ], [ 28.273619998664003, -27.150669997222742 ], [ 28.273409997073752, -27.151099999065856 ], [ 28.273160001732705, -27.151220001002329 ], [ 28.272800003117698, -27.15123999832737 ], [ 28.272580010958805, -27.151159996436842 ], [ 28.272469998691509, -27.150880006906881 ], [ 28.272419999983047, -27.150529997961144 ], [ 28.272170004642085, -27.150169999346133 ], [ 28.271920002106434, -27.150089998354886 ], [ 28.271579999017728, -27.150210000291363 ], [ 28.271449999318012, -27.150420001881699 ], [ 28.271269999111183, -27.150939996183979 ], [ 28.27120000397705, -27.151279999272681 ], [ 28.271099997566878, -27.151779996249928 ], [ 28.270980003724194, -27.152169998047089 ], [ 28.270799996322761, -27.152609998552727 ], [ 28.270580012257842, -27.152860001088289 ], [ 28.270370001674255, -27.153239997028333 ], [ 28.270179995610391, -27.153669998871443 ], [ 28.270150002320765, -27.153939997832769 ], [ 28.270240001075255, -27.154299997347142 ], [ 28.270420001282087, -27.154789996561146 ], [ 28.27055999964432, -27.155330002577678 ], [ 28.270640000635577, -27.155640003383592 ], [ 28.270619997015302, -27.155880000062115 ], [ 28.27055999964432, -27.156050000707054 ], [ 28.270429999045234, -27.156299996048109 ], [ 28.270299998446148, -27.156389987607913 ], [ 28.269939998931864, -27.156530003057274 ], [ 28.269440001954621, -27.156680000082037 ], [ 28.269109996629062, -27.156630001373571 ], [ 28.26861999831425, -27.156509997638445 ], [ 28.268190002766463, -27.156440003403599 ], [ 28.267970003412973, -27.156459998929982 ], [ 28.267609995804715, -27.156699995608424 ], [ 28.267119996590619, -27.157129999250184 ], [ 28.267009999611808, -27.157420001831692 ], [ 28.266939997283071, -27.157700000354815 ], [ 28.266889997675328, -27.158149997724401 ], [ 28.266770003832644, -27.158610002749498 ], [ 28.266460003926099, -27.15881999714524 ], [ 28.266150004019465, -27.158909996799014 ], [ 28.26599999890092, -27.159029999634942 ], [ 28.265950000192365, -27.159370001824282 ], [ 28.265959997955605, -27.159820000992429 ], [ 28.266009996664067, -27.160009998962412 ], [ 28.266319996570612, -27.160319998868953 ], [ 28.266529999060232, -27.160499998176508 ], [ 28.266849996730016, -27.160870002648636 ], [ 28.26726000304674, -27.161119997989683 ], [ 28.267540000670493, -27.161219996305899 ], [ 28.267880002859915, -27.161210005737338 ], [ 28.268110001775206, -27.161100001563916 ], [ 28.26861999831425, -27.160780003894228 ], [ 28.26906999658312, -27.160509995939655 ], [ 28.269499999325511, -27.1603299966322 ], [ 28.269880001560878, -27.160250002835451 ], [ 28.270140002758964, -27.160220000552748 ], [ 28.270309997108672, -27.160319998868957 ], [ 28.270259998400206, -27.16062000011307 ], [ 28.270190002366707, -27.160870002648629 ], [ 28.269939998931864, -27.161230002163006 ], [ 28.269520002945871, -27.161559999394594 ], [ 28.269210003039241, -27.161850001976095 ], [ 28.269109996629062, -27.162250002435787 ], [ 28.268990002786467, -27.16301999927364 ], [ 28.268990002786467, -27.163389995651883 ], [ 28.269040002394213, -27.163570003952675 ], [ 28.26919999718212, -27.16376999968589 ], [ 28.269570001654248, -27.163919996710565 ], [ 28.269920003405474, -27.163919996710565 ], [ 28.270150002320765, -27.164030000883979 ], [ 28.270349997154703, -27.164240003373603 ], [ 28.270389998099922, -27.164420001781782 ], [ 28.270410002619563, -27.164600010082577 ], [ 28.270339999391549, -27.164919999658391 ], [ 28.270240001075255, -27.165229999564932 ], [ 28.270050004004556, -27.165459999379596 ], [ 28.269819996995295, -27.165610003598864 ], [ 28.269549998034062, -27.165670000969939 ], [ 28.269300002693015, -27.165659995112822 ], [ 28.26906999658312, -27.16554999813409 ], [ 28.268759996676575, -27.165260002747104 ], [ 28.268569998706507, -27.16509999986522 ], [ 28.268210008185381, -27.164990002886402 ], [ 28.267700003552367, -27.164960000603703 ], [ 28.267280000371777, -27.164960000603696 ], [ 28.267069997882157, -27.165029995737836 ], [ 28.266950003140192, -27.16532999788123 ], [ 28.266879999912092, -27.165710001015881 ], [ 28.266849996730016, -27.166240002074566 ], [ 28.266969999565866, -27.166669995823799 ], [ 28.267239999426465, -27.167120003085827 ], [ 28.267490001962031, -27.167310001055888 ], [ 28.267859999239647, -27.167660001008379 ], [ 28.268060003066747, -27.167899997686821 ], [ 28.268320004264826, -27.16833000042929 ], [ 28.268389999398959, -27.168609998053142 ], [ 28.268309998407705, -27.168860000588705 ], [ 28.268179996909339, -27.169050005753281 ], [ 28.267880002859915, -27.169269998811455 ], [ 28.267800001868661, -27.169440000355856 ], [ 28.267689997695246, -27.169849997679322 ], [ 28.267469997442479, -27.170090003351103 ], [ 28.267190007912607, -27.170190000768031 ], [ 28.266870002148938, -27.170190000768024 ], [ 28.266570000005544, -27.170040003743271 ], [ 28.266449998068978, -27.169820002591134 ], [ 28.266380002035479, -27.169319998419287 ], [ 28.266160001782705, -27.168910000196444 ], [ 28.265869998301831, -27.168729999989619 ], [ 28.265580002914838, -27.168800004117006 ], [ 28.265320001716756, -27.169050005753284 ], [ 28.265039995999032, -27.169480001301167 ], [ 28.264700009098178, -27.170190000768024 ], [ 28.264409998422796, -27.170689997745367 ], [ 28.264340002389204, -27.170980002125518 ], [ 28.264330003726773, -27.171229996567192 ], [ 28.264449999368015, -27.171510002284915 ], [ 28.264709999666817, -27.1717599967266 ], [ 28.265059999619307, -27.172070004727022 ], [ 28.265429997796204, -27.172279999122765 ], [ 28.26562000296078, -27.172369998776535 ], [ 28.265710002614554, -27.172469997092836 ], [ 28.265750003559866, -27.172760000573703 ], [ 28.265720009370959, -27.172949997644402 ], [ 28.26554000196953, -27.173169998796542 ], [ 28.265349987811785, -27.173269997112836 ], [ 28.265059999619307, -27.173410002669677 ], [ 28.264739993855727, -27.173449996420299 ], [ 28.264419996185943, -27.173550001931186 ], [ 28.264030001583375, -27.173699998955861 ], [ 28.263630002922337, -27.173759996326929 ], [ 28.263209998842381, -27.173799997272152 ], [ 28.26283000290233, -27.173759996326925 ], [ 28.261929998270798, -27.173609999302087 ], [ 28.261669997072719, -27.173630003821732 ], [ 28.261420001731665, -27.173759996326929 ], [ 28.261299998895911, -27.174049999807806 ], [ 28.261359997166171, -27.174440008799483 ], [ 28.261699999355507, -27.175169998396793 ], [ 28.261889997325575, -27.175499993829714 ], [ 28.262170002143929, -27.176090000353366 ], [ 28.262379995640298, -27.17639000069811 ], [ 28.262689996446216, -27.176610001850246 ], [ 28.262939998981864, -27.176759998874914 ], [ 28.263280002070481, -27.176799998920949 ], [ 28.263630002922337, -27.176750000212479 ], [ 28.263950000592125, -27.176759998874914 ], [ 28.264300002343262, -27.176830002103021 ], [ 28.264399999760272, -27.176969993270649 ], [ 28.264399999760272, -27.177299996797558 ], [ 28.264319998769022, -27.177550000232404 ], [ 28.264350001051721, -27.177829996956877 ], [ 28.264650002295838, -27.17825999969935 ], [ 28.26496000310166, -27.178539997323103 ], [ 28.265119997889656, -27.178899995938195 ], [ 28.26533999814243, -27.179270001309611 ], [ 28.265559998395197, -27.179459991185709 ], [ 28.265900000584626, -27.179570002553714 ], [ 28.266300001044222, -27.179509997988141 ], [ 28.266659999659229, -27.179469997042833 ], [ 28.267109997928099, -27.179500000224905 ], [ 28.267310001755199, -27.179639998587142 ], [ 28.267360001363031, -27.179840002414327 ], [ 28.267289998134931, -27.180079999092769 ], [ 28.267130003347024, -27.180290000683115 ], [ 28.266870002148938, -27.18047000088994 ], [ 28.266409997123759, -27.180529998260926 ], [ 28.266039999846139, -27.180510001835252 ], [ 28.265779998648057, -27.1806199979147 ], [ 28.265490003261064, -27.180830000404313 ], [ 28.265249997589372, -27.181220001302201 ], [ 28.264970000864899, -27.181579999917208 ], [ 28.264769997037799, -27.181800001069345 ], [ 28.264560002642064, -27.181970001714287 ], [ 28.264340002389204, -27.182050002705541 ], [ 28.264139998562104, -27.182129997401557 ], [ 28.263959999254556, -27.182290000283349 ], [ 28.263869998701498, -27.182590002426839 ], [ 28.263869998701498, -27.18282000044276 ], [ 28.264059996671566, -27.183200003577401 ], [ 28.264399999760272, -27.183910003943637 ], [ 28.264439999806214, -27.184370000875031 ], [ 28.264380003334512, -27.184890003271192 ], [ 28.264300002343262, -27.185439998956895 ], [ 28.264219999553358, -27.186000002298375 ], [ 28.264229998215878, -27.186159997985648 ], [ 28.264239996878395, -27.186220002551146 ], [ 28.26369999805647, -27.186180001605923 ], [ 28.259060004415698, -27.184249998039089 ], [ 28.239899998586136, -27.184280009315135 ], [ 28.238889996975789, -27.185430001193744 ], [ 28.225560003691232, -27.178809996284429 ], [ 28.223940000031032, -27.178160002282432 ], [ 28.214930002717459, -27.174319998769043 ], [ 28.214440002604089, -27.174109989084823 ], [ 28.213960002052424, -27.173900002782965 ], [ 28.213480000601571, -27.173699998955861 ], [ 28.212990001387482, -27.173489997365607 ], [ 28.212509999936536, -27.173280002969872 ], [ 28.212029997586406, -27.173079999142765 ], [ 28.211539999271594, -27.172869996653152 ], [ 28.210089997155702, -27.172249996839977 ], [ 28.20802000242124, -27.171370003922682 ], [ 28.205940001829653, -27.170490002012141 ], [ 28.204910003793724, -27.170050002405791 ], [ 28.201789999309089, -27.168729999989623 ], [ 28.200530003257061, -27.168199999830303 ], [ 28.199690002291828, -27.167920002206458 ], [ 28.198490002711502, -27.167340003338591 ], [ 28.198180002804872, -27.167189998219961 ], [ 28.197880000661566, -27.167049999857721 ], [ 28.196680001980518, -27.166460002327334 ], [ 28.195620000762432, -27.166049996010617 ], [ 28.194979997329067, -27.165719999678313 ], [ 28.194709996569099, -27.165580009410039 ], [ 28.194430007938596, -27.165440002054559 ], [ 28.193890001022787, -27.165159997236202 ], [ 28.193190000218351, -27.165050001156757 ], [ 28.190430002442696, -27.164609999751757 ], [ 28.1897399994015, -27.164510002334833 ], [ 28.188359999614349, -27.164290002082073 ], [ 28.187659997910547, -27.164179997908736 ], [ 28.186970002963321, -27.164070001829288 ], [ 28.186700003102722, -27.164009996364339 ], [ 28.186429996047515, -27.163959996756507 ], [ 28.186149999323046, -27.163909998048137 ], [ 28.185880000361813, -27.163850000677147 ], [ 28.185610007695722, -27.1638000019686 ], [ 28.185340000640519, -27.163739989309217 ], [ 28.185060003916046, -27.16368999779527 ], [ 28.184789995961559, -27.163639999086804 ], [ 28.184519997000326, -27.163580009809703 ], [ 28.184240000275857, -27.163530003007363 ], [ 28.183799998870857, -27.163130010641648 ], [ 28.183529999909624, -27.162910003194185 ], [ 28.181449999318037, -27.161069999281132 ], [ 28.181409999272095, -27.161039996998426 ], [ 28.179099999765214, -27.159029999634946 ], [ 28.178330002927279, -27.158350001551501 ], [ 28.176020004319771, -27.156339996993417 ], [ 28.175249999388043, -27.155659999809252 ], [ 28.173850003175133, -27.154439995709382 ], [ 28.173410002669502, -27.154039996149066 ], [ 28.172559995847152, -27.15329001192465 ], [ 28.171709998018049, -27.152529996662185 ], [ 28.170450001066744, -27.151419996735548 ], [ 28.169200002777956, -27.150299999945123 ], [ 28.167939997732763, -27.149180002255427 ], [ 28.166730001288567, -27.14809999741707 ], [ 28.165509997188689, -27.147019999773303 ], [ 28.164299999845124, -27.145939994934945 ], [ 28.163900000284805, -27.145590002176966 ], [ 28.161980001675726, -27.144149997824325 ], [ 28.14500800681413, -27.141060003716351 ], [ 28.141080000141937, -27.140369999775796 ], [ 28.134479998852889, -27.139139997912675 ], [ 28.126750003010265, -27.137859998240465 ], [ 28.123530000209335, -27.127740001000348 ], [ 28.120940003977985, -27.119959996556727 ], [ 28.119100000064929, -27.114369997777313 ], [ 28.115110000426153, -27.107150005668327 ], [ 28.111939997233144, -27.100920002556187 ], [ 28.108029991391021, -27.093199996382836 ], [ 28.105000001848637, -27.087429998295956 ], [ 28.104349998853387, -27.086039992651674 ], [ 28.090010003958568, -27.092050003604935 ], [ 28.077849998978284, -27.097160000933414 ], [ 28.077660001008219, -27.097340001140243 ], [ 28.077589997780205, -27.097280003769256 ], [ 28.077530001308503, -27.097139997313143 ], [ 28.077499998126427, -27.096930002917407 ], [ 28.077499998126427, -27.09663000077401 ], [ 28.077530001308503, -27.096310003104314 ], [ 28.077530001308499, -27.096150000222437 ], [ 28.077480001700756, -27.096010000960916 ], [ 28.077480001700756, -27.095910002644622 ], [ 28.077610002299757, -27.095790000708149 ], [ 28.077639997387948, -27.095650002345824 ], [ 28.077650003245072, -27.095409996674132 ], [ 28.077759999324513, -27.095189997320649 ], [ 28.077750000661993, -27.095020003870211 ], [ 28.077650003245068, -27.094859992894449 ], [ 28.077480001700756, -27.094730000389344 ], [ 28.077260002347177, -27.094659997161237 ], [ 28.077109997228629, -27.094659997161237 ], [ 28.076999993055217, -27.094680000781512 ], [ 28.076860001887582, -27.09480000271807 ], [ 28.076749997714256, -27.094909999696892 ], [ 28.076650000297239, -27.094949999742834 ], [ 28.07647000818438, -27.094949999742834 ], [ 28.076280003019711, -27.094879997414093 ], [ 28.076129997901074, -27.094680000781505 ], [ 28.075899998985783, -27.094469999191254 ], [ 28.075729998340758, -27.094150000622189 ], [ 28.075649995550851, -27.093979999977169 ], [ 28.075660003206629, -27.093759998825021 ], [ 28.075549998133926, -27.093639996888463 ], [ 28.07541999843421, -27.093459996681631 ], [ 28.075329997881155, -27.093220000902381 ], [ 28.075360001063228, -27.093009999312134 ], [ 28.07539000334593, -27.092810002679546 ], [ 28.075440002054481, -27.09257999567037 ], [ 28.075549998133926, -27.092429998645617 ], [ 28.075729998340758, -27.092320002566176 ], [ 28.07585000027732, -27.092240001574908 ], [ 28.076049996010539, -27.092219997055363 ], [ 28.07625999760079, -27.09230999670913 ], [ 28.076410002719431, -27.092439998207414 ], [ 28.076519998798961, -27.092540002819032 ], [ 28.076659998060482, -27.092600001089291 ], [ 28.076779999996955, -27.092609998852446 ], [ 28.07683999826731, -27.092590002426771 ], [ 28.076919999258561, -27.092510001435517 ], [ 28.076919999258561, -27.092369994080119 ], [ 28.076829998705509, -27.092219997055356 ], [ 28.076829998705509, -27.092089997355643 ], [ 28.07683999826731, -27.091960003951165 ], [ 28.076760003571287, -27.091879994866023 ], [ 28.076640001634811, -27.091809998832524 ], [ 28.07661999711517, -27.091790003306137 ], [ 28.076630002972291, -27.091720000078027 ], [ 28.076680001680749, -27.091660001807774 ], [ 28.07683999826731, -27.091490001162743 ], [ 28.076999993055217, -27.091389994752568 ], [ 28.077239996928348, -27.091319999618435 ], [ 28.077399999810137, -27.091239997727808 ], [ 28.077430002992209, -27.091189999019345 ], [ 28.07740999937203, -27.091109998028095 ], [ 28.077340003338524, -27.091019990280433 ], [ 28.077189998219797, -27.090940003678302 ], [ 28.076979995730174, -27.090889996875951 ], [ 28.076749997714259, -27.090830000404342 ], [ 28.076659998060482, -27.090699999805256 ], [ 28.076579996169855, -27.090529998260941 ], [ 28.07650999294184, -27.090120000038105 ], [ 28.07639999686231, -27.089670001769324 ], [ 28.076330001728174, -27.08950000022493 ], [ 28.076160000183865, -27.089339997343135 ], [ 28.075989998639557, -27.089199998980906 ], [ 28.075790002906341, -27.089050001956146 ], [ 28.07562000226131, -27.08892000135706 ], [ 28.075589999079153, -27.088860012080048 ], [ 28.075580001315998, -27.088769996238423 ], [ 28.075589999079153, -27.088709998867529 ], [ 28.075649995550851, -27.088679995685364 ], [ 28.07583000385165, -27.088650002395831 ], [ 28.076150002420714, -27.088640003733307 ], [ 28.07647000818438, -27.088619999213755 ], [ 28.076600000689499, -27.088579998268447 ], [ 28.076680001680749, -27.088539998222505 ], [ 28.076770002233811, -27.088390001197741 ], [ 28.07683999826731, -27.088250001936142 ], [ 28.076889996975773, -27.088040000345892 ], [ 28.076889996975773, -27.087789996910956 ], [ 28.076860001887585, -27.087630002123049 ], [ 28.076829998705509, -27.087569996658097 ], [ 28.076669995823629, -27.087500000624598 ], [ 28.07639999686231, -27.087419999633433 ], [ 28.07620000112918, -27.087379998688121 ], [ 28.076060001867575, -27.087320002216501 ], [ 28.075959996356765, -27.087230001663361 ], [ 28.075859998040475, -27.087119998389319 ], [ 28.075800000669489, -27.087019991979137 ], [ 28.075819997994532, -27.086910003993669 ], [ 28.075880002560027, -27.086830002103046 ], [ 28.076120000137927, -27.086719997929631 ], [ 28.076500003272571, -27.086579999567476 ], [ 28.076720002626061, -27.08649999767686 ], [ 28.07682000094227, -27.086440001205247 ], [ 28.076869999650732, -27.086350000652097 ], [ 28.076919999258564, -27.086229998715538 ], [ 28.076929997021804, -27.086109995879692 ], [ 28.076860001887585, -27.085950001091781 ], [ 28.076640001634807, -27.085749997264688 ], [ 28.076370001774116, -27.085500001923627 ], [ 28.076269996263314, -27.085370002223911 ], [ 28.076150002420714, -27.08515000197114 ], [ 28.075980008970287, -27.084830003402079 ], [ 28.075859998040475, -27.084620000912363 ], [ 28.075689997395443, -27.084529994064084 ], [ 28.075570002653478, -27.08445999803067 ], [ 28.075310002354765, -27.084440001604907 ], [ 28.075039995299562, -27.084440001604911 ], [ 28.074839998667066, -27.084419997984643 ], [ 28.074640002933844, -27.084379997039328 ], [ 28.074529998760429, -27.084289997385643 ], [ 28.07433000302721, -27.084120003935134 ], [ 28.07412999920011, -27.083929997871177 ], [ 28.073999997701748, -27.08390000278299 ], [ 28.073620002661066, -27.083879999162797 ], [ 28.073570003952518, -27.083829999554975 ], [ 28.073490010155862, -27.083730002137965 ], [ 28.073320001416953, -27.083449997319612 ], [ 28.073119988596606, -27.083219998404303 ], [ 28.07305000155635, -27.083049996860012 ], [ 28.07306000021887, -27.082940000780479 ], [ 28.073090003400942, -27.082779997898683 ], [ 28.073199998581106, -27.082660003156722 ], [ 28.073379997888566, -27.082419999283676 ], [ 28.073570003952518, -27.082099999815242 ], [ 28.073649989655291, -27.08197999787868 ], [ 28.073660003606292, -27.081860004036081 ], [ 28.073590000378186, -27.081759997625902 ], [ 28.073440003353518, -27.081660000208977 ], [ 28.07326000404597, -27.081619999263673 ], [ 28.07306000021887, -27.081640002883944 ], [ 28.072899997336997, -27.081700001154296 ], [ 28.072750000312325, -27.081830000854012 ], [ 28.072650001996031, -27.081899995988142 ], [ 28.07260000328748, -27.081910002744543 ], [ 28.072489999114154, -27.081860004036081 ], [ 28.072089998654555, -27.081560001892683 ], [ 28.072030002182856, -27.081499997327104 ], [ 28.072030002182856, -27.081390001247659 ], [ 28.072039999946004, -27.081219998804066 ], [ 28.072139990168417, -27.081089999104258 ], [ 28.072220000152921, -27.081009997213734 ], [ 28.072229997916072, -27.080959997605902 ], [ 28.072189996970852, -27.08085000242583 ], [ 28.072060003566367, -27.080699997307104 ], [ 28.071839996118904, -27.080580002565128 ], [ 28.071580003014702, -27.080509999337121 ], [ 28.071469998841376, -27.080459999729285 ], [ 28.071450003315075, -27.080429998345871 ], [ 28.071450003315075, -27.080360002312357 ], [ 28.071580003014702, -27.080249998139035 ], [ 28.071829998355756, -27.080100001114275 ], [ 28.072149996025448, -27.07994999689501 ], [ 28.072369997177677, -27.079870003098264 ], [ 28.072539997822616, -27.079780003444498 ], [ 28.072640004232884, -27.079679997034322 ], [ 28.072849997729165, -27.079390001647322 ], [ 28.07305000155635, -27.079019996275928 ], [ 28.073090003400942, -27.078869999251161 ], [ 28.073140001210124, -27.078670004417312 ], [ 28.073199998581106, -27.078540002918942 ], [ 28.073209997243538, -27.078370002273914 ], [ 28.073209997243538, -27.078240000775551 ], [ 28.073019999273559, -27.078020001422065 ], [ 28.072809996783938, -27.077790001607401 ], [ 28.072709999367017, -27.077700002853 ], [ 28.072709999367017, -27.077560003591394 ], [ 28.072790001257548, -27.077359999764294 ], [ 28.073039995699229, -27.077000001149283 ], [ 28.073149999872644, -27.076879999212721 ], [ 28.073249998188938, -27.076699999005886 ], [ 28.07328999823488, -27.076610007446 ], [ 28.073249998188938, -27.076430000044571 ], [ 28.073180002155347, -27.076269997162694 ], [ 28.072989996990771, -27.07608999695595 ], [ 28.072769995838627, -27.075949998593625 ], [ 28.072629990281882, -27.075869996703087 ], [ 28.07254999558586, -27.075729998340858 ], [ 28.072520001396946, -27.075559996796549 ], [ 28.072530000059469, -27.075190000418306 ], [ 28.072560002342257, -27.074979997928683 ], [ 28.072650001996031, -27.074820003140772 ], [ 28.072740001649805, -27.074650008790979 ], [ 28.072759998075476, -27.074520000997381 ], [ 28.072780001695747, -27.07435000035235 ], [ 28.07282000264097, -27.074259999799295 ], [ 28.072939998282305, -27.074139996963442 ], [ 28.073149999872644, -27.074030000883919 ], [ 28.073339996943254, -27.073879995765278 ], [ 28.073450009210553, -27.073750004159443 ], [ 28.073559998095483, -27.073599999040805 ], [ 28.073599998141425, -27.073400003307675 ], [ 28.073599998141425, -27.073179994960935 ], [ 28.07347999620486, -27.07306999888149 ], [ 28.073329999180103, -27.073000002847991 ], [ 28.073119988596606, -27.072939998282404 ], [ 28.07285999639177, -27.072939998282404 ], [ 28.072629990281882, -27.07292000185673 ], [ 28.072430001743172, -27.072830002202956 ], [ 28.072179999207609, -27.072589997430548 ], [ 28.071819999693233, -27.072319990375345 ], [ 28.071640000385685, -27.072160010875923 ], [ 28.071550000731911, -27.071999999900157 ], [ 28.071490010555532, -27.071649999048393 ], [ 28.071469998841376, -27.071389997850222 ], [ 28.071469998841376, -27.071219997205194 ], [ 28.071360002761931, -27.071060000618637 ], [ 28.071169996697982, -27.070960004100996 ], [ 28.071060000618537, -27.070840001265147 ], [ 28.070970000964763, -27.07070000200363 ], [ 28.070949997344492, -27.07049000041329 ], [ 28.070930000019452, -27.070139999561434 ], [ 28.071039996998266, -27.069759996426786 ], [ 28.071199999880143, -27.069540004267896 ], [ 28.071450003315075, -27.069260005744773 ], [ 28.071829998355756, -27.069029999634886 ], [ 28.072070003128164, -27.068899999035885 ], [ 28.072220000152921, -27.068819998044631 ], [ 28.072349999852637, -27.068689997445553 ], [ 28.072499996877394, -27.068519995901237 ], [ 28.072579998767928, -27.068369998876474 ], [ 28.07260000328748, -27.068090002152012 ], [ 28.072579998767928, -27.067849997379597 ], [ 28.072480001351003, -27.067690001692323 ], [ 28.072309998907325, -27.067629997126819 ], [ 28.072039999946004, -27.067560001093231 ], [ 28.071819999693233, -27.067529998810528 ], [ 28.071689999094236, -27.067510002384864 ], [ 28.071570005251552, -27.067539996573682 ], [ 28.071460001078229, -27.067619999363593 ], [ 28.071439995659304, -27.067719996780603 ], [ 28.071400003707243, -27.067899996088059 ], [ 28.071410002369674, -27.068069996733083 ], [ 28.071310004053469, -27.068270000560183 ], [ 28.071180002555106, -27.068329997931169 ], [ 28.070970000964763, -27.068400002058553 ], [ 28.070800000319736, -27.068440002104495 ], [ 28.070610002349756, -27.06848000304981 ], [ 28.070430003042208, -27.068610003648889 ], [ 28.070310000206362, -27.068689997445546 ], [ 28.070210001890072, -27.068689997445546 ], [ 28.070000000299817, -27.068610003648885 ], [ 28.069910000646043, -27.068549999083309 ], [ 28.069730001338495, -27.068379996639628 ], [ 28.069709996818943, -27.06831999207413 ], [ 28.069699999055707, -27.068090002152008 ], [ 28.069730001338495, -27.067669998072045 ], [ 28.069810003229122, -27.067370004022621 ], [ 28.06994000292875, -27.067070001879138 ], [ 28.069950000691986, -27.067030000933919 ], [ 28.069950000691986, -27.066789996161507 ], [ 28.069910000646043, -27.06656999590874 ], [ 28.069789997810108, -27.066379997938675 ], [ 28.06961000659653, -27.06627000185922 ], [ 28.069439997857621, -27.066180003104733 ], [ 28.069269996313313, -27.066230000913908 ], [ 28.069050004154334, -27.06640000335759 ], [ 28.068890001272546, -27.066550000382346 ], [ 28.068759999774183, -27.066559998145493 ], [ 28.068669992925805, -27.066490003011364 ], [ 28.068669992925805, -27.066350003749758 ], [ 28.068759999774183, -27.066119996740582 ], [ 28.068819997145162, -27.065969999715826 ], [ 28.069100002862889, -27.065719998079551 ], [ 28.069120007382441, -27.065520002346329 ], [ 28.069150001571348, -27.065110004123493 ], [ 28.069140003808108, -27.064910000296397 ], [ 28.06920999894233, -27.064749997414602 ], [ 28.069290000832865, -27.064640001335153 ], [ 28.069379999587269, -27.064500002073551 ], [ 28.069379999587269, -27.064429997946167 ], [ 28.069309997258628, -27.064320009960603 ], [ 28.069159992139987, -27.064280009015292 ], [ 28.069029999634783, -27.064280009015295 ], [ 28.068809999382015, -27.064299998246458 ], [ 28.068540000420693, -27.064370000575185 ], [ 28.068430004341245, -27.064359994718156 ], [ 28.068090001252539, -27.064219996355828 ], [ 28.06790000328256, -27.064129996702054 ], [ 28.067740000400686, -27.064019999723335 ], [ 28.067640002084477, -27.063939998732071 ], [ 28.067590003375926, -27.063769998087047 ], [ 28.067579996619529, -27.063289995736827 ], [ 28.067560001093227, -27.062930005215701 ], [ 28.067500003722241, -27.062450003764752 ], [ 28.0674799992026, -27.062179996709645 ], [ 28.067349998603603, -27.061869996803008 ], [ 28.06725000118659, -27.061620002361323 ], [ 28.067139997013264, -27.061360001163251 ], [ 28.067009996414178, -27.061029995837778 ], [ 28.066949999043288, -27.060759996876449 ], [ 28.066919995861124, -27.060579997568908 ], [ 28.066840002963751, -27.060460002826943 ], [ 28.06676999973574, -27.060380001835771 ], [ 28.066660002756922, -27.060309997708391 ], [ 28.066559997246117, -27.060290002182004 ], [ 28.066450001166675, -27.060309997708394 ], [ 28.066389995701719, -27.060430001443525 ], [ 28.066339996993261, -27.060629997176743 ], [ 28.066339996993261, -27.060919999758326 ], [ 28.066360002412178, -27.061109997728316 ], [ 28.066360002412178, -27.061260002847035 ], [ 28.066310002804347, -27.061310001555409 ], [ 28.066230000913812, -27.061429996297377 ], [ 28.066130002597607, -27.061530001808272 ], [ 28.066109998977247, -27.06162000236133 ], [ 28.066170004442199, -27.061760000723567 ], [ 28.066149999023281, -27.061880002660128 ], [ 28.066109998977247, -27.061930002267868 ], [ 28.065960001952579, -27.061959995557416 ], [ 28.06576998779466, -27.061940000031107 ], [ 28.065640004282795, -27.061930002267868 ], [ 28.065510002784428, -27.061779997149323 ], [ 28.065340002139404, -27.061660003306635 ], [ 28.065189997020763, -27.061580001416104 ], [ 28.065059996421677, -27.061469997242689 ], [ 28.064990001287544, -27.061379996689539 ], [ 28.065020002670966, -27.061249996989922 ], [ 28.065149996075451, -27.060990002986347 ], [ 28.065319996720479, -27.060759996876463 ], [ 28.065319996720479, -27.060609999851703 ], [ 28.06526999801202, -27.060460002826947 ], [ 28.065159993838606, -27.060399998261445 ], [ 28.064969996767992, -27.060380001835775 ], [ 28.064770001034773, -27.060420001881717 ], [ 28.064620004009928, -27.060510002434771 ], [ 28.064540002119394, -27.060579997568908 ], [ 28.064439995709218, -27.060749999113305 ], [ 28.064429997946071, -27.060960000703552 ], [ 28.064460001128143, -27.061109997728312 ], [ 28.064590000827859, -27.061480003099806 ], [ 28.064609998152896, -27.061679998833029 ], [ 28.064580003064705, -27.061800000769502 ], [ 28.064509999836602, -27.061859998140488 ], [ 28.064420000182828, -27.061930002267871 ], [ 28.064329999629773, -27.061959995557405 ], [ 28.064150001221595, -27.061959995557412 ], [ 28.064029998385749, -27.061910004942916 ], [ 28.063960003251616, -27.061880002660132 ], [ 28.063889999124143, -27.061790003006351 ], [ 28.063880001360992, -27.061549998233943 ], [ 28.063870002698472, -27.061040001694806 ], [ 28.063859996841352, -27.060280004418768 ], [ 28.063790001707218, -27.0599199968105 ], [ 28.063689996196416, -27.059580001815679 ], [ 28.063560002791927, -27.059320000617685 ], [ 28.063359998964739, -27.059100001264198 ], [ 28.063149997374488, -27.058799999120719 ], [ 28.062869999750649, -27.058359997715804 ], [ 28.062730001388498, -27.05821000069114 ], [ 28.062640000835358, -27.058139998362403 ], [ 28.062529996662029, -27.058030002282873 ], [ 28.062510001135642, -27.05790000078451 ], [ 28.062529996662029, -27.057749996565242 ], [ 28.062709996868858, -27.057389997050858 ], [ 28.063040001295043, -27.056890000073523 ], [ 28.063130000948817, -27.056780003994078 ], [ 28.063219999703222, -27.056650003395081 ], [ 28.063279989879604, -27.056470004087537 ], [ 28.063380004383749, -27.05627999802358 ], [ 28.06341999633581, -27.056040001345142 ], [ 28.063430003092122, -27.055820001092293 ], [ 28.063430003092122, -27.055619989171305 ], [ 28.063369996727978, -27.055529996712039 ], [ 28.063269999310965, -27.055429999295121 ], [ 28.063120010380178, -27.055379999687375 ], [ 28.062900002033526, -27.055339999641344 ], [ 28.062770002333721, -27.055330000978817 ], [ 28.062699998206426, -27.055280002270443 ], [ 28.062669995923549, -27.055169998097039 ], [ 28.062720002725978, -27.054999996552731 ], [ 28.062730001388498, -27.054670001119785 ], [ 28.06268000178067, -27.054589999229169 ], [ 28.062470000190327, -27.054499998676111 ], [ 28.062289999983587, -27.054430004441269 ], [ 28.06212999710171, -27.054369998976401 ], [ 28.062020001022265, -27.054260002896953 ], [ 28.062029998785416, -27.054140000061022 ], [ 28.062089996156399, -27.053979997179226 ], [ 28.062209998992248, -27.053900004281857 ], [ 28.062439997008255, -27.053870001099785 ], [ 28.06268000178067, -27.05391999980824 ], [ 28.062940002978749, -27.054140000061022 ], [ 28.063139998711971, -27.054289997085863 ], [ 28.063310000256365, -27.054300002942892 ], [ 28.063610009594271, -27.054260002896957 ], [ 28.063759999424427, -27.054210004188491 ], [ 28.063830001753161, -27.054130002297875 ], [ 28.063840001314961, -27.05405000040734 ], [ 28.063790001707218, -27.05390000428185 ], [ 28.063650011438863, -27.053780001446007 ], [ 28.063459997281036, -27.053619989570979 ], [ 28.063409997673293, -27.053550003430004 ], [ 28.063430003092122, -27.053420001931634 ], [ 28.063520001846619, -27.053020002371312 ], [ 28.06354999693481, -27.052790004355302 ], [ 28.063509995989584, -27.052560005440011 ], [ 28.063480000901393, -27.052350002950391 ], [ 28.063570000555078, -27.05218000230537 ], [ 28.063669998871372, -27.052070006225925 ], [ 28.063780003044698, -27.051880000161969 ], [ 28.063880001360992, -27.051690003091274 ], [ 28.063970001014766, -27.051510002884445 ], [ 28.064050002905301, -27.051430000993911 ], [ 28.064289998684554, -27.051340002239417 ], [ 28.064500001174085, -27.05126000034889 ], [ 28.064580003064705, -27.051179999357629 ], [ 28.064640000435691, -27.05105999562241 ], [ 28.064659996861359, -27.050800003417585 ], [ 28.064659996861359, -27.050420000282937 ], [ 28.064710002764421, -27.050249998738622 ], [ 28.064829998405667, -27.050070006625592 ], [ 28.064999999050698, -27.049910003743801 ], [ 28.065229997965989, -27.049769997287683 ], [ 28.065459995981996, -27.049690004390307 ], [ 28.06576998779466, -27.049690004390314 ], [ 28.065880000061959, -27.049729996342368 ], [ 28.066029997086712, -27.049799999570382 ], [ 28.066170004442199, -27.049780003144711 ], [ 28.066279999622274, -27.049709999916697 ], [ 28.066450001166675, -27.049529999709783 ], [ 28.066699995608356, -27.049310000356304 ], [ 28.066959996806435, -27.049109995629909 ], [ 28.067039998696973, -27.048999999550471 ], [ 28.067079999642282, -27.048860001188224 ], [ 28.067100004161833, -27.048739999251666 ], [ 28.067070000979761, -27.048569997707357 ], [ 28.066999997751658, -27.048460001627916 ], [ 28.066900000334734, -27.048379999737286 ], [ 28.06676999973574, -27.048360004210984 ], [ 28.06662000271098, -27.048429999345117 ], [ 28.066450001166675, -27.048529996762046 ], [ 28.066339996993261, -27.048609998652669 ], [ 28.066209997293544, -27.048619997315093 ], [ 28.066079995795175, -27.048609998652665 ], [ 28.066029997086712, -27.048529996762046 ], [ 28.066040002943833, -27.048290000083508 ], [ 28.066040002943833, -27.048060002067597 ], [ 28.066010000660953, -27.047859998240408 ], [ 28.065929998770418, -27.047610002899443 ], [ 28.065929998770418, -27.047480003199723 ], [ 28.066000002897805, -27.047390002646583 ], [ 28.066090001652295, -27.047350001701265 ], [ 28.066220003150665, -27.047329998081086 ], [ 28.066379997938569, -27.047289997135774 ], [ 28.066540000820446, -27.047260002047587 ], [ 28.066680000081966, -27.047159995637408 ], [ 28.066760001073217, -27.047059998220401 ], [ 28.066859999389514, -27.046910001195723 ], [ 28.066949999043288, -27.04674999831385 ], [ 28.067020002271299, -27.04660000938307 ], [ 28.066999997751658, -27.04639999836137 ], [ 28.066999997751658, -27.046230004011566 ], [ 28.066949999043288, -27.046139997163287 ], [ 28.06682999710663, -27.046129997601398 ], [ 28.066729998790425, -27.046179997209222 ], [ 28.066549998583596, -27.046300000045072 ], [ 28.066429996647035, -27.046389998799565 ], [ 28.066279999622274, -27.046429999744785 ], [ 28.0661000084087, -27.046489997115863 ], [ 28.065960001952579, -27.046560001243151 ], [ 28.065730003037288, -27.046560001243158 ], [ 28.065380002185346, -27.046489997115856 ], [ 28.064829998405667, -27.046340000091011 ], [ 28.064630009867052, -27.046230004011569 ], [ 28.064479996654534, -27.046110010168967 ], [ 28.064239999975999, -27.046060003366545 ], [ 28.063970001014766, -27.046010003758798 ], [ 28.063769989093696, -27.04591999601114 ], [ 28.063660001108136, -27.045800002168452 ], [ 28.063639996588584, -27.045720000277925 ], [ 28.063719997579835, -27.045639999286671 ], [ 28.063889999124143, -27.045589999678924 ], [ 28.064019999723232, -27.045480003599391 ], [ 28.064050002905301, -27.045370000325349 ], [ 28.0640399961489, -27.045040003093764 ], [ 28.064000004196842, -27.044640010728052 ], [ 28.063809998132889, -27.044260000398793 ], [ 28.063689996196416, -27.043959998255399 ], [ 28.063539999171656, -27.043819998993889 ], [ 28.063470003138153, -27.043680000631653 ], [ 28.063449998618513, -27.043519997749765 ], [ 28.063409997673293, -27.043349996205468 ], [ 28.063409997673293, -27.043140001809721 ], [ 28.063499998226344, -27.042889999274159 ], [ 28.063560002791927, -27.042729996392282 ], [ 28.063560002791927, -27.042570000705101 ], [ 28.063499998226344, -27.042409997823224 ], [ 28.063329996682036, -27.042309992312411 ], [ 28.063170000994759, -27.042300001743776 ], [ 28.063040001295043, -27.042419995586453 ], [ 28.062909999796677, -27.042629998076077 ], [ 28.062770002333721, -27.042920001556947 ], [ 28.062609998552652, -27.043259996551686 ], [ 28.062470000190327, -27.043379999387529 ], [ 28.062309997308539, -27.043450001716359 ], [ 28.061620000562574, -27.043720000677595 ], [ 28.061490000862861, -27.043740006096513 ], [ 28.061340003838104, -27.043770000285427 ], [ 28.061149997774155, -27.043770000285431 ], [ 28.06103000393156, -27.043720000677595 ], [ 28.060929998420754, -27.043670001969133 ], [ 28.06083000010446, -27.043530003606893 ], [ 28.060780001395909, -27.043289990740593 ], [ 28.060759996876357, -27.043100000864413 ], [ 28.060789991065267, -27.042849999228221 ], [ 28.060870001049683, -27.042549997084823 ], [ 28.061130002247854, -27.0422699913671 ], [ 28.061249996090449, -27.042040001445056 ], [ 28.061360000263775, -27.041879997663898 ], [ 28.061499998626012, -27.041770000685091 ], [ 28.061689996596083, -27.041749997064819 ], [ 28.061960003651194, -27.041720001976628 ], [ 28.062110000676039, -27.041699998356357 ], [ 28.062169998046933, -27.041659997411134 ], [ 28.062220004849365, -27.041619997365103 ], [ 28.062260005794588, -27.041450003015395 ], [ 28.062260005794588, -27.041219996905408 ], [ 28.062230002612516, -27.040939999281658 ], [ 28.062240001275036, -27.040849999627884 ], [ 28.06233000092881, -27.040769997737353 ], [ 28.062439997008255, -27.040719999028791 ], [ 28.062510001135642, -27.040679998083576 ], [ 28.062599999890132, -27.040700002603131 ], [ 28.062709996868858, -27.040779996399873 ], [ 28.062810002379752, -27.040830003202213 ], [ 28.06296999806694, -27.040859998290404 ], [ 28.063059996821433, -27.040849999627891 ], [ 28.063130000948817, -27.040790002256905 ], [ 28.06316001132549, -27.040750002210956 ], [ 28.063170000994759, -27.040549998383771 ], [ 28.063170000994759, -27.040180001106332 ], [ 28.063080002240355, -27.04009999921572 ], [ 28.062929997121717, -27.040080002790042 ], [ 28.062810002379752, -27.040090000553192 ], [ 28.062659998160395, -27.040189998869486 ], [ 28.062599999890132, -27.040220001152274 ], [ 28.062510001135642, -27.040199996632634 ], [ 28.062439997008255, -27.040140000160935 ], [ 28.062249999937556, -27.040059998270397 ], [ 28.061980000076957, -27.040049999607881 ], [ 28.061890001322549, -27.040059998270404 ], [ 28.061819997195165, -27.040009998662658 ], [ 28.061790003006255, -27.039819994397359 ], [ 28.061790003006255, -27.039600001339096 ], [ 28.06188000176066, -27.039289993338585 ], [ 28.061970002313714, -27.038939999681325 ], [ 28.062069999730731, -27.038589999728835 ], [ 28.062089996156399, -27.038509997838315 ], [ 28.062069999730731, -27.038369998576702 ], [ 28.061970002313714, -27.038180002405362 ], [ 28.061819997195165, -27.037920001207198 ], [ 28.061710001115724, -27.037709997818304 ], [ 28.061650011838619, -27.0374600042759 ], [ 28.061589999179066, -27.03683999636884 ], [ 28.061630000124467, -27.03640000305781 ], [ 28.061610002799426, -27.036149999622879 ], [ 28.06146999634322, -27.035939989938655 ], [ 28.061249996090449, -27.035690002691577 ], [ 28.060889996576076, -27.035400000109981 ], [ 28.060590003425929, -27.035200004376762 ], [ 28.060439998307292, -27.035059997021371 ], [ 28.060299991851174, -27.034860001288141 ], [ 28.06011999973823, -27.034490004010618 ], [ 28.059919995911038, -27.034330001128737 ], [ 28.059800002068442, -27.034219996955418 ], [ 28.059670000570073, -27.034169998246945 ], [ 28.059459998979825, -27.034140003158761 ], [ 28.059289998334798, -27.034109999976611 ], [ 28.059190000018503, -27.034069999930658 ], [ 28.059109998127877, -27.033939991237698 ], [ 28.059069998081934, -27.033790002306915 ], [ 28.059069998081934, -27.033620000762507 ], [ 28.059119996790397, -27.033449992023598 ], [ 28.05932999928002, -27.033229998965346 ], [ 28.059490002161901, -27.033059998320315 ], [ 28.059570003153151, -27.032889996776099 ], [ 28.059649996949808, -27.03273999975125 ], [ 28.059700003752145, -27.032540004018035 ], [ 28.059710002414668, -27.032259998300393 ], [ 28.059680000131877, -27.032070001229698 ], [ 28.059649996949805, -27.031949998393841 ], [ 28.059499999925045, -27.031900006879898 ], [ 28.059350002900295, -27.031819997794766 ], [ 28.059170003592829, -27.031750001761264 ], [ 28.058770004032421, -27.031769999086304 ], [ 28.058339994095434, -27.031779996849455 ], [ 28.058179998408242, -27.031800001369096 ], [ 28.057879997164129, -27.031900006879901 ], [ 28.057559997695698, -27.032070001229698 ], [ 28.057090003001242, -27.032309997008859 ], [ 28.056769997237581, -27.032439997607945 ], [ 28.056529999659769, -27.032469992696129 ], [ 28.056449998668516, -27.03239999666263 ], [ 28.056369996777889, -27.032249999637877 ], [ 28.056229998415741, -27.032020001621866 ], [ 28.056160003281519, -27.031800001369092 ], [ 28.056019995926125, -27.031549998833448 ], [ 28.055849995281093, -27.031220001601948 ], [ 28.055590002176892, -27.030959993209262 ], [ 28.055559998994735, -27.03088999807504 ], [ 28.055590002176892, -27.030830000704061 ], [ 28.05573999920156, -27.030719995631447 ], [ 28.055860001138129, -27.030640002734074 ], [ 28.055869998901276, -27.030439998906985 ], [ 28.055829998855334, -27.030169999945659 ], [ 28.05578000014696, -27.029999998401259 ], [ 28.055599999940043, -27.029649998448775 ], [ 28.055500001623837, -27.02932000121719 ], [ 28.055410001970063, -27.029100000964327 ], [ 28.055290000033501, -27.028930000319388 ], [ 28.055129997151621, -27.028859996192004 ], [ 28.054800000819405, -27.028790001057779 ], [ 28.054229999714693, -27.02860000308781 ], [ 28.054000000799402, -27.028430009637376 ], [ 28.05383000015437, -27.028300000944412 ], [ 28.053699998656008, -27.028160002582172 ], [ 28.053649999947542, -27.02804999840885 ], [ 28.053630004421152, -27.027919997809768 ], [ 28.053630004421152, -27.02780000396708 ], [ 28.053579996719439, -27.027640000186011 ], [ 28.053340000041, -27.027379998987929 ], [ 28.053139996213901, -27.027029999035349 ], [ 28.052900000434647, -27.02676999783727 ], [ 28.052809999881593, -27.026620000812514 ], [ 28.052769998936284, -27.026490000213421 ], [ 28.052769998936284, -27.026300002243449 ], [ 28.05277999669952, -27.02610999707878 ], [ 28.052729997991062, -27.025919999108801 ], [ 28.052450001266585, -27.025720003375579 ], [ 28.052119995941034, -27.025530005405514 ], [ 28.051939996633486, -27.025309997058859 ], [ 28.051759997326023, -27.025110001325636 ], [ 28.051520000647493, -27.024830003701801 ], [ 28.051380002285256, -27.024599996692626 ], [ 28.051370003622736, -27.024390003196256 ], [ 28.051409997373447, -27.024090001052869 ], [ 28.051479991608392, -27.023829999854691 ], [ 28.051529999310016, -27.023730002437762 ], [ 28.051709997718191, -27.023640002783985 ], [ 28.051870002398722, -27.023640002783996 ], [ 28.052149999123191, -27.023669996972902 ], [ 28.052239998776965, -27.023719995681361 ], [ 28.052319999768134, -27.023770003383078 ], [ 28.052339997093259, -27.023860003036766 ], [ 28.052279999722192, -27.024069997432505 ], [ 28.052190000068418, -27.024310002204913 ], [ 28.052149999123191, -27.024449999667866 ], [ 28.052159996886346, -27.024620002111543 ], [ 28.052199997831654, -27.024739995954143 ], [ 28.052279999722192, -27.024759999574417 ], [ 28.052350002950291, -27.024759999574417 ], [ 28.052420006178394, -27.024689997245677 ], [ 28.052540000920359, -27.024559996646595 ], [ 28.052639999236565, -27.024429996047601 ], [ 28.052720000227819, -27.02426000259717 ], [ 28.052739996653578, -27.023849997179731 ], [ 28.052819997644747, -27.023550003130211 ], [ 28.05298999918914, -27.023250000986824 ], [ 28.053200000779395, -27.022999997551896 ], [ 28.053319996420637, -27.022909997898218 ], [ 28.053269996812894, -27.022710003064361 ], [ 28.053010003708692, -27.022620003410587 ], [ 28.052769998936284, -27.022570003802748 ], [ 28.052490002211808, -27.022509999237258 ], [ 28.052319999768134, -27.02232999903034 ], [ 28.052170002743463, -27.022010001360648 ], [ 28.051960001153123, -27.021719996980405 ], [ 28.051870002398722, -27.021589997280685 ], [ 28.051809996034486, -27.021390000648104 ], [ 28.05182000279089, -27.020810001780227 ], [ 28.051969991721762, -27.020060008562663 ], [ 28.051990004335195, -27.019449999318113 ], [ 28.052000002098438, -27.019019996575725 ], [ 28.052050000806897, -27.018670003817746 ], [ 28.05210999817788, -27.018519998699116 ], [ 28.052199997831654, -27.018299999345622 ], [ 28.052230001013729, -27.018139995564464 ], [ 28.052230001013729, -27.017999997202224 ], [ 28.052149999123191, -27.017899998885934 ], [ 28.052040003043746, -27.017850000177475 ], [ 28.051849996979797, -27.017819996995403 ], [ 28.051640002584058, -27.017859997940622 ], [ 28.051430000993719, -27.01793000206801 ], [ 28.051210000740952, -27.018060009861692 ], [ 28.051039999196551, -27.01824999973779 ], [ 28.051039999196551, -27.018340000290848 ], [ 28.051060003716191, -27.018399996762547 ], [ 28.051179997558879, -27.018489996416331 ], [ 28.051409997373447, -27.018600000589647 ], [ 28.05147000193903, -27.018650000197479 ], [ 28.051489998364701, -27.018749990419806 ], [ 28.051510002884342, -27.018929996921948 ], [ 28.051489998364701, -27.019149997174733 ], [ 28.051409997373447, -27.019319998719027 ], [ 28.051210000740952, -27.019449999318113 ], [ 28.051039999196551, -27.019470002938391 ], [ 28.050710002864339, -27.019380004183979 ], [ 28.050459992234803, -27.019359998765061 ], [ 28.050289998784464, -27.019369998326866 ], [ 28.050240000075917, -27.019430002892449 ], [ 28.050169996847814, -27.019539998971887 ], [ 28.050000003397471, -27.019570009348559 ], [ 28.049880000561625, -27.019520001646853 ], [ 28.049700001254077, -27.019380004183983 ], [ 28.049479992907337, -27.019250002685617 ], [ 28.049300001693762, -27.019210001740301 ], [ 28.048989993693247, -27.019220001302106 ], [ 28.048709996069491, -27.019250002685617 ], [ 28.048370001074669, -27.019340003238671 ], [ 28.048240001374953, -27.019369998326862 ], [ 28.048140003058656, -27.019369998326862 ], [ 28.04802999888533, -27.019319998719027 ], [ 28.047880001860662, -27.019229999065349 ], [ 28.047790002206888, -27.019119994891931 ], [ 28.047750001261576, -27.018980003724298 ], [ 28.047759999924008, -27.018730001188739 ], [ 28.047830003152114, -27.018510000935883 ], [ 28.047930008662917, -27.018309997108773 ], [ 28.048109999876583, -27.018150002320862 ], [ 28.048590002226806, -27.018050004004664 ], [ 28.048649998698508, -27.01802999858565 ], [ 28.048770000634985, -27.017830003751801 ], [ 28.048869998951282, -27.017679998633163 ], [ 28.048980003124697, -27.017459998380307 ], [ 28.049080001440903, -27.017270001309608 ], [ 28.049170001094677, -27.017139999811242 ], [ 28.049189996621067, -27.01704000239431 ], [ 28.04911000372369, -27.016870000849917 ], [ 28.048940003078666, -27.016799997621902 ], [ 28.048779999297597, -27.016829999904694 ], [ 28.048619996415717, -27.016829999904694 ], [ 28.048389998399706, -27.016849997229734 ], [ 28.048200000429727, -27.016939995984139 ], [ 28.048020001122179, -27.017019997874755 ], [ 28.047909996948853, -27.017059998819992 ], [ 28.04784000091535, -27.017040002394314 ], [ 28.047750001261576, -27.016969999166207 ], [ 28.047729996741936, -27.016839997667844 ], [ 28.047780004443648, -27.016720003825252 ], [ 28.047930008662917, -27.016560000943375 ], [ 28.048010001560378, -27.016460002627085 ], [ 28.048060001168121, -27.016160001383049 ], [ 28.048129997201627, -27.015919995711361 ], [ 28.048129997201627, -27.015630001223737 ], [ 28.04802999888533, -27.015140001110272 ], [ 28.047980000176867, -27.01483000120373 ], [ 28.047809998632562, -27.014470001689357 ], [ 28.047670000270323, -27.014229997816233 ], [ 28.047470003637734, -27.013840004113021 ], [ 28.047289996236309, -27.013559998395305 ], [ 28.047140000110918, -27.013339998142445 ], [ 28.046969997667244, -27.013110000126524 ], [ 28.046770001934021, -27.012910004393298 ], [ 28.046633003710149, -27.012724003909753 ], [ 28.046569998106921, -27.012769997037907 ], [ 28.046219998154434, -27.013060001418058 ], [ 28.02966000340642, -27.02440000095941 ], [ 28.029010001310539, -27.0265200033955 ], [ 28.026229999015236, -27.033629999425028 ], [ 28.025010003009243, -27.036999999250629 ], [ 28.024440001904615, -27.03833999719328 ], [ 28.018020000822393, -27.039560000393784 ], [ 28.008520004294816, -27.041399996212956 ], [ 27.995560000193809, -27.043930003167212 ], [ 27.976500000774422, -27.04262999807608 ], [ 27.97366999977066, -27.042430002342858 ], [ 27.971800000769413, -27.038799994124481 ], [ 27.971099999964981, -27.03774999876352 ], [ 27.964670001119607, -27.025829998555654 ], [ 27.961690003091178, -27.020479997354133 ], [ 27.955350003000209, -27.008989999888652 ], [ 27.954089998854389, -27.008499999775275 ], [ 27.952820004139841, -27.008009999661908 ], [ 27.951559999094655, -27.007520001347096 ], [ 27.950289997185592, -27.007030001233719 ], [ 27.949030000234284, -27.006540002019634 ], [ 27.947759997425941, -27.006050001906171 ], [ 27.946500001373913, -27.005560002692079 ], [ 27.945229997666296, -27.005070002578705 ], [ 27.943970001614264, -27.004580004263893 ], [ 27.942699998805836, -27.004094998985117 ], [ 27.940049997109618, -27.003069995783768 ], [ 27.939569995658765, -27.001599998141494 ], [ 27.939280008365657, -27.000669998421774 ], [ 27.938210002189816, -26.997209998043111 ], [ 27.937150000971723, -26.993740000800507 ], [ 27.934850000127366, -26.98628000391912 ], [ 27.933340000640499, -26.981360003661337 ], [ 27.932149999722689, -26.977520001047321 ], [ 27.930969996568034, -26.973669999770777 ], [ 27.92978000374411, -26.969819999393518 ], [ 27.928609989359533, -26.966010991913869 ], [ 27.935652992191766, -26.945251989687684 ], [ 27.936139992166865, -26.943619010608977 ], [ 27.937140011302454, -26.94046400900687 ], [ 27.938815248624742, -26.935656960000816 ], [ 27.940517989913246, -26.930770990988499 ], [ 27.944574992641769, -26.918924992394629 ], [ 27.966080988846535, -26.919671989071144 ], [ 27.966080653399398, -26.919582115322431 ], [ 27.994506837420644, -26.920471191392448 ], [ 27.994323730056085, -26.918090819935522 ], [ 28.013305663825257, -26.91912841814208 ], [ 28.025695800820493, -26.93310546914223 ], [ 28.026489258272679, -26.939208984407255 ], [ 28.025085448934302, -26.94622802840092 ], [ 28.025695800820493, -26.97052001998301 ], [ 28.065124511986657, -26.964782714950449 ], [ 28.066528320425661, -26.972473145119654 ], [ 28.072459047147301, -26.971599746031583 ], [ 28.072433009975416, -26.97143400187781 ], [ 28.071026998197393, -26.963749001815085 ], [ 28.070595998106839, -26.959917999616064 ], [ 28.070533000597496, -26.959350998649789 ], [ 28.068924998389928, -26.952527001420105 ], [ 28.067392002339027, -26.94555199992497 ], [ 28.066993998374308, -26.943741999194074 ], [ 28.064618997668607, -26.933291000179604 ], [ 28.07726900186298, -26.930367999383797 ], [ 28.079133997935667, -26.929933000907354 ], [ 28.080035998162799, -26.929933000907358 ], [ 28.081194999449654, -26.929803997656517 ], [ 28.081700997602987, -26.929960003051789 ], [ 28.082031999377243, -26.93006199606441 ], [ 28.082397000920899, -26.930140003258618 ], [ 28.082933999604379, -26.930255002266627 ], [ 28.0832569983118, -26.930224999983832 ], [ 28.083641997180408, -26.930190999315244 ], [ 28.084672003310306, -26.930190999315244 ], [ 28.085627999732424, -26.929951002636805 ], [ 28.08595999885484, -26.929868000607907 ], [ 28.08660400067409, -26.929160003931152 ], [ 28.087828003159856, -26.928709000220241 ], [ 28.087993998224484, -26.928668001926862 ], [ 28.088858001195785, -26.928452007254489 ], [ 28.089328003984207, -26.928243002112943 ], [ 28.090017001583359, -26.927936999692911 ], [ 28.090854002410317, -26.927229003016169 ], [ 28.090975001694954, -26.927158002439995 ], [ 28.091948999846508, -26.926585001197008 ], [ 28.092915003025023, -26.92619800043747 ], [ 28.09347900385302, -26.92613500202885 ], [ 28.094073997117277, -26.926070001729308 ], [ 28.095169002647349, -26.926004994235168 ], [ 28.095747996972456, -26.925425999910058 ], [ 28.096649997199677, -26.924846000142914 ], [ 28.097808997587162, -26.924394996431996 ], [ 28.098719999128658, -26.924281001966751 ], [ 28.099354003184757, -26.92420199832366 ], [ 28.100577996677181, -26.924266998623207 ], [ 28.101367000686601, -26.924341996685889 ], [ 28.101930004166437, -26.924394996431996 ], [ 28.102247999045932, -26.924492999152697 ], [ 28.102767004093938, -26.924653002034479 ], [ 28.113686834080138, -26.905367176554055 ], [ 28.108970611204704, -26.906040922550648 ], [ 28.115519001300921, -26.899464004160563 ], [ 28.116604000973872, -26.898370992427441 ], [ 28.124006012267731, -26.89090299967382 ], [ 28.124150000022517, -26.890920004055104 ], [ 28.12441999898375, -26.890939999581413 ], [ 28.124739997552904, -26.890959996906442 ], [ 28.125129999350072, -26.890920004055108 ], [ 28.125860003336488, -26.890750009705311 ], [ 28.126490001812098, -26.890480002650111 ], [ 28.127910000746002, -26.889770011277125 ], [ 28.12849999917567, -26.889399989717862 ], [ 28.128909997398509, -26.889089997905202 ], [ 28.129519999448448, -26.88876000157299 ], [ 28.130269998961342, -26.888380005632847 ], [ 28.130710000366253, -26.888090003051342 ], [ 28.131259996951329, -26.887890007318127 ], [ 28.13169999655759, -26.887749999962644 ], [ 28.132359998215357, -26.887690002591651 ], [ 28.13322000280095, -26.887719997679845 ], [ 28.133880003559351, -26.887759997725787 ], [ 28.134380001435876, -26.887749999962644 ], [ 28.13493999578419, -26.887830001853178 ], [ 28.135379997189101, -26.887939997932619 ], [ 28.135899998685989, -26.888130003097292 ], [ 28.136959999904168, -26.888509999037343 ], [ 28.137679998033551, -26.888710002864432 ], [ 28.138020000222799, -26.88881999894388 ], [ 28.13850000077446, -26.889080000142052 ], [ 28.139039999596385, -26.889370003622929 ], [ 28.139330003976539, -26.889499996128038 ], [ 28.139759997725768, -26.88975999732612 ], [ 28.140079996294833, -26.889870000600162 ], [ 28.140639998737029, -26.889950003390073 ], [ 28.141510001985051, -26.889979996679617 ], [ 28.142249997439475, -26.889910002444761 ], [ 28.142909997298595, -26.889830000554142 ], [ 28.143619996765459, -26.889619998064525 ], [ 28.144050000407219, -26.889399989717869 ], [ 28.144340002988724, -26.889209999841686 ], [ 28.144719998928856, -26.888899999935134 ], [ 28.145109999826659, -26.888580002265442 ], [ 28.145609997703271, -26.88818000180575 ], [ 28.146260000698518, -26.887679996734541 ], [ 28.147299997396971, -26.88669999830644 ], [ 28.147540001270102, -26.886429998445745 ], [ 28.148039999146715, -26.886090004350386 ], [ 28.148629996677013, -26.885750001261673 ], [ 28.149109998127955, -26.885360000363789 ], [ 28.149739995704284, -26.884929996722121 ], [ 28.150119999738212, -26.884640002234406 ], [ 28.150449996070517, -26.884510000736039 ], [ 28.151059998120456, -26.884359995617395 ], [ 28.151930001368477, -26.88424000177481 ], [ 28.152659997261097, -26.884179997209223 ], [ 28.153420004429677, -26.884129997601473 ], [ 28.153880001360978, -26.884079998892929 ], [ 28.154559997645766, -26.884110001175728 ], [ 28.155309998957314, -26.884209998592642 ], [ 28.155799998171407, -26.884259998200481 ], [ 28.156379997039274, -26.884359995617398 ], [ 28.156989999089213, -26.884489997115764 ], [ 28.1577099972186, -26.884709997368535 ], [ 28.158080002590097, -26.884879998013563 ], [ 28.158540006715995, -26.885180000156964 ], [ 28.158930001318478, -26.885499997826749 ], [ 28.159360003161677, -26.885840000915451 ], [ 28.159839997417929, -26.886280001420992 ], [ 28.160269999261129, -26.886779999297602 ], [ 28.160570001404434, -26.887200003377568 ], [ 28.160889999074215, -26.887629998026071 ], [ 28.16124999768931, -26.888019998923955 ], [ 28.161560005689736, -26.888329998830507 ], [ 28.161770000085475, -26.888559997745798 ], [ 28.162240002873897, -26.889060003716292 ], [ 28.163159996736503, -26.889900003782245 ], [ 28.163469996643045, -26.890149999123299 ], [ 28.163819998394271, -26.890369999376066 ], [ 28.164320004364768, -26.890509997738295 ], [ 28.164810002679491, -26.890610004148471 ], [ 28.165249995990518, -26.89068999704585 ], [ 28.165809999331998, -26.890760001173231 ], [ 28.166179995710245, -26.890789995362145 ], [ 28.166820000942344, -26.890760001173224 ], [ 28.167250002785455, -26.890689997045854 ], [ 28.167769997087738, -26.890570003203159 ], [ 28.16828000082138, -26.890310002005084 ], [ 28.168710002664582, -26.890019997624925 ], [ 28.169039999896079, -26.889730003137302 ], [ 28.169459995882157, -26.889349999103288 ], [ 28.169969999615802, -26.888879996314948 ], [ 28.170620002611049, -26.888019998923951 ], [ 28.170900000234894, -26.887629998026075 ], [ 28.171080000441631, -26.887300000794493 ], [ 28.171150002770457, -26.886990000887945 ], [ 28.171269996613052, -26.886330000129547 ], [ 28.17129999979521, -26.885430002692608 ], [ 28.171330002077916, -26.883710000716029 ], [ 28.17121999790459, -26.883040002194477 ], [ 28.171080000441631, -26.882640002634165 ], [ 28.170970002563536, -26.881819998993883 ], [ 28.170870005146703, -26.881069989588461 ], [ 28.170710002264823, -26.880380002735031 ], [ 28.170609995854651, -26.879879996764533 ], [ 28.170559997146189, -26.879280000571629 ], [ 28.170429997446472, -26.878340003088748 ], [ 28.170329999130178, -26.877439996658659 ], [ 28.170320001367028, -26.87716999769734 ], [ 28.170189999868573, -26.876710000766035 ], [ 28.169989996041473, -26.876139999661408 ], [ 28.169640003283583, -26.874779998098575 ], [ 28.169420003030726, -26.873960001652897 ], [ 28.169279996574609, -26.873420002830976 ], [ 28.169150004069493, -26.872890002671571 ], [ 28.168829998305824, -26.871520002446303 ], [ 28.168689999044219, -26.871000000050138 ], [ 28.168580002964777, -26.870399995763265 ], [ 28.168439995609287, -26.869840002314401 ], [ 28.168119997939595, -26.868960000403778 ], [ 28.167819995796201, -26.867989999738825 ], [ 28.167549996834968, -26.867400002208438 ], [ 28.167260001447971, -26.866920000757503 ], [ 28.166900001933598, -26.866259999999098 ], [ 28.16651999879895, -26.86558000281503 ], [ 28.166050004104498, -26.864960003001848 ], [ 28.165459997580861, -26.864439999706313 ], [ 28.164759996776429, -26.863850003075292 ], [ 28.164430000444209, -26.863519998649107 ], [ 28.164100004111909, -26.863100001763748 ], [ 28.163680000031949, -26.862689996346404 ], [ 28.163320001416938, -26.862279998123558 ], [ 28.162820002641048, -26.861780001146229 ], [ 28.161890002921321, -26.860710002164986 ], [ 28.161569996258375, -26.860310001705301 ], [ 28.161280000871386, -26.85996999861668 ], [ 28.161090002901314, -26.859849996680119 ], [ 28.160979998727989, -26.859619998664101 ], [ 28.160859996791427, -26.859409997073854 ], [ 28.160409997623276, -26.858739997652851 ], [ 28.160229998315813, -26.858530003257105 ], [ 28.159929997071703, -26.858059999569409 ], [ 28.159550001131652, -26.857579999017833 ], [ 28.159259997650867, -26.857099997566884 ], [ 28.158909996798926, -26.856710003863693 ], [ 28.158449999867624, -26.856169997847257 ], [ 28.157919998808939, -26.855679997733795 ], [ 28.157299998995761, -26.855170002094027 ], [ 28.156909998097962, -26.85485000442424 ], [ 28.156760001073202, -26.854740000250917 ], [ 28.156279999622264, -26.854420000782479 ], [ 28.155910002344736, -26.854039989553954 ], [ 28.15543999865703, -26.853639998087523 ], [ 28.155049997759235, -26.853149998873427 ], [ 28.15477000013539, -26.852759997076255 ], [ 28.154450001566328, -26.852399997561971 ], [ 28.154230002212834, -26.852079999892187 ], [ 28.154019999723211, -26.851760002222488 ], [ 28.153840000415755, -26.851289999434069 ], [ 28.153790000807923, -26.850960002202392 ], [ 28.153769997187652, -26.850579999067747 ], [ 28.153849998178909, -26.850139997662833 ], [ 28.153920002306293, -26.849929996072582 ], [ 28.154180002605095, -26.849469999141288 ], [ 28.154469997992084, -26.849029998635654 ], [ 28.154940000780417, -26.848549997184705 ], [ 28.155319996720557, -26.84800000779423 ], [ 28.155920000107972, -26.847320003415561 ], [ 28.15622000225137, -26.847010002609647 ], [ 28.156710002364743, -26.84663000037429 ], [ 28.157240001624778, -26.846379996939444 ], [ 28.158069995833607, -26.846069997032895 ], [ 28.159259997650867, -26.845630003721773 ], [ 28.15985000327505, -26.84544999721971 ], [ 28.16012000223628, -26.845409996274409 ], [ 28.160650003295057, -26.84542999989468 ], [ 28.161190001217612, -26.845409996274409 ], [ 28.161760002322239, -26.845389999848727 ], [ 28.16230000114416, -26.845409996274409 ], [ 28.163009999711747, -26.84544999721972 ], [ 28.163530003007281, -26.845460003076841 ], [ 28.164119999638299, -26.845409996274405 ], [ 28.165109996729004, -26.845389999848731 ], [ 28.166060001867645, -26.845389999848727 ] ] ] } },
{ "type": "Feature", "properties": { "Municipali": "Metsimaholo Local Municipality", "WardNo": "6", "WardLabel": "FS204_6", "Province": "Free State", "CLASSIFICATION": "Manufacturing", "PopGBlack": 4830.3604275000007, "PopGColour": 17.441640779, "PopGIndian": 3.72866564, "PopGWhite": 4.415005623, "PopGOther": 2.8825254, "PopGTotal": 4858.828265 }, "geometry": { "type": "Polygon", "coordinates": [ [ [ 27.882446928982546, -26.84360460007235 ], [ 27.882070281218461, -26.844296401757621 ], [ 27.88174744079171, -26.844227222308511 ], [ 27.881450976581196, -26.844950702612891 ], [ 27.880909591904107, -26.846271880443052 ], [ 27.881040265196027, -26.848139745353084 ], [ 27.881063324712635, -26.848401091936928 ], [ 27.881063324712635, -26.848462584880462 ], [ 27.881241814957708, -26.848503381725834 ], [ 27.881332359600695, -26.848524077823999 ], [ 27.881516840229953, -26.848570197756501 ], [ 27.881685946948892, -26.848723933263042 ], [ 27.881831994151135, -26.848893039981888 ], [ 27.882001100870074, -26.849162073970671 ], [ 27.882031847791527, -26.849315807678483 ], [ 27.882024161285962, -26.849746261880625 ], [ 27.881993414364509, -26.850338137195433 ], [ 27.881970003213091, -26.850640003633327 ], [ 27.881962996594961, -26.853130991702024 ], [ 27.881930002267779, -26.85313099170202 ], [ 27.881915998024859, -26.853295001063575 ], [ 27.881616602923884, -26.855455917256858 ], [ 27.881608000908425, -26.855518000155676 ], [ 27.881537997680411, -26.855505002254162 ], [ 27.881472000032709, -26.855490998011248 ], [ 27.88034900220465, -26.855344997573638 ], [ 27.879540001769644, -26.855241991924473 ], [ 27.878213999976122, -26.855056000434178 ], [ 27.876548011281656, -26.854851999120555 ], [ 27.874455003795308, -26.854334996862754 ], [ 27.873328997735005, -26.854023002259797 ], [ 27.872261998892125, -26.856705998283282 ], [ 27.872060000368702, -26.85709600008045 ], [ 27.872022992367153, -26.857154009949717 ], [ 27.869338557428456, -26.855496541432348 ], [ 27.867547994644195, -26.854390982358108 ], [ 27.866367511251553, -26.853747951806632 ], [ 27.866771001080838, -26.85321000433828 ], [ 27.871337999449029, -26.847563997580522 ], [ 27.8724519968621, -26.848229002166754 ], [ 27.872532279341172, -26.848390033873038 ], [ 27.873471999832901, -26.84780899988554 ], [ 27.874160000083894, -26.847267000072065 ], [ 27.87430400042923, -26.847106999888204 ], [ 27.874659999759157, -26.84659000032833 ], [ 27.874850000427156, -26.846328999983438 ], [ 27.87515900028761, -26.845539000424601 ], [ 27.875215000172076, -26.844188000176121 ], [ 27.874820999989105, -26.843231000110624 ], [ 27.874766999297542, -26.843058001125975 ], [ 27.874475000221068, -26.842690996792207 ], [ 27.874062999208029, -26.842227998823176 ], [ 27.873991001283606, -26.842144997693563 ], [ 27.875736001715051, -26.839866987971195 ], [ 27.876030002682441, -26.840012006349124 ], [ 27.878015998939134, -26.840994988727815 ], [ 27.878849999627736, -26.84132000011806 ], [ 27.880119999738145, -26.841830000254415 ], [ 27.882802762837198, -26.843130630374453 ], [ 27.882446928982546, -26.84360460007235 ] ] ] } },
{ "type": "Feature", "properties": { "Municipali": "Metsimaholo Local Municipality", "WardNo": "7", "WardLabel": "FS204_7", "Province": "Free State", "CLASSIFICATION": "Manufacturing", "PopGBlack": 7249.0959646000001, "PopGColour": 37.441737674000002, "PopGIndian": 21.360545444, "PopGWhite": 7.369124028, "PopGOther": 2.8825254, "PopGTotal": 7318.1498971000001 }, "geometry": { "type": "Polygon", "coordinates": [ [ [ 27.871337999449029, -26.847563997580522 ], [ 27.866771001080838, -26.85321000433828 ], [ 27.866367511251553, -26.853747951806632 ], [ 27.867547994644195, -26.854390982358108 ], [ 27.869338557428456, -26.855496541432348 ], [ 27.872022992367153, -26.857154009949717 ], [ 27.872400363186191, -26.85738693525898 ], [ 27.87313630539612, -26.857841181025844 ], [ 27.872669752407074, -26.858374384570279 ], [ 27.87254177438334, -26.858630338819179 ], [ 27.872877889702828, -26.861585738591025 ], [ 27.872031117741834, -26.861733002576116 ], [ 27.870969698292878, -26.863039366773467 ], [ 27.87083459134325, -26.863205652319152 ], [ 27.87024553090647, -26.863629037849872 ], [ 27.869601247599498, -26.863721078964794 ], [ 27.868820201690927, -26.863694986934203 ], [ 27.868719203328538, -26.863691611778499 ], [ 27.86870394812868, -26.864125547256268 ], [ 27.866641649792221, -26.86541743596597 ], [ 27.866657658623989, -26.865438027742872 ], [ 27.866246681938772, -26.865695066574155 ], [ 27.866233107571812, -26.865675910115254 ], [ 27.866207029031152, -26.865639103561886 ], [ 27.865092196147899, -26.866356179793971 ], [ 27.864291407422431, -26.866843809294487 ], [ 27.864043800680836, -26.866998668953535 ], [ 27.86412437723817, -26.86710229693351 ], [ 27.863884000146427, -26.867210999787872 ], [ 27.861997000361203, -26.864798000027779 ], [ 27.861388000156001, -26.863907000307908 ], [ 27.860049999607689, -26.863218000010832 ], [ 27.860529000113264, -26.862575000036312 ], [ 27.860595999605614, -26.862487999621628 ], [ 27.861218999557153, -26.86166500033956 ], [ 27.861040000295695, -26.861565000224616 ], [ 27.860380000436663, -26.861144999742049 ], [ 27.85943839676456, -26.860643649285077 ], [ 27.860517350295439, -26.859223487573995 ], [ 27.860434992181066, -26.859173988888585 ], [ 27.860570002903316, -26.85903799700603 ], [ 27.860611001196695, -26.858999000603482 ], [ 27.858832000096662, -26.85793900118404 ], [ 27.858391002242868, -26.857647002107569 ], [ 27.857998000307429, -26.857405999986998 ], [ 27.85761099774934, -26.857167989910906 ], [ 27.857542998210722, -26.857126002363248 ], [ 27.857161000379755, -26.85689599625335 ], [ 27.857027001394957, -26.856814997014567 ], [ 27.856407998929935, -26.856439996808476 ], [ 27.85628300125941, -26.856237998285053 ], [ 27.856214002574159, -26.856123995725927 ], [ 27.85558200220763, -26.855158000641296 ], [ 27.854925001587496, -26.854154000207043 ], [ 27.854408996677851, -26.853366998987919 ], [ 27.854222997093583, -26.853083003877643 ], [ 27.854202003319756, -26.853049003209048 ], [ 27.854159002236081, -26.852981002771145 ], [ 27.855279998173312, -26.852319996570703 ], [ 27.860069996932729, -26.853369999126272 ], [ 27.860249996240277, -26.853499999725269 ], [ 27.861920995957096, -26.851348001209445 ], [ 27.86194700075346, -26.851364000148592 ], [ 27.862270996809045, -26.85154999163889 ], [ 27.86237299791545, -26.851606996965483 ], [ 27.862651998191129, -26.851763002360748 ], [ 27.863342001232326, -26.850827000565751 ], [ 27.864018000929967, -26.849900999231824 ], [ 27.864916003670579, -26.848669001773111 ], [ 27.864998735902841, -26.848561206334754 ], [ 27.865156997697266, -26.848354996286162 ], [ 27.86578599882472, -26.847531999702127 ], [ 27.86623899813123, -26.846940000280902 ], [ 27.866411990820652, -26.846713998852046 ], [ 27.8666509982449, -26.846401996155301 ], [ 27.867697003314039, -26.845036000611067 ], [ 27.867890596773613, -26.844903457628611 ], [ 27.868574495216734, -26.845599790098344 ], [ 27.869171350077735, -26.846196645858623 ], [ 27.869817943743012, -26.846644287903651 ], [ 27.87007433236446, -26.846747480611807 ], [ 27.870324198203143, -26.846896297725994 ], [ 27.870588341678591, -26.847049467558996 ], [ 27.8713412846725, -26.84753163008072 ], [ 27.871337999449029, -26.847563997580522 ] ] ] } },
{ "type": "Feature", "properties": { "Municipali": "Metsimaholo Local Municipality", "WardNo": "8", "WardLabel": "FS204_8", "Province": "Free State", "CLASSIFICATION": "Manufacturing", "PopGBlack": 7192.3123197000004, "PopGColour": 55.851306616000002, "PopGIndian": 37.483233122999998, "PopGWhite": 814.58690131000003, "PopGOther": 33.5421179, "PopGTotal": 8133.7758787000002 }, "geometry": { "type": "Polygon", "coordinates": [ [ [ 27.880950000242294, -26.811419999933136 ], [ 27.881220000102896, -26.812199999930094 ], [ 27.881489999963499, -26.814029999784765 ], [ 27.881730000239244, -26.816409999821722 ], [ 27.881819409038449, -26.81830778517628 ], [ 27.881868312372632, -26.819514064722398 ], [ 27.88194981703041, -26.82036171981758 ], [ 27.881899999984988, -26.820810000381353 ], [ 27.882401999752432, -26.821102003954408 ], [ 27.890319002420014, -26.825168997251485 ], [ 27.877990002236743, -26.837130002947333 ], [ 27.877819999793065, -26.837298999049597 ], [ 27.877652001938237, -26.83746599955635 ], [ 27.877454998249497, -26.837677996742286 ], [ 27.877206001155976, -26.837965000084807 ], [ 27.877072003070374, -26.838135998977272 ], [ 27.876898004039635, -26.838358002020247 ], [ 27.875736001715051, -26.839866987971195 ], [ 27.873991001283606, -26.842144997693563 ], [ 27.874062999208029, -26.842227998823176 ], [ 27.874475000221068, -26.842690996792207 ], [ 27.874766999297542, -26.843058001125975 ], [ 27.874820999989105, -26.843231000110624 ], [ 27.875215000172076, -26.844188000176121 ], [ 27.87515900028761, -26.845539000424601 ], [ 27.874850000427156, -26.846328999983438 ], [ 27.874659999759157, -26.84659000032833 ], [ 27.87430400042923, -26.847106999888204 ], [ 27.874160000083894, -26.847267000072065 ], [ 27.873471999832901, -26.84780899988554 ], [ 27.872532279341172, -26.848390033873038 ], [ 27.8724519968621, -26.848229002166754 ], [ 27.871337999449029, -26.847563997580522 ], [ 27.8713412846725, -26.84753163008072 ], [ 27.870588341678591, -26.847049467558996 ], [ 27.870324198203143, -26.846896297725994 ], [ 27.87007433236446, -26.846747480611807 ], [ 27.869817943743012, -26.846644287903651 ], [ 27.869171350077735, -26.846196645858623 ], [ 27.868574495216734, -26.845599790098344 ], [ 27.867890596773613, -26.844903457628611 ], [ 27.867697003314039, -26.845036000611067 ], [ 27.8666509982449, -26.846401996155301 ], [ 27.866411990820652, -26.846713998852046 ], [ 27.86623899813123, -26.846940000280902 ], [ 27.86578599882472, -26.847531999702127 ], [ 27.865156997697266, -26.848354996286162 ], [ 27.864998735902841, -26.848561206334754 ], [ 27.864916003670579, -26.848669001773111 ], [ 27.864018000929967, -26.849900999231824 ], [ 27.863342001232326, -26.850827000565751 ], [ 27.862651998191129, -26.851763002360748 ], [ 27.86237299791545, -26.851606996965483 ], [ 27.862270996809045, -26.85154999163889 ], [ 27.86194700075346, -26.851364000148592 ], [ 27.861920995957096, -26.851348001209445 ], [ 27.860978994784745, -26.850690003241148 ], [ 27.860660999905157, -26.850468996646971 ], [ 27.859581999609556, -26.849700995404724 ], [ 27.859139997213092, -26.849652001239026 ], [ 27.858941996176107, -26.849630002023062 ], [ 27.858945529612406, -26.849547622324973 ], [ 27.858945760738191, -26.849542232687977 ], [ 27.858996997813129, -26.848347990567397 ], [ 27.859067999288669, -26.848350000552202 ], [ 27.859119999888058, -26.8474360078656 ], [ 27.859135002378331, -26.847026002448157 ], [ 27.859145996590442, -26.84674400203421 ], [ 27.858900997882728, -26.846345997170115 ], [ 27.859725997256962, -26.845916999869768 ], [ 27.859833000392562, -26.845857003398063 ], [ 27.860171998039228, -26.845349000655975 ], [ 27.860509998337733, -26.844896002248834 ], [ 27.86087400163386, -26.844351997846502 ], [ 27.861623004697872, -26.843281998865265 ], [ 27.861884004143395, -26.842893003409507 ], [ 27.862037997755394, -26.842806003894101 ], [ 27.862833002940629, -26.842363003250099 ], [ 27.863233003400321, -26.842138000068768 ], [ 27.863689001945819, -26.841864002721646 ], [ 27.864099000168657, -26.841620997810878 ], [ 27.864524997330737, -26.841375000855717 ], [ 27.864828996061284, -26.841239997328163 ], [ 27.863919008055714, -26.840014001045439 ], [ 27.863501996919599, -26.839794998140739 ], [ 27.863252001578552, -26.839663001946061 ], [ 27.862723996115463, -26.8393849999179 ], [ 27.861844003198172, -26.838923000196402 ], [ 27.861106003339351, -26.838559003195506 ], [ 27.859080997190276, -26.83793600324406 ], [ 27.858970002863298, -26.837872000292677 ], [ 27.858837003025222, -26.837781999739615 ], [ 27.858685999659055, -26.837680996880568 ], [ 27.858311000352337, -26.837443002992227 ], [ 27.856187998677079, -26.836114998408512 ], [ 27.85594315285417, -26.835962015634593 ], [ 27.855526999671238, -26.835702000047316 ], [ 27.854442998245727, -26.835441000601786 ], [ 27.850904002317769, -26.836801012057151 ], [ 27.850197002989265, -26.836923000596062 ], [ 27.849837004374169, -26.835203000418229 ], [ 27.850262813577888, -26.834960830078359 ], [ 27.849849999577749, -26.835040000096008 ], [ 27.849779999946946, -26.835049999657812 ], [ 27.84943999955626, -26.835089999703754 ], [ 27.848910000296225, -26.835160000233927 ], [ 27.848429999744649, -26.835209999841755 ], [ 27.848130000299186, -26.83522000030284 ], [ 27.847760000323731, -26.835189999818699 ], [ 27.847170000095414, -26.835129999749782 ], [ 27.84663000037412, -26.835080000141954 ], [ 27.846189999868574, -26.835029999634838 ], [ 27.845480000401622, -26.834960000004127 ], [ 27.844839999666188, -26.834890000373321 ], [ 27.844319999967958, -26.834830000304407 ], [ 27.843900000384579, -26.834799999820181 ], [ 27.843390000248231, -26.834739999751264 ], [ 27.843230000064377, -26.834739999751264 ], [ 27.842969999765572, -26.834679999682358 ], [ 27.842968575239478, -26.834679524840318 ], [ 27.842880000111798, -26.83465000009749 ], [ 27.842739999951004, -26.834560000443716 ], [ 27.842659999859031, -26.834489999913629 ], [ 27.842559999744175, -26.834369999775721 ], [ 27.842530000159314, -26.834329999729778 ], [ 27.842526124980647, -26.83432384476977 ], [ 27.842189999768628, -26.83379000000857 ], [ 27.841894458262605, -26.833306385081716 ], [ 27.841859909007589, -26.83325002277045 ], [ 27.841300000094847, -26.832339999691335 ], [ 27.841073456374797, -26.831955980184475 ], [ 27.840480000051869, -26.830950000342288 ], [ 27.839829999754635, -26.829820000392765 ], [ 27.839615479970298, -26.829446121641343 ], [ 27.839479999802059, -26.829210000141479 ], [ 27.839262102164259, -26.828855916367527 ], [ 27.838599999690167, -26.827779999847209 ], [ 27.837640000385672, -26.826210000291336 ], [ 27.836660000158833, -26.824599999790241 ], [ 27.836492532004648, -26.824324169624781 ], [ 27.836492615641657, -26.824323730755662 ], [ 27.83652792932039, -26.824174372249569 ], [ 27.836130356131001, -26.823534212334085 ], [ 27.835598012338309, -26.8226918956146 ], [ 27.835058929925555, -26.821829364833405 ], [ 27.834809654941612, -26.821362978218918 ], [ 27.834641141775169, -26.821047695694745 ], [ 27.834344646987777, -26.820495136041774 ], [ 27.834108797982566, -26.820225594835442 ], [ 27.833832519055452, -26.819976270388668 ], [ 27.83338777642464, -26.819753898623659 ], [ 27.832895864352583, -26.819524789137795 ], [ 27.832269180777949, -26.81923503207118 ], [ 27.831635758583342, -26.818965490864848 ], [ 27.831184278231749, -26.818749857719823 ], [ 27.830665410779989, -26.818392716250983 ], [ 27.830305995824947, -26.818170999192311 ], [ 27.830155998800279, -26.816813000419764 ], [ 27.829796000185183, -26.814381004280001 ], [ 27.829414998803095, -26.813706999278686 ], [ 27.828686001157912, -26.81212400361995 ], [ 27.828330997377584, -26.81144900216983 ], [ 27.827901001829705, -26.810543003556905 ], [ 27.827666998233294, -26.810283003258107 ], [ 27.828887998782051, -26.807625994943848 ], [ 27.830103008047338, -26.808027998193641 ], [ 27.830546000597359, -26.808250997685491 ], [ 27.83143300013278, -26.808767002595228 ], [ 27.831922001998713, -26.809205997658733 ], [ 27.83208199678662, -26.80957100010167 ], [ 27.832273000198732, -26.809765002752773 ], [ 27.83242400176616, -26.810541000766698 ], [ 27.83372199687258, -26.812348998707485 ], [ 27.83674399144201, -26.810618999867039 ], [ 27.838268002366313, -26.809875997079651 ], [ 27.840354999683413, -26.813563999878806 ], [ 27.842836538575295, -26.817475448233434 ], [ 27.84286099743699, -26.817513998572274 ], [ 27.843278001378589, -26.817513998572267 ], [ 27.841186996682531, -26.814043003981496 ], [ 27.841679996934264, -26.813995997317516 ], [ 27.840460000928264, -26.811970001014792 ], [ 27.843805001399634, -26.811648997902971 ], [ 27.84416299812381, -26.811905998063413 ], [ 27.844329001282322, -26.812026000899259 ], [ 27.84423099766234, -26.811198998734902 ], [ 27.844223002689393, -26.811145999888083 ], [ 27.846198002036125, -26.808097004073598 ], [ 27.847314002239312, -26.806371999168547 ], [ 27.847571003299123, -26.805801000715757 ], [ 27.847782003136903, -26.805329003231009 ], [ 27.850291996578349, -26.795673000408712 ], [ 27.850563001880992, -26.794730999236357 ], [ 27.851431002338817, -26.794857998797713 ], [ 27.852203999315108, -26.795040001794746 ], [ 27.857913002682938, -26.796308999161038 ], [ 27.857873999985067, -26.796417997892419 ], [ 27.857767004043893, -26.79671199885972 ], [ 27.858333996916368, -26.796938000288581 ], [ 27.865162997973904, -26.800240996125158 ], [ 27.86980999823281, -26.802489002665453 ], [ 27.875994998370373, -26.805503998710719 ], [ 27.876602431956648, -26.80565441032287 ], [ 27.877520000347694, -26.806550000182472 ], [ 27.878809999581705, -26.808179999807258 ], [ 27.879629999624772, -26.809389999848758 ], [ 27.880210000291292, -26.810129999799766 ], [ 27.880950000242294, -26.811419999933136 ] ] ] } },
{ "type": "Feature", "properties": { "Municipali": "Metsimaholo Local Municipality", "WardNo": "9", "WardLabel": "FS204_9", "Province": "Free State", "CLASSIFICATION": "Manufacturing", "PopGBlack": 8403.9872231000008, "PopGColour": 38.280563763000004, "PopGIndian": 20.999313873999998, "PopGWhite": 6.538291417, "PopGOther": 11.0054631, "PopGTotal": 8480.8108553000002 }, "geometry": { "type": "Polygon", "coordinates": [ [ [ 27.860509998337733, -26.844896002248834 ], [ 27.860171998039228, -26.845349000655975 ], [ 27.859833000392562, -26.845857003398063 ], [ 27.859725997256962, -26.845916999869768 ], [ 27.858900997882728, -26.846345997170115 ], [ 27.856842062111426, -26.844904685203186 ], [ 27.856795997936903, -26.844961003447654 ], [ 27.854741999443657, -26.843683986826584 ], [ 27.854622996653902, -26.843610001400528 ], [ 27.853921997602029, -26.843169002647453 ], [ 27.853726000254611, -26.843049998059055 ], [ 27.85246799799971, -26.842277998431012 ], [ 27.851059002271086, -26.841415000901659 ], [ 27.851081000587676, -26.83971900183052 ], [ 27.851081000587676, -26.839691999686174 ], [ 27.851090001901948, -26.839146997935693 ], [ 27.851090001901948, -26.839120003885139 ], [ 27.851106000841188, -26.838151997916423 ], [ 27.850904002317769, -26.836801012057151 ], [ 27.854442998245727, -26.835441000601786 ], [ 27.855526999671238, -26.835702000047316 ], [ 27.85594315285417, -26.835962015634593 ], [ 27.856187998677079, -26.836114998408512 ], [ 27.858311000352337, -26.837443002992227 ], [ 27.858685999659055, -26.837680996880568 ], [ 27.858837003025222, -26.837781999739615 ], [ 27.858970002863298, -26.837872000292677 ], [ 27.859080997190276, -26.83793600324406 ], [ 27.861106003339351, -26.838559003195506 ], [ 27.861844003198172, -26.838923000196402 ], [ 27.862723996115463, -26.8393849999179 ], [ 27.863252001578552, -26.839663001946061 ], [ 27.863501996919599, -26.839794998140739 ], [ 27.863919008055714, -26.840014001045439 ], [ 27.864828996061284, -26.841239997328163 ], [ 27.864524997330737, -26.841375000855717 ], [ 27.864099000168657, -26.841620997810878 ], [ 27.863689001945819, -26.841864002721646 ], [ 27.863233003400321, -26.842138000068768 ], [ 27.862833002940629, -26.842363003250099 ], [ 27.862037997755394, -26.842806003894101 ], [ 27.861884004143395, -26.842893003409507 ], [ 27.861623004697872, -26.843281998865265 ], [ 27.86087400163386, -26.844351997846502 ], [ 27.860509998337733, -26.844896002248834 ] ] ] } },
{ "type": "Feature", "properties": { "Municipali": "Metsimaholo Local Municipality", "WardNo": "10", "WardLabel": "FS204_10", "Province": "Free State", "CLASSIFICATION": "Manufacturing", "PopGBlack": 7476.893498, "PopGColour": 21.56146136, "PopGIndian": 16.656554565, "PopGWhite": 9.480228072, "PopGOther": 4.3237881, "PopGTotal": 7528.9155301000001 }, "geometry": { "type": "Polygon", "coordinates": [ [ [ 27.854741999443657, -26.843683986826584 ], [ 27.856795997936903, -26.844961003447654 ], [ 27.856842062111426, -26.844904685203186 ], [ 27.858900997882728, -26.846345997170115 ], [ 27.859145996590442, -26.84674400203421 ], [ 27.859135002378331, -26.847026002448157 ], [ 27.859119999888058, -26.8474360078656 ], [ 27.859067999288669, -26.848350000552202 ], [ 27.858996997813129, -26.848347990567397 ], [ 27.858945760738191, -26.849542232687977 ], [ 27.858945529612406, -26.849547622324973 ], [ 27.858941996176107, -26.849630002023062 ], [ 27.859139997213092, -26.849652001239026 ], [ 27.859581999609556, -26.849700995404724 ], [ 27.860660999905157, -26.850468996646971 ], [ 27.860978994784745, -26.850690003241148 ], [ 27.861920995957096, -26.851348001209445 ], [ 27.860249996240277, -26.853499999725269 ], [ 27.860069996932729, -26.853369999126272 ], [ 27.855279998173312, -26.852319996570703 ], [ 27.854159002236081, -26.852981002771145 ], [ 27.854202003319756, -26.853049003209048 ], [ 27.854222997093583, -26.853083003877643 ], [ 27.854408996677851, -26.853366998987919 ], [ 27.854925001587496, -26.854154000207043 ], [ 27.853013968319953, -26.855150154955776 ], [ 27.852712997606712, -26.855663998794633 ], [ 27.852356997377417, -26.855601002184571 ], [ 27.851283000010376, -26.85501200200234 ], [ 27.850687031880948, -26.855012978666075 ], [ 27.850684999413154, -26.855012999350503 ], [ 27.850498998929609, -26.852802000811845 ], [ 27.850430999391072, -26.851998003305322 ], [ 27.850090988208489, -26.848002003389823 ], [ 27.850090835323762, -26.848001693123706 ], [ 27.850089999853576, -26.847999999700342 ], [ 27.85030099789271, -26.847819003943918 ], [ 27.849467126706475, -26.847291448141934 ], [ 27.849369999925457, -26.84723000016448 ], [ 27.847950000092361, -26.846330000029525 ], [ 27.847948020684523, -26.846328790441447 ], [ 27.848228003919164, -26.845936996295439 ], [ 27.847611004244431, -26.845566999017901 ], [ 27.84853501088195, -26.844888997429347 ], [ 27.847909569271177, -26.843399006059418 ], [ 27.848569999905539, -26.843419999833252 ], [ 27.848649999997424, -26.843290000133536 ], [ 27.848557754736568, -26.843233832075772 ], [ 27.848715362723766, -26.843030540327273 ], [ 27.84993300430466, -26.843780002045555 ], [ 27.850129001651993, -26.843709990723571 ], [ 27.850476999713649, -26.843902996925888 ], [ 27.850938002087076, -26.844211002136106 ], [ 27.85246799799971, -26.842277998431012 ], [ 27.853726000254611, -26.843049998059055 ], [ 27.853921997602029, -26.843169002647453 ], [ 27.854622996653902, -26.843610001400528 ], [ 27.854741999443657, -26.843683986826584 ] ] ] } },
{ "type": "Feature", "properties": { "Municipali": "Metsimaholo Local Municipality", "WardNo": "11", "WardLabel": "FS204_11", "Province": "Free State", "CLASSIFICATION": "Manufacturing", "PopGBlack": 4312.538936, "PopGColour": 32.576584048999997, "PopGIndian": 4.126020367, "PopGWhite": 1.733911536, "PopGOther": 15.1616155, "PopGTotal": 4366.1370674 }, "geometry": { "type": "Polygon", "coordinates": [ [ [ 27.845902179042202, -26.841125131419727 ], [ 27.846022000215097, -26.841316000832805 ], [ 27.846307000767407, -26.841378000994077 ], [ 27.84771800018552, -26.841375998203869 ], [ 27.851059002271086, -26.841415000901659 ], [ 27.85246799799971, -26.842277998431012 ], [ 27.850938002087076, -26.844211002136106 ], [ 27.850476999713649, -26.843902996925888 ], [ 27.850129001651993, -26.843709990723571 ], [ 27.84993300430466, -26.843780002045555 ], [ 27.848715362723766, -26.843030540327273 ], [ 27.848557754736568, -26.843233832075772 ], [ 27.848649999997424, -26.843290000133536 ], [ 27.848569999905539, -26.843419999833252 ], [ 27.847909569271177, -26.843399006059418 ], [ 27.84853501088195, -26.844888997429347 ], [ 27.847611004244431, -26.845566999017901 ], [ 27.848228003919164, -26.845936996295439 ], [ 27.847948020684523, -26.846328790441447 ], [ 27.847950000092361, -26.846330000029525 ], [ 27.849369999925457, -26.84723000016448 ], [ 27.849467126706475, -26.847291448141934 ], [ 27.85030099789271, -26.847819003943918 ], [ 27.850089999853576, -26.847999999700342 ], [ 27.850090835323762, -26.848001693123706 ], [ 27.850090988208489, -26.848002003389823 ], [ 27.845463999663732, -26.848899000688398 ], [ 27.845399996712349, -26.848911991395404 ], [ 27.844246746590017, -26.849133068136663 ], [ 27.842885987797967, -26.849393923690716 ], [ 27.837530999855648, -26.850421000728712 ], [ 27.837477707829834, -26.85043179439192 ], [ 27.837452004306524, -26.85043699966786 ], [ 27.836050599755275, -26.850706175749551 ], [ 27.832808004185974, -26.851329002131841 ], [ 27.831826002068308, -26.850575004233146 ], [ 27.829719995781076, -26.84895799981194 ], [ 27.829721940115373, -26.848957437735685 ], [ 27.840295999660587, -26.845898998140324 ], [ 27.840295513127373, -26.845897756176548 ], [ 27.839508999340826, -26.843892009009078 ], [ 27.839109351415321, -26.842876641144183 ], [ 27.838979997428865, -26.842547998291526 ], [ 27.838980092757055, -26.842528269863831 ], [ 27.838981001971625, -26.842342001382395 ], [ 27.838985000357422, -26.841731999332364 ], [ 27.838987350285944, -26.841338766271136 ], [ 27.838987979811353, -26.84122997078661 ], [ 27.839060027198432, -26.841177916227984 ], [ 27.839060000218769, -26.841179999957081 ], [ 27.840000000399662, -26.840500000075 ], [ 27.840021612907002, -26.840474065425905 ], [ 27.840050000007409, -26.840440000006087 ], [ 27.840690200392377, -26.839738195161704 ], [ 27.840920202005599, -26.839483982000253 ], [ 27.841216784027299, -26.839163190229151 ], [ 27.841525470923695, -26.838842397558675 ], [ 27.841828105382703, -26.838503446676828 ], [ 27.842130738942423, -26.838170550030934 ], [ 27.842469688924904, -26.837807387600947 ], [ 27.842849999627745, -26.83740999967188 ], [ 27.843040000295748, -26.837210000341376 ], [ 27.843179999557265, -26.837099999765254 ], [ 27.84329000013329, -26.83701000011148 ], [ 27.843359999764093, -26.836970000065538 ], [ 27.843462330022493, -26.837014486829144 ], [ 27.844461022658017, -26.838703186103256 ], [ 27.844913825012917, -26.839488423751845 ], [ 27.844939184995294, -26.839532404197168 ], [ 27.845902179042202, -26.841125131419727 ] ] ] } },
{ "type": "Feature", "properties": { "Municipali": "Metsimaholo Local Municipality", "WardNo": "12", "WardLabel": "FS204_12", "Province": "Free State", "CLASSIFICATION": "Manufacturing", "PopGBlack": 3644.1277088000002, "PopGColour": 10.423384796000001, "PopGIndian": 0.397354727, "PopGWhite": 1.119817867, "PopGOther": 1.2663832, "PopGTotal": 3657.3346494000002 }, "geometry": { "type": "Polygon", "coordinates": [ [ [ 27.800319000621265, -26.818451996862247 ], [ 27.800313975209708, -26.818470000390331 ], [ 27.800177002166844, -26.818464999260428 ], [ 27.800075996609859, -26.818464278903498 ], [ 27.800036998408654, -26.818464001012888 ], [ 27.799962296222883, -26.818510797235607 ], [ 27.799946015795925, -26.818521017131385 ], [ 27.799861996633719, -26.818590002326811 ], [ 27.799819000046718, -26.818745996930272 ], [ 27.799785003874703, -26.818925999835116 ], [ 27.799827298990561, -26.818977875428711 ], [ 27.799838001822248, -26.818991001933302 ], [ 27.799894186967052, -26.819027398395864 ], [ 27.799997000161277, -26.819093998589217 ], [ 27.800100000414581, -26.819151000318513 ], [ 27.800107128441105, -26.819167927358023 ], [ 27.800124003320022, -26.819208002047713 ], [ 27.800125454825782, -26.819235592348779 ], [ 27.800129003550648, -26.81930299833482 ], [ 27.800088871304236, -26.8193588183549 ], [ 27.80008799356591, -26.819359992869511 ], [ 27.800087334362907, -26.819360824742304 ], [ 27.800040997693824, -26.819417999141471 ], [ 27.799923003044039, -26.819588997134574 ], [ 27.799884125352044, -26.819642007672574 ], [ 27.799856996403175, -26.819678998586994 ], [ 27.799811002375744, -26.819799001422844 ], [ 27.799807003090663, -26.819871996695433 ], [ 27.799811827953395, -26.819878967340554 ], [ 27.799843002952155, -26.819923998194088 ], [ 27.799970638334244, -26.820018752563506 ], [ 27.799971011552852, -26.820018979192625 ], [ 27.800057995779788, -26.820060998216523 ], [ 27.800161360258542, -26.820053074290037 ], [ 27.800161990683232, -26.820052966371378 ], [ 27.800310067655424, -26.820013024781353 ], [ 27.800415997899915, -26.819988002944129 ], [ 27.800416945785329, -26.819988250257666 ], [ 27.800543001957852, -26.820021001767888 ], [ 27.800639999236509, -26.8200879985624 ], [ 27.800709003317714, -26.820187996878694 ], [ 27.800739001103924, -26.820258998354241 ], [ 27.800744002233831, -26.820359002066397 ], [ 27.800727996999356, -26.820472999229658 ], [ 27.800722051581335, -26.820485550168083 ], [ 27.800718996584283, -26.82049199920645 ], [ 27.80071566999203, -26.820504318119891 ], [ 27.800709003317714, -26.82052900181214 ], [ 27.800682995823507, -26.820661999851477 ], [ 27.800678998336991, -26.820768002941065 ], [ 27.800739001103924, -26.820881000957527 ], [ 27.800810000780814, -26.821038001003018 ], [ 27.800846000642306, -26.821082997682293 ], [ 27.800904000619042, -26.821126997912685 ], [ 27.800905226394967, -26.821126909779192 ], [ 27.801071997574585, -26.821110997174888 ], [ 27.801240996374784, -26.821099000218748 ], [ 27.801356002577393, -26.821092999942021 ], [ 27.801427568827208, -26.821085385382286 ], [ 27.801450106736965, -26.821083058836219 ], [ 27.801544996903978, -26.821139002063433 ], [ 27.801661998702187, -26.82123399835044 ], [ 27.801704996188558, -26.82135700042528 ], [ 27.80172700259903, -26.821524998280108 ], [ 27.801774967940325, -26.821676132947285 ], [ 27.801809830159481, -26.821716187851834 ], [ 27.801865997317872, -26.821780998394463 ], [ 27.801940001629706, -26.821846996941439 ], [ 27.801967001975399, -26.821890997171923 ], [ 27.801966117941841, -26.821985366631456 ], [ 27.801966000130747, -26.821997997609589 ], [ 27.801966270826661, -26.822013955179958 ], [ 27.801968002920947, -26.822115996755947 ], [ 27.802038000753011, -26.822274000444843 ], [ 27.802114000660534, -26.822428996800859 ], [ 27.80218308028487, -26.822502063119813 ], [ 27.802285003150306, -26.822584998598916 ], [ 27.802312722953737, -26.822608310824933 ], [ 27.802329003380695, -26.822622002103799 ], [ 27.802359351003155, -26.822644613758033 ], [ 27.802379996739386, -26.82265999666161 ], [ 27.802425999759979, -26.822697998414021 ], [ 27.802495997592132, -26.822793000996263 ], [ 27.802589998329729, -26.822963998989451 ], [ 27.802609000105171, -26.823087000165003 ], [ 27.802625508060618, -26.823191560742096 ], [ 27.802629998375672, -26.823219998204436 ], [ 27.802632265566551, -26.823228616407654 ], [ 27.802639998836753, -26.823257999057478 ], [ 27.802700003402336, -26.823405002239195 ], [ 27.802705367858323, -26.823467534798947 ], [ 27.802705877773992, -26.823474841790585 ], [ 27.802717481726276, -26.823570563830561 ], [ 27.802717547376872, -26.82357110162517 ], [ 27.802806145886827, -26.823675109119076 ], [ 27.80284851924365, -26.823759855832815 ], [ 27.802940968650713, -26.823840749850785 ], [ 27.803018011771748, -26.823883123207612 ], [ 27.80309890578981, -26.823910087580561 ], [ 27.803172494614888, -26.823902729327628 ], [ 27.803175948910852, -26.823902392081841 ], [ 27.803256842029544, -26.823852306139067 ], [ 27.803322327963016, -26.823779115713698 ], [ 27.803322848670405, -26.823779181364209 ], [ 27.803383962100099, -26.823786820205683 ], [ 27.80344717184936, -26.823833396094432 ], [ 27.803457151626098, -26.823840749850785 ], [ 27.803557311820455, -26.823894629133953 ], [ 27.803638201341851, -26.823902383987956 ], [ 27.803722948055494, -26.823898532191567 ], [ 27.803823101954539, -26.823902383987956 ], [ 27.803965630109683, -26.823913940276238 ], [ 27.804069636704305, -26.823964017225755 ], [ 27.804127419045084, -26.824033354955446 ], [ 27.804162087909933, -26.82410269268523 ], [ 27.804169792401908, -26.824168178618617 ], [ 27.804138975333366, -26.824264481620641 ], [ 27.804069636704305, -26.824303003181157 ], [ 27.80396177831329, -26.82436463731824 ], [ 27.803903968992937, -26.824430097171334 ], [ 27.803888565404932, -26.824503326267628 ], [ 27.803922675790734, -26.824563966653766 ], [ 27.803923256752856, -26.824564946015514 ], [ 27.806379742331103, -26.82292754676892 ], [ 27.808723880102903, -26.821365034069167 ], [ 27.809005081019588, -26.821169527751628 ], [ 27.809005633203313, -26.821170300269234 ], [ 27.809213828954974, -26.821461775940296 ], [ 27.809468000747565, -26.821738002706738 ], [ 27.811391995943797, -26.823564999725029 ], [ 27.81306325376606, -26.825023968081737 ], [ 27.813737937755537, -26.825613012330759 ], [ 27.813752567926571, -26.82562253255395 ], [ 27.814189002620285, -26.825908001653058 ], [ 27.814472000382491, -26.826070996579332 ], [ 27.815034986775192, -26.826093711655552 ], [ 27.815858988801185, -26.826126997363161 ], [ 27.817110009619146, -26.826169250210778 ], [ 27.817109976344252, -26.826189092852449 ], [ 27.817109946666569, -26.826189893249076 ], [ 27.816687160084292, -26.826572328150519 ], [ 27.815540000170827, -26.827610000101551 ], [ 27.815530299183884, -26.827648804948534 ], [ 27.815532000701118, -26.827648997403383 ], [ 27.815693999178684, -26.82767200206138 ], [ 27.815868268006053, -26.827698354895251 ], [ 27.815898997840378, -26.827703001692338 ], [ 27.815898710956617, -26.827703147382465 ], [ 27.81538808039549, -26.827960850812701 ], [ 27.814936002894193, -26.828189004319189 ], [ 27.814478343300856, -26.828417826021933 ], [ 27.814478000659118, -26.828417996893162 ], [ 27.81581799860168, -26.831609001953964 ], [ 27.816608008053048, -26.832669003172061 ], [ 27.816609990158817, -26.83266784034862 ], [ 27.817253267124475, -26.832290338228571 ], [ 27.817869002352523, -26.831928999623752 ], [ 27.818277499606854, -26.831484604131258 ], [ 27.818859000342506, -26.830852003916917 ], [ 27.81928130398887, -26.830393387444914 ], [ 27.819708000823539, -26.829929999170226 ], [ 27.820418997638559, -26.82973199813333 ], [ 27.820638001442539, -26.829671003414191 ], [ 27.822520036070685, -26.828938956167988 ], [ 27.823700003252515, -26.828479988960463 ], [ 27.823701840567438, -26.828479776720368 ], [ 27.823770005581249, -26.828472001182025 ], [ 27.824819559375079, -26.828348106979657 ], [ 27.824820008136729, -26.828348041329146 ], [ 27.825167999003874, -26.828287996294076 ], [ 27.825331002024111, -26.828258001205882 ], [ 27.825471997734418, -26.828233001851647 ], [ 27.825579009863354, -26.828215000122206 ], [ 27.82569001228412, -26.828197995741018 ], [ 27.825788452974653, -26.82818038611606 ], [ 27.825908000753529, -26.828159001137113 ], [ 27.825976744031443, -26.828146811726125 ], [ 27.826048997363294, -26.828134000883512 ], [ 27.826223732938814, -26.828104183861065 ], [ 27.826342000982439, -26.828084002175054 ], [ 27.826761031096602, -26.828011911620454 ], [ 27.82699300132585, -26.827972003305408 ], [ 27.828753991703284, -26.827682938716695 ], [ 27.829272997650659, -26.827443001393533 ], [ 27.829460893005667, -26.827356691658089 ], [ 27.829802001361184, -26.827200003677365 ], [ 27.829882037426071, -26.827152977228227 ], [ 27.829925003436021, -26.827231992562503 ], [ 27.82993999693322, -26.827260001048256 ], [ 27.8299426409401, -26.827258954237443 ], [ 27.832227622206876, -26.826235041913716 ], [ 27.836492532004648, -26.824324169624781 ], [ 27.836660000158833, -26.824599999790241 ], [ 27.837640000385672, -26.826210000291336 ], [ 27.838599999690167, -26.827779999847209 ], [ 27.839262102164259, -26.828855916367527 ], [ 27.839479999802059, -26.829210000141479 ], [ 27.839615479970298, -26.829446121641343 ], [ 27.839829999754635, -26.829820000392765 ], [ 27.840480000051869, -26.830950000342288 ], [ 27.841073456374797, -26.831955980184475 ], [ 27.841300000094847, -26.832339999691335 ], [ 27.841859909007589, -26.83325002277045 ], [ 27.841894458262605, -26.833306385081716 ], [ 27.842189999768628, -26.83379000000857 ], [ 27.842526124980647, -26.83432384476977 ], [ 27.842530000159314, -26.834329999729778 ], [ 27.842559999744175, -26.834369999775721 ], [ 27.842659999859031, -26.834489999913629 ], [ 27.842739999951004, -26.834560000443716 ], [ 27.842880000111798, -26.83465000009749 ], [ 27.842968575239478, -26.834679524840318 ], [ 27.842969999765572, -26.834679999682358 ], [ 27.843230000064377, -26.834739999751264 ], [ 27.843390000248231, -26.834739999751264 ], [ 27.843900000384579, -26.834799999820181 ], [ 27.844319999967958, -26.834830000304407 ], [ 27.844839999666188, -26.834890000373321 ], [ 27.845480000401622, -26.834960000004127 ], [ 27.846189999868574, -26.835029999634838 ], [ 27.84663000037412, -26.835080000141954 ], [ 27.847170000095414, -26.835129999749782 ], [ 27.847760000323731, -26.835189999818699 ], [ 27.848130000299186, -26.83522000030284 ], [ 27.848429999744649, -26.835209999841755 ], [ 27.848910000296225, -26.835160000233927 ], [ 27.84943999955626, -26.835089999703754 ], [ 27.849779999946946, -26.835049999657812 ], [ 27.849849999577749, -26.835040000096008 ], [ 27.850262813577888, -26.834960830078359 ], [ 27.849837004374169, -26.835203000418229 ], [ 27.850197002989265, -26.836923000596062 ], [ 27.850904002317769, -26.836801012057151 ], [ 27.851106000841188, -26.838151997916423 ], [ 27.851090001901948, -26.839120003885139 ], [ 27.851090001901948, -26.839146997935693 ], [ 27.851081000587676, -26.839691999686174 ], [ 27.851081000587676, -26.83971900183052 ], [ 27.851059002271086, -26.841415000901659 ], [ 27.84771800018552, -26.841375998203869 ], [ 27.846307000767407, -26.841378000994077 ], [ 27.846022000215097, -26.841316000832805 ], [ 27.845902179042202, -26.841125131419727 ], [ 27.844939184995294, -26.839532404197168 ], [ 27.844913825012917, -26.839488423751845 ], [ 27.844461022658017, -26.838703186103256 ], [ 27.843462330022493, -26.837014486829144 ], [ 27.843359999764093, -26.836970000065538 ], [ 27.84329000013329, -26.83701000011148 ], [ 27.843179999557265, -26.837099999765254 ], [ 27.843040000295748, -26.837210000341376 ], [ 27.842849999627745, -26.83740999967188 ], [ 27.842469688924904, -26.837807387600947 ], [ 27.842130738942423, -26.838170550030934 ], [ 27.841828105382703, -26.838503446676828 ], [ 27.841525470923695, -26.838842397558675 ], [ 27.841216784027299, -26.839163190229151 ], [ 27.840920202005599, -26.839483982000253 ], [ 27.840690200392377, -26.839738195161704 ], [ 27.840050000007409, -26.840440000006087 ], [ 27.840021612907002, -26.840474065425905 ], [ 27.840000000399662, -26.840500000075 ], [ 27.839060000218769, -26.841179999957081 ], [ 27.839060027198432, -26.841177916227984 ], [ 27.838987979811353, -26.84122997078661 ], [ 27.838987350285944, -26.841338766271136 ], [ 27.838985000357422, -26.841731999332364 ], [ 27.838981001971625, -26.842342001382395 ], [ 27.838980092757055, -26.842528269863831 ], [ 27.838979997428865, -26.842547998291526 ], [ 27.839109351415321, -26.842876641144183 ], [ 27.839508999340826, -26.843892009009078 ], [ 27.840295513127373, -26.845897756176548 ], [ 27.840295999660587, -26.845898998140324 ], [ 27.829721940115373, -26.848957437735685 ], [ 27.829719995781076, -26.84895799981194 ], [ 27.831826002068308, -26.850575004233146 ], [ 27.832808004185974, -26.851329002131841 ], [ 27.836050599755275, -26.850706175749551 ], [ 27.837452004306524, -26.85043699966786 ], [ 27.837477707829834, -26.85043179439192 ], [ 27.837530999855648, -26.850421000728712 ], [ 27.842885987797967, -26.849393923690716 ], [ 27.844246746590017, -26.849133068136663 ], [ 27.845399996712349, -26.848911991395404 ], [ 27.845463999663732, -26.848899000688398 ], [ 27.850090988208489, -26.848002003389823 ], [ 27.850430999391072, -26.851998003305322 ], [ 27.850498998929609, -26.852802000811845 ], [ 27.850684999413154, -26.855012999350503 ], [ 27.850891004416258, -26.857310000056589 ], [ 27.850899995838084, -26.857411002915548 ], [ 27.851040003193575, -26.859047994769178 ], [ 27.851117995099308, -26.859998689687881 ], [ 27.851118011287159, -26.8600000143893 ], [ 27.847926088018436, -26.859567715677628 ], [ 27.847500009917457, -26.859510009779161 ], [ 27.839890034897092, -26.860039179864334 ], [ 27.835419993337965, -26.860350010744483 ], [ 27.832239989683696, -26.861190009911059 ], [ 27.811610011392862, -26.866219990060607 ], [ 27.781759997325921, -26.873760013114175 ], [ 27.781759252687259, -26.87376018218675 ], [ 27.740372095995319, -26.882139565888323 ], [ 27.740369991581698, -26.88213999216698 ], [ 27.740369692107475, -26.882139565888327 ], [ 27.736320002665817, -26.876379997239198 ], [ 27.732179997908489, -26.869920003305644 ], [ 27.728379996239692, -26.865079996844422 ], [ 27.72356000239208, -26.859020003370542 ], [ 27.72318999702059, -26.858479995555371 ], [ 27.71932000021765, -26.853379996889419 ], [ 27.712037612245794, -26.844248250256594 ], [ 27.712037078048578, -26.844247581161063 ], [ 27.712037757936013, -26.844247464249154 ], [ 27.713693619364875, -26.843961716360166 ], [ 27.71792793332736, -26.842218398560352 ], [ 27.72041511456575, -26.841222762720456 ], [ 27.722616196280335, -26.841056824313078 ], [ 27.722936630121218, -26.841030120743589 ], [ 27.723237991140198, -26.840997695687172 ], [ 27.732873916597846, -26.840097426655053 ], [ 27.743995727120975, -26.838833106662626 ], [ 27.743996280204065, -26.838832997844687 ], [ 27.743997574328517, -26.838832854852498 ], [ 27.745183944683184, -26.838697433140162 ], [ 27.750295639032412, -26.838069915893996 ], [ 27.75616027637555, -26.837444655946186 ], [ 27.75623512335217, -26.83743667626171 ], [ 27.770978928234847, -26.835752487087728 ], [ 27.774759293206664, -26.835321425843155 ], [ 27.774800325674398, -26.835315830261472 ], [ 27.774801253774751, -26.835315704356319 ], [ 27.773332596122369, -26.832098007417198 ], [ 27.772626877428308, -26.830581665011874 ], [ 27.769834518448175, -26.824562072681587 ], [ 27.769258499080415, -26.82332801757406 ], [ 27.768518447867926, -26.821729659696185 ], [ 27.775274277385876, -26.817403792950749 ], [ 27.788473128831722, -26.808731079176052 ], [ 27.799087674956187, -26.801887025266048 ], [ 27.799133002585926, -26.802118001744528 ], [ 27.799165841330449, -26.802351109616115 ], [ 27.799173996382727, -26.802409001674189 ], [ 27.799177834689203, -26.802419417622122 ], [ 27.799195001847739, -26.802465997108168 ], [ 27.799222003092893, -26.802522998837361 ], [ 27.799324000602084, -26.802620003310537 ], [ 27.79943600216966, -26.80269700326415 ], [ 27.799607998410288, -26.802767000197019 ], [ 27.7997800027448, -26.802835998882372 ], [ 27.79987099794808, -26.802904997567712 ], [ 27.799976001890865, -26.80300899876638 ], [ 27.800102004104065, -26.803137001071853 ], [ 27.800203688649294, -26.803236691819944 ], [ 27.800204001613345, -26.80323699938814 ], [ 27.80029200027548, -26.803401000655729 ], [ 27.800311438222199, -26.803435134423989 ], [ 27.80045999723103, -26.803695998971282 ], [ 27.800566996769412, -26.803838000123726 ], [ 27.800624995846775, -26.803931999062581 ], [ 27.800696003617553, -26.804044000630242 ], [ 27.800717073833791, -26.804072346361767 ], [ 27.800780002095323, -26.8041569986467 ], [ 27.800798094656287, -26.804180228135074 ], [ 27.80085399921256, -26.804252002128216 ], [ 27.800893588268416, -26.804309103682279 ], [ 27.800905996214638, -26.804327000191005 ], [ 27.800948712213199, -26.804386800610466 ], [ 27.801040998842915, -26.804516001712187 ], [ 27.801102002555311, -26.804606002265249 ], [ 27.801168217838875, -26.804715886828827 ], [ 27.801196004192096, -26.804761997768072 ], [ 27.801210363667217, -26.804783870179602 ], [ 27.801261000894335, -26.804860996937563 ], [ 27.801331999671948, -26.804948000050263 ], [ 27.801378680781418, -26.804991697209143 ], [ 27.801379003638004, -26.804991999381386 ], [ 27.801381283419431, -26.804997299985512 ], [ 27.801424998564713, -26.805098998919771 ], [ 27.801468004144965, -26.805219001755617 ], [ 27.801453497181068, -26.805651476734379 ], [ 27.801450998864407, -26.805725997257017 ], [ 27.801467001400855, -26.805788000116227 ], [ 27.801462089303907, -26.805839531269434 ], [ 27.801462001170318, -26.80584000071552 ], [ 27.801433998080423, -26.805912997786656 ], [ 27.80139100059414, -26.806140000160976 ], [ 27.801366012931094, -26.806289007931454 ], [ 27.801331999671948, -26.806342999629859 ], [ 27.801277998980389, -26.806466999052855 ], [ 27.801252262182093, -26.806681501749967 ], [ 27.801245003753838, -26.806741998244721 ], [ 27.801238679721159, -26.806843652212891 ], [ 27.801232997804533, -26.806934997252423 ], [ 27.801250998634604, -26.80698899884327 ], [ 27.801308997711967, -26.80708200043405 ], [ 27.80139100059414, -26.8071560002493 ], [ 27.801563998679509, -26.807233997550988 ], [ 27.801688999047968, -26.80729000193212 ], [ 27.801776996810823, -26.807413003107676 ], [ 27.801881763332588, -26.807546636967835 ], [ 27.801882045719772, -26.807546949032609 ], [ 27.801945001860251, -26.807607996811708 ], [ 27.802008996717749, -26.807658001815401 ], [ 27.802030002182764, -26.807659997410997 ], [ 27.802045781687401, -26.807725915019084 ], [ 27.802045822156892, -26.807726261258033 ], [ 27.802045999323351, -26.807727002299387 ], [ 27.802045822156892, -26.807775274309513 ], [ 27.802044998377895, -26.807999998701053 ], [ 27.802019088010439, -26.808256204760092 ], [ 27.802018998977481, -26.808257001559518 ], [ 27.802007619855662, -26.808284896730758 ], [ 27.801987999346622, -26.808332996970368 ], [ 27.801975095873839, -26.80838871896432 ], [ 27.801966000130747, -26.808427999552613 ], [ 27.801935171370939, -26.808673856213602 ], [ 27.801935031976043, -26.808675002849185 ], [ 27.801932325016676, -26.808698467960017 ], [ 27.801909001998759, -26.808902999873641 ], [ 27.801897997894194, -26.808977997936335 ], [ 27.801893655967376, -26.808994942962347 ], [ 27.801888003728259, -26.80901699703691 ], [ 27.801870144991099, -26.809049305181428 ], [ 27.801866998263247, -26.809054997889948 ], [ 27.801862953112717, -26.809062126815757 ], [ 27.801846000892116, -26.809092001394827 ], [ 27.801813121678098, -26.809215544861583 ], [ 27.801813004766281, -26.8092160017172 ], [ 27.801780996095992, -26.809339001993383 ], [ 27.801744126590055, -26.809433816617453 ], [ 27.801718003083231, -26.809501002269513 ], [ 27.801603998725451, -26.809689000147312 ], [ 27.801495003591469, -26.809771996780349 ], [ 27.801412596913718, -26.809806858100131 ], [ 27.801410003268952, -26.80980799664184 ], [ 27.801366679328698, -26.809819343388046 ], [ 27.801325996697297, -26.809829996756992 ], [ 27.801275167914518, -26.809859323648926 ], [ 27.801222001793853, -26.809889997725275 ], [ 27.80120707394725, -26.809911924096127 ], [ 27.801157999741751, -26.809984002959446 ], [ 27.801149000226129, -26.810131997193999 ], [ 27.801167000156834, -26.810226999776248 ], [ 27.801267617206637, -26.810415271947349 ], [ 27.80126800841175, -26.810415995002298 ], [ 27.80136900227755, -26.810603998275958 ], [ 27.801375796655591, -26.810646796112785 ], [ 27.801379003638004, -26.810666999382605 ], [ 27.801401996604735, -26.810762001964843 ], [ 27.801413000709385, -26.810875998228834 ], [ 27.801420999279632, -26.810971000811076 ], [ 27.801440001055074, -26.81107300011892 ], [ 27.801436001769996, -26.811251999380382 ], [ 27.801436001769996, -26.811509002238743 ], [ 27.801423574038619, -26.811752063806775 ], [ 27.801419998334175, -26.811822002283652 ], [ 27.801414002554122, -26.812097002374887 ], [ 27.801437997365593, -26.812218000760243 ], [ 27.80152799881802, -26.812316002581476 ], [ 27.801669014313475, -26.812466990659161 ], [ 27.801714998448286, -26.812542998660568 ], [ 27.80174199879416, -26.81257099725379 ], [ 27.801774393273526, -26.812595514571385 ], [ 27.801779001399673, -26.812599003041612 ], [ 27.801806000846174, -26.812751001057919 ], [ 27.80180809896456, -26.812771339226039 ], [ 27.801818999646965, -26.812877002371835 ], [ 27.80180099971626, -26.812940999927267 ], [ 27.801791508271386, -26.812960309270906 ], [ 27.801771995680998, -26.813000002648106 ], [ 27.801744334333474, -26.813022895790066 ], [ 27.801685000662165, -26.813072002371094 ], [ 27.8015979957508, -26.813144997643583 ], [ 27.801571233725316, -26.813190619351687 ], [ 27.801553998218338, -26.813220002900874 ], [ 27.801546757776585, -26.813238976797464 ], [ 27.801525002276961, -26.813295999211107 ], [ 27.801531998103101, -26.813371002669751 ], [ 27.801553002668832, -26.813449997319594 ], [ 27.801719880867733, -26.813741729297451 ], [ 27.801742243409773, -26.813831175868131 ], [ 27.801764090640198, -26.813921299628412 ], [ 27.80176779944431, -26.813936597096415 ], [ 27.801769634960579, -26.813939433558058 ], [ 27.801802939553973, -26.813990903557432 ], [ 27.801834330389951, -26.814027123752897 ], [ 27.801844469346733, -26.814038822134005 ], [ 27.801843642869716, -26.814056992036654 ], [ 27.801841274055501, -26.814109103252623 ], [ 27.801834996787552, -26.81415100266678 ], [ 27.801820791096528, -26.814178512028768 ], [ 27.801771995680998, -26.814273000198856 ], [ 27.80174099605005, -26.814311001051902 ], [ 27.801725307376934, -26.814327117802321 ], [ 27.801704003336976, -26.814349001905036 ], [ 27.801634999255683, -26.814405997339001 ], [ 27.801437003614733, -26.814475999667739 ], [ 27.801353762366176, -26.814504216796287 ], [ 27.801259998150314, -26.814536002434668 ], [ 27.801229378033298, -26.814562696111629 ], [ 27.801221000848393, -26.81456999860659 ], [ 27.801213003177516, -26.814652997937557 ], [ 27.801218997158916, -26.81478900061192 ], [ 27.801197998888416, -26.814953002778971 ], [ 27.80117090141588, -26.815027004392785 ], [ 27.8011460027857, -26.815094997636084 ], [ 27.801041999788378, -26.81516200162519 ], [ 27.800953001080064, -26.815195998696492 ], [ 27.800832750930581, -26.815200866726741 ], [ 27.800830994554648, -26.815200953061588 ], [ 27.800663022780199, -26.815211050649502 ], [ 27.800557001704195, -26.815253998673136 ], [ 27.800532214589964, -26.815270383421531 ], [ 27.800498000782, -26.815292997773703 ], [ 27.800455997945857, -26.815357998972615 ], [ 27.800445287020292, -26.815399154647398 ], [ 27.800418001589396, -26.815503999410137 ], [ 27.800426920166114, -26.815581055121637 ], [ 27.800428996700706, -26.815599001992474 ], [ 27.800432996885245, -26.815684002314985 ], [ 27.800437346905948, -26.815733501000405 ], [ 27.80044600378001, -26.815832001945392 ], [ 27.800472996031818, -26.816129998600658 ], [ 27.80050473220755, -26.816337577417375 ], [ 27.800504821240423, -26.816337840918777 ], [ 27.800504998406879, -26.816338999245545 ], [ 27.800579002718717, -26.816481000397975 ], [ 27.800618000020638, -26.81652599797653 ], [ 27.800651997091837, -26.816700002403305 ], [ 27.800685000412358, -26.8168730031866 ], [ 27.800716423623946, -26.816914595032582 ], [ 27.800718996584283, -26.816917999865879 ], [ 27.800721119883683, -26.816921014393351 ], [ 27.800749997114604, -26.816962000096275 ], [ 27.800758002879455, -26.817069998781559 ], [ 27.800750998059968, -26.817203001317566 ], [ 27.800748000619635, -26.81724100306997 ], [ 27.800717001888053, -26.817421997027658 ], [ 27.8006960090135, -26.817512384289159 ], [ 27.800681001127188, -26.817577000578197 ], [ 27.800682994024857, -26.817619850575785 ], [ 27.800688998798162, -26.817748995919537 ], [ 27.800670273114577, -26.817782544229097 ], [ 27.800664995892717, -26.817791998801862 ], [ 27.800655255335645, -26.81781148531196 ], [ 27.800633003410276, -26.817855997256576 ], [ 27.800534002442141, -26.817948997947983 ], [ 27.800492154289376, -26.817981112738195 ], [ 27.800448000274887, -26.818014998293624 ], [ 27.80042294336403, -26.818053154729405 ], [ 27.800404000044498, -26.818082002282647 ], [ 27.800374996009147, -26.81815100096799 ], [ 27.80037502928413, -26.818151465917484 ], [ 27.80038899755413, -26.818234000298954 ], [ 27.800392996839211, -26.818366997439096 ], [ 27.800356496954677, -26.818410343862347 ], [ 27.800344999122302, -26.818423999168306 ], [ 27.800340602336789, -26.818428734998168 ], [ 27.800319000621265, -26.818451996862247 ] ] ] } },
{ "type": "Feature", "properties": { "Municipali": "Metsimaholo Local Municipality", "WardNo": "13", "WardLabel": "FS204_13", "Province": "Free State", "CLASSIFICATION": "Manufacturing", "PopGBlack": 8291.2193501999991, "PopGColour": 14.237892652, "PopGIndian": 18.723554983, "PopGWhite": 1.155941024, "PopGOther": 1.2663832, "PopGTotal": 8326.603122 }, "geometry": { "type": "Polygon", "coordinates": [ [ [ 27.88131607557634, -26.856698091443835 ], [ 27.881253155408775, -26.856894049221129 ], [ 27.88066866982324, -26.856709823999303 ], [ 27.879659778875656, -26.858185088970814 ], [ 27.880773366197836, -26.858718089268493 ], [ 27.882029721794193, -26.860364675989061 ], [ 27.88301918109029, -26.859666650995255 ], [ 27.884199393786929, -26.860951560066489 ], [ 27.884465892586846, -26.861322756140364 ], [ 27.884313607686778, -26.861941415963646 ], [ 27.884208912211466, -26.862474415362041 ], [ 27.883485555114227, -26.863359573985235 ], [ 27.883015236486358, -26.86392063713442 ], [ 27.883379999887087, -26.86408000019193 ], [ 27.884340000090862, -26.862839999666384 ], [ 27.885980000176819, -26.863140000011121 ], [ 27.886128907223245, -26.862554297642824 ], [ 27.887830985711357, -26.862874005730916 ], [ 27.887625984351647, -26.865410983330303 ], [ 27.887602976995716, -26.86569944177587 ], [ 27.887452981769609, -26.867580016804464 ], [ 27.886977984146593, -26.873902989131697 ], [ 27.886676018783216, -26.878620981872899 ], [ 27.886622294183422, -26.878759862377859 ], [ 27.88626026040269, -26.878830256811074 ], [ 27.882501575387369, -26.879402231028219 ], [ 27.88125256995016, -26.879635689635506 ], [ 27.876781835912958, -26.878211591591747 ], [ 27.874575651445046, -26.877522888970244 ], [ 27.874015350427996, -26.876880877350732 ], [ 27.874925839355981, -26.876203847030038 ], [ 27.875229336264834, -26.876192173829853 ], [ 27.875159297963183, -26.875561835410519 ], [ 27.874739071750692, -26.874032681263301 ], [ 27.874645688847412, -26.871873187797487 ], [ 27.874318847336934, -26.871674747891372 ], [ 27.874774091351153, -26.870916006968219 ], [ 27.874610670146229, -26.86979540493412 ], [ 27.874426999806136, -26.869782999685828 ], [ 27.874183000245225, -26.868384999967873 ], [ 27.872618000020609, -26.868613999736354 ], [ 27.872035000115105, -26.868677999989817 ], [ 27.871343999725749, -26.868764000358418 ], [ 27.870534000143941, -26.868878000219613 ], [ 27.870428668847904, -26.868893322868708 ], [ 27.867860000038867, -26.869267000172037 ], [ 27.865886999885031, -26.868246999899259 ], [ 27.863884000146427, -26.867210999787872 ], [ 27.86412437723817, -26.86710229693351 ], [ 27.864043800680836, -26.866998668953535 ], [ 27.864291407422431, -26.866843809294487 ], [ 27.865092196147899, -26.866356179793971 ], [ 27.866207029031152, -26.865639103561886 ], [ 27.866233107571812, -26.865675910115254 ], [ 27.866246681938772, -26.865695066574155 ], [ 27.866657658623989, -26.865438027742872 ], [ 27.866641649792221, -26.86541743596597 ], [ 27.86870394812868, -26.864125547256268 ], [ 27.868719203328538, -26.863691611778499 ], [ 27.868820201690927, -26.863694986934203 ], [ 27.869601247599498, -26.863721078964794 ], [ 27.87024553090647, -26.863629037849872 ], [ 27.87083459134325, -26.863205652319152 ], [ 27.870969698292878, -26.863039366773467 ], [ 27.872031117741834, -26.861733002576116 ], [ 27.872877889702828, -26.861585738591025 ], [ 27.87254177438334, -26.858630338819179 ], [ 27.872669752407074, -26.858374384570279 ], [ 27.87313630539612, -26.857841181025844 ], [ 27.872400363186191, -26.85738693525898 ], [ 27.872022992367153, -26.857154009949717 ], [ 27.872060000368702, -26.85709600008045 ], [ 27.872261998892125, -26.856705998283282 ], [ 27.873328997735005, -26.854023002259797 ], [ 27.874455003795308, -26.854334996862754 ], [ 27.876548011281656, -26.854851999120555 ], [ 27.878213999976122, -26.855056000434178 ], [ 27.879540001769644, -26.855241991924473 ], [ 27.88034900220465, -26.855344997573638 ], [ 27.881472000032709, -26.855490998011248 ], [ 27.881537997680411, -26.855505002254162 ], [ 27.881471071932356, -26.855620680250233 ], [ 27.88131607557634, -26.856698091443835 ] ] ] } },
{ "type": "Feature", "properties": { "Municipali": "Metsimaholo Local Municipality", "WardNo": "14", "WardLabel": "FS204_14", "Province": "Free State", "CLASSIFICATION": "Manufacturing", "PopGBlack": 644.12217295000005, "PopGColour": 33.451570912999998, "PopGIndian": 33.42945907, "PopGWhite": 3799.7115402, "PopGOther": 6.331916, "PopGTotal": 4517.0466591000004 }, "geometry": { "type": "Polygon", "coordinates": [ [ [ 27.847670765093685, -26.749982322426369 ], [ 27.847695407417067, -26.751767176314249 ], [ 27.848097400774336, -26.752473138724469 ], [ 27.847468285433003, -26.758341761862944 ], [ 27.847225399232784, -26.758301687173152 ], [ 27.847150100796494, -26.758979370401711 ], [ 27.84391228332511, -26.761652452298968 ], [ 27.843874634106971, -26.761991294362886 ], [ 27.844589965654301, -26.769671698889915 ], [ 27.844612996392595, -26.770081999284908 ], [ 27.842565000874, -26.771535000639876 ], [ 27.842837002625522, -26.774101003858313 ], [ 27.842769011180867, -26.774266998922943 ], [ 27.84092300609181, -26.7744229971237 ], [ 27.840162001575074, -26.774577997077017 ], [ 27.838123000176239, -26.774983988820175 ], [ 27.83873547356318, -26.777280960747856 ], [ 27.838411773384518, -26.776752816789159 ], [ 27.838105109063466, -26.776412078954412 ], [ 27.837679187444518, -26.776088377876462 ], [ 27.837185116999514, -26.775986157335367 ], [ 27.836554751600438, -26.776071341119575 ], [ 27.836043645297913, -26.776292820757138 ], [ 27.835481427825599, -26.776667632105678 ], [ 27.834305881711014, -26.777723920022993 ], [ 27.833743664238614, -26.778303174252194 ], [ 27.83369255396811, -26.778439469206269 ], [ 27.83302811505542, -26.7789335387519 ], [ 27.825480770621017, -26.780500932971734 ], [ 27.825157070442355, -26.780415749187618 ], [ 27.824833369364413, -26.780160196036267 ], [ 27.824389124058712, -26.780273434171761 ], [ 27.824305773992219, -26.781615371052666 ], [ 27.824258468753293, -26.782376970920541 ], [ 27.82413576255529, -26.784176663622251 ], [ 27.824197116103935, -26.784994705841108 ], [ 27.824238018169932, -26.785567335664137 ], [ 27.824256386822753, -26.785692241603773 ], [ 27.824256473157696, -26.785692828861041 ], [ 27.823747634945327, -26.785697958594032 ], [ 27.823745996380577, -26.785697997264872 ], [ 27.823747634945327, -26.785674506973027 ], [ 27.823748582830742, -26.785660920914879 ], [ 27.823747634945327, -26.785661537849748 ], [ 27.822319999868061, -26.786589999728857 ], [ 27.8187299997896, -26.788929999719787 ], [ 27.818703967114295, -26.788945845774208 ], [ 27.818499999974939, -26.789069999880667 ], [ 27.813289999833497, -26.792399999660322 ], [ 27.810165378229549, -26.794402341994573 ], [ 27.809420000332636, -26.794879999812228 ], [ 27.809060744557641, -26.79511213371811 ], [ 27.808770000035402, -26.795300000294887 ], [ 27.806320000367634, -26.796869999850674 ], [ 27.806518006800484, -26.797117960025908 ], [ 27.806518417790659, -26.797118474438157 ], [ 27.807410696346501, -26.798235853302085 ], [ 27.808297997154796, -26.799346998964939 ], [ 27.812453001704647, -26.803641995581707 ], [ 27.813198997435702, -26.804440000905391 ], [ 27.813138306687449, -26.804511372901615 ], [ 27.812962957774197, -26.804678371609633 ], [ 27.812578860026278, -26.805112569689438 ], [ 27.812269912326496, -26.805488318131481 ], [ 27.811902514089688, -26.805980964949665 ], [ 27.811668714639396, -26.806406812824225 ], [ 27.811426566782607, -26.806891110336547 ], [ 27.811217817947856, -26.807509005736101 ], [ 27.811151018104955, -26.80771775457076 ], [ 27.811025768624212, -26.808018352964677 ], [ 27.810783619868054, -26.808477600760728 ], [ 27.810441272246869, -26.809062097138167 ], [ 27.810274272639486, -26.80938774524833 ], [ 27.809898525096798, -26.810064092084293 ], [ 27.809664727445071, -26.810473238649188 ], [ 27.809522777554033, -26.81085733729638 ], [ 27.809422577789636, -26.811166284996162 ], [ 27.809405878278618, -26.811475232695948 ], [ 27.809355778846012, -26.812343627956178 ], [ 27.809222179160209, -26.813946818790747 ], [ 27.809197129443863, -26.814255767389813 ], [ 27.809213828954974, -26.814706664980722 ], [ 27.809247228876469, -26.814948813736876 ], [ 27.809339079334904, -26.815391361122455 ], [ 27.809481028326665, -26.816134506902038 ], [ 27.809606276908038, -26.816652204335856 ], [ 27.809748225899803, -26.816977852446019 ], [ 27.809781625821294, -26.817194950586547 ], [ 27.809781625821294, -26.817311849862055 ], [ 27.809756576105038, -26.817579048334554 ], [ 27.809622977318515, -26.817779446963982 ], [ 27.809439278200021, -26.818029945925375 ], [ 27.809330729129758, -26.818221995249022 ], [ 27.809222179160209, -26.818514243437694 ], [ 27.808980031303335, -26.819048640382515 ], [ 27.808787981979687, -26.819557986711811 ], [ 27.808737881647804, -26.81989198502713 ], [ 27.808729532341935, -26.820234332648397 ], [ 27.808762932263431, -26.820509882225331 ], [ 27.808846431617443, -26.820852229846611 ], [ 27.809005081019588, -26.821169527751628 ], [ 27.808723880102903, -26.821365034069167 ], [ 27.806379742331103, -26.82292754676892 ], [ 27.803923256752856, -26.824564946015514 ], [ 27.803922675790734, -26.824563966653766 ], [ 27.803888565404932, -26.824503326267628 ], [ 27.803903968992937, -26.824430097171334 ], [ 27.80396177831329, -26.82436463731824 ], [ 27.804069636704305, -26.824303003181157 ], [ 27.804138975333366, -26.824264481620641 ], [ 27.804169792401908, -26.824168178618617 ], [ 27.804162087909933, -26.82410269268523 ], [ 27.804127419045084, -26.824033354955446 ], [ 27.804069636704305, -26.823964017225755 ], [ 27.803965630109683, -26.823913940276238 ], [ 27.803823101954539, -26.823902383987956 ], [ 27.803722948055494, -26.823898532191567 ], [ 27.803638201341851, -26.823902383987956 ], [ 27.803557311820455, -26.823894629133953 ], [ 27.803457151626098, -26.823840749850785 ], [ 27.80344717184936, -26.823833396094432 ], [ 27.803383962100099, -26.823786820205683 ], [ 27.803322848670405, -26.823779181364209 ], [ 27.803322327963016, -26.823779115713698 ], [ 27.803256842029544, -26.823852306139067 ], [ 27.803175948910852, -26.823902392081841 ], [ 27.803172494614888, -26.823902729327628 ], [ 27.80309890578981, -26.823910087580561 ], [ 27.803018011771748, -26.823883123207612 ], [ 27.802940968650713, -26.823840749850785 ], [ 27.80284851924365, -26.823759855832815 ], [ 27.802806145886827, -26.823675109119076 ], [ 27.802717547376872, -26.82357110162517 ], [ 27.802717481726276, -26.823570563830561 ], [ 27.802705877773992, -26.823474841790585 ], [ 27.802705367858323, -26.823467534798947 ], [ 27.802700003402336, -26.823405002239195 ], [ 27.802639998836753, -26.823257999057478 ], [ 27.802632265566551, -26.823228616407654 ], [ 27.802629998375672, -26.823219998204436 ], [ 27.802625508060618, -26.823191560742096 ], [ 27.802609000105171, -26.823087000165003 ], [ 27.802589998329729, -26.822963998989451 ], [ 27.802495997592132, -26.822793000996263 ], [ 27.802425999759979, -26.822697998414021 ], [ 27.802379996739386, -26.82265999666161 ], [ 27.802359351003155, -26.822644613758033 ], [ 27.802329003380695, -26.822622002103799 ], [ 27.802312722953737, -26.822608310824933 ], [ 27.802285003150306, -26.822584998598916 ], [ 27.80218308028487, -26.822502063119813 ], [ 27.802114000660534, -26.822428996800859 ], [ 27.802038000753011, -26.822274000444843 ], [ 27.801968002920947, -26.822115996755947 ], [ 27.801966270826661, -26.822013955179958 ], [ 27.801966000130747, -26.821997997609589 ], [ 27.801966117941841, -26.821985366631456 ], [ 27.801967001975399, -26.821890997171923 ], [ 27.801940001629706, -26.821846996941439 ], [ 27.801865997317872, -26.821780998394463 ], [ 27.801809830159481, -26.821716187851834 ], [ 27.801774967940325, -26.821676132947285 ], [ 27.80172700259903, -26.821524998280108 ], [ 27.801704996188558, -26.82135700042528 ], [ 27.801661998702187, -26.82123399835044 ], [ 27.801544996903978, -26.821139002063433 ], [ 27.801450106736965, -26.821083058836219 ], [ 27.801427568827208, -26.821085385382286 ], [ 27.801356002577393, -26.821092999942021 ], [ 27.801240996374784, -26.821099000218748 ], [ 27.801071997574585, -26.821110997174888 ], [ 27.800905226394967, -26.821126909779192 ], [ 27.800904000619042, -26.821126997912685 ], [ 27.800846000642306, -26.821082997682293 ], [ 27.800810000780814, -26.821038001003018 ], [ 27.800739001103924, -26.820881000957527 ], [ 27.800678998336991, -26.820768002941065 ], [ 27.800682995823507, -26.820661999851477 ], [ 27.800709003317714, -26.82052900181214 ], [ 27.80071566999203, -26.820504318119891 ], [ 27.800718996584283, -26.82049199920645 ], [ 27.800722051581335, -26.820485550168083 ], [ 27.800727996999356, -26.820472999229658 ], [ 27.800744002233831, -26.820359002066397 ], [ 27.800739001103924, -26.820258998354241 ], [ 27.800709003317714, -26.820187996878694 ], [ 27.800639999236509, -26.8200879985624 ], [ 27.800543001957852, -26.820021001767888 ], [ 27.800416945785329, -26.819988250257666 ], [ 27.800415997899915, -26.819988002944129 ], [ 27.800310067655424, -26.820013024781353 ], [ 27.800161990683232, -26.820052966371378 ], [ 27.800161360258542, -26.820053074290037 ], [ 27.800057995779788, -26.820060998216523 ], [ 27.799971011552852, -26.820018979192625 ], [ 27.799970638334244, -26.820018752563506 ], [ 27.799843002952155, -26.819923998194088 ], [ 27.799811827953395, -26.819878967340554 ], [ 27.799807003090663, -26.819871996695433 ], [ 27.799811002375744, -26.819799001422844 ], [ 27.799856996403175, -26.819678998586994 ], [ 27.799884125352044, -26.819642007672574 ], [ 27.799923003044039, -26.819588997134574 ], [ 27.800040997693824, -26.819417999141471 ], [ 27.800087334362907, -26.819360824742304 ], [ 27.80008799356591, -26.819359992869511 ], [ 27.800088871304236, -26.8193588183549 ], [ 27.800129003550648, -26.81930299833482 ], [ 27.800125454825782, -26.819235592348779 ], [ 27.800124003320022, -26.819208002047713 ], [ 27.800107128441105, -26.819167927358023 ], [ 27.800100000414581, -26.819151000318513 ], [ 27.799997000161277, -26.819093998589217 ], [ 27.799894186967052, -26.819027398395864 ], [ 27.799838001822248, -26.818991001933302 ], [ 27.799827298990561, -26.818977875428711 ], [ 27.799785003874703, -26.818925999835116 ], [ 27.799819000046718, -26.818745996930272 ], [ 27.799861996633719, -26.818590002326811 ], [ 27.799946015795925, -26.818521017131385 ], [ 27.799962296222883, -26.818510797235607 ], [ 27.800036998408654, -26.818464001012888 ], [ 27.800075996609859, -26.818464278903498 ], [ 27.800177002166844, -26.818464999260428 ], [ 27.800313975209708, -26.818470000390331 ], [ 27.800319000621265, -26.818451996862247 ], [ 27.800340602336789, -26.818428734998168 ], [ 27.800344999122302, -26.818423999168306 ], [ 27.800356496954677, -26.818410343862347 ], [ 27.800392996839211, -26.818366997439096 ], [ 27.80038899755413, -26.818234000298954 ], [ 27.80037502928413, -26.818151465917484 ], [ 27.800374996009147, -26.81815100096799 ], [ 27.800404000044498, -26.818082002282647 ], [ 27.80042294336403, -26.818053154729405 ], [ 27.800448000274887, -26.818014998293624 ], [ 27.800492154289376, -26.817981112738195 ], [ 27.800534002442141, -26.817948997947983 ], [ 27.800633003410276, -26.817855997256576 ], [ 27.800655255335645, -26.81781148531196 ], [ 27.800664995892717, -26.817791998801862 ], [ 27.800670273114577, -26.817782544229097 ], [ 27.800688998798162, -26.817748995919537 ], [ 27.800682994024857, -26.817619850575785 ], [ 27.800681001127188, -26.817577000578197 ], [ 27.8006960090135, -26.817512384289159 ], [ 27.800717001888053, -26.817421997027658 ], [ 27.800748000619635, -26.81724100306997 ], [ 27.800750998059968, -26.817203001317566 ], [ 27.800758002879455, -26.817069998781559 ], [ 27.800749997114604, -26.816962000096275 ], [ 27.800721119883683, -26.816921014393351 ], [ 27.800718996584283, -26.816917999865879 ], [ 27.800716423623946, -26.816914595032582 ], [ 27.800685000412358, -26.8168730031866 ], [ 27.800651997091837, -26.816700002403305 ], [ 27.800618000020638, -26.81652599797653 ], [ 27.800579002718717, -26.816481000397975 ], [ 27.800504998406879, -26.816338999245545 ], [ 27.800504821240423, -26.816337840918777 ], [ 27.80050473220755, -26.816337577417375 ], [ 27.800472996031818, -26.816129998600658 ], [ 27.80044600378001, -26.815832001945392 ], [ 27.800437346905948, -26.815733501000405 ], [ 27.800432996885245, -26.815684002314985 ], [ 27.800428996700706, -26.815599001992474 ], [ 27.800426920166114, -26.815581055121637 ], [ 27.800418001589396, -26.815503999410137 ], [ 27.800445287020292, -26.815399154647398 ], [ 27.800455997945857, -26.815357998972615 ], [ 27.800498000782, -26.815292997773703 ], [ 27.800532214589964, -26.815270383421531 ], [ 27.800557001704195, -26.815253998673136 ], [ 27.800663022780199, -26.815211050649502 ], [ 27.800830994554648, -26.815200953061588 ], [ 27.800832750930581, -26.815200866726741 ], [ 27.800953001080064, -26.815195998696492 ], [ 27.801041999788378, -26.81516200162519 ], [ 27.8011460027857, -26.815094997636084 ], [ 27.80117090141588, -26.815027004392785 ], [ 27.801197998888416, -26.814953002778971 ], [ 27.801218997158916, -26.81478900061192 ], [ 27.801213003177516, -26.814652997937557 ], [ 27.801221000848393, -26.81456999860659 ], [ 27.801229378033298, -26.814562696111629 ], [ 27.801259998150314, -26.814536002434668 ], [ 27.801353762366176, -26.814504216796287 ], [ 27.801437003614733, -26.814475999667739 ], [ 27.801634999255683, -26.814405997339001 ], [ 27.801704003336976, -26.814349001905036 ], [ 27.801725307376934, -26.814327117802321 ], [ 27.80174099605005, -26.814311001051902 ], [ 27.801771995680998, -26.814273000198856 ], [ 27.801820791096528, -26.814178512028768 ], [ 27.801834996787552, -26.81415100266678 ], [ 27.801841274055501, -26.814109103252623 ], [ 27.801843642869716, -26.814056992036654 ], [ 27.801844469346733, -26.814038822134005 ], [ 27.801834330389951, -26.814027123752897 ], [ 27.801802939553973, -26.813990903557432 ], [ 27.801769634960579, -26.813939433558058 ], [ 27.80176779944431, -26.813936597096415 ], [ 27.801764090640198, -26.813921299628412 ], [ 27.801742243409773, -26.813831175868131 ], [ 27.801719880867733, -26.813741729297451 ], [ 27.801553002668832, -26.813449997319594 ], [ 27.801531998103101, -26.813371002669751 ], [ 27.801525002276961, -26.813295999211107 ], [ 27.801546757776585, -26.813238976797464 ], [ 27.801553998218338, -26.813220002900874 ], [ 27.801571233725316, -26.813190619351687 ], [ 27.8015979957508, -26.813144997643583 ], [ 27.801685000662165, -26.813072002371094 ], [ 27.801744334333474, -26.813022895790066 ], [ 27.801771995680998, -26.813000002648106 ], [ 27.801791508271386, -26.812960309270906 ], [ 27.80180099971626, -26.812940999927267 ], [ 27.801818999646965, -26.812877002371835 ], [ 27.80180809896456, -26.812771339226039 ], [ 27.801806000846174, -26.812751001057919 ], [ 27.801779001399673, -26.812599003041612 ], [ 27.801774393273526, -26.812595514571385 ], [ 27.80174199879416, -26.81257099725379 ], [ 27.801714998448286, -26.812542998660568 ], [ 27.801669014313475, -26.812466990659161 ], [ 27.80152799881802, -26.812316002581476 ], [ 27.801437997365593, -26.812218000760243 ], [ 27.801414002554122, -26.812097002374887 ], [ 27.801419998334175, -26.811822002283652 ], [ 27.801423574038619, -26.811752063806775 ], [ 27.801436001769996, -26.811509002238743 ], [ 27.801436001769996, -26.811251999380382 ], [ 27.801440001055074, -26.81107300011892 ], [ 27.801420999279632, -26.810971000811076 ], [ 27.801413000709385, -26.810875998228834 ], [ 27.801401996604735, -26.810762001964843 ], [ 27.801379003638004, -26.810666999382605 ], [ 27.801375796655591, -26.810646796112785 ], [ 27.80136900227755, -26.810603998275958 ], [ 27.80126800841175, -26.810415995002298 ], [ 27.801267617206637, -26.810415271947349 ], [ 27.801167000156834, -26.810226999776248 ], [ 27.801149000226129, -26.810131997193999 ], [ 27.801157999741751, -26.809984002959446 ], [ 27.80120707394725, -26.809911924096127 ], [ 27.801222001793853, -26.809889997725275 ], [ 27.801275167914518, -26.809859323648926 ], [ 27.801325996697297, -26.809829996756992 ], [ 27.801366679328698, -26.809819343388046 ], [ 27.801410003268952, -26.80980799664184 ], [ 27.801412596913718, -26.809806858100131 ], [ 27.801495003591469, -26.809771996780349 ], [ 27.801603998725451, -26.809689000147312 ], [ 27.801718003083231, -26.809501002269513 ], [ 27.801744126590055, -26.809433816617453 ], [ 27.801780996095992, -26.809339001993383 ], [ 27.801813004766281, -26.8092160017172 ], [ 27.801813121678098, -26.809215544861583 ], [ 27.801846000892116, -26.809092001394827 ], [ 27.801862953112717, -26.809062126815757 ], [ 27.801866998263247, -26.809054997889948 ], [ 27.801870144991099, -26.809049305181428 ], [ 27.801888003728259, -26.80901699703691 ], [ 27.801893655967376, -26.808994942962347 ], [ 27.801897997894194, -26.808977997936335 ], [ 27.801909001998759, -26.808902999873641 ], [ 27.801932325016676, -26.808698467960017 ], [ 27.801935031976043, -26.808675002849185 ], [ 27.801935171370939, -26.808673856213602 ], [ 27.801966000130747, -26.808427999552613 ], [ 27.801975095873839, -26.80838871896432 ], [ 27.801987999346622, -26.808332996970368 ], [ 27.802007619855662, -26.808284896730758 ], [ 27.802018998977481, -26.808257001559518 ], [ 27.802019088010439, -26.808256204760092 ], [ 27.802044998377895, -26.807999998701053 ], [ 27.802045822156892, -26.807775274309513 ], [ 27.802045999323351, -26.807727002299387 ], [ 27.802045822156892, -26.807726261258033 ], [ 27.802045781687401, -26.807725915019084 ], [ 27.802030002182764, -26.807659997410997 ], [ 27.802008996717749, -26.807658001815401 ], [ 27.801945001860251, -26.807607996811708 ], [ 27.801882045719772, -26.807546949032609 ], [ 27.801881763332588, -26.807546636967835 ], [ 27.801776996810823, -26.807413003107676 ], [ 27.801688999047968, -26.80729000193212 ], [ 27.801563998679509, -26.807233997550988 ], [ 27.80139100059414, -26.8071560002493 ], [ 27.801308997711967, -26.80708200043405 ], [ 27.801250998634604, -26.80698899884327 ], [ 27.801232997804533, -26.806934997252423 ], [ 27.801238679721159, -26.806843652212891 ], [ 27.801245003753838, -26.806741998244721 ], [ 27.801252262182093, -26.806681501749967 ], [ 27.801277998980389, -26.806466999052855 ], [ 27.801331999671948, -26.806342999629859 ], [ 27.801366012931094, -26.806289007931454 ], [ 27.80139100059414, -26.806140000160976 ], [ 27.801433998080423, -26.805912997786656 ], [ 27.801462001170318, -26.80584000071552 ], [ 27.801462089303907, -26.805839531269434 ], [ 27.801467001400855, -26.805788000116227 ], [ 27.801450998864407, -26.805725997257017 ], [ 27.801453497181068, -26.805651476734379 ], [ 27.801468004144965, -26.805219001755617 ], [ 27.801424998564713, -26.805098998919771 ], [ 27.801381283419431, -26.804997299985512 ], [ 27.801379003638004, -26.804991999381386 ], [ 27.801378680781418, -26.804991697209143 ], [ 27.801331999671948, -26.804948000050263 ], [ 27.801261000894335, -26.804860996937563 ], [ 27.801210363667217, -26.804783870179602 ], [ 27.801196004192096, -26.804761997768072 ], [ 27.801168217838875, -26.804715886828827 ], [ 27.801102002555311, -26.804606002265249 ], [ 27.801040998842915, -26.804516001712187 ], [ 27.800948712213199, -26.804386800610466 ], [ 27.800905996214638, -26.804327000191005 ], [ 27.800893588268416, -26.804309103682279 ], [ 27.80085399921256, -26.804252002128216 ], [ 27.800798094656287, -26.804180228135074 ], [ 27.800780002095323, -26.8041569986467 ], [ 27.800717073833791, -26.804072346361767 ], [ 27.800696003617553, -26.804044000630242 ], [ 27.800624995846775, -26.803931999062581 ], [ 27.800566996769412, -26.803838000123726 ], [ 27.80045999723103, -26.803695998971282 ], [ 27.800311438222199, -26.803435134423989 ], [ 27.80029200027548, -26.803401000655729 ], [ 27.800204001613345, -26.80323699938814 ], [ 27.800203688649294, -26.803236691819944 ], [ 27.800102004104065, -26.803137001071853 ], [ 27.799976001890865, -26.80300899876638 ], [ 27.79987099794808, -26.802904997567712 ], [ 27.7997800027448, -26.802835998882372 ], [ 27.799607998410288, -26.802767000197019 ], [ 27.79943600216966, -26.80269700326415 ], [ 27.799324000602084, -26.802620003310537 ], [ 27.799222003092893, -26.802522998837361 ], [ 27.799195001847739, -26.802465997108168 ], [ 27.799177834689203, -26.802419417622122 ], [ 27.799173996382727, -26.802409001674189 ], [ 27.799165841330449, -26.802351109616115 ], [ 27.799133002585926, -26.802118001744528 ], [ 27.799087674956187, -26.801887025266048 ], [ 27.788473128831722, -26.808731079176052 ], [ 27.775274277385876, -26.817403792950749 ], [ 27.768518447867926, -26.821729659696185 ], [ 27.769258499080415, -26.82332801757406 ], [ 27.769834518448175, -26.824562072681587 ], [ 27.772626877428308, -26.830581665011874 ], [ 27.773332596122369, -26.832098007417198 ], [ 27.774801253774751, -26.835315704356319 ], [ 27.774800325674398, -26.835315830261472 ], [ 27.774759293206664, -26.835321425843155 ], [ 27.770978928234847, -26.835752487087728 ], [ 27.75623512335217, -26.83743667626171 ], [ 27.75616027637555, -26.837444655946186 ], [ 27.750295639032412, -26.838069915893996 ], [ 27.745183944683184, -26.838697433140162 ], [ 27.743997574328517, -26.838832854852498 ], [ 27.743996280204065, -26.838832997844687 ], [ 27.743995727120975, -26.838833106662626 ], [ 27.732873916597846, -26.840097426655053 ], [ 27.723237991140198, -26.840997695687172 ], [ 27.722936630121218, -26.841030120743589 ], [ 27.722616196280335, -26.841056824313078 ], [ 27.72041511456575, -26.841222762720456 ], [ 27.71792793332736, -26.842218398560352 ], [ 27.713693619364875, -26.843961716360166 ], [ 27.712037757936013, -26.844247464249154 ], [ 27.712037078048578, -26.844247581161063 ], [ 27.712036719219078, -26.844247129701298 ], [ 27.710459999029641, -26.842270002558678 ], [ 27.703339997142983, -26.839030004231439 ], [ 27.692479997253919, -26.834280004618606 ], [ 27.680805044317136, -26.829118122703274 ], [ 27.680471060390936, -26.82897045762062 ], [ 27.680469998291549, -26.828969988174535 ], [ 27.680471060390936, -26.828968444038523 ], [ 27.687239999326351, -26.819129988558178 ], [ 27.689379025121774, -26.815931642331556 ], [ 27.690389998899178, -26.814419998883896 ], [ 27.691848559863011, -26.812234928699102 ], [ 27.694075998908044, -26.808898001441655 ], [ 27.701369999825445, -26.770599997991571 ], [ 27.702060003766011, -26.766949993347538 ], [ 27.702062405855202, -26.766949764919769 ], [ 27.705960003751013, -26.766580004163981 ], [ 27.707830001852983, -26.766519998699028 ], [ 27.709849989785017, -26.76558999897939 ], [ 27.712210003288842, -26.764500002673117 ], [ 27.712916810162493, -26.764292445440027 ], [ 27.71347000024015, -26.7641299982009 ], [ 27.713471828561911, -26.764129795853513 ], [ 27.716099997416812, -26.763840002813907 ], [ 27.716100007309347, -26.763839900291302 ], [ 27.716293002719755, -26.761750003559886 ], [ 27.716297997554431, -26.761710002614663 ], [ 27.716306000621262, -26.761677000193515 ], [ 27.717060000318611, -26.761670001669351 ], [ 27.71767000236855, -26.761659995812227 ], [ 27.718185115150845, -26.761683063422726 ], [ 27.718185554019968, -26.761683083207792 ], [ 27.718340000890194, -26.761689998994306 ], [ 27.718484006631389, -26.761710281404454 ], [ 27.719050000357143, -26.761789997310601 ], [ 27.719630001023571, -26.761730001738268 ], [ 27.720089997055595, -26.761630001623413 ], [ 27.720336279095868, -26.761583819637618 ], [ 27.720410002819257, -26.761569996158457 ], [ 27.721329996681867, -26.761400002708033 ], [ 27.721621317669463, -26.761297185017138 ], [ 27.721840001314877, -26.761220004299854 ], [ 27.721968100747095, -26.761174250391459 ], [ 27.722259997300867, -26.761069991087339 ], [ 27.722699999605148, -26.760870004347279 ], [ 27.72270002568553, -26.760869991756817 ], [ 27.723039991901953, -26.760690003241081 ], [ 27.723629998425505, -26.760510003933621 ], [ 27.724199998630937, -26.760369996578135 ], [ 27.724869998051862, -26.760290003680762 ], [ 27.724932243727942, -26.760286340742102 ], [ 27.725210000241201, -26.76026999916121 ], [ 27.725799997771496, -26.760310000106521 ], [ 27.726490000812777, -26.76041000022137 ], [ 27.726490046678133, -26.760410012811924 ], [ 27.727010003208942, -26.760570001304608 ], [ 27.727640001684641, -26.760729996092515 ], [ 27.72825000373458, -26.76084999802908 ], [ 27.728759999374347, -26.761030006329786 ], [ 27.729919998009361, -26.761479997404049 ], [ 27.730610001050554, -26.761760002222413 ], [ 27.731159997635629, -26.76191999701032 ], [ 27.731550000332078, -26.762089991360117 ], [ 27.73203999864689, -26.76235999841532 ], [ 27.732539997422787, -26.762690001942129 ], [ 27.732979997928418, -26.763009999611914 ], [ 27.733710001914922, -26.763530002907363 ], [ 27.734399996862233, -26.764039999446492 ], [ 27.734468896622175, -26.764098565096774 ], [ 27.734799997321833, -26.764380000736548 ], [ 27.735220001401792, -26.764770003432993 ], [ 27.735609045420926, -26.76525879665623 ], [ 27.735610003198961, -26.765260001747812 ], [ 27.735970001813968, -26.765660002207415 ], [ 27.736370002273656, -26.766219996555634 ], [ 27.736910000196211, -26.76690000183368 ], [ 27.737309999756533, -26.767430001993091 ], [ 27.737489735562772, -26.76766965243257 ], [ 27.737489999064081, -26.767669998671614 ], [ 27.737492867002146, -26.767673345048919 ], [ 27.737849997679088, -26.768090002751489 ], [ 27.738159997585633, -26.768349995855687 ], [ 27.738450001965877, -26.768479997354056 ], [ 27.738450378781877, -26.768480017139208 ], [ 27.738550130683816, -26.768485411272792 ], [ 27.738819999243404, -26.768500000974321 ], [ 27.739229996566962, -26.768580002864944 ], [ 27.739462236592839, -26.768550354015701 ], [ 27.739700008348546, -26.768519998299361 ], [ 27.739700967925231, -26.768520511812248 ], [ 27.739979997878507, -26.768670003418002 ], [ 27.740350003249915, -26.768980003324554 ], [ 27.740729998290593, -26.769229997766328 ], [ 27.741489997365377, -26.769970000415253 ], [ 27.742000001099026, -26.770599997991578 ], [ 27.742250003634588, -26.771009996214421 ], [ 27.742610003149053, -26.771690000593189 ], [ 27.743290000333122, -26.772949998443778 ], [ 27.74369998956271, -26.773820000792512 ], [ 27.74403000298215, -26.774459997031361 ], [ 27.744560011235436, -26.775680001131235 ], [ 27.744859748978147, -26.776319477561895 ], [ 27.744859995392328, -26.776319999168742 ], [ 27.744976123049508, -26.776546539291402 ], [ 27.745469999240914, -26.777509999187185 ], [ 27.745651092124096, -26.777930772187446 ], [ 27.746150000921659, -26.779090003700809 ], [ 27.746470002188744, -26.77948000279995 ], [ 27.746496962065034, -26.779527183932466 ], [ 27.746589996031343, -26.779689997195689 ], [ 27.746865996168662, -26.780528999913471 ], [ 27.747089993907956, -26.781200003877156 ], [ 27.747180001655611, -26.781649994951341 ], [ 27.747310002254697, -26.782150000921924 ], [ 27.747320000917128, -26.782320001566951 ], [ 27.747320000917128, -26.782529995962594 ], [ 27.747279999971902, -26.782980003224626 ], [ 27.747249996789744, -26.783369996927913 ], [ 27.747190000318128, -26.783809997433462 ], [ 27.747200616814876, -26.784048996763925 ], [ 27.747209988649921, -26.784259987608444 ], [ 27.747231337655947, -26.784343954609888 ], [ 27.747360000963159, -26.78485000222588 ], [ 27.74746999794197, -26.785409995674911 ], [ 27.747559996696378, -26.78562999682697 ], [ 27.747660003106549, -26.785889998025137 ], [ 27.747909998447515, -26.786199997931682 ], [ 27.748229996117299, -26.786559997445963 ], [ 27.748870001349395, -26.787200000879416 ], [ 27.749540007964832, -26.787820000692506 ], [ 27.74974203796458, -26.787990954618902 ], [ 27.74980000106903, -26.788040001844745 ], [ 27.749821626167012, -26.788044991283467 ], [ 27.749930000768835, -26.78806999603356 ], [ 27.750209999291958, -26.788210003389054 ], [ 27.751220000902222, -26.788740002649082 ], [ 27.751653258291121, -26.788917562995241 ], [ 27.751830002052792, -26.788989997990129 ], [ 27.751912024720024, -26.789055197039758 ], [ 27.752219995756079, -26.789299997896684 ], [ 27.752779999097555, -26.78964000098539 ], [ 27.75396000225221, -26.790579999367541 ], [ 27.75446999789197, -26.790999995353612 ], [ 27.754750002710328, -26.791360002062511 ], [ 27.755239492908213, -26.791799544813237 ], [ 27.755239999226486, -26.791800006165438 ], [ 27.755289121995276, -26.791857542991316 ], [ 27.756289997285389, -26.793029997236655 ], [ 27.756610003049147, -26.793400001708786 ], [ 27.756970001664154, -26.793909998247912 ], [ 27.75740995900227, -26.794504758587827 ], [ 27.757510001385356, -26.794640002234416 ], [ 27.757565294402724, -26.794696827696534 ], [ 27.757870008094333, -26.795009998612667 ], [ 27.758570001704079, -26.795920002805907 ], [ 27.758686894684349, -26.796050381120278 ], [ 27.758830002902158, -26.79620999909227 ], [ 27.758845547683713, -26.796225543873817 ], [ 27.758970001264398, -26.796349996555232 ], [ 27.759278150366274, -26.796587035363448 ], [ 27.759360003061566, -26.796649998698623 ], [ 27.759440530156247, -26.796714868596428 ], [ 27.759720001676573, -26.796940003078777 ], [ 27.760239995978942, -26.797210002040007 ], [ 27.760859995792039, -26.797400000010079 ], [ 27.761360001762529, -26.797610001600415 ], [ 27.762259999199461, -26.797889999224171 ], [ 27.763624259951563, -26.798220731201884 ], [ 27.76390998985406, -26.798289998784494 ], [ 27.763999610893272, -26.7983212304405 ], [ 27.764569997807058, -26.798519997699863 ], [ 27.764959999604141, -26.798609997353548 ], [ 27.765440001055087, -26.798730000189483 ], [ 27.765909988555023, -26.798859999889206 ], [ 27.767629997726115, -26.799169999795748 ], [ 27.768209996593981, -26.799290009826201 ], [ 27.769809995734629, -26.799290009826191 ], [ 27.769811628004149, -26.799289693264843 ], [ 27.770170003342884, -26.799219999403579 ], [ 27.770272106971994, -26.799179887841593 ], [ 27.77045000096664, -26.799110003324135 ], [ 27.770630281761999, -26.798963107161793 ], [ 27.770719999927962, -26.798890003071278 ], [ 27.771250000087367, -26.79819999913072 ], [ 27.771436168744035, -26.797939363011274 ], [ 27.771600000939134, -26.797709999916627 ], [ 27.771889997225497, -26.79735999906476 ], [ 27.772050000107285, -26.797099997866678 ], [ 27.772220000752313, -26.796749997014825 ], [ 27.772509997038675, -26.795809998632585 ], [ 27.77258999802984, -26.795410007166151 ], [ 27.772645273060796, -26.795032271222375 ], [ 27.772649996300192, -26.79499999275555 ], [ 27.772665309955961, -26.794780515008817 ], [ 27.772665327942462, -26.794780253306154 ], [ 27.772679997683614, -26.794569999006402 ], [ 27.772669999920463, -26.794079998892943 ], [ 27.772630690553768, -26.793639722295449 ], [ 27.772620001212001, -26.79351999555147 ], [ 27.772594705980847, -26.793435682310978 ], [ 27.772530000658858, -26.793220002401231 ], [ 27.772440008199684, -26.792829999704782 ], [ 27.772270000360145, -26.792439998806984 ], [ 27.77192345920011, -26.791844662001623 ], [ 27.771879998562977, -26.791770000285346 ], [ 27.77187920266292, -26.791769021822965 ], [ 27.771399997112034, -26.791180002754963 ], [ 27.770920003755062, -26.790700001304106 ], [ 27.77045000096664, -26.790080000591644 ], [ 27.770069996932712, -26.789619995566376 ], [ 27.769809995734629, -26.789249999188218 ], [ 27.768870000949683, -26.787979992782489 ], [ 27.768869425383599, -26.787979111446951 ], [ 27.768559998345118, -26.787500003022817 ], [ 27.768240007869935, -26.786980000626649 ], [ 27.7679600021523, -26.78650999783823 ], [ 27.767799999270427, -26.786069997332589 ], [ 27.76764276090454, -26.785478048273404 ], [ 27.767629997726115, -26.785430001093754 ], [ 27.767299994199298, -26.784180001905597 ], [ 27.767170000794813, -26.783459996581698 ], [ 27.767070003377889, -26.78294000227941 ], [ 27.766929996022402, -26.781790002306828 ], [ 27.766900001833491, -26.781059998320419 ], [ 27.766950001441323, -26.780590002726505 ], [ 27.767008386327849, -26.78033894168885 ], [ 27.767049998858248, -26.780159999984114 ], [ 27.767074744603612, -26.780048644129714 ], [ 27.767170000794813, -26.779620002061552 ], [ 27.767313427372628, -26.779223472085679 ], [ 27.767340002339122, -26.779149999273137 ], [ 27.767378737938294, -26.779027591650166 ], [ 27.767589996780803, -26.778359997016363 ], [ 27.767719998279169, -26.777999998401352 ], [ 27.767880001161046, -26.777479996005109 ], [ 27.768059999569225, -26.776780002395274 ], [ 27.768410001320362, -26.775720002076554 ], [ 27.76851999739981, -26.775280008765435 ], [ 27.76851999739981, -26.77478000369431 ], [ 27.768599999290437, -26.77377001017793 ], [ 27.768621447221953, -26.773148071426409 ], [ 27.768630000673856, -26.772899998835946 ], [ 27.768630000673856, -26.771969999116219 ], [ 27.768610436822073, -26.771471224317605 ], [ 27.768609999751604, -26.771460001677809 ], [ 27.768610033925867, -26.771459580795103 ], [ 27.768640000235656, -26.771129999050267 ], [ 27.768670001619167, -26.770710002165 ], [ 27.768662701822134, -26.770425241731633 ], [ 27.768660003856017, -26.770320001267116 ], [ 27.76864485297742, -26.770261081283905 ], [ 27.768389996800813, -26.769269997812266 ], [ 27.768249998438577, -26.76877000083493 ], [ 27.768145139286638, -26.76850783856597 ], [ 27.768130003696612, -26.768469998691536 ], [ 27.768103828928393, -26.768339131146025 ], [ 27.768059999569228, -26.768119997839683 ], [ 27.768019229703519, -26.767839132370128 ], [ 27.767970000814824, -26.767499998026587 ], [ 27.767951610578198, -26.767263986244028 ], [ 27.767910003443752, -26.766730001188655 ], [ 27.767979998577974, -26.765949997594408 ], [ 27.768150000122283, -26.765210003039265 ], [ 27.76839441786797, -26.764686246872916 ], [ 27.768500000974139, -26.764459995432485 ], [ 27.768814877004811, -26.763741257253294 ], [ 27.768959997905529, -26.76341000007152 ], [ 27.76906059517027, -26.763165698338366 ], [ 27.769240002723883, -26.762730002887448 ], [ 27.76937000422225, -26.762300001044334 ], [ 27.769407503253596, -26.762123752809043 ], [ 27.769470001639174, -26.761829998255916 ], [ 27.769460003875935, -26.761490003261091 ], [ 27.769510001685116, -26.760849998029077 ], [ 27.769510259790565, -26.760848996184336 ], [ 27.769710006411586, -26.760070003427998 ], [ 27.769789992114358, -26.759890004120447 ], [ 27.769992473573691, -26.759638936787571 ], [ 27.770040002743801, -26.759580004213898 ], [ 27.770082643199324, -26.759515189174692 ], [ 27.770289998084852, -26.759200000179977 ], [ 27.77045000096664, -26.758999996352877 ], [ 27.770649360879219, -26.758806336343419 ], [ 27.770800001818497, -26.758660002257422 ], [ 27.771132572909785, -26.758442548884599 ], [ 27.771579997318863, -26.7581499976244 ], [ 27.772470000589948, -26.757580001915638 ], [ 27.772470425969324, -26.757579729421074 ], [ 27.773770001184499, -26.756729995093284 ], [ 27.774239988684439, -26.756459998829989 ], [ 27.775559998295211, -26.755680004228907 ], [ 27.775847480077058, -26.755512609819192 ], [ 27.777139992916219, -26.754760002272327 ], [ 27.778119304262368, -26.754099171439695 ], [ 27.778370002873217, -26.753929999969614 ], [ 27.778453021089963, -26.75387603884818 ], [ 27.778570006700317, -26.753799999370536 ], [ 27.778630880011065, -26.753742169365747 ], [ 27.778770003332905, -26.753610002299833 ], [ 27.779270000310149, -26.753179998658069 ], [ 27.779610007895435, -26.752870003248109 ], [ 27.779702954627524, -26.752764814044987 ], [ 27.779705339629587, -26.752762115179589 ], [ 27.779989998439532, -26.752439996908414 ], [ 27.780500002173266, -26.752109999676833 ], [ 27.780969997767091, -26.751790002007048 ], [ 27.781740001799538, -26.751250004084497 ], [ 27.782050002605452, -26.751069995783784 ], [ 27.782178670409152, -26.750977619221832 ], [ 27.78243999630865, -26.750789999059311 ], [ 27.782800003017627, -26.750609998852482 ], [ 27.782998449218962, -26.750567707333929 ], [ 27.783409996973685, -26.750479999152763 ], [ 27.783981317383777, -26.750419408229206 ], [ 27.784069997732086, -26.750410003119264 ], [ 27.784070970798602, -26.750410040890738 ], [ 27.784850001326422, -26.750439998207455 ], [ 27.785160001232967, -26.750449999567902 ], [ 27.785310658360096, -26.750407815968 ], [ 27.785410003768618, -26.750380000836476 ], [ 27.785820001991461, -26.750349997654311 ], [ 27.786339996293741, -26.750309996709088 ], [ 27.78694999834368, -26.750169998346855 ], [ 27.787340000140762, -26.749999996802547 ], [ 27.787444722595737, -26.749978331235067 ], [ 27.787920007102507, -26.749880002959856 ], [ 27.788570001104599, -26.749769998786444 ], [ 27.789159998634897, -26.749689996895913 ], [ 27.78973999840213, -26.749599998141512 ], [ 27.790210001190463, -26.749559997196194 ], [ 27.791130003147043, -26.749570003053314 ], [ 27.791699996157789, -26.749599998141509 ], [ 27.792098051383903, -26.749612247807057 ], [ 27.792349999153036, -26.749620001761777 ], [ 27.79235267373679, -26.74962044692613 ], [ 27.792950003439827, -26.749720008171955 ], [ 27.793429987803549, -26.749880002959859 ], [ 27.793859489623614, -26.749959905025712 ], [ 27.793859997740626, -26.749959997655882 ], [ 27.794439998407142, -26.750040003143717 ], [ 27.794486925930791, -26.750041579655271 ], [ 27.795329997181561, -26.750070000929938 ], [ 27.797000000449586, -26.750060002267322 ], [ 27.797384905788654, -26.74999584822995 ], [ 27.797600002937724, -26.749959996756516 ], [ 27.798199999130542, -26.749869997102742 ], [ 27.798386624642919, -26.749867819844102 ], [ 27.799057002678406, -26.749859999339588 ], [ 27.800499999974903, -26.749940000330835 ], [ 27.801659997710637, -26.750070000929927 ], [ 27.802379995840024, -26.750169999246133 ], [ 27.803039996598514, -26.750309996709092 ], [ 27.803839996618432, -26.750569997907181 ], [ 27.803842538102522, -26.750570345944769 ], [ 27.805000003347413, -26.750730000788966 ], [ 27.805750003759588, -26.750730000788963 ], [ 27.806359997715649, -26.750770001734278 ], [ 27.806820002740832, -26.750919998759031 ], [ 27.807163198422749, -26.750934607346348 ], [ 27.807289998334657, -26.750940004177949 ], [ 27.807980001375846, -26.750940004177952 ], [ 27.809779996249713, -26.750900003232641 ], [ 27.809997600708606, -26.750871203343412 ], [ 27.810460008722352, -26.750810002679582 ], [ 27.811049999058142, -26.750770001734271 ], [ 27.811920002306163, -26.750630004271319 ], [ 27.812440003803047, -26.750600001089243 ], [ 27.813560002392119, -26.750479999152777 ], [ 27.814754885729283, -26.75045304377306 ], [ 27.814890001672161, -26.750449995970609 ], [ 27.815709998117839, -26.750349997654311 ], [ 27.816351933295032, -26.750274073289916 ], [ 27.816639997837562, -26.75024000157487 ], [ 27.817460002377125, -26.750159999684339 ], [ 27.818210001890023, -26.750049991913709 ], [ 27.818212509199846, -26.750049583621461 ], [ 27.818939997782554, -26.749930001668329 ], [ 27.819490510578525, -26.749883350236455 ], [ 27.819530005205561, -26.749880004758513 ], [ 27.820440000405643, -26.749750002360781 ], [ 27.820849997729113, -26.749670001369523 ], [ 27.821119996690435, -26.749580000816469 ], [ 27.82136485420461, -26.749550619965213 ], [ 27.821620002660929, -26.74952000434477 ], [ 27.82229000208185, -26.749559997196194 ], [ 27.822849997329449, -26.749610003998544 ], [ 27.823790002906293, -26.749769998786448 ], [ 27.824260005694626, -26.749949998093996 ], [ 27.824447740071115, -26.749992239250528 ], [ 27.824659998060344, -26.750039997747773 ], [ 27.824699783168352, -26.750045924280101 ], [ 27.825130000848766, -26.75011000097588 ], [ 27.825490000363143, -26.750179997009287 ], [ 27.82595696614101, -26.750195309765768 ], [ 27.826100002413082, -26.750200000629651 ], [ 27.826143412688278, -26.750203561045605 ], [ 27.826221999045966, -26.750210007386048 ], [ 27.826223331841174, -26.750210114405334 ], [ 27.82672000222626, -26.750249992143509 ], [ 27.827120001786579, -26.750349997654311 ], [ 27.827669998371654, -26.750540003718264 ], [ 27.828339996893295, -26.750730000788959 ], [ 27.829199994284195, -26.751019997075328 ], [ 27.829460002676882, -26.751130001248651 ], [ 27.829820002191259, -26.751149997674325 ], [ 27.830099999815101, -26.751139999011798 ], [ 27.830559996746402, -26.751139999011802 ], [ 27.831240002024355, -26.751069995783784 ], [ 27.832350001051626, -26.750929997421554 ], [ 27.832960003101654, -26.750820001342106 ], [ 27.833850002775346, -26.75068000297987 ], [ 27.834309999706647, -26.75051000143548 ], [ 27.835209997143583, -26.75024000157487 ], [ 27.835890002421625, -26.750020002221383 ], [ 27.836630005070646, -26.749800001069328 ], [ 27.838100002712924, -26.749350002800455 ], [ 27.838850004024383, -26.749050000657068 ], [ 27.839809998832298, -26.748550002780448 ], [ 27.840820000442559, -26.748169999645796 ], [ 27.842019991929, -26.747660004006033 ], [ 27.842519997000217, -26.747429996996868 ], [ 27.843150003569708, -26.747199998980857 ], [ 27.843589995981457, -26.747029998335826 ], [ 27.845340000240736, -26.746420004379775 ], [ 27.845820001691678, -26.746250010029978 ], [ 27.845860999985153, -26.746238998730906 ], [ 27.846634781170145, -26.746752508021903 ], [ 27.846320737012359, -26.749225355865651 ], [ 27.846274732193113, -26.749454341244924 ], [ 27.847670765093685, -26.749982322426369 ] ] ] } },
{ "type": "Feature", "properties": { "Municipali": "Metsimaholo Local Municipality", "WardNo": "15", "WardLabel": "FS204_15", "Province": "Free State", "CLASSIFICATION": "Manufacturing", "PopGBlack": 1622.6355359, "PopGColour": 56.0004964, "PopGIndian": 72.14886, "PopGWhite": 2939.680872, "PopGOther": 16.6634809, "PopGTotal": 4707.1292452999996 }, "geometry": { "type": "Polygon", "coordinates": [ [ [ 27.812766999996988, -26.820360995863339 ], [ 27.813474996673651, -26.82248900136635 ], [ 27.816242001067444, -26.822098998669901 ], [ 27.81688000171069, -26.8227370011118 ], [ 27.816985025438452, -26.822720691906433 ], [ 27.817180073101806, -26.822936271092146 ], [ 27.817254038742796, -26.82349385975396 ], [ 27.815934032729409, -26.824728521004531 ], [ 27.815266641342365, -26.825374101133971 ], [ 27.815111591027026, -26.825721412113509 ], [ 27.81503096590631, -26.825981895348317 ], [ 27.815034986775192, -26.826093711655552 ], [ 27.814472000382491, -26.826070996579332 ], [ 27.814189002620285, -26.825908001653058 ], [ 27.813752567926571, -26.82562253255395 ], [ 27.813737937755537, -26.825613012330759 ], [ 27.81306325376606, -26.825023968081737 ], [ 27.811391995943797, -26.823564999725029 ], [ 27.809468000747565, -26.821738002706738 ], [ 27.809213828954974, -26.821461775940296 ], [ 27.809005633203313, -26.821170300269234 ], [ 27.809005081019588, -26.821169527751628 ], [ 27.808846431617443, -26.820852229846611 ], [ 27.808762932263431, -26.820509882225331 ], [ 27.808729532341935, -26.820234332648397 ], [ 27.808737881647804, -26.81989198502713 ], [ 27.808787981979687, -26.819557986711811 ], [ 27.808980031303335, -26.819048640382515 ], [ 27.809222179160209, -26.818514243437694 ], [ 27.809330729129758, -26.818221995249022 ], [ 27.809439278200021, -26.818029945925375 ], [ 27.809622977318515, -26.817779446963982 ], [ 27.809756576105038, -26.817579048334554 ], [ 27.809781625821294, -26.817311849862055 ], [ 27.809781625821294, -26.817194950586547 ], [ 27.809748225899803, -26.816977852446019 ], [ 27.809606276908038, -26.816652204335856 ], [ 27.809481028326665, -26.816134506902038 ], [ 27.809339079334904, -26.815391361122455 ], [ 27.809247228876469, -26.814948813736876 ], [ 27.809213828954974, -26.814706664980722 ], [ 27.809197129443863, -26.814255767389813 ], [ 27.809222179160209, -26.813946818790747 ], [ 27.809355778846012, -26.812343627956178 ], [ 27.809405878278618, -26.811475232695948 ], [ 27.809422577789636, -26.811166284996162 ], [ 27.809522777554033, -26.81085733729638 ], [ 27.809664727445071, -26.810473238649188 ], [ 27.809898525096798, -26.810064092084293 ], [ 27.810274272639486, -26.80938774524833 ], [ 27.810441272246869, -26.809062097138167 ], [ 27.810783619868054, -26.808477600760728 ], [ 27.811025768624212, -26.808018352964677 ], [ 27.811151018104955, -26.80771775457076 ], [ 27.811217817947856, -26.807509005736101 ], [ 27.811426566782607, -26.806891110336547 ], [ 27.811668714639396, -26.806406812824225 ], [ 27.811902514089688, -26.805980964949665 ], [ 27.812269912326496, -26.805488318131481 ], [ 27.812578860026278, -26.805112569689438 ], [ 27.812962957774197, -26.804678371609633 ], [ 27.813138306687449, -26.804511372901615 ], [ 27.813198997435702, -26.804440000905391 ], [ 27.816545999797992, -26.804374003257681 ], [ 27.818926003432249, -26.806895001703069 ], [ 27.81895599672179, -26.806926998682172 ], [ 27.819332999718078, -26.807329991186254 ], [ 27.82040252925324, -26.808308039884199 ], [ 27.820865102742172, -26.808833691821459 ], [ 27.821558962975711, -26.809590631402607 ], [ 27.821979485065128, -26.810032177842821 ], [ 27.821469350030466, -26.810954089959335 ], [ 27.820631779033285, -26.811772625006721 ], [ 27.820155886584818, -26.812629231054235 ], [ 27.819881001606834, -26.813079002693907 ], [ 27.819469000593795, -26.813855000707843 ], [ 27.819255998865184, -26.817736001615238 ], [ 27.815231998557813, -26.818207001751819 ], [ 27.813362001355127, -26.818437000667114 ], [ 27.812766999996988, -26.820360995863339 ] ] ] } },
{ "type": "Feature", "properties": { "Municipali": "Metsimaholo Local Municipality", "WardNo": "16", "WardLabel": "FS204_16", "Province": "Free State", "CLASSIFICATION": "Manufacturing", "PopGBlack": 371.96890966000001, "PopGColour": 32.0123433, "PopGIndian": 94.3431343, "PopGWhite": 3900.9566237, "PopGOther": 42.3011848, "PopGTotal": 4441.5821956999998 }, "geometry": { "type": "Polygon", "coordinates": [ [ [ 27.836219001405677, -26.785584002799631 ], [ 27.836234002996758, -26.786016001137625 ], [ 27.836683003917379, -26.78640399924522 ], [ 27.836914996629709, -26.786604003072409 ], [ 27.837155998750283, -26.786812009966336 ], [ 27.837446003130438, -26.787159992739511 ], [ 27.837636998448666, -26.787402996751009 ], [ 27.837694002875889, -26.787476001016749 ], [ 27.837868001906717, -26.787696998617676 ], [ 27.838041003589385, -26.787919001660647 ], [ 27.838215002620213, -26.788139992067066 ], [ 27.838389001651041, -26.788361995110044 ], [ 27.838562003333706, -26.78858299990566 ], [ 27.838736002364538, -26.788805002948639 ], [ 27.838910001395366, -26.789026001448839 ], [ 27.838968003170748, -26.789100002163462 ], [ 27.839140996759536, -26.789321997112552 ], [ 27.839357996874035, -26.789597997249878 ], [ 27.839477998810512, -26.789600000040082 ], [ 27.839779995650225, -26.789607005758842 ], [ 27.840051000952869, -26.789612997941589 ], [ 27.840352996893213, -26.78961999556638 ], [ 27.840416003395806, -26.789621999255953 ], [ 27.840696000120278, -26.78956099734221 ], [ 27.840988995645542, -26.789497001585424 ], [ 27.841282998411586, -26.789433995982289 ], [ 27.841557002053939, -26.789374996858662 ], [ 27.841799998870737, -26.789317999626132 ], [ 27.843545998448992, -26.795815001561156 ], [ 27.841427998803013, -26.796841002110646 ], [ 27.838925002087166, -26.79805499783992 ], [ 27.834566003418299, -26.800170003642862 ], [ 27.833340996389861, -26.800763998659768 ], [ 27.833336998003972, -26.80163599660402 ], [ 27.833832001045906, -26.802459001281946 ], [ 27.83393100201404, -26.80262399899841 ], [ 27.838268002366313, -26.809875997079651 ], [ 27.83674399144201, -26.810618999867039 ], [ 27.83372199687258, -26.812348998707485 ], [ 27.83242400176616, -26.810541000766698 ], [ 27.832273000198732, -26.809765002752773 ], [ 27.83208199678662, -26.80957100010167 ], [ 27.831922001998713, -26.809205997658733 ], [ 27.83143300013278, -26.808767002595228 ], [ 27.830546000597359, -26.808250997685491 ], [ 27.830103008047338, -26.808027998193641 ], [ 27.828887998782051, -26.807625994943848 ], [ 27.827666998233294, -26.810283003258107 ], [ 27.824910000595992, -26.810271001805386 ], [ 27.825157002993194, -26.81178000394409 ], [ 27.825428996650835, -26.812332003319369 ], [ 27.825372997665653, -26.812674001104305 ], [ 27.825412998610965, -26.812832001195979 ], [ 27.825413995959035, -26.812994996122246 ], [ 27.825269001862839, -26.813111997920451 ], [ 27.825140996859442, -26.813121996582979 ], [ 27.825179002209065, -26.813275999188129 ], [ 27.825171989295793, -26.813319997619871 ], [ 27.825340003338383, -26.813322997758235 ], [ 27.825449999417827, -26.813405999787129 ], [ 27.825638999140455, -26.814236999438087 ], [ 27.825589997780153, -26.814304001628468 ], [ 27.82551199867973, -26.814319004118822 ], [ 27.825527000270721, -26.814460997177374 ], [ 27.825642000178096, -26.814977002087112 ], [ 27.825427001954516, -26.815448002223608 ], [ 27.822646999659217, -26.814730996138604 ], [ 27.819881001606834, -26.813079002693907 ], [ 27.820155886584818, -26.812629231054235 ], [ 27.820631779033285, -26.811772625006721 ], [ 27.821469350030466, -26.810954089959335 ], [ 27.821979485065128, -26.810032177842821 ], [ 27.821558962975711, -26.809590631402607 ], [ 27.820865102742172, -26.808833691821459 ], [ 27.82040252925324, -26.808308039884199 ], [ 27.819332999718078, -26.807329991186254 ], [ 27.81895599672179, -26.806926998682172 ], [ 27.818926003432249, -26.806895001703069 ], [ 27.816545999797992, -26.804374003257681 ], [ 27.813198997435702, -26.804440000905391 ], [ 27.812453001704647, -26.803641995581707 ], [ 27.808297997154796, -26.799346998964939 ], [ 27.807410696346501, -26.798235853302085 ], [ 27.806518417790659, -26.797118474438157 ], [ 27.806518006800484, -26.797117960025908 ], [ 27.806320000367634, -26.796869999850674 ], [ 27.808770000035402, -26.795300000294887 ], [ 27.809060744557641, -26.79511213371811 ], [ 27.809420000332636, -26.794879999812228 ], [ 27.810165378229549, -26.794402341994573 ], [ 27.813289999833497, -26.792399999660322 ], [ 27.818499999974939, -26.789069999880667 ], [ 27.818703967114295, -26.788945845774208 ], [ 27.8187299997896, -26.788929999719787 ], [ 27.822319999868061, -26.786589999728857 ], [ 27.823747634945327, -26.785661537849748 ], [ 27.823748582830742, -26.785660920914879 ], [ 27.823747634945327, -26.785674506973027 ], [ 27.823745996380577, -26.785697997264872 ], [ 27.823747634945327, -26.785697958594032 ], [ 27.824256473157696, -26.785692828861041 ], [ 27.829573997142123, -26.785638997242049 ], [ 27.836219001405677, -26.785584002799631 ] ] ] } },
{ "type": "Feature", "properties": { "Municipali": "Metsimaholo Local Municipality", "WardNo": "17", "WardLabel": "FS204_17", "Province": "Free State", "CLASSIFICATION": "Manufacturing", "PopGBlack": 3567.2168855999998, "PopGColour": 72.233978508000007, "PopGIndian": 48.893949454000001, "PopGWhite": 2596.1301702000001, "PopGOther": 49.7438283, "PopGTotal": 6334.2188121 }, "geometry": { "type": "Polygon", "coordinates": [ [ [ 27.829796000185183, -26.814381004280001 ], [ 27.830155998800279, -26.816813000419764 ], [ 27.830305995824947, -26.818170999192311 ], [ 27.830665410779989, -26.818392716250983 ], [ 27.831184278231749, -26.818749857719823 ], [ 27.831635758583342, -26.818965490864848 ], [ 27.832269180777949, -26.81923503207118 ], [ 27.832895864352583, -26.819524789137795 ], [ 27.83338777642464, -26.819753898623659 ], [ 27.833832519055452, -26.819976270388668 ], [ 27.834108797982566, -26.820225594835442 ], [ 27.834344646987777, -26.820495136041774 ], [ 27.834641141775169, -26.821047695694745 ], [ 27.834809654941612, -26.821362978218918 ], [ 27.835058929925555, -26.821829364833405 ], [ 27.835598012338309, -26.8226918956146 ], [ 27.836130356131001, -26.823534212334085 ], [ 27.83652792932039, -26.824174372249569 ], [ 27.836492615641657, -26.824323730755662 ], [ 27.836492532004648, -26.824324169624781 ], [ 27.832227622206876, -26.826235041913716 ], [ 27.8299426409401, -26.827258954237443 ], [ 27.82993999693322, -26.827260001048256 ], [ 27.829925003436021, -26.827231992562503 ], [ 27.829882037426071, -26.827152977228227 ], [ 27.829802001361184, -26.827200003677365 ], [ 27.829460893005667, -26.827356691658089 ], [ 27.829272997650659, -26.827443001393533 ], [ 27.828753991703284, -26.827682938716695 ], [ 27.82699300132585, -26.827972003305408 ], [ 27.826761031096602, -26.828011911620454 ], [ 27.826342000982439, -26.828084002175054 ], [ 27.826223732938814, -26.828104183861065 ], [ 27.826048997363294, -26.828134000883512 ], [ 27.825976744031443, -26.828146811726125 ], [ 27.825908000753529, -26.828159001137113 ], [ 27.825788452974653, -26.82818038611606 ], [ 27.82569001228412, -26.828197995741018 ], [ 27.825579009863354, -26.828215000122206 ], [ 27.825471997734418, -26.828233001851647 ], [ 27.825331002024111, -26.828258001205882 ], [ 27.825167999003874, -26.828287996294076 ], [ 27.824820008136729, -26.828348041329146 ], [ 27.824819559375079, -26.828348106979657 ], [ 27.823770005581249, -26.828472001182025 ], [ 27.823701840567438, -26.828479776720368 ], [ 27.823700003252515, -26.828479988960463 ], [ 27.822520036070685, -26.828938956167988 ], [ 27.820638001442539, -26.829671003414191 ], [ 27.820418997638559, -26.82973199813333 ], [ 27.819708000823539, -26.829929999170226 ], [ 27.81928130398887, -26.830393387444914 ], [ 27.818859000342506, -26.830852003916917 ], [ 27.818277499606854, -26.831484604131258 ], [ 27.817869002352523, -26.831928999623752 ], [ 27.817253267124475, -26.832290338228571 ], [ 27.816609990158817, -26.83266784034862 ], [ 27.816608008053048, -26.832669003172061 ], [ 27.81581799860168, -26.831609001953964 ], [ 27.814478000659118, -26.828417996893162 ], [ 27.814478343300856, -26.828417826021933 ], [ 27.814936002894193, -26.828189004319189 ], [ 27.81538808039549, -26.827960850812701 ], [ 27.815898710956617, -26.827703147382465 ], [ 27.815898997840378, -26.827703001692338 ], [ 27.815868268006053, -26.827698354895251 ], [ 27.815693999178684, -26.82767200206138 ], [ 27.815532000701118, -26.827648997403383 ], [ 27.815530299183884, -26.827648804948534 ], [ 27.815540000170827, -26.827610000101551 ], [ 27.816687160084292, -26.826572328150519 ], [ 27.817109946666569, -26.826189893249076 ], [ 27.817109976344252, -26.826189092852449 ], [ 27.817110009619146, -26.826169250210778 ], [ 27.815858988801185, -26.826126997363161 ], [ 27.815034986775192, -26.826093711655552 ], [ 27.81503096590631, -26.825981895348317 ], [ 27.815111591027026, -26.825721412113509 ], [ 27.815266641342365, -26.825374101133971 ], [ 27.815934032729409, -26.824728521004531 ], [ 27.817254038742796, -26.82349385975396 ], [ 27.817180073101806, -26.822936271092146 ], [ 27.816985025438452, -26.822720691906433 ], [ 27.81688000171069, -26.8227370011118 ], [ 27.816242001067444, -26.822098998669901 ], [ 27.813474996673651, -26.82248900136635 ], [ 27.812766999996988, -26.820360995863339 ], [ 27.813362001355127, -26.818437000667114 ], [ 27.815231998557813, -26.818207001751819 ], [ 27.819255998865184, -26.817736001615238 ], [ 27.819469000593795, -26.813855000707843 ], [ 27.819881001606834, -26.813079002693907 ], [ 27.822646999659217, -26.814730996138604 ], [ 27.825427001954516, -26.815448002223608 ], [ 27.825642000178096, -26.814977002087112 ], [ 27.825527000270721, -26.814460997177374 ], [ 27.82551199867973, -26.814319004118822 ], [ 27.825589997780153, -26.814304001628468 ], [ 27.825638999140455, -26.814236999438087 ], [ 27.825449999417827, -26.813405999787129 ], [ 27.825340003338383, -26.813322997758235 ], [ 27.825171989295793, -26.813319997619871 ], [ 27.825179002209065, -26.813275999188129 ], [ 27.825140996859442, -26.813121996582979 ], [ 27.825269001862839, -26.813111997920451 ], [ 27.825413995959035, -26.812994996122246 ], [ 27.825412998610965, -26.812832001195979 ], [ 27.825372997665653, -26.812674001104305 ], [ 27.825428996650835, -26.812332003319369 ], [ 27.825157002993194, -26.81178000394409 ], [ 27.824910000595992, -26.810271001805386 ], [ 27.827666998233294, -26.810283003258107 ], [ 27.827901001829705, -26.810543003556905 ], [ 27.828330997377584, -26.81144900216983 ], [ 27.828686001157912, -26.81212400361995 ], [ 27.829414998803095, -26.813706999278686 ], [ 27.829796000185183, -26.814381004280001 ] ] ] } },
{ "type": "Feature", "properties": { "Municipali": "Metsimaholo Local Municipality", "WardNo": "18", "WardLabel": "FS204_18", "Province": "Free State", "CLASSIFICATION": "Manufacturing", "PopGBlack": 1421.2353489, "PopGColour": 37.34273045, "PopGIndian": 28.38439884, "PopGWhite": 1276.2717851, "PopGOther": 0.0, "PopGTotal": 2763.2342632999998 }, "geometry": { "type": "Polygon", "coordinates": [ [ [ 27.977039998696988, -26.67141000226988 ], [ 27.977539996573597, -26.671890002821453 ], [ 27.97822999961479, -26.672629990181992 ], [ 27.978750002910328, -26.673310002654549 ], [ 27.979359995967016, -26.67409998782427 ], [ 27.979770002283736, -26.674640002833961 ], [ 27.980220000552517, -26.675320000018118 ], [ 27.980539999121671, -26.675859997940673 ], [ 27.981199999880072, -26.676760004370774 ], [ 27.981469999740675, -26.67727999777377 ], [ 27.981739998701997, -26.677840001115246 ], [ 27.981950001191617, -26.678450003165281 ], [ 27.982150005018717, -26.679120001686826 ], [ 27.982309999806624, -26.679450006113012 ], [ 27.982520010390122, -26.679780003344593 ], [ 27.982740001649734, -26.68013000419645 ], [ 27.98329999689733, -26.680660004355765 ], [ 27.983850001576286, -26.681129999050309 ], [ 27.984550003280088, -26.681470002139019 ], [ 27.985090002101924, -26.68165999920971 ], [ 27.985679998732941, -26.681910001745283 ], [ 27.986079999192629, -26.682130001998143 ], [ 27.986489997415468, -26.682450000567197 ], [ 27.986879999212544, -26.682729998190965 ], [ 27.987180001355942, -26.683100002663085 ], [ 27.987419997135103, -26.68339999671251 ], [ 27.987819996695421, -26.683799997172198 ], [ 27.988460001927521, -26.68457000210401 ], [ 27.98923999742798, -26.68549000406049 ], [ 27.989939998232316, -26.686090000253408 ], [ 27.991160002332201, -26.687299996697597 ], [ 27.991899996887344, -26.688120001237159 ], [ 27.992230001313526, -26.688399998860909 ], [ 27.992660003156637, -26.688809997083748 ], [ 27.993340008434682, -26.689379998188464 ], [ 27.99437999703925, -26.690129997701359 ], [ 27.994980000426668, -26.690630003671856 ], [ 27.996009997563313, -26.691570002054007 ], [ 27.996530000858851, -26.692069999930627 ], [ 27.996840000765395, -26.692439997208236 ], [ 27.997259996751474, -26.692850002625587 ], [ 27.997699997257104, -26.693419995636422 ], [ 27.998229998315789, -26.694069998631679 ], [ 27.998669997922047, -26.694569997407569 ], [ 27.99888999098031, -26.694940001879694 ], [ 27.999239999026674, -26.695439998856937 ], [ 27.999559997595739, -26.696019998624081 ], [ 27.999770000085451, -26.696670000720061 ], [ 27.999909998447688, -26.697150003070284 ], [ 28.000020001721644, -26.697620005858706 ], [ 28.000139997362979, -26.698130002397747 ], [ 28.000219998354233, -26.698660001657874 ], [ 28.000330003426924, -26.699179995960151 ], [ 28.000359988622588, -26.699810003429011 ], [ 28.00038000123611, -26.700719997729816 ], [ 28.000479998653031, -26.701890003121225 ], [ 28.000479998653031, -26.702470001989099 ], [ 28.000489998214832, -26.703320000717564 ], [ 28.000500004071956, -26.703840003113729 ], [ 28.000439998607, -26.704990003086312 ], [ 28.000359988622588, -26.705779997249117 ], [ 28.000219998354233, -26.706169998147004 ], [ 27.999869990307776, -26.707220000702566 ], [ 27.999720001376986, -26.707610001600365 ], [ 27.999689998194828, -26.707870010892421 ], [ 27.999589999878623, -26.708249998738498 ], [ 27.999320000917301, -26.708760003371601 ], [ 27.999000003247517, -26.709419996036033 ], [ 27.998780002095462, -26.709820002791041 ], [ 27.99851000313414, -26.71044000260413 ], [ 27.998259999699208, -26.711060003316589 ], [ 27.998030001683201, -26.711799997871648 ], [ 27.997749995965567, -26.712450000866898 ], [ 27.997500000624516, -26.713100002962868 ], [ 27.997249998988234, -26.713590003076334 ], [ 27.996889992279343, -26.714270000260402 ], [ 27.996019997125202, -26.715839997118259 ], [ 27.995830007249015, -26.716030002282832 ], [ 27.99573999860208, -26.71621000159038 ], [ 27.995529997011744, -26.716719998129513 ], [ 27.995280001670693, -26.717330000179452 ], [ 27.99479000335597, -26.718269997662333 ], [ 27.994639998237329, -26.718659998560213 ], [ 27.994419997984473, -26.719270000610148 ], [ 27.994199996832418, -26.719909997748285 ], [ 27.993759997226071, -26.721149998273916 ], [ 27.993569999256088, -26.72158999788018 ], [ 27.993410003568815, -26.72214000255914 ], [ 27.99316000103325, -26.722709995569968 ], [ 27.992630000873849, -26.724330000129545 ], [ 27.992509998038003, -26.724829997106777 ], [ 27.992369999675766, -26.725219990809979 ], [ 27.992239999076681, -26.72561000070111 ], [ 27.992180001705691, -26.72587999966235 ], [ 27.992119997140108, -26.726549999083275 ], [ 27.992069998431738, -26.727049996959881 ], [ 27.992040003343458, -26.727529998410827 ], [ 27.992119997140108, -26.728120003135725 ], [ 27.992190000368218, -26.728549997784238 ], [ 27.992270002258842, -26.728920003155736 ], [ 27.992339997392975, -26.729630002622596 ], [ 27.992419999283506, -26.730470002688545 ], [ 27.992490001612239, -26.731360003261607 ], [ 27.992559996746465, -26.732210001090706 ], [ 27.992660003156637, -26.733440002953913 ], [ 27.992750002810414, -26.733899999885217 ], [ 27.992999998151372, -26.734629995777837 ], [ 27.993380009379901, -26.735409999372077 ], [ 27.993909994250828, -26.736309996809013 ], [ 27.99457000220383, -26.737279998373332 ], [ 27.994970001764145, -26.737849998578678 ], [ 27.995649998948306, -26.738820000142997 ], [ 27.995879997863597, -26.73929000293133 ], [ 27.996049999407909, -26.739700001154169 ], [ 27.996329997031751, -26.740350003250132 ], [ 27.996660000558567, -26.740970003962591 ], [ 27.997360003161557, -26.742239997777773 ], [ 27.997710011208017, -26.742800001119246 ], [ 27.997999999400498, -26.743169998396777 ], [ 27.998589996930797, -26.743870000100575 ], [ 27.999079996144886, -26.744459997630884 ], [ 27.999540001170072, -26.744960002702094 ], [ 27.999830004650946, -26.745180002954861 ], [ 28.00017999830829, -26.745350005398546 ], [ 28.000420002181333, -26.745630002123008 ], [ 28.000680003379415, -26.745990000738018 ], [ 28.00087000134948, -26.746309999307087 ], [ 28.00122999996449, -26.747130002947365 ], [ 28.001369999226096, -26.7474500024158 ], [ 28.001520004344734, -26.747869998401789 ], [ 28.001689996895877, -26.748259999299588 ], [ 28.001769998786415, -26.748680004278921 ], [ 28.001840002014518, -26.749570003053325 ], [ 28.001880002959741, -26.750370002173966 ], [ 28.001930001668292, -26.750829999105271 ], [ 28.00195999585711, -26.751099998965874 ], [ 28.00195999585711, -26.751329996981877 ], [ 28.001999996802425, -26.751620001362035 ], [ 28.00230999670897, -26.752690000343364 ], [ 28.00252999696183, -26.753340002439241 ], [ 28.002760003971002, -26.753740001999571 ], [ 28.003080001640786, -26.75423999987617 ], [ 28.003220008996184, -26.754660003956133 ], [ 28.003830002952242, -26.755680004228914 ], [ 28.004159999284543, -26.756140001160215 ], [ 28.004410001820109, -26.756509998437828 ], [ 28.004490002811359, -26.756769998736537 ], [ 28.004690006638459, -26.757230003761723 ], [ 28.005080001241122, -26.758129994004147 ], [ 28.005489998564592, -26.758909996699114 ], [ 28.005600002737918, -26.759200000179991 ], [ 28.005670005966014, -26.759420001332042 ], [ 28.005780002944835, -26.7599000018837 ], [ 28.005960002252294, -26.760619991919203 ], [ 28.006150000222274, -26.761400002708051 ], [ 28.006419999183596, -26.762210001390578 ], [ 28.006609997153664, -26.762579989674844 ], [ 28.006760002272301, -26.763109997928225 ], [ 28.006829997406435, -26.763679999932133 ], [ 28.006919997060209, -26.764089990061091 ], [ 28.007110002224788, -26.765230000364319 ], [ 28.007150003170096, -26.765589998979415 ], [ 28.007120000887308, -26.765930009262632 ], [ 28.007070002178846, -26.766230003312057 ], [ 28.006729990996256, -26.767170000795016 ], [ 28.006609997153664, -26.767470002938417 ], [ 28.006570012396114, -26.767679997334149 ], [ 28.006549999782681, -26.768029998185916 ], [ 28.006680000381763, -26.768429997746324 ], [ 28.006879996114986, -26.768850001826202 ], [ 28.007120000887308, -26.76925000228589 ], [ 28.007569999156178, -26.769730002837452 ], [ 28.007920000007942, -26.769989995941657 ], [ 28.008180001206117, -26.770149998823445 ], [ 28.009359996266799, -26.770800001818792 ], [ 28.010019997025204, -26.771080000341911 ], [ 28.011069999580773, -26.771669996972836 ], [ 28.011131002393796, -26.77169699911736 ], [ 28.012539998122421, -26.772319999968094 ], [ 28.013310003054237, -26.772589998929416 ], [ 28.013890001922015, -26.772829995607939 ], [ 28.014550002680505, -26.773060001717834 ], [ 28.015480003299508, -26.773380000286899 ], [ 28.016040005741704, -26.773569998256963 ], [ 28.016479999052731, -26.773760004320824 ], [ 28.017040002394211, -26.7739299887781 ], [ 28.017390010440664, -26.774120002935835 ], [ 28.017700003152608, -26.774310000006619 ], [ 28.018259998400207, -26.77453999892191 ], [ 28.019239996828396, -26.775010001710243 ], [ 28.019849997979051, -26.775349996705074 ], [ 28.020100001413983, -26.77540000440678 ], [ 28.020360001712699, -26.775580002814959 ], [ 28.020649997998969, -26.775850001776284 ], [ 28.021129998550546, -26.77618999677102 ], [ 28.021429992600059, -26.776420002880915 ], [ 28.021919992713517, -26.776789992963923 ], [ 28.02239000359582, -26.777109998727592 ], [ 28.022819998244334, -26.777639998886904 ], [ 28.023079999442412, -26.7780399993466 ], [ 28.023269997412484, -26.778299991551421 ], [ 28.023720003775146, -26.77882000204157 ], [ 28.023979996879348, -26.779130001948101 ], [ 28.024329997731201, -26.779400000909426 ], [ 28.02454999798406, -26.779589998879501 ], [ 28.024939991687258, -26.779720000377775 ], [ 28.025469999940547, -26.779890001022803 ], [ 28.025990002336801, -26.779859997840727 ], [ 28.026480000651524, -26.779710000815975 ], [ 28.026880001111209, -26.779610010593569 ], [ 28.027259997051168, -26.779610010593569 ], [ 28.027640000185816, -26.779639997587871 ], [ 28.027950000092449, -26.779769990992353 ], [ 28.028170000345224, -26.77997000291343 ], [ 28.028330003227008, -26.780150002220974 ], [ 28.028440000205826, -26.780450004364369 ], [ 28.028440000205826, -26.7811099970288 ], [ 28.028409988929869, -26.781470003737777 ], [ 28.028370004172412, -26.78190999614953 ], [ 28.028319997369977, -26.782230002812476 ], [ 28.028139998062429, -26.782729999789812 ], [ 28.027969995618751, -26.783020004169963 ], [ 28.02772999983959, -26.783369996927927 ], [ 28.02746000087836, -26.783679996834483 ], [ 28.027169997397486, -26.783960001652837 ], [ 28.026520001596833, -26.784440003103775 ], [ 28.024819996945293, -26.785529999410056 ], [ 28.023219997804652, -26.786469996892933 ], [ 28.021279995575387, -26.787640002284352 ], [ 28.020959997905518, -26.787770001984146 ], [ 28.020659995762212, -26.787870000300355 ], [ 28.020180003304521, -26.787979996379889 ], [ 28.019530000309267, -26.788019997325112 ], [ 28.018630002872332, -26.788120002835917 ], [ 28.017979999877085, -26.788250004334369 ], [ 28.017480002000472, -26.788430002742555 ], [ 28.017120003385465, -26.788520003295602 ], [ 28.016820001242071, -26.788670000320359 ], [ 28.016299998845817, -26.788980000226911 ], [ 28.015970003412882, -26.789230002762558 ], [ 28.015510005582296, -26.789619995566387 ], [ 28.014830001203539, -26.79042000368036 ], [ 28.014610000051483, -26.790740002249432 ], [ 28.014389999798624, -26.790989996691106 ], [ 28.014250001436476, -26.791270002408744 ], [ 28.014189995971527, -26.79163000102384 ], [ 28.014189995971527, -26.792200003027844 ], [ 28.014229996916836, -26.79270999776832 ], [ 28.014380002035477, -26.793190000118543 ], [ 28.014600002288248, -26.793599998341389 ], [ 28.015069996982785, -26.794179997209248 ], [ 28.015329998180871, -26.79441000421842 ], [ 28.015710002214799, -26.794709997368567 ], [ 28.016139995964025, -26.794920007052784 ], [ 28.016640001934523, -26.795090001402585 ], [ 28.017050000157361, -26.795189998819502 ], [ 28.017480002000472, -26.795279999372561 ], [ 28.017979999877085, -26.795390002646606 ], [ 28.018550000981712, -26.795530001008839 ], [ 28.019340002339202, -26.795660001607924 ], [ 28.020209996594055, -26.795750002160979 ], [ 28.020850001826066, -26.795750002160986 ], [ 28.021560002192391, -26.795849999577907 ], [ 28.022639998936786, -26.795889999623846 ], [ 28.023290001032755, -26.795909996948893 ], [ 28.023880006656931, -26.795899999185739 ], [ 28.02444999966777, -26.795909996948893 ], [ 28.0251799955603, -26.795849999577907 ], [ 28.025870000400143, -26.79590999694889 ], [ 28.026409990228821, -26.795880001860699 ], [ 28.026849998828421, -26.795840000915472 ], [ 28.027270011002173, -26.795729996742061 ], [ 28.027980003274521, -26.795560004190918 ], [ 28.02852999896032, -26.795390002646609 ], [ 28.028849998428662, -26.795310000755983 ], [ 28.029299995798166, -26.795130002347804 ], [ 28.029940001030266, -26.795019997275109 ], [ 28.031400000909301, -26.794940004377832 ], [ 28.03180999913214, -26.794870001149718 ], [ 28.032060001667706, -26.794810002879458 ], [ 28.032659997860616, -26.794759996077026 ], [ 28.033014087030505, -26.794723549252534 ], [ 27.98202002870136, -26.839867261365129 ], [ 27.981634159289026, -26.840160038355251 ], [ 27.984284736551324, -26.842690912255925 ], [ 27.985216064569762, -26.844060669664305 ], [ 27.985970999561971, -26.845170996944034 ], [ 27.985803046673219, -26.84530800685917 ], [ 27.984055001137431, -26.84673400337169 ], [ 27.970715993947955, -26.858082994334787 ], [ 27.959577021662156, -26.867400814296257 ], [ 27.959161989933879, -26.867747993974856 ], [ 27.934567184028296, -26.859546000647498 ], [ 27.928317992980904, -26.85746199087821 ], [ 27.907066673987806, -26.850437561744204 ], [ 27.89065681476016, -26.845013433023631 ], [ 27.890495104965094, -26.844959980918478 ], [ 27.889969999815598, -26.845759999824267 ], [ 27.889880335608961, -26.845929888953254 ], [ 27.889880000161824, -26.845929999569925 ], [ 27.889639999885993, -26.846040000145955 ], [ 27.889309999956478, -26.846120000237935 ], [ 27.889140000210819, -26.846100000214957 ], [ 27.888810000281214, -26.846040000145955 ], [ 27.888019999823097, -26.845659999709326 ], [ 27.88756448781081, -26.845439163087008 ], [ 27.882802762837198, -26.843130630374453 ], [ 27.880119999738145, -26.841830000254415 ], [ 27.878849999627736, -26.84132000011806 ], [ 27.878015998939134, -26.840994988727815 ], [ 27.876030002682441, -26.840012006349124 ], [ 27.875736001715051, -26.839866987971195 ], [ 27.876898004039635, -26.838358002020247 ], [ 27.877072003070374, -26.838135998977272 ], [ 27.877206001155976, -26.837965000084807 ], [ 27.877454998249497, -26.837677996742286 ], [ 27.877652001938237, -26.83746599955635 ], [ 27.877819999793065, -26.837298999049597 ], [ 27.877990002236743, -26.837130002947333 ], [ 27.890319002420014, -26.825168997251485 ], [ 27.882401999752432, -26.821102003954408 ], [ 27.881899999984988, -26.820810000381353 ], [ 27.88194981703041, -26.82036171981758 ], [ 27.881868312372632, -26.819514064722398 ], [ 27.881819409038449, -26.81830778517628 ], [ 27.881730000239244, -26.816409999821722 ], [ 27.881489999963499, -26.814029999784765 ], [ 27.881220000102896, -26.812199999930094 ], [ 27.880950000242294, -26.811419999933136 ], [ 27.880210000291292, -26.810129999799766 ], [ 27.879629999624772, -26.809389999848758 ], [ 27.878809999581705, -26.808179999807258 ], [ 27.877520000347694, -26.806550000182472 ], [ 27.876602431956648, -26.80565441032287 ], [ 27.875994998370373, -26.805503998710719 ], [ 27.86980999823281, -26.802489002665453 ], [ 27.865162997973904, -26.800240996125158 ], [ 27.858333996916368, -26.796938000288581 ], [ 27.857767004043893, -26.79671199885972 ], [ 27.857873999985067, -26.796417997892419 ], [ 27.857913002682938, -26.796308999161038 ], [ 27.852203999315108, -26.795040001794746 ], [ 27.851431002338817, -26.794857998797713 ], [ 27.850563001880992, -26.794730999236357 ], [ 27.850291996578349, -26.795673000408712 ], [ 27.847782003136903, -26.805329003231009 ], [ 27.847571003299123, -26.805801000715757 ], [ 27.847314002239312, -26.806371999168547 ], [ 27.846198002036125, -26.808097004073598 ], [ 27.844223002689393, -26.811145999888083 ], [ 27.84423099766234, -26.811198998734902 ], [ 27.844329001282322, -26.812026000899259 ], [ 27.84416299812381, -26.811905998063413 ], [ 27.843805001399634, -26.811648997902971 ], [ 27.840460000928264, -26.811970001014792 ], [ 27.841679996934264, -26.813995997317516 ], [ 27.841186996682531, -26.814043003981496 ], [ 27.843278001378589, -26.817513998572267 ], [ 27.84286099743699, -26.817513998572274 ], [ 27.842836538575295, -26.817475448233434 ], [ 27.840354999683413, -26.813563999878806 ], [ 27.838268002366313, -26.809875997079651 ], [ 27.83393100201404, -26.80262399899841 ], [ 27.833832001045906, -26.802459001281946 ], [ 27.833336998003972, -26.80163599660402 ], [ 27.833340996389861, -26.800763998659768 ], [ 27.834566003418299, -26.800170003642862 ], [ 27.838925002087166, -26.79805499783992 ], [ 27.841427998803013, -26.796841002110646 ], [ 27.843545998448992, -26.795815001561156 ], [ 27.841799998870737, -26.789317999626132 ], [ 27.841557002053939, -26.789374996858662 ], [ 27.841282998411586, -26.789433995982289 ], [ 27.840988995645542, -26.789497001585424 ], [ 27.840696000120278, -26.78956099734221 ], [ 27.840416003395806, -26.789621999255953 ], [ 27.840352996893213, -26.78961999556638 ], [ 27.840051000952869, -26.789612997941589 ], [ 27.839779995650225, -26.789607005758842 ], [ 27.839477998810512, -26.789600000040082 ], [ 27.839357996874035, -26.789597997249878 ], [ 27.839140996759536, -26.789321997112552 ], [ 27.838968003170748, -26.789100002163462 ], [ 27.838910001395366, -26.789026001448839 ], [ 27.838736002364538, -26.788805002948639 ], [ 27.838562003333706, -26.78858299990566 ], [ 27.838389001651041, -26.788361995110044 ], [ 27.838215002620213, -26.788139992067066 ], [ 27.838041003589385, -26.787919001660647 ], [ 27.837868001906717, -26.787696998617676 ], [ 27.837694002875889, -26.787476001016749 ], [ 27.837636998448666, -26.787402996751009 ], [ 27.837446003130438, -26.787159992739511 ], [ 27.837155998750283, -26.786812009966336 ], [ 27.836914996629709, -26.786604003072409 ], [ 27.836683003917379, -26.78640399924522 ], [ 27.836234002996758, -26.786016001137625 ], [ 27.836219001405677, -26.785584002799631 ], [ 27.837733435449628, -26.785436415058584 ], [ 27.84832622607437, -26.785242645331916 ], [ 27.848325999445258, -26.78522399609065 ], [ 27.848252137226254, -26.78179925543132 ], [ 27.848693583841783, -26.780455864346731 ], [ 27.848805762575815, -26.780110697350942 ], [ 27.849240874366771, -26.775140086845614 ], [ 27.84922369821507, -26.775147332683321 ], [ 27.849277998380856, -26.774715992649053 ], [ 27.849530003706704, -26.774660000858479 ], [ 27.856280999368582, -26.775273003046763 ], [ 27.856364916007998, -26.775278526682715 ], [ 27.856449999967523, -26.774459999729302 ], [ 27.856699999805066, -26.772090000153508 ], [ 27.85670970169129, -26.772005453089317 ], [ 27.856770000335235, -26.771479999902215 ], [ 27.857339999641216, -26.766189999668804 ], [ 27.857889999823591, -26.76103000003457 ], [ 27.858689999843509, -26.753589999578939 ], [ 27.858850000027452, -26.74775999962441 ], [ 27.858879907881338, -26.746992366204829 ], [ 27.859650000946743, -26.747000003247638 ], [ 27.860100000114898, -26.746970000065559 ], [ 27.860660001657635, -26.746910002694587 ], [ 27.861069999880474, -26.746849998129004 ], [ 27.861910000845793, -26.74674999981271 ], [ 27.863069998581523, -26.746560001842735 ], [ 27.863500002223287, -26.746420004379775 ], [ 27.863990001437376, -26.746350000252388 ], [ 27.864629997676136, -26.746250010029978 ], [ 27.865609997003695, -26.746239996079066 ], [ 27.866259999099665, -26.746229998315819 ], [ 27.867000001748689, -26.746340001589868 ], [ 27.867450000916755, -26.746499997277144 ], [ 27.86798999883931, -26.746709998867402 ], [ 27.868489996715919, -26.746870001749272 ], [ 27.869090000103338, -26.747090002901412 ], [ 27.869669999870577, -26.747260004445721 ], [ 27.869990005634151, -26.747289998634631 ], [ 27.870240000975205, -26.747339998242467 ], [ 27.870599999590212, -26.747509998887409 ], [ 27.870749996614965, -26.747620003060817 ], [ 27.871059997420883, -26.747660004006043 ], [ 27.871610001200555, -26.747689998194954 ], [ 27.872169996448157, -26.74773999690342 ], [ 27.872699996607466, -26.747739996903416 ], [ 27.8731399971131, -26.747699996857474 ], [ 27.873640003083597, -26.747630000823975 ], [ 27.874159997385878, -26.747479995705337 ], [ 27.87464999659997, -26.747440002853899 ], [ 27.875240002224238, -26.747350004099495 ], [ 27.876019996825327, -26.747159998035546 ], [ 27.8765800001668, -26.74702999833583 ], [ 27.877150001271517, -26.746950003639807 ], [ 27.877580004013907, -26.746870001749276 ], [ 27.878200003827086, -26.746779994900901 ], [ 27.880020003220505, -26.746189997370603 ], [ 27.880340000890289, -26.746030001683323 ], [ 27.880640003033683, -26.745869998801538 ], [ 27.881329998880275, -26.745410001870145 ], [ 27.881819998094368, -26.745119998389271 ], [ 27.882320004064862, -26.744740011442474 ], [ 27.882669996822838, -26.744419996685558 ], [ 27.883040002194246, -26.743959999754349 ], [ 27.883170001894051, -26.743609998902404 ], [ 27.883319998918807, -26.743140004207859 ], [ 27.883419997235013, -26.742679999182769 ], [ 27.88358000011689, -26.741829999554934 ], [ 27.883629998825352, -26.741340001240115 ], [ 27.883639998387153, -26.74089999174133 ], [ 27.883669999770664, -26.740469997992097 ], [ 27.883650004244274, -26.739880007656311 ], [ 27.883679998433184, -26.739259999749255 ], [ 27.883769998086958, -26.738460000628617 ], [ 27.883819996795332, -26.737589998279873 ], [ 27.883859997740643, -26.737120002686058 ], [ 27.883930000968746, -26.736579995770331 ], [ 27.884079997993503, -26.736219997155239 ], [ 27.884200008023861, -26.73567999923268 ], [ 27.88443999660851, -26.734939995684382 ], [ 27.884680003179572, -26.734330001728317 ], [ 27.885030003132147, -26.733869996703053 ], [ 27.88541999593598, -26.733270002308885 ], [ 27.886149999922573, -26.732200003327552 ], [ 27.886659995562336, -26.731510006581679 ], [ 27.887089999204008, -26.731099993969636 ], [ 27.887489998764416, -26.730679997084284 ], [ 27.88820000632516, -26.72982000059265 ], [ 27.888559996846375, -26.729429998795496 ], [ 27.888899999934992, -26.729089995706872 ], [ 27.889259991355488, -26.728750001611331 ], [ 27.889470001039619, -26.728540000021077 ], [ 27.889969998916232, -26.728180001406066 ], [ 27.89036999937592, -26.727799997372063 ], [ 27.890869996353164, -26.727399996912453 ], [ 27.891370002323747, -26.726980000926385 ], [ 27.891670003567771, -26.726729998390816 ], [ 27.892109995979521, -26.726429997146795 ], [ 27.892459996831381, -26.72610999767836 ], [ 27.892759998974771, -26.725860003236676 ], [ 27.892856997152709, -26.725730002637594 ], [ 27.892970000565025, -26.725579998418326 ], [ 27.893550008426143, -26.724580002665089 ], [ 27.89374999606548, -26.724039995749287 ], [ 27.89393000436619, -26.723539997872674 ], [ 27.894080008585547, -26.723180007351548 ], [ 27.894390001297491, -26.722450003365047 ], [ 27.894830169976331, -26.721375984414298 ], [ 27.894889999174104, -26.721229999265166 ], [ 27.895058819009282, -26.720768561619916 ], [ 27.895190000418129, -26.720410002819484 ], [ 27.895440002953691, -26.719670009163714 ], [ 27.895580002215297, -26.719329997981127 ], [ 27.89564999734943, -26.718910001995134 ], [ 27.89564999734943, -26.71852999886049 ], [ 27.895620003160609, -26.718139997063325 ], [ 27.895500000324763, -26.717810000731021 ], [ 27.895270002308663, -26.717379990794029 ], [ 27.894979997928509, -26.717060000318845 ], [ 27.894409996823793, -26.716629997576359 ], [ 27.894179998807871, -26.716560002442225 ], [ 27.893860001138087, -26.716459996931427 ], [ 27.8933899965511, -26.716269998961351 ], [ 27.893060009211961, -26.716000000000129 ], [ 27.892750001211535, -26.71574999656519 ], [ 27.89243000264247, -26.715500002123513 ], [ 27.892170002343669, -26.715169996798046 ], [ 27.892070004027463, -26.714999996153015 ], [ 27.891969997617284, -26.714810006276835 ], [ 27.891799996072891, -26.71436999767732 ], [ 27.89176000412083, -26.71386000203756 ], [ 27.891829999254963, -26.713349998303816 ], [ 27.891950001191617, -26.712940000081069 ], [ 27.892149996924744, -26.712580000566611 ], [ 27.892509996439124, -26.71193999713325 ], [ 27.892700001603703, -26.711560001193202 ], [ 27.892880000911251, -26.711309997758267 ], [ 27.893169997197614, -26.710949999143249 ], [ 27.893519998049381, -26.710680000181934 ], [ 27.894030001783111, -26.710360009706747 ], [ 27.894769996338258, -26.709920001107239 ], [ 27.895180001755609, -26.709690003091232 ], [ 27.895800001568787, -26.709489999264139 ], [ 27.896519999698167, -26.709300001294061 ], [ 27.897159996836301, -26.70914999617543 ], [ 27.898339999990959, -26.708879997214186 ], [ 27.89922000100222, -26.708749996615108 ], [ 27.899898822772389, -26.708636866398354 ], [ 27.900000003697187, -26.708620004109989 ], [ 27.900389998299751, -26.708509999936666 ], [ 27.901110003623739, -26.708420000282889 ], [ 27.90157999921756, -26.708339999291635 ], [ 27.90201999882391, -26.708209997793272 ], [ 27.902519996700434, -26.707979999777265 ], [ 27.902779997898516, -26.707840001415022 ], [ 27.902950996790981, -26.707768999939486 ], [ 27.903089997805061, -26.707709999916659 ], [ 27.903550002830329, -26.707530000609118 ], [ 27.904199997731702, -26.70723999712823 ], [ 27.904689996945791, -26.706990001787272 ], [ 27.905049995560798, -26.706839996668641 ], [ 27.905550002430665, -26.706630003172176 ], [ 27.906000000699446, -26.706489996716058 ], [ 27.906300002842837, -26.706410002919412 ], [ 27.906840000765392, -26.706269995563922 ], [ 27.907469999241009, -26.706079999392507 ], [ 27.908030001683205, -26.705920002805946 ], [ 27.908600002787921, -26.705809998632613 ], [ 27.909040004192832, -26.705729997641367 ], [ 27.909689999094109, -26.705790003106227 ], [ 27.910229997016753, -26.705869996902884 ], [ 27.910699999805175, -26.706060002067552 ], [ 27.911239998627014, -26.706240002274381 ], [ 27.911900000284785, -26.706410002919412 ], [ 27.912389998599508, -26.7064399980076 ], [ 27.913000000649447, -26.706550002180926 ], [ 27.913449999817594, -26.706540002619128 ], [ 27.914129997001666, -26.706439998007596 ], [ 27.915109996329225, -26.706240002274381 ], [ 27.915610002299719, -26.706089997155747 ], [ 27.915929999969507, -26.70599000693333 ], [ 27.916569997107636, -26.705909996948915 ], [ 27.917160001832535, -26.705840001814693 ], [ 27.917889997725155, -26.705670001169665 ], [ 27.91855999714608, -26.705559996097055 ], [ 27.919280003369433, -26.705419997734818 ], [ 27.919730001638211, -26.70531000165537 ], [ 27.920279999122656, -26.705329998081044 ], [ 27.920920002556016, -26.705390002646627 ], [ 27.921869999600784, -26.705329998081048 ], [ 27.922300002343174, -26.70523999842727 ], [ 27.922830001603298, -26.705149997874216 ], [ 27.923330000379195, -26.704970006660641 ], [ 27.923800003167617, -26.704789999259123 ], [ 27.92431999657062, -26.7045799967695 ], [ 27.92480999668399, -26.704269996862958 ], [ 27.925209997143682, -26.704009995664876 ], [ 27.925599989947511, -26.703769999885715 ], [ 27.925909997948025, -26.703519997350064 ], [ 27.92629999974519, -26.703180002355328 ], [ 27.926709997968032, -26.702840000165988 ], [ 27.927120004284749, -26.702520008791438 ], [ 27.927440010048418, -26.702210000791013 ], [ 27.927899998885835, -26.701770001184752 ], [ 27.928730001188633, -26.70093999888195 ], [ 27.929180000356698, -26.700440001005344 ], [ 27.929479994406211, -26.700059996971319 ], [ 27.929759999224565, -26.699770001584415 ], [ 27.930119997839569, -26.699269995613932 ], [ 27.930580002864755, -26.698689996746058 ], [ 27.930890002771388, -26.698249996240435 ], [ 27.931179999057662, -26.697810003828685 ], [ 27.931510002584567, -26.69744999711979 ], [ 27.931859996241826, -26.6969900001884 ], [ 27.93221599737031, -26.696550997031014 ], [ 27.932369999975467, -26.696360000813513 ], [ 27.932639998936789, -26.696019998624081 ], [ 27.932829996906861, -26.695780001945643 ], [ 27.93321999870394, -26.695309999157224 ], [ 27.933469881629666, -26.694962942685741 ], [ 27.933579998218313, -26.694810001280608 ], [ 27.933969991022234, -26.694349996255426 ], [ 27.934350002250849, -26.69380999833287 ], [ 27.934629999874513, -26.693359999164716 ], [ 27.934840002364222, -26.693109995729788 ], [ 27.93516000003401, -26.692680010074529 ], [ 27.935389998949297, -26.692010002559638 ], [ 27.935439989563879, -26.691750002260832 ], [ 27.935519998649017, -26.691490001062842 ], [ 27.935619996965222, -26.691170009688289 ], [ 27.93565000014738, -26.690820001641828 ], [ 27.935680002430171, -26.690129997701355 ], [ 27.935600001438921, -26.689679999432485 ], [ 27.935500003122623, -26.689119996990382 ], [ 27.935529997311448, -26.688749998813488 ], [ 27.935609999202068, -26.688330002827495 ], [ 27.935739999801154, -26.687630001123786 ], [ 27.93587999816339, -26.687230001563371 ], [ 27.936099999315445, -26.686549997184699 ], [ 27.936390001897035, -26.686030001983042 ], [ 27.936629998575565, -26.685519998249408 ], [ 27.937069999081199, -26.6845899976304 ], [ 27.937359995367469, -26.68391999910876 ], [ 27.937739997602836, -26.683079999042814 ], [ 27.937890002721385, -26.682549998883406 ], [ 27.938110003873618, -26.681950002690577 ], [ 27.938300009038198, -26.681229997366518 ], [ 27.93848000115106, -26.680679999882159 ], [ 27.93857999856807, -26.680230000714005 ], [ 27.938750000112378, -26.679740002399285 ], [ 27.938989996790905, -26.679179999057808 ], [ 27.939159998335221, -26.678800004017038 ], [ 27.939389997250508, -26.678339998991863 ], [ 27.939660004305711, -26.67797000081497 ], [ 27.939800002667948, -26.677719999178684 ], [ 27.940370003772664, -26.676810003079318 ], [ 27.940709997868119, -26.676330001628369 ], [ 27.940960001303051, -26.675899998885892 ], [ 27.941180000656541, -26.675670000869889 ], [ 27.941450001416424, -26.675419998334405 ], [ 27.941710001715137, -26.675230000364341 ], [ 27.942089996755904, -26.674939996883467 ], [ 27.942540004017935, -26.674629988882959 ], [ 27.943199996682456, -26.674299999745255 ], [ 27.943570002053953, -26.674129999100312 ], [ 27.944199999630282, -26.673810001430532 ], [ 27.944540002718899, -26.673689997695313 ], [ 27.94500999831272, -26.673549999333083 ], [ 27.945629998125899, -26.673379997788764 ], [ 27.94600000259803, -26.67328999813499 ], [ 27.946590001027694, -26.673100001064295 ], [ 27.947330002777353, -26.67292000085747 ], [ 27.94788999802504, -26.672750000212442 ], [ 27.948480002749935, -26.672610000950829 ], [ 27.948970002863309, -26.672509995440027 ], [ 27.950220001152097, -26.672260000099065 ], [ 27.950960003801121, -26.67212000173674 ], [ 27.951550001331508, -26.671969996618188 ], [ 27.952170001144598, -26.671839996019109 ], [ 27.953019999873067, -26.671699997656866 ], [ 27.953689999293989, -26.671600000239941 ], [ 27.954576997930129, -26.671540001969589 ], [ 27.954719997330006, -26.671529996112557 ], [ 27.955549998733435, -26.671450003215181 ], [ 27.956569999006213, -26.671450003215192 ], [ 27.957980008270763, -26.671479997404102 ], [ 27.958960006698948, -26.671450003215185 ], [ 27.960200000029985, -26.671420000033024 ], [ 27.960990001387472, -26.671379999087808 ], [ 27.961979990384208, -26.671379999087804 ], [ 27.962370000275346, -26.671339998142496 ], [ 27.962809999881607, -26.671290000333315 ], [ 27.963200001678686, -26.671240000725572 ], [ 27.963590002576574, -26.671169996598099 ], [ 27.964059999069676, -26.671039996898472 ], [ 27.964599996992231, -26.670849998928404 ], [ 27.96523000266253, -26.670650003195188 ], [ 27.965910000745883, -26.670419997085286 ], [ 27.966449998668526, -26.670180000406845 ], [ 27.966930001018753, -26.669960000153988 ], [ 27.967320001916551, -26.669749997664365 ], [ 27.967630001823096, -26.669529997411598 ], [ 27.967950000392158, -26.669240002024612 ], [ 27.968380003134641, -26.669030000434262 ], [ 27.968830001403422, -26.668869995753827 ], [ 27.969109999027264, -26.668790002856461 ], [ 27.969540000870285, -26.668740004147992 ], [ 27.970250001236519, -26.668769998336813 ], [ 27.970830000104385, -26.668830003801769 ], [ 27.971429996297292, -26.668930002117978 ], [ 27.971869996802923, -26.669030000434269 ], [ 27.972339999591345, -26.669080006337328 ], [ 27.97286999975066, -26.669179995660372 ], [ 27.973470004037448, -26.669380000386756 ], [ 27.974249998638534, -26.669670003867722 ], [ 27.974719994232355, -26.669900001883715 ], [ 27.975229997966, -26.670189998169999 ], [ 27.975840000015939, -26.670590005824192 ], [ 27.976509999436953, -26.671000012140919 ], [ 27.976553996969322, -26.671033995722372 ], [ 27.977039998696988, -26.67141000226988 ] ] ] } },
{ "type": "Feature", "properties": { "Municipali": "Metsimaholo Local Municipality", "WardNo": "19", "WardLabel": "FS204_19", "Province": "Free State", "CLASSIFICATION": "Manufacturing", "PopGBlack": 6991.4745879000002, "PopGColour": 20.281792609, "PopGIndian": 6.445882884, "PopGWhite": 1.661665222, "PopGOther": 2.8825254, "PopGTotal": 7022.746454 }, "geometry": { "type": "Polygon", "coordinates": [ [ [ 27.905848820166906, -26.851046488204918 ], [ 27.903797239950613, -26.852047259173773 ], [ 27.903246816187604, -26.852397528922886 ], [ 27.902496236611956, -26.852997991863951 ], [ 27.900044348367963, -26.85184710515988 ], [ 27.899393847148225, -26.853448339069697 ], [ 27.898643269371405, -26.854499148317139 ], [ 27.897892690695127, -26.856100382226959 ], [ 27.895854800858334, -26.85933222999849 ], [ 27.895698344902677, -26.859488685954151 ], [ 27.895481712610927, -26.859488685954148 ], [ 27.895156765072628, -26.859440546144413 ], [ 27.894879958243436, -26.859380369808317 ], [ 27.894940133680159, -26.860102475948622 ], [ 27.894891992971051, -26.860656091405659 ], [ 27.894843853161223, -26.861197670336342 ], [ 27.894867922616452, -26.861414301728718 ], [ 27.894952169307142, -26.861630934020472 ], [ 27.895397466819606, -26.862100302786807 ], [ 27.89551781769314, -26.862413214698208 ], [ 27.895469677883312, -26.862834443654734 ], [ 27.894831818433609, -26.863628760858742 ], [ 27.894823076123977, -26.863680308199715 ], [ 27.893947020438649, -26.863299725901769 ], [ 27.893092661796857, -26.863012662304612 ], [ 27.892519619185006, -26.862993854782676 ], [ 27.891822910798645, -26.862687982764292 ], [ 27.891159063639801, -26.862866297641645 ], [ 27.889421302750836, -26.862786766995836 ], [ 27.889375106376022, -26.862808077331028 ], [ 27.889073950402441, -26.862789505431451 ], [ 27.88868438117925, -26.86284970335117 ], [ 27.888278639447659, -26.862902915337362 ], [ 27.888090000353181, -26.862910000196461 ], [ 27.887830985711357, -26.862874005730916 ], [ 27.886128907223245, -26.862554297642824 ], [ 27.885980000176819, -26.863140000011121 ], [ 27.884340000090862, -26.862839999666384 ], [ 27.883379999887087, -26.86408000019193 ], [ 27.883015236663816, -26.863920636728174 ], [ 27.883485555114227, -26.863359573985235 ], [ 27.884208912211466, -26.862474415362041 ], [ 27.884313607686778, -26.861941415963646 ], [ 27.884465892586846, -26.861322756140364 ], [ 27.884199393786929, -26.860951560066489 ], [ 27.88301918109029, -26.859666650995255 ], [ 27.884417788749932, -26.858710426145368 ], [ 27.884451349650035, -26.858796192690257 ], [ 27.886135108948068, -26.860700480143144 ], [ 27.886195701670285, -26.860682908289746 ], [ 27.886937502963391, -26.860150874763178 ], [ 27.887237629213107, -26.859935619333427 ], [ 27.887240952208142, -26.859892254024398 ], [ 27.888369999775584, -26.858930000119482 ], [ 27.88857288233265, -26.856179825638538 ], [ 27.888639999636187, -26.855270000410318 ], [ 27.888699999705189, -26.854510000436246 ], [ 27.888779999797073, -26.853189999818728 ], [ 27.888879999912017, -26.851890000123554 ], [ 27.889009999611734, -26.85008000029185 ], [ 27.889049999657676, -26.849499999625422 ], [ 27.889109999726678, -26.848580000366773 ], [ 27.889169999795591, -26.847700000254882 ], [ 27.889189999818651, -26.847350000302391 ], [ 27.889249999887564, -26.847130000049624 ], [ 27.889399999610252, -26.84680999968182 ], [ 27.889780000046969, -26.846120000237931 ], [ 27.889880335608961, -26.845929888953254 ], [ 27.889969999815598, -26.845759999824267 ], [ 27.890495104965094, -26.844959980918478 ], [ 27.89065681476016, -26.845013433023631 ], [ 27.907066673987806, -26.850437561744204 ], [ 27.905848820166906, -26.851046488204918 ] ] ] } },
{ "type": "Feature", "properties": { "Municipali": "Metsimaholo Local Municipality", "WardNo": "20", "WardLabel": "FS204_20", "Province": "Free State", "CLASSIFICATION": "Manufacturing", "PopGBlack": 10619.689181, "PopGColour": 93.720590528000002, "PopGIndian": 13.895233695, "PopGWhite": 1137.4765446, "PopGOther": 1.4412627, "PopGTotal": 11866.222813 }, "geometry": { "type": "Polygon", "coordinates": [ [ [ 28.039070008374196, -26.797740002199429 ], [ 28.039290001432366, -26.797759998625192 ], [ 28.039730001038716, -26.797709999916638 ], [ 28.040120002835884, -26.797639995789339 ], [ 28.040480002350261, -26.797600003837278 ], [ 28.040700001703751, -26.79763999578935 ], [ 28.041290000133415, -26.797900005081306 ], [ 28.042009998262802, -26.79828000102135 ], [ 28.042790000957766, -26.798639999636361 ], [ 28.043699997057217, -26.799070002378748 ], [ 28.044110003373937, -26.799279995875203 ], [ 28.044929998920338, -26.799679996334806 ], [ 28.045549998733513, -26.799950003390013 ], [ 28.045829996357266, -26.800100000414766 ], [ 28.046169999445883, -26.800310010098986 ], [ 28.046489997115668, -26.800490002211937 ], [ 28.047080001840573, -26.800859998590187 ], [ 28.047310000755953, -26.80099000008855 ], [ 28.047610002899344, -26.801190003016366 ], [ 28.048089988162438, -26.801680003129739 ], [ 28.048499993579785, -26.802229999714818 ], [ 28.048689999643827, -26.802469989198748 ], [ 28.048839996668491, -26.802710001165671 ], [ 28.049070002778475, -26.803169998097061 ], [ 28.04918999662107, -26.803590002176929 ], [ 28.049219999803139, -26.804049999108319 ], [ 28.049110003723694, -26.804449998668638 ], [ 28.049019995976039, -26.804629997976186 ], [ 28.048929996322265, -26.805280000971351 ], [ 28.048879996714433, -26.805630001823204 ], [ 28.048879996714433, -26.806179999307648 ], [ 28.048910007990475, -26.806629996677149 ], [ 28.04903000183316, -26.807040002993872 ], [ 28.049239996228813, -26.807499999925174 ], [ 28.049340001739704, -26.807710002414783 ], [ 28.049409997773207, -26.807959996856475 ], [ 28.04945999738095, -26.80842000188165 ], [ 28.049470003238071, -26.808669997222712 ], [ 28.049589997080755, -26.809270000610123 ], [ 28.049880000561629, -26.81020999899237 ], [ 28.050000003397475, -26.81079998932816 ], [ 28.0501000008144, -26.811030002632645 ], [ 28.050220002750876, -26.811250002885416 ], [ 28.050280001021228, -26.811750000762025 ], [ 28.050429998045985, -26.812389997900159 ], [ 28.050484999683007, -26.812596999352138 ], [ 28.050639999636235, -26.813179999257649 ], [ 28.050699997007307, -26.813520001446985 ], [ 28.050869997652338, -26.813910003244157 ], [ 28.051039999196554, -26.814140002159444 ], [ 28.051340001340037, -26.81441999888391 ], [ 28.051539997073167, -26.814600006285342 ], [ 28.051860002836836, -26.814670002318845 ], [ 28.052249997439489, -26.814750003310102 ], [ 28.052750003409983, -26.814729998790554 ], [ 28.053309997758209, -26.814789996161441 ], [ 28.053699998656011, -26.814789996161444 ], [ 28.053919998908867, -26.814850000727031 ], [ 28.054210003289022, -26.814940001280174 ], [ 28.054539999621326, -26.815030000933852 ], [ 28.054819997245083, -26.815110001925198 ], [ 28.055140003008745, -26.815259998949866 ], [ 28.055550001231584, -26.815640002983795 ], [ 28.055959998555053, -26.815960000653668 ], [ 28.056889999174146, -26.816689997445568 ], [ 28.057299997396985, -26.817039998297339 ], [ 28.057869997602332, -26.817430000094507 ], [ 28.058189997070766, -26.817609999402055 ], [ 28.058550003779654, -26.817760003621409 ], [ 28.059599998241342, -26.818289995686843 ], [ 28.060330002227847, -26.818660001058344 ], [ 28.060860002387162, -26.818859996791559 ], [ 28.06126000194757, -26.819100001563882 ], [ 28.061759999824094, -26.8194100023698 ], [ 28.062299990552138, -26.819749997364621 ], [ 28.062770002333725, -26.819969996718115 ], [ 28.063099997766749, -26.820080000891437 ], [ 28.063269999310968, -26.820089998654591 ], [ 28.063570000555082, -26.820149988830966 ], [ 28.063960003251619, -26.820229997916201 ], [ 28.064389997000763, -26.82034999985267 ], [ 28.064900000734493, -26.820589997430488 ], [ 28.065330002577518, -26.820790001257677 ], [ 28.065610009194607, -26.820899997337115 ], [ 28.065719997180171, -26.821000002848013 ], [ 28.065780001745665, -26.821180003054842 ], [ 28.065780001745665, -26.822049997309609 ], [ 28.065740000800446, -26.822370003972644 ], [ 28.065679996234859, -26.822609999751812 ], [ 28.065619998863877, -26.822919999658353 ], [ 28.065619998863877, -26.823109997628418 ], [ 28.065679996234859, -26.823379996589743 ], [ 28.065740000800446, -26.823509998088021 ], [ 28.066060000268788, -26.823790002906367 ], [ 28.066599998191343, -26.824190003366059 ], [ 28.067079999642285, -26.824370002673614 ], [ 28.067410004068471, -26.824440005901707 ], [ 28.067709998117895, -26.824500003272615 ], [ 28.068019998024532, -26.82456999930611 ], [ 28.06846999719259, -26.82487999921274 ], [ 28.069690000393276, -26.825679998333378 ], [ 28.070000000299821, -26.825819996695614 ], [ 28.070350001151589, -26.825939998632176 ], [ 28.070750000711996, -26.826209997593413 ], [ 28.070939998681975, -26.826360010805935 ], [ 28.070970000964767, -26.826550000682118 ], [ 28.071069999281061, -26.826689999943628 ], [ 28.071209997643297, -26.826869999251187 ], [ 28.071420000132921, -26.827149996874937 ], [ 28.07182999835576, -26.827729995742807 ], [ 28.072480001351007, -26.828569995808753 ], [ 28.072820002640974, -26.828999998551236 ], [ 28.073140001210128, -26.829379993591914 ], [ 28.073450009210557, -26.829749998963415 ], [ 28.073769999685737, -26.830069998431757 ], [ 28.074120001436963, -26.830469997092795 ], [ 28.074420001781707, -26.830689998244939 ], [ 28.074759996776443, -26.830889993978161 ], [ 28.075019997974525, -26.831100003662375 ], [ 28.075310002354769, -26.831439997757741 ], [ 28.075719999678238, -26.831900002783012 ], [ 28.076269996263314, -26.832320006862968 ], [ 28.077120003085664, -26.832819996645615 ], [ 28.077539999071746, -26.833029999135324 ], [ 28.077849998978291, -26.833169998396841 ], [ 28.07824999943789, -26.833460001877715 ], [ 28.078600000289835, -26.833790006303904 ], [ 28.079130000449151, -26.834139999061783 ], [ 28.079499996827398, -26.834359991220765 ], [ 28.080159997585888, -26.834690010935343 ], [ 28.080789996061498, -26.834949996845037 ], [ 28.081879999562378, -26.835442996197397 ], [ 28.081940005027246, -26.835469999241198 ], [ 28.083269997112684, -26.836030001683305 ], [ 28.083850004074431, -26.836300000644627 ], [ 28.084229999115198, -26.836420002581196 ], [ 28.08466999962074, -26.836619999213688 ], [ 28.085060001417908, -26.836770004332333 ], [ 28.086080000791405, -26.837149999373093 ], [ 28.086470002588573, -26.837300003592365 ], [ 28.086989996890857, -26.837450000617121 ], [ 28.087400003207577, -26.837549998933419 ], [ 28.08769999725709, -26.837699995958168 ], [ 28.087980002075444, -26.837850001076813 ], [ 28.088439999006745, -26.837959997156251 ], [ 28.088789999858601, -26.83808999775534 ], [ 28.089519995751225, -26.838309998008114 ], [ 28.090179997408995, -26.838489997315659 ], [ 28.090889996875859, -26.838709997568433 ], [ 28.09153999987111, -26.838960001003358 ], [ 28.092070000030425, -26.839109998028118 ], [ 28.093619999563327, -26.839599997242214 ], [ 28.094100001014272, -26.839740003698328 ], [ 28.094500000574591, -26.839809998832461 ], [ 28.095040000295796, -26.839999996802526 ], [ 28.095589995981591, -26.840230002912428 ], [ 28.096109999277036, -26.840330001228715 ], [ 28.096490002411684, -26.840379999937181 ], [ 28.097150003170086, -26.840469999590947 ], [ 28.097789999408935, -26.840469999590951 ], [ 28.098409999222113, -26.840560000144006 ], [ 28.098840001964504, -26.840680002080482 ], [ 28.099159999634288, -26.840720003025883 ], [ 28.099590002376768, -26.840789998160016 ], [ 28.10006999573374, -26.8408600022874 ], [ 28.100570000804954, -26.840900002333342 ], [ 28.101169988903891, -26.841019997075307 ], [ 28.10156999655818, -26.841090000303321 ], [ 28.101919998309317, -26.841130001248722 ], [ 28.102369995678817, -26.841130001248725 ], [ 28.103180001555856, -26.841160002632151 ], [ 28.104190004065394, -26.841189997720342 ], [ 28.104569999106161, -26.841219992808522 ], [ 28.104929997721257, -26.841290004130425 ], [ 28.105329998180945, -26.841369997027883 ], [ 28.105750002260816, -26.841549997234711 ], [ 28.1064700003902, -26.841690003690829 ], [ 28.10690000223331, -26.841799999770274 ], [ 28.107369997827131, -26.841899998086564 ], [ 28.107840000615553, -26.842010002259897 ], [ 28.108240001075153, -26.842090003251144 ], [ 28.108860000888331, -26.842280001221123 ], [ 28.109619999063746, -26.842479996954342 ], [ 28.110419999083664, -26.842630002073072 ], [ 28.110980002425141, -26.842779999097743 ], [ 28.111709998317764, -26.842940001979617 ], [ 28.112170003342946, -26.843009997113839 ], [ 28.112639998037491, -26.843169999995627 ], [ 28.113140004007985, -26.84335999796561 ], [ 28.11355000223082, -26.843539998172528 ], [ 28.114000001398974, -26.843780002045563 ], [ 28.114189997570392, -26.843910002644648 ], [ 28.114270000360296, -26.843989996441309 ], [ 28.114300002642999, -26.844069998331847 ], [ 28.114419997384964, -26.844180001605881 ], [ 28.114620001212064, -26.844270002159028 ], [ 28.114810006376732, -26.844379998238477 ], [ 28.115050003055259, -26.844699995908172 ], [ 28.115230003262003, -26.84514000540705 ], [ 28.115309996159464, -26.845309997958108 ], [ 28.115460001278102, -26.845640003283659 ], [ 28.115630001923041, -26.845879999062824 ], [ 28.115819999893109, -26.846120003835146 ], [ 28.115959999154715, -26.846480003349612 ], [ 28.116139997562804, -26.846729997791297 ], [ 28.116459997031328, -26.847069999980629 ], [ 28.116659999959055, -26.847250000187458 ], [ 28.116840000165887, -26.847479998203468 ], [ 28.117029998135866, -26.847730000739027 ], [ 28.117410001270514, -26.848199996332859 ], [ 28.117840003113713, -26.848700002303435 ], [ 28.118039998846932, -26.848960002602148 ], [ 28.118250001336548, -26.849190002416723 ], [ 28.118430000644008, -26.849460001378045 ], [ 28.11849999577823, -26.849680000731535 ], [ 28.118539996723545, -26.849949999692857 ], [ 28.118640003133631, -26.850210000890932 ], [ 28.118740000550645, -26.850399998861 ], [ 28.118889997575312, -26.850709998767552 ], [ 28.119109997828172, -26.850939997682843 ], [ 28.119419997734717, -26.851180001555974 ], [ 28.119540000570563, -26.851279999872261 ], [ 28.119689996696039, -26.851510006881437 ], [ 28.11990000008494, -26.851729999040327 ], [ 28.120349998353721, -26.852380002035577 ], [ 28.120489996715957, -26.852610000051584 ], [ 28.120640001834595, -26.852950003140297 ], [ 28.1207800010962, -26.853400002308355 ], [ 28.120919998559152, -26.853880010953812 ], [ 28.121069995583824, -26.854409994925444 ], [ 28.121130001048687, -26.854850004424243 ], [ 28.121189999319039, -26.855229998565729 ], [ 28.121300002593085, -26.855790001907121 ], [ 28.121340002639027, -26.856280002020583 ], [ 28.121400000909379, -26.857539998072522 ], [ 28.121449999617749, -26.858050001806255 ], [ 28.121530000609095, -26.8583600017128 ], [ 28.121549997934046, -26.858779997698871 ], [ 28.121560003791163, -26.85930999875756 ], [ 28.121549997934046, -26.860760000873452 ], [ 28.121589997980077, -26.86135000559835 ], [ 28.121610003398995, -26.861740000201006 ], [ 28.121610003398995, -26.862130001098809 ], [ 28.121560003791163, -26.862679997683884 ], [ 28.121549997934046, -26.863169997797254 ], [ 28.121520002845855, -26.863990002336894 ], [ 28.121530000609095, -26.86445999703135 ], [ 28.121449999617749, -26.865050001756252 ], [ 28.121359999964067, -26.865620002860968 ], [ 28.121170001994088, -26.867059999119828 ], [ 28.121130001048687, -26.86746999734266 ], [ 28.121090001002745, -26.867779997249208 ], [ 28.121069995583824, -26.867989999738825 ], [ 28.12099000268654, -26.868339999691404 ], [ 28.120950001741228, -26.868569998606691 ], [ 28.120919998559152, -26.868879999412524 ], [ 28.120860002087454, -26.869130001948175 ], [ 28.120810003378992, -26.869390003146258 ], [ 28.120699999205666, -26.869599996642624 ], [ 28.120100003012759, -26.870249992443362 ], [ 28.119580000616505, -26.870690000143501 ], [ 28.119239999326538, -26.870959999104738 ], [ 28.119019998174398, -26.871099998366347 ], [ 28.117779997648761, -26.87210000131417 ], [ 28.117549999632839, -26.872330000229457 ], [ 28.117230001963055, -26.872509998637639 ], [ 28.116920002056421, -26.872710003364109 ], [ 28.116560001642764, -26.87315000386965 ], [ 28.116239995879099, -26.87352000114727 ], [ 28.116120002036503, -26.873719988786597 ], [ 28.115850003075181, -26.874419998584198 ], [ 28.115819999893105, -26.87464999660012 ], [ 28.115739998901855, -26.875169998996373 ], [ 28.115659997011232, -26.875849997079818 ], [ 28.115619996066009, -26.876419998184438 ], [ 28.115599999640338, -26.877360003761289 ], [ 28.115609998302769, -26.878130000599128 ], [ 28.115649999248081, -26.878480002350269 ], [ 28.115649999248081, -26.879039996698587 ], [ 28.115690000193393, -26.879659997411043 ], [ 28.115720001576815, -26.880149995725855 ], [ 28.115800004366719, -26.88066000035878 ], [ 28.11583000575023, -26.881100000864496 ], [ 28.115850003075181, -26.881439994959873 ], [ 28.115910000446164, -26.881869997702346 ], [ 28.115919998209403, -26.882300000444737 ], [ 28.115929995972554, -26.882449996570209 ], [ 28.115950001391475, -26.882700000005052 ], [ 28.116070003328041, -26.883270001109775 ], [ 28.116269999061259, -26.883939999631409 ], [ 28.116430001943044, -26.884389998799474 ], [ 28.116600002588076, -26.884900003432566 ], [ 28.116780002794904, -26.885329997181717 ], [ 28.117000003047675, -26.886020000222903 ], [ 28.117140002309281, -26.886320002366304 ], [ 28.117259996151965, -26.886569996807982 ], [ 28.117590000578062, -26.887189996621156 ], [ 28.117890001822175, -26.887759997725787 ], [ 28.11006274699815, -26.890084073421416 ], [ 28.106954643242272, -26.89112010770689 ], [ 28.10431746407976, -26.891873586696757 ], [ 28.093297823735533, -26.895264245748422 ], [ 28.087552540817143, -26.897618869615233 ], [ 28.087196224026492, -26.897669772142404 ], [ 28.08707199077978, -26.897687520262981 ], [ 28.086750997560486, -26.898092000245729 ], [ 28.082323000206369, -26.89989900083836 ], [ 28.082062376677385, -26.900005593883144 ], [ 28.081790010700505, -26.899443841360334 ], [ 28.081462384981059, -26.898744905353229 ], [ 28.081156600196991, -26.898220703123066 ], [ 28.080763448074666, -26.897456240712977 ], [ 28.079824251887707, -26.896822830209555 ], [ 28.078295328866364, -26.895752583015401 ], [ 28.077758601778079, -26.895326903314047 ], [ 28.077890997271759, -26.895180002655117 ], [ 28.079756997887209, -26.893140003008842 ], [ 28.080983477105839, -26.891839569840403 ], [ 28.082175472719875, -26.890912459642454 ], [ 28.084029694914506, -26.889654244248099 ], [ 28.085265840046539, -26.889058246440989 ], [ 28.086362002104728, -26.888641994332737 ], [ 28.071698770182095, -26.891950038063953 ], [ 28.071596999302106, -26.891972997755783 ], [ 28.07081200896706, -26.892149997824255 ], [ 28.066898004739137, -26.893030996183676 ], [ 28.066897019082159, -26.89303118773925 ], [ 28.066780000196822, -26.893189999918647 ], [ 28.066359999714251, -26.893000000150018 ], [ 28.064349999652745, -26.892730000289419 ], [ 28.063970000115489, -26.894999999750269 ], [ 28.063629999724711, -26.897029999834746 ], [ 28.063011234680797, -26.900812453032419 ], [ 28.0635797429108, -26.900687059660196 ], [ 28.063910000046484, -26.900610000351396 ], [ 28.06411215055526, -26.900568215151118 ], [ 28.06570799572745, -26.900205003258389 ], [ 28.06570256472158, -26.900239423910399 ], [ 28.065699003406344, -26.900261999591727 ], [ 28.064537001981037, -26.907165999611315 ], [ 28.064462003019059, -26.907603000877952 ], [ 28.064450999813779, -26.907671001315769 ], [ 28.064135996978678, -26.90953799927938 ], [ 28.063716000992684, -26.912023999707909 ], [ 28.063257001409454, -26.914751999605269 ], [ 28.063018002079083, -26.916165999161652 ], [ 28.062602002680244, -26.91863099772247 ], [ 28.06234299972969, -26.920168000253057 ], [ 28.062017998232065, -26.922099001168046 ], [ 28.063517999056419, -26.928796988989934 ], [ 28.064215997969931, -26.931517999356291 ], [ 28.064618997668607, -26.933291000179604 ], [ 28.066993998374308, -26.943741999194074 ], [ 28.067392002339027, -26.94555199992497 ], [ 28.068924998389928, -26.952527001420105 ], [ 28.070533000597496, -26.959350998649789 ], [ 28.070595998106839, -26.959917999616064 ], [ 28.071026998197393, -26.963749001815085 ], [ 28.072433009975416, -26.97143400187781 ], [ 28.072459047147301, -26.971599746031583 ], [ 28.066528320425661, -26.972473145119654 ], [ 28.065124511986657, -26.964782714950449 ], [ 28.025695800820493, -26.97052001998301 ], [ 28.025085448934302, -26.94622802840092 ], [ 28.026489258272679, -26.939208984407255 ], [ 28.025695800820493, -26.93310546914223 ], [ 28.013305663825257, -26.91912841814208 ], [ 27.994323730056085, -26.918090819935522 ], [ 27.994506837420644, -26.920471191392448 ], [ 27.966080653399398, -26.919582115322431 ], [ 27.96605977294017, -26.914000428976689 ], [ 27.966037009300486, -26.907915992828883 ], [ 27.966071707843014, -26.906949483332092 ], [ 27.966108991037146, -26.905910991199359 ], [ 27.970606014056269, -26.899543992561355 ], [ 27.982247012189898, -26.883182011440798 ], [ 27.978544051866457, -26.875121959011313 ], [ 27.969692513298831, -26.871336058712188 ], [ 27.959577021662156, -26.867400814296257 ], [ 27.970715993947955, -26.858082994334787 ], [ 27.984055001137431, -26.84673400337169 ], [ 27.985803046673219, -26.84530800685917 ], [ 27.985970999561971, -26.845170996944034 ], [ 27.985216064569762, -26.844060669664305 ], [ 27.984284736551324, -26.842690912255925 ], [ 27.981634159289026, -26.840160038355251 ], [ 27.98202002870136, -26.839867261365129 ], [ 28.033014087030505, -26.794723549252534 ], [ 28.033340003138658, -26.794690000942893 ], [ 28.034299997946569, -26.794720004124962 ], [ 28.034710004263289, -26.794749998313875 ], [ 28.034959997805601, -26.794789999259184 ], [ 28.03517000119459, -26.794920007052781 ], [ 28.03539000144745, -26.795159995637341 ], [ 28.035759989731726, -26.795509997388571 ], [ 28.036499999575351, -26.796299997846688 ], [ 28.036961992102253, -26.796754999943403 ], [ 28.037190004415194, -26.796980004024007 ], [ 28.037420002431119, -26.79710999562985 ], [ 28.037829999754674, -26.797340002639107 ], [ 28.03830000344238, -26.797510004183504 ], [ 28.03875000171125, -26.7976299980261 ], [ 28.039070008374196, -26.797740002199429 ] ] ] } },
{ "type": "Feature", "properties": { "Municipali": "Metsimaholo Local Municipality", "WardNo": "21", "WardLabel": "FS204_21", "Province": "Free State", "CLASSIFICATION": "Manufacturing", "PopGBlack": 6609.5179368, "PopGColour": 25.336512352, "PopGIndian": 14.718085837, "PopGWhite": 19.947963132999998, "PopGOther": 2.8825254, "PopGTotal": 6672.4030236 }, "geometry": { "type": "Polygon", "coordinates": [ [ [ 27.882802762837198, -26.843130630374453 ], [ 27.88756448781081, -26.845439163087008 ], [ 27.888019999823097, -26.845659999709326 ], [ 27.888810000281214, -26.846040000145955 ], [ 27.889140000210819, -26.846100000214957 ], [ 27.889309999956478, -26.846120000237935 ], [ 27.889639999885993, -26.846040000145955 ], [ 27.889880000161824, -26.845929999569925 ], [ 27.889880335608961, -26.845929888953254 ], [ 27.889780000046969, -26.846120000237931 ], [ 27.889399999610252, -26.84680999968182 ], [ 27.889249999887564, -26.847130000049624 ], [ 27.889189999818651, -26.847350000302391 ], [ 27.889169999795591, -26.847700000254882 ], [ 27.889109999726678, -26.848580000366773 ], [ 27.889049999657676, -26.849499999625422 ], [ 27.889009999611734, -26.85008000029185 ], [ 27.888879999912017, -26.851890000123554 ], [ 27.888779999797073, -26.853189999818728 ], [ 27.888699999705189, -26.854510000436246 ], [ 27.888639999636187, -26.855270000410318 ], [ 27.88857288233265, -26.856179825638538 ], [ 27.888369999775584, -26.858930000119482 ], [ 27.887240952208142, -26.859892254024398 ], [ 27.887237629213107, -26.859935619333427 ], [ 27.886937502963391, -26.860150874763178 ], [ 27.886195701670285, -26.860682908289746 ], [ 27.886135108948068, -26.860700480143144 ], [ 27.884451349650035, -26.858796192690257 ], [ 27.884417788749932, -26.858710426145368 ], [ 27.88301918109029, -26.859666650995255 ], [ 27.882029721794193, -26.860364675989061 ], [ 27.880773366197836, -26.858718089268493 ], [ 27.879659778875656, -26.858185088970814 ], [ 27.88066866982324, -26.856709823999303 ], [ 27.881253155408775, -26.856894049221129 ], [ 27.88131607557634, -26.856698091443835 ], [ 27.881471071932356, -26.855620680250233 ], [ 27.881537997680411, -26.855505002254162 ], [ 27.881608000908425, -26.855518000155676 ], [ 27.881616602923884, -26.855455917256858 ], [ 27.881915998024859, -26.853295001063575 ], [ 27.881930002267779, -26.85313099170202 ], [ 27.881962996594961, -26.853130991702024 ], [ 27.881970003213091, -26.850640003633327 ], [ 27.881993414364509, -26.850338137195433 ], [ 27.882024161285962, -26.849746261880625 ], [ 27.882031847791527, -26.849315807678483 ], [ 27.882001100870074, -26.849162073970671 ], [ 27.881831994151135, -26.848893039981888 ], [ 27.881685946948892, -26.848723933263042 ], [ 27.881516840229953, -26.848570197756501 ], [ 27.881332359600695, -26.848524077823999 ], [ 27.881241814957708, -26.848503381725834 ], [ 27.881063324712635, -26.848462584880462 ], [ 27.881063324712635, -26.848401091936928 ], [ 27.881040265196027, -26.848139745353084 ], [ 27.880909591904107, -26.846271880443052 ], [ 27.881450976581196, -26.844950702612891 ], [ 27.88174744079171, -26.844227222308511 ], [ 27.882070281218461, -26.844296401757621 ], [ 27.882446928982546, -26.84360460007235 ], [ 27.882802762837198, -26.843130630374453 ] ] ] } },
{ "type": "Feature", "properties": { "Municipali": "Metsimaholo Local Municipality", "WardNo": "22", "WardLabel": "FS204_22", "Province": "Free State", "CLASSIFICATION": "Manufacturing", "PopGBlack": 515.57919105500241, "PopGColour": 56.9849671, "PopGIndian": 42.086835, "PopGWhite": 2728.9980362050383, "PopGOther": 15.6451049, "PopGTotal": 3359.2941342600411 }, "geometry": { "type": "Polygon", "coordinates": [ [ [ 27.858689999843509, -26.753589999578939 ], [ 27.857889999823591, -26.76103000003457 ], [ 27.857339999641216, -26.766189999668804 ], [ 27.856770000335235, -26.771479999902215 ], [ 27.85670970169129, -26.772005453089317 ], [ 27.856699999805066, -26.772090000153508 ], [ 27.856449999967523, -26.774459999729302 ], [ 27.856364916007998, -26.775278526682715 ], [ 27.856280999368582, -26.775273003046763 ], [ 27.849530003706704, -26.774660000858479 ], [ 27.849277998380856, -26.774715992649053 ], [ 27.84922369821507, -26.775147332683321 ], [ 27.849240874366771, -26.775140086845614 ], [ 27.848805762575815, -26.780110697350942 ], [ 27.848693583841783, -26.780455864346731 ], [ 27.848252137226254, -26.78179925543132 ], [ 27.848325999445258, -26.78522399609065 ], [ 27.84832622607437, -26.785242645331916 ], [ 27.837733435449628, -26.785436415058584 ], [ 27.836219001405677, -26.785584002799631 ], [ 27.829573997142123, -26.785638997242049 ], [ 27.824256473157696, -26.785692828861041 ], [ 27.824256386822753, -26.785692241603773 ], [ 27.824238018169932, -26.785567335664137 ], [ 27.824197116103935, -26.784994705841108 ], [ 27.82413576255529, -26.784176663622251 ], [ 27.824258468753293, -26.782376970920541 ], [ 27.824305773992219, -26.781615371052666 ], [ 27.824389124058712, -26.780273434171761 ], [ 27.824833369364413, -26.780160196036267 ], [ 27.825157070442355, -26.780415749187618 ], [ 27.825480770621017, -26.780500932971734 ], [ 27.83302811505542, -26.7789335387519 ], [ 27.83369255396811, -26.778439469206269 ], [ 27.833743664238614, -26.778303174252194 ], [ 27.834305881711014, -26.777723920022993 ], [ 27.835481427825599, -26.776667632105678 ], [ 27.836043645297913, -26.776292820757138 ], [ 27.836554751600438, -26.776071341119575 ], [ 27.837185116999514, -26.775986157335367 ], [ 27.837679187444518, -26.776088377876462 ], [ 27.838105109063466, -26.776412078954412 ], [ 27.838411773384518, -26.776752816789159 ], [ 27.83873547356318, -26.777280960747856 ], [ 27.838123000176239, -26.774983988820175 ], [ 27.840162001575074, -26.774577997077017 ], [ 27.84092300609181, -26.7744229971237 ], [ 27.842769011180867, -26.774266998922943 ], [ 27.842837002625522, -26.774101003858313 ], [ 27.842565000874, -26.771535000639876 ], [ 27.844612996392595, -26.770081999284908 ], [ 27.844589965654301, -26.769671698889915 ], [ 27.843874634106971, -26.761991294362886 ], [ 27.84391228332511, -26.761652452298968 ], [ 27.847150100796494, -26.758979370401711 ], [ 27.847225399232784, -26.758301687173152 ], [ 27.847468285433003, -26.758341761862944 ], [ 27.848097400774336, -26.752473138724469 ], [ 27.847695407417067, -26.751767176314249 ], [ 27.847670765093685, -26.749982322426369 ], [ 27.846274732193113, -26.749454341244924 ], [ 27.846320737012359, -26.749225355865651 ], [ 27.846634781170145, -26.746752508021903 ], [ 27.845860999985153, -26.746238998730906 ], [ 27.846180001206061, -26.746149996425292 ], [ 27.84677999560023, -26.746030001683319 ], [ 27.847270003807569, -26.745959999354596 ], [ 27.84848999981357, -26.745779999147764 ], [ 27.849450001816084, -26.745609997603363 ], [ 27.850110002574485, -26.7455900011777 ], [ 27.851109999226988, -26.745599999840213 ], [ 27.852009995764639, -26.745730000439298 ], [ 27.853120003785076, -26.745940002029553 ], [ 27.854303659985863, -26.746267681708236 ], [ 27.854889996376151, -26.746430002143004 ], [ 27.855459996581494, -26.746549995985607 ], [ 27.85622000375016, -26.746749999812707 ], [ 27.857110003423852, -26.746910002694591 ], [ 27.857860003836027, -26.746979998728087 ], [ 27.858640996684553, -26.746989997390521 ], [ 27.858879907881338, -26.746992366204829 ], [ 27.858850000027452, -26.74775999962441 ], [ 27.858689999843509, -26.753589999578939 ] ] ] } },
{ "type": "Feature", "properties": { "Municipali": "Metsimaholo Local Municipality", "WardNo": "23", "WardLabel": "FS204_23", "Province": "Free State", "CLASSIFICATION": "Manufacturing", "PopGBlack": 13676.488249, "PopGColour": 106.16121107, "PopGIndian": 13.750741067, "PopGWhite": 552.82035286999997, "PopGOther": 0.0, "PopGTotal": 14349.220554 }, "geometry": { "type": "Polygon", "coordinates": [ [ [ 27.907066673987806, -26.850437561744204 ], [ 27.928317992980904, -26.85746199087821 ], [ 27.934567184028296, -26.859546000647498 ], [ 27.959161989933879, -26.867747993974856 ], [ 27.959577021662156, -26.867400814296257 ], [ 27.969692513298831, -26.871336058712188 ], [ 27.978544051866457, -26.875121959011313 ], [ 27.982247012189898, -26.883182011440798 ], [ 27.970606014056269, -26.899543992561355 ], [ 27.966108991037146, -26.905910991199359 ], [ 27.966071707843014, -26.906949483332092 ], [ 27.966037009300486, -26.907915992828883 ], [ 27.96605977294017, -26.914000428976689 ], [ 27.966080653399398, -26.919582115322431 ], [ 27.966080988846535, -26.919671989071144 ], [ 27.944574992641769, -26.918924992394629 ], [ 27.940517989913246, -26.930770990988499 ], [ 27.938815248624742, -26.935656960000816 ], [ 27.937140011302454, -26.94046400900687 ], [ 27.936139992166865, -26.943619010608977 ], [ 27.935652992191766, -26.945251989687684 ], [ 27.928609989359533, -26.966010991913869 ], [ 27.923509991592763, -26.963370012216448 ], [ 27.920220009845547, -26.961740009893635 ], [ 27.91150999039364, -26.957440010348318 ], [ 27.873392996189715, -26.938421010121601 ], [ 27.873633483898132, -26.932805701721822 ], [ 27.873971261164733, -26.929512414066796 ], [ 27.874084017263502, -26.928413051321332 ], [ 27.876119576057558, -26.908566137917052 ], [ 27.876297168779242, -26.905636075644505 ], [ 27.877273858601683, -26.902972395259891 ], [ 27.88038148211967, -26.894892547852933 ], [ 27.88352296871, -26.886771710246375 ], [ 27.886622294183422, -26.878759862377859 ], [ 27.886676018783216, -26.878620981872899 ], [ 27.886977984146593, -26.873902989131697 ], [ 27.887452981769609, -26.867580016804464 ], [ 27.887602976995716, -26.86569944177587 ], [ 27.887625984351647, -26.865410983330303 ], [ 27.887830985711357, -26.862874005730916 ], [ 27.888090000353181, -26.862910000196461 ], [ 27.888278639447659, -26.862902915337362 ], [ 27.88868438117925, -26.86284970335117 ], [ 27.889073950402441, -26.862789505431451 ], [ 27.889375106376022, -26.862808077331028 ], [ 27.889421302750836, -26.862786766995836 ], [ 27.891159063639801, -26.862866297641645 ], [ 27.891822910798645, -26.862687982764292 ], [ 27.892519619185006, -26.862993854782676 ], [ 27.893092661796857, -26.863012662304612 ], [ 27.893947020438649, -26.863299725901769 ], [ 27.894823076123977, -26.863680308199715 ], [ 27.894831818433609, -26.863628760858742 ], [ 27.895469677883312, -26.862834443654734 ], [ 27.89551781769314, -26.862413214698208 ], [ 27.895397466819606, -26.862100302786807 ], [ 27.894952169307142, -26.861630934020472 ], [ 27.894867922616452, -26.861414301728718 ], [ 27.894843853161223, -26.861197670336342 ], [ 27.894891992971051, -26.860656091405659 ], [ 27.894940133680159, -26.860102475948622 ], [ 27.894879958243436, -26.859380369808317 ], [ 27.895156765072628, -26.859440546144413 ], [ 27.895481712610927, -26.859488685954148 ], [ 27.895698344902677, -26.859488685954151 ], [ 27.895854800858334, -26.85933222999849 ], [ 27.897892690695127, -26.856100382226959 ], [ 27.898643269371405, -26.854499148317139 ], [ 27.899393847148225, -26.853448339069697 ], [ 27.900044348367963, -26.85184710515988 ], [ 27.902496236611956, -26.852997991863951 ], [ 27.903246816187604, -26.852397528922886 ], [ 27.903797239950613, -26.852047259173773 ], [ 27.905848820166906, -26.851046488204918 ], [ 27.907066673987806, -26.850437561744204 ] ] ] } }
]
}
