{
"type": "FeatureCollection",
"name": "Mogalakwena_Local_Municipality",
"crs": { "type": "name", "properties": { "name": "urn:ogc:def:crs:OGC:1.3:CRS84" } },
"features": [
{ "type": "Feature", "properties": { "Municipali": "Mogalakwena Local Municipality", "WardNo": "1", "WardLabel": "LIM367_1", "Province": "Limpopo", "CLASSIFICATION": "Service centre", "PopGBlack": 10785.263766000002, "PopGColour": 17.312962042, "PopGIndian": 35.953568726, "PopGWhite": 7.086656208, "PopGOther": 5.6429018, "PopGTotal": 10851.259855 }, "geometry": { "type": "Polygon", "coordinates": [ [ [ 28.77723996225447, -23.379339962669192 ], [ 28.793542974828451, -23.411927981591045 ], [ 28.7956099712233, -23.416060029147069 ], [ 28.827351970916787, -23.453765031331191 ], [ 28.827389969971179, -23.453810028909743 ], [ 28.802007527025836, -23.456289157618553 ], [ 28.80196893172084, -23.457099667115941 ], [ 28.801948775215841, -23.457698400660639 ], [ 28.801979029308853, -23.458091704768403 ], [ 28.801994155905625, -23.458409374093382 ], [ 28.801994155905625, -23.458651406836921 ], [ 28.801948775215841, -23.45898420275876 ], [ 28.801842885440848, -23.459211109804894 ], [ 28.801615979294084, -23.459513651633728 ], [ 28.801404199744102, -23.459710303687565 ], [ 28.801268055876104, -23.459982591423479 ], [ 28.801207547690261, -23.4602548791594 ], [ 28.801101657915265, -23.460481785306158 ], [ 28.80104114972934, -23.460935597599772 ], [ 28.80104114972934, -23.461283521017755 ], [ 28.80104114972934, -23.46163144443565 ], [ 28.80104114972934, -23.46196424035741 ], [ 28.80104114972934, -23.462297036279253 ], [ 28.80104114972934, -23.462569323115797 ], [ 28.801010895636331, -23.462750847673487 ], [ 28.801010895636331, -23.462947500626701 ], [ 28.801010895636331, -23.463129026083678 ], [ 28.801056277225484, -23.463461822005524 ], [ 28.801026023132565, -23.463764362934985 ], [ 28.801147038604963, -23.463991269981118 ], [ 28.801162166101108, -23.464248430220881 ], [ 28.801162166101108, -23.464505591359934 ], [ 28.801131912008188, -23.464747624103648 ], [ 28.800995769039552, -23.464944276157404 ], [ 28.800889879264563, -23.465186309800302 ], [ 28.800844497675499, -23.465609868000989 ], [ 28.800844497675499, -23.465957791418891 ], [ 28.800844497675499, -23.466199825061892 ], [ 28.800844497675499, -23.466441857805506 ], [ 28.800859625171555, -23.466668763952367 ], [ 28.800889879264563, -23.467062068959326 ], [ 28.800889879264563, -23.46725872101317 ], [ 28.800859625171555, -23.467485627160013 ], [ 28.800844497675499, -23.467682279213854 ], [ 28.800905005861424, -23.467939440352904 ], [ 28.800980640644134, -23.468181473096536 ], [ 28.800980640644134, -23.468393251747152 ], [ 28.800874751768422, -23.46862015879336 ], [ 28.800814242683206, -23.468801684250344 ], [ 28.800632718125517, -23.469255497443232 ], [ 28.800572209939585, -23.469618546558721 ], [ 28.800541955846665, -23.470042104759319 ], [ 28.800496575156881, -23.470390028177306 ], [ 28.800466320164588, -23.470798459781133 ], [ 28.800436066071676, -23.471131255702886 ], [ 28.800405811978663, -23.471569941399718 ], [ 28.800315049699901, -23.471948118011255 ], [ 28.800163779235035, -23.472265787336234 ], [ 28.800073016056906, -23.472734727125992 ], [ 28.800042761963905, -23.473067523047742 ], [ 28.800027635367126, -23.473370064876669 ], [ 28.800027635367126, -23.47379362307727 ], [ 28.799936872188908, -23.474081038309333 ], [ 28.799815855817144, -23.474277690363085 ], [ 28.799785600824851, -23.474595358788779 ], [ 28.799755346731928, -23.475049171082386 ], [ 28.79977047422808, -23.475457602686209 ], [ 28.799815855817144, -23.476077812940744 ], [ 28.799830983313285, -23.476334974079794 ], [ 28.799982253778062, -23.476713150691339 ], [ 28.799967126281921, -23.47684929455934 ], [ 28.799967126281921, -23.477030820016317 ], [ 28.799785600824851, -23.477348489341288 ], [ 28.799558694678087, -23.477802301634906 ], [ 28.799362042624246, -23.478256113928516 ], [ 28.799225898756248, -23.478573783253495 ], [ 28.799120009880625, -23.47907297713617 ], [ 28.799029246702407, -23.479602425111846 ], [ 28.799029246702407, -23.479980601723387 ], [ 28.798893102834498, -23.480449542412511 ], [ 28.798787213958786, -23.480873100613113 ], [ 28.798560306912652, -23.481342040402865 ], [ 28.798303146672968, -23.481780726099615 ], [ 28.798061113029974, -23.482083267928445 ], [ 28.79775857210042, -23.482446317943207 ], [ 28.797577046643447, -23.482597589307357 ], [ 28.797365267093461, -23.482854748647757 ], [ 28.797108106853692, -23.483187544569507 ], [ 28.796760184335074, -23.483490087297717 ], [ 28.796487895699883, -23.483792629126544 ], [ 28.796215608863331, -23.484125425048298 ], [ 28.795973575220426, -23.484488475063063 ], [ 28.795776923166496, -23.484775889395756 ], [ 28.795580271112655, -23.484881779170745 ], [ 28.79500544064863, -23.484957413953534 ], [ 28.794581883347309, -23.485033049635529 ], [ 28.794370103797323, -23.485305337371436 ], [ 28.794112942658188, -23.485668388285479 ], [ 28.793901164007568, -23.485804531254107 ], [ 28.793659131263947, -23.485940675122109 ], [ 28.793296080349904, -23.486107073082948 ], [ 28.793099428296063, -23.486273471043862 ], [ 28.79279688736651, -23.486621393562483 ], [ 28.79264561600236, -23.486984443577242 ], [ 28.792630489405582, -23.487317240398372 ], [ 28.792630489405582, -23.487513891552844 ], [ 28.792358200770391, -23.487710545405328 ], [ 28.792176676212694, -23.487892069963117 ], [ 28.791732395833453, -23.48826430385456 ], [ 28.791561462591492, -23.488264303854564 ], [ 28.790199210924911, -23.488455020382908 ], [ 28.789163898794929, -23.488482265344221 ], [ 28.786057962405067, -23.488209814831137 ], [ 28.777666484620607, -23.487365218330226 ], [ 28.769792663800459, -23.486602355814036 ], [ 28.759494033323069, -23.485594290444197 ], [ 28.752710013656241, -23.484913161912928 ], [ 28.744870224081648, -23.484081729688086 ], [ 28.74437000227385, -23.484039998447226 ], [ 28.744336496232357, -23.484060979630502 ], [ 28.731751917716903, -23.500531892033187 ], [ 28.730030776299341, -23.502613248802344 ], [ 28.728305194029552, -23.502286124904774 ], [ 28.726555802208544, -23.502002440060537 ], [ 28.724144477885403, -23.501624193301918 ], [ 28.723293423352864, -23.501671473359828 ], [ 28.720456572213088, -23.502238843947488 ], [ 28.717856125859544, -23.502900775550355 ], [ 28.713084795227182, -23.504603981788364 ], [ 28.713113371185134, -23.504635734151755 ], [ 28.710706991334639, -23.505472278123094 ], [ 28.709013390755484, -23.506066524050855 ], [ 28.708151734115315, -23.506274510260443 ], [ 28.704823958359018, -23.506036812249036 ], [ 28.696207393756218, -23.505056305703924 ], [ 28.689878675660413, -23.50437292257233 ], [ 28.685926941275355, -23.504046088256359 ], [ 28.681288989095627, -23.503601878024213 ], [ 28.678862107400381, -23.503409087659289 ], [ 28.677206383567853, -23.503284341798977 ], [ 28.675834174607523, -23.503159595938591 ], [ 28.674609394208197, -23.50304618962998 ], [ 28.67392895905429, -23.503012168276957 ], [ 28.673239649390364, -23.5030323481644 ], [ 28.666463638186407, -23.502049078002582 ], [ 28.66093265022171, -23.500925495615174 ], [ 28.66087188932628, -23.500749287849377 ], [ 28.660713686887135, -23.500483223422002 ], [ 28.660615781293284, -23.500326572313472 ], [ 28.660569868204927, -23.500253112091485 ], [ 28.660404475686047, -23.499972663907336 ], [ 28.660310992957999, -23.499720979639509 ], [ 28.660239084066536, -23.499526824103683 ], [ 28.660152792317589, -23.499318285710284 ], [ 28.660052118610441, -23.499224803881607 ], [ 28.659872345032731, -23.499124130174462 ], [ 28.659678188597621, -23.49892278276025 ], [ 28.659577514890472, -23.498735818203436 ], [ 28.659555941953261, -23.498548852747344 ], [ 28.659555941953261, -23.498304360357984 ], [ 28.659448078166378, -23.498103012943687 ], [ 28.659282685647501, -23.497901666428763 ], [ 28.659095721090683, -23.497714700972665 ], [ 28.65888718269737, -23.497470208583223 ], [ 28.658520442764285, -23.497031559758668 ], [ 28.658110557855959, -23.496700774720999 ], [ 28.65763595503536, -23.49631246274997 ], [ 28.657211688168921, -23.495996060569695 ], [ 28.65661483780459, -23.49565089537256 ], [ 28.656391918352444, -23.495463929916465 ], [ 28.656154616042731, -23.495284156338748 ], [ 28.655831022883444, -23.495068426966345 ], [ 28.655356419163475, -23.494931798363865 ], [ 28.654788332715459, -23.49468730597442 ], [ 28.654428784660755, -23.49457944128817 ], [ 28.654155528354995, -23.494500339618956 ], [ 28.653860699112013, -23.494442812685694 ], [ 28.65358025092787, -23.494378093873962 ], [ 28.653321375681031, -23.494298993104028 ], [ 28.653091266149072, -23.494255848128876 ], [ 28.652753290132299, -23.494248657149786 ], [ 28.65237936011939, -23.494248657149789 ], [ 28.651933520315733, -23.494248657149786 ], [ 28.651602736177349, -23.49420551127535 ], [ 28.651142514415579, -23.494090455609999 ], [ 28.650761393423661, -23.494032927777461 ], [ 28.650394654389849, -23.494047309735571 ], [ 28.650135779142921, -23.494097645689823 ], [ 28.649761849130101, -23.494169556379937 ], [ 28.649373537159079, -23.494176747359035 ], [ 28.648697586924097, -23.494284612045288 ], [ 28.648172646350595, -23.49427742106618 ], [ 28.647626132839793, -23.494270230087078 ], [ 28.647158720098925, -23.494234275191673 ], [ 28.646482769864029, -23.494097645689827 ], [ 28.646036930060376, -23.49398978190294 ], [ 28.64541131577964, -23.493802817346129 ], [ 28.645382040149098, -23.493787560347617 ], [ 28.644900758063535, -23.493536751120185 ], [ 28.644584354984065, -23.493443269291422 ], [ 28.644296716720103, -23.493428887333305 ], [ 28.644030651393532, -23.493364167622207 ], [ 28.643613574606825, -23.493249112856311 ], [ 28.643182116761373, -23.492954282713963 ], [ 28.642959197309143, -23.492781700115351 ], [ 28.642649986108054, -23.492645072412159 ], [ 28.642427065756543, -23.492414961081543 ], [ 28.642398301840228, -23.492199231709225 ], [ 28.642204146304401, -23.491918784424364 ], [ 28.641988416931991, -23.491652719097701 ], [ 28.641779879437962, -23.49135788895536 ], [ 28.641542577128249, -23.490955195026228 ], [ 28.641369993630356, -23.490559692076101 ], [ 28.641211792989946, -23.490178571084176 ], [ 28.641204602010845, -23.48995565073275 ], [ 28.641247747885274, -23.489574529740747 ], [ 28.641305275717993, -23.489222172665144 ], [ 28.641355611672154, -23.488833860694115 ], [ 28.64144190432047, -23.488654087116494 ], [ 28.641585723002766, -23.48839521186957 ], [ 28.641729541685063, -23.487891845132566 ], [ 28.641894935103224, -23.487474769245225 ], [ 28.642125044635186, -23.487014546584088 ], [ 28.642448638693757, -23.486525560905914 ], [ 28.642714704919698, -23.48615882187211 ], [ 28.643225262635802, -23.485482871637217 ], [ 28.643584810690509, -23.485044222812657 ], [ 28.643778967125705, -23.484720628754008 ], [ 28.643908404749169, -23.484368271678399 ], [ 28.643908404749169, -23.484044679418474 ], [ 28.643872449853752, -23.483649175568981 ], [ 28.643743012230289, -23.483239290660748 ], [ 28.643527282857878, -23.482994798271392 ], [ 28.643246835573017, -23.482721541066258 ], [ 28.642844141643881, -23.482405138886072 ], [ 28.642470211630972, -23.481995253977828 ], [ 28.642031562806419, -23.481628514944024 ], [ 28.641801452375176, -23.481362448718087 ], [ 28.641650441814498, -23.481082002332499 ], [ 28.641528195170135, -23.480715262399414 ], [ 28.641384375588558, -23.480442006093746 ], [ 28.64118302907363, -23.480075267059934 ], [ 28.640981681659333, -23.479852346708427 ], [ 28.640794717102519, -23.479694146067924 ], [ 28.640622133604626, -23.479507180611922 ], [ 28.640492696880532, -23.479212351368947 ], [ 28.640370450236169, -23.478716173812394 ], [ 28.640248203591806, -23.478184043159072 ], [ 28.640190675759087, -23.477774158250835 ], [ 28.640176293800973, -23.477457756070557 ], [ 28.64016191184286, -23.47704787116232 ], [ 28.640097193930409, -23.476602031358663 ], [ 28.640111575888611, -23.476249674283061 ], [ 28.640133147926456, -23.476012371973439 ], [ 28.640140338905557, -23.475595296086013 ], [ 28.640118765968342, -23.474890581934801 ], [ 28.640039666097778, -23.474516651022615 ], [ 28.640010902181373, -23.474193057863314 ], [ 28.639838318683569, -23.473919800658273 ], [ 28.639687309022083, -23.473675309168197 ], [ 28.63962259021044, -23.473452388816693 ], [ 28.63962259021044, -23.473121603779017 ], [ 28.639629781189541, -23.472869921309844 ], [ 28.63973045399732, -23.472618237042017 ], [ 28.639733761703784, -23.47250907373482 ], [ 28.639737644976421, -23.472380934732389 ], [ 28.639716072938487, -23.472122060384745 ], [ 28.639716072938487, -23.471784085267345 ], [ 28.639787981829951, -23.471446110149842 ], [ 28.63994618336973, -23.47099307936708 ], [ 28.639974947286046, -23.470554429643258 ], [ 28.63999652022326, -23.470216455425042 ], [ 28.640032475118677, -23.469907244223958 ], [ 28.640133147926456, -23.469720277868493 ], [ 28.640233395354947, -23.469591388831539 ], [ 28.640334495340753, -23.469461404420301 ], [ 28.640593369688311, -23.46920252917338 ], [ 28.640845053956138, -23.468900508951304 ], [ 28.641024828433132, -23.468476242084954 ], [ 28.641204602010845, -23.467915346615943 ], [ 28.641197411031744, -23.467606135414851 ], [ 28.641204602010845, -23.467404788000565 ], [ 28.641398758445952, -23.467167485690936 ], [ 28.641449095299571, -23.466851084410028 ], [ 28.641449095299571, -23.466678500912135 ], [ 28.641427522362356, -23.466513109292535 ], [ 28.641319656776737, -23.466405243707005 ], [ 28.641226174948059, -23.466239852087487 ], [ 28.641132692220012, -23.4660888424261 ], [ 28.640996063617447, -23.465980976840655 ], [ 28.64075157122809, -23.46593063998704 ], [ 28.640312923302819, -23.465801203262941 ], [ 28.640046857076879, -23.46566457466038 ], [ 28.639787981829951, -23.465535137037008 ], [ 28.639593826294124, -23.465333789622704 ], [ 28.639356523984411, -23.465175588982294 ], [ 28.639004166908805, -23.465046152258111 ], [ 28.638529563188836, -23.46490233267653 ], [ 28.638134060238713, -23.464837613864809 ], [ 28.637702603292542, -23.464801658969389 ], [ 28.637271145447091, -23.46473694015765 ], [ 28.636969124325645, -23.464621885391679 ], [ 28.636739012995122, -23.464456492872884 ], [ 28.636501711584778, -23.464377392102943 ], [ 28.636206882341803, -23.464298292232382 ], [ 28.635904862119727, -23.464104135797278 ], [ 28.635617222956483, -23.463852452428736 ], [ 28.635336774772341, -23.463629532077302 ], [ 28.634962844759521, -23.46336346585128 ], [ 28.634660825436814, -23.463219647168987 ], [ 28.634322850319322, -23.463154928357245 ], [ 28.634006447239852, -23.463054254650196 ], [ 28.633524651641412, -23.462809762260747 ], [ 28.633157912607693, -23.462644369741863 ], [ 28.6328702752431, -23.462493360080558 ], [ 28.63259701803797, -23.462407068331608 ], [ 28.632323761732298, -23.46223448483363 ], [ 28.631935448861995, -23.461889318737033 ], [ 28.631806012137812, -23.461652017326784 ], [ 28.631669384434616, -23.461385951100752 ], [ 28.631439273104004, -23.46118460368654 ], [ 28.631288263442606, -23.461033594025139 ], [ 28.631223543731593, -23.460889775342842 ], [ 28.63115882491995, -23.460710000865848 ], [ 28.630950287425922, -23.460523036309127 ], [ 28.630626694266631, -23.460285733999413 ], [ 28.630518829580382, -23.460149105396937 ], [ 28.630331864124287, -23.459983712878056 ], [ 28.630116135651157, -23.459796748321335 ], [ 28.629936361174163, -23.459624164823349 ], [ 28.629735013759955, -23.459422818308418 ], [ 28.629619958993974, -23.459250234810522 ], [ 28.629483331290778, -23.459106416128233 ], [ 28.629325129750999, -23.45909203417003 ], [ 28.629174119190321, -23.459199897956911 ], [ 28.628965580796923, -23.459207088936012 ], [ 28.628749852323882, -23.459163943061487 ], [ 28.628591650784102, -23.459034506337403 ], [ 28.628433450143604, -23.458833158923106 ], [ 28.628289630562026, -23.458660576324576 ], [ 28.628001992298152, -23.458473610868484 ], [ 28.62777907194673, -23.458286646311667 ], [ 28.627656826201648, -23.458099680855579 ], [ 28.627498624661868, -23.457970243232115 ], [ 28.62729008716784, -23.457840805608733 ], [ 28.627088739753543, -23.457682604968237 ], [ 28.626829865405984, -23.457402156784099 ], [ 28.626606945054473, -23.457200810269171 ], [ 28.626412788619366, -23.456999462854956 ], [ 28.626110769296659, -23.456805307319044 ], [ 28.625787175237999, -23.456568005009427 ], [ 28.625535490970172, -23.456373848574312 ], [ 28.625377290329673, -23.456179693038393 ], [ 28.625161560957352, -23.455920818690839 ], [ 28.624917068567907, -23.455633180426972 ], [ 28.624730104011093, -23.455431833012664 ], [ 28.62450718365967, -23.455223294619355 ], [ 28.624248309312023, -23.454870938443122 ], [ 28.624032579939612, -23.454676782007841 ], [ 28.623852806361988, -23.454489816551828 ], [ 28.623572358177846, -23.45432442493232 ], [ 28.62327033795577, -23.454087122622607 ], [ 28.622917980880164, -23.453727574567985 ], [ 28.622702252407034, -23.453583754986326 ], [ 28.622407422264779, -23.453461509241244 ], [ 28.622040683230971, -23.453288925743344 ], [ 28.621860908753977, -23.453116343144732 ], [ 28.621702708113567, -23.452965331684688 ], [ 28.621486978741157, -23.452886231814123 ], [ 28.621163384682497, -23.45282151300248 ], [ 28.620832601443475, -23.452555446776451 ], [ 28.620631254029178, -23.452375673198823 ], [ 28.62058729426828, -23.452341971105085 ], [ 28.620415524656767, -23.452210280679953 ], [ 28.620192605204625, -23.451987361227719 ], [ 28.619890584982549, -23.451678150026623 ], [ 28.619653282672925, -23.451476802612326 ], [ 28.619430363220694, -23.451311410992819 ], [ 28.619207442869271, -23.451117254557712 ], [ 28.618704076132268, -23.450642650837654 ], [ 28.618473964801655, -23.450369393632613 ], [ 28.618322955140346, -23.450196811034004 ], [ 28.618078461851621, -23.44983726297929 ], [ 28.617905879253009, -23.449628724585985 ], [ 28.61769734085961, -23.449477714924587 ], [ 28.617395319738254, -23.449326705263278 ], [ 28.617222737139642, -23.449182884782324 ], [ 28.617136446290065, -23.449031875120934 ], [ 28.61705734462085, -23.448729854898858 ], [ 28.616963861892803, -23.448399069861185 ], [ 28.616891953001339, -23.448111431597308 ], [ 28.616776897335988, -23.447823793333345 ], [ 28.616712179423626, -23.447600872981926 ], [ 28.616719370402638, -23.44744267234152 ], [ 28.616647459712524, -23.44724851590632 ], [ 28.616503641030228, -23.447018404575712 ], [ 28.616331058431616, -23.446773912186266 ], [ 28.616323866553234, -23.446565373792957 ], [ 28.616323866553234, -23.446371218257127 ], [ 28.616244765783389, -23.44620582573824 ], [ 28.61614409207624, -23.446083579993253 ], [ 28.616014655352146, -23.445939760411679 ], [ 28.615913981644997, -23.445659313126811 ], [ 28.615906790665896, -23.445493920608026 ], [ 28.615777353042432, -23.445084035699697 ], [ 28.615683871213754, -23.444710105686877 ], [ 28.615619152402022, -23.444170783155087 ], [ 28.615561623670022, -23.443746516288648 ], [ 28.615568814649123, -23.443415732150338 ], [ 28.615683871213754, -23.443077757032853 ], [ 28.615755780105218, -23.442818881785922 ], [ 28.615798925979647, -23.442531244421421 ], [ 28.615827689896051, -23.442301133090812 ], [ 28.615885217728682, -23.441833720349944 ], [ 28.616000273393944, -23.441272824880937 ], [ 28.616093756121991, -23.440841367035478 ], [ 28.61608656514289, -23.440532155834312 ], [ 28.616079374163878, -23.440208561775737 ], [ 28.616043419268372, -23.439820249804718 ], [ 28.616050610247473, -23.439316883067704 ], [ 28.616194428929859, -23.438799132573941 ], [ 28.616367012427752, -23.438267001920618 ], [ 28.616503641030228, -23.437842735054186 ], [ 28.616669032649739, -23.437497568957681 ], [ 28.616762515377875, -23.437152401961811 ], [ 28.616899143980351, -23.436728135994734 ], [ 28.616956670913702, -23.436404541936078 ], [ 28.617050153641749, -23.436160048647348 ], [ 28.617114873352762, -23.435836456387428 ], [ 28.617122064331863, -23.435548817224184 ], [ 28.617122064331863, -23.435282751897525 ], [ 28.617122064331863, -23.435081405382604 ], [ 28.617150827348809, -23.434916012863713 ], [ 28.617287455951374, -23.434671519574998 ], [ 28.617438465612771, -23.434297589562085 ], [ 28.61748161238657, -23.434053097172729 ], [ 28.61758947617345, -23.433887704653849 ], [ 28.617668576943384, -23.433794221925798 ], [ 28.617805204646491, -23.433801412904902 ], [ 28.61791307023211, -23.433787030946704 ], [ 28.618013743039889, -23.43370074009712 ], [ 28.618092843809734, -23.433556919616183 ], [ 28.618164752701198, -23.433405909954779 ], [ 28.618366100115495, -23.433298046167895 ], [ 28.618603402425119, -23.433161416666056 ], [ 28.619027669291558, -23.433003216025643 ], [ 28.619380026367164, -23.432960070151122 ], [ 28.619732384342139, -23.432960070151118 ], [ 28.620142268351096, -23.433017597983753 ], [ 28.620609681091963, -23.433046361900068 ], [ 28.621084284811932, -23.433010407004652 ], [ 28.62150136069927, -23.433053552879176 ], [ 28.622091020084589, -23.433312428126012 ], [ 28.622774161298498, -23.433636021285299 ], [ 28.623557976219644, -23.434060288151738 ], [ 28.62418358960101, -23.434412645227347 ], [ 28.624550328634818, -23.434743430265105 ], [ 28.624895495630692, -23.435052640566919 ], [ 28.625175942915465, -23.435203651127591 ], [ 28.62536290837156, -23.435325897771953 ], [ 28.625485155015923, -23.435476908332632 ], [ 28.625636164677321, -23.435685445826664 ], [ 28.625801557196112, -23.435908366178179 ], [ 28.626089196359356, -23.436073757797686 ], [ 28.626340878828533, -23.436267914232879 ], [ 28.626729190799555, -23.436569933555585 ], [ 28.627304469125953, -23.437159592940908 ], [ 28.627678399138862, -23.437475996020378 ], [ 28.627915701448487, -23.437605432744562 ], [ 28.628153001959461, -23.437627005681776 ], [ 28.628433450143604, -23.43759824176546 ], [ 28.628828953093816, -23.43749037797858 ], [ 28.629325129750999, -23.437375322313326 ], [ 28.629943552153264, -23.437245884689855 ], [ 28.63023838229552, -23.437188356857131 ], [ 28.630691413078274, -23.437015774258615 ], [ 28.631209161773391, -23.436641844245703 ], [ 28.631755675284282, -23.436311060107311 ], [ 28.632309379774096, -23.435937130094484 ], [ 28.632834320347683, -23.435570390161402 ], [ 28.633143530649491, -23.435297133855642 ], [ 28.633330496105586, -23.4350742144035 ], [ 28.633402405896419, -23.434894439926502 ], [ 28.633495888624378, -23.434685902432474 ], [ 28.633625326247842, -23.434398263269234 ], [ 28.633761953951037, -23.434232870750439 ], [ 28.633905774431984, -23.433966805423694 ], [ 28.633948919407132, -23.433751076051376 ], [ 28.633948919407132, -23.433492201703721 ], [ 28.633948919407132, -23.433290855188794 ], [ 28.633891391574501, -23.433139844628119 ], [ 28.633747571992924, -23.432938498113188 ], [ 28.633639708206044, -23.432845015385144 ], [ 28.633224108106198, -23.432615556962386 ], [ 28.632882070751048, -23.432556247572812 ], [ 28.632468359227431, -23.432363182914596 ], [ 28.6317926302257, -23.432142536948568 ], [ 28.631172062041038, -23.432018423311597 ], [ 28.630275687073365, -23.431756405833482 ], [ 28.629462054230487, -23.431535758968081 ], [ 28.628786325228756, -23.431315113002054 ], [ 28.628069224714942, -23.430832449557908 ], [ 28.627627931883598, -23.430446319342192 ], [ 28.627338333996949, -23.430032606919294 ], [ 28.627076317418204, -23.429536153270885 ], [ 28.626869460757071, -23.429122440847994 ], [ 28.626676395199485, -23.428639778303118 ], [ 28.626524701154072, -23.428212274776673 ], [ 28.626262683675957, -23.427702030923996 ], [ 28.625890342765143, -23.427095253842879 ], [ 28.62550421165006, -23.426350572920622 ], [ 28.625118081434348, -23.425798956656493 ], [ 28.624856063956233, -23.425399036236598 ], [ 28.624469932841151, -23.42487500128027 ], [ 28.624042431113356, -23.424350966324056 ], [ 28.623890736168661, -23.424130320358017 ], [ 28.623780412735961, -23.423592495197525 ], [ 28.623697670611076, -23.423137412161825 ], [ 28.623725251918891, -23.422958136808585 ], [ 28.623876945964394, -23.422778862354644 ], [ 28.624180334954502, -23.422558216388619 ], [ 28.624676788603004, -23.422116922657899 ], [ 28.62510429123008, -23.421854906079059 ], [ 28.625586953774945, -23.421427404351185 ], [ 28.626207521959607, -23.420903369394956 ], [ 28.626731556915836, -23.420351753130912 ], [ 28.62721422036007, -23.419800137766149 ], [ 28.627586561270885, -23.41916578027659 ], [ 28.628303660885329, -23.417759159657503 ], [ 28.629020762298424, -23.416200845892359 ], [ 28.629641328684436, -23.415166566184084 ], [ 28.630165363640664, -23.414545998898706 ], [ 28.630785930926045, -23.414063334555266 ], [ 28.631489241235592, -23.413690995443105 ], [ 28.632330455386196, -23.413470347678427 ], [ 28.633019974592195, -23.413222121303857 ], [ 28.633530219344244, -23.412946313621479 ], [ 28.634054254300473, -23.41242227866525 ], [ 28.634316270879218, -23.41187066330049 ], [ 28.634495546232536, -23.411346628344262 ], [ 28.635150282359717, -23.409638114307523 ], [ 28.635779522706834, -23.408198323993439 ], [ 28.636142136550408, -23.406886516199755 ], [ 28.636174131730868, -23.406214613813408 ], [ 28.636131472389565, -23.405414730705299 ], [ 28.636078146189575, -23.405020121681268 ], [ 28.635982159748913, -23.404604183436351 ], [ 28.635907504327957, -23.40417757923186 ], [ 28.635960829628665, -23.403889620809334 ], [ 28.636163466670745, -23.40337769612384 ], [ 28.63629144829169, -23.402993752159929 ], [ 28.636547410634567, -23.402375175973575 ], [ 28.636739382616433, -23.401628618166264 ], [ 28.636856699177343, -23.401266004322689 ], [ 28.637112662419501, -23.400935385659484 ], [ 28.637464610303581, -23.400498117294237 ], [ 28.637859219327527, -23.400050182070213 ], [ 28.638275157572529, -23.399708899246342 ], [ 28.639032381339419, -23.399207638721617 ], [ 28.639522975904658, -23.398877020058404 ], [ 28.639970910229312, -23.39868504807654 ], [ 28.640642811716383, -23.398397089654015 ], [ 28.642242577932681, -23.397874499908227 ], [ 28.642999800800201, -23.397671862866236 ], [ 28.643511726385057, -23.397746519186473 ], [ 28.644023651070722, -23.397885164968347 ], [ 28.644450256174409, -23.397885164968354 ], [ 28.645143487781816, -23.397842504727766 ], [ 28.645858050408751, -23.39774651918647 ], [ 28.646423300395035, -23.39753321708427 ], [ 28.646956556100228, -23.397479890884284 ], [ 28.647553802166254, -23.397469225824153 ], [ 28.648161713292495, -23.39744789570382 ], [ 28.649025586761429, -23.397309249921939 ], [ 28.650230743953692, -23.397191933361032 ], [ 28.653355620065874, -23.396786659276959 ], [ 28.655232678745211, -23.396434711392793 ], [ 28.656224533835179, -23.39625340357177 ], [ 28.658101593413882, -23.395730813825978 ], [ 28.65918943404515, -23.39527221444111 ], [ 28.660415922257112, -23.394674968375085 ], [ 28.660782001188466, -23.394460497154213 ], [ 28.661471766808639, -23.394056392188727 ], [ 28.662164999315326, -23.393608456964703 ], [ 28.662538278219024, -23.393288504261083 ], [ 28.662666258940774, -23.393021875958802 ], [ 28.662762245381348, -23.392701923255181 ], [ 28.662740915261011, -23.392424629892776 ], [ 28.662602268579853, -23.392040685928954 ], [ 28.662282314976864, -23.391091491978763 ], [ 28.661951697213123, -23.390451584772869 ], [ 28.661322455966637, -23.389225098359546 ], [ 28.661002502363647, -23.388702507714566 ], [ 28.660782001188466, -23.388363275344911 ], [ 28.660725209900612, -23.388275902610793 ], [ 28.660437252377367, -23.38772131768463 ], [ 28.660245280395412, -23.387262718299858 ], [ 28.660042643353325, -23.38684677915548 ], [ 28.659946656912759, -23.386430840011286 ], [ 28.659700000754498, -23.385749999263066 ], [ 28.659610001100727, -23.385560000393717 ], [ 28.659359998565161, -23.384819998644062 ], [ 28.659250001586351, -23.384209996594034 ], [ 28.659220000202843, -23.383789999708679 ], [ 28.659129999649782, -23.383420003330514 ], [ 28.659020002670971, -23.383120006583074 ], [ 28.658969996768, -23.382739998052472 ], [ 28.658580003064706, -23.381790001007712 ], [ 28.658299998246356, -23.380909999996533 ], [ 28.657920002306309, -23.379909997048706 ], [ 28.657600002837874, -23.379159996636531 ], [ 28.657540000070941, -23.378619997814699 ], [ 28.657489999563918, -23.378009996664048 ], [ 28.657419997235092, -23.377519996550671 ], [ 28.657459998180403, -23.377109999227116 ], [ 28.657489999563918, -23.376789994362724 ], [ 28.657620000162918, -23.376359997915568 ], [ 28.657629998825438, -23.375779999047698 ], [ 28.657620000162918, -23.374859997091221 ], [ 28.657639998387236, -23.374489999813598 ], [ 28.657849999977572, -23.373990001037708 ], [ 28.658140001659802, -23.373399990916862 ], [ 28.658469999790757, -23.37289999933548 ], [ 28.658919998958815, -23.372299995948051 ], [ 28.659359998565161, -23.37197999737899 ], [ 28.659969999715734, -23.371779999847117 ], [ 28.660416001397365, -23.371606999963102 ], [ 28.660459999829197, -23.371590001877141 ], [ 28.660919996760502, -23.371370001624282 ], [ 28.661089999204176, -23.371290000633028 ], [ 28.66152000014792, -23.371150002270799 ], [ 28.661780001345999, -23.370870002848392 ], [ 28.66210999857767, -23.370759999574346 ], [ 28.662810000281386, -23.370459993833652 ], [ 28.663280002170438, -23.37018000070648 ], [ 28.663929997971088, -23.369780001146157 ], [ 28.664530001358507, -23.369309999257109 ], [ 28.665360002762021, -23.368499999675215 ], [ 28.666210000591125, -23.367669999171149 ], [ 28.666669999321076, -23.367090000303282 ], [ 28.666989997890138, -23.366600000189823 ], [ 28.667370006420736, -23.366150001021762 ], [ 28.667789997010782, -23.365769997887107 ], [ 28.668250001136677, -23.365390001947063 ], [ 28.668839999566348, -23.364920000057921 ], [ 28.669819998893903, -23.364259999299517 ], [ 28.670630002972292, -23.363800000569572 ], [ 28.671319999718254, -23.363580001216082 ], [ 28.671769998886404, -23.363530001608247 ], [ 28.67211000017646, -23.363419998334294 ], [ 28.672689999943607, -23.363299997297098 ], [ 28.673430001693262, -23.363220001701702 ], [ 28.674130003396979, -23.363090001102705 ], [ 28.675060003116702, -23.362889998174889 ], [ 28.675240003323527, -23.362833000942263 ], [ 28.675600001938534, -23.362719996630577 ], [ 28.675979998777954, -23.362489997715198 ], [ 28.676599998591129, -23.361809999631848 ], [ 28.676847835559229, -23.361558347739546 ], [ 28.677249994391779, -23.361149999772731 ], [ 28.677489998264818, -23.360480000351718 ], [ 28.677779994551187, -23.35990000058457 ], [ 28.677869999600819, -23.359360001762727 ], [ 28.677889997825226, -23.358849999827648 ], [ 28.677839999116678, -23.35839999976022 ], [ 28.6777099976184, -23.357929997871075 ], [ 28.677640001584809, -23.357770001284521 ], [ 28.677479999602298, -23.357429999994466 ], [ 28.677330001678264, -23.357150000572066 ], [ 28.677259999349527, -23.356880001610822 ], [ 28.677380001286096, -23.356429997046732 ], [ 28.677200001079264, -23.355950001891106 ], [ 28.676970003063257, -23.355719991284545 ], [ 28.676679999582387, -23.355659999309506 ], [ 28.676320000068007, -23.355579998318255 ], [ 28.67608000338948, -23.355279997074227 ], [ 28.676119997140272, -23.355060003116598 ], [ 28.676180000806397, -23.354779998298248 ], [ 28.676090002051993, -23.35455000028233 ], [ 28.675849998178954, -23.354249991843702 ], [ 28.675619999263663, -23.353830001253581 ], [ 28.675489998664574, -23.353309999756686 ], [ 28.675489998664574, -23.353030001233567 ], [ 28.675600001938534, -23.352700004001981 ], [ 28.675840000415715, -23.352129996602034 ], [ 28.676090002051993, -23.351629998725418 ], [ 28.676310002304859, -23.351069997182684 ], [ 28.676480002949795, -23.350650000297236 ], [ 28.676739996953366, -23.350240001175113 ], [ 28.677210006037019, -23.349819997994526 ], [ 28.6779100014455, -23.34931000055612 ], [ 28.678809999781713, -23.348569998806365 ], [ 28.679569997957124, -23.348039998647057 ], [ 28.68017000134455, -23.347580000816386 ], [ 28.680870003048259, -23.347079996644535 ], [ 28.681220003000835, -23.346880000011947 ], [ 28.681580007911073, -23.346650001096659 ], [ 28.681779999147714, -23.34639999856109 ], [ 28.682009998063005, -23.345999999000778 ], [ 28.682210000990821, -23.345649999048206 ], [ 28.68239000029828, -23.345129996652037 ], [ 28.682460002627103, -23.344529999559853 ], [ 28.68252999955989, -23.343889997025773 ], [ 28.682589996930869, -23.343049996959824 ], [ 28.682680002879874, -23.342400000259797 ], [ 28.682789999858599, -23.341690000792937 ], [ 28.682849998128951, -23.341150001971016 ], [ 28.68289999683741, -23.340620001811605 ], [ 28.683080003339473, -23.340140000360758 ], [ 28.683249992293405, -23.339740000800433 ], [ 28.683369999625835, -23.339369997227589 ], [ 28.683610002599597, -23.339070002278802 ], [ 28.683919997110284, -23.338439996608493 ], [ 28.684150002320802, -23.337939998731976 ], [ 28.684439998607072, -23.337539999171568 ], [ 28.684659998859939, -23.337160002332233 ], [ 28.684860001787666, -23.336749996914794 ], [ 28.685119982301405, -23.336130028577948 ], [ 28.685629969847287, -23.336090027632643 ], [ 28.685889971045366, -23.336080028070835 ], [ 28.68675997159546, -23.336020029800491 ], [ 28.735719946018751, -23.330917031895538 ], [ 28.735769971706876, -23.330910030673358 ], [ 28.748489935062466, -23.34790423069569 ], [ 28.760529968683141, -23.363990029116597 ], [ 28.766804996353503, -23.369754035020733 ], [ 28.77723996225447, -23.379339962669192 ] ] ] } },
{ "type": "Feature", "properties": { "Municipali": "Mogalakwena Local Municipality", "WardNo": "2", "WardLabel": "LIM367_2", "Province": "Limpopo", "CLASSIFICATION": "Service centre", "PopGBlack": 10748.461677, "PopGColour": 10.357525939, "PopGIndian": 31.065755964000001, "PopGWhite": 2.485934949, "PopGOther": 4.0677186, "PopGTotal": 10796.438613 }, "geometry": { "type": "Polygon", "coordinates": [ [ [ 28.865574109357748, -23.486419374354721 ], [ 28.880259969122374, -23.503380029664619 ], [ 28.886130950283157, -23.510161027609371 ], [ 28.86344941515841, -23.520772191383514 ], [ 28.860809996684051, -23.522006999223667 ], [ 28.854202001321333, -23.52492399884348 ], [ 28.840034999115932, -23.532316004280215 ], [ 28.828946995907184, -23.542170997393608 ], [ 28.828845002894663, -23.542240002374264 ], [ 28.827410017658245, -23.543219834427806 ], [ 28.822198832210372, -23.546778119015048 ], [ 28.821863550562412, -23.546146288620289 ], [ 28.820328079577301, -23.545966818114188 ], [ 28.812511137279223, -23.544650699869941 ], [ 28.80925321816154, -23.547677325048504 ], [ 28.80227847207383, -23.553812786031237 ], [ 28.798660866405914, -23.557198865735067 ], [ 28.790962598645059, -23.565215481809059 ], [ 28.777447220013247, -23.580467311916902 ], [ 28.776139185774898, -23.582479298580751 ], [ 28.775771473674663, -23.581980005772675 ], [ 28.775229246332707, -23.582416946784676 ], [ 28.76747162871278, -23.587763198712683 ], [ 28.76049651660097, -23.592494819780171 ], [ 28.745148559758285, -23.602927419564768 ], [ 28.690694002826017, -23.587034002317328 ], [ 28.674749352100942, -23.543330091310715 ], [ 28.674170424325624, -23.541659688743696 ], [ 28.653295430239947, -23.542270261863127 ], [ 28.641338893275353, -23.542620454270558 ], [ 28.627807489624008, -23.543017423115561 ], [ 28.627822217821159, -23.542787664319299 ], [ 28.627872554674688, -23.542291486762746 ], [ 28.627966037402736, -23.541831265900178 ], [ 28.628073902088985, -23.541385426096518 ], [ 28.628181765875865, -23.540918013355665 ], [ 28.62836873133196, -23.540371499844856 ], [ 28.628577268825989, -23.539745885564212 ], [ 28.628922435821863, -23.539149036099158 ], [ 28.629267601918368, -23.538588140630242 ], [ 28.629584004098557, -23.538070391035752 ], [ 28.629979507048681, -23.537545451361535 ], [ 28.630331864124287, -23.537099610658512 ], [ 28.63061950328753, -23.536776018398506 ], [ 28.630871186655988, -23.536560289026092 ], [ 28.631065343091183, -23.536330177695575 ], [ 28.631396127229575, -23.536013776414656 ], [ 28.631690957371831, -23.535740519209615 ], [ 28.632072078363752, -23.535496025920814 ], [ 28.632553872163541, -23.535186814719719 ], [ 28.632956566092766, -23.534906367434942 ], [ 28.633380832959116, -23.534740974916062 ], [ 28.633826672762769, -23.534539628401138 ], [ 28.634243748650107, -23.53433828098693 ], [ 28.634696780332231, -23.53407221476089 ], [ 28.635027563571253, -23.533842105229027 ], [ 28.635415876441556, -23.533496938233061 ], [ 28.635667559810102, -23.533166154094758 ], [ 28.635983961990291, -23.532885705910612 ], [ 28.636314747027964, -23.532626831563061 ], [ 28.636638340187254, -23.532382339173612 ], [ 28.636947551388431, -23.532188182738505 ], [ 28.637213616715091, -23.532037173077111 ], [ 28.637486873920132, -23.531958072307173 ], [ 28.63780327610041, -23.5318214437047 ], [ 28.638062151347249, -23.531648861106081 ], [ 28.638457654297373, -23.53142594075458 ], [ 28.6386590008123, -23.531116728654119 ], [ 28.63881720235208, -23.530793136394106 ], [ 28.638917876059139, -23.530404824423087 ], [ 28.638953830055275, -23.529894264908418 ], [ 28.638910685080038, -23.529398089150515 ], [ 28.638853157247496, -23.529132022924578 ], [ 28.63881720235208, -23.528880338656748 ], [ 28.638788438435675, -23.528635847166676 ], [ 28.638730909703764, -23.528441690731391 ], [ 28.638651809833199, -23.528211580300233 ], [ 28.638651809833199, -23.527887986241574 ], [ 28.638644618854098, -23.527550011124077 ], [ 28.638637427874997, -23.527147317194945 ], [ 28.638572709063354, -23.526809342077545 ], [ 28.63850080017189, -23.526514511935193 ], [ 28.638385743607259, -23.526277209625572 ], [ 28.638263497862177, -23.526061482051809 ], [ 28.638105297221767, -23.525910470591764 ], [ 28.638019004573451, -23.52567316918142 ], [ 28.637925521845403, -23.525421485812963 ], [ 28.63785361295394, -23.525105082733404 ], [ 28.637839230995738, -23.524874972302165 ], [ 28.637731366309577, -23.524644861870915 ], [ 28.637594737707012, -23.52438598662399 ], [ 28.637537209874381, -23.524134303255529 ], [ 28.637522827916179, -23.52384666499157 ], [ 28.637544400853482, -23.523487116037586 ], [ 28.637515637836447, -23.522940603426065 ], [ 28.637465300982917, -23.52253071761854 ], [ 28.63737181825487, -23.522106450752105 ], [ 28.637220807694192, -23.521372972684574 ], [ 28.637127324966144, -23.520754550282316 ], [ 28.636997888241961, -23.520035454172898 ], [ 28.636969124325645, -23.519661524159989 ], [ 28.637012270200163, -23.519417030871264 ], [ 28.637141706924258, -23.519071864774759 ], [ 28.63731429132152, -23.518777034632507 ], [ 28.637616310644226, -23.518518160284852 ], [ 28.637875185891154, -23.518302430912446 ], [ 28.638299452757593, -23.518043556564887 ], [ 28.638694955707717, -23.517770300259127 ], [ 28.639018548867007, -23.517417943183524 ], [ 28.639370905942613, -23.516950530442656 ], [ 28.639601017273225, -23.516655701199674 ], [ 28.639744835955433, -23.516317725182905 ], [ 28.639859891620784, -23.516066041814359 ], [ 28.640025284139575, -23.515886267337372 ], [ 28.640327304361652, -23.515699301881273 ], [ 28.640607751646513, -23.515519528303649 ], [ 28.640845053956138, -23.515339753826563 ], [ 28.641075165286662, -23.51509526143721 ], [ 28.641305275717993, -23.514793241215127 ], [ 28.6414994321531, -23.514333018553994 ], [ 28.641887744124123, -23.513621114322959 ], [ 28.642132235614199, -23.5131105548083 ], [ 28.64224729217883, -23.512578424154981 ], [ 28.642700322961584, -23.511355960409283 ], [ 28.643124588928654, -23.510205405555045 ], [ 28.643527282857878, -23.509414399654794 ], [ 28.643879640832854, -23.508954177893028 ], [ 28.64423918888756, -23.508680921587271 ], [ 28.644569973025952, -23.508458002135132 ], [ 28.644900758063535, -23.50845081115602 ], [ 28.64519558730651, -23.508493956131176 ], [ 28.64567738200558, -23.508724066562419 ], [ 28.646403669094095, -23.509227435098072 ], [ 28.646871081834963, -23.509515073361953 ], [ 28.647412408955603, -23.509874171755634 ], [ 28.647597368923478, -23.50999686806102 ], [ 28.648158264392482, -23.510334843178512 ], [ 28.648647250070653, -23.510557762630654 ], [ 28.649006798125267, -23.510787873961259 ], [ 28.649316009326448, -23.511068322145405 ], [ 28.64968274925954, -23.511204949848512 ], [ 28.650178925017439, -23.511377533346494 ], [ 28.650581618946578, -23.511550115945109 ], [ 28.65104184070843, -23.511657980631266 ], [ 28.651494872390554, -23.511693934627402 ], [ 28.652134866830664, -23.511773036296525 ], [ 28.652746099153198, -23.511823373150143 ], [ 28.653177556998649, -23.51182337315015 ], [ 28.653630587781404, -23.511780227275633 ], [ 28.654083618564158, -23.511715507564617 ], [ 28.654479122413651, -23.511550115945102 ], [ 28.654874625363774, -23.511406297262809 ], [ 28.655327655247156, -23.511233713764916 ], [ 28.655874168757961, -23.510953265580778 ], [ 28.656363154436043, -23.510557762630647 ], [ 28.65668674759533, -23.510155068701426 ], [ 28.656909667047564, -23.509766756730492 ], [ 28.657010340754624, -23.509435972592101 ], [ 28.657125396419975, -23.509256199014388 ], [ 28.657262025022455, -23.509054851600091 ], [ 28.657283597959754, -23.50885350508517 ], [ 28.657283597959754, -23.508616202775542 ], [ 28.657362697830319, -23.508278227658046 ], [ 28.657592809160846, -23.507760478063648 ], [ 28.65768629188889, -23.50740812098805 ], [ 28.657743818822237, -23.507084527828663 ], [ 28.657858875386871, -23.506811270623626 ], [ 28.658146512751376, -23.506466105426483 ], [ 28.658347860165673, -23.506041837660678 ], [ 28.658577970596916, -23.505473752111943 ], [ 28.658736172136695, -23.504912855743747 ], [ 28.658779318011213, -23.504603645441858 ], [ 28.658779318011213, -23.504308815299598 ], [ 28.658844036822853, -23.504078704868352 ], [ 28.658930327672522, -23.503805447663307 ], [ 28.65897347444632, -23.503496235562761 ], [ 28.658995047383623, -23.503194216240054 ], [ 28.659023811299935, -23.502920959035102 ], [ 28.65918920291945, -23.502626129792038 ], [ 28.659297067605607, -23.502446356214325 ], [ 28.659548750974153, -23.502273772716439 ], [ 28.659786053283781, -23.502158717051174 ], [ 28.66012402840127, -23.50195736963688 ], [ 28.660483577355258, -23.501763214101054 ], [ 28.660670541912076, -23.501561866686842 ], [ 28.660785596677965, -23.501410857025448 ], [ 28.660907843322416, -23.50129580136009 ], [ 28.660943798217744, -23.50110164492499 ], [ 28.660943798217744, -23.500957826242697 ], [ 28.66093265022171, -23.500925495615174 ], [ 28.666463638186407, -23.502049078002582 ], [ 28.673239649390364, -23.5030323481644 ], [ 28.67392895905429, -23.503012168276957 ], [ 28.674609394208197, -23.50304618962998 ], [ 28.675834174607523, -23.503159595938591 ], [ 28.677206383567853, -23.503284341798977 ], [ 28.678862107400381, -23.503409087659289 ], [ 28.681288989095627, -23.503601878024213 ], [ 28.685926941275355, -23.504046088256359 ], [ 28.689878675660413, -23.50437292257233 ], [ 28.696207393756218, -23.505056305703924 ], [ 28.704823958359018, -23.506036812249036 ], [ 28.708151734115315, -23.506274510260443 ], [ 28.709013390755484, -23.506066524050855 ], [ 28.710706991334639, -23.505472278123094 ], [ 28.713113371185134, -23.504635734151755 ], [ 28.713084795227182, -23.504603981788364 ], [ 28.717856125859544, -23.502900775550355 ], [ 28.720456572213088, -23.502238843947488 ], [ 28.723293423352864, -23.501671473359828 ], [ 28.724144477885403, -23.501624193301918 ], [ 28.726555802208544, -23.502002440060537 ], [ 28.728305194029552, -23.502286124904774 ], [ 28.730030776299341, -23.502613248802344 ], [ 28.731751917716903, -23.500531892033187 ], [ 28.744336496232357, -23.484060979630502 ], [ 28.74437000227385, -23.484039998447226 ], [ 28.744870224081648, -23.484081729688086 ], [ 28.752710013656241, -23.484913161912928 ], [ 28.759494033323069, -23.485594290444197 ], [ 28.769792663800459, -23.486602355814036 ], [ 28.777666484620607, -23.487365218330226 ], [ 28.786057962405067, -23.488209814831137 ], [ 28.789163898794929, -23.488482265344221 ], [ 28.790199210924911, -23.488455020382908 ], [ 28.791561462591492, -23.488264303854564 ], [ 28.791732395833453, -23.48826430385456 ], [ 28.792176676212694, -23.487892069963117 ], [ 28.792358200770391, -23.487710545405328 ], [ 28.792630489405582, -23.487513891552844 ], [ 28.792630489405582, -23.487317240398372 ], [ 28.79264561600236, -23.486984443577242 ], [ 28.79279688736651, -23.486621393562483 ], [ 28.793099428296063, -23.486273471043862 ], [ 28.793296080349904, -23.486107073082948 ], [ 28.793659131263947, -23.485940675122109 ], [ 28.793901164007568, -23.485804531254107 ], [ 28.794112942658188, -23.485668388285479 ], [ 28.794370103797323, -23.485305337371436 ], [ 28.794581883347309, -23.485033049635529 ], [ 28.79500544064863, -23.484957413953534 ], [ 28.795580271112655, -23.484881779170745 ], [ 28.795776923166496, -23.484775889395756 ], [ 28.795973575220426, -23.484488475063063 ], [ 28.796215608863331, -23.484125425048298 ], [ 28.796487895699883, -23.483792629126544 ], [ 28.796760184335074, -23.483490087297717 ], [ 28.797108106853692, -23.483187544569507 ], [ 28.797365267093461, -23.482854748647757 ], [ 28.797577046643447, -23.482597589307357 ], [ 28.79775857210042, -23.482446317943207 ], [ 28.798061113029974, -23.482083267928445 ], [ 28.798303146672968, -23.481780726099615 ], [ 28.798560306912652, -23.481342040402865 ], [ 28.798787213958786, -23.480873100613113 ], [ 28.798893102834498, -23.480449542412511 ], [ 28.799029246702407, -23.479980601723387 ], [ 28.799029246702407, -23.479602425111846 ], [ 28.799120009880625, -23.47907297713617 ], [ 28.799225898756248, -23.478573783253495 ], [ 28.799362042624246, -23.478256113928516 ], [ 28.799558694678087, -23.477802301634906 ], [ 28.799785600824851, -23.477348489341288 ], [ 28.799967126281921, -23.477030820016317 ], [ 28.799967126281921, -23.47684929455934 ], [ 28.799982253778062, -23.476713150691339 ], [ 28.799830983313285, -23.476334974079794 ], [ 28.799815855817144, -23.476077812940744 ], [ 28.79977047422808, -23.475457602686209 ], [ 28.799755346731928, -23.475049171082386 ], [ 28.799785600824851, -23.474595358788779 ], [ 28.799815855817144, -23.474277690363085 ], [ 28.799936872188908, -23.474081038309333 ], [ 28.800027635367126, -23.47379362307727 ], [ 28.800027635367126, -23.473370064876669 ], [ 28.800042761963905, -23.473067523047742 ], [ 28.800073016056906, -23.472734727125992 ], [ 28.800163779235035, -23.472265787336234 ], [ 28.800315049699901, -23.471948118011255 ], [ 28.800405811978663, -23.471569941399718 ], [ 28.800436066071676, -23.471131255702886 ], [ 28.800466320164588, -23.470798459781133 ], [ 28.800496575156881, -23.470390028177306 ], [ 28.800541955846665, -23.470042104759319 ], [ 28.800572209939585, -23.469618546558721 ], [ 28.800632718125517, -23.469255497443232 ], [ 28.800814242683206, -23.468801684250344 ], [ 28.800874751768422, -23.46862015879336 ], [ 28.800980640644134, -23.468393251747152 ], [ 28.800980640644134, -23.468181473096536 ], [ 28.800905005861424, -23.467939440352904 ], [ 28.800844497675499, -23.467682279213854 ], [ 28.800859625171555, -23.467485627160013 ], [ 28.800889879264563, -23.46725872101317 ], [ 28.800889879264563, -23.467062068959326 ], [ 28.800859625171555, -23.466668763952367 ], [ 28.800844497675499, -23.466441857805506 ], [ 28.800844497675499, -23.466199825061892 ], [ 28.800844497675499, -23.465957791418891 ], [ 28.800844497675499, -23.465609868000989 ], [ 28.800889879264563, -23.465186309800302 ], [ 28.800995769039552, -23.464944276157404 ], [ 28.801131912008188, -23.464747624103648 ], [ 28.801162166101108, -23.464505591359934 ], [ 28.801162166101108, -23.464248430220881 ], [ 28.801147038604963, -23.463991269981118 ], [ 28.801026023132565, -23.463764362934985 ], [ 28.801056277225484, -23.463461822005524 ], [ 28.801010895636331, -23.463129026083678 ], [ 28.801010895636331, -23.462947500626701 ], [ 28.801010895636331, -23.462750847673487 ], [ 28.80104114972934, -23.462569323115797 ], [ 28.80104114972934, -23.462297036279253 ], [ 28.80104114972934, -23.46196424035741 ], [ 28.80104114972934, -23.46163144443565 ], [ 28.80104114972934, -23.461283521017755 ], [ 28.80104114972934, -23.460935597599772 ], [ 28.801101657915265, -23.460481785306158 ], [ 28.801207547690261, -23.4602548791594 ], [ 28.801268055876104, -23.459982591423479 ], [ 28.801404199744102, -23.459710303687565 ], [ 28.801615979294084, -23.459513651633728 ], [ 28.801842885440848, -23.459211109804894 ], [ 28.801948775215841, -23.45898420275876 ], [ 28.801994155905625, -23.458651406836921 ], [ 28.801994155905625, -23.458409374093382 ], [ 28.801979029308853, -23.458091704768403 ], [ 28.801948775215841, -23.457698400660639 ], [ 28.80196893172084, -23.457099667115941 ], [ 28.802007527025836, -23.456289157618553 ], [ 28.827389969971179, -23.453810028909743 ], [ 28.827437948802398, -23.453850983136334 ], [ 28.829981948308294, -23.45602302933932 ], [ 28.865533969916818, -23.486373029591672 ], [ 28.865574109357748, -23.486419374354721 ] ] ] } },
{ "type": "Feature", "properties": { "Municipali": "Mogalakwena Local Municipality", "WardNo": "3", "WardLabel": "LIM367_3", "Province": "Limpopo", "CLASSIFICATION": "Service centre", "PopGBlack": 12927.64134, "PopGColour": 11.826259567, "PopGIndian": 30.656678061000001, "PopGWhite": 12.190857963, "PopGOther": 3.6310681, "PopGTotal": 12985.946203000001 }, "geometry": { "type": "Polygon", "coordinates": [ [ [ 28.646423300395035, -23.39753321708427 ], [ 28.645858050408751, -23.39774651918647 ], [ 28.645143487781816, -23.397842504727766 ], [ 28.644450256174409, -23.397885164968354 ], [ 28.644023651070722, -23.397885164968347 ], [ 28.643511726385057, -23.397746519186473 ], [ 28.642999800800201, -23.397671862866236 ], [ 28.642242577932681, -23.397874499908227 ], [ 28.640642811716383, -23.398397089654015 ], [ 28.639970910229312, -23.39868504807654 ], [ 28.639522975904658, -23.398877020058404 ], [ 28.639032381339419, -23.399207638721617 ], [ 28.638275157572529, -23.399708899246342 ], [ 28.637859219327527, -23.400050182070213 ], [ 28.637464610303581, -23.400498117294237 ], [ 28.637112662419501, -23.400935385659484 ], [ 28.636856699177343, -23.401266004322689 ], [ 28.636739382616433, -23.401628618166264 ], [ 28.636547410634567, -23.402375175973575 ], [ 28.63629144829169, -23.402993752159929 ], [ 28.636163466670745, -23.40337769612384 ], [ 28.635960829628665, -23.403889620809334 ], [ 28.635907504327957, -23.40417757923186 ], [ 28.635982159748913, -23.404604183436351 ], [ 28.636078146189575, -23.405020121681268 ], [ 28.636131472389565, -23.405414730705299 ], [ 28.636174131730868, -23.406214613813408 ], [ 28.636142136550408, -23.406886516199755 ], [ 28.635779522706834, -23.408198323993439 ], [ 28.635150282359717, -23.409638114307523 ], [ 28.634495546232536, -23.411346628344262 ], [ 28.634316270879218, -23.41187066330049 ], [ 28.634054254300473, -23.41242227866525 ], [ 28.633530219344244, -23.412946313621479 ], [ 28.633019974592195, -23.413222121303857 ], [ 28.632330455386196, -23.413470347678427 ], [ 28.631489241235592, -23.413690995443105 ], [ 28.630785930926045, -23.414063334555266 ], [ 28.630165363640664, -23.414545998898706 ], [ 28.629641328684436, -23.415166566184084 ], [ 28.629020762298424, -23.416200845892359 ], [ 28.628303660885329, -23.417759159657503 ], [ 28.627586561270885, -23.41916578027659 ], [ 28.62721422036007, -23.419800137766149 ], [ 28.626731556915836, -23.420351753130912 ], [ 28.626207521959607, -23.420903369394956 ], [ 28.625586953774945, -23.421427404351185 ], [ 28.62510429123008, -23.421854906079059 ], [ 28.624676788603004, -23.422116922657899 ], [ 28.624180334954502, -23.422558216388619 ], [ 28.623876945964394, -23.422778862354644 ], [ 28.623725251918891, -23.422958136808585 ], [ 28.623697670611076, -23.423137412161825 ], [ 28.623780412735961, -23.423592495197525 ], [ 28.623890736168661, -23.424130320358017 ], [ 28.624042431113356, -23.424350966324056 ], [ 28.624469932841151, -23.42487500128027 ], [ 28.624856063956233, -23.425399036236598 ], [ 28.625118081434348, -23.425798956656493 ], [ 28.62550421165006, -23.426350572920622 ], [ 28.625890342765143, -23.427095253842879 ], [ 28.626262683675957, -23.427702030923996 ], [ 28.626524701154072, -23.428212274776673 ], [ 28.626676395199485, -23.428639778303118 ], [ 28.626869460757071, -23.429122440847994 ], [ 28.627076317418204, -23.429536153270885 ], [ 28.627338333996949, -23.430032606919294 ], [ 28.627627931883598, -23.430446319342192 ], [ 28.628069224714942, -23.430832449557908 ], [ 28.628786325228756, -23.431315113002054 ], [ 28.629462054230487, -23.431535758968081 ], [ 28.630275687073365, -23.431756405833482 ], [ 28.631172062041038, -23.432018423311597 ], [ 28.6317926302257, -23.432142536948568 ], [ 28.632468359227431, -23.432363182914596 ], [ 28.632882070751048, -23.432556247572812 ], [ 28.633224108106198, -23.432615556962386 ], [ 28.633639708206044, -23.432845015385144 ], [ 28.633747571992924, -23.432938498113188 ], [ 28.633891391574501, -23.433139844628119 ], [ 28.633948919407132, -23.433290855188794 ], [ 28.633948919407132, -23.433492201703721 ], [ 28.633948919407132, -23.433751076051376 ], [ 28.633905774431984, -23.433966805423694 ], [ 28.633761953951037, -23.434232870750439 ], [ 28.633625326247842, -23.434398263269234 ], [ 28.633495888624378, -23.434685902432474 ], [ 28.633402405896419, -23.434894439926502 ], [ 28.633330496105586, -23.4350742144035 ], [ 28.633143530649491, -23.435297133855642 ], [ 28.632834320347683, -23.435570390161402 ], [ 28.632309379774096, -23.435937130094484 ], [ 28.631755675284282, -23.436311060107311 ], [ 28.631209161773391, -23.436641844245703 ], [ 28.630691413078274, -23.437015774258615 ], [ 28.63023838229552, -23.437188356857131 ], [ 28.629943552153264, -23.437245884689855 ], [ 28.629325129750999, -23.437375322313326 ], [ 28.628828953093816, -23.43749037797858 ], [ 28.628433450143604, -23.43759824176546 ], [ 28.628153001959461, -23.437627005681776 ], [ 28.627915701448487, -23.437605432744562 ], [ 28.627678399138862, -23.437475996020378 ], [ 28.627304469125953, -23.437159592940908 ], [ 28.626729190799555, -23.436569933555585 ], [ 28.626340878828533, -23.436267914232879 ], [ 28.626089196359356, -23.436073757797686 ], [ 28.625801557196112, -23.435908366178179 ], [ 28.625636164677321, -23.435685445826664 ], [ 28.625485155015923, -23.435476908332632 ], [ 28.62536290837156, -23.435325897771953 ], [ 28.625175942915465, -23.435203651127591 ], [ 28.624895495630692, -23.435052640566919 ], [ 28.624550328634818, -23.434743430265105 ], [ 28.62418358960101, -23.434412645227347 ], [ 28.623557976219644, -23.434060288151738 ], [ 28.622774161298498, -23.433636021285299 ], [ 28.622091020084589, -23.433312428126012 ], [ 28.62150136069927, -23.433053552879176 ], [ 28.621084284811932, -23.433010407004652 ], [ 28.620609681091963, -23.433046361900068 ], [ 28.620142268351096, -23.433017597983753 ], [ 28.619732384342139, -23.432960070151118 ], [ 28.619380026367164, -23.432960070151122 ], [ 28.619027669291558, -23.433003216025643 ], [ 28.618603402425119, -23.433161416666056 ], [ 28.618366100115495, -23.433298046167895 ], [ 28.618164752701198, -23.433405909954779 ], [ 28.618092843809734, -23.433556919616183 ], [ 28.618013743039889, -23.43370074009712 ], [ 28.61791307023211, -23.433787030946704 ], [ 28.617805204646491, -23.433801412904902 ], [ 28.617668576943384, -23.433794221925798 ], [ 28.61758947617345, -23.433887704653849 ], [ 28.61748161238657, -23.434053097172729 ], [ 28.617438465612771, -23.434297589562085 ], [ 28.617287455951374, -23.434671519574998 ], [ 28.617150827348809, -23.434916012863713 ], [ 28.617122064331863, -23.435081405382604 ], [ 28.617122064331863, -23.435282751897525 ], [ 28.617122064331863, -23.435548817224184 ], [ 28.617114873352762, -23.435836456387428 ], [ 28.617050153641749, -23.436160048647348 ], [ 28.616956670913702, -23.436404541936078 ], [ 28.616899143980351, -23.436728135994734 ], [ 28.616762515377875, -23.437152401961811 ], [ 28.616669032649739, -23.437497568957681 ], [ 28.616503641030228, -23.437842735054186 ], [ 28.616367012427752, -23.438267001920618 ], [ 28.616194428929859, -23.438799132573941 ], [ 28.616050610247473, -23.439316883067704 ], [ 28.616043419268372, -23.439820249804718 ], [ 28.616079374163878, -23.440208561775737 ], [ 28.61608656514289, -23.440532155834312 ], [ 28.616093756121991, -23.440841367035478 ], [ 28.616000273393944, -23.441272824880937 ], [ 28.615885217728682, -23.441833720349944 ], [ 28.615827689896051, -23.442301133090812 ], [ 28.615798925979647, -23.442531244421421 ], [ 28.615755780105218, -23.442818881785922 ], [ 28.615683871213754, -23.443077757032853 ], [ 28.615568814649123, -23.443415732150338 ], [ 28.615561623670022, -23.443746516288648 ], [ 28.615619152402022, -23.444170783155087 ], [ 28.615683871213754, -23.444710105686877 ], [ 28.615777353042432, -23.445084035699697 ], [ 28.615906790665896, -23.445493920608026 ], [ 28.615913981644997, -23.445659313126811 ], [ 28.616014655352146, -23.445939760411679 ], [ 28.61614409207624, -23.446083579993253 ], [ 28.616244765783389, -23.44620582573824 ], [ 28.616323866553234, -23.446371218257127 ], [ 28.616323866553234, -23.446565373792957 ], [ 28.616331058431616, -23.446773912186266 ], [ 28.616503641030228, -23.447018404575712 ], [ 28.616647459712524, -23.44724851590632 ], [ 28.616719370402638, -23.44744267234152 ], [ 28.616712179423626, -23.447600872981926 ], [ 28.616776897335988, -23.447823793333345 ], [ 28.616891953001339, -23.448111431597308 ], [ 28.616963861892803, -23.448399069861185 ], [ 28.61705734462085, -23.448729854898858 ], [ 28.617136446290065, -23.449031875120934 ], [ 28.617222737139642, -23.449182884782324 ], [ 28.617395319738254, -23.449326705263278 ], [ 28.61769734085961, -23.449477714924587 ], [ 28.617905879253009, -23.449628724585985 ], [ 28.618078461851621, -23.44983726297929 ], [ 28.618322955140346, -23.450196811034004 ], [ 28.618473964801655, -23.450369393632613 ], [ 28.618704076132268, -23.450642650837654 ], [ 28.619207442869271, -23.451117254557712 ], [ 28.619430363220694, -23.451311410992819 ], [ 28.619653282672925, -23.451476802612326 ], [ 28.619890584982549, -23.451678150026623 ], [ 28.620192605204625, -23.451987361227719 ], [ 28.620415524656767, -23.452210280679953 ], [ 28.62058729426828, -23.452341971105085 ], [ 28.620631254029178, -23.452375673198823 ], [ 28.620832601443475, -23.452555446776451 ], [ 28.621163384682497, -23.45282151300248 ], [ 28.621486978741157, -23.452886231814123 ], [ 28.621702708113567, -23.452965331684688 ], [ 28.621860908753977, -23.453116343144732 ], [ 28.622040683230971, -23.453288925743344 ], [ 28.622407422264779, -23.453461509241244 ], [ 28.622702252407034, -23.453583754986326 ], [ 28.622917980880164, -23.453727574567985 ], [ 28.62327033795577, -23.454087122622607 ], [ 28.623572358177846, -23.45432442493232 ], [ 28.623852806361988, -23.454489816551828 ], [ 28.624032579939612, -23.454676782007841 ], [ 28.624248309312023, -23.454870938443122 ], [ 28.62450718365967, -23.455223294619355 ], [ 28.624730104011093, -23.455431833012664 ], [ 28.624917068567907, -23.455633180426972 ], [ 28.625161560957352, -23.455920818690839 ], [ 28.625377290329673, -23.456179693038393 ], [ 28.625535490970172, -23.456373848574312 ], [ 28.625787175237999, -23.456568005009427 ], [ 28.626110769296659, -23.456805307319044 ], [ 28.626412788619366, -23.456999462854956 ], [ 28.626606945054473, -23.457200810269171 ], [ 28.626829865405984, -23.457402156784099 ], [ 28.627088739753543, -23.457682604968237 ], [ 28.62729008716784, -23.457840805608733 ], [ 28.627498624661868, -23.457970243232115 ], [ 28.627656826201648, -23.458099680855579 ], [ 28.62777907194673, -23.458286646311667 ], [ 28.628001992298152, -23.458473610868484 ], [ 28.628289630562026, -23.458660576324576 ], [ 28.628433450143604, -23.458833158923106 ], [ 28.628591650784102, -23.459034506337403 ], [ 28.628749852323882, -23.459163943061487 ], [ 28.628965580796923, -23.459207088936012 ], [ 28.629174119190321, -23.459199897956911 ], [ 28.629325129750999, -23.45909203417003 ], [ 28.629483331290778, -23.459106416128233 ], [ 28.629619958993974, -23.459250234810522 ], [ 28.629735013759955, -23.459422818308418 ], [ 28.629936361174163, -23.459624164823349 ], [ 28.630116135651157, -23.459796748321335 ], [ 28.630331864124287, -23.459983712878056 ], [ 28.630518829580382, -23.460149105396937 ], [ 28.630626694266631, -23.460285733999413 ], [ 28.630950287425922, -23.460523036309127 ], [ 28.63115882491995, -23.460710000865848 ], [ 28.631223543731593, -23.460889775342842 ], [ 28.631288263442606, -23.461033594025139 ], [ 28.631439273104004, -23.46118460368654 ], [ 28.631669384434616, -23.461385951100752 ], [ 28.631806012137812, -23.461652017326784 ], [ 28.631935448861995, -23.461889318737033 ], [ 28.632323761732298, -23.46223448483363 ], [ 28.63259701803797, -23.462407068331608 ], [ 28.6328702752431, -23.462493360080558 ], [ 28.633157912607693, -23.462644369741863 ], [ 28.633524651641412, -23.462809762260747 ], [ 28.634006447239852, -23.463054254650196 ], [ 28.634322850319322, -23.463154928357245 ], [ 28.634660825436814, -23.463219647168987 ], [ 28.634962844759521, -23.46336346585128 ], [ 28.635336774772341, -23.463629532077302 ], [ 28.635617222956483, -23.463852452428736 ], [ 28.635904862119727, -23.464104135797278 ], [ 28.636206882341803, -23.464298292232382 ], [ 28.636501711584778, -23.464377392102943 ], [ 28.636739012995122, -23.464456492872884 ], [ 28.636969124325645, -23.464621885391679 ], [ 28.637271145447091, -23.46473694015765 ], [ 28.637702603292542, -23.464801658969389 ], [ 28.638134060238713, -23.464837613864809 ], [ 28.638529563188836, -23.46490233267653 ], [ 28.639004166908805, -23.465046152258111 ], [ 28.639356523984411, -23.465175588982294 ], [ 28.639593826294124, -23.465333789622704 ], [ 28.639787981829951, -23.465535137037008 ], [ 28.640046857076879, -23.46566457466038 ], [ 28.640312923302819, -23.465801203262941 ], [ 28.64075157122809, -23.46593063998704 ], [ 28.640996063617447, -23.465980976840655 ], [ 28.641132692220012, -23.4660888424261 ], [ 28.641226174948059, -23.466239852087487 ], [ 28.641319656776737, -23.466405243707005 ], [ 28.641427522362356, -23.466513109292535 ], [ 28.641449095299571, -23.466678500912135 ], [ 28.641449095299571, -23.466851084410028 ], [ 28.641398758445952, -23.467167485690936 ], [ 28.641204602010845, -23.467404788000565 ], [ 28.641197411031744, -23.467606135414851 ], [ 28.641204602010845, -23.467915346615943 ], [ 28.641024828433132, -23.468476242084954 ], [ 28.640845053956138, -23.468900508951304 ], [ 28.640593369688311, -23.46920252917338 ], [ 28.640334495340753, -23.469461404420301 ], [ 28.640233395354947, -23.469591388831539 ], [ 28.640133147926456, -23.469720277868493 ], [ 28.640032475118677, -23.469907244223958 ], [ 28.63999652022326, -23.470216455425042 ], [ 28.639974947286046, -23.470554429643258 ], [ 28.63994618336973, -23.47099307936708 ], [ 28.639787981829951, -23.471446110149842 ], [ 28.639716072938487, -23.471784085267345 ], [ 28.639716072938487, -23.472122060384745 ], [ 28.639737644976421, -23.472380934732389 ], [ 28.639733761703784, -23.47250907373482 ], [ 28.63973045399732, -23.472618237042017 ], [ 28.639629781189541, -23.472869921309844 ], [ 28.63962259021044, -23.473121603779017 ], [ 28.63962259021044, -23.473452388816693 ], [ 28.639687309022083, -23.473675309168197 ], [ 28.639838318683569, -23.473919800658273 ], [ 28.640010902181373, -23.474193057863314 ], [ 28.640039666097778, -23.474516651022615 ], [ 28.640118765968342, -23.474890581934801 ], [ 28.640140338905557, -23.475595296086013 ], [ 28.640133147926456, -23.476012371973439 ], [ 28.640111575888611, -23.476249674283061 ], [ 28.640097193930409, -23.476602031358663 ], [ 28.64016191184286, -23.47704787116232 ], [ 28.640176293800973, -23.477457756070557 ], [ 28.640190675759087, -23.477774158250835 ], [ 28.640248203591806, -23.478184043159072 ], [ 28.640370450236169, -23.478716173812394 ], [ 28.640492696880532, -23.479212351368947 ], [ 28.640622133604626, -23.479507180611922 ], [ 28.640794717102519, -23.479694146067924 ], [ 28.640981681659333, -23.479852346708427 ], [ 28.64118302907363, -23.480075267059934 ], [ 28.641384375588558, -23.480442006093746 ], [ 28.641528195170135, -23.480715262399414 ], [ 28.641650441814498, -23.481082002332499 ], [ 28.641801452375176, -23.481362448718087 ], [ 28.642031562806419, -23.481628514944024 ], [ 28.642470211630972, -23.481995253977828 ], [ 28.642844141643881, -23.482405138886072 ], [ 28.643246835573017, -23.482721541066258 ], [ 28.643527282857878, -23.482994798271392 ], [ 28.643743012230289, -23.483239290660748 ], [ 28.643872449853752, -23.483649175568981 ], [ 28.643908404749169, -23.484044679418474 ], [ 28.643908404749169, -23.484368271678399 ], [ 28.643778967125705, -23.484720628754008 ], [ 28.643584810690509, -23.485044222812657 ], [ 28.643225262635802, -23.485482871637217 ], [ 28.642714704919698, -23.48615882187211 ], [ 28.642448638693757, -23.486525560905914 ], [ 28.642125044635186, -23.487014546584088 ], [ 28.641894935103224, -23.487474769245225 ], [ 28.641729541685063, -23.487891845132566 ], [ 28.641585723002766, -23.48839521186957 ], [ 28.64144190432047, -23.488654087116494 ], [ 28.641355611672154, -23.488833860694115 ], [ 28.641305275717993, -23.489222172665144 ], [ 28.641247747885274, -23.489574529740747 ], [ 28.641204602010845, -23.48995565073275 ], [ 28.641211792989946, -23.490178571084176 ], [ 28.641369993630356, -23.490559692076101 ], [ 28.641542577128249, -23.490955195026228 ], [ 28.641779879437962, -23.49135788895536 ], [ 28.641988416931991, -23.491652719097701 ], [ 28.642204146304401, -23.491918784424364 ], [ 28.642398301840228, -23.492199231709225 ], [ 28.642427065756543, -23.492414961081543 ], [ 28.642649986108054, -23.492645072412159 ], [ 28.642959197309143, -23.492781700115351 ], [ 28.643182116761373, -23.492954282713963 ], [ 28.643613574606825, -23.493249112856311 ], [ 28.644030651393532, -23.493364167622207 ], [ 28.644296716720103, -23.493428887333305 ], [ 28.644584354984065, -23.493443269291422 ], [ 28.644900758063535, -23.493536751120185 ], [ 28.645382040149098, -23.493787560347617 ], [ 28.64541131577964, -23.493802817346129 ], [ 28.646036930060376, -23.49398978190294 ], [ 28.646482769864029, -23.494097645689827 ], [ 28.647158720098925, -23.494234275191673 ], [ 28.647626132839793, -23.494270230087078 ], [ 28.648172646350595, -23.49427742106618 ], [ 28.648697586924097, -23.494284612045288 ], [ 28.649373537159079, -23.494176747359035 ], [ 28.649761849130101, -23.494169556379937 ], [ 28.650135779142921, -23.494097645689823 ], [ 28.650394654389849, -23.494047309735571 ], [ 28.650761393423661, -23.494032927777461 ], [ 28.651142514415579, -23.494090455609999 ], [ 28.651602736177349, -23.49420551127535 ], [ 28.651933520315733, -23.494248657149786 ], [ 28.65237936011939, -23.494248657149789 ], [ 28.652753290132299, -23.494248657149786 ], [ 28.653091266149072, -23.494255848128876 ], [ 28.653321375681031, -23.494298993104028 ], [ 28.65358025092787, -23.494378093873962 ], [ 28.653860699112013, -23.494442812685694 ], [ 28.654155528354995, -23.494500339618956 ], [ 28.654428784660755, -23.49457944128817 ], [ 28.654788332715459, -23.49468730597442 ], [ 28.655356419163475, -23.494931798363865 ], [ 28.655831022883444, -23.495068426966345 ], [ 28.656154616042731, -23.495284156338748 ], [ 28.656391918352444, -23.495463929916465 ], [ 28.65661483780459, -23.49565089537256 ], [ 28.657211688168921, -23.495996060569695 ], [ 28.65763595503536, -23.49631246274997 ], [ 28.658110557855959, -23.496700774720999 ], [ 28.658520442764285, -23.497031559758668 ], [ 28.65888718269737, -23.497470208583223 ], [ 28.659095721090683, -23.497714700972665 ], [ 28.659282685647501, -23.497901666428763 ], [ 28.659448078166378, -23.498103012943687 ], [ 28.659555941953261, -23.498304360357984 ], [ 28.659555941953261, -23.498548852747344 ], [ 28.659577514890472, -23.498735818203436 ], [ 28.659678188597621, -23.49892278276025 ], [ 28.659872345032731, -23.499124130174462 ], [ 28.660052118610441, -23.499224803881607 ], [ 28.660152792317589, -23.499318285710284 ], [ 28.660239084066536, -23.499526824103683 ], [ 28.660310992957999, -23.499720979639509 ], [ 28.660404475686047, -23.499972663907336 ], [ 28.660569868204927, -23.500253112091485 ], [ 28.660615781293284, -23.500326572313472 ], [ 28.660713686887135, -23.500483223422002 ], [ 28.66087188932628, -23.500749287849377 ], [ 28.66093265022171, -23.500925495615174 ], [ 28.660943798217744, -23.500957826242697 ], [ 28.660943798217744, -23.50110164492499 ], [ 28.660907843322416, -23.50129580136009 ], [ 28.660785596677965, -23.501410857025448 ], [ 28.660670541912076, -23.501561866686842 ], [ 28.660483577355258, -23.501763214101054 ], [ 28.66012402840127, -23.50195736963688 ], [ 28.659786053283781, -23.502158717051174 ], [ 28.659548750974153, -23.502273772716439 ], [ 28.659297067605607, -23.502446356214325 ], [ 28.65918920291945, -23.502626129792038 ], [ 28.659023811299935, -23.502920959035102 ], [ 28.658995047383623, -23.503194216240054 ], [ 28.65897347444632, -23.503496235562761 ], [ 28.658930327672522, -23.503805447663307 ], [ 28.658844036822853, -23.504078704868352 ], [ 28.658779318011213, -23.504308815299598 ], [ 28.658779318011213, -23.504603645441858 ], [ 28.658736172136695, -23.504912855743747 ], [ 28.658577970596916, -23.505473752111943 ], [ 28.658347860165673, -23.506041837660678 ], [ 28.658146512751376, -23.506466105426483 ], [ 28.657858875386871, -23.506811270623626 ], [ 28.657743818822237, -23.507084527828663 ], [ 28.65768629188889, -23.50740812098805 ], [ 28.657592809160846, -23.507760478063648 ], [ 28.657362697830319, -23.508278227658046 ], [ 28.657283597959754, -23.508616202775542 ], [ 28.657283597959754, -23.50885350508517 ], [ 28.657262025022455, -23.509054851600091 ], [ 28.657125396419975, -23.509256199014388 ], [ 28.657010340754624, -23.509435972592101 ], [ 28.656909667047564, -23.509766756730492 ], [ 28.65668674759533, -23.510155068701426 ], [ 28.656363154436043, -23.510557762630647 ], [ 28.655874168757961, -23.510953265580778 ], [ 28.655327655247156, -23.511233713764916 ], [ 28.654874625363774, -23.511406297262809 ], [ 28.654479122413651, -23.511550115945102 ], [ 28.654083618564158, -23.511715507564617 ], [ 28.653630587781404, -23.511780227275633 ], [ 28.653177556998649, -23.51182337315015 ], [ 28.652746099153198, -23.511823373150143 ], [ 28.652134866830664, -23.511773036296525 ], [ 28.651494872390554, -23.511693934627402 ], [ 28.65104184070843, -23.511657980631266 ], [ 28.650581618946578, -23.511550115945109 ], [ 28.650178925017439, -23.511377533346494 ], [ 28.64968274925954, -23.511204949848512 ], [ 28.649316009326448, -23.511068322145405 ], [ 28.649006798125267, -23.510787873961259 ], [ 28.648647250070653, -23.510557762630654 ], [ 28.648158264392482, -23.510334843178512 ], [ 28.647597368923478, -23.50999686806102 ], [ 28.647412408955603, -23.509874171755634 ], [ 28.646871081834963, -23.509515073361953 ], [ 28.646403669094095, -23.509227435098072 ], [ 28.64567738200558, -23.508724066562419 ], [ 28.64519558730651, -23.508493956131176 ], [ 28.644900758063535, -23.50845081115602 ], [ 28.644569973025952, -23.508458002135132 ], [ 28.64423918888756, -23.508680921587271 ], [ 28.643879640832854, -23.508954177893028 ], [ 28.643527282857878, -23.509414399654794 ], [ 28.643124588928654, -23.510205405555045 ], [ 28.642700322961584, -23.511355960409283 ], [ 28.64224729217883, -23.512578424154981 ], [ 28.642132235614199, -23.5131105548083 ], [ 28.641887744124123, -23.513621114322959 ], [ 28.6414994321531, -23.514333018553994 ], [ 28.641305275717993, -23.514793241215127 ], [ 28.641075165286662, -23.51509526143721 ], [ 28.640845053956138, -23.515339753826563 ], [ 28.640607751646513, -23.515519528303649 ], [ 28.640327304361652, -23.515699301881273 ], [ 28.640025284139575, -23.515886267337372 ], [ 28.639859891620784, -23.516066041814359 ], [ 28.639744835955433, -23.516317725182905 ], [ 28.639601017273225, -23.516655701199674 ], [ 28.639370905942613, -23.516950530442656 ], [ 28.639018548867007, -23.517417943183524 ], [ 28.638694955707717, -23.517770300259127 ], [ 28.638299452757593, -23.518043556564887 ], [ 28.637875185891154, -23.518302430912446 ], [ 28.637616310644226, -23.518518160284852 ], [ 28.63731429132152, -23.518777034632507 ], [ 28.637141706924258, -23.519071864774759 ], [ 28.637012270200163, -23.519417030871264 ], [ 28.636969124325645, -23.519661524159989 ], [ 28.636997888241961, -23.520035454172898 ], [ 28.637127324966144, -23.520754550282316 ], [ 28.637220807694192, -23.521372972684574 ], [ 28.63737181825487, -23.522106450752105 ], [ 28.637465300982917, -23.52253071761854 ], [ 28.637515637836447, -23.522940603426065 ], [ 28.637544400853482, -23.523487116037586 ], [ 28.637522827916179, -23.52384666499157 ], [ 28.637537209874381, -23.524134303255529 ], [ 28.637594737707012, -23.52438598662399 ], [ 28.637731366309577, -23.524644861870915 ], [ 28.637839230995738, -23.524874972302165 ], [ 28.63785361295394, -23.525105082733404 ], [ 28.637925521845403, -23.525421485812963 ], [ 28.638019004573451, -23.52567316918142 ], [ 28.638105297221767, -23.525910470591764 ], [ 28.638263497862177, -23.526061482051809 ], [ 28.638385743607259, -23.526277209625572 ], [ 28.63850080017189, -23.526514511935193 ], [ 28.638572709063354, -23.526809342077545 ], [ 28.638637427874997, -23.527147317194945 ], [ 28.638644618854098, -23.527550011124077 ], [ 28.638651809833199, -23.527887986241574 ], [ 28.638651809833199, -23.528211580300233 ], [ 28.638730909703764, -23.528441690731391 ], [ 28.638788438435675, -23.528635847166676 ], [ 28.63881720235208, -23.528880338656748 ], [ 28.638853157247496, -23.529132022924578 ], [ 28.638910685080038, -23.529398089150515 ], [ 28.638953830055275, -23.529894264908418 ], [ 28.638917876059139, -23.530404824423087 ], [ 28.63881720235208, -23.530793136394106 ], [ 28.6386590008123, -23.531116728654119 ], [ 28.638457654297373, -23.53142594075458 ], [ 28.638062151347249, -23.531648861106081 ], [ 28.63780327610041, -23.5318214437047 ], [ 28.637486873920132, -23.531958072307173 ], [ 28.637213616715091, -23.532037173077111 ], [ 28.636947551388431, -23.532188182738505 ], [ 28.636638340187254, -23.532382339173612 ], [ 28.636314747027964, -23.532626831563061 ], [ 28.635983961990291, -23.532885705910612 ], [ 28.635667559810102, -23.533166154094758 ], [ 28.635415876441556, -23.533496938233061 ], [ 28.635027563571253, -23.533842105229027 ], [ 28.634696780332231, -23.53407221476089 ], [ 28.634243748650107, -23.53433828098693 ], [ 28.633826672762769, -23.534539628401138 ], [ 28.633380832959116, -23.534740974916062 ], [ 28.632956566092766, -23.534906367434942 ], [ 28.632553872163541, -23.535186814719719 ], [ 28.632072078363752, -23.535496025920814 ], [ 28.631690957371831, -23.535740519209615 ], [ 28.631396127229575, -23.536013776414656 ], [ 28.631065343091183, -23.536330177695575 ], [ 28.630871186655988, -23.536560289026092 ], [ 28.63061950328753, -23.536776018398506 ], [ 28.630331864124287, -23.537099610658512 ], [ 28.629979507048681, -23.537545451361535 ], [ 28.629584004098557, -23.538070391035752 ], [ 28.629267601918368, -23.538588140630242 ], [ 28.628922435821863, -23.539149036099158 ], [ 28.628577268825989, -23.539745885564212 ], [ 28.62836873133196, -23.540371499844856 ], [ 28.628181765875865, -23.540918013355665 ], [ 28.628073902088985, -23.541385426096518 ], [ 28.627966037402736, -23.541831265900178 ], [ 28.627872554674688, -23.542291486762746 ], [ 28.627822217821159, -23.542787664319299 ], [ 28.627807489624008, -23.543017423115561 ], [ 28.627102704426338, -23.543036920417553 ], [ 28.62431971638188, -23.542489237788086 ], [ 28.619454261804783, -23.541527610710649 ], [ 28.617422744564042, -23.541158243857904 ], [ 28.61209399074513, -23.539852191725323 ], [ 28.602180843870912, -23.538019510092301 ], [ 28.593148017267239, -23.53642917956298 ], [ 28.592670388227898, -23.532050909322049 ], [ 28.592564248441338, -23.53128139542012 ], [ 28.592406322094138, -23.530510012726932 ], [ 28.592137236844057, -23.529847650348827 ], [ 28.590646920818802, -23.527322391814895 ], [ 28.58999490693947, -23.526039063751792 ], [ 28.589739002153308, -23.525509998887351 ], [ 28.589498134931052, -23.524962723650752 ], [ 28.588840995815396, -23.523924477033006 ], [ 28.586496804084266, -23.520305486409125 ], [ 28.583319001071089, -23.515199995583277 ], [ 28.582078003197381, -23.512979996629547 ], [ 28.581529083100715, -23.511984553244485 ], [ 28.58128069664691, -23.511022057421975 ], [ 28.5812089981968, -23.510231002958445 ], [ 28.581394540026078, -23.508600292869257 ], [ 28.581342793035475, -23.508165617249492 ], [ 28.581115106277228, -23.507761989823965 ], [ 28.580069815269876, -23.506623554233638 ], [ 28.579541994167762, -23.505578263226283 ], [ 28.579367996935584, -23.504590997376582 ], [ 28.57689800174143, -23.504084001875185 ], [ 28.576356960605359, -23.504047411159135 ], [ 28.565885073937064, -23.518376181615501 ], [ 28.550687430680494, -23.514093036264665 ], [ 28.512564002726609, -23.503213998627167 ], [ 28.512609995854671, -23.503200003377497 ], [ 28.521599996742481, -23.492319998968799 ], [ 28.540603997176767, -23.469291001778348 ], [ 28.540630001073758, -23.469260002147401 ], [ 28.554996999012378, -23.464421001128311 ], [ 28.591592003967875, -23.452095999330943 ], [ 28.591639999886137, -23.452080000391707 ], [ 28.593919997110223, -23.444160005679731 ], [ 28.596610006946349, -23.434820003940064 ], [ 28.595930001668307, -23.404729995892541 ], [ 28.595938052399234, -23.404728051558337 ], [ 28.640309997808217, -23.394010003358968 ], [ 28.658980002625032, -23.386049999607806 ], [ 28.659700000754498, -23.385749999263066 ], [ 28.659946656912759, -23.386430840011286 ], [ 28.660042643353325, -23.38684677915548 ], [ 28.660245280395412, -23.387262718299858 ], [ 28.660437252377367, -23.38772131768463 ], [ 28.660725209900612, -23.388275902610793 ], [ 28.660782001188466, -23.388363275344911 ], [ 28.661002502363647, -23.388702507714566 ], [ 28.661322455966637, -23.389225098359546 ], [ 28.661951697213123, -23.390451584772869 ], [ 28.662282314976864, -23.391091491978763 ], [ 28.662602268579853, -23.392040685928954 ], [ 28.662740915261011, -23.392424629892776 ], [ 28.662762245381348, -23.392701923255181 ], [ 28.662666258940774, -23.393021875958802 ], [ 28.662538278219024, -23.393288504261083 ], [ 28.662164999315326, -23.393608456964703 ], [ 28.661471766808639, -23.394056392188727 ], [ 28.660782001188466, -23.394460497154213 ], [ 28.660415922257112, -23.394674968375085 ], [ 28.65918943404515, -23.39527221444111 ], [ 28.658101593413882, -23.395730813825978 ], [ 28.656224533835179, -23.39625340357177 ], [ 28.655232678745211, -23.396434711392793 ], [ 28.653355620065874, -23.396786659276959 ], [ 28.650230743953692, -23.397191933361032 ], [ 28.649025586761429, -23.397309249921939 ], [ 28.648161713292495, -23.39744789570382 ], [ 28.647553802166254, -23.397469225824153 ], [ 28.646956556100228, -23.397479890884284 ], [ 28.646423300395035, -23.39753321708427 ] ] ] } },
{ "type": "Feature", "properties": { "Municipali": "Mogalakwena Local Municipality", "WardNo": "4", "WardLabel": "LIM367_4", "Province": "Limpopo", "CLASSIFICATION": "Service centre", "PopGBlack": 9441.0586024000004, "PopGColour": 20.874883696000001, "PopGIndian": 31.594242258000001, "PopGWhite": 23.833844433, "PopGOther": 12.595465, "PopGTotal": 9529.9570378000008 }, "geometry": { "type": "Polygon", "coordinates": [ [ [ 28.910191345754072, -23.544577356559753 ], [ 28.939259970371403, -23.5705400169082 ], [ 28.941900128088474, -23.572942712236411 ], [ 28.969249811029968, -23.597832528148626 ], [ 28.969279996774539, -23.597860000638505 ], [ 28.931419992838453, -23.598279996624584 ], [ 28.920170000145479, -23.616640002434142 ], [ 28.915139194418281, -23.619954687658741 ], [ 28.911738996257736, -23.622195003196808 ], [ 28.908240002174374, -23.624499998875844 ], [ 28.898227998223582, -23.631274995644596 ], [ 28.892282168287448, -23.63529823242752 ], [ 28.892250000437201, -23.635319997819675 ], [ 28.891809999931564, -23.635616999824713 ], [ 28.887219996006092, -23.638719999928071 ], [ 28.883839999316624, -23.640999997152147 ], [ 28.878889995876683, -23.6443499996528 ], [ 28.876700000104936, -23.645829996856879 ], [ 28.87551999695037, -23.646619998214369 ], [ 28.87551999695037, -23.646649999597784 ], [ 28.875760000823409, -23.650439996308826 ], [ 28.876979996829402, -23.669190003016265 ], [ 28.877099999665251, -23.671069999780673 ], [ 28.87771000081591, -23.680519997599866 ], [ 28.878190003166132, -23.687960006149378 ], [ 28.878790005654274, -23.697185998135321 ], [ 28.878752000304644, -23.697201988980584 ], [ 28.862997997759479, -23.692085998569986 ], [ 28.847692500608474, -23.686987651059244 ], [ 28.845490999809837, -23.681139990218448 ], [ 28.842257999107392, -23.672586000443534 ], [ 28.838418003687977, -23.662423998568716 ], [ 28.836865003117435, -23.658313996993375 ], [ 28.828800435191976, -23.636676202444814 ], [ 28.825992353364466, -23.621051745441672 ], [ 28.825740345340684, -23.619683704839098 ], [ 28.824230997862305, -23.610905002364014 ], [ 28.816186808574379, -23.601413509825679 ], [ 28.799712193662813, -23.593265200628529 ], [ 28.796033588779171, -23.591406121195551 ], [ 28.794872776257687, -23.593211028166451 ], [ 28.793324078043845, -23.595816491837667 ], [ 28.790518930704099, -23.593649776815784 ], [ 28.789815847023757, -23.593105723850083 ], [ 28.782758586339732, -23.587644748106648 ], [ 28.776568785620995, -23.582886917197481 ], [ 28.776139185774898, -23.582479298580751 ], [ 28.777447220013247, -23.580467311916902 ], [ 28.790962598645059, -23.565215481809059 ], [ 28.798660866405914, -23.557198865735067 ], [ 28.80227847207383, -23.553812786031237 ], [ 28.80925321816154, -23.547677325048504 ], [ 28.812511137279223, -23.544650699869941 ], [ 28.820328079577301, -23.545966818114188 ], [ 28.821863550562412, -23.546146288620289 ], [ 28.822198832210372, -23.546778119015048 ], [ 28.827410017658245, -23.543219834427806 ], [ 28.828845002894663, -23.542240002374264 ], [ 28.828946995907184, -23.542170997393608 ], [ 28.840034999115932, -23.532316004280215 ], [ 28.854202001321333, -23.52492399884348 ], [ 28.860809996684051, -23.522006999223667 ], [ 28.86344941515841, -23.520772191383514 ], [ 28.886130950283157, -23.510161027609371 ], [ 28.896059966594247, -23.521630031300926 ], [ 28.906933936551965, -23.539361729360287 ], [ 28.910031025411559, -23.544412018000195 ], [ 28.910037139002881, -23.544422155158337 ], [ 28.910059970990915, -23.544460030106308 ], [ 28.910191345754072, -23.544577356559753 ] ] ] } },
{ "type": "Feature", "properties": { "Municipali": "Mogalakwena Local Municipality", "WardNo": "5", "WardLabel": "LIM367_5", "Province": "Limpopo", "CLASSIFICATION": "Service centre", "PopGBlack": 7560.7161975, "PopGColour": 11.103693607, "PopGIndian": 1.636311612, "PopGWhite": 12.977546238, "PopGOther": 14.977937, "PopGTotal": 7601.411686 }, "geometry": { "type": "Polygon", "coordinates": [ [ [ 28.674749352100942, -23.543330091310715 ], [ 28.690694002826017, -23.587034002317328 ], [ 28.745148559758285, -23.602927419564768 ], [ 28.76049651660097, -23.592494819780171 ], [ 28.76747162871278, -23.587763198712683 ], [ 28.775229246332707, -23.582416946784676 ], [ 28.775771473674663, -23.581980005772675 ], [ 28.776139185774898, -23.582479298580751 ], [ 28.776568785620995, -23.582886917197481 ], [ 28.782758586339732, -23.587644748106648 ], [ 28.789815847023757, -23.593105723850083 ], [ 28.790518930704099, -23.593649776815784 ], [ 28.793324078043845, -23.595816491837667 ], [ 28.794872776257687, -23.593211028166451 ], [ 28.796033588779171, -23.591406121195551 ], [ 28.799712193662813, -23.593265200628529 ], [ 28.816186808574379, -23.601413509825679 ], [ 28.824230997862305, -23.610905002364014 ], [ 28.825740345340684, -23.619683704839098 ], [ 28.825992353364466, -23.621051745441672 ], [ 28.828800435191976, -23.636676202444814 ], [ 28.836865003117435, -23.658313996993375 ], [ 28.838418003687977, -23.662423998568716 ], [ 28.842257999107392, -23.672586000443534 ], [ 28.845490999809837, -23.681139990218448 ], [ 28.847692500608474, -23.686987651059244 ], [ 28.862997997759479, -23.692085998569986 ], [ 28.878752000304644, -23.697201988980584 ], [ 28.878790005654274, -23.697185998135321 ], [ 28.870270001259559, -23.723070003777636 ], [ 28.869399998011541, -23.725899996687513 ], [ 28.857844684584542, -23.757136242843291 ], [ 28.857649000201263, -23.757064000303426 ], [ 28.857190999764931, -23.756801999912359 ], [ 28.855322999956496, -23.755426000309651 ], [ 28.853553000170823, -23.754082000383988 ], [ 28.852798999574286, -23.753591000224528 ], [ 28.850406999883166, -23.751756000139313 ], [ 28.849064000003594, -23.750870999796792 ], [ 28.846082000084245, -23.748675000151106 ], [ 28.84404999990759, -23.747167999903315 ], [ 28.84093700024243, -23.744874000234955 ], [ 28.839725000108757, -23.743989999938524 ], [ 28.839429999994554, -23.74461199984389 ], [ 28.838676000297298, -23.746087000414821 ], [ 28.837955000323085, -23.747725000408497 ], [ 28.837234000348872, -23.749069000334082 ], [ 28.836218000260544, -23.7513300002793 ], [ 28.83569400037786, -23.752410999767889 ], [ 28.835038999849999, -23.753754999693555 ], [ 28.834317999875875, -23.755229000218215 ], [ 28.833466000155855, -23.75712999974969 ], [ 28.832580999813334, -23.758834000089013 ], [ 28.831957999861881, -23.760145000291548 ], [ 28.831335999956437, -23.761488000171113 ], [ 28.830779000350621, -23.762733000027922 ], [ 28.830024999753995, -23.764241000321888 ], [ 28.829205999757104, -23.765879000315678 ], [ 28.82799299957734, -23.768401999752509 ], [ 28.828091999646105, -23.769745999678172 ], [ 28.828171980852296, -23.770895934899524 ], [ 28.828140995610546, -23.770909999396999 ], [ 28.827935076043012, -23.771266024807222 ], [ 28.827715445411556, -23.77157350841069 ], [ 28.827385997665672, -23.771749212556145 ], [ 28.825743444404537, -23.771984578625357 ], [ 28.820182100723404, -23.772781478682322 ], [ 28.818672448374851, -23.775153791314438 ], [ 28.818490941803574, -23.775439013999286 ], [ 28.817592469616876, -23.775637835217978 ], [ 28.802809287918361, -23.77890918391169 ], [ 28.798963220276484, -23.77985590832353 ], [ 28.798681337673621, -23.77955836672524 ], [ 28.798658662167522, -23.777630938816763 ], [ 28.797479529556682, -23.777744317246427 ], [ 28.797207421685162, -23.778379234114396 ], [ 28.795074530165493, -23.782417665842623 ], [ 28.794448585833571, -23.783669555405663 ], [ 28.792797122988869, -23.78314249243213 ], [ 28.792396588331961, -23.783092425375145 ], [ 28.791870886931953, -23.782641823661244 ], [ 28.790719350018041, -23.78174062113273 ], [ 28.787740375418061, -23.779212246448004 ], [ 28.787534616829138, -23.77903191888791 ], [ 28.787446038104253, -23.779022594716967 ], [ 28.78739381177504, -23.778974099675029 ], [ 28.787315475428915, -23.778914414368735 ], [ 28.787248328447696, -23.778858457651701 ], [ 28.787114033585883, -23.77875400769128 ], [ 28.786976010134818, -23.778642096055854 ], [ 28.786893941602141, -23.778589870626007 ], [ 28.786852908235211, -23.778504071705598 ], [ 28.786833303014568, -23.778417284430098 ], [ 28.786808143581002, -23.77834739721461 ], [ 28.786701739393859, -23.778301980552005 ], [ 28.786647736903646, -23.778283979721941 ], [ 28.786554478106687, -23.778224294415633 ], [ 28.78645002814628, -23.778149686658686 ], [ 28.786386610653597, -23.778067619025471 ], [ 28.786341846898765, -23.778007932819797 ], [ 28.786256047978263, -23.777951977002132 ], [ 28.786132946078649, -23.777858718205266 ], [ 28.786032225606775, -23.77775053695775 ], [ 28.786002197243601, -23.777688900122651 ], [ 28.785961349137018, -23.777605051831671 ], [ 28.785912854094992, -23.777537904850455 ], [ 28.785808403235205, -23.777448376441413 ], [ 28.785733796377624, -23.777377499072287 ], [ 28.78562934461856, -23.777291701051148 ], [ 28.785524894658241, -23.77721336290638 ], [ 28.785416714309999, -23.777071609067491 ], [ 28.785342105653683, -23.777052957128294 ], [ 28.785293119581862, -23.777062286695195 ], [ 28.785263768408285, -23.777067877780308 ], [ 28.785185431162702, -23.777105181658865 ], [ 28.785099632242289, -23.777079068943856 ], [ 28.78501010293397, -23.777015653249819 ], [ 28.784909383361459, -23.776955967044241 ], [ 28.784838505992333, -23.776896280838667 ], [ 28.784823584440868, -23.776791829978968 ], [ 28.784782550174576, -23.776739605448402 ], [ 28.784704212029805, -23.776672457567898 ], [ 28.784683050982139, -23.776614265136224 ], [ 28.78467436892706, -23.776590389934501 ], [ 28.784633334660764, -23.776508322301282 ], [ 28.784581110130198, -23.776429984156429 ], [ 28.784458007331221, -23.776411332217226 ], [ 28.784297600653854, -23.776385220401579 ], [ 28.784250979798948, -23.776387810449052 ], [ 28.78416330759061, -23.776392680277947 ], [ 28.784066318405927, -23.776415062605047 ], [ 28.783984249873331, -23.776374028338754 ], [ 28.783902182239938, -23.776332994072462 ], [ 28.783847770558197, -23.776289465086709 ], [ 28.783309460663141, -23.776158170363257 ], [ 28.781857523206117, -23.776058037148644 ], [ 28.7802553845784, -23.775957903034758 ], [ 28.780430619277677, -23.775782669234758 ], [ 28.780680952763799, -23.775582401906355 ], [ 28.780956319778412, -23.775407168106341 ], [ 28.781882555835328, -23.775031666977839 ], [ 28.782458325191612, -23.774756299963226 ], [ 28.78313422686313, -23.774380798834819 ], [ 28.783609863004806, -23.774280664720926 ], [ 28.784085497347824, -23.774180532405595 ], [ 28.784486031105544, -23.774105430920919 ], [ 28.78473636639022, -23.773779996849409 ], [ 28.785061799562456, -23.773704896263926 ], [ 28.785462334219364, -23.773704896263922 ], [ 28.785737702133346, -23.773704896263929 ], [ 28.78624588384055, -23.773402748338221 ], [ 28.786885261345805, -23.773083060035191 ], [ 28.787240470171621, -23.772763370832976 ], [ 28.787804468301598, -23.772431608232115 ], [ 28.786996120774372, -23.771876859629415 ], [ 28.786379060844997, -23.771621525013384 ], [ 28.785315165562547, -23.771536414074287 ], [ 28.783251208876276, -23.771536414074287 ], [ 28.782463926169338, -23.771578969094151 ], [ 28.781953256038001, -23.771408746316599 ], [ 28.780804248916997, -23.770961910064141 ], [ 28.780144633967758, -23.770855521165387 ], [ 28.775271992908234, -23.770536351771185 ], [ 28.774037873948757, -23.770515073811612 ], [ 28.773293147161056, -23.770621463609647 ], [ 28.772314362817703, -23.770834243205819 ], [ 28.771612191949146, -23.771089577821762 ], [ 28.771016410878712, -23.771387468357016 ], [ 28.769846125798132, -23.772238584942759 ], [ 28.768824786434738, -23.773047144709995 ], [ 28.767824724131724, -23.773536536881668 ], [ 28.76695232958641, -23.773834428316214 ], [ 28.766241648433372, -23.773935852957251 ], [ 28.763162598175413, -23.774239813916228 ], [ 28.760742971311121, -23.774454892179605 ], [ 28.759049232236354, -23.774616199977665 ], [ 28.757543686192253, -23.774562431311164 ], [ 28.75530236161476, -23.7746965822815 ], [ 28.752597835821483, -23.774582467307045 ], [ 28.752039900920714, -23.774543541051582 ], [ 28.747628320690527, -23.774309987116197 ], [ 28.747303939725061, -23.774193210148546 ], [ 28.744675629676617, -23.77242033882759 ], [ 28.744673385868097, -23.772427633228677 ], [ 28.744504585818071, -23.772976231367942 ], [ 28.744235737988916, -23.773755888723336 ], [ 28.743805582361794, -23.774535546078635 ], [ 28.742945271107477, -23.775503397363973 ], [ 28.742380691116093, -23.776148631254291 ], [ 28.741669806716217, -23.776538919935213 ], [ 28.741009569436169, -23.776901404276337 ], [ 28.73953090772531, -23.777465983368437 ], [ 28.737353244356754, -23.778164985925439 ], [ 28.736492932203145, -23.778648912017697 ], [ 28.736170314808213, -23.779025298079034 ], [ 28.735605735716202, -23.779670531969529 ], [ 28.734933616593178, -23.780423304991487 ], [ 28.734557231431118, -23.780907230184567 ], [ 28.73415396013716, -23.781310500579153 ], [ 28.733643149711643, -23.781713772772392 ], [ 28.733428072347728, -23.7814180397108 ], [ 28.733105454952884, -23.781095423215238 ], [ 28.732487106295007, -23.780934115417089 ], [ 28.73186875673785, -23.781014769316215 ], [ 28.731089099382462, -23.781014769316204 ], [ 28.72998682463232, -23.781095423215241 ], [ 28.729287821176044, -23.781095423215238 ], [ 28.728585921003482, -23.781047794220356 ], [ 28.728823850140589, -23.78078508966021 ], [ 28.728955920079756, -23.7805492514468 ], [ 28.729116289884924, -23.780256811702472 ], [ 28.729163456628232, -23.779926638203793 ], [ 28.729248358924714, -23.779587030816867 ], [ 28.729342695109356, -23.779304024960787 ], [ 28.729418162618131, -23.778898383053967 ], [ 28.729474764149057, -23.778549342678083 ], [ 28.72954079866896, -23.778172000637351 ], [ 28.729597400199886, -23.777766358730531 ], [ 28.729635133954314, -23.777360717722985 ], [ 28.729597400199886, -23.777200347018457 ], [ 28.72949363102628, -23.777049411101441 ], [ 28.729352128098324, -23.776841872754229 ], [ 28.729314394343895, -23.776690936837312 ], [ 28.729314394343895, -23.776521133143806 ], [ 28.729182325304095, -23.776379630215764 ], [ 28.72904082237606, -23.776247561176053 ], [ 28.729059689253273, -23.776162658879663 ], [ 28.729210625170278, -23.776087191370799 ], [ 28.729333261221107, -23.775936253655139 ], [ 28.72930495955627, -23.775785317738212 ], [ 28.729163456628232, -23.775709849330074 ], [ 28.729050255365021, -23.775624947933043 ], [ 28.728937053202532, -23.775568346402032 ], [ 28.728757815620696, -23.775568346402029 ], [ 28.728540844284591, -23.775587213279245 ], [ 28.72846537587645, -23.775502311882221 ], [ 28.728540844284591, -23.775379675831399 ], [ 28.72866348033542, -23.775285339646661 ], [ 28.72881441715171, -23.775247605892325 ], [ 28.728899319448104, -23.775200439148922 ], [ 28.728908752436983, -23.775115536852617 ], [ 28.728861583895021, -23.77500233379067 ], [ 28.728927619314199, -23.774860831762002 ], [ 28.728927619314199, -23.774709894945712 ], [ 28.72891818632532, -23.774568392017667 ], [ 28.728861583895021, -23.774492923609522 ], [ 28.728804983263466, -23.774408022212501 ], [ 28.728720080967072, -23.774436322977962 ], [ 28.72861631269274, -23.774483489721277 ], [ 28.728484242753666, -23.77444575596693 ], [ 28.728333306836749, -23.774323119916115 ], [ 28.728220103774888, -23.774209917753534 ], [ 28.728248405439629, -23.774143883233631 ], [ 28.728371040591089, -23.774115581568804 ], [ 28.728418208233769, -23.774030681071142 ], [ 28.728389908367586, -23.773879744254852 ], [ 28.728371040591089, -23.773691073684137 ], [ 28.728380473580057, -23.773464669359068 ], [ 28.728474809764695, -23.773200530380198 ], [ 28.728559711161815, -23.773011858910198 ], [ 28.728767248609657, -23.772785453685763 ], [ 28.728795550274494, -23.772681686310797 ], [ 28.728786116386242, -23.772634517768754 ], [ 28.728682347212636, -23.772549616371737 ], [ 28.728588011927272, -23.772455281086366 ], [ 28.728550278172843, -23.772276044403981 ], [ 28.728540844284591, -23.772087372933893 ], [ 28.728484242753666, -23.771898702363256 ], [ 28.728474809764695, -23.771785500200675 ], [ 28.728493676641918, -23.771681731027073 ], [ 28.728521977407379, -23.771568528864492 ], [ 28.728474809764695, -23.771455325802641 ], [ 28.728333306836749, -23.771276089120249 ], [ 28.728210670785831, -23.771153453069427 ], [ 28.728088034735094, -23.771059117784063 ], [ 28.727946531807053, -23.770955348610453 ], [ 28.727871064298277, -23.770832712559631 ], [ 28.727757861236334, -23.770653475877246 ], [ 28.727710693593654, -23.770436505440426 ], [ 28.727729561370239, -23.770266700847547 ], [ 28.727729561370239, -23.770125197919601 ], [ 28.72760692531941, -23.769917661370947 ], [ 28.727512589134772, -23.769738423789274 ], [ 28.727465422391365, -23.76955918620752 ], [ 28.727333351553014, -23.769464850922162 ], [ 28.72722015028981, -23.76938938341338 ], [ 28.72722015028981, -23.769238445697724 ], [ 28.72725788404415, -23.768993175394808 ], [ 28.727210716401469, -23.768766770170295 ], [ 28.72710694722786, -23.768540364945945 ], [ 28.727088080350647, -23.768398862017904 ], [ 28.727078647361765, -23.768059254630888 ], [ 28.727116381116193, -23.767880017948503 ], [ 28.727191848624972, -23.767719648143249 ], [ 28.727031478819711, -23.767380040756326 ], [ 28.726927709646105, -23.767031000380342 ], [ 28.726927709646105, -23.766823462033127 ], [ 28.726823941371869, -23.766625357574153 ], [ 28.726635270801143, -23.766408387137336 ], [ 28.726427733353294, -23.766163115035774 ], [ 28.726267362648759, -23.766002745230516 ], [ 28.726088125966285, -23.765842375425258 ], [ 28.725890022406681, -23.765691437709684 ], [ 28.725767386355855, -23.765578236446487 ], [ 28.725512681265325, -23.765332964344829 ], [ 28.725267409163674, -23.765059392377086 ], [ 28.7250693047047, -23.764870720907084 ], [ 28.724890067122946, -23.76473865186729 ], [ 28.724691962663982, -23.764568848173873 ], [ 28.724493222384371, -23.764480518561093 ], [ 28.724267453879946, -23.764380176703778 ], [ 28.723890112738584, -23.764248107664066 ], [ 28.723654275424469, -23.764153773278082 ], [ 28.723399569434562, -23.764059437093355 ], [ 28.723201464975681, -23.763927368053562 ], [ 28.723154297333, -23.763285887933424 ], [ 28.723154297333, -23.762936846658167 ], [ 28.723144864344039, -23.762719876221258 ], [ 28.723154297333, -23.762144429721655 ], [ 28.723144864344039, -23.761899157620093 ], [ 28.722701487783503, -23.757144657799756 ], [ 28.722681063280522, -23.756901418165892 ], [ 28.722597718609897, -23.755908865201995 ], [ 28.722559984855462, -23.755437188775272 ], [ 28.722199013173942, -23.755215948357296 ], [ 28.720814782076548, -23.754248563820191 ], [ 28.720475173790344, -23.754012724707504 ], [ 28.720729879780155, -23.753880655667711 ], [ 28.720975151881806, -23.753691985096989 ], [ 28.721163821553159, -23.753531615291827 ], [ 28.721333626145945, -23.753361811598321 ], [ 28.721173256340776, -23.753295777078417 ], [ 28.721069487167167, -23.753276910201201 ], [ 28.720833648953761, -23.753248609435826 ], [ 28.720833648953761, -23.753088238731284 ], [ 28.720890249585413, -23.75297503656871 ], [ 28.720824215065516, -23.752880702182626 ], [ 28.720814782076548, -23.752776933009027 ], [ 28.720861948819945, -23.752654296958287 ], [ 28.720824215065516, -23.752578829449423 ], [ 28.720729879780155, -23.75250336014199 ], [ 28.720578942963954, -23.752427891733848 ], [ 28.720541209209525, -23.752361857213959 ], [ 28.720512908443968, -23.752210921296943 ], [ 28.7204846076785, -23.752163752754978 ], [ 28.7204846076785, -23.751984516072596 ], [ 28.7204846076785, -23.75179584460259 ], [ 28.720465740801288, -23.751635474797343 ], [ 28.720418573158696, -23.751503405757635 ], [ 28.720324237873331, -23.751371335818568 ], [ 28.720220468699726, -23.751239266778768 ], [ 28.720220468699726, -23.751144932392684 ], [ 28.720211034811477, -23.750965694811022 ], [ 28.720126134313734, -23.750880793413909 ], [ 28.719946896731887, -23.750710988821123 ], [ 28.719899729089295, -23.75056005290411 ], [ 28.71984312755837, -23.750361949344505 ], [ 28.719824260681154, -23.750201578639977 ], [ 28.71984312755837, -23.750031774946464 ], [ 28.719861995334867, -23.749833671386867 ], [ 28.719833693670033, -23.74966386679408 ], [ 28.719720492406822, -23.749541230743162 ], [ 28.719568128366422, -23.7493827027495 ], [ 28.718844380963436, -23.75013493617838 ], [ 28.713112614855294, -23.750342977246572 ], [ 28.701826886701504, -23.742439891587789 ], [ 28.678609652413595, -23.726264705951461 ], [ 28.681367293965504, -23.721516489694217 ], [ 28.689696195123332, -23.707214519934166 ], [ 28.690890485807277, -23.705163742812452 ], [ 28.695228003269822, -23.697758289813272 ], [ 28.688119709656895, -23.695531060310227 ], [ 28.683632287799856, -23.694101204806802 ], [ 28.68374288012982, -23.693649103923047 ], [ 28.686025004250613, -23.680044001729325 ], [ 28.683540001170144, -23.678273993849771 ], [ 28.675273067797882, -23.67238595614694 ], [ 28.665803004305204, -23.665641001231194 ], [ 28.647913998632152, -23.652900000034982 ], [ 28.646298000552356, -23.651749001815045 ], [ 28.645982000369091, -23.651459995682238 ], [ 28.644807876082673, -23.650757083772408 ], [ 28.644848323091704, -23.650438429689821 ], [ 28.645014500718652, -23.650294408660049 ], [ 28.645136365151153, -23.650194701724097 ], [ 28.645280386180922, -23.650172545126836 ], [ 28.64530254277819, -23.650028524097152 ], [ 28.645291464929151, -23.649840188973563 ], [ 28.645335779023057, -23.649552146914026 ], [ 28.645402249714053, -23.64931949679735 ], [ 28.645501956650005, -23.649175475767578 ], [ 28.645668135176322, -23.649120083824812 ], [ 28.645878626897176, -23.649097927227544 ], [ 28.646000491329676, -23.64895390619786 ], [ 28.646022647926856, -23.648776648923228 ], [ 28.646033726675174, -23.648488606863776 ], [ 28.646033726675174, -23.647990073083385 ], [ 28.646011570077995, -23.647546931245849 ], [ 28.64608912041659, -23.647247811337447 ], [ 28.646210983050441, -23.646937611781368 ], [ 28.646377161576847, -23.646660647570872 ], [ 28.646554417952114, -23.64632829231688 ], [ 28.646654124887977, -23.646007014012568 ], [ 28.646764909672878, -23.645552794325994 ], [ 28.646864616608831, -23.645320145108595 ], [ 28.647086187977283, -23.64508749589119 ], [ 28.64727452310078, -23.644843767925561 ], [ 28.647551487311279, -23.64454464711779 ], [ 28.647728742787265, -23.64436739074252 ], [ 28.647906000061901, -23.64415689902167 ], [ 28.648072177688935, -23.643935327653214 ], [ 28.648238356215259, -23.643824541969035 ], [ 28.648293749057306, -23.643658364342087 ], [ 28.648371297597333, -23.643348164786001 ], [ 28.648548554871969, -23.643126595216195 ], [ 28.648792282837604, -23.642949337941651 ], [ 28.649024932055006, -23.642772080667019 ], [ 28.649191109682047, -23.642583746442792 ], [ 28.649357288208272, -23.642284625635032 ], [ 28.649346210359408, -23.642051976417537 ], [ 28.649357288208272, -23.641808247552628 ], [ 28.64937944480554, -23.641586677982822 ], [ 28.649434837647675, -23.641243243081153 ], [ 28.649456995144224, -23.640822258740258 ], [ 28.649423759798726, -23.640334802808898 ], [ 28.649389946189121, -23.640179258765745 ], [ 28.649312974114547, -23.639825190280281 ], [ 28.649113560242636, -23.639404205939382 ], [ 28.648759046592737, -23.639038614440526 ], [ 28.648382377244936, -23.638817043072077 ], [ 28.648205119970388, -23.638628707948488 ], [ 28.647773056881171, -23.638252037701328 ], [ 28.647174816164828, -23.637731346424566 ], [ 28.646543340103076, -23.637166341053803 ], [ 28.645789998709542, -23.636745355813535 ], [ 28.644637831370851, -23.636036330312379 ], [ 28.643895568725547, -23.635559953129345 ], [ 28.643374878348066, -23.635161125385622 ], [ 28.642976049704977, -23.634729062296412 ], [ 28.64266585104826, -23.634296999207187 ], [ 28.642399965585991, -23.633909251111067 ], [ 28.642178395116908, -23.633466109273531 ], [ 28.642089766929274, -23.633166989365048 ], [ 28.64202957260677, -23.632559527000549 ], [ 28.642078527202347, -23.632184218327073 ], [ 28.642091082637439, -23.631594056220695 ], [ 28.642116197104922, -23.630953666978161 ], [ 28.642153866108039, -23.630187711693551 ], [ 28.642103639871181, -23.62939664374009 ], [ 28.642015742832289, -23.628743698163106 ], [ 28.641915290358483, -23.628103309819871 ], [ 28.641839949654052, -23.627801949700249 ], [ 28.641726940845697, -23.627488034145454 ], [ 28.641538591332999, -23.627098777886317 ], [ 28.64126234478141, -23.626772305997157 ], [ 28.640898202090387, -23.626408163306131 ], [ 28.640534060298734, -23.626106804085705 ], [ 28.640132246805855, -23.625931010907472 ], [ 28.639843443919894, -23.625755217729147 ], [ 28.639592311835788, -23.62542874494061 ], [ 28.639090045868926, -23.625202726424707 ], [ 28.638411986723828, -23.62496414887632 ], [ 28.637821824617532, -23.624725573126764 ], [ 28.637080982901026, -23.624286090630598 ], [ 28.636553605164789, -23.624047514880949 ], [ 28.636114121769335, -23.623721042092413 ], [ 28.635837876117115, -23.623407125638337 ], [ 28.635687195607623, -23.623093210083631 ], [ 28.635624413036304, -23.622842077100156 ], [ 28.635624413036304, -23.622590944116769 ], [ 28.635787648980887, -23.622314697565272 ], [ 28.636001112061699, -23.622088679049277 ], [ 28.636377811986463, -23.621686865556395 ], [ 28.636905189722789, -23.621385507235434 ], [ 28.637759042046213, -23.620920911171147 ], [ 28.638424543957569, -23.620569324814493 ], [ 28.63919049924219, -23.620267965594159 ], [ 28.639655095306477, -23.620079616081465 ], [ 28.639969010861183, -23.619878710234307 ], [ 28.64043360692547, -23.619502011208823 ], [ 28.640935871992962, -23.618999745242046 ], [ 28.641375355388416, -23.618535149177855 ], [ 28.641764610748183, -23.617919874402638 ], [ 28.642153866108039, -23.617342267731523 ], [ 28.642404999091426, -23.616852558998403 ], [ 28.642593348604212, -23.61637540659974 ], [ 28.642593348604212, -23.615998707574349 ], [ 28.642568235935379, -23.615596894980744 ], [ 28.642392442757053, -23.615006732874452 ], [ 28.642116197104922, -23.614328673729354 ], [ 28.641827394218961, -23.613751068856711 ], [ 28.641438137959735, -23.613324142694999 ], [ 28.640935871992962, -23.612985113572183 ], [ 28.64050894583125, -23.612809321293124 ], [ 28.639705320644143, -23.612683754351753 ], [ 28.638926809924342, -23.612470292170229 ], [ 28.637570691634146, -23.612394952365165 ], [ 28.636917746956531, -23.612394952365161 ], [ 28.636139235337538, -23.612520518407262 ], [ 28.636000439368864, -23.612576037154369 ], [ 28.635571394404419, -23.612761233644072 ], [ 28.632472578846485, -23.614968797671917 ], [ 28.63077234306925, -23.616435936369381 ], [ 28.627793463797374, -23.618431485224878 ], [ 28.627324472746313, -23.618723498690549 ], [ 28.626822207678821, -23.619012301576419 ], [ 28.626370168848275, -23.619200651089201 ], [ 28.625880460115155, -23.619326218030594 ], [ 28.625340524245896, -23.619313660796845 ], [ 28.624913598084184, -23.619125311284147 ], [ 28.624524341824959, -23.618936961771364 ], [ 28.624348548646633, -23.618761168593124 ], [ 28.624273208841572, -23.618610488982917 ], [ 28.624273208841572, -23.618397025902013 ], [ 28.624273208841572, -23.618120780249786 ], [ 28.624222982604625, -23.617781751126884 ], [ 28.624172756367678, -23.617292042393849 ], [ 28.623971849621238, -23.616701880287561 ], [ 28.623833727244769, -23.616375406599744 ], [ 28.623519810790693, -23.616023821142466 ], [ 28.623394244748596, -23.615735018256501 ], [ 28.623256122372215, -23.615383431899847 ], [ 28.622979874921345, -23.61515741338394 ], [ 28.622439939951366, -23.614931393069391 ], [ 28.622026180763655, -23.614849998128911 ], [ 28.620302302709128, -23.614742369964397 ], [ 28.618711791416146, -23.614713348842006 ], [ 28.618145569262627, -23.614705373654115 ], [ 28.61734194407552, -23.614768157124807 ], [ 28.616915017913808, -23.614780712559803 ], [ 28.616274628671285, -23.614931393069387 ], [ 28.61554634418852, -23.61505696001068 ], [ 28.614868285043332, -23.615245308624093 ], [ 28.614303235605959, -23.615383431899847 ], [ 28.613813526872839, -23.615584338646286 ], [ 28.613587508356847, -23.615835470730392 ], [ 28.613273591902772, -23.616111717281981 ], [ 28.612922006445491, -23.616274954125846 ], [ 28.612557862855098, -23.616337736697169 ], [ 28.612130936693386, -23.616274954125849 ], [ 28.611779351236105, -23.616061491045038 ], [ 28.611666342427839, -23.61568479201955 ], [ 28.611641227960355, -23.615370875565468 ], [ 28.611591001723408, -23.615220195955349 ], [ 28.611390095876249, -23.615094629913255 ], [ 28.611126405659121, -23.614943950303044 ], [ 28.610799932870673, -23.614856053264248 ], [ 28.610573914354681, -23.614604921180131 ], [ 28.610498573650339, -23.614366343631836 ], [ 28.610511130884081, -23.614077541645248 ], [ 28.610661809594923, -23.613889192132547 ], [ 28.610850160006901, -23.613688286285395 ], [ 28.610887829909476, -23.613487378639583 ], [ 28.610875272675734, -23.613248802889942 ], [ 28.610875272675734, -23.613035339809034 ], [ 28.610975726048999, -23.612759094156907 ], [ 28.611176632795438, -23.612445177702828 ], [ 28.611452879346938, -23.612106148579919 ], [ 28.611754237667991, -23.611729449554446 ], [ 28.612143493927128, -23.61127741072389 ], [ 28.612444853147551, -23.610737474854631 ], [ 28.612884335643635, -23.610034303040692 ], [ 28.613035016153127, -23.60964504678148 ], [ 28.61306012882196, -23.609243235087252 ], [ 28.612909449211749, -23.608841421594281 ], [ 28.612532750186354, -23.608464722568879 ], [ 28.611879804609369, -23.608251260387359 ], [ 28.611088735756635, -23.608113137111605 ], [ 28.609745175599372, -23.608088024442768 ], [ 28.608702973763251, -23.608100579877863 ], [ 28.607798896102249, -23.608226146819241 ], [ 28.607120837856431, -23.608314042958767 ], [ 28.606204202961599, -23.608401939997474 ], [ 28.60551358838141, -23.608401939997474 ], [ 28.604961095278409, -23.608201034150412 ], [ 28.604446272977174, -23.607811777891275 ], [ 28.604007282410166, -23.607316487965576 ], [ 28.603744063437858, -23.606940671175007 ], [ 28.603660415695703, -23.606653135433913 ], [ 28.603660415695703, -23.606344687757179 ], [ 28.603723150602928, -23.606015328144892 ], [ 28.603885217428932, -23.605733020162742 ], [ 28.604094334086344, -23.605398432791421 ], [ 28.604340046855764, -23.60518408837498 ], [ 28.604632811255243, -23.604948831123703 ], [ 28.604883750884408, -23.604676978659697 ], [ 28.605411771635975, -23.604096679418234 ], [ 28.605657484405395, -23.603798688158921 ], [ 28.605945020146656, -23.603605253879394 ], [ 28.606243012305249, -23.603474556305748 ], [ 28.606603739371067, -23.603244526813491 ], [ 28.607121302805933, -23.602836749016806 ], [ 28.607445434659112, -23.602601492664718 ], [ 28.607821845002185, -23.602340095718855 ], [ 28.608098925225217, -23.601989825070362 ], [ 28.608302815022974, -23.601738885441289 ], [ 28.608684453125072, -23.601456576559773 ], [ 28.608909253958931, -23.601304967050641 ], [ 28.609249069089365, -23.601121990087819 ], [ 28.609620251673324, -23.600928555808206 ], [ 28.609965294562784, -23.600756035262801 ], [ 28.61022669060937, -23.600604424854307 ], [ 28.610514227249823, -23.600431903409618 ], [ 28.610848814621143, -23.6002436977884 ], [ 28.611157262297876, -23.600060720825663 ], [ 28.61155458457651, -23.599882970722582 ], [ 28.611857803594848, -23.599773185084402 ], [ 28.612218530660666, -23.599699993759756 ], [ 28.612558345791101, -23.599652942129605 ], [ 28.61296089672804, -23.599584978563897 ], [ 28.613509829415168, -23.599396773842049 ], [ 28.613969885701657, -23.599266076268389 ], [ 28.61435675336152, -23.599114465859902 ], [ 28.614597236573264, -23.598978539627939 ], [ 28.614968420056591, -23.598832157877755 ], [ 28.615009234888284, -23.598812317034835 ], [ 28.615963682677886, -23.598253481912653 ], [ 28.616481043765191, -23.597603997826226 ], [ 28.616630901395052, -23.59740493379066 ], [ 28.61693412041339, -23.596918736910222 ], [ 28.617127553793637, -23.596568466261729 ], [ 28.617226883913588, -23.596265246344021 ], [ 28.617315759414769, -23.595820873334695 ], [ 28.617388949840223, -23.595486285064009 ], [ 28.617404634016669, -23.595214432600002 ], [ 28.617362810145636, -23.595000088183571 ], [ 28.617273936443016, -23.594811882562343 ], [ 28.617169376765389, -23.594644588876683 ], [ 28.61701253859778, -23.594425015801853 ], [ 28.616792966422317, -23.594231583320976 ], [ 28.616552482311292, -23.594142707819714 ], [ 28.616322452819038, -23.594017238005168 ], [ 28.616113336161536, -23.593855172078534 ], [ 28.615883306669371, -23.59356240857834 ], [ 28.615491213049133, -23.592888006076674 ], [ 28.61519322089045, -23.592485456038919 ], [ 28.614848178001079, -23.592103817037543 ], [ 28.614377665297081, -23.591638532092563 ], [ 28.613969885701657, -23.591131423276561 ], [ 28.613729401590632, -23.590728873238902 ], [ 28.613567335664086, -23.590268815153674 ], [ 28.613541195969411, -23.589855808698687 ], [ 28.613567335664086, -23.589500310291079 ], [ 28.613630070571311, -23.58915003874332 ], [ 28.613771224562385, -23.588794540335719 ], [ 28.614006481813753, -23.588324026732437 ], [ 28.614419488268833, -23.587712359138081 ], [ 28.615099117630244, -23.586891574886323 ], [ 28.615810116243917, -23.586060335116329 ], [ 28.616280629847285, -23.585255234141723 ], [ 28.616630901395052, -23.584518096732751 ], [ 28.616918437136224, -23.583822783194893 ], [ 28.617096186340024, -23.583258167230689 ], [ 28.617289618820902, -23.582432154320525 ], [ 28.617425545052949, -23.581736839883302 ], [ 28.617519648313156, -23.581072892899694 ], [ 28.617587610979495, -23.580665115102999 ], [ 28.617571926803048, -23.580435085610663 ], [ 28.617462141164957, -23.580241653129782 ], [ 28.617341899109444, -23.580053448407931 ], [ 28.617205971978116, -23.579572479286515 ], [ 28.617143237070803, -23.57922743639714 ], [ 28.617043906950851, -23.578840568737277 ], [ 28.61693412041339, -23.578223674283176 ], [ 28.616834790293439, -23.577894313771598 ], [ 28.616714547338557, -23.577585866994152 ], [ 28.616578621106598, -23.577298331252976 ], [ 28.616348593412905, -23.576691892317022 ], [ 28.616327680578063, -23.576226605573392 ], [ 28.616223121799717, -23.575688130203055 ], [ 28.616092424226064, -23.575285579266122 ], [ 28.615893763086792, -23.57463731735832 ], [ 28.615700329706456, -23.574234766421384 ], [ 28.615621910622696, -23.574104067948362 ], [ 28.615569632132893, -23.573957686198266 ], [ 28.615553947956357, -23.573832216383629 ], [ 28.615532860653076, -23.573636898923734 ], [ 28.615518478694874, -23.573442743387915 ], [ 28.615439377925028, -23.573219823935773 ], [ 28.615374659113296, -23.572996903584265 ], [ 28.615374659113296, -23.572817130006552 ], [ 28.615389041071499, -23.57261578259234 ], [ 28.615381850092398, -23.572371290202899 ], [ 28.615389041071499, -23.572105223976866 ], [ 28.615331514138148, -23.57155871136543 ], [ 28.615331514138148, -23.571141634578815 ], [ 28.615266795326416, -23.57086118729395 ], [ 28.615266795326416, -23.570652648900634 ], [ 28.61528117728453, -23.570199619017263 ], [ 28.61533870421788, -23.569710633339085 ], [ 28.615389041071499, -23.569422995075211 ], [ 28.615460950862243, -23.569099401016555 ], [ 28.615518478694874, -23.568955582334254 ], [ 28.615672000162679, -23.568711000012659 ], [ 28.616027000345884, -23.568428999598705 ], [ 28.616386999860172, -23.568197999737865 ], [ 28.616906000411596, -23.568035000315017 ], [ 28.617351000248487, -23.567939000384527 ], [ 28.618033000222848, -23.567899000338581 ], [ 28.618303000083451, -23.567887999831317 ], [ 28.618895000404038, -23.567956000269223 ], [ 28.619345999618279, -23.567983999761818 ], [ 28.619436000171333, -23.568018000430403 ], [ 28.619510000885867, -23.568047338114155 ], [ 28.620350805845035, -23.568387495886242 ], [ 28.620767881732462, -23.568531314568535 ], [ 28.621199339577913, -23.56863198917496 ], [ 28.62171709007168, -23.568761425899062 ], [ 28.622313940436101, -23.569005919187784 ], [ 28.622982698792526, -23.569264792636062 ], [ 28.623572358177846, -23.569530858862006 ], [ 28.623989434065184, -23.569768161171723 ], [ 28.624363364078004, -23.569969507686647 ], [ 28.62477324898633, -23.570271527908723 ], [ 28.624996169337841, -23.570480066302029 ], [ 28.625219088789983, -23.570602312946392 ], [ 28.625621782719119, -23.5707533226077 ], [ 28.626103578317558, -23.570925906105689 ], [ 28.626570990159145, -23.571191972331711 ], [ 28.626865820301401, -23.571508373612534 ], [ 28.627124694649048, -23.571637811236002 ], [ 28.627383568996517, -23.571673766131411 ], [ 28.627692781097064, -23.571738484943143 ], [ 28.627944463566152, -23.571803203754872 ], [ 28.628347158394746, -23.571918259420144 ], [ 28.628742661344781, -23.571925450399235 ], [ 28.629073446382542, -23.571932641378254 ], [ 28.62959838605676, -23.571925450399238 ], [ 28.630094562713943, -23.571831967671198 ], [ 28.63045411076865, -23.571767248859466 ], [ 28.630863995676886, -23.571688148089525 ], [ 28.631367363313259, -23.571587475281746 ], [ 28.631784439200509, -23.571465227738102 ], [ 28.632136796276203, -23.57134298199302 ], [ 28.632561063142553, -23.571148825557913 ], [ 28.632970948050879, -23.570947479042989 ], [ 28.633280160151337, -23.570853996314849 ], [ 28.633711617996788, -23.570688603796061 ], [ 28.63409992996781, -23.570566358050979 ], [ 28.634473859980719, -23.570372201615868 ], [ 28.634862171951742, -23.570106136289127 ], [ 28.635256823243832, -23.569844743839923 ], [ 28.635415876441556, -23.5697393972554 ], [ 28.635782614576083, -23.569451758092168 ], [ 28.636055871781124, -23.569358276263479 ], [ 28.63640822885673, -23.569264792636062 ], [ 28.636832495723169, -23.569070637100239 ], [ 28.63715608888246, -23.568869289686031 ], [ 28.637436537066602, -23.568660752192006 ], [ 28.63763788358153, -23.568445022819596 ], [ 28.637867994912053, -23.568085474764885 ], [ 28.637997431636236, -23.567783455442083 ], [ 28.638054960368148, -23.567546153132465 ], [ 28.638083724284552, -23.567337614739156 ], [ 28.638076533305451, -23.567100313328808 ], [ 28.638134060238713, -23.566719192336887 ], [ 28.638263497862177, -23.566258969675751 ], [ 28.638378552628158, -23.565834703708596 ], [ 28.63844327233917, -23.565525491608227 ], [ 28.638493609192789, -23.565266617260573 ], [ 28.638497841402305, -23.565160803927988 ], [ 28.63850080017189, -23.565086842783586 ], [ 28.638522372209735, -23.564662575917144 ], [ 28.638479227234587, -23.564317409820639 ], [ 28.638436081360069, -23.564080108410298 ], [ 28.638349788711842, -23.563849997079686 ], [ 28.638241924924962, -23.563569549794916 ], [ 28.638141251217814, -23.563224383698312 ], [ 28.638134060238713, -23.56287921670253 ], [ 28.638019004573451, -23.562232031283234 ], [ 28.637867994912053, -23.561850909391939 ], [ 28.637788894142208, -23.561527316232652 ], [ 28.637645074560542, -23.561081476428999 ], [ 28.637551591832583, -23.560700355437071 ], [ 28.637443728045614, -23.560441481089423 ], [ 28.637343054338555, -23.559722384080739 ], [ 28.637220807694192, -23.559233399301924 ], [ 28.63715608888246, -23.558816323414593 ], [ 28.637062607053693, -23.558298572920833 ], [ 28.636954742367532, -23.557651385702883 ], [ 28.636846877681283, -23.557176782882188 ], [ 28.636739012995122, -23.556817234827477 ], [ 28.636623958229141, -23.55638577698203 ], [ 28.636580812354712, -23.555961510115587 ], [ 28.636580812354712, -23.555695443889658 ], [ 28.636595194312825, -23.555393423667574 ], [ 28.636623958229141, -23.555012302675653 ], [ 28.636623958229141, -23.554717473432678 ], [ 28.63656643039651, -23.554192532859091 ], [ 28.636487329626576, -23.553832984804473 ], [ 28.6363578920032, -23.5534734358504 ], [ 28.6363578920032, -23.553257707377359 ], [ 28.636343510044998, -23.552912541280762 ], [ 28.636242837237219, -23.552373218749061 ], [ 28.636134971651689, -23.551956142861723 ], [ 28.635983961990291, -23.551618167744227 ], [ 28.635876098203411, -23.551222664794192 ], [ 28.63581857037078, -23.550755252053246 ], [ 28.635746659680667, -23.550381322040419 ], [ 28.635638795893787, -23.550100873856273 ], [ 28.635538122186638, -23.549877954404135 ], [ 28.635401493584162, -23.549705370906153 ], [ 28.635164192173729, -23.549554361244848 ], [ 28.635013181613051, -23.549360204809563 ], [ 28.634826217056325, -23.549158858294639 ], [ 28.63453138691407, -23.548806501219119 ], [ 28.634351613336356, -23.548612344783919 ], [ 28.634179029838464, -23.548425380227108 ], [ 28.633963301365334, -23.548238414771014 ], [ 28.633682854080561, -23.548051450214292 ], [ 28.633265778193135, -23.547900438754237 ], [ 28.632949375113665, -23.547799765946458 ], [ 28.632625781954374, -23.547677519302095 ], [ 28.632208706066947, -23.547555272657732 ], [ 28.631834776054127, -23.547476171887798 ], [ 28.631525563953669, -23.547332353205508 ], [ 28.631115679944713, -23.547131005791293 ], [ 28.630712986015578, -23.546900895360054 ], [ 28.63023838229552, -23.546541347305343 ], [ 28.629957934111378, -23.54633999989105 ], [ 28.629749395718068, -23.546124271418012 ], [ 28.629612768014873, -23.545980451836336 ], [ 28.629375465705248, -23.54585820519198 ], [ 28.629087828340655, -23.545700003652289 ], [ 28.628764234281995, -23.545383602371381 ], [ 28.628548504909674, -23.54513191810355 ], [ 28.628253675666699, -23.544736415153427 ], [ 28.628102666005301, -23.544491921864701 ], [ 28.627944463566152, -23.544060464019161 ], [ 28.627815026842057, -23.543650580010208 ], [ 28.627786262925742, -23.543348558888933 ], [ 28.627807489624008, -23.543017423115561 ], [ 28.641338893275353, -23.542620454270558 ], [ 28.653295430239947, -23.542270261863127 ], [ 28.674170424325624, -23.541659688743696 ], [ 28.674749352100942, -23.543330091310715 ] ] ] } },
{ "type": "Feature", "properties": { "Municipali": "Mogalakwena Local Municipality", "WardNo": "6", "WardLabel": "LIM367_6", "Province": "Limpopo", "CLASSIFICATION": "Service centre", "PopGBlack": 11196.532134, "PopGColour": 6.388220725, "PopGIndian": 55.642738809000001, "PopGWhite": 6.897851022, "PopGOther": 4.325979, "PopGTotal": 11269.786923 }, "geometry": { "type": "Polygon", "coordinates": [ [ [ 28.550687430680494, -23.514093036264665 ], [ 28.565885073937064, -23.518376181615501 ], [ 28.576356960605359, -23.504047411159135 ], [ 28.57689800174143, -23.504084001875185 ], [ 28.579367996935584, -23.504590997376582 ], [ 28.579541994167762, -23.505578263226283 ], [ 28.580069815269876, -23.506623554233638 ], [ 28.581115106277228, -23.507761989823965 ], [ 28.581342793035475, -23.508165617249492 ], [ 28.581394540026078, -23.508600292869257 ], [ 28.5812089981968, -23.510231002958445 ], [ 28.58128069664691, -23.511022057421975 ], [ 28.581529083100715, -23.511984553244485 ], [ 28.582078003197381, -23.512979996629547 ], [ 28.583319001071089, -23.515199995583277 ], [ 28.586496804084266, -23.520305486409125 ], [ 28.588840995815396, -23.523924477033006 ], [ 28.589498134931052, -23.524962723650752 ], [ 28.589739002153308, -23.525509998887351 ], [ 28.58999490693947, -23.526039063751792 ], [ 28.590646920818802, -23.527322391814895 ], [ 28.592137236844057, -23.529847650348827 ], [ 28.592406322094138, -23.530510012726932 ], [ 28.592564248441338, -23.53128139542012 ], [ 28.592670388227898, -23.532050909322049 ], [ 28.593148017267239, -23.53642917956298 ], [ 28.602180843870912, -23.538019510092301 ], [ 28.61209399074513, -23.539852191725323 ], [ 28.617422744564042, -23.541158243857904 ], [ 28.619454261804783, -23.541527610710649 ], [ 28.62431971638188, -23.542489237788086 ], [ 28.627102704426338, -23.543036920417553 ], [ 28.627807489624008, -23.543017423115561 ], [ 28.627786262925742, -23.543348558888933 ], [ 28.627815026842057, -23.543650580010208 ], [ 28.627944463566152, -23.544060464019161 ], [ 28.628102666005301, -23.544491921864701 ], [ 28.628253675666699, -23.544736415153427 ], [ 28.628548504909674, -23.54513191810355 ], [ 28.628764234281995, -23.545383602371381 ], [ 28.629087828340655, -23.545700003652289 ], [ 28.629375465705248, -23.54585820519198 ], [ 28.629612768014873, -23.545980451836336 ], [ 28.629749395718068, -23.546124271418012 ], [ 28.629957934111378, -23.54633999989105 ], [ 28.63023838229552, -23.546541347305343 ], [ 28.630712986015578, -23.546900895360054 ], [ 28.631115679944713, -23.547131005791293 ], [ 28.631525563953669, -23.547332353205508 ], [ 28.631834776054127, -23.547476171887798 ], [ 28.632208706066947, -23.547555272657732 ], [ 28.632625781954374, -23.547677519302095 ], [ 28.632949375113665, -23.547799765946458 ], [ 28.633265778193135, -23.547900438754237 ], [ 28.633682854080561, -23.548051450214292 ], [ 28.633963301365334, -23.548238414771014 ], [ 28.634179029838464, -23.548425380227108 ], [ 28.634351613336356, -23.548612344783919 ], [ 28.63453138691407, -23.548806501219119 ], [ 28.634826217056325, -23.549158858294639 ], [ 28.635013181613051, -23.549360204809563 ], [ 28.635164192173729, -23.549554361244848 ], [ 28.635401493584162, -23.549705370906153 ], [ 28.635538122186638, -23.549877954404135 ], [ 28.635638795893787, -23.550100873856273 ], [ 28.635746659680667, -23.550381322040419 ], [ 28.63581857037078, -23.550755252053246 ], [ 28.635876098203411, -23.551222664794192 ], [ 28.635983961990291, -23.551618167744227 ], [ 28.636134971651689, -23.551956142861723 ], [ 28.636242837237219, -23.552373218749061 ], [ 28.636343510044998, -23.552912541280762 ], [ 28.6363578920032, -23.553257707377359 ], [ 28.6363578920032, -23.5534734358504 ], [ 28.636487329626576, -23.553832984804473 ], [ 28.63656643039651, -23.554192532859091 ], [ 28.636623958229141, -23.554717473432678 ], [ 28.636623958229141, -23.555012302675653 ], [ 28.636595194312825, -23.555393423667574 ], [ 28.636580812354712, -23.555695443889658 ], [ 28.636580812354712, -23.555961510115587 ], [ 28.636623958229141, -23.55638577698203 ], [ 28.636739012995122, -23.556817234827477 ], [ 28.636846877681283, -23.557176782882188 ], [ 28.636954742367532, -23.557651385702883 ], [ 28.637062607053693, -23.558298572920833 ], [ 28.63715608888246, -23.558816323414593 ], [ 28.637220807694192, -23.559233399301924 ], [ 28.637343054338555, -23.559722384080739 ], [ 28.637443728045614, -23.560441481089423 ], [ 28.637551591832583, -23.560700355437071 ], [ 28.637645074560542, -23.561081476428999 ], [ 28.637788894142208, -23.561527316232652 ], [ 28.637867994912053, -23.561850909391939 ], [ 28.638019004573451, -23.562232031283234 ], [ 28.638134060238713, -23.56287921670253 ], [ 28.638141251217814, -23.563224383698312 ], [ 28.638241924924962, -23.563569549794916 ], [ 28.638349788711842, -23.563849997079686 ], [ 28.638436081360069, -23.564080108410298 ], [ 28.638479227234587, -23.564317409820639 ], [ 28.638522372209735, -23.564662575917144 ], [ 28.63850080017189, -23.565086842783586 ], [ 28.638497841402305, -23.565160803927988 ], [ 28.638493609192789, -23.565266617260573 ], [ 28.63844327233917, -23.565525491608227 ], [ 28.638378552628158, -23.565834703708596 ], [ 28.638263497862177, -23.566258969675751 ], [ 28.638134060238713, -23.566719192336887 ], [ 28.638076533305451, -23.567100313328808 ], [ 28.638083724284552, -23.567337614739156 ], [ 28.638054960368148, -23.567546153132465 ], [ 28.637997431636236, -23.567783455442083 ], [ 28.637867994912053, -23.568085474764885 ], [ 28.63763788358153, -23.568445022819596 ], [ 28.637436537066602, -23.568660752192006 ], [ 28.63715608888246, -23.568869289686031 ], [ 28.636832495723169, -23.569070637100239 ], [ 28.63640822885673, -23.569264792636062 ], [ 28.636055871781124, -23.569358276263479 ], [ 28.635782614576083, -23.569451758092168 ], [ 28.635415876441556, -23.5697393972554 ], [ 28.635256823243832, -23.569844743839923 ], [ 28.634862171951742, -23.570106136289127 ], [ 28.634473859980719, -23.570372201615868 ], [ 28.63409992996781, -23.570566358050979 ], [ 28.633711617996788, -23.570688603796061 ], [ 28.633280160151337, -23.570853996314849 ], [ 28.632970948050879, -23.570947479042989 ], [ 28.632561063142553, -23.571148825557913 ], [ 28.632136796276203, -23.57134298199302 ], [ 28.631784439200509, -23.571465227738102 ], [ 28.631367363313259, -23.571587475281746 ], [ 28.630863995676886, -23.571688148089525 ], [ 28.63045411076865, -23.571767248859466 ], [ 28.630094562713943, -23.571831967671198 ], [ 28.62959838605676, -23.571925450399238 ], [ 28.629073446382542, -23.571932641378254 ], [ 28.628742661344781, -23.571925450399235 ], [ 28.628347158394746, -23.571918259420144 ], [ 28.627944463566152, -23.571803203754872 ], [ 28.627692781097064, -23.571738484943143 ], [ 28.627383568996517, -23.571673766131411 ], [ 28.627124694649048, -23.571637811236002 ], [ 28.626865820301401, -23.571508373612534 ], [ 28.626570990159145, -23.571191972331711 ], [ 28.626103578317558, -23.570925906105689 ], [ 28.625621782719119, -23.5707533226077 ], [ 28.625219088789983, -23.570602312946392 ], [ 28.624996169337841, -23.570480066302029 ], [ 28.62477324898633, -23.570271527908723 ], [ 28.624363364078004, -23.569969507686647 ], [ 28.623989434065184, -23.569768161171723 ], [ 28.623572358177846, -23.569530858862006 ], [ 28.622982698792526, -23.569264792636062 ], [ 28.622313940436101, -23.569005919187784 ], [ 28.62171709007168, -23.568761425899062 ], [ 28.621199339577913, -23.56863198917496 ], [ 28.620767881732462, -23.568531314568535 ], [ 28.620350805845035, -23.568387495886242 ], [ 28.619510000885867, -23.568047338114155 ], [ 28.619436000171333, -23.568018000430403 ], [ 28.619345999618279, -23.567983999761818 ], [ 28.618895000404038, -23.567956000269223 ], [ 28.618303000083451, -23.567887999831317 ], [ 28.618033000222848, -23.567899000338581 ], [ 28.617351000248487, -23.567939000384527 ], [ 28.616906000411596, -23.568035000315017 ], [ 28.616386999860172, -23.568197999737865 ], [ 28.616027000345884, -23.568428999598705 ], [ 28.615672000162679, -23.568711000012659 ], [ 28.615518478694874, -23.568955582334254 ], [ 28.615460950862243, -23.569099401016555 ], [ 28.615389041071499, -23.569422995075211 ], [ 28.61533870421788, -23.569710633339085 ], [ 28.61528117728453, -23.570199619017263 ], [ 28.615266795326416, -23.570652648900634 ], [ 28.615266795326416, -23.57086118729395 ], [ 28.615331514138148, -23.571141634578815 ], [ 28.615331514138148, -23.57155871136543 ], [ 28.615389041071499, -23.572105223976866 ], [ 28.615381850092398, -23.572371290202899 ], [ 28.615389041071499, -23.57261578259234 ], [ 28.615374659113296, -23.572817130006552 ], [ 28.615374659113296, -23.572996903584265 ], [ 28.615439377925028, -23.573219823935773 ], [ 28.615518478694874, -23.573442743387915 ], [ 28.615532860653076, -23.573636898923734 ], [ 28.615553947956357, -23.573832216383629 ], [ 28.615569632132893, -23.573957686198266 ], [ 28.615621910622696, -23.574104067948362 ], [ 28.615700329706456, -23.574234766421384 ], [ 28.615893763086792, -23.57463731735832 ], [ 28.616092424226064, -23.575285579266122 ], [ 28.616223121799717, -23.575688130203055 ], [ 28.616327680578063, -23.576226605573392 ], [ 28.616348593412905, -23.576691892317022 ], [ 28.616578621106598, -23.577298331252976 ], [ 28.616714547338557, -23.577585866994152 ], [ 28.616834790293439, -23.577894313771598 ], [ 28.61693412041339, -23.578223674283176 ], [ 28.617043906950851, -23.578840568737277 ], [ 28.617143237070803, -23.57922743639714 ], [ 28.617205971978116, -23.579572479286515 ], [ 28.617341899109444, -23.580053448407931 ], [ 28.617462141164957, -23.580241653129782 ], [ 28.617571926803048, -23.580435085610663 ], [ 28.617587610979495, -23.580665115102999 ], [ 28.617519648313156, -23.581072892899694 ], [ 28.617425545052949, -23.581736839883302 ], [ 28.617289618820902, -23.582432154320525 ], [ 28.617096186340024, -23.583258167230689 ], [ 28.616918437136224, -23.583822783194893 ], [ 28.616630901395052, -23.584518096732751 ], [ 28.616280629847285, -23.585255234141723 ], [ 28.615810116243917, -23.586060335116329 ], [ 28.615099117630244, -23.586891574886323 ], [ 28.614419488268833, -23.587712359138081 ], [ 28.614006481813753, -23.588324026732437 ], [ 28.613771224562385, -23.588794540335719 ], [ 28.613630070571311, -23.58915003874332 ], [ 28.613567335664086, -23.589500310291079 ], [ 28.613541195969411, -23.589855808698687 ], [ 28.613567335664086, -23.590268815153674 ], [ 28.613729401590632, -23.590728873238902 ], [ 28.613969885701657, -23.591131423276561 ], [ 28.614377665297081, -23.591638532092563 ], [ 28.614848178001079, -23.592103817037543 ], [ 28.61519322089045, -23.592485456038919 ], [ 28.615491213049133, -23.592888006076674 ], [ 28.615883306669371, -23.59356240857834 ], [ 28.616113336161536, -23.593855172078534 ], [ 28.616322452819038, -23.594017238005168 ], [ 28.616552482311292, -23.594142707819714 ], [ 28.616792966422317, -23.594231583320976 ], [ 28.61701253859778, -23.594425015801853 ], [ 28.617169376765389, -23.594644588876683 ], [ 28.617273936443016, -23.594811882562343 ], [ 28.617362810145636, -23.595000088183571 ], [ 28.617404634016669, -23.595214432600002 ], [ 28.617388949840223, -23.595486285064009 ], [ 28.617315759414769, -23.595820873334695 ], [ 28.617226883913588, -23.596265246344021 ], [ 28.617127553793637, -23.596568466261729 ], [ 28.61693412041339, -23.596918736910222 ], [ 28.616630901395052, -23.59740493379066 ], [ 28.616481043765191, -23.597603997826226 ], [ 28.615963682677886, -23.598253481912653 ], [ 28.615009234888284, -23.598812317034835 ], [ 28.614968420056591, -23.598832157877755 ], [ 28.614597236573264, -23.598978539627939 ], [ 28.61435675336152, -23.599114465859902 ], [ 28.613969885701657, -23.599266076268389 ], [ 28.613509829415168, -23.599396773842049 ], [ 28.61296089672804, -23.599584978563897 ], [ 28.612558345791101, -23.599652942129605 ], [ 28.612218530660666, -23.599699993759756 ], [ 28.611857803594848, -23.599773185084402 ], [ 28.61155458457651, -23.599882970722582 ], [ 28.611157262297876, -23.600060720825663 ], [ 28.610848814621143, -23.6002436977884 ], [ 28.610514227249823, -23.600431903409618 ], [ 28.61022669060937, -23.600604424854307 ], [ 28.609965294562784, -23.600756035262801 ], [ 28.609620251673324, -23.600928555808206 ], [ 28.609249069089365, -23.601121990087819 ], [ 28.608909253958931, -23.601304967050641 ], [ 28.608684453125072, -23.601456576559773 ], [ 28.608302815022974, -23.601738885441289 ], [ 28.608098925225217, -23.601989825070362 ], [ 28.607821845002185, -23.602340095718855 ], [ 28.607445434659112, -23.602601492664718 ], [ 28.607121302805933, -23.602836749016806 ], [ 28.606603739371067, -23.603244526813491 ], [ 28.606243012305249, -23.603474556305748 ], [ 28.605945020146656, -23.603605253879394 ], [ 28.605657484405395, -23.603798688158921 ], [ 28.605411771635975, -23.604096679418234 ], [ 28.604883750884408, -23.604676978659697 ], [ 28.604632811255243, -23.604948831123703 ], [ 28.604340046855764, -23.60518408837498 ], [ 28.604094334086344, -23.605398432791421 ], [ 28.603885217428932, -23.605733020162742 ], [ 28.603723150602928, -23.606015328144892 ], [ 28.603660415695703, -23.606344687757179 ], [ 28.603660415695703, -23.606653135433913 ], [ 28.603744063437858, -23.606940671175007 ], [ 28.603158534638723, -23.607181156185483 ], [ 28.602891910833112, -23.60731185375904 ], [ 28.602567779879124, -23.607479147444703 ], [ 28.602233193407173, -23.607709176037673 ], [ 28.601679032061739, -23.607944433288957 ], [ 28.601323532754858, -23.608143094428225 ], [ 28.601004629560073, -23.608310388113892 ], [ 28.600675270847148, -23.608430630169405 ], [ 28.600424330318614, -23.608477680900272 ], [ 28.600142022336556, -23.608754761123389 ], [ 28.599880626289881, -23.609063208800034 ], [ 28.599593089649428, -23.609293238292285 ], [ 28.599295098390115, -23.609507582708726 ], [ 28.599033702343529, -23.609810801727154 ], [ 28.598761849879523, -23.610255175635849 ], [ 28.598505680692682, -23.610605447183701 ], [ 28.598265196581657, -23.610840704434988 ], [ 28.597977660840396, -23.611018452739419 ], [ 28.597517602755168, -23.611149151212345 ], [ 28.597141193311465, -23.611232798055223 ], [ 28.596911163819211, -23.611326901315426 ], [ 28.596660223290677, -23.611400091740887 ], [ 28.596445878874238, -23.611551702149374 ], [ 28.596262901012132, -23.61166671644586 ], [ 28.596106062844612, -23.611771275224129 ], [ 28.595923085881697, -23.611802641778535 ], [ 28.595761019955152, -23.61175036328865 ], [ 28.5955728152333, -23.611724222694786 ], [ 28.595473484213979, -23.611797414019431 ], [ 28.595321873805485, -23.611985619640649 ], [ 28.595076161935346, -23.612194737197438 ], [ 28.594799081712313, -23.612294067317382 ], [ 28.594511545971141, -23.612424764890942 ], [ 28.594244922165529, -23.612503183974791 ], [ 28.594103768174456, -23.612576375299529 ], [ 28.593936473589427, -23.612759353161632 ], [ 28.593858055405036, -23.612958014300904 ], [ 28.593774407662792, -23.613109623810121 ], [ 28.593774407662792, -23.613224638106612 ], [ 28.593695988579032, -23.613418070587489 ], [ 28.59356529100538, -23.613538314441644 ], [ 28.593465960885428, -23.61365855559788 ], [ 28.593330034653469, -23.613815393765393 ], [ 28.593215020356983, -23.613987915210167 ], [ 28.593178425144256, -23.614144753377687 ], [ 28.593152285449669, -23.614285907368767 ], [ 28.593011130559226, -23.61457344310994 ], [ 28.592854293291076, -23.614698912924482 ], [ 28.592676544087276, -23.614808700361309 ], [ 28.592467427429863, -23.614834839156526 ], [ 28.59224785435503, -23.614834839156522 ], [ 28.592106700363956, -23.614892346304817 ], [ 28.592038736798337, -23.614965536730178 ], [ 28.592033509039222, -23.615059639990385 ], [ 28.592033509039222, -23.615200793981458 ], [ 28.592017824862776, -23.615436051232827 ], [ 28.591976001891023, -23.615598116260088 ], [ 28.59191326698371, -23.615807233816781 ], [ 28.591855759835511, -23.616016351373474 ], [ 28.591641415418984, -23.616141821188105 ], [ 28.591359107436926, -23.616309113974481 ], [ 28.591149989880233, -23.616397988576292 ], [ 28.590940872323451, -23.616518230631897 ], [ 28.590726527907012, -23.61653391480834 ], [ 28.590480815137504, -23.616549598984786 ], [ 28.59009394837701, -23.616727348188586 ], [ 28.589816868153978, -23.616905098291671 ], [ 28.589430002292854, -23.617182177615426 ], [ 28.589027452255195, -23.617417434866795 ], [ 28.58876605530924, -23.617548133339724 ], [ 28.588504659262654, -23.617846124599033 ], [ 28.588138704437721, -23.61829049760836 ], [ 28.587741382159088, -23.618609401702514 ], [ 28.587500897148782, -23.618828974777347 ], [ 28.587255185278643, -23.618912621620222 ], [ 28.587040839962835, -23.61906423112935 ], [ 28.586784670775994, -23.619325628075295 ], [ 28.586486680416051, -23.619461554307264 ], [ 28.586319385831022, -23.619560884427305 ], [ 28.586026622330824, -23.619827509132282 ], [ 28.585801820597595, -23.619989574159547 ], [ 28.585660666606522, -23.620151640086089 ], [ 28.585624072293164, -23.620245743346388 ], [ 28.585535196791984, -23.620318933771753 ], [ 28.585357447588184, -23.620360756743498 ], [ 28.585080367365062, -23.620371213161015 ], [ 28.584808514901145, -23.620449632244771 ], [ 28.584578487207452, -23.62062738144849 ], [ 28.584280495048858, -23.62094105688433 ], [ 28.583919767982952, -23.621286099773705 ], [ 28.583538128981484, -23.621599775209464 ], [ 28.58281667574904, -23.621950046757231 ], [ 28.582299111414894, -23.622357824553912 ], [ 28.58193804620392, -23.62260943777537 ], [ 28.559773001622752, -23.615239001678638 ], [ 28.532747008068021, -23.612251997931359 ], [ 28.526039357030747, -23.611650337093405 ], [ 28.526026171170965, -23.61158440779414 ], [ 28.52600639328044, -23.611202024154103 ], [ 28.526026171170965, -23.610918531764899 ], [ 28.526012985311095, -23.610496591444523 ], [ 28.525999800350593, -23.609975758074764 ], [ 28.525966835700917, -23.609718637405205 ], [ 28.525980020661418, -23.60951425927567 ], [ 28.525982725822224, -23.609433126037946 ], [ 28.525644067219996, -23.609609492084424 ], [ 28.524821158769459, -23.609229688599228 ], [ 28.523892751749131, -23.609039786856631 ], [ 28.522985442823984, -23.608807686225738 ], [ 28.522183636066018, -23.608744383846311 ], [ 28.521318527827905, -23.608512282315953 ], [ 28.520748822600112, -23.607900377300592 ], [ 28.519862615367447, -23.607140770330286 ], [ 28.518765404699703, -23.606571065102578 ], [ 28.51780278387141, -23.6060477208256 ], [ 28.517297078897158, -23.605870724354432 ], [ 28.516386811202427, -23.60584543991509 ], [ 28.515097266125927, -23.605997151047724 ], [ 28.514010001060747, -23.606174146619615 ], [ 28.512568743952421, -23.606325858651445 ], [ 28.51107691616685, -23.606603995577906 ], [ 28.509660944397147, -23.606932704080997 ], [ 28.508877101597058, -23.607185555668835 ], [ 28.507233562678852, -23.606047720825597 ], [ 28.489924001891204, -23.593945997309962 ], [ 28.488651997192033, -23.593808999085994 ], [ 28.482541959144164, -23.593152330315785 ], [ 28.482390004295283, -23.593135998627432 ], [ 28.467833001192083, -23.591567998264548 ], [ 28.446861997283385, -23.589307000117973 ], [ 28.456083001629246, -23.566028001291244 ], [ 28.464268001367227, -23.545353999387579 ], [ 28.464309996109488, -23.54534001133251 ], [ 28.473488000271047, -23.532931001164837 ], [ 28.479112623848518, -23.525325690028588 ], [ 28.490409996424265, -23.51004999820886 ], [ 28.501909999746683, -23.506499999075707 ], [ 28.512564002726609, -23.503213998627167 ], [ 28.550687430680494, -23.514093036264665 ] ] ] } },
{ "type": "Feature", "properties": { "Municipali": "Mogalakwena Local Municipality", "WardNo": "7", "WardLabel": "LIM367_7", "Province": "Limpopo", "CLASSIFICATION": "Service centre", "PopGBlack": 10236.684611000001, "PopGColour": 9.518640173, "PopGIndian": 20.920287515999998, "PopGWhite": 94.183345908000007, "PopGOther": 16.9454516, "PopGTotal": 10378.252336 }, "geometry": { "type": "Polygon", "coordinates": [ [ [ 28.399310003254058, -23.493839997118197 ], [ 28.416009996364306, -23.515610001900086 ], [ 28.464309996109488, -23.54534001133251 ], [ 28.464268001367227, -23.545353999387579 ], [ 28.456083001629246, -23.566028001291244 ], [ 28.446861997283385, -23.589307000117973 ], [ 28.467833001192083, -23.591567998264548 ], [ 28.482390004295283, -23.593135998627432 ], [ 28.482541959144164, -23.593152330315785 ], [ 28.488651997192033, -23.593808999085994 ], [ 28.489924001891204, -23.593945997309962 ], [ 28.507233562678852, -23.606047720825597 ], [ 28.508877101597058, -23.607185555668835 ], [ 28.509660944397147, -23.606932704080997 ], [ 28.51107691616685, -23.606603995577906 ], [ 28.512568743952421, -23.606325858651445 ], [ 28.514010001060747, -23.606174146619615 ], [ 28.515097266125927, -23.605997151047724 ], [ 28.516386811202427, -23.60584543991509 ], [ 28.517297078897158, -23.605870724354432 ], [ 28.51780278387141, -23.6060477208256 ], [ 28.518765404699703, -23.606571065102578 ], [ 28.519862615367447, -23.607140770330286 ], [ 28.520748822600112, -23.607900377300592 ], [ 28.521318527827905, -23.608512282315953 ], [ 28.522183636066018, -23.608744383846311 ], [ 28.522985442823984, -23.608807686225738 ], [ 28.523892751749131, -23.609039786856631 ], [ 28.524821158769459, -23.609229688599228 ], [ 28.525644067219996, -23.609609492084424 ], [ 28.525982725822224, -23.609433126037946 ], [ 28.525980020661418, -23.60951425927567 ], [ 28.525966835700917, -23.609718637405205 ], [ 28.525999800350593, -23.609975758074764 ], [ 28.526012985311095, -23.610496591444523 ], [ 28.526026171170965, -23.610918531764899 ], [ 28.52600639328044, -23.611202024154103 ], [ 28.526026171170965, -23.61158440779414 ], [ 28.526039357030747, -23.611650337093405 ], [ 28.526118471290513, -23.611953607373056 ], [ 28.526184398791038, -23.612250283823482 ], [ 28.526250327190933, -23.612553554103304 ], [ 28.526322849420044, -23.612705189692722 ], [ 28.526411973134053, -23.612810041650064 ], [ 28.526434927430028, -23.612837045593228 ], [ 28.526573376260295, -23.613028237862892 ], [ 28.526718418020586, -23.613186466382334 ], [ 28.526751382670263, -23.613390843612496 ], [ 28.526817311070069, -23.613588628812185 ], [ 28.526916203220271, -23.613733670572469 ], [ 28.527028281230255, -23.613852342411679 ], [ 28.527160138030045, -23.613984199211369 ], [ 28.527397479909794, -23.61405671964193 ], [ 28.52753592874015, -23.614175390581845 ], [ 28.527667786439221, -23.614346804061789 ], [ 28.527858977809601, -23.614650075240803 ], [ 28.527987002598149, -23.6148829996507 ], [ 28.528496999137282, -23.615822998932305 ], [ 28.528487001374042, -23.616503004210259 ], [ 28.528397000820988, -23.616733002226276 ], [ 28.528415003449709, -23.616993003424355 ], [ 28.528416990052147, -23.61704301022678 ], [ 28.528387003057748, -23.617173002731903 ], [ 28.528337004349375, -23.617372999364406 ], [ 28.528267001121272, -23.617512997726728 ], [ 28.528236997939111, -23.617612996042929 ], [ 28.528233997800751, -23.617692988940306 ], [ 28.52822700017596, -23.617772998924714 ], [ 28.528158998838776, -23.61804299788604 ], [ 28.528106998239394, -23.618262998138817 ], [ 28.528037002205981, -23.618413003257537 ], [ 28.527957001214727, -23.618572998045448 ], [ 28.527947001652837, -23.618612998990756 ], [ 28.527876999324103, -23.618842997906047 ], [ 28.527867000661583, -23.618882997951989 ], [ 28.527855000108232, -23.61892200244851 ], [ 28.527826999716272, -23.618993002125404 ], [ 28.527786998771049, -23.619133001386924 ], [ 28.527727002299347, -23.619263001986006 ], [ 28.527687001354124, -23.619353000740414 ], [ 28.527606002115341, -23.619542002261603 ], [ 28.52758700303783, -23.619582999655705 ], [ 28.52757599983255, -23.61962300060101 ], [ 28.527557000755039, -23.619682997971999 ], [ 28.527547002991888, -23.619793002145322 ], [ 28.527516999809727, -23.619873004035941 ], [ 28.527526001124087, -23.619933001406842 ], [ 28.527467001101265, -23.620102993957993 ], [ 28.527407003730282, -23.620243001313472 ], [ 28.527247000848405, -23.620503001612271 ], [ 28.527077996652256, -23.62083299794449 ], [ 28.52695200163366, -23.621077997551495 ], [ 28.526830005000775, -23.621293002969679 ], [ 28.526795989043702, -23.621352002992587 ], [ 28.526766002049392, -23.621402999049209 ], [ 28.526747011065762, -23.621442999994517 ], [ 28.526715995247049, -23.621513003222542 ], [ 28.526661998152786, -23.621579999117674 ], [ 28.526637996146626, -23.621613998886993 ], [ 28.526536003134101, -23.621772997226017 ], [ 28.526437003065247, -23.62197300015384 ], [ 28.52631600288133, -23.622301999137981 ], [ 28.526266004172779, -23.62243299708522 ], [ 28.526305988930329, -23.622642998675477 ], [ 28.526527002719021, -23.622931990418994 ], [ 28.526726999351609, -23.623192996159833 ], [ 28.526757000735032, -23.623883000100392 ], [ 28.52693700094186, -23.624152999061621 ], [ 28.527006996076082, -23.624322999706653 ], [ 28.527067000641665, -23.624517003257118 ], [ 28.52715700119472, -23.624723000166348 ], [ 28.527256002162765, -23.624923012087319 ], [ 28.527287001793717, -23.625013003647219 ], [ 28.527299003246437, -23.625049996360293 ], [ 28.527316995982627, -23.625103003300993 ], [ 28.527337001401548, -23.625162999772609 ], [ 28.527395999625721, -23.625423001870058 ], [ 28.527446996581624, -23.625643002122828 ], [ 28.527545008295569, -23.625853003713175 ], [ 28.527677002691604, -23.626142999999438 ], [ 28.527718999232516, -23.626288001290231 ], [ 28.527730999785867, -23.626321993864948 ], [ 28.527755999140098, -23.62643299538643 ], [ 28.527746998725018, -23.62655199997484 ], [ 28.527717003636827, -23.626682000573922 ], [ 28.527706997779795, -23.626821998936162 ], [ 28.527697000016556, -23.626983000065387 ], [ 28.527706997779795, -23.627162002024782 ], [ 28.527717003636827, -23.627332002669807 ], [ 28.527715999094156, -23.627572000247618 ], [ 28.527706000431635, -23.627782001837954 ], [ 28.527717003636827, -23.627962002044789 ], [ 28.527687001354124, -23.628012000753245 ], [ 28.527656008917774, -23.628142001352245 ], [ 28.527647001308182, -23.62818200229756 ], [ 28.527626995889172, -23.628263000636966 ], [ 28.527607000362782, -23.628352002942584 ], [ 28.527363777816145, -23.628798616163213 ], [ 28.527064148891363, -23.629151120727681 ], [ 28.526500140868855, -23.629662253110503 ], [ 28.525742256100312, -23.630138133867796 ], [ 28.524878619153021, -23.630578764798113 ], [ 28.524208859851047, -23.630896020434978 ], [ 28.523486225808753, -23.631283774826425 ], [ 28.523574352174691, -23.631724405756753 ], [ 28.52364485272782, -23.632076910321217 ], [ 28.52366247764126, -23.632464665611845 ], [ 28.523468599995944, -23.632834795989034 ], [ 28.523362848716566, -23.633363553285392 ], [ 28.523327597990317, -23.633786559302273 ], [ 28.523327597990317, -23.634403442065182 ], [ 28.523327597990317, -23.635037949741626 ], [ 28.523309973076877, -23.635584332850698 ], [ 28.523433350168975, -23.636060213607987 ], [ 28.523591977088131, -23.636395094158303 ], [ 28.523838730373136, -23.636976727094332 ], [ 28.523997357292291, -23.637417357125376 ], [ 28.523997357292291, -23.637752236776318 ], [ 28.523944481652602, -23.638245744245694 ], [ 28.523680102554788, -23.638915502648299 ], [ 28.523591977088131, -23.639373759391521 ], [ 28.523574352174691, -23.639779138696316 ], [ 28.523591977088131, -23.640237396338723 ], [ 28.523803479646887, -23.640695652182576 ], [ 28.524120734384478, -23.641383036397986 ], [ 28.524385112582923, -23.641788415702784 ], [ 28.524916000373185, -23.643010999058394 ], [ 28.526165997762604, -23.645701000800553 ], [ 28.526045506594894, -23.646380479975171 ], [ 28.525935347738102, -23.646648007599484 ], [ 28.525526186784095, -23.647183064646779 ], [ 28.525164236640283, -23.647655173647383 ], [ 28.524991129736893, -23.648080071837885 ], [ 28.524928181690296, -23.64861512888508 ], [ 28.524865233643609, -23.649008552602687 ], [ 28.524959656163279, -23.649480661603288 ], [ 28.525207001202219, -23.650031004427316 ], [ 28.525872399691504, -23.650739619837665 ], [ 28.526076981067877, -23.65089698860519 ], [ 28.526218612598914, -23.651227466074673 ], [ 28.526199653990897, -23.651341222219621 ], [ 28.526171402688178, -23.651510730935485 ], [ 28.525856663354382, -23.651904154653 ], [ 28.525683557350362, -23.652171684075974 ], [ 28.525589134830781, -23.652454948936697 ], [ 28.525494713210481, -23.652958532410373 ], [ 28.525589134830781, -23.653351956127882 ], [ 28.525699293687484, -23.653698169934579 ], [ 28.525875069778678, -23.65392081959018 ], [ 28.525935347738102, -23.653997172031882 ], [ 28.526108454641491, -23.654311911365674 ], [ 28.52645466844827, -23.655240392130395 ], [ 28.526769406882696, -23.655712501131003 ], [ 28.527099884352264, -23.656058714937686 ], [ 28.527383149212987, -23.656326242562006 ], [ 28.527571993352868, -23.656530823938375 ], [ 28.527839520977189, -23.656845563272174 ], [ 28.528138523074404, -23.657286197799792 ], [ 28.52820147112109, -23.65788420289369 ], [ 28.528185733884598, -23.658356311894291 ], [ 28.528186155666585, -23.658361372379478 ], [ 28.52820147112109, -23.658545156034084 ], [ 28.528421788834496, -23.658781210084786 ], [ 28.528477995563101, -23.658817960880171 ], [ 28.528830949788503, -23.659048738608391 ], [ 28.529145689122299, -23.659143160228684 ], [ 28.529428954882391, -23.659174633802301 ], [ 28.529727956979695, -23.659190371038797 ], [ 28.529964011929682, -23.659316267132073 ], [ 28.530011222739788, -23.659505111271873 ], [ 28.529995486402665, -23.659741165322579 ], [ 28.52994827469319, -23.660008693846176 ], [ 28.52994827469319, -23.660110080715654 ], [ 28.52994827469319, -23.66032343317988 ], [ 28.530002071238631, -23.66070791763633 ], [ 28.5303889973544, -23.660479991658327 ], [ 28.556257003158198, -23.645245999603212 ], [ 28.561934002352402, -23.656288000690648 ], [ 28.567353998688144, -23.666829000258168 ], [ 28.567770312849689, -23.672510145326957 ], [ 28.567859996841477, -23.673733996726554 ], [ 28.569148998727329, -23.691310998803583 ], [ 28.569076308325009, -23.694987878787526 ], [ 28.569066044362529, -23.695507061002083 ], [ 28.568772141421256, -23.710373243830134 ], [ 28.56876400075809, -23.710785002026206 ], [ 28.568156998846423, -23.741544999602112 ], [ 28.573031060834836, -23.753673850267976 ], [ 28.573696998917381, -23.755331001324706 ], [ 28.578492000605443, -23.767260999295633 ], [ 28.585958996010902, -23.785836998878359 ], [ 28.585190725871396, -23.792635671199296 ], [ 28.585017002932339, -23.794173000183857 ], [ 28.5837490029142, -23.805383000025401 ], [ 28.582476990121059, -23.816624996846148 ], [ 28.577863997725345, -23.826960000403734 ], [ 28.572425001412721, -23.839143001048672 ], [ 28.565111003170291, -23.855526003822 ], [ 28.559038002801657, -23.861443996143532 ], [ 28.552600998237526, -23.867716002991102 ], [ 28.552606997614877, -23.867745998079386 ], [ 28.552637000797038, -23.867806002644876 ], [ 28.552646998560189, -23.868156004396106 ], [ 28.552627003033798, -23.868545997200023 ], [ 28.552587002088487, -23.868646002710914 ], [ 28.552476997915161, -23.868836000680894 ], [ 28.552306996370852, -23.86904600317051 ], [ 28.552177003865648, -23.869165997013198 ], [ 28.552097001975113, -23.869215995721664 ], [ 28.551996995564938, -23.869306004368685 ], [ 28.551906996810445, -23.869385998165253 ], [ 28.551797000731, -23.869555998810281 ], [ 28.551686995658393, -23.869735998117825 ], [ 28.55160700276102, -23.869816000008452 ], [ 28.551486992730574, -23.869976002890233 ], [ 28.551285186662096, -23.870649343292605 ], [ 28.551285186662096, -23.871064580066374 ], [ 28.551357402222383, -23.871443709959273 ], [ 28.55153794022382, -23.871732572200511 ], [ 28.552007338667845, -23.871931163192606 ], [ 28.552548952672069, -23.871913109302582 ], [ 28.553253052586353, -23.871895055412462 ], [ 28.553848828260836, -23.871822839852175 ], [ 28.554715411387161, -23.87160619496996 ], [ 28.55578058640495, -23.87142565606916 ], [ 28.557477644877455, -23.870793772614533 ], [ 28.558795572557688, -23.870197996940046 ], [ 28.55962604880315, -23.869945243378321 ], [ 28.560727331601171, -23.869692489816504 ], [ 28.561557806947263, -23.869511951815159 ], [ 28.562478550844478, -23.869114768032141 ], [ 28.563958964434772, -23.86841066901723 ], [ 28.564879708331986, -23.868067646005013 ], [ 28.565692130687331, -23.867760731672398 ], [ 28.566324014141959, -23.867562139780933 ], [ 28.566973950587421, -23.867092740437627 ], [ 28.567678048703055, -23.866262265091443 ], [ 28.568526579737913, -23.865666490316325 ], [ 28.569501486204668, -23.86507071374248 ], [ 28.570440283991999, -23.864565206618931 ], [ 28.571974858353094, -23.864384667718213 ], [ 28.573202516582924, -23.864113862065118 ], [ 28.574195476939707, -23.864095808175005 ], [ 28.575405082178879, -23.863843053714 ], [ 28.576506364976812, -23.863752785162959 ], [ 28.577553486104573, -23.863572247161439 ], [ 28.578618661122363, -23.863175064277787 ], [ 28.579015844905381, -23.862832041265658 ], [ 28.57946719125794, -23.862416802693325 ], [ 28.580099073813287, -23.861496057896748 ], [ 28.580712904277167, -23.860864175341394 ], [ 28.581543378723978, -23.860322561337178 ], [ 28.58253633908085, -23.859925376654786 ], [ 28.58398064399163, -23.859925376654786 ], [ 28.584991658238529, -23.860015646105193 ], [ 28.586201262578243, -23.860394775998184 ], [ 28.587013684933677, -23.860611420880392 ], [ 28.587573352828016, -23.860593366990287 ], [ 28.588259397952903, -23.860485043649845 ], [ 28.589180142749488, -23.860142023335744 ], [ 28.590328002335447, -23.859557001754251 ], [ 28.591447991931357, -23.859337000602107 ], [ 28.593308000363965, -23.859316996981843 ], [ 28.59448800261934, -23.859096996729068 ], [ 28.595198458941734, -23.85889400985074 ], [ 28.595289463138268, -23.859132895866512 ], [ 28.595289463138268, -23.859513479063818 ], [ 28.595314833912461, -23.8598940631605 ], [ 28.595467069349784, -23.860426879996488 ], [ 28.595568556943402, -23.860832835766736 ], [ 28.595746163154917, -23.861238790637692 ], [ 28.595873023321378, -23.861644746407944 ], [ 28.595898395894309, -23.861873096865946 ], [ 28.596076002105825, -23.862177564143298 ], [ 28.595974512713646, -23.86248202962199 ], [ 28.595974512713646, -23.862811868572901 ], [ 28.595847651647816, -23.863243196915988 ], [ 28.595822279074973, -23.863877502244957 ], [ 28.595695418908512, -23.864283458015205 ], [ 28.595771534828568, -23.864562552719608 ], [ 28.595670046335581, -23.864968507590582 ], [ 28.595898395894309, -23.865755046558132 ], [ 28.596202863171655, -23.866617704143763 ], [ 28.596583446368967, -23.867454987357817 ], [ 28.596786424254134, -23.868190782078965 ], [ 28.596938656993437, -23.869535509556162 ], [ 28.597116263205042, -23.870220559131539 ], [ 28.597420729583106, -23.870829492786864 ], [ 28.597547590648848, -23.871387682195774 ], [ 28.597471473829511, -23.871742892820254 ], [ 28.59721775169794, -23.871945870705325 ], [ 28.59721775169794, -23.872326453902726 ], [ 28.597090890632199, -23.872910015884578 ], [ 28.596913285319875, -23.873595064560593 ], [ 28.596887912747032, -23.874051764577324 ], [ 28.597014773812774, -23.874406977000355 ], [ 28.597243124270872, -23.874812932770592 ], [ 28.59769982428752, -23.875092026575814 ], [ 28.598004290665497, -23.875295005360176 ], [ 28.598613225220188, -23.875650215984738 ], [ 28.59769982428752, -23.88206938879128 ], [ 28.597750569433295, -23.882805184411716 ], [ 28.597877429599755, -23.883718584445187 ], [ 28.597775941106857, -23.884403634020476 ], [ 28.597674451714589, -23.885190172988128 ], [ 28.597674451714589, -23.885722989824199 ], [ 28.597552677214328, -23.886042651147388 ], [ 28.597268496843714, -23.886788622596804 ], [ 28.597116263205042, -23.88754978989088 ], [ 28.596887912747032, -23.888488563396482 ], [ 28.597167006552166, -23.888564680215815 ], [ 28.597496847301723, -23.88861542356295 ], [ 28.597877429599755, -23.888590050990015 ], [ 28.598131151731327, -23.888615423562946 ], [ 28.598486363255077, -23.888843774020945 ], [ 28.59889231902541, -23.889198984645422 ], [ 28.599247529649791, -23.889528823596333 ], [ 28.599551996927136, -23.889731802380776 ], [ 28.599780347385146, -23.890087013005246 ], [ 28.600034068617436, -23.890366107709752 ], [ 28.600528999713632, -23.891005999627158 ], [ 28.600775000266093, -23.891349000156296 ], [ 28.601028000242085, -23.891680000131903 ], [ 28.601203000218373, -23.891933000107894 ], [ 28.601281000217988, -23.892192000360509 ], [ 28.60136499959513, -23.89256799971341 ], [ 28.601423999617953, -23.89285999968925 ], [ 28.601612000193683, -23.893189999618858 ], [ 28.60177999984716, -23.893461999571645 ], [ 28.601837999823893, -23.893643999870743 ], [ 28.601740999847308, -23.893818999847024 ], [ 28.601767000146999, -23.893954999823375 ], [ 28.60155300017086, -23.894051999799956 ], [ 28.601468999894525, -23.894124000422316 ], [ 28.601423999617953, -23.894214000075998 ], [ 28.601448999871465, -23.894279000375629 ], [ 28.601631000170563, -23.894337000352362 ], [ 28.601734999570589, -23.894323999752743 ], [ 28.601896999846716, -23.894337000352362 ], [ 28.601915999823596, -23.894382999775651 ], [ 28.602046000422682, -23.894576999728734 ], [ 28.602129999799736, -23.894662000051248 ], [ 28.602090999799795, -23.894785000327527 ], [ 28.602124000422386, -23.895012000003828 ], [ 28.602007000422741, -23.89507600025728 ], [ 28.602059000122843, -23.895276999633801 ], [ 28.602292000075774, -23.895471999633141 ], [ 28.602448000075182, -23.895582000209167 ], [ 28.602590000328249, -23.895640000185907 ], [ 28.602662000051321, -23.89565299988606 ], [ 28.602720000028054, -23.895652999886064 ], [ 28.602798000027757, -23.895652999886064 ], [ 28.60284999972777, -23.895711999908887 ], [ 28.602868999704651, -23.895788999862507 ], [ 28.60284999972777, -23.895944999861818 ], [ 28.60284999972777, -23.896061999861466 ], [ 28.60285600000449, -23.896185000137656 ], [ 28.602926999681383, -23.896263000137356 ], [ 28.603096000280232, -23.896411999813946 ], [ 28.603186999980096, -23.896503000413094 ], [ 28.603186999980096, -23.896593000066868 ], [ 28.603121999680553, -23.896658000366404 ], [ 28.60285600000449, -23.896846000042864 ], [ 28.602713999751334, -23.897002000042267 ], [ 28.602739000004846, -23.897105000295568 ], [ 28.602888999727622, -23.897241000271919 ], [ 28.603088999957421, -23.897266999672325 ], [ 28.603179999657286, -23.897339000294682 ], [ 28.603205999956977, -23.897494000247914 ], [ 28.6032900002334, -23.897604999970753 ], [ 28.603446000232807, -23.897616999624901 ], [ 28.603524000232511, -23.897604999970746 ], [ 28.603621000209007, -23.897604999970749 ], [ 28.603704999586149, -23.897662999947485 ], [ 28.603711999908871, -23.897811999624075 ], [ 28.603724999609121, -23.897903000223312 ], [ 28.60369900020871, -23.898051999899906 ], [ 28.603660000208858, -23.898194000152976 ], [ 28.603808999885455, -23.898278999576206 ], [ 28.603893000161879, -23.898336999552932 ], [ 28.603977999585112, -23.898414999552557 ], [ 28.604035999561845, -23.898531000405395 ], [ 28.604010000161434, -23.898634999805417 ], [ 28.604016000438065, -23.898765000404495 ], [ 28.604049000161286, -23.898829999804672 ], [ 28.604197999837883, -23.898882000403969 ], [ 28.604391999790963, -23.898940000380694 ], [ 28.604469999790666, -23.898953000080855 ], [ 28.604639000389604, -23.899023999757752 ], [ 28.60478099974339, -23.899069000034324 ], [ 28.604870100075125, -23.8990874838004 ], [ 28.604969000319119, -23.899108000034179 ], [ 28.605008000318971, -23.899264000033583 ], [ 28.605021000019221, -23.899478000009722 ], [ 28.605060000018984, -23.899698000262497 ], [ 28.605072999719233, -23.899879999662311 ], [ 28.605183000295259, -23.900029000238188 ], [ 28.605261000294963, -23.900170999591978 ], [ 28.605247999695521, -23.900345999568263 ], [ 28.605247999695521, -23.900457000190467 ], [ 28.605448999971411, -23.90050199956767 ], [ 28.605558999648157, -23.900534000143995 ], [ 28.605728000247005, -23.900624999843945 ], [ 28.605817999900779, -23.900721999820441 ], [ 28.605825000223678, -23.900846000142806 ], [ 28.606070999876771, -23.900852000419526 ], [ 28.60627899957619, -23.900858999842963 ], [ 28.606414999552626, -23.900858999842967 ], [ 28.606420999829346, -23.900885000142665 ], [ 28.606434000428788, -23.901033999819248 ], [ 28.606375999552775, -23.901163000372254 ], [ 28.606375999552775, -23.90128599974916 ], [ 28.606401999852466, -23.901436000371124 ], [ 28.606453999552478, -23.90155899974803 ], [ 28.606576999828754, -23.901643000024457 ], [ 28.606687000404779, -23.901747000323844 ], [ 28.606836000081376, -23.901927999677483 ], [ 28.607037000357266, -23.902161999676512 ], [ 28.607120999734409, -23.902336999652888 ], [ 28.607257999756936, -23.902459999929071 ], [ 28.607420000032974, -23.90242099992922 ], [ 28.607587999686451, -23.902486000228766 ], [ 28.607815000262121, -23.902627999582553 ], [ 28.608112999615315, -23.902841999558603 ], [ 28.608274999891353, -23.903030000134418 ], [ 28.608398000167629, -23.903275999787603 ], [ 28.608521999590625, -23.903387000409715 ], [ 28.608722999866604, -23.903392999787155 ], [ 28.608885000142731, -23.903348000409867 ], [ 28.609105000395502, -23.903314999787451 ], [ 28.609235000095218, -23.903380000086912 ], [ 28.609449000071358, -23.903477000063493 ], [ 28.609701000001259, -23.903614000086105 ], [ 28.609760000024082, -23.903723999762853 ], [ 28.609811999724094, -23.903853000315756 ], [ 28.609857000000577, -23.903931000315463 ], [ 28.609974000000133, -23.903937999738901 ], [ 28.610038000253585, -23.903878999716078 ], [ 28.610199999630343, -23.903859999739197 ], [ 28.610550999629009, -23.903956999715781 ], [ 28.610802999558821, -23.904061000015179 ], [ 28.6110039998348, -23.904061000015176 ], [ 28.611166000110838, -23.904061000015179 ], [ 28.611264000133513, -23.904209999691769 ], [ 28.611353999787287, -23.904403999644938 ], [ 28.61145199981005, -23.904456000244231 ], [ 28.611516000063414, -23.904456000244238 ], [ 28.61163300006297, -23.904534000243935 ], [ 28.611756000339156, -23.904728000197021 ], [ 28.611815000361979, -23.904831999597132 ], [ 28.61205399969235, -23.905032999873107 ], [ 28.612196999991596, -23.905104000449285 ], [ 28.612371999967884, -23.90521500017212 ], [ 28.612437000267427, -23.905479999802175 ], [ 28.612437000267427, -23.905506000101788 ], [ 28.612643999920667, -23.905752999801148 ], [ 28.61271599964374, -23.905907999754373 ], [ 28.612760999920312, -23.906051000053626 ], [ 28.612760999920312, -23.906193000306772 ], [ 28.612799999920163, -23.906271000306479 ], [ 28.612993999873243, -23.906271000306482 ], [ 28.613266999872206, -23.906174000329898 ], [ 28.613390000148481, -23.906116000353162 ], [ 28.61356500012468, -23.906038000353465 ], [ 28.613740000100968, -23.906038000353462 ], [ 28.613907999754446, -23.9060700000305 ], [ 28.614129000053396, -23.906082999730671 ], [ 28.614180999753408, -23.90622600002991 ], [ 28.614291000329434, -23.906362000006343 ], [ 28.614362000006327, -23.906413999706356 ], [ 28.614440000006031, -23.90649799998269 ], [ 28.614549999682776, -23.90657599998239 ], [ 28.614594999959348, -23.906627999682406 ], [ 28.6148609996355, -23.906894000257932 ], [ 28.615081999934361, -23.907146000187744 ], [ 28.615541999563682, -23.907372999864041 ], [ 28.615858999793037, -23.907561000439863 ], [ 28.616106000391678, -23.907722999816613 ], [ 28.616125000368559, -23.907775000415914 ], [ 28.616092999792148, -23.907833000392642 ], [ 28.616080000091987, -23.908002000092296 ], [ 28.616022000115255, -23.908092999792167 ], [ 28.615775000415983, -23.908189999768659 ], [ 28.615346999564423, -23.908235000045234 ], [ 28.615152999611254, -23.908364999744951 ], [ 28.614874000234941, -23.908481999744499 ], [ 28.613868999754594, -23.908759999974102 ], [ 28.613273000148837, -23.909000000249836 ], [ 28.613006999573404, -23.909175000226039 ], [ 28.612702999943579, -23.90929799960303 ], [ 28.612248999691609, -23.909498999879006 ], [ 28.611976999738737, -23.909661000155051 ], [ 28.611698000362512, -23.909829999854622 ], [ 28.611445000386521, -23.910031000130594 ], [ 28.611244903029881, -23.910138502390048 ], [ 28.611122797579064, -23.910279886607537 ], [ 28.610929999120266, -23.91049839218703 ], [ 28.610814320224737, -23.910716897766619 ], [ 28.610692213874639, -23.910890415660187 ], [ 28.610486562305088, -23.911147480571763 ], [ 28.610325896622907, -23.911301719698564 ], [ 28.610255203614837, -23.911398118928055 ], [ 28.610248777059461, -23.911526651833523 ], [ 28.610152377830062, -23.911635904173679 ], [ 28.610010991813834, -23.911777290189814 ], [ 28.609901740373051, -23.911892969085255 ], [ 28.609773206568295, -23.911963662093328 ], [ 28.609644674562102, -23.912034355101397 ], [ 28.609593262119443, -23.912137180886173 ], [ 28.609503289445243, -23.912381391787815 ], [ 28.60948400888001, -23.912728430272868 ], [ 28.609477583224002, -23.91305618729324 ], [ 28.609487231150904, -23.913112149406135 ], [ 28.60950971600062, -23.913242559196753 ], [ 28.609612541785484, -23.913499624108411 ], [ 28.60967038078352, -23.91364101012455 ], [ 28.609663955127512, -23.913808102362029 ], [ 28.609662033276301, -23.913931076558004 ], [ 28.609657527672855, -23.914219404601848 ], [ 28.609612541785484, -23.9145086031895 ], [ 28.609612541785484, -23.914720682213705 ], [ 28.609612541785484, -23.914926332883983 ], [ 28.609618968340772, -23.915151265018849 ], [ 28.609752999701271, -23.915676999693844 ], [ 28.609830999700975, -23.915884000246457 ], [ 28.60992200030012, -23.916059000222656 ], [ 28.610038000253585, -23.916312000198651 ], [ 28.610194000252992, -23.91664300017435 ], [ 28.610311000252548, -23.916882999550804 ], [ 28.610381999929441, -23.917044999826924 ], [ 28.610433999629453, -23.91722600007985 ], [ 28.610517999905788, -23.917408000378952 ], [ 28.610550999629009, -23.917505000355529 ], [ 28.61055699990564, -23.917602000332035 ], [ 28.610595999905492, -23.917829000008329 ], [ 28.610686999605356, -23.918061999961346 ], [ 28.610750999858809, -23.918205000260599 ], [ 28.61078399958194, -23.918308999660621 ], [ 28.610836000181322, -23.918458000236502 ], [ 28.610855762783277, -23.918549722092035 ], [ 28.610733389334481, -23.91868322105379 ], [ 28.610767720953628, -23.918906376128383 ], [ 28.610767720953628, -23.919112364943718 ], [ 28.610956544408989, -23.919352686277488 ], [ 28.61126552808177, -23.919627338331029 ], [ 28.611420019918071, -23.919987818982673 ], [ 28.611557347293765, -23.920296802655365 ], [ 28.611694672870897, -23.920519957729866 ], [ 28.611729003590675, -23.920880440180166 ], [ 28.61181483308814, -23.921086428995505 ], [ 28.611763336109103, -23.921378247308297 ], [ 28.611797666828881, -23.921687230980901 ], [ 28.611952158665272, -23.92201338091277 ], [ 28.612055154421906, -23.922305199225573 ], [ 28.612055154421906, -23.92257985127911 ], [ 28.612123816760832, -23.922974664449185 ], [ 28.612364138094598, -23.923197818624406 ], [ 28.612621624788254, -23.923506803196378 ], [ 28.612930607561577, -23.923798620609908 ], [ 28.613239592133549, -23.923867283848111 ], [ 28.613514245086375, -23.923953113345579 ], [ 28.613703067642543, -23.923970278705376 ], [ 28.613977720595368, -23.924090438922619 ], [ 28.614355368405636, -23.924382258134706 ], [ 28.614578522580775, -23.924553915330893 ], [ 28.614904671613356, -23.92477707040549 ], [ 28.615179324566181, -23.924794235765379 ], [ 28.615313996243991, -23.92484176673414 ], [ 28.615575448048553, -23.925026850808518 ], [ 28.615785139372768, -23.925284931954131 ], [ 28.615946439076939, -23.92551075261914 ], [ 28.616027090278035, -23.925897873887784 ], [ 28.616091610339595, -23.926446295759963 ], [ 28.61607548009934, -23.926833417028604 ], [ 28.61604321961892, -23.927075367933877 ], [ 28.616027090278035, -23.927268929017927 ], [ 28.61610773968048, -23.927478620342047 ], [ 28.61604321961892, -23.927752829929172 ], [ 28.615946439076939, -23.927994780834446 ], [ 28.615946439076939, -23.928139952097098 ], [ 28.615946439076939, -23.928317382041524 ], [ 28.615914178596519, -23.928510943125573 ], [ 28.615769009132514, -23.928720633550412 ], [ 28.615543187568132, -23.928881934153964 ], [ 28.615414148344293, -23.929059364997755 ], [ 28.615204457020166, -23.929188405120872 ], [ 28.614868464907811, -23.929172457442938 ], [ 28.614414084242629, -23.929027105416612 ], [ 28.614123742616687, -23.928914193735096 ], [ 28.613881791711421, -23.928720633550416 ], [ 28.613672102185856, -23.928639983248605 ], [ 28.61326884977759, -23.928543202706621 ], [ 28.612801079106593, -23.928430292823755 ], [ 28.612478477899511, -23.928252861980049 ], [ 28.61212361621201, -23.928091562275785 ], [ 28.611671974881808, -23.92810769161667 ], [ 28.611381634155148, -23.928156082337349 ], [ 28.611220332652326, -23.928317382041524 ], [ 28.611075163188232, -23.928704504209531 ], [ 28.611010643126761, -23.929285185662849 ], [ 28.611204203311353, -23.929898127596509 ], [ 28.611363452561406, -23.93020667419864 ], [ 28.611720364703114, -23.930898190798892 ], [ 28.612042965910195, -23.931736954297019 ], [ 28.612252657234411, -23.932317635750248 ], [ 28.612397826698416, -23.932801537560955 ], [ 28.612430087178836, -23.933349960332421 ], [ 28.612349436877111, -23.934011292087465 ], [ 28.612172006932596, -23.934785533725385 ], [ 28.612204267413105, -23.935414606798744 ], [ 28.612091355731501, -23.936011419391516 ], [ 28.612042965910195, -23.936092068793954 ], [ 28.612010706329144, -23.936430800241208 ], [ 28.61189779644619, -23.93701148169453 ], [ 28.611817145245094, -23.937495384404517 ], [ 28.611623585060414, -23.937963155075607 ], [ 28.611559064099573, -23.938253495802172 ], [ 28.611510674278268, -23.938656748210356 ], [ 28.611542933859408, -23.938947088937027 ], [ 28.611639715300669, -23.939543900630497 ], [ 28.611623585060414, -23.940092321603313 ], [ 28.611542933859408, -23.940624614134698 ], [ 28.611462283557593, -23.941124646185486 ], [ 28.610897732344526, -23.942205359689684 ], [ 28.61049448083563, -23.942963471986715 ], [ 28.610107359567078, -23.943657065121464 ], [ 28.609800888600162, -23.944173225613945 ], [ 28.609462157152915, -23.944882948988855 ], [ 28.60925246672798, -23.945270070257589 ], [ 28.608865344560058, -23.945608800805552 ], [ 28.608558873593232, -23.945883012191235 ], [ 28.608155622983617, -23.946689515208945 ], [ 28.607703980754135, -23.947496018226644 ], [ 28.607381380446423, -23.948092829920228 ], [ 28.606832957674872, -23.948915463178089 ], [ 28.606623268149306, -23.949334844027785 ], [ 28.6064458373056, -23.949689704816002 ], [ 28.606187756160079, -23.949963916201781 ], [ 28.605881285193252, -23.95051233807396 ], [ 28.605574814226337, -23.951060759946138 ], [ 28.605413513622796, -23.951334971331828 ], [ 28.605252213019256, -23.951899523444265 ], [ 28.605219953438205, -23.952560855199312 ], [ 28.605265692957399, -23.953212593886153 ], [ 28.605763107081778, -23.95354420270283 ], [ 28.606488501143485, -23.95418669456032 ], [ 28.607068816572706, -23.954539030052217 ], [ 28.607607682248787, -23.95487063886889 ], [ 28.608022193269672, -23.955160796133857 ], [ 28.60849888071883, -23.955160796133857 ], [ 28.608871941087294, -23.955077893929641 ], [ 28.609037746394911, -23.954912090420684 ], [ 28.609120647699754, -23.954642657132911 ], [ 28.609120647699754, -23.954414676296302 ], [ 28.609079197047421, -23.954000165275414 ], [ 28.609037746394911, -23.95366855555946 ], [ 28.609120647699754, -23.953461299599329 ], [ 28.609307177883942, -23.953399124070348 ], [ 28.60955588539586, -23.953482026274553 ], [ 28.609908219089103, -23.953689281335315 ], [ 28.610115475049231, -23.953979438600289 ], [ 28.610550711845878, -23.954290323439668 ], [ 28.610820144234278, -23.954476852724575 ], [ 28.611213930378682, -23.954559754928788 ], [ 28.611794245807815, -23.954953541073099 ], [ 28.612416012788827, -23.95534732721741 ], [ 28.6127476216055, -23.955824014666575 ], [ 28.612913426013836, -23.956217799911528 ], [ 28.613224309953939, -23.956590860279988 ], [ 28.6135559187707, -23.95673593891247 ], [ 28.613783899607309, -23.956860292668377 ], [ 28.613970429791586, -23.957088274404367 ], [ 28.614136234199922, -23.957419883221032 ], [ 28.614260587955837, -23.957710041385369 ], [ 28.614530020344237, -23.957751492037708 ], [ 28.614820177609118, -23.957730766261861 ], [ 28.615338316610067, -23.957751492037705 ], [ 28.616022260918633, -23.95779294269013 ], [ 28.616644027899646, -23.957813669365351 ], [ 28.617410872613775, -23.957917296446137 ], [ 28.618592231046719, -23.958083100854466 ], [ 28.619193272251792, -23.958414709671146 ], [ 28.619587058396107, -23.958663417182972 ], [ 28.619794312557495, -23.95895357534722 ], [ 28.620084470721835, -23.959430262796378 ], [ 28.620353903110146, -23.959927676021476 ], [ 28.62049898174272, -23.960487265674765 ], [ 28.620667848342535, -23.960840349402616 ], [ 28.62072696437798, -23.960963954023292 ], [ 28.62072696437798, -23.961316288615812 ], [ 28.62099639586701, -23.961647898331854 ], [ 28.621638887724504, -23.962041683576889 ], [ 28.622239929828947, -23.962352566617618 ], [ 28.622903148361662, -23.962663449658439 ], [ 28.623752896179283, -23.962891432293794 ], [ 28.624499016016841, -23.962912157170265 ], [ 28.625307313182041, -23.962912157170265 ], [ 28.625929080162965, -23.962767077638595 ], [ 28.626509395592187, -23.962352566617621 ], [ 28.627048260368987, -23.961730799636701 ], [ 28.62744048169294, -23.961338578312748 ], [ 28.627462772289153, -23.961316288615812 ], [ 28.627794381105826, -23.960963954023292 ], [ 28.628084539270077, -23.960777423839009 ], [ 28.628561226719324, -23.9605494430024 ], [ 28.629286620781031, -23.960445815022339 ], [ 28.630094917946142, -23.960487265674757 ], [ 28.630571606294669, -23.96046654079818 ], [ 28.631234823928015, -23.960445815022346 ], [ 28.632146749073279, -23.960590893654818 ], [ 28.632955046238479, -23.960818875390807 ], [ 28.63378406917953, -23.960922503370863 ], [ 28.634426561037024, -23.961026131350838 ], [ 28.635193406650433, -23.96121266063583 ], [ 28.63591880161151, -23.961440642371823 ], [ 28.636023614898004, -23.961500535421447 ], [ 28.636499117040643, -23.961772251188485 ], [ 28.636955079613319, -23.962145310657579 ], [ 28.637452492838328, -23.962746352762021 ], [ 28.637804828330221, -23.963202315334616 ], [ 28.638633851271273, -23.963927710295597 ], [ 28.639607951945528, -23.964694555909006 ], [ 28.640250443803023, -23.965191969134111 ], [ 28.640768583703252, -23.965689383258482 ], [ 28.641162368948287, -23.966166070707647 ], [ 28.641473252888389, -23.966642759056086 ], [ 28.641721958601568, -23.967057270076964 ], [ 28.642177922073436, -23.967616859730338 ], [ 28.642696061074385, -23.968155725406419 ], [ 28.643027669891147, -23.968508059099662 ], [ 28.643380005382951, -23.969026198999888 ], [ 28.643607986219649, -23.969523612224894 ], [ 28.643670161748641, -23.970021026349272 ], [ 28.643670161748641, -23.970559890226792 ], [ 28.643442180911943, -23.97101585279939 ], [ 28.643442180911943, -23.971347461616052 ], [ 28.64335927870782, -23.971886326392852 ], [ 28.643483631564365, -23.972549544026297 ], [ 28.643815241280407, -23.973067683027157 ], [ 28.64414685009708, -23.973565097151532 ], [ 28.644540636241395, -23.973896705968201 ], [ 28.644768617078093, -23.974041784600683 ], [ 28.645141677446556, -23.974331942764941 ], [ 28.645514737814931, -23.974580650276771 ], [ 28.645929248835817, -23.974870806642365 ], [ 28.646675368673375, -23.975223142134357 ], [ 28.647276410777817, -23.975492573623381 ], [ 28.647711646675184, -23.975782731787639 ], [ 28.648063982167077, -23.97617651793195 ], [ 28.648229785676133, -23.976653206280474 ], [ 28.648209060799562, -23.977046992424796 ], [ 28.648126158595439, -23.977813837138921 ], [ 28.648080862441855, -23.978281906384861 ], [ 28.648063982167077, -23.978456329895693 ], [ 28.648022530615286, -23.979492607897591 ], [ 28.648063982167077, -23.980176552206075 ], [ 28.648105432819499, -23.980777593411233 ], [ 28.648291963003686, -23.981461536820429 ], [ 28.648519943840384, -23.981938225168964 ], [ 28.648768651352214, -23.98237346106642 ], [ 28.648975907312341, -23.98293305161906 ], [ 28.649286790353163, -23.983368288415797 ], [ 28.6496805755982, -23.983844975864951 ], [ 28.650032910190717, -23.984280212661698 ], [ 28.650385244783244, -23.98479835166264 ], [ 28.650613225619942, -23.98519213780687 ], [ 28.642509530890198, -23.988715483732637 ], [ 28.635006877365527, -23.991969397269919 ], [ 28.63378406917953, -23.992508262046634 ], [ 28.632747790278351, -23.992881322415101 ], [ 28.631421354112291, -23.993275107660128 ], [ 28.630115643721993, -23.993606717376082 ], [ 28.628996462616691, -23.993731070232727 ], [ 28.627462772289153, -23.993896874641056 ], [ 28.626229710033119, -23.993938392742631 ], [ 28.59299100193326, -24.012189001421273 ], [ 28.600850001026807, -24.025330002177892 ], [ 28.58569000159234, -24.047000001448904 ], [ 28.578759997675846, -24.056920002056515 ], [ 28.556279999722317, -24.06451999909871 ], [ 28.525390000648127, -24.053719996580629 ], [ 28.506900003232566, -24.061359999964072 ], [ 28.52585000477394, -24.075469997742257 ], [ 28.477390003046249, -24.075699996657551 ], [ 28.471450003414972, -24.075729998940336 ], [ 28.471211104808653, -24.07574990993044 ], [ 28.47120999774328, -24.075750002560603 ], [ 28.471180011648251, -24.075739996703494 ], [ 28.470999996152941, -24.075710001615306 ], [ 28.470809990988361, -24.07568000023187 ], [ 28.470650010589566, -24.07566000290683 ], [ 28.470549997884159, -24.075660002906837 ], [ 28.470480001850657, -24.075649997049716 ], [ 28.470400000859403, -24.075639999286558 ], [ 28.470229999315094, -24.075630000624038 ], [ 28.470080002290338, -24.07559999834125 ], [ 28.469810003329016, -24.075500000024956 ], [ 28.46948999666607, -24.075379998088483 ], [ 28.469129998050974, -24.075230001063719 ], [ 28.46904999616044, -24.075209997443448 ], [ 28.468859999089741, -24.075090001802121 ], [ 28.468700004301834, -24.074989989096711 ], [ 28.468599997891658, -24.074899996637537 ], [ 28.468499999575364, -24.074799999220609 ], [ 28.468270000659984, -24.074379995140738 ], [ 28.468029996786942, -24.07395999825529 ], [ 28.468010000361271, -24.073869998601605 ], [ 28.467950002990289, -24.073720001576852 ], [ 28.467829992959842, -24.073379999387516 ], [ 28.46775999692634, -24.073050003055208 ], [ 28.467730002737518, -24.072869994754502 ], [ 28.467719996880398, -24.072769997337485 ], [ 28.467709998217877, -24.072629998975252 ], [ 28.467699999555446, -24.072509996139491 ], [ 28.467650000846895, -24.07182999895533 ], [ 28.467619998564103, -24.071379999787183 ], [ 28.467619998564103, -24.071079997643789 ], [ 28.467609999901672, -24.070440002304309 ], [ 28.467609999901672, -24.069990003136155 ], [ 28.467640003083744, -24.069870001199597 ], [ 28.467669998171935, -24.069470000739987 ], [ 28.467699999555446, -24.0691699985966 ], [ 28.467709998217877, -24.068899999635278 ], [ 28.467730002737518, -24.068570003303062 ], [ 28.467790008202382, -24.068400001758665 ], [ 28.467829992959842, -24.068299996247859 ], [ 28.46796000075344, -24.068180002405175 ], [ 28.468170003243149, -24.068019998624028 ], [ 28.468499999575364, -24.067889998025024 ], [ 28.468869996852892, -24.067789999708729 ], [ 28.468999996552697, -24.067780001945579 ], [ 28.469219997704748, -24.067759998325311 ], [ 28.46947000113968, -24.067709998717483 ], [ 28.469600000839396, -24.067679996434769 ], [ 28.469740000100913, -24.067669997772249 ], [ 28.469839998417207, -24.067650002245859 ], [ 28.469960000353773, -24.067629996826934 ], [ 28.470069996433306, -24.067610001300547 ], [ 28.470430003142194, -24.067629996826938 ], [ 28.470790001757202, -24.067629996826934 ], [ 28.471070000280324, -24.067589995881626 ], [ 28.471330000579126, -24.06753999717316 ], [ 28.471399995713259, -24.067560001692808 ], [ 28.471479997603883, -24.067560001692808 ], [ 28.47164000138504, -24.06753999717316 ], [ 28.471900001683753, -24.06753999717316 ], [ 28.472019996425718, -24.067519992653519 ], [ 28.472160010975717, -24.067499997127218 ], [ 28.472240003873178, -24.067480007896059 ], [ 28.472319989575951, -24.067480007896059 ], [ 28.472390000897846, -24.06747000203903 ], [ 28.47248000055162, -24.067449998418677 ], [ 28.472560003341524, -24.067430001093719 ], [ 28.472710000366281, -24.067369995628759 ], [ 28.472830002302846, -24.067319996920308 ], [ 28.47292000195662, -24.067279995975088 ], [ 28.473079996744527, -24.067120001187089 ], [ 28.473199998681004, -24.0669599983053 ], [ 28.473270001909107, -24.066840003563332 ], [ 28.473429997596384, -24.066499993280118 ], [ 28.473609996903843, -24.066109999576828 ], [ 28.473689998794466, -24.065970009308472 ], [ 28.473840003913104, -24.065780003244615 ], [ 28.474110002874426, -24.065499998426258 ], [ 28.474359998215387, -24.06530000179367 ], [ 28.474569999805638, -24.065139998911881 ], [ 28.474660000358782, -24.065029994738463 ], [ 28.474790000058498, -24.064829999005241 ], [ 28.474979998028477, -24.064539994625097 ], [ 28.475159997336025, -24.064299997946556 ], [ 28.475239999226648, -24.064179996009994 ], [ 28.47529998760438, -24.063989998040025 ], [ 28.475350003399974, -24.063769997787166 ], [ 28.475360001163125, -24.063700002653022 ], [ 28.475369998926364, -24.063579999817183 ], [ 28.475390004345286, -24.063450000117459 ], [ 28.475409999871676, -24.06330000309271 ], [ 28.475429997196628, -24.063059998320291 ], [ 28.47550999818797, -24.06274999841375 ], [ 28.475630008218328, -24.062410004318295 ], [ 28.475779997149203, -24.062160000883367 ], [ 28.476179996709522, -24.061750002660521 ], [ 28.476699999105776, -24.061270001209582 ], [ 28.476950001641338, -24.061040003193668 ], [ 28.477030004431153, -24.060929999020246 ], [ 28.477099998666095, -24.060780001995489 ], [ 28.477120003185647, -24.060580006262271 ], [ 28.477099998666095, -24.060420003380482 ], [ 28.477049999957543, -24.060340000590578 ], [ 28.477030004431153, -24.060300001443924 ], [ 28.476960000303858, -24.060169991851669 ], [ 28.476889997075755, -24.060049998008989 ], [ 28.476820001941533, -24.059980001975575 ], [ 28.476749997814149, -24.059900000984317 ], [ 28.476590003026242, -24.059760001722715 ], [ 28.476370002773471, -24.059630002023003 ], [ 28.476139995764211, -24.059519996950307 ], [ 28.476010004158375, -24.059490002761478 ], [ 28.475750002960293, -24.059400003107701 ], [ 28.475429997196628, -24.059280001171143 ], [ 28.475289997935111, -24.059209997043755 ], [ 28.475140009004235, -24.059100000964303 ], [ 28.475000001648837, -24.058979999027748 ], [ 28.474929999320103, -24.058889999373978 ], [ 28.47483999876696, -24.058790001057762 ], [ 28.474749999113186, -24.058679996884354 ], [ 28.474669998121932, -24.05856000304167 ], [ 28.474579997568878, -24.058420003780146 ], [ 28.474510003334025, -24.05831999826934 ], [ 28.474460003726193, -24.058229997716293 ], [ 28.47442000278097, -24.058160002582067 ], [ 28.474359998215387, -24.058040000645505 ], [ 28.474279988230972, -24.05786000133795 ], [ 28.474089998354785, -24.057479998203398 ], [ 28.474030000983802, -24.057299997996477 ], [ 28.47398000227534, -24.05715999873496 ], [ 28.473949999992548, -24.057079997743717 ], [ 28.473930002667508, -24.057010002609577 ], [ 28.473850001676254, -24.056800000119956 ], [ 28.473810000731032, -24.056710001365552 ], [ 28.473699996557617, -24.056490000213316 ], [ 28.473590001377453, -24.056289989191711 ], [ 28.473490003061244, -24.056090000652993 ], [ 28.47334999570576, -24.055780000746456 ], [ 28.473299988903417, -24.055650000147462 ], [ 28.473179995060732, -24.055439997657835 ], [ 28.473029998036065, -24.055189995122188 ], [ 28.472979999327514, -24.05507999904275 ], [ 28.472899997436979, -24.054939999781226 ], [ 28.472809989689324, -24.054800002318267 ], [ 28.472770004931775, -24.054729998190883 ], [ 28.472629997576377, -24.054530001558383 ], [ 28.472439999606397, -24.054260002597065 ], [ 28.472199995733266, -24.053960001353047 ], [ 28.472009997763198, -24.053749998863413 ], [ 28.471779999747277, -24.053569999555869 ], [ 28.471550000831897, -24.053409996673999 ], [ 28.471370002423718, -24.053349999303013 ], [ 28.47120999774328, -24.053299999695273 ], [ 28.471050002955373, -24.05329999969527 ], [ 28.470770006230811, -24.053340000640496 ], [ 28.47052000279588, -24.053420003430404 ], [ 28.470270000260406, -24.053590004075424 ], [ 28.469979996779532, -24.053799990377286 ], [ 28.469680002730019, -24.054029997386447 ], [ 28.469330001878163, -24.054310002204812 ], [ 28.469089997105751, -24.054500000174876 ], [ 28.468869996852892, -24.054670000819907 ], [ 28.468670001119762, -24.054829995607811 ], [ 28.468390004395289, -24.055030000334281 ], [ 28.468140000960357, -24.055189995122188 ], [ 28.468040002644063, -24.055219998304263 ], [ 28.467919999808217, -24.055280002869846 ], [ 28.467719996880398, -24.055349998004068 ], [ 28.467510001585378, -24.055389998949288 ], [ 28.467430000594124, -24.055410002569644 ], [ 28.467370004122422, -24.055429999894603 ], [ 28.46711000292434, -24.055429999894596 ], [ 28.467009997413534, -24.055439997657839 ], [ 28.46690999909724, -24.055460002177391 ], [ 28.466789996261394, -24.055479998603062 ], [ 28.4666899979451, -24.05550000312261 ], [ 28.466540001819713, -24.055569999156116 ], [ 28.466389996700986, -24.055650000147462 ], [ 28.466209997393527, -24.05582000079249 ], [ 28.465790008602049, -24.05621000258957 ], [ 28.465499997027294, -24.056480001550803 ], [ 28.465089998804455, -24.056819997444986 ], [ 28.464730000189448, -24.057100002263347 ], [ 28.464590001827123, -24.057240000625576 ], [ 28.4643499970548, -24.05752999691186 ], [ 28.464219995556434, -24.057709996219401 ], [ 28.464190002266804, -24.057739999401477 ], [ 28.464169996847971, -24.0577800003467 ], [ 28.463989998439704, -24.057969997417487 ], [ 28.463809998232875, -24.058130008393157 ], [ 28.463759998625132, -24.058160002582074 ], [ 28.463729997241622, -24.058179999007738 ], [ 28.463560003791194, -24.058189997670258 ], [ 28.463369997727245, -24.058179999007734 ], [ 28.46328999583671, -24.058179999007741 ], [ 28.463179999757266, -24.058149996724943 ], [ 28.463080002340252, -24.058120001636752 ], [ 28.462950001741255, -24.058099998016569 ], [ 28.462849996230361, -24.058059997071258 ], [ 28.462659998260293, -24.057990001937039 ], [ 28.462479990858952, -24.057910000046512 ], [ 28.46240000515618, -24.057839996818402 ], [ 28.462140003958009, -24.057640009179064 ], [ 28.461809998632631, -24.057370002123857 ], [ 28.461679998932915, -24.057299997996477 ], [ 28.461509998287887, -24.057219997005312 ], [ 28.461440002254296, -24.057180004153885 ], [ 28.461059999119737, -24.056999995853083 ], [ 28.46070999826788, -24.056840001065176 ], [ 28.460500003872141, -24.056790002356806 ], [ 28.460280003619371, -24.05674000274897 ], [ 28.460179998108476, -24.056710001365548 ], [ 28.460070002029031, -24.05667999818338 ], [ 28.45984000311374, -24.056530001158634 ], [ 28.459800002168429, -24.056499998875832 ], [ 28.459379998088469, -24.05614999802399 ], [ 28.459079995945075, -24.055850003974559 ], [ 28.458920001157168, -24.055709996619072 ], [ 28.458790000558082, -24.055590002776391 ], [ 28.458719997330068, -24.055510000885853 ], [ 28.458719997330068, -24.055479998603065 ], [ 28.458709998667548, -24.055389998949284 ], [ 28.458669997722236, -24.055259998350291 ], [ 28.458640004432695, -24.055150010364734 ], [ 28.458640004432695, -24.054869996553123 ], [ 28.458629997676294, -24.054629999874681 ], [ 28.458640004432695, -24.054589998929281 ], [ 28.458679997284126, -24.054339997292999 ], [ 28.458679997284126, -24.054209995794718 ], [ 28.458700000904308, -24.054099999715191 ], [ 28.45874000184962, -24.053929999070164 ], [ 28.45876999603853, -24.053799990377286 ], [ 28.458820002840962, -24.053609999601807 ], [ 28.458899996637527, -24.053380001585804 ], [ 28.458910003394017, -24.05329999969527 ], [ 28.458960002102479, -24.053110002624571 ], [ 28.459009992717061, -24.052949999742697 ], [ 28.459009992717061, -24.05284000276388 ], [ 28.459019998574181, -24.052779990104497 ], [ 28.459040003993014, -24.052639999836156 ], [ 28.459060000418773, -24.052490002811393 ], [ 28.459060000418773, -24.052440004102934 ], [ 28.459100001364085, -24.05231000260456 ], [ 28.459150000072459, -24.052079997394042 ], [ 28.459140002309308, -24.051970000415231 ], [ 28.459140002309308, -24.051679996934265 ], [ 28.459130002747507, -24.051529999909601 ], [ 28.459130002747507, -24.051399999310515 ], [ 28.459209997443441, -24.051160002631981 ], [ 28.459289998434695, -24.05086000138796 ], [ 28.459350003899559, -24.050649998898336 ], [ 28.45941000127063, -24.050509999636819 ], [ 28.45940000260811, -24.050479997354032 ], [ 28.459389995851708, -24.050429998645562 ], [ 28.45941000127063, -24.050379999937014 ], [ 28.45941000127063, -24.050259997101165 ], [ 28.459440002654052, -24.050050002705433 ], [ 28.45942999679702, -24.049989998139935 ], [ 28.459469997742243, -24.049899997586792 ], [ 28.459509998687555, -24.049760007318437 ], [ 28.459540000970346, -24.049689995996538 ], [ 28.459570004152418, -24.0495799999171 ], [ 28.459609997003849, -24.049419997035304 ], [ 28.459639999286551, -24.049270008104443 ], [ 28.459660003806192, -24.049220001302089 ], [ 28.459680000231863, -24.048860001787624 ], [ 28.459689997995014, -24.048510000935853 ], [ 28.459670001569343, -24.048439997707753 ], [ 28.459660003806192, -24.048349998053979 ], [ 28.459609997003849, -24.048240001974531 ], [ 28.459549999632866, -24.048140003658236 ], [ 28.45942999679702, -24.048039998147434 ], [ 28.459239998826952, -24.047909996649071 ], [ 28.459169995598849, -24.047880003359438 ], [ 28.459109999127236, -24.047869996603129 ], [ 28.458870002448705, -24.047810000131427 ], [ 28.458530000259369, -24.047769999186109 ], [ 28.458369997377492, -24.047769999186105 ], [ 28.458260000398766, -24.047719999578277 ], [ 28.458049997909146, -24.047639997687753 ], [ 28.457869998601598, -24.047580001216129 ], [ 28.457559998695054, -24.047390003246075 ], [ 28.457360002961835, -24.047260002647068 ], [ 28.457329999779763, -24.047239998127424 ], [ 28.45705000305529, -24.047019997874564 ], [ 28.456759998675047, -24.046789999858646 ], [ 28.456719997729735, -24.046770003432972 ], [ 28.45662999897533, -24.046690002441636 ], [ 28.456340002689057, -24.046519999998043 ], [ 28.455989993743319, -24.046309998407708 ], [ 28.455850002575595, -24.04621999875393 ], [ 28.455789998010101, -24.046200002328256 ], [ 28.455720002875879, -24.046170000045461 ], [ 28.455640000985255, -24.046139996863399 ], [ 28.455510001285539, -24.046070001729262 ], [ 28.455420000732484, -24.046009997163676 ], [ 28.455169998196922, -24.045940001130177 ], [ 28.454880002809929, -24.045869997902162 ], [ 28.454790003156155, -24.045829996956769 ], [ 28.454710001265621, -24.045810001430453 ], [ 28.454539999721224, -24.045769999585865 ], [ 28.454339995894124, -24.045729998640553 ], [ 28.45423999757783, -24.045720000877321 ], [ 28.454130002397754, -24.045750003160204 ], [ 28.453900004381744, -24.045754998894068 ], [ 28.453849996680031, -24.045760001822625 ], [ 28.453730001938066, -24.045739997303073 ], [ 28.453539996773486, -24.045689997695252 ], [ 28.453240002723973, -24.04559000027832 ], [ 28.453190004015511, -24.045570003852646 ], [ 28.453020001571833, -24.045530002907341 ], [ 28.4527500026106, -24.045429989302558 ], [ 28.452580001965572, -24.045370000025557 ], [ 28.452500000075037, -24.045349996405193 ], [ 28.452379998138472, -24.045299996797446 ], [ 28.452180002405253, -24.045190000718009 ], [ 28.451989996341304, -24.045019999173604 ], [ 28.451849997979068, -24.044830001203625 ], [ 28.451799999270605, -24.044719997030295 ], [ 28.451780001945565, -24.044549996385271 ], [ 28.451769996088533, -24.04436999707772 ], [ 28.451799999270605, -24.044200002727923 ], [ 28.451839999316547, -24.04400999756335 ], [ 28.451830000654027, -24.04393000376669 ], [ 28.451820002890877, -24.043710004413199 ], [ 28.451799999270605, -24.043540001969522 ], [ 28.451759998325294, -24.043410002269813 ], [ 28.451660000008999, -24.043219996205867 ], [ 28.451600002638106, -24.043159998834881 ], [ 28.451499997127211, -24.043110000126418 ], [ 28.451139997612835, -24.042989998189846 ], [ 28.450879997314033, -24.042909996299318 ], [ 28.45084000356341, -24.042920002156436 ], [ 28.450720001626845, -24.042939991387509 ], [ 28.45063999164234, -24.042949997244623 ], [ 28.450530003656777, -24.042970000864809 ], [ 28.450420000382731, -24.043039996898404 ], [ 28.450379999437509, -24.043079996944346 ], [ 28.450349996255436, -24.0430699991811 ], [ 28.450320002066526, -24.043069999181107 ], [ 28.450230002412752, -24.043129995652809 ], [ 28.449949996695029, -24.043270003008196 ], [ 28.449700002253348, -24.043400003607292 ], [ 28.449589998080022, -24.043450003215121 ], [ 28.449030002832426, -24.043739997702751 ], [ 28.448730000689032, -24.043900000584618 ], [ 28.448420000782487, -24.044070003028295 ], [ 28.448339998891864, -24.044080000791446 ], [ 28.448270003757731, -24.044120001736673 ], [ 28.448169998246925, -24.044170001344504 ], [ 28.448100003112703, -24.044220000052963 ], [ 28.447999996702528, -24.044279997423949 ], [ 28.447809998732549, -24.044340001989529 ], [ 28.447700002653015, -24.044380002934847 ], [ 28.447490001062764, -24.044480001251134 ], [ 28.447220002101442, -24.044610000950765 ], [ 28.447140000210908, -24.044629998275813 ], [ 28.447080002839925, -24.044650001896077 ], [ 28.44695000224084, -24.044679996984268 ], [ 28.446770002933381, -24.044730003786615 ], [ 28.446650000097446, -24.044769995738669 ], [ 28.446550001781151, -24.044780009689667 ], [ 28.446470000789898, -24.044809996684073 ], [ 28.44633000242775, -24.044920000857399 ], [ 28.446079998992818, -24.045159998435206 ], [ 28.445850000976808, -24.045450001916084 ], [ 28.445729999040243, -24.045609996703988 ], [ 28.445549998833414, -24.045800009962448 ], [ 28.445379998188386, -24.045989999838639 ], [ 28.445260003446421, -24.04616000138304 ], [ 28.445159997036246, -24.046329994833378 ], [ 28.445109998327872, -24.046499996377765 ], [ 28.445059999619321, -24.046690002441636 ], [ 28.44504000319365, -24.046969999166198 ], [ 28.444969999965547, -24.047400001908578 ], [ 28.444920001257085, -24.047580001216129 ], [ 28.444899995838163, -24.047620002161452 ], [ 28.444860003886102, -24.047779996949355 ], [ 28.444809997083759, -24.047999997202123 ], [ 28.444789999758719, -24.048129997801208 ], [ 28.444759990281415, -24.048299999345524 ], [ 28.444730003287106, -24.048450003564877 ], [ 28.444720004624585, -24.048529998260896 ], [ 28.444690002341794, -24.048630002872329 ], [ 28.444669997822153, -24.048699998905835 ], [ 28.444539997223156, -24.04886000178762 ], [ 28.444330002827417, -24.049059998420208 ], [ 28.444189997270581, -24.049120002985791 ], [ 28.444030000684023, -24.049170001694257 ], [ 28.44396999611844, -24.049210002639569 ], [ 28.443919997409978, -24.049220001302086 ], [ 28.443860000038995, -24.049220001302086 ], [ 28.443710003014328, -24.049250002685504 ], [ 28.443609996604064, -24.049260002247316 ], [ 28.443490002761468, -24.049260002247305 ], [ 28.443199999280594, -24.049239996828387 ], [ 28.442960002602064, -24.049210002639569 ], [ 28.442910003893601, -24.049180000356785 ], [ 28.442849999328107, -24.049160003931021 ], [ 28.442740002349293, -24.049109997128674 ], [ 28.442440001105268, -24.048960000103921 ], [ 28.442369996977884, -24.048929996921849 ], [ 28.442309992412302, -24.048889996875904 ], [ 28.442210002189888, -24.048819992748435 ], [ 28.442019996125939, -24.048669995723763 ], [ 28.441900002283344, -24.048540004117928 ], [ 28.441540002768967, -24.048179997408948 ], [ 28.441370002123939, -24.047999997202126 ], [ 28.441190001917111, -24.047760007718196 ], [ 28.441140003208648, -24.047660003106667 ], [ 28.441119998689008, -24.047599996742427 ], [ 28.441079997743785, -24.047520003845154 ], [ 28.441060002217394, -24.047459999279567 ], [ 28.441029999035234, -24.047400001908589 ], [ 28.440989998090011, -24.047300003592294 ], [ 28.44093999938146, -24.047149999373023 ], [ 28.44093999938146, -24.047059998819968 ], [ 28.440909997098757, -24.046929998220879 ], [ 28.440889999773717, -24.046759996676574 ], [ 28.440880002010566, -24.046510002234808 ], [ 28.440849999727774, -24.04621000009141 ], [ 28.440830003302015, -24.045980002075492 ], [ 28.440799992925431, -24.045839994720001 ], [ 28.440729996891928, -24.045660004405701 ], [ 28.440650003994556, -24.045419998734015 ], [ 28.440629998575634, -24.045239999426471 ], [ 28.440620000812395, -24.045190000718005 ], [ 28.440610003049244, -24.045109998827378 ], [ 28.440610003049244, -24.044989996890909 ], [ 28.440579999867172, -24.044900005331009 ], [ 28.440570002104021, -24.044859996291816 ], [ 28.44052000339547, -24.044740002449132 ], [ 28.440469995693757, -24.044629998275813 ], [ 28.440440002404216, -24.044560002242392 ], [ 28.440340004087922, -24.044430001643306 ], [ 28.440180001206134, -24.044269998761429 ], [ 28.439979997379034, -24.044149995925583 ], [ 28.439870001299589, -24.044110003074241 ], [ 28.439680003329521, -24.044080000791446 ], [ 28.43946000217738, -24.044030002082895 ], [ 28.439410004368288, -24.04400999756335 ], [ 28.439340000240904, -24.043999998900826 ], [ 28.439280002869921, -24.043990001137676 ], [ 28.438779996899338, -24.04400999756335 ], [ 28.438760008567638, -24.043990001137679 ], [ 28.438729998190965, -24.043990001137672 ], [ 28.438689998144934, -24.04399999890083 ], [ 28.43842998885297, -24.043999998900826 ], [ 28.438230001213633, -24.043990001137679 ], [ 28.438010000061492, -24.044020004319744 ], [ 28.437799997571872, -24.044049997609292 ], [ 28.437759996626561, -24.044030002082899 ], [ 28.437660000109005, -24.044020004319741 ], [ 28.437579998218382, -24.044020004319748 ], [ 28.437210000940855, -24.044039999846138 ], [ 28.437060003916098, -24.044070003028299 ], [ 28.436839995569446, -24.044070003028299 ], [ 28.436569995708755, -24.044020004319741 ], [ 28.436369999975536, -24.043959990761003 ], [ 28.436309995410042, -24.043940002429217 ], [ 28.436220002950868, -24.043920006003461 ], [ 28.436130004196375, -24.043890002821385 ], [ 28.436069998731512, -24.043860001437878 ], [ 28.435930000369275, -24.043839996019038 ], [ 28.435730003736776, -24.043829998255802 ], [ 28.435510004383286, -24.043810001830124 ], [ 28.435309999656816, -24.043789997310483 ], [ 28.435200003577371, -24.043779998648063 ], [ 28.435120001686748, -24.043760003121665 ], [ 28.434890003670738, -24.043689998994289 ], [ 28.434619995716254, -24.043569997057716 ], [ 28.434529996961849, -24.043500001923583 ], [ 28.434509999636809, -24.043460000978268 ], [ 28.434460000928347, -24.043390004944769 ], [ 28.434379999937093, -24.043259997151171 ], [ 28.434360002612053, -24.04315000107173 ], [ 28.434259997101247, -24.042809997983024 ], [ 28.434240000675487, -24.042660000958268 ], [ 28.434180004203874, -24.042489992219359 ], [ 28.434150001021802, -24.042419997085229 ], [ 28.434140003258651, -24.04236999837676 ], [ 28.43411000007649, -24.042289995586856 ], [ 28.434070000030548, -24.042170001744172 ], [ 28.433980000376774, -24.042019996625626 ], [ 28.43388000206048, -24.041839997318071 ], [ 28.433790002406706, -24.041680001630798 ], [ 28.433760000124003, -24.041609999301979 ], [ 28.433660001807709, -24.041460002277319 ], [ 28.433530001208624, -24.041249999787695 ], [ 28.433480001600881, -24.041160000133917 ], [ 28.433449992123489, -24.041069999580859 ], [ 28.433359999664315, -24.040909996698982 ], [ 28.433279997773781, -24.040779996999262 ], [ 28.433149998073976, -24.04058000126604 ], [ 28.432990003286069, -24.04036999877642 ], [ 28.432929996921835, -24.040310002304725 ], [ 28.432900002733014, -24.040239998177423 ], [ 28.432759996276808, -24.040059998869882 ], [ 28.43260000058962, -24.039860003136667 ], [ 28.432569998306828, -24.0397999976718 ], [ 28.432469992795934, -24.039650000647043 ], [ 28.432370002573609, -24.039469993245618 ], [ 28.432330001628298, -24.039359997166169 ], [ 28.432309997108746, -24.039259998849868 ], [ 28.432249999737763, -24.039139996913306 ], [ 28.432160000083989, -24.03893000341694 ], [ 28.432120000038047, -24.038800001918574 ], [ 28.432100002713007, -24.038639999036704 ], [ 28.432129997801198, -24.038419998783919 ], [ 28.432200001029301, -24.038209997193675 ], [ 28.432320003865147, -24.038010000561091 ], [ 28.432449996370263, -24.037860004435696 ], [ 28.432529998260886, -24.037790000308316 ], [ 28.432640002434212, -24.037740001599765 ], [ 28.432730002087986, -24.037690002891306 ], [ 28.432940003678237, -24.037579997818696 ], [ 28.432990003286069, -24.037579997818696 ], [ 28.433049999757682, -24.037570000055538 ], [ 28.433160003931096, -24.037509994590597 ], [ 28.433379996089986, -24.037409997173668 ], [ 28.433729996941842, -24.037269997912066 ], [ 28.433870004297329, -24.037210001440442 ], [ 28.433949997194613, -24.037179999157654 ], [ 28.434309995809709, -24.036999998950833 ], [ 28.434479998253387, -24.036930003816611 ], [ 28.434600000189864, -24.036890002871388 ], [ 28.434680001181206, -24.036859999689224 ], [ 28.434900002333258, -24.036720002226357 ], [ 28.435089999403957, -24.036590000727994 ], [ 28.435149996775028, -24.03658000296484 ], [ 28.435329996082487, -24.036479996554572 ], [ 28.435489998964364, -24.036360002711977 ], [ 28.435619999563361, -24.036259997201086 ], [ 28.435740002399296, -24.03615999888488 ], [ 28.435970001314587, -24.035989997340486 ], [ 28.436159998385286, -24.035859996741493 ], [ 28.436270009753212, -24.035759999324565 ], [ 28.436540002419214, -24.035520001746754 ], [ 28.436699997207121, -24.035390002047034 ], [ 28.436760009866585, -24.035310000156414 ], [ 28.436860000088998, -24.035109996329222 ], [ 28.436900001034221, -24.034980011918076 ], [ 28.436900001034221, -24.034820000942315 ], [ 28.436890002371701, -24.034659998060445 ], [ 28.436850002325759, -24.034570005601271 ], [ 28.436699997207121, -24.034380000436688 ], [ 28.436590001127676, -24.034240001175167 ], [ 28.436550000182454, -24.034190001567339 ], [ 28.436450001866159, -24.034050004104387 ], [ 28.436369999975536, -24.033899998985746 ], [ 28.436329999929594, -24.033779996149899 ], [ 28.436299996747522, -24.033660002307304 ], [ 28.43625999580221, -24.033559995897132 ], [ 28.436230001613389, -24.033459997580835 ], [ 28.436209997093748, -24.033300002792934 ], [ 28.436209997093748, -24.03314999767429 ], [ 28.436190000668077, -24.033050000257361 ], [ 28.436180002904837, -24.032910001895043 ], [ 28.436190000668077, -24.03279999682243 ], [ 28.436169997047806, -24.032770002633523 ], [ 28.436159998385286, -24.032680002979749 ], [ 28.436159998385286, -24.032590003325971 ], [ 28.436169997047806, -24.032479999152645 ], [ 28.436190000668077, -24.032410004018423 ], [ 28.436180002904837, -24.032370003073204 ], [ 28.436149999722765, -24.03222999571771 ], [ 28.436130004196375, -24.032080006786931 ], [ 28.436130004196375, -24.031999997701799 ], [ 28.436109998777454, -24.031930001668201 ], [ 28.436090003251064, -24.031900000284782 ], [ 28.436100001014303, -24.031760001023269 ], [ 28.436100001014303, -24.031620001761656 ], [ 28.436069998731512, -24.031549999432926 ], [ 28.436050002305841, -24.031459998879868 ], [ 28.436000002698009, -24.031329999180155 ], [ 28.435979999077738, -24.031260003146652 ], [ 28.435900005281084, -24.031119996690535 ], [ 28.43581999619586, -24.030969999665782 ], [ 28.435660001407953, -24.030770003932556 ], [ 28.435430001593382, -24.030550003679782 ], [ 28.435200003577371, -24.030389999898635 ], [ 28.434959990711079, -24.030240003773152 ], [ 28.4347399985521, -24.030089998654521 ], [ 28.434640001135264, -24.030049997709202 ], [ 28.434600000189864, -24.030020002621015 ], [ 28.434159998784953, -24.029829998355716 ], [ 28.434070000030548, -24.029800003267518 ], [ 28.433710001415452, -24.029659995912123 ], [ 28.433610003099247, -24.029629993629335 ], [ 28.43345999798052, -24.029599999440428 ], [ 28.433379996089986, -24.029580003014757 ], [ 28.433319998719004, -24.029569997157637 ], [ 28.433170001694336, -24.029540002069442 ], [ 28.432920007252566, -24.029519998449171 ], [ 28.432699998905914, -24.029500001124219 ], [ 28.432640002434212, -24.02950999888737 ], [ 28.432500003172695, -24.029500001124223 ], [ 28.432240001974524, -24.029490003360984 ], [ 28.431900006979788, -24.029479996604589 ], [ 28.431670000869897, -24.029460000178901 ], [ 28.431589998979362, -24.029450002415668 ], [ 28.431440001954606, -24.029420000132969 ], [ 28.43133999734308, -24.029389996950805 ], [ 28.431260002647058, -24.02936000186261 ], [ 28.431149999373012, -24.029289998634603 ], [ 28.431010000111495, -24.029180002555151 ], [ 28.430920007652233, -24.029119997989582 ], [ 28.43088000041169, -24.029090002901388 ], [ 28.430780002095485, -24.028939997782651 ], [ 28.430650000597119, -24.028740002049428 ], [ 28.430579998268385, -24.0286100104436 ], [ 28.430489997715242, -24.028409997623339 ], [ 28.430439999006779, -24.028269999261099 ], [ 28.43043000933751, -24.02821000189012 ], [ 28.430409995824707, -24.028109996379222 ], [ 28.430370003872646, -24.027969997117705 ], [ 28.430330002927334, -24.027810002329797 ], [ 28.430309998407783, -24.027710004013507 ], [ 28.430319997070303, -24.027629994928375 ], [ 28.430299999745174, -24.027550001131637 ], [ 28.430280004218872, -24.02742000143191 ], [ 28.430290001982023, -24.027299997696698 ], [ 28.43024000327356, -24.027110000626088 ], [ 28.430200002328338, -24.026949997744211 ], [ 28.430200002328338, -24.02685000032729 ], [ 28.430160002282307, -24.026759999774232 ], [ 28.430129999100235, -24.026649995600813 ], [ 28.430129999100235, -24.026589999129207 ], [ 28.430089998154923, -24.026520003095705 ], [ 28.430060003966013, -24.02640999892229 ], [ 28.429999997601868, -24.026239990183381 ], [ 28.429949998893406, -24.026090001252587 ], [ 28.429939993036285, -24.026019997125207 ], [ 28.429890002421704, -24.025759995927121 ], [ 28.429850000577112, -24.025500002822831 ], [ 28.429840002813961, -24.025460002776892 ], [ 28.429840002813961, -24.02541000406843 ], [ 28.429810001430539, -24.025299998995735 ], [ 28.429779998248378, -24.025139996113946 ], [ 28.429729998640635, -24.025020002271265 ], [ 28.429729998640635, -24.02494999904324 ], [ 28.429720000877396, -24.024909998097929 ], [ 28.429689997695235, -24.024760001073275 ], [ 28.429660004405694, -24.024620001811662 ], [ 28.429660004405694, -24.024580000866351 ], [ 28.429630001223622, -24.024469996693018 ], [ 28.429639998986861, -24.024440003403488 ], [ 28.42959000027831, -24.024379997938624 ], [ 28.429530002907327, -24.024240006770892 ], [ 28.429469998341833, -24.024029997086672 ], [ 28.42937999778869, -24.023659999809144 ], [ 28.429310002654557, -24.023349999003234 ], [ 28.429289999034285, -24.023250001586305 ], [ 28.429299996797436, -24.023169999695781 ], [ 28.429259995852213, -24.02306000361633 ], [ 28.429209997143662, -24.022909999396973 ], [ 28.429180002055471, -24.022800003317524 ], [ 28.429149999772768, -24.02271000276448 ], [ 28.429140002009529, -24.022640000435651 ], [ 28.429130003347009, -24.022549999882592 ], [ 28.429119996590607, -24.022479996654493 ], [ 28.429109998827457, -24.022400002857843 ], [ 28.429100001064217, -24.022299997347037 ], [ 28.429090003301067, -24.021989997440397 ], [ 28.429060000118994, -24.021830001753212 ], [ 28.429050002355755, -24.021750007956562 ], [ 28.429040003693235, -24.021690003390972 ], [ 28.429019999173683, -24.021650002445668 ], [ 28.428989996890891, -24.021480000901356 ], [ 28.428939998182429, -24.021229998365786 ], [ 28.428910003094238, -24.021049999058246 ], [ 28.428870002148926, -24.020940002978794 ], [ 28.428859996291894, -24.020879996614571 ], [ 28.428849997629374, -24.020749996914855 ], [ 28.428830002102984, -24.020609997653242 ], [ 28.428799998920823, -24.020460000628578 ], [ 28.42873000378669, -24.020270002658506 ], [ 28.428679996984346, -24.020169998046981 ], [ 28.428679996984346, -24.02014000295879 ], [ 28.428669999221107, -24.020069999730691 ], [ 28.428600003187604, -24.019920002706019 ], [ 28.428539997722829, -24.019759999824149 ], [ 28.427919997909651, -24.019080001740704 ], [ 28.427339999041784, -24.018429999644727 ], [ 28.427270003008282, -24.018349997754196 ], [ 28.427199999780179, -24.018259998100429 ], [ 28.426970000864888, -24.017999996902343 ], [ 28.426750000612117, -24.017760001123186 ], [ 28.426679998283383, -24.017660002806892 ], [ 28.426520002596106, -24.017450001216638 ], [ 28.426409999322061, -24.017310001955032 ], [ 28.426369998376835, -24.017239998726929 ], [ 28.426250002735504, -24.017149999073151 ], [ 28.426160003981099, -24.017000002048491 ], [ 28.426060005664805, -24.016780001795716 ], [ 28.426000001099222, -24.016659998959877 ], [ 28.426000001099222, -24.016460003226562 ], [ 28.425990002436702, -24.016349999053233 ], [ 28.426020004719494, -24.016260000298832 ], [ 28.426049999807685, -24.016150003320018 ], [ 28.426070004327325, -24.016070002328767 ], [ 28.426109997178667, -24.015930003067158 ], [ 28.426199996832441, -24.015549999932514 ], [ 28.426239996878383, -24.015400002907835 ], [ 28.426260002297305, -24.015369999725682 ], [ 28.426250002735504, -24.015280000071996 ], [ 28.426279997823695, -24.015119997190119 ], [ 28.426300002343247, -24.014979998827883 ], [ 28.426270000060544, -24.0147900008579 ], [ 28.426239996878383, -24.014650001596298 ], [ 28.426210002689473, -24.014520001896578 ], [ 28.42617000174425, -24.01435000035228 ], [ 28.426160003981099, -24.014269999361016 ], [ 28.426130000798938, -24.014049999108153 ], [ 28.426089999853716, -24.013829997956112 ], [ 28.426080002090476, -24.013749996964858 ], [ 28.426070004327325, -24.013640000885324 ], [ 28.426030003382014, -24.013550001231543 ], [ 28.426009998862373, -24.013490003860653 ], [ 28.426000001099222, -24.013450002915341 ], [ 28.425979995680301, -24.013330000079488 ], [ 28.42595000239076, -24.013240001325002 ], [ 28.42594001092284, -24.013109999826636 ], [ 28.425929996971838, -24.012870003148109 ], [ 28.425910001445448, -24.01272999669207 ], [ 28.425850004074466, -24.012499997776693 ], [ 28.425829998655544, -24.012430002642557 ], [ 28.425810003129154, -24.012350000751944 ], [ 28.425810003129154, -24.012180000106909 ], [ 28.425829998655544, -24.01213999916169 ], [ 28.425829998655544, -24.012070004027468 ], [ 28.425860001837705, -24.012000000799361 ], [ 28.425910001445448, -24.011820000592625 ], [ 28.425919999208688, -24.011779999647317 ], [ 28.425929996971838, -24.011699998656052 ], [ 28.42594001092284, -24.011609999002282 ], [ 28.425929996971838, -24.011290001332501 ], [ 28.425929996971838, -24.011020002371183 ], [ 28.425889996026527, -24.010859997690744 ], [ 28.425860001837705, -24.01070000290283 ], [ 28.425850004074466, -24.010649996100401 ], [ 28.425820000892394, -24.010469996792946 ], [ 28.425799997272122, -24.010239997877562 ], [ 28.425789998609602, -24.010149999123247 ], [ 28.425770002183931, -24.010019997624795 ], [ 28.425760004420781, -24.009879999262562 ], [ 28.42574999766429, -24.009789999608788 ], [ 28.42573999990114, -24.009749998663469 ], [ 28.425720002576099, -24.009680002630052 ], [ 28.425709996719068, -24.00956999935601 ], [ 28.425699998955828, -24.009479999702236 ], [ 28.425680001630877, -24.009340001340004 ], [ 28.425669995773756, -24.009300000394688 ], [ 28.425640001584846, -24.009070002378767 ], [ 28.425640001584846, -24.009039999196606 ], [ 28.425630002922325, -24.008969995968499 ], [ 28.425429999095225, -24.007520001047219 ], [ 28.425420001332075, -24.007399999110739 ], [ 28.425410002669555, -24.00725000208589 ], [ 28.425385004214604, -24.007189996621033 ], [ 28.425320003015781, -24.006980003124664 ], [ 28.425299999395509, -24.006850001626297 ], [ 28.425269996213348, -24.006749996115492 ], [ 28.425230004261287, -24.006580002664972 ], [ 28.425200001079215, -24.006460000728502 ], [ 28.425169997897143, -24.006410002020036 ], [ 28.425079991048769, -24.006320002366259 ], [ 28.424939999881133, -24.006249999138156 ], [ 28.424769999236105, -24.006219995956084 ], [ 28.424649996400259, -24.006209998192933 ], [ 28.424570002603605, -24.006230001813122 ], [ 28.424499999375502, -24.006239999576358 ], [ 28.424409999721817, -24.006249999138156 ], [ 28.424329997831194, -24.006270002758427 ], [ 28.424040002444201, -24.006259996901388 ], [ 28.423579998318299, -24.006230001813122 ], [ 28.423309997558416, -24.00618000310465 ], [ 28.423210000141491, -24.006159998585101 ], [ 28.423030000833943, -24.006079996694481 ], [ 28.422869997952066, -24.006000003797194 ], [ 28.422710003164159, -24.005929999669807 ], [ 28.422509999337059, -24.005819996395676 ], [ 28.422379997838693, -24.005660000708481 ], [ 28.422249998138977, -24.005440001354998 ], [ 28.422140001160162, -24.005189997920066 ], [ 28.422069997932148, -24.004950001241625 ], [ 28.422010000561077, -24.004799997022264 ], [ 28.421960001852614, -24.004699998705973 ], [ 28.421929998670542, -24.004630002672563 ], [ 28.421870002198929, -24.004479997553833 ], [ 28.421759998025514, -24.004179996309805 ], [ 28.421629998325798, -24.003930001868127 ], [ 28.421570008149416, -24.003849999977593 ], [ 28.421550003629775, -24.003819996795436 ], [ 28.421440000355819, -24.003589998779415 ], [ 28.421330004276374, -24.003369999425928 ], [ 28.42126000014899, -24.003239997927562 ], [ 28.421170001394497, -24.003050008051467 ], [ 28.421080008935323, -24.002889997075709 ], [ 28.421039999896131, -24.002799998321311 ], [ 28.421020004369741, -24.002730002287802 ], [ 28.420980003424429, -24.002629995877623 ], [ 28.420950000242357, -24.002550002980254 ], [ 28.420940001579837, -24.002510002034935 ], [ 28.420910000196415, -24.002460003326565 ], [ 28.420869999251103, -24.002399997861616 ], [ 28.420819999643271, -24.002309998207846 ], [ 28.420550007876638, -24.002030000584085 ], [ 28.420219988161971, -24.001689998394752 ], [ 28.420039996948304, -24.001519996850359 ], [ 28.419819995796253, -24.001310003353986 ], [ 28.419639997387986, -24.001140000910308 ], [ 28.419260001447938, -24.000780002295301 ], [ 28.418919999258602, -24.000359998215348 ], [ 28.418799996422756, -24.000179998907797 ], [ 28.418629994878447, -23.999879996764403 ], [ 28.418569998406745, -23.999770000684954 ], [ 28.41845000366478, -23.999619995566398 ], [ 28.418190003365979, -23.999360003361488 ], [ 28.417949997694286, -23.999159998635019 ], [ 28.417850000277362, -23.999060001218087 ], [ 28.417759999724218, -23.999010001610344 ], [ 28.417620001361982, -23.998949997044765 ], [ 28.417509997188656, -23.998939998382244 ], [ 28.417400001109211, -23.998910004193334 ], [ 28.417350002400749, -23.998880001011266 ], [ 28.417200005375992, -23.998870003248019 ], [ 28.417029995737803, -23.998840000065943 ], [ 28.416960000603581, -23.998819996445768 ], [ 28.416820002241344, -23.99876999683794 ], [ 28.416680002979827, -23.99868000527804 ], [ 28.41652999786119, -23.998589998429669 ], [ 28.416399998161385, -23.998490000113371 ], [ 28.41629999984518, -23.998419995985991 ], [ 28.416180005103215, -23.998329997231579 ], [ 28.416049997309617, -23.99819999573322 ], [ 28.415909998048011, -23.998019997325045 ], [ 28.415840002913878, -23.997910000346231 ], [ 28.415840002913878, -23.997829999355055 ], [ 28.415819998394326, -23.997770001983994 ], [ 28.415790004205416, -23.997569998156891 ], [ 28.415779998348295, -23.997399995713213 ], [ 28.415800001968567, -23.997320002815929 ], [ 28.415825998670957, -23.997177004315333 ], [ 28.415829997056758, -23.997150002170905 ], [ 28.415900000284861, -23.996899998735969 ], [ 28.415949998993323, -23.996650004294285 ], [ 28.416009996364306, -23.996400000859353 ], [ 28.416039998647097, -23.996239997977479 ], [ 28.41608999825484, -23.99605999777074 ], [ 28.416139996963391, -23.995860002037524 ], [ 28.416160000583574, -23.995759997425992 ], [ 28.416160000583574, -23.995659999109701 ], [ 28.416139996963391, -23.995539996273859 ], [ 28.416119999638351, -23.995430000194322 ], [ 28.41607999959232, -23.995299999595318 ], [ 28.416039998647097, -23.995160001233081 ], [ 28.415999997701785, -23.995029999734722 ], [ 28.415850000677029, -23.994530002757386 ], [ 28.415710002314793, -23.994119997340036 ], [ 28.415570003952556, -23.993960000753393 ], [ 28.415410000171487, -23.993809997433495 ], [ 28.415310002754474, -23.993739993306111 ], [ 28.415260004046011, -23.993700007649281 ], [ 28.415189999918628, -23.993660000408646 ], [ 28.415119996690525, -23.993610000800906 ], [ 28.415050000657022, -23.993550003429924 ], [ 28.414849997729291, -23.993439999256594 ], [ 28.414690002042015, -23.99336998793461 ], [ 28.414560002342299, -23.993340000940307 ], [ 28.414420003080782, -23.993319997320032 ], [ 28.414049997709284, -23.993319997320032 ], [ 28.413620003960055, -23.993309998657509 ], [ 28.413540002069521, -23.993300000894362 ], [ 28.413400002807915, -23.993300000894358 ], [ 28.413169996698024, -23.993290002231841 ], [ 28.413000004146877, -23.993319997320032 ], [ 28.412880001311031, -23.993369987934617 ], [ 28.412809998083016, -23.993399999210656 ], [ 28.412729996192393, -23.993439999256601 ], [ 28.412509995939622, -23.993539996673523 ], [ 28.412130000898856, -23.993719996880355 ], [ 28.411900001983565, -23.993860004235831 ], [ 28.411829998755461, -23.9939100029443 ], [ 28.411720002676017, -23.993989995841677 ], [ 28.411540003368469, -23.994190007762654 ], [ 28.41139998881847, -23.994369998976321 ], [ 28.411279994076505, -23.994499999575318 ], [ 28.411129997051749, -23.994620002411168 ], [ 28.411010003209153, -23.994750003010253 ], [ 28.410759999774221, -23.994980001026263 ], [ 28.410499998576139, -23.995219997704698 ], [ 28.41029999474895, -23.99546000337649 ], [ 28.410139999961043, -23.995700007249525 ], [ 28.409990002936375, -23.995910000745976 ], [ 28.409910001045752, -23.996019997724709 ], [ 28.409850003674769, -23.996090000952812 ], [ 28.409569998856416, -23.996300003442432 ], [ 28.408830004301272, -23.996809999082195 ], [ 28.408270001859165, -23.997179996359812 ], [ 28.4079500032901, -23.997410003368984 ], [ 28.407570000155452, -23.997670003667785 ], [ 28.407439998657086, -23.997760003321467 ], [ 28.40708999870451, -23.997929996771987 ], [ 28.406800003317517, -23.998089999653775 ], [ 28.406689999144191, -23.998120001936563 ], [ 28.406569996308345, -23.99813999926161 ], [ 28.406490003410973, -23.998180000206826 ], [ 28.406410000621069, -23.998195000898626 ], [ 28.406209996793969, -23.998279997623836 ], [ 28.405939997832647, -23.998380003134653 ], [ 28.40578000304474, -23.998380003134653 ], [ 28.405629997926102, -23.998350000851854 ], [ 28.405449998618554, -23.998250003434933 ], [ 28.405340001639829, -23.998170000645029 ], [ 28.405130000049489, -23.997959999054775 ], [ 28.40494000297879, -23.997820000692538 ], [ 28.404839996568615, -23.997770001983994 ], [ 28.40472000182665, -23.997649999148145 ], [ 28.404599999890173, -23.997519999448429 ], [ 28.404510000236399, -23.997389997950059 ], [ 28.404410001920105, -23.997230003162151 ], [ 28.404349997354522, -23.99711999898874 ], [ 28.404320003165612, -23.996920003255607 ], [ 28.40428999998354, -23.996750001711213 ], [ 28.404280002220389, -23.99661000334898 ], [ 28.404339998692002, -23.996369997677277 ], [ 28.404399996063074, -23.996220000652528 ], [ 28.404460000628568, -23.996149998323791 ], [ 28.40452999666207, -23.99605999777074 ], [ 28.404680001780708, -23.995879999362472 ], [ 28.404709995969618, -23.995839998417161 ], [ 28.404770001434482, -23.995770003283027 ], [ 28.404919997559869, -23.995600000839342 ], [ 28.405109996429218, -23.995430000194315 ], [ 28.405350001201629, -23.995190002616503 ], [ 28.405419996335851, -23.995079999342551 ], [ 28.405539998272328, -23.994850001326554 ], [ 28.405650003345023, -23.994630001073677 ], [ 28.405709999816636, -23.994469997292523 ], [ 28.405740002099517, -23.994379997638834 ], [ 28.405859996841482, -23.994090002251845 ], [ 28.405880001361034, -23.994029996786981 ], [ 28.405920002306257, -23.993929999369968 ], [ 28.405939997832647, -23.993770003682783 ], [ 28.405970001014808, -23.993660000408642 ], [ 28.405989997440479, -23.99348000020191 ], [ 28.40600000329751, -23.993420002830835 ], [ 28.40600000329751, -23.993359998265337 ], [ 28.406010001960031, -23.993300000894365 ], [ 28.40601999972327, -23.993229996766974 ], [ 28.406060000668582, -23.993089999304111 ], [ 28.406060000668582, -23.992959997805659 ], [ 28.406079997094253, -23.992789997160628 ], [ 28.406110000276325, -23.992609996953792 ], [ 28.406119998039475, -23.992559998245333 ], [ 28.406130003896596, -23.992479997254087 ], [ 28.406150000322356, -23.992379998937789 ], [ 28.406150000322356, -23.992239999676276 ], [ 28.406159998085506, -23.992130003596824 ], [ 28.406159998085506, -23.992039995849165 ], [ 28.406150000322356, -23.991949996195391 ], [ 28.406150000322356, -23.991809997833162 ], [ 28.406119998039475, -23.991679997234073 ], [ 28.406110000276325, -23.991589996681018 ], [ 28.406110000276325, -23.991499997926528 ], [ 28.406119998039475, -23.991409998272751 ], [ 28.406110000276325, -23.991319997719785 ], [ 28.406150000322356, -23.991070003278018 ], [ 28.406190001267579, -23.990959999104689 ], [ 28.40623999997613, -23.990860000788395 ], [ 28.406310003204144, -23.990709995669761 ], [ 28.406400002857918, -23.990500002173384 ], [ 28.40645000156638, -23.990330000629083 ], [ 28.406469998891421, -23.990280001920532 ], [ 28.406509998937363, -23.990150001321535 ], [ 28.406540002119435, -23.989979999777226 ], [ 28.406559997645825, -23.989899990692003 ], [ 28.406559997645825, -23.989779995950038 ], [ 28.406569996308345, -23.989610003398894 ], [ 28.406569996308345, -23.989449999617815 ], [ 28.406590000827897, -23.989250011978481 ], [ 28.406620003110689, -23.989009999112191 ], [ 28.406620003110689, -23.988780001096178 ], [ 28.406609997253568, -23.988500002573055 ], [ 28.406599998591137, -23.988280003219565 ], [ 28.406580003064747, -23.988190002666517 ], [ 28.406569996308345, -23.988120000337776 ], [ 28.406530004356284, -23.987940000130862 ], [ 28.406519997599883, -23.987869996902845 ], [ 28.40645000156638, -23.987719999878095 ], [ 28.406320001866575, -23.987540000570544 ], [ 28.40623999997613, -23.987450000916766 ], [ 28.406190001267579, -23.987440003153612 ], [ 28.406060000668582, -23.987350002600564 ], [ 28.405859996841482, -23.987209996144443 ], [ 28.405700002053486, -23.987100000065002 ], [ 28.405650003345023, -23.987029996836895 ], [ 28.405620000162951, -23.986969998566547 ], [ 28.405570000555119, -23.986799997921612 ], [ 28.405539998272328, -23.98662999727658 ], [ 28.405529999609808, -23.986520001197139 ], [ 28.405529999609808, -23.986399998361293 ], [ 28.405520001846657, -23.986309998707519 ], [ 28.405499998226386, -23.986160001682752 ], [ 28.405470003138195, -23.985919996910344 ], [ 28.405439999956034, -23.985689998894337 ], [ 28.405399991816211, -23.985479997303994 ], [ 28.40538000258514, -23.985350003899594 ], [ 28.40536999672802, -23.985280000671498 ], [ 28.40536000705875, -23.985220003300515 ], [ 28.405290003830647, -23.984870003347936 ], [ 28.405219999703263, -23.984489999314011 ], [ 28.405170000994801, -23.984319997769706 ], [ 28.405130000049489, -23.984170000744946 ], [ 28.405099997766698, -23.984059996571617 ], [ 28.405080001341027, -23.983950001391452 ], [ 28.405070002678507, -23.983899993689743 ], [ 28.405049999058232, -23.98383999721813 ], [ 28.40495999940455, -23.983509999986545 ], [ 28.404870006945288, -23.983230003262072 ], [ 28.404829998805464, -23.983180003654244 ], [ 28.404799995623392, -23.98311000042613 ], [ 28.40473999915169, -23.983000004346781 ], [ 28.404649998598547, -23.98283000280238 ], [ 28.404580004363783, -23.982710000865819 ], [ 28.404419993388025, -23.98247000418737 ], [ 28.404240001275078, -23.982270000360273 ], [ 28.404140002958783, -23.98217000204399 ], [ 28.40408999615644, -23.982160004280832 ], [ 28.404029998785457, -23.982139998861914 ], [ 28.403830003052239, -23.982080002390209 ], [ 28.403650003744691, -23.982050000107414 ], [ 28.403589998279827, -23.98205999787066 ], [ 28.403480002200382, -23.982059997870657 ], [ 28.403390003445978, -23.982069995633807 ], [ 28.403289997035802, -23.982090001052729 ], [ 28.403140000011046, -23.982109996579112 ], [ 28.403050000357272, -23.982130001098756 ], [ 28.402929998420706, -23.982179999807133 ], [ 28.402739999551358, -23.982289995886664 ], [ 28.402449996070484, -23.982440001005305 ], [ 28.402219998054562, -23.98253999932151 ], [ 28.402049989315653, -23.982610003448979 ], [ 28.401959996856391, -23.98262999897528 ], [ 28.401869997202617, -23.98266000215736 ], [ 28.4017299979411, -23.98268999634627 ], [ 28.401499999925178, -23.982729997291575 ], [ 28.401360000663573, -23.982719998629054 ], [ 28.401260003246559, -23.982700002203295 ], [ 28.4010800039391, -23.982639996738524 ], [ 28.400939996583613, -23.982570001604305 ], [ 28.40087000864408, -23.982509988944834 ], [ 28.40065999895986, -23.98228999588666 ], [ 28.400489998314832, -23.98209999881588 ], [ 28.400309999007284, -23.981810003428887 ], [ 28.400099997416945, -23.981449995820622 ], [ 28.400060003666322, -23.981339999741188 ], [ 28.399969995918667, -23.981089997205615 ], [ 28.399869997602373, -23.980869996952848 ], [ 28.399829996657061, -23.980779997299067 ], [ 28.399810001130668, -23.980729997691242 ], [ 28.399760002422209, -23.980630000274321 ], [ 28.399699996957345, -23.980530001958023 ], [ 28.399660004105915, -23.980440002304256 ], [ 28.399609997303571, -23.980329998130927 ], [ 28.39958000221538, -23.980249997139669 ], [ 28.399530002607637, -23.980109997878149 ], [ 28.399480003899086, -23.979960000853399 ], [ 28.399379999287561, -23.979640003183615 ], [ 28.399289998734506, -23.979380001985533 ], [ 28.39915000037227, -23.979099996267898 ], [ 28.398990004684993, -23.978810000880898 ], [ 28.398390001297575, -23.978090002751433 ], [ 28.398319998069471, -23.97804000404297 ], [ 28.398250002935338, -23.977969999915587 ], [ 28.398189996571105, -23.97789999668748 ], [ 28.398059996871389, -23.977749999662723 ], [ 28.397959998555184, -23.977619999963096 ], [ 28.397929996272392, -23.977589996780935 ], [ 28.39786999890141, -23.977490006558607 ], [ 28.397709996019532, -23.977170000794953 ], [ 28.39765999731107, -23.97707999304729 ], [ 28.397580002615047, -23.976890003171189 ], [ 28.397540002569105, -23.97674999671499 ], [ 28.397500001623794, -23.97663999973626 ], [ 28.397469999341091, -23.976529995562842 ], [ 28.397469999341091, -23.976450002665477 ], [ 28.397439997058299, -23.976370000774935 ], [ 28.39742999929506, -23.976280001121168 ], [ 28.39741000197002, -23.976169996947842 ], [ 28.397379999687317, -23.976010002159931 ], [ 28.397339998742005, -23.975819996995263 ], [ 28.397309995559933, -23.975679997733753 ], [ 28.397299997796694, -23.975580000316736 ], [ 28.397290000033543, -23.975509996189349 ], [ 28.397270002708503, -23.975310001355499 ], [ 28.397309995559933, -23.974990001887068 ], [ 28.397339998742005, -23.974820001242044 ], [ 28.397330000978766, -23.974749998014026 ], [ 28.397330000978766, -23.974659998360252 ], [ 28.397309995559933, -23.974529996861886 ], [ 28.397290000033543, -23.974420000782441 ], [ 28.397299997796694, -23.974240002374263 ], [ 28.397299997796694, -23.974010002559606 ], [ 28.397290000033543, -23.973849999677803 ], [ 28.397290000033543, -23.97373999640368 ], [ 28.397320002316334, -23.973700002652969 ], [ 28.397370001024797, -23.973549998433693 ], [ 28.39740001230075, -23.973419997834611 ], [ 28.39745000291542, -23.973279998573091 ], [ 28.397540002569105, -23.973059999219608 ], [ 28.397619996365759, -23.972870001249635 ], [ 28.397699998256382, -23.972699999705227 ], [ 28.397749996964844, -23.972589996431271 ], [ 28.397749996964844, -23.972560001342988 ], [ 28.397909999846632, -23.972300000144916 ], [ 28.398099997816701, -23.971990000238364 ], [ 28.398359999014783, -23.971599998441203 ], [ 28.398489998714499, -23.971429996896884 ], [ 28.39850000457162, -23.971400001808696 ], [ 28.398589997030793, -23.971320000817446 ], [ 28.398709998967359, -23.971230001163672 ], [ 28.398759997675821, -23.971199990786914 ], [ 28.39891001088834, -23.97111999699035 ], [ 28.399109999426958, -23.971040011287574 ], [ 28.399230002262893, -23.970969999965501 ], [ 28.399620003160692, -23.970719997429935 ], [ 28.399919997210116, -23.970550012073478 ], [ 28.400169999745767, -23.970350000152408 ], [ 28.400500004171953, -23.9701100025746 ], [ 28.40065000119662, -23.969980002874795 ], [ 28.400820002741018, -23.96982999775625 ], [ 28.400949995246133, -23.969729992245355 ], [ 28.401009999811716, -23.969720001676798 ], [ 28.401040002993788, -23.969710003913562 ], [ 28.401279999672319, -23.969550000132401 ], [ 28.401549998633552, -23.969360003061702 ], [ 28.401589999578864, -23.969360003061706 ], [ 28.401689997895158, -23.969310004353247 ], [ 28.401890008916858, -23.969169996997756 ], [ 28.402010003658823, -23.969069998681547 ], [ 28.402190002966371, -23.96883000200302 ], [ 28.402419993787781, -23.968520002096476 ], [ 28.402479999252556, -23.96840000015991 ], [ 28.402529997961107, -23.968309999606774 ], [ 28.40256000024381, -23.96825000313515 ], [ 28.402609998952361, -23.968070003827599 ], [ 28.402669997222624, -23.967850002675554 ], [ 28.402680003079745, -23.967789998109975 ], [ 28.402690000842895, -23.967690007887562 ], [ 28.402720003125687, -23.967529996911797 ], [ 28.402709997268655, -23.967439997258019 ], [ 28.402699998606135, -23.967309996659033 ], [ 28.402699998606135, -23.966630000374234 ], [ 28.402680003079745, -23.966580000766402 ], [ 28.402669997222624, -23.966539999821094 ], [ 28.402659997660823, -23.96646999659308 ], [ 28.402640002134433, -23.966400000559577 ], [ 28.402579996669569, -23.966270000859861 ], [ 28.402510000636067, -23.966149998024012 ], [ 28.402299999045816, -23.965889996825929 ], [ 28.402089996556107, -23.96564000238417 ], [ 28.402079998792956, -23.965600002338217 ], [ 28.402010003658823, -23.965479998603094 ], [ 28.401929993674319, -23.965349998903289 ], [ 28.401909998147929, -23.965280002869875 ], [ 28.401880003059738, -23.965209999641765 ], [ 28.401859999439466, -23.965139997313035 ], [ 28.401829996257391, -23.965089997705299 ], [ 28.401809999831723, -23.965030000334213 ], [ 28.401750003360021, -23.96490999839774 ], [ 28.40171000241471, -23.964790003655786 ], [ 28.401700003752278, -23.964680000381737 ], [ 28.401660002806878, -23.964559996646518 ], [ 28.401639999186695, -23.964379998238336 ], [ 28.401620001861655, -23.964149999323052 ], [ 28.401610004098504, -23.963979997778651 ], [ 28.401629999624806, -23.963830000753983 ], [ 28.401639999186695, -23.963740001100209 ], [ 28.401629999624806, -23.963690009586259 ], [ 28.401679999232638, -23.963460004375744 ], [ 28.4017299979411, -23.963129999949548 ], [ 28.4017299979411, -23.963099996767387 ], [ 28.401760001123172, -23.962909998797421 ], [ 28.401790003405964, -23.962689999443924 ], [ 28.401809999831723, -23.962519997899609 ], [ 28.401869997202617, -23.962300004841349 ], [ 28.401929993674319, -23.962060000968311 ], [ 28.40194999909324, -23.961880000761393 ], [ 28.401980001376032, -23.961700002353219 ], [ 28.401980001376032, -23.961539998572146 ], [ 28.401970002713512, -23.961380002884866 ], [ 28.401909998147929, -23.961200011671213 ], [ 28.401840002114426, -23.96100999841266 ], [ 28.401829996257391, -23.960940003278527 ], [ 28.401809999831723, -23.960879997813663 ], [ 28.401790003405964, -23.960519999198567 ], [ 28.401790003405964, -23.960410003119115 ], [ 28.401800002068484, -23.960309996709032 ], [ 28.401800002068484, -23.960140003258608 ], [ 28.401790003405964, -23.959960003951053 ], [ 28.401779996649562, -23.95974000369829 ], [ 28.401779996649562, -23.959559996296768 ], [ 28.401750003360021, -23.959509996689029 ], [ 28.4017299979411, -23.959329998280754 ], [ 28.40171000241471, -23.95918000125608 ], [ 28.401689997895158, -23.959149998073926 ], [ 28.401700003752278, -23.959009998812412 ], [ 28.40171000241471, -23.958879999112696 ], [ 28.401700003752278, -23.958720004324693 ], [ 28.401679999232638, -23.958560001442912 ], [ 28.401639999186695, -23.958399997661747 ], [ 28.401610004098504, -23.958240001974477 ], [ 28.401549998633552, -23.957999998101435 ], [ 28.401490002161939, -23.957769999186141 ], [ 28.401400009702765, -23.957559996696521 ], [ 28.401300004191871, -23.957320008111878 ], [ 28.401300004191871, -23.957289997735291 ], [ 28.401230000963857, -23.957119997090263 ], [ 28.401149999073233, -23.956920001356949 ], [ 28.4010800039391, -23.956759997575794 ], [ 28.401000002048566, -23.956579998268332 ], [ 28.400969998866405, -23.956510003134198 ], [ 28.400910009589303, -23.956359998015483 ], [ 28.40086000278696, -23.956200003227572 ], [ 28.400839999166688, -23.95615000361974 ], [ 28.400820002741018, -23.956080000391729 ], [ 28.400789999558857, -23.955969988124515 ], [ 28.400740000850394, -23.955789996910845 ], [ 28.400699999905083, -23.955659996311759 ], [ 28.400690002141932, -23.955599998940784 ], [ 28.40065999895986, -23.955530003806643 ], [ 28.400579997968606, -23.955379998688009 ], [ 28.400479999652312, -23.955230001663249 ], [ 28.400399997761689, -23.955050002355698 ], [ 28.400300000344764, -23.954849997629324 ], [ 28.40021999935351, -23.954700000604568 ], [ 28.400169999745767, -23.954589997330526 ], [ 28.399999999100739, -23.954350000651988 ], [ 28.399850002075983, -23.954149996824889 ], [ 28.399810001130668, -23.954080000791386 ], [ 28.399720000577616, -23.953940003328526 ], [ 28.399660004105915, -23.953850010869353 ], [ 28.399559989601858, -23.953749997264573 ], [ 28.3993899970508, -23.953609998002971 ], [ 28.399180002655061, -23.953540002868834 ], [ 28.399010001110664, -23.953490004160376 ], [ 28.39891001088834, -23.953479990209459 ], [ 28.398809997283564, -23.953450003215064 ], [ 28.398709998967359, -23.953440004552629 ], [ 28.398650001596376, -23.953429998695512 ], [ 28.398610002449715, -23.953410002269742 ], [ 28.398560002841883, -23.95339999641272 ], [ 28.398250002935338, -23.953399996412717 ], [ 28.398149997424444, -23.9533899977502 ], [ 28.397800003767188, -23.953440004552629 ], [ 28.397520006143434, -23.953490004160368 ], [ 28.397339998742005, -23.953580003814142 ], [ 28.397169998096977, -23.953680002130444 ], [ 28.397119999388515, -23.953720002176382 ], [ 28.396949996944837, -23.953829999155197 ], [ 28.396809998582601, -23.953940003328523 ], [ 28.396780004393779, -23.953990002036988 ], [ 28.396710001165676, -23.954070003028246 ], [ 28.396610002849382, -23.954120001736705 ], [ 28.396540006815968, -23.954170001344529 ], [ 28.396480002250385, -23.954210002289855 ], [ 28.396260001997526, -23.954359999314516 ], [ 28.396019997225114, -23.954510004433153 ], [ 28.395919998908909, -23.954560003141612 ], [ 28.395779999647303, -23.954639996038992 ], [ 28.395669996373258, -23.954669999221061 ], [ 28.395640002184436, -23.9546799969843 ], [ 28.395139996213942, -23.9548800008114 ], [ 28.395020002371258, -23.954930000419228 ], [ 28.39484999992758, -23.955000002747958 ], [ 28.394700002902912, -23.955050002355701 ], [ 28.394360000713487, -23.95516999709767 ], [ 28.394260003296562, -23.955209997143616 ], [ 28.394140001359997, -23.955249998088924 ], [ 28.393969998916319, -23.95529999679739 ], [ 28.393550002930329, -23.955550000232325 ], [ 28.393399997811692, -23.955590001177629 ], [ 28.393250000786935, -23.955659996311766 ], [ 28.393109995230098, -23.955730000439242 ], [ 28.393009996913893, -23.955750004059428 ], [ 28.392850001226616, -23.955819999193647 ], [ 28.392609997353574, -23.955969988124515 ], [ 28.392419999383506, -23.956120001337041 ], [ 28.392339998392252, -23.956189997370451 ], [ 28.392240000076047, -23.956250001936038 ], [ 28.392109998577592, -23.956350000252318 ], [ 28.39187000189915, -23.956430001243582 ], [ 28.391589997080796, -23.956529998660503 ], [ 28.391470003238112, -23.956560001842579 ], [ 28.391369996827937, -23.956579998268335 ], [ 28.391229997566331, -23.956619999213643 ], [ 28.390980003124739, -23.956700000204904 ], [ 28.390579994571169, -23.956830008897782 ], [ 28.390389998399751, -23.95688999817488 ], [ 28.390259996901385, -23.956899995938123 ], [ 28.390069998931406, -23.956929999120199 ], [ 28.389939999231601, -23.956960001402898 ], [ 28.389729996741981, -23.957000002348295 ], [ 28.389549997434433, -23.957050001056672 ], [ 28.389430002692468, -23.957080004238833 ], [ 28.389279997573919, -23.957130002947295 ], [ 28.389210003339066, -23.957149999372966 ], [ 28.389070012171342, -23.957209995844664 ], [ 28.388839997068288, -23.957320008111875 ], [ 28.388699990612082, -23.95739000414537 ], [ 28.388529997161655, -23.957459999279507 ], [ 28.388330001428436, -23.95754000117013 ], [ 28.388240001774662, -23.957589999878596 ], [ 28.388060001567833, -23.957629999924539 ], [ 28.387830003551912, -23.957700004051922 ], [ 28.38757000325311, -23.957800002368209 ], [ 28.387419998134472, -23.957840003313535 ], [ 28.38713999961135, -23.957909998447658 ], [ 28.386950003439932, -23.957949999392969 ], [ 28.386640002634106, -23.958020001721707 ], [ 28.386370002773415, -23.958079999092693 ], [ 28.386219997654777, -23.958079999092686 ], [ 28.386070000630109, -23.95810000361233 ], [ 28.385940000930393, -23.958100003612333 ], [ 28.385689998394742, -23.958049996809887 ], [ 28.385339996643605, -23.957970003013244 ], [ 28.385180001855609, -23.957930002067929 ], [ 28.384750000012588, -23.957819997894603 ], [ 28.38436999597857, -23.957729998240829 ], [ 28.384170008339233, -23.957710001815162 ], [ 28.384080000591577, -23.957700004051926 ], [ 28.383949999992581, -23.957700004051922 ], [ 28.383829998056015, -23.957689998194887 ], [ 28.383770000685033, -23.95768999819488 ], [ 28.383529995912621, -23.957729998240829 ], [ 28.383029998036008, -23.95785999883983 ], [ 28.382700009797674, -23.957959997156127 ], [ 28.382600004286779, -23.957990000338281 ], [ 28.382549996585155, -23.957999998101439 ], [ 28.382480002350302, -23.957999998101435 ], [ 28.382380004034008, -23.95802000172171 ], [ 28.382229998915371, -23.958060002667018 ], [ 28.382099998316374, -23.958089996855925 ], [ 28.382049998708542, -23.958110002274765 ], [ 28.381969997717288, -23.958129997801151 ], [ 28.381810002929381, -23.958150003220158 ], [ 28.381649999148223, -23.958160000983312 ], [ 28.381489996266346, -23.958160000983305 ], [ 28.381320002815919, -23.958150003220158 ], [ 28.381200000879442, -23.958150003220165 ], [ 28.381110001225668, -23.958139995564387 ], [ 28.380979999727213, -23.958139995564387 ], [ 28.380840002264346, -23.958129997801148 ], [ 28.380649996200397, -23.958120000037997 ], [ 28.380520002795912, -23.958110002274761 ], [ 28.380369991382043, -23.958089996855925 ], [ 28.380170002843425, -23.958039998147374 ], [ 28.380050000007579, -23.958030000384223 ], [ 28.379950001691284, -23.958030000384223 ], [ 28.379829999754719, -23.958039998147378 ], [ 28.379730002337794, -23.958049996809894 ], [ 28.379629995927619, -23.958079999092686 ], [ 28.379259998650088, -23.958250000636991 ], [ 28.37899999835129, -23.958309998008069 ], [ 28.378769999435999, -23.958379993142199 ], [ 28.37836000121316, -23.958449996370213 ], [ 28.378040002644095, -23.958449996370213 ], [ 28.377960001652841, -23.958439997707689 ], [ 28.377889998424738, -23.958420002181391 ], [ 28.377790000108444, -23.958389998999319 ], [ 28.37771999688043, -23.958359996716439 ], [ 28.377489998864419, -23.958219998354298 ], [ 28.377210001240577, -23.957970003013244 ], [ 28.376969995568885, -23.957700004051922 ], [ 28.376829998105929, -23.957549998933281 ], [ 28.376769999835666, -23.957490001562391 ], [ 28.376569996907936, -23.95718000165575 ], [ 28.376320001566885, -23.956780002095439 ], [ 28.376249998338782, -23.95666000015887 ], [ 28.376220004149872, -23.956629996976794 ], [ 28.376129996402216, -23.956439999006729 ], [ 28.375989997140699, -23.956009989069742 ], [ 28.375920002006566, -23.955779999147619 ], [ 28.375480000601655, -23.955159998435242 ], [ 28.375089999703768, -23.9547500002124 ], [ 28.374709995669839, -23.954340010083438 ], [ 28.374590001827155, -23.954290003281017 ], [ 28.374460002127439, -23.954210002289852 ], [ 28.374360003811233, -23.954149996824892 ], [ 28.374270004157459, -23.95409999811643 ], [ 28.374070000330271, -23.953980003374468 ], [ 28.373899998785962, -23.953879997863655 ], [ 28.373700003052743, -23.953709996319265 ], [ 28.373409998672589, -23.953460000978296 ], [ 28.373260001647832, -23.953339999041738 ], [ 28.373080003239654, -23.953199999780136 ], [ 28.372820002041482, -23.953010002709426 ], [ 28.372669996922845, -23.952909997198621 ], [ 28.372380000636571, -23.952689996046484 ], [ 28.372299999645318, -23.952660001857666 ], [ 28.372229996417303, -23.952610003149111 ], [ 28.372079999392458, -23.952549997684251 ], [ 28.371660003406468, -23.952390001996978 ], [ 28.371590000178365, -23.952109997178621 ], [ 28.371549999233142, -23.951940003728193 ], [ 28.371540000570622, -23.951910001445402 ], [ 28.37150999019395, -23.951829999554864 ], [ 28.371429997296577, -23.951640001584799 ], [ 28.371379997688834, -23.951480006796888 ], [ 28.371170003293095, -23.951020001771706 ], [ 28.370899996237892, -23.950469997092668 ], [ 28.370849996630149, -23.950369998776463 ], [ 28.370820003340519, -23.950300003642234 ], [ 28.370680004079002, -23.950040003343524 ], [ 28.37062999727657, -23.949929999170113 ], [ 28.370550002580636, -23.949780002145435 ], [ 28.370389999698759, -23.94952999871051 ], [ 28.370189995871659, -23.94931999712017 ], [ 28.370060004265824, -23.949170000095418 ], [ 28.369789997210617, -23.948919996660578 ], [ 28.369519997350018, -23.948679999982037 ], [ 28.369230001963025, -23.9484100010208 ], [ 28.368939997582871, -23.948149999822636 ], [ 28.368470002888419, -23.947759998025465 ], [ 28.367950001391446, -23.947359999364522 ], [ 28.36785000307524, -23.947290003331013 ], [ 28.367549992837965, -23.947110004023468 ], [ 28.367389998050058, -23.946969996668066 ], [ 28.367129996851887, -23.946699997706755 ], [ 28.366920003355517, -23.94646999879145 ], [ 28.366729997291568, -23.946249999437963 ], [ 28.366580000266811, -23.946020001421957 ], [ 28.366529992565187, -23.945830002552608 ], [ 28.366509997038797, -23.945679998333254 ], [ 28.366499999275646, -23.945589997780203 ], [ 28.366499999275646, -23.945459998080477 ], [ 28.366480001950606, -23.945319998818874 ], [ 28.366469996093485, -23.945170001794207 ], [ 28.366469996093485, -23.945069996283305 ], [ 28.366459998330335, -23.94499000968117 ], [ 28.366459998330335, -23.944910000596035 ], [ 28.366440001005294, -23.944749997714251 ], [ 28.366449999667815, -23.944559999744264 ], [ 28.366459998330335, -23.944320003065638 ], [ 28.366469996093485, -23.944110000576114 ], [ 28.366490007807638, -23.943890001222634 ], [ 28.366490007807638, -23.943459999379428 ], [ 28.366469996093485, -23.943339995644301 ], [ 28.366499999275646, -23.943229999564853 ], [ 28.366509997038797, -23.943080003439466 ], [ 28.366529992565187, -23.942939996983263 ], [ 28.366549997984109, -23.942879998713003 ], [ 28.366539999321589, -23.942560001043216 ], [ 28.366539999321589, -23.942240003373424 ], [ 28.366569994409776, -23.942150002820373 ], [ 28.366639996738513, -23.941729998740506 ], [ 28.366710000865897, -23.941360002362256 ], [ 28.366729997291568, -23.941180002155338 ], [ 28.366740003148688, -23.941110007021209 ], [ 28.366759999574359, -23.940950004139413 ], [ 28.36677999600003, -23.940709999367002 ], [ 28.366819996945342, -23.940480001350998 ], [ 28.366809999182191, -23.940409997223611 ], [ 28.366790001857151, -23.940179999207601 ], [ 28.36676999823688, -23.940030002182851 ], [ 28.366740003148688, -23.939850001976016 ], [ 28.366719998629137, -23.939699997756659 ], [ 28.366719998629137, -23.939620003960012 ], [ 28.366679997683736, -23.939439996558665 ], [ 28.366669999920585, -23.939320001816707 ], [ 28.366660002157435, -23.93918999402301 ], [ 28.366620001212123, -23.93901000191007 ], [ 28.366589998030051, -23.938859996791429 ], [ 28.366520002895829, -23.938620008206868 ], [ 28.366480001950606, -23.938449998568593 ], [ 28.366440001005294, -23.938270000160415 ], [ 28.366390002296832, -23.938109997278534 ], [ 28.366360000014041, -23.938000000299812 ], [ 28.366319999068729, -23.937879998363243 ], [ 28.366250003934596, -23.937709996818938 ], [ 28.366099998815958, -23.937479997903644 ], [ 28.366019996925424, -23.93737000182411 ], [ 28.365940004027962, -23.937249999887545 ], [ 28.365850004374277, -23.937140003808189 ], [ 28.365749997964102, -23.936989998689558 ], [ 28.365559999994034, -23.936769999336068 ], [ 28.365420001631797, -23.936639997837606 ], [ 28.365280003269561, -23.936520003995014 ], [ 28.365049996260389, -23.936310002404674 ], [ 28.364900000134913, -23.936199997332068 ], [ 28.364710002164934, -23.93609999901577 ], [ 28.364490009106675, -23.935979997079208 ], [ 28.364360001313077, -23.935919999708222 ], [ 28.36422000205156, -23.93586000323662 ], [ 28.364050001406532, -23.935830000054452 ], [ 28.363759997026289, -23.935830000054452 ], [ 28.363489998064967, -23.935889997425523 ], [ 28.36335999836534, -23.935929998370742 ], [ 28.363150003070231, -23.936050001206585 ], [ 28.362810000880895, -23.936270000560086 ], [ 28.362569996108483, -23.93644999986763 ], [ 28.362329999429953, -23.936689997445438 ], [ 28.361939997632785, -23.937050004154415 ], [ 28.36184000021586, -23.937140003808185 ], [ 28.361660000009028, -23.937309989164735 ], [ 28.361439999756172, -23.937510001085712 ], [ 28.361220000402771, -23.937669995873627 ], [ 28.361049998858373, -23.937749997764161 ], [ 28.360950001441449, -23.937789997810185 ], [ 28.360789997660291, -23.937860001937569 ], [ 28.360599999690312, -23.937910000646038 ], [ 28.360529995562928, -23.937910000646042 ], [ 28.360479997753746, -23.937900001983522 ], [ 28.360309996209438, -23.937860001937565 ], [ 28.360039997248116, -23.937719994582086 ], [ 28.359870003797688, -23.937619997165157 ], [ 28.359809998332825, -23.937579996219849 ], [ 28.359610002599606, -23.937439997857609 ], [ 28.359409998772506, -23.937309989164739 ], [ 28.359310001355581, -23.937240002124391 ], [ 28.359260001747749, -23.937200001179086 ], [ 28.359210003039287, -23.937169997997007 ], [ 28.359099998865961, -23.937089997005753 ], [ 28.358889997275622, -23.936909996798924 ], [ 28.358720002925825, -23.936740004247874 ], [ 28.358659998360242, -23.936649995600845 ], [ 28.358619997415019, -23.936599996892387 ], [ 28.358569997807187, -23.936530001758161 ], [ 28.358479999052783, -23.936400001159171 ], [ 28.358359996216937, -23.936239998277291 ], [ 28.358269996563163, -23.936130002197839 ], [ 28.358120000437776, -23.935969999315958 ], [ 28.358020002121481, -23.935860003236609 ], [ 28.357840001914653, -23.93573000173815 ], [ 28.35779000320619, -23.935700000354736 ], [ 28.357580000716482, -23.935539996573574 ], [ 28.357410000071543, -23.935429999594845 ], [ 28.357189998919313, -23.935270004806934 ], [ 28.356960000903392, -23.935110001925072 ], [ 28.356749999313053, -23.93495999680643 ], [ 28.356629997376487, -23.934869998051937 ], [ 28.356049996710059, -23.934389995701714 ], [ 28.355389995951569, -23.933849997779152 ], [ 28.355239999826182, -23.933769995888625 ], [ 28.355130002847456, -23.933730003037191 ], [ 28.354830001603343, -23.933529999210087 ], [ 28.354570000405261, -23.933340002139396 ], [ 28.354139997662781, -23.932980002625023 ], [ 28.35369999805652, -23.932599998591087 ], [ 28.353300005690713, -23.932199999930049 ], [ 28.352690011734655, -23.931600003737138 ], [ 28.352229998615591, -23.931160003231607 ], [ 28.352090000253355, -23.930990001687203 ], [ 28.35196999831679, -23.930859993893609 ], [ 28.351870000000496, -23.930739999151641 ], [ 28.351799996772481, -23.930680001780662 ], [ 28.351730000738979, -23.930630003072196 ], [ 28.351429998595584, -23.93030999730853 ], [ 28.351089997305529, -23.92994999779415 ], [ 28.35088000290979, -23.929740004297791 ], [ 28.350689996845929, -23.929559995996989 ], [ 28.350539999821173, -23.92937999668953 ], [ 28.350459997930638, -23.929279999272602 ], [ 28.350430003741728, -23.929249996090437 ], [ 28.350239997677779, -23.929000000749479 ], [ 28.350170003442926, -23.928900003332462 ], [ 28.350080002889872, -23.928770002733469 ], [ 28.350009999661768, -23.928649999897527 ], [ 28.349950003190155, -23.928560001143126 ], [ 28.349910002244844, -23.928479999252591 ], [ 28.34984999677998, -23.928420001881616 ], [ 28.349730002038015, -23.928240001674791 ], [ 28.349579996919378, -23.928060003266516 ], [ 28.34947999860308, -23.927990000038509 ], [ 28.349439998557141, -23.92794999909319 ], [ 28.349309997958056, -23.92785999943942 ], [ 28.349039998996822, -23.927620001861609 ], [ 28.348819998743963, -23.927430004790907 ], [ 28.348670001719295, -23.927270001909037 ], [ 28.348530003357059, -23.927069998081933 ], [ 28.348469997892195, -23.926979990334271 ], [ 28.34832000896132, -23.926780001795656 ], [ 28.34814000066061, -23.926560002442169 ], [ 28.347989996441253, -23.926390000897857 ], [ 28.34770000105426, -23.926099997416983 ], [ 28.347390001147716, -23.925800010562075 ], [ 28.34725000188611, -23.925659996012072 ], [ 28.347219998704038, -23.925620003160638 ], [ 28.346829997806239, -23.925249997789226 ], [ 28.346359995017817, -23.924800000419648 ], [ 28.346000003597322, -23.924480000951291 ], [ 28.345710000116448, -23.924250002935288 ], [ 28.345660001407985, -23.924210001989973 ], [ 28.345350000602071, -23.923959991360533 ], [ 28.345019997075255, -23.923699998256332 ], [ 28.344980004223913, -23.923649998648592 ], [ 28.344770001734204, -23.923460000678521 ], [ 28.344450003165139, -23.923160000333773 ], [ 28.34425999800056, -23.922940007275518 ], [ 28.344150001921115, -23.922769997637339 ], [ 28.344100003212652, -23.922700003402472 ], [ 28.343980000376717, -23.922509997338526 ], [ 28.34384000201457, -23.922269999760715 ], [ 28.343740003698276, -23.922120002735955 ], [ 28.343650004044502, -23.921999992705516 ], [ 28.343480003399474, -23.921780001445903 ], [ 28.343289997335525, -23.921539995774211 ], [ 28.343210002639591, -23.92143999835729 ], [ 28.343140000310857, -23.921349997804139 ], [ 28.34300999161789, -23.921200001678756 ], [ 28.342849995930614, -23.921010003708691 ], [ 28.342780000796481, -23.920930001818157 ], [ 28.34274999761432, -23.920880003109694 ], [ 28.342600002388213, -23.920729997991057 ], [ 28.342259999299596, -23.920410000321272 ], [ 28.341859998839908, -23.920040003043741 ], [ 28.341609996304346, -23.919830000554121 ], [ 28.34149999213102, -23.919690002191885 ], [ 28.341409999671757, -23.91957000025532 ], [ 28.341329998680504, -23.91944999741947 ], [ 28.34126000264709, -23.919250001686262 ], [ 28.341249996789969, -23.9190899979051 ], [ 28.341249996789969, -23.9189999991506 ], [ 28.341279999972041, -23.918890003071159 ], [ 28.341310002254833, -23.918770000235309 ], [ 28.341400001908607, -23.918620003210645 ], [ 28.341490001562381, -23.918479996754442 ], [ 28.341649997249657, -23.918339998392202 ], [ 28.341980000776474, -23.918059999869076 ], [ 28.342280002919868, -23.917849998278836 ], [ 28.342440005801656, -23.91774000219938 ], [ 28.342669996623066, -23.917639995789116 ], [ 28.343019998374292, -23.917489998764459 ], [ 28.34318000125608, -23.917409997773202 ], [ 28.343340012231838, -23.917350001301589 ], [ 28.343509996689015, -23.917290003031233 ], [ 28.343589998579638, -23.917269999410969 ], [ 28.343669999570892, -23.917239996228801 ], [ 28.343779997448987, -23.91720000427674 ], [ 28.343890000722944, -23.917149996575116 ], [ 28.343940000330775, -23.917130000149442 ], [ 28.343999996802477, -23.917120002386206 ], [ 28.344209999292097, -23.917060005015223 ], [ 28.344540002818913, -23.916980011218577 ], [ 28.344739998552132, -23.916940003078746 ], [ 28.344950001041752, -23.916919997659736 ], [ 28.345149996774971, -23.916900002133435 ], [ 28.345279998273337, -23.916900002133435 ], [ 28.345379995690262, -23.916890004370192 ], [ 28.345470003438006, -23.916890004370192 ], [ 28.34575999882491, -23.916879996714513 ], [ 28.346090003251096, -23.916879996714513 ], [ 28.346140001959558, -23.916869998951274 ], [ 28.346270002558644, -23.916900002133435 ], [ 28.346429998245831, -23.916929996322249 ], [ 28.346630002072931, -23.91698001121857 ], [ 28.346900001034253, -23.917040001394952 ], [ 28.346990000688027, -23.917049999158195 ], [ 28.347030001633339, -23.917080001440901 ], [ 28.347120001287024, -23.917110003723682 ], [ 28.347189997320616, -23.917120002386206 ], [ 28.347390001147716, -23.917149996575116 ], [ 28.347560001792743, -23.917149996575116 ], [ 28.347709998817411, -23.917139990717995 ], [ 28.347799999370555, -23.917139990717999 ], [ 28.347880000361808, -23.91714999657512 ], [ 28.348159997985562, -23.917100005960538 ], [ 28.348630000773984, -23.917019995976037 ], [ 28.348849992932873, -23.91698001121857 ], [ 28.34898000162584, -23.916940003078746 ], [ 28.349229996966802, -23.916820000242812 ], [ 28.349389999848679, -23.916699998306253 ], [ 28.349439998557141, -23.916649990604622 ], [ 28.34947999860308, -23.916529996761938 ], [ 28.349539996873435, -23.916389998399705 ], [ 28.349550002730467, -23.916349996555109 ], [ 28.349550002730467, -23.916320003265568 ], [ 28.34961000010145, -23.916190001767205 ], [ 28.349690001092704, -23.916010001560288 ], [ 28.349759997126206, -23.915870004097421 ], [ 28.349829992260339, -23.915769997687242 ], [ 28.349889996825922, -23.915679998033557 ], [ 28.349990003236098, -23.915440001354938 ], [ 28.350049999707799, -23.915250004284328 ], [ 28.3500599992696, -23.915189998819379 ], [ 28.350080002889872, -23.915109996928845 ], [ 28.350130001598334, -23.914929997621293 ], [ 28.350170003442926, -23.914669996423207 ], [ 28.350149998024094, -23.914500002972783 ], [ 28.350140000260854, -23.914429999744684 ], [ 28.350120003835183, -23.914330002327755 ], [ 28.350009999661768, -23.914119991744254 ], [ 28.349910002244844, -23.913959996956262 ], [ 28.34962999562784, -23.913590006873331 ], [ 28.349160000933388, -23.913050000856895 ], [ 28.34897000296332, -23.912849997029795 ], [ 28.348750002710549, -23.912539997123162 ], [ 28.348509998837418, -23.912219998554097 ], [ 28.34814000066061, -23.911829996757014 ], [ 28.347550004029504, -23.911240000125915 ], [ 28.347470002138969, -23.911179994661044 ], [ 28.34725000188611, -23.910989996690976 ], [ 28.346590001127709, -23.910440000105993 ], [ 28.346429998245831, -23.910319998169339 ], [ 28.346379998638088, -23.910290003081144 ], [ 28.346280001221164, -23.91021999985314 ], [ 28.34618000290487, -23.910159995287554 ], [ 28.345960002652099, -23.910080000591527 ], [ 28.345840000715533, -23.91003000188315 ], [ 28.345639996888433, -23.909980003174606 ], [ 28.345520002146468, -23.90994000222938 ], [ 28.345379995690262, -23.909900002183349 ], [ 28.345080001640838, -23.909800003867055 ], [ 28.344919998758961, -23.909739999301564 ], [ 28.34468999984367, -23.909649998748499 ], [ 28.344190001967057, -23.909540002669065 ], [ 28.343779997448987, -23.90943999715817 ], [ 28.343630000424231, -23.909410002069976 ], [ 28.343509996689015, -23.909389997550338 ], [ 28.343359999664258, -23.909330001078636 ], [ 28.343189999019231, -23.90927000280837 ], [ 28.343099999365545, -23.909249999188184 ], [ 28.342879999112686, -23.909119997689736 ], [ 28.342650000197395, -23.908930000619034 ], [ 28.342440005801656, -23.90863999713816 ], [ 28.342269997062747, -23.908390001797201 ], [ 28.342219998354285, -23.908340003088735 ], [ 28.342160000983302, -23.908180000206855 ], [ 28.342089997755199, -23.907940002629047 ], [ 28.342089997755199, -23.907739999701231 ], [ 28.342079999092768, -23.907690000992762 ], [ 28.342150003220151, -23.907489997165666 ], [ 28.342259999299596, -23.907220005398941 ], [ 28.342319995771209, -23.907119999888138 ], [ 28.342359996716521, -23.907030000234364 ], [ 28.342389998999312, -23.906939999681224 ], [ 28.342519992403798, -23.906760000373673 ], [ 28.342699998905857, -23.906540000120906 ], [ 28.342789998559631, -23.906419998184425 ], [ 28.342900002733042, -23.90627000115958 ], [ 28.343000001049251, -23.906119996041028 ], [ 28.343109997128696, -23.905929998070967 ], [ 28.343189999019231, -23.905839999316566 ], [ 28.343289997335525, -23.905709997818185 ], [ 28.343359999664258, -23.905600001738755 ], [ 28.343689996895844, -23.905309998257874 ], [ 28.344100003212652, -23.904959997405925 ], [ 28.344429998645587, -23.904779998098466 ], [ 28.344720003025742, -23.904590000128401 ], [ 28.345379995690262, -23.90416999604853 ], [ 28.345459988587635, -23.9041300031971 ], [ 28.3455300008089, -23.904079996394756 ], [ 28.345729995642838, -23.903929999370011 ], [ 28.345859997141204, -23.903839999716226 ], [ 28.34620000022991, -23.903539997572835 ], [ 28.346559998844917, -23.903260008042963 ], [ 28.346820000043, -23.903049998358743 ], [ 28.346999999350547, -23.902879996814434 ], [ 28.34704999805901, -23.902809993586331 ], [ 28.347120001287024, -23.902649998798417 ], [ 28.347169999995575, -23.902240007770189 ], [ 28.347189997320616, -23.901909988055515 ], [ 28.347139997712784, -23.901650003045194 ], [ 28.347099996767472, -23.901399999610355 ], [ 28.347040000295767, -23.901289996336306 ], [ 28.346919998359294, -23.901089999703725 ], [ 28.34683999556939, -23.900979996429758 ], [ 28.346670003018332, -23.90085000302528 ], [ 28.3464199995834, -23.900680002380255 ], [ 28.346329999929626, -23.90063000277242 ], [ 28.346119998339287, -23.900590001827101 ], [ 28.345880000761476, -23.900519998599091 ], [ 28.345819996195893, -23.900500003072697 ], [ 28.345719997879687, -23.900460002127481 ], [ 28.345459988587635, -23.900370001574331 ], [ 28.345120002586061, -23.900219997354974 ], [ 28.344980004223913, -23.900140003558327 ], [ 28.344829999105187, -23.900110001275532 ], [ 28.344659997560878, -23.900070000330309 ], [ 28.344560000143954, -23.900030000284286 ], [ 28.34446000182766, -23.900020000722481 ], [ 28.344389997700276, -23.900010002959231 ], [ 28.343899999385552, -23.899899998785919 ], [ 28.34384000201457, -23.899880003259607 ], [ 28.343760000123947, -23.899880003259611 ], [ 28.34359999724207, -23.899840002314214 ], [ 28.343460006074434, -23.899779996849347 ], [ 28.343279998673005, -23.899729998140884 ], [ 28.343109997128696, -23.899689997195665 ], [ 28.343040001994563, -23.899670000769991 ], [ 28.342990003286012, -23.899660002107385 ], [ 28.342870001349535, -23.899629999824679 ], [ 28.342539996024069, -23.899520003745149 ], [ 28.342179997408973, -23.899419990140462 ], [ 28.342060002667008, -23.899369998626508 ], [ 28.341890002021977, -23.899319999918049 ], [ 28.34168999819488, -23.899260009741663 ], [ 28.341530003406973, -23.899199997082199 ], [ 28.341279999972041, -23.899099998765994 ], [ 28.341109999327013, -23.899040002294292 ], [ 28.340880000411723, -23.898950001741145 ], [ 28.340579998268328, -23.898829999804668 ], [ 28.340460004425729, -23.898759996576572 ], [ 28.340179997808729, -23.89861999821434 ], [ 28.340129999100178, -23.898590003126145 ], [ 28.340070001729284, -23.898569998606582 ], [ 28.339980002974791, -23.898529997661281 ], [ 28.339909998847407, -23.898510002134888 ], [ 28.339840003713274, -23.898479998952819 ], [ 28.339569996658071, -23.898410003818686 ], [ 28.33932000221639, -23.898340000590579 ], [ 28.339249998089006, -23.898309998307795 ], [ 28.338930000419221, -23.898190003565826 ], [ 28.338660000558619, -23.898070000729973 ], [ 28.338340002888835, -23.897900000084949 ], [ 28.338029994888409, -23.897729999439914 ], [ 28.337879997863652, -23.897660003406418 ], [ 28.337439997358022, -23.897469998241839 ], [ 28.33696000400105, -23.89726000384611 ], [ 28.336779995700251, -23.897189999718712 ], [ 28.336589998629552, -23.897079996444667 ], [ 28.336230000014545, -23.896830001103712 ], [ 28.335969998816463, -23.896589997230578 ], [ 28.335780000846395, -23.896369996078434 ], [ 28.335650000247398, -23.896219999053685 ], [ 28.335529998310832, -23.896039999746229 ], [ 28.335429999994538, -23.89591999780966 ], [ 28.335200001079247, -23.895599999240599 ], [ 28.334989998589627, -23.895320001616746 ], [ 28.334899999835134, -23.895180003254513 ], [ 28.334750002810466, -23.894949997144714 ], [ 28.33460999635426, -23.894740002748971 ], [ 28.334490001612295, -23.894549996685019 ], [ 28.334329998730507, -23.894310000006492 ], [ 28.334239999076733, -23.894170000744975 ], [ 28.334159997186198, -23.894049998808409 ], [ 28.334090002051976, -23.893919999108693 ], [ 28.334010000161442, -23.893770002083937 ], [ 28.333970000115499, -23.893659997910529 ], [ 28.33396000055361, -23.893500002223334 ], [ 28.33396000055361, -23.893360003861094 ], [ 28.333970000115499, -23.893169997797148 ], [ 28.333970000115499, -23.892859997890611 ], [ 28.333990011829652, -23.892710000865847 ], [ 28.334019998823962, -23.892679998583141 ], [ 28.334050001106753, -23.892660002157385 ], [ 28.334110005672336, -23.892390003196148 ], [ 28.33417000304323, -23.89213000199798 ], [ 28.334249996839972, -23.891950009885122 ], [ 28.334339997393027, -23.89170999791811 ], [ 28.33440999972176, -23.891489996765973 ], [ 28.334509998038055, -23.891160001333038 ], [ 28.334570002603549, -23.890930009612255 ], [ 28.33460000578571, -23.890800001818658 ], [ 28.33462999997462, -23.890660002557055 ], [ 28.334710001865155, -23.890419998684013 ], [ 28.334739996953346, -23.890350002650504 ], [ 28.334760000573617, -23.89026000299673 ], [ 28.334890001172614, -23.890030004980719 ], [ 28.334989998589627, -23.889830001153623 ], [ 28.33501001210243, -23.889719996980293 ], [ 28.335030000434219, -23.889629997326516 ], [ 28.335039998197459, -23.88948999806501 ], [ 28.335039998197459, -23.889359998365286 ], [ 28.335049996859979, -23.889290002331698 ], [ 28.335060002717011, -23.88920000267801 ], [ 28.335100003662234, -23.889089991310083 ], [ 28.335179996559607, -23.888930010911295 ], [ 28.335209999741679, -23.888859999589307 ], [ 28.335320003915093, -23.888670001619328 ], [ 28.335399996812466, -23.888490003211057 ], [ 28.335429999994538, -23.888440011697202 ], [ 28.335460010371207, -23.888299997147207 ], [ 28.335500011316523, -23.88819000106767 ], [ 28.335489997365521, -23.888100001413893 ], [ 28.335500011316523, -23.887960003051742 ], [ 28.335489997365521, -23.887910004343194 ], [ 28.335489997365521, -23.887759999224649 ], [ 28.33547000093985, -23.887679997334015 ], [ 28.335489997365521, -23.887399999710276 ], [ 28.335510001885162, -23.887099997566878 ], [ 28.335519999648312, -23.886890004070416 ], [ 28.335529998310832, -23.886739998951786 ], [ 28.335569999256144, -23.88650000227334 ], [ 28.335630003821638, -23.886249998838405 ], [ 28.335659990816037, -23.886109993281565 ], [ 28.335709996719011, -23.885930001168617 ], [ 28.335739999901172, -23.885840000615563 ], [ 28.335799997272066, -23.885619993168195 ], [ 28.33588999692584, -23.885390003246062 ], [ 28.33590000278296, -23.88534000363823 ], [ 28.335940003728272, -23.885250003984464 ], [ 28.336029996187445, -23.884969998266833 ], [ 28.33609999941546, -23.884699999305592 ], [ 28.336109989084818, -23.884639993840633 ], [ 28.336130001698251, -23.884510001335528 ], [ 28.336170001744193, -23.884359997116171 ], [ 28.336230000014545, -23.884060003066658 ], [ 28.336250003634817, -23.884039997647822 ], [ 28.336289997385528, -23.883619993567866 ], [ 28.336310001005799, -23.883559997096164 ], [ 28.336340004187871, -23.883440003253565 ], [ 28.336350001951111, -23.883320000417719 ], [ 28.336359999714261, -23.883149998873414 ], [ 28.336369998376782, -23.883009999611804 ], [ 28.336369998376782, -23.882759997076242 ], [ 28.336359999714261, -23.882619998714002 ], [ 28.336340004187871, -23.882399997561865 ], [ 28.336300003242648, -23.882139997263067 ], [ 28.336289997385528, -23.881950000192365 ], [ 28.336250003634817, -23.881829997356519 ], [ 28.336199996832384, -23.881640000285824 ], [ 28.33614999003013, -23.881100000564611 ], [ 28.336120003035731, -23.880639996438717 ], [ 28.33614999003013, -23.880250002735423 ], [ 28.336170001744193, -23.879839997317983 ], [ 28.336170001744193, -23.879550001031802 ], [ 28.336180001306083, -23.879399995913069 ], [ 28.336180001306083, -23.878979999927093 ], [ 28.336199996832384, -23.878849999328008 ], [ 28.336210002689505, -23.878710000965768 ], [ 28.336210002689505, -23.87808000159087 ], [ 28.336199996832384, -23.877820001292072 ], [ 28.336189999069234, -23.877399997212105 ], [ 28.336180001306083, -23.877010002609545 ], [ 28.336130001698251, -23.876750002310747 ], [ 28.33609999941546, -23.876539999821123 ], [ 28.336059997570867, -23.876450001066718 ], [ 28.336019996625645, -23.876329998230869 ], [ 28.335990011429985, -23.876260003096647 ], [ 28.335929997871151, -23.876149998923324 ], [ 28.33591000144548, -23.876109997978094 ], [ 28.33588999692584, -23.876050000607034 ], [ 28.335789998609545, -23.875950003190098 ], [ 28.335709996719011, -23.875879999962006 ], [ 28.335370002623556, -23.875749999363002 ], [ 28.335020001771699, -23.875629997426444 ], [ 28.334909997598373, -23.875619997864639 ], [ 28.334790002856408, -23.875600002338249 ], [ 28.334719999628305, -23.875579997818612 ], [ 28.334480011043745, -23.875529999110235 ], [ 28.334310002304747, -23.875489998164927 ], [ 28.334199998131421, -23.875489998164923 ], [ 28.334050001106753, -23.875480000401684 ], [ 28.33397999787865, -23.87548000040168 ], [ 28.333910001845148, -23.875470001739163 ], [ 28.333759997625879, -23.875460003076643 ], [ 28.33355000323014, -23.875460003076647 ], [ 28.333439999056726, -23.87548999816493 ], [ 28.333370003922592, -23.875520001346992 ], [ 28.333300000694489, -23.875529999110235 ], [ 28.33312000138703, -23.875579997818615 ], [ 28.332980002125424, -23.875600002338253 ], [ 28.332930003416962, -23.875610000101489 ], [ 28.332860000188948, -23.875640003283561 ], [ 28.332779998298324, -23.875640003283561 ], [ 28.332710003164191, -23.875650001046715 ], [ 28.332559998045465, -23.875709998417694 ], [ 28.332389997400526, -23.875820001691739 ], [ 28.332289999084232, -23.875889997725242 ], [ 28.332220003050729, -23.875950003190106 ], [ 28.332119998439204, -23.876040002843876 ], [ 28.33205000240579, -23.876100000214862 ], [ 28.331750000262307, -23.876289998184838 ], [ 28.33161000190016, -23.876369999176099 ], [ 28.33145999678143, -23.876440002404198 ], [ 28.33138000298478, -23.876499999775177 ], [ 28.331279996574604, -23.876530002057969 ], [ 28.331160002732009, -23.876589999428951 ], [ 28.331049998558594, -23.87663000037427 ], [ 28.330699997706827, -23.876729997791191 ], [ 28.330569997107741, -23.876750002310747 ], [ 28.330450003265057, -23.876769998736407 ], [ 28.330189993973093, -23.876769998736414 ], [ 28.32990999724862, -23.876759992879386 ], [ 28.329530001308573, -23.876700002703 ], [ 28.32883999826738, -23.876559997146163 ], [ 28.328519999698315, -23.876469996593102 ], [ 28.328460002327333, -23.876450001066722 ], [ 28.32817999660961, -23.876329998230872 ], [ 28.327970003113151, -23.876230008008459 ], [ 28.327890001222617, -23.87618999986854 ], [ 28.327810000231363, -23.876159996686471 ], [ 28.327670000969846, -23.876080002889822 ], [ 28.327440002054555, -23.875969998716492 ], [ 28.32709999986513, -23.875799998071468 ], [ 28.326969999266133, -23.87571999618093 ], [ 28.326830000903897, -23.87562999742644 ], [ 28.326780002195434, -23.875600002338249 ], [ 28.32664001102771, -23.87549999592807 ], [ 28.326420002680969, -23.875300000194859 ], [ 28.326280004318821, -23.875110003124156 ], [ 28.326189995671797, -23.874970003862551 ], [ 28.326079999592352, -23.874770000035451 ], [ 28.325909998947324, -23.874460000128902 ], [ 28.325720000977256, -23.874199998930827 ], [ 28.325519997150156, -23.874019998723991 ], [ 28.325419998833951, -23.873939997732737 ], [ 28.32518000215542, -23.873840000315809 ], [ 28.324640012326746, -23.873660000108984 ], [ 28.324260001098217, -23.873539998172337 ], [ 28.324160002782012, -23.873510003084139 ], [ 28.324110004073461, -23.873489998564594 ], [ 28.323710003613861, -23.873359998864878 ], [ 28.323519998449193, -23.873300000594522 ], [ 28.323309995959661, -23.873229998265799 ], [ 28.323199999880128, -23.873179998658046 ], [ 28.322849999028271, -23.873040000295813 ], [ 28.322650003295053, -23.872969997067699 ], [ 28.322239996978332, -23.872909999696724 ], [ 28.321919999308548, -23.872869998751501 ], [ 28.32174999776424, -23.872850003225107 ], [ 28.321600000739483, -23.872840003663313 ], [ 28.321460002377247, -23.872829997806189 ], [ 28.321259997650866, -23.872799996422682 ], [ 28.320939999981082, -23.872720009820622 ], [ 28.320739996153982, -23.872619996215846 ], [ 28.320540000420763, -23.872540003318566 ], [ 28.320300002842863, -23.872439996908302 ], [ 28.320149998623595, -23.872379998638039 ], [ 28.32001999802451, -23.872320002166333 ], [ 28.31981999419741, -23.872230009707256 ], [ 28.319269997612334, -23.871999996402753 ], [ 28.318829997106704, -23.871799999770168 ], [ 28.318630001373485, -23.871660001407935 ], [ 28.318379997938642, -23.871499997626774 ], [ 28.318140001260112, -23.871330005075631 ], [ 28.317819994597166, -23.87107000387763 ], [ 28.317560002392245, -23.870799996822434 ], [ 28.317439999556399, -23.870649999797678 ], [ 28.317369997227576, -23.870600001089215 ], [ 28.317290010625523, -23.870550002380661 ], [ 28.317059997321032, -23.870280003419428 ], [ 28.31683999616898, -23.870010002659544 ], [ 28.316670002718553, -23.869860005634788 ], [ 28.316329999629847, -23.869580000816345 ], [ 28.316060000668525, -23.86940999207744 ], [ 28.3159600032516, -23.869339996044022 ], [ 28.315809998132963, -23.869249997289529 ], [ 28.315669998871357, -23.86918000125603 ], [ 28.315539999171641, -23.869130001648291 ], [ 28.315440000855435, -23.869090000702975 ], [ 28.31530000159383, -23.868950003240016 ], [ 28.315279997973558, -23.868880007206609 ], [ 28.315289995736709, -23.868669996623012 ], [ 28.31531000025635, -23.868539996923388 ], [ 28.315369997627332, -23.868449997269607 ], [ 28.315430003092196, -23.868340001190081 ], [ 28.315509995989569, -23.868179998308285 ], [ 28.315719997579908, -23.867899991691285 ], [ 28.315859996841425, -23.867760001422933 ], [ 28.315930000069528, -23.867699995958066 ], [ 28.316060000668525, -23.86760999720358 ], [ 28.316159998984819, -23.867540001170166 ], [ 28.316230002212833, -23.867500000224858 ], [ 28.316329999629847, -23.867440002853861 ], [ 28.316450003364974, -23.867370007719646 ], [ 28.316630001773241, -23.86726000444569 ], [ 28.316959990910945, -23.867069998381741 ], [ 28.317229997966059, -23.86691999326311 ], [ 28.317359997665775, -23.866860003986002 ], [ 28.317549995635844, -23.866759997575826 ], [ 28.317700000754481, -23.866660000158902 ], [ 28.317790001307536, -23.866619999213597 ], [ 28.31787000229879, -23.866579999167648 ], [ 28.318119996740471, -23.8665200008973 ], [ 28.318220003150646, -23.866489998614597 ], [ 28.31831001089839, -23.86648000085135 ], [ 28.318419998883865, -23.866480000851357 ], [ 28.318519997200159, -23.866489998614597 ], [ 28.318660003656277, -23.86647000218883 ], [ 28.318829997106704, -23.866459996331805 ], [ 28.319020003170653, -23.866459996331805 ], [ 28.319139997013249, -23.866449997669278 ], [ 28.31938000178566, -23.866409996723974 ], [ 28.319669997172653, -23.866380003434426 ], [ 28.31983000005453, -23.866340001589833 ], [ 28.319910001945065, -23.866309999307056 ], [ 28.320059998969821, -23.86626999926111 ], [ 28.320210004088459, -23.866210000990755 ], [ 28.320320000167904, -23.866160002282292 ], [ 28.320400001159157, -23.866129999999504 ], [ 28.320559996846434, -23.866009997163658 ], [ 28.320920003555411, -23.865710004013508 ], [ 28.321250007981508, -23.865379998688041 ], [ 28.321550002031021, -23.865010002309798 ], [ 28.321690001292538, -23.864809997583322 ], [ 28.321770002283792, -23.864660000558665 ], [ 28.321860001937566, -23.86448999991363 ], [ 28.32196000025386, -23.864359999314541 ], [ 28.322049999907634, -23.864199996432756 ], [ 28.322099998616096, -23.864120002636014 ], [ 28.322239996978332, -23.863879997863695 ], [ 28.322359999814179, -23.863640001185068 ], [ 28.322419997185161, -23.863500002822924 ], [ 28.322459998130473, -23.86339999731203 ], [ 28.322490000413264, -23.863320002616007 ], [ 28.322570002303799, -23.863100003262605 ], [ 28.322650003295053, -23.862869996253345 ], [ 28.322750000711977, -23.862649996000577 ], [ 28.322790001657289, -23.862510004832856 ], [ 28.322830002602601, -23.862379997039252 ], [ 28.322859996791422, -23.862289997385481 ], [ 28.322899997736823, -23.862180001306029 ], [ 28.322920002256375, -23.862109998078015 ], [ 28.322999996053024, -23.861839998217331 ], [ 28.323019999673299, -23.861770003083191 ], [ 28.323060000618611, -23.861650001146629 ], [ 28.323090003800683, -23.861550002830331 ], [ 28.323129996652114, -23.861410011662699 ], [ 28.323169996698056, -23.861280002969725 ], [ 28.323169996698056, -23.861229996167388 ], [ 28.323199999880128, -23.861110002324796 ], [ 28.323219996305887, -23.860959997206155 ], [ 28.323219996305887, -23.860760000573567 ], [ 28.323289992339301, -23.860450000667015 ], [ 28.323349996904884, -23.860199998131371 ], [ 28.323370001424436, -23.860059991675339 ], [ 28.323379999187676, -23.859929999170138 ], [ 28.323410002369748, -23.859809997233565 ], [ 28.323429997896138, -23.859709998917282 ], [ 28.323429997896138, -23.859669997972052 ], [ 28.32345000331506, -23.859569991561873 ], [ 28.3234799966046, -23.859259999749213 ], [ 28.323509999786761, -23.859009997213569 ], [ 28.323569997157655, -23.858860000188905 ], [ 28.323640001285039, -23.858720001826569 ], [ 28.323780006841876, -23.858540001619833 ], [ 28.323999999900135, -23.858270002658507 ], [ 28.324059997271117, -23.858199999430408 ], [ 28.324129999599851, -23.85812999620239 ], [ 28.324250002435697, -23.857960002751966 ], [ 28.324399998561173, -23.857809997633325 ], [ 28.324420003980006, -23.857780003444422 ], [ 28.324619999713224, -23.85754999733452 ], [ 28.324859996391755, -23.857300001993472 ], [ 28.324949996045529, -23.857250003285102 ], [ 28.325040003793184, -23.857170001394476 ], [ 28.325279999572345, -23.856969997567294 ], [ 28.325500000724485, -23.856789998259835 ], [ 28.325550000332317, -23.856720003125609 ], [ 28.325599999040779, -23.856659997660749 ], [ 28.325729998740496, -23.856529997061749 ], [ 28.325850001576342, -23.856429998745455 ], [ 28.325930002567596, -23.856380000036996 ], [ 28.326070001829201, -23.856259998100427 ], [ 28.32626999036782, -23.856140003358465 ], [ 28.326390000398266, -23.856060009561805 ], [ 28.326460002727, -23.856010002759465 ], [ 28.326590004225366, -23.855939998632074 ], [ 28.326709998067962, -23.855859997640732 ], [ 28.326770002633545, -23.855840002114434 ], [ 28.326990003785685, -23.855689988901918 ], [ 28.327220001801695, -23.855520002645999 ], [ 28.327289989741317, -23.855469995843652 ], [ 28.327400002008524, -23.855390002946283 ], [ 28.327509998087969, -23.855319998818906 ], [ 28.327589999079223, -23.855279998772961 ], [ 28.32777998895541, -23.855170001794143 ], [ 28.328120000137996, -23.855000001149207 ], [ 28.328219997554832, -23.854939995684258 ], [ 28.328449995570931, -23.854810003179139 ], [ 28.328860001887652, -23.854610000251316 ], [ 28.329120003085734, -23.854489997415477 ], [ 28.329310001055802, -23.854410003618813 ], [ 28.329490000363261, -23.854349999053234 ], [ 28.329589997780186, -23.854320003965039 ], [ 28.329779987656373, -23.854240002074423 ], [ 28.329880002160429, -23.854200002028481 ], [ 28.330129996602111, -23.85412000013795 ], [ 28.330290000383268, -23.85404999690984 ], [ 28.330399995563344, -23.854039999146682 ], [ 28.330519998399279, -23.854020001821649 ], [ 28.330860000588615, -23.853959997256073 ], [ 28.331229997866142, -23.853880002560043 ], [ 28.331300001993526, -23.853880002560043 ], [ 28.331499997726745, -23.853829995757707 ], [ 28.331719997979604, -23.853779997049237 ], [ 28.331889998624632, -23.853739997003299 ], [ 28.331939998232375, -23.853729991146178 ], [ 28.332110006971284, -23.85368999020087 ], [ 28.332330000029543, -23.853639998687001 ], [ 28.332429998345749, -23.853599997741693 ], [ 28.332540001619794, -23.85355999679647 ], [ 28.332800002817876, -23.853450000716933 ], [ 28.332999998551184, -23.853360001063251 ], [ 28.333160002332342, -23.853280000071909 ], [ 28.333420002631055, -23.853119997190117 ], [ 28.333610000601123, -23.853010000211313 ], [ 28.333659992114985, -23.852979997928596 ], [ 28.333830000853894, -23.852809997283575 ], [ 28.334140000760527, -23.852439999106679 ], [ 28.334270001359524, -23.852250002035976 ], [ 28.334320000067986, -23.852139997862661 ], [ 28.334350003250147, -23.852020003120689 ], [ 28.334350003250147, -23.851890003420877 ], [ 28.334310002304747, -23.851680000931356 ], [ 28.334280000022044, -23.851550000332267 ], [ 28.334239999076733, -23.851400003307507 ], [ 28.334199998131421, -23.851239992331742 ], [ 28.33419000036827, -23.851190000817891 ], [ 28.334050001106753, -23.851010002409705 ], [ 28.333879999562356, -23.850809997683243 ], [ 28.333799997671822, -23.85074000164974 ], [ 28.3335299987105, -23.850539997822644 ], [ 28.333300000694489, -23.850390000797887 ], [ 28.333250001986116, -23.850359999414465 ], [ 28.333030000833887, -23.85025000333501 ], [ 28.332760001872654, -23.85010999597953 ], [ 28.332530003856643, -23.849999999900088 ], [ 28.33224999813892, -23.849839997018293 ], [ 28.332100001114252, -23.84974999736453 ], [ 28.332010000561109, -23.849680002230389 ], [ 28.331889998624632, -23.849609998102913 ], [ 28.331659993414021, -23.849439996558608 ], [ 28.331420003930091, -23.849259998150426 ], [ 28.331220000102991, -23.849050002855318 ], [ 28.331070003078235, -23.848870004447146 ], [ 28.330760003171601, -23.848589997830139 ], [ 28.330479998353248, -23.848369997577365 ], [ 28.330180004303823, -23.848210002789465 ], [ 28.329880002160429, -23.848059997670735 ], [ 28.329849998978357, -23.848059997670727 ], [ 28.329719999278641, -23.848019996725508 ], [ 28.329560003591364, -23.847969998016957 ], [ 28.329409999372007, -23.847940003828143 ], [ 28.329289989341561, -23.847900002882827 ], [ 28.329220001402028, -23.847879999262553 ], [ 28.328950002440706, -23.847799997371933 ], [ 28.328669995823702, -23.847690009386454 ], [ 28.328550001981018, -23.847630003921594 ], [ 28.328209998892401, -23.847529998410696 ], [ 28.327989998639541, -23.847460002377193 ], [ 28.327620010355265, -23.847430000094494 ], [ 28.327279999172678, -23.847420002331255 ], [ 28.327220001801695, -23.847420002331251 ], [ 28.32709999986513, -23.847389999149094 ], [ 28.326990003785685, -23.84735998877251 ], [ 28.326929999220102, -23.847340000440717 ], [ 28.326839998667047, -23.847340000440717 ], [ 28.326780002195434, -23.847330001778197 ], [ 28.326629997076708, -23.8473300017782 ], [ 28.326489997815191, -23.847320004014954 ], [ 28.32624000337351, -23.847320004014957 ], [ 28.326120001436944, -23.847299998596046 ], [ 28.326070001829201, -23.847299998596046 ], [ 28.325970004412188, -23.847290000832889 ], [ 28.325919996710564, -23.847280003069656 ], [ 28.325869998002101, -23.847280003069645 ], [ 28.325599999040779, -23.84725999944947 ], [ 28.325329999180177, -23.84725999944947 ], [ 28.325220003100732, -23.847269997212614 ], [ 28.325060000218944, -23.847280003069649 ], [ 28.324920000957338, -23.847299998596036 ], [ 28.324820002641044, -23.847309998157925 ], [ 28.324679997084296, -23.8473300017782 ], [ 28.324560002342331, -23.847309998157929 ], [ 28.324470002688557, -23.847320004014961 ], [ 28.324319997569919, -23.847340000440724 ], [ 28.324210002389755, -23.847340000440724 ], [ 28.323860000638529, -23.847389999149097 ], [ 28.323800004166916, -23.847399996912326 ], [ 28.323749997364573, -23.847420002331255 ], [ 28.323720002276293, -23.847430000094498 ], [ 28.323590001677296, -23.847449995620799 ], [ 28.323400003707228, -23.847519999748176 ], [ 28.323270003108231, -23.847550002030975 ], [ 28.323169996698056, -23.847569999356015 ], [ 28.322740002948827, -23.847600000739522 ], [ 28.322220000552662, -23.847600000739526 ], [ 28.322139998662038, -23.847579997119162 ], [ 28.322019996725562, -23.847579997119166 ], [ 28.321829998755494, -23.847569999356011 ], [ 28.321680001730737, -23.847539996173936 ], [ 28.321609999402003, -23.8475299984107 ], [ 28.321479998802918, -23.847529998410703 ], [ 28.321240002124476, -23.847470001039714 ], [ 28.32111999928863, -23.847430000094491 ], [ 28.320719999728311, -23.847269997212614 ], [ 28.320599996892376, -23.847200009272996 ], [ 28.320419997584828, -23.847089997005792 ], [ 28.320249996939889, -23.846989998689494 ], [ 28.320149998623595, -23.846930002217881 ], [ 28.31981999419741, -23.846749994816452 ], [ 28.319719995881115, -23.846700004201868 ], [ 28.319659999409502, -23.846689997445466 ], [ 28.319579998418249, -23.846620002311244 ], [ 28.319470001439434, -23.84654000131999 ], [ 28.319439999156732, -23.846530001758186 ], [ 28.31938000178566, -23.846400002058473 ], [ 28.319229996667023, -23.846170003143101 ], [ 28.319070001879115, -23.846029996687069 ], [ 28.318869998052016, -23.845939997033298 ], [ 28.318689997845187, -23.845870000999792 ], [ 28.318429988553223, -23.845700000354761 ], [ 28.318249998238837, -23.845560001093162 ], [ 28.318230000913886, -23.845529998810459 ], [ 28.318060000268858, -23.845299999895076 ], [ 28.31787000229879, -23.845030000933846 ], [ 28.317809996833926, -23.844940001280069 ], [ 28.317709999417001, -23.844800002917836 ], [ 28.317629998425748, -23.844640000036044 ], [ 28.317549995635844, -23.844500000774438 ], [ 28.31745999598207, -23.844379990743995 ], [ 28.317420003130639, -23.844239999576352 ], [ 28.317380003084697, -23.844029997986016 ], [ 28.317340002139385, -23.843810004927754 ], [ 28.317149996075525, -23.843510003683733 ], [ 28.317149996075525, -23.843470002738428 ], [ 28.317120001886614, -23.843269998911325 ], [ 28.317059997321032, -23.842640001334988 ], [ 28.317089998704542, -23.841939998731995 ], [ 28.317179999257597, -23.841179999657211 ], [ 28.317149996075525, -23.840299998646039 ], [ 28.317059997321032, -23.839520004044957 ], [ 28.316760003271607, -23.839119996390675 ], [ 28.315819995896202, -23.838700000404675 ], [ 28.313000000749472, -23.837699996557568 ], [ 28.311519997250073, -23.837670002368743 ], [ 28.310640004332782, -23.837909999047191 ], [ 28.309040004292768, -23.83852000019785 ], [ 28.308849999128189, -23.838640003033696 ], [ 28.308430010336711, -23.838879998812953 ], [ 28.307789997910099, -23.839210004138405 ], [ 28.307190001717192, -23.839639997887634 ], [ 28.306639997937605, -23.840299998646039 ], [ 28.306069996832978, -23.840879998413193 ], [ 28.305520000247814, -23.841419997235107 ], [ 28.30501000370877, -23.841760000323728 ], [ 28.304490002211885, -23.841999996102981 ], [ 28.304130002697509, -23.842450003365016 ], [ 28.303609993106743, -23.842670002718506 ], [ 28.302770000235395, -23.842879997114252 ], [ 28.301979998877908, -23.842670002718503 ], [ 28.301340002639058, -23.841819996795433 ], [ 28.300649998698496, -23.841090000003533 ], [ 28.300370001974024, -23.840489996616022 ], [ 28.300039996648557, -23.839549999133148 ], [ 28.299769989593443, -23.838640003033699 ], [ 28.299499998726002, -23.838210000291301 ], [ 28.299440002254389, -23.837940001330068 ], [ 28.299440002254389, -23.83739999531355 ], [ 28.299369998127005, -23.836939998382253 ], [ 28.299310000756023, -23.836669997622366 ], [ 28.299159995637385, -23.836149996125393 ], [ 28.298979997229118, -23.83546000117817 ], [ 28.298950002140927, -23.835000004246776 ], [ 28.298619997714741, -23.834430003142145 ], [ 28.298799997022289, -23.83382000109221 ], [ 28.298500002972773, -23.832909996898877 ], [ 28.298439998407282, -23.832310001605332 ], [ 28.298410003319091, -23.831579996719466 ], [ 28.298529998060967, -23.830729998890366 ], [ 28.298470000690074, -23.829520008741401 ], [ 28.298250000437214, -23.828159999084686 ], [ 28.298070001129666, -23.827310000356217 ], [ 28.297920004104999, -23.827009998212908 ], [ 28.297800002168433, -23.826550002180898 ], [ 28.298100010607058, -23.826100003012741 ], [ 28.298710004563116, -23.825710001215572 ], [ 28.299400001309078, -23.825640006081439 ], [ 28.300680001880568, -23.826130005295528 ], [ 28.303340001340022, -23.827130001048758 ], [ 28.305340000041074, -23.827979998877854 ], [ 28.305739999601393, -23.828460001228081 ], [ 28.306459997730776, -23.828789996661015 ], [ 28.307010003309102, -23.828919998159375 ], [ 28.30746000157788, -23.828579995070761 ], [ 28.307730001438486, -23.828190001367474 ], [ 28.307889996226393, -23.827700002153385 ], [ 28.307950000791976, -23.82704000139498 ], [ 28.307950000791976, -23.826640000935299 ], [ 28.307889996226393, -23.825549998333784 ], [ 28.307860001138202, -23.824860003386465 ], [ 28.307979995880167, -23.823519997350029 ], [ 28.308070002728453, -23.823010000810896 ], [ 28.308070002728453, -23.821649998348697 ], [ 28.307950000791976, -23.821310004253327 ], [ 28.308040001345031, -23.819339998841908 ], [ 28.308040001345031, -23.818409999122181 ], [ 28.308189998369787, -23.81780000516612 ], [ 28.308250002935281, -23.817129997651328 ], [ 28.308219999753209, -23.816379998138423 ], [ 28.308189998369787, -23.81574000100029 ], [ 28.308070002728453, -23.81473999805247 ], [ 28.308009998162959, -23.814290006978201 ], [ 28.307860001138202, -23.813679996834466 ], [ 28.307699998256325, -23.813110003823635 ], [ 28.30746000157788, -23.81229000827723 ], [ 28.307190001717192, -23.811769997787184 ], [ 28.306759999874171, -23.811140000210859 ], [ 28.306459997730776, -23.81079999712215 ], [ 28.305979997179204, -23.810529998160916 ], [ 28.305699998656081, -23.810259999199594 ], [ 28.305370003223146, -23.810049995810701 ], [ 28.304710001565375, -23.809899998785941 ], [ 28.303920001107169, -23.809959988962326 ], [ 28.302829997606377, -23.810470000789937 ], [ 28.301769997287568, -23.811049999657804 ], [ 28.300590010320764, -23.811710001315578 ], [ 28.299620000662568, -23.811889999723753 ], [ 28.298070001129666, -23.811409999172188 ], [ 28.296920001157172, -23.810500003072729 ], [ 28.296160002082477, -23.809559996596608 ], [ 28.295710002914326, -23.809080003239547 ], [ 28.295289998834456, -23.808410003818626 ], [ 28.295350004299319, -23.807779998148419 ], [ 28.295559997795689, -23.807199999280545 ], [ 28.295980001875648, -23.806960001702734 ], [ 28.296740000950344, -23.806750000112398 ], [ 28.29859001072052, -23.806750000112405 ], [ 28.299710001215622, -23.80652999985962 ], [ 28.300160000383773, -23.80617000124462 ], [ 28.300220004949356, -23.805720002076466 ], [ 28.300220004949356, -23.805169997397428 ], [ 28.299620000662568, -23.804319998669044 ], [ 28.2983800010363, -23.803569998256773 ], [ 28.297649997049795, -23.803290000633027 ], [ 28.296560001642796, -23.802629999874618 ], [ 28.294859996091976, -23.802350003150153 ], [ 28.293829998056047, -23.802170002943321 ], [ 28.292620000712571, -23.801139988719541 ], [ 28.291619996865375, -23.800230000713977 ], [ 28.291200000879385, -23.79942000293082 ], [ 28.291139996313802, -23.798630001573333 ], [ 28.291110001225611, -23.797840001115116 ], [ 28.290980000626615, -23.79730000229328 ], [ 28.290829996407258, -23.796839997268105 ], [ 28.290589998829446, -23.796330000728968 ], [ 28.290500000074953, -23.795630008018509 ], [ 28.290500000074953, -23.794900004031913 ], [ 28.290260010591023, -23.794089998154877 ], [ 28.289920000307806, -23.793540000670518 ], [ 28.289409995674792, -23.793119996590558 ], [ 28.2889300032171, -23.792870002148881 ], [ 28.288469998191918, -23.792750000212404 ], [ 28.288019999023767, -23.792719997030243 ], [ 28.287499996627602, -23.792780001595826 ], [ 28.286810001680291, -23.793149999772726 ], [ 28.286529995962567, -23.793599998041504 ], [ 28.286109999976578, -23.794049997209648 ], [ 28.28549999792655, -23.795329997781234 ], [ 28.285170001594334, -23.796110001375478 ], [ 28.284810002979327, -23.797109997128707 ], [ 28.284749998413744, -23.797809997933047 ], [ 28.284619996915378, -23.7986000001899 ], [ 28.284690001042762, -23.799510010678464 ], [ 28.284590002726468, -23.799780003344477 ], [ 28.284590002726468, -23.80045000186611 ], [ 28.284619996915378, -23.801600001838604 ], [ 28.284619996915378, -23.802289996785916 ], [ 28.284500003072694, -23.803049995860611 ], [ 28.284410003419008, -23.803529998210838 ], [ 28.284049987716781, -23.80431999866904 ], [ 28.283779996849429, -23.804870004247366 ], [ 28.282929998120959, -23.805590002376753 ], [ 28.282659999159726, -23.805839996818431 ], [ 28.281379997688777, -23.806200002628035 ], [ 28.280380002834921, -23.806200002628035 ], [ 28.279479997304108, -23.806170001244624 ], [ 28.278719998229413, -23.805590002376746 ], [ 28.277779999847169, -23.805290000233356 ], [ 28.276390003196145, -23.805199999680308 ], [ 28.275780001146206, -23.805050002655463 ], [ 28.2741499988234, -23.804379996040026 ], [ 28.272330000329266, -23.80372000337551 ], [ 28.270869999550857, -23.802840002364245 ], [ 28.269180000756439, -23.801629988832921 ], [ 28.267269993615368, -23.800169996148476 ], [ 28.266539996823465, -23.799449998019007 ], [ 28.266659999659311, -23.7986000001899 ], [ 28.267239999426458, -23.797419997035249 ], [ 28.26815000272051, -23.796299999345464 ], [ 28.269899998885911, -23.794719995731199 ], [ 28.270869999550857, -23.793419998733956 ], [ 28.271509995789707, -23.791659996711427 ], [ 28.27157000125457, -23.791150001071674 ], [ 28.271840000215892, -23.790059996671506 ], [ 28.271660000908344, -23.788779996999295 ], [ 28.270599999690255, -23.787910001845155 ], [ 28.2685699987065, -23.786940001180124 ], [ 28.268089997255647, -23.786360001412977 ], [ 28.267630001223626, -23.786029996986791 ], [ 28.266240002773952, -23.785600003237558 ], [ 28.26556999615843, -23.785150004069493 ], [ 28.26493999768282, -23.784540002019465 ], [ 28.263240001125251, -23.783539999071735 ], [ 28.261820001292065, -23.782670003917506 ], [ 28.260090001552424, -23.781549998133919 ], [ 28.259179998258372, -23.781210003139183 ], [ 28.258699996807518, -23.780910000995796 ], [ 28.258299997247111, -23.780060003166607 ], [ 28.257520001746744, -23.779429996597027 ], [ 28.256850003225104, -23.778550002780452 ], [ 28.256060000968336, -23.777699996857375 ], [ 28.255610002699555, -23.776969992870875 ], [ 28.255120002586093, -23.775429999195094 ], [ 28.254879997813681, -23.774670000120402 ], [ 28.254939996083944, -23.774160003581272 ], [ 28.255000000649527, -23.772790003356004 ], [ 28.255179999957075, -23.771979998378242 ], [ 28.255149997674284, -23.770760002372249 ], [ 28.254579996569657, -23.769369996727971 ], [ 28.253697002614636, -23.767979001829509 ], [ 28.253520004344729, -23.767700001553823 ], [ 28.252519999598341, -23.766309996808918 ], [ 28.251789995611926, -23.765549997734222 ], [ 28.251490001562416, -23.765100000364722 ], [ 28.250880001311124, -23.764579997968557 ], [ 28.250790000757981, -23.764340001290027 ], [ 28.250669997922135, -23.762920000557564 ], [ 28.250669997922135, -23.762219999753214 ], [ 28.250820003040776, -23.761860001138121 ], [ 28.251100000664525, -23.761219995906114 ], [ 28.251310003154146, -23.760560003241586 ], [ 28.252039990952891, -23.759919998908863 ], [ 28.252669996623098, -23.75970999731852 ], [ 28.253729997841187, -23.759439998357287 ], [ 28.254280003419424, -23.758740003848093 ], [ 28.254490005009764, -23.758159996886338 ], [ 28.254759995877205, -23.757190004315273 ], [ 28.255549997234692, -23.755830000953786 ], [ 28.256460001427936, -23.754829998006056 ], [ 28.257730004236365, -23.753260001148114 ], [ 28.258029998285878, -23.752350005048662 ], [ 28.258029998285878, -23.751740003898085 ], [ 28.257939997732734, -23.750960000303753 ], [ 28.258150000222354, -23.750229996317248 ], [ 28.258209996694056, -23.749679999732262 ], [ 28.258429996946827, -23.748259999899073 ], [ 28.258400002758005, -23.747020000272816 ], [ 28.2580599996693, -23.746020003620302 ], [ 28.257429993999089, -23.745169997697229 ], [ 28.256879997414014, -23.74477999590006 ], [ 28.256060000968336, -23.744379996339745 ], [ 28.255909995849702, -23.743929998070964 ], [ 28.25570000235324, -23.74298999878944 ], [ 28.255489999863624, -23.742440003103731 ], [ 28.255179999957079, -23.74202000621829 ], [ 28.25464000203452, -23.74134999870348 ], [ 28.254430000444181, -23.740419998983764 ], [ 28.254219997954561, -23.739629997626281 ], [ 28.254219997954561, -23.738299998346225 ], [ 28.254490005009767, -23.737660002107376 ], [ 28.254339999891126, -23.73705000005744 ], [ 28.254339999891126, -23.736209999092218 ], [ 28.254430000444181, -23.735480003199587 ], [ 28.254460001827692, -23.734900004331728 ], [ 28.254879997813681, -23.734180006202344 ], [ 28.255090000303301, -23.733150000072445 ], [ 28.254820001341983, -23.732719998229339 ], [ 28.254159999684298, -23.732030002382743 ], [ 28.253249997289615, -23.731540002269277 ], [ 28.252579997868693, -23.731209997843184 ], [ 28.2517600023223, -23.730360000013988 ], [ 28.250279997024251, -23.729940003128636 ], [ 28.248849999428003, -23.729420000732471 ], [ 28.245489998264834, -23.728570002903371 ], [ 28.242620004409734, -23.728239997577813 ], [ 28.24192000180674, -23.728120003735135 ], [ 28.240680002180383, -23.728090000553056 ], [ 28.238829999604807, -23.72809000055306 ], [ 28.237769999286087, -23.727719996080925 ], [ 28.237010001110761, -23.727330003277004 ], [ 28.236650001596296, -23.726699995808154 ], [ 28.236219998853905, -23.725969999915527 ], [ 28.234679997084243, -23.725300001393975 ], [ 28.23377000188416, -23.724510000036485 ], [ 28.233379991993107, -23.723480002000475 ], [ 28.232559996446714, -23.722940003178639 ], [ 28.232409999421957, -23.722579995570374 ], [ 28.231139995714248, -23.721909997048733 ], [ 28.229799997771774, -23.721329998180874 ], [ 28.228620002711001, -23.720939996383709 ], [ 28.226649999098228, -23.721270000809884 ], [ 28.225229999265043, -23.721180001156107 ], [ 28.224230004411275, -23.720699999705261 ], [ 28.2236899965961, -23.719790003605812 ], [ 28.223019998074548, -23.718489999413958 ], [ 28.222499995678294, -23.717000004446632 ], [ 28.222529998860455, -23.716189997670231 ], [ 28.222749999113226, -23.715309996659062 ], [ 28.223019998074548, -23.714459997930589 ], [ 28.223750002960333, -23.713640002384285 ], [ 28.224470001089717, -23.712579993971502 ], [ 28.22474999781419, -23.711910001745185 ], [ 28.225530001408526, -23.710069998731491 ], [ 28.225840001315071, -23.709369997027785 ], [ 28.226140002559095, -23.708919997859635 ], [ 28.226590001727242, -23.707549997634281 ], [ 28.226500002073468, -23.706669996623109 ], [ 28.226380000136906, -23.70573999600402 ], [ 28.225289996636114, -23.704860003086715 ], [ 28.224200001229114, -23.704709997968081 ], [ 28.219929995872704, -23.703649997649272 ], [ 28.218689996246347, -23.703130004246272 ], [ 28.218139998761991, -23.70252999995957 ], [ 28.217960000353813, -23.702070003028187 ], [ 28.217749997864189, -23.701129996552055 ], [ 28.218170001944063, -23.699739999901116 ], [ 28.218539999221679, -23.698320000067934 ], [ 28.21831999896882, -23.697129999150128 ], [ 28.217209052955504, -23.696417461796475 ], [ 28.216869996852932, -23.696199999430501 ], [ 28.21475000341, -23.696100001114207 ], [ 28.213570000255348, -23.695769995788645 ], [ 28.21295999910469, -23.694590000727963 ], [ 28.212599999590314, -23.692770002233836 ], [ 28.212389998000063, -23.691440002054421 ], [ 28.212360002911872, -23.68944000335345 ], [ 28.212420000282851, -23.688899997337018 ], [ 28.212029997586406, -23.687259997251061 ], [ 28.211449998718539, -23.685869999700756 ], [ 28.210420000682518, -23.684989998689492 ], [ 28.209360001263082, -23.683810003628718 ], [ 28.208089997555462, -23.682720000127937 ], [ 28.207150000072499, -23.681600003337508 ], [ 28.206149996225392, -23.680720001426963 ], [ 28.205760001622824, -23.679960003251548 ], [ 28.205299998396203, -23.679109996429197 ], [ 28.205509999986631, -23.677960003651307 ], [ 28.206629996776964, -23.676020002321234 ], [ 28.207119996890427, -23.674420003180597 ], [ 28.207029997236653, -23.672839999566335 ], [ 28.206659999959033, -23.672149997424427 ], [ 28.205760001622824, -23.671750005058708 ], [ 28.204700002203385, -23.671780000146896 ], [ 28.201030000234393, -23.672960002402181 ], [ 28.199520000747523, -23.673209996843863 ], [ 28.197639995889155, -23.673209996843866 ], [ 28.196489995916661, -23.672689995346978 ], [ 28.194910001295565, -23.67165999731105 ], [ 28.192700000104985, -23.670120002735903 ], [ 28.190189996771004, -23.668970002763405 ], [ 28.188250004434188, -23.668239998776905 ], [ 28.185950002690547, -23.6674200032306 ], [ 28.183369997027839, -23.666599998691034 ], [ 28.181859996641599, -23.665939997932544 ], [ 28.179980000776482, -23.665120002386232 ], [ 28.178919999558389, -23.664909999896526 ], [ 28.177559997995559, -23.664969989173713 ], [ 28.176650001896107, -23.66490999989653 ], [ 28.175259997151201, -23.66494000217941 ], [ 28.17359000197705, -23.664640000935297 ], [ 28.173200001079255, -23.66458000266503 ], [ 28.170919995761288, -23.663520003245498 ], [ 28.170199997631816, -23.663030003132224 ], [ 28.169169999595887, -23.662420001082189 ], [ 28.168199998930852, -23.662209998592569 ], [ 28.166929997021789, -23.662179997209147 ], [ 28.166140002858906, -23.661910005442429 ], [ 28.165620001362022, -23.661819997694771 ], [ 28.163959996756514, -23.66142999589761 ], [ 28.16234999985263, -23.660399997861674 ], [ 28.161169996698064, -23.658939997982554 ], [ 28.160749999812705, -23.657909999946526 ], [ 28.160629997876139, -23.656519995201631 ], [ 28.160629997876139, -23.655190003116186 ], [ 28.160290003780684, -23.652429997246561 ], [ 28.160290003780684, -23.651610000800961 ], [ 28.160348639578146, -23.651044328133242 ], [ 28.16042299642416, -23.650327000091028 ], [ 28.160540006316335, -23.649189998020042 ], [ 28.161169996698064, -23.646889997175681 ], [ 28.16128999863454, -23.645189999718749 ], [ 28.161440011847148, -23.642560003441456 ], [ 28.161410000571102, -23.641469999940572 ], [ 28.161440011847148, -23.640040002344243 ], [ 28.161689999094225, -23.638440003203588 ], [ 28.161440011847148, -23.637260000048933 ], [ 28.161259996351838, -23.636259996201918 ], [ 28.161320001816701, -23.635470002938316 ], [ 28.161630001723246, -23.634289999783658 ], [ 28.162229997016784, -23.633470004237346 ], [ 28.162333002666038, -23.633229998565575 ], [ 28.162570000105489, -23.632680002879859 ], [ 28.162659999759263, -23.632439998107454 ], [ 28.161959998055547, -23.632020002121376 ], [ 28.160930000019533, -23.631859999239584 ], [ 28.159749996864878, -23.631859999239587 ], [ 28.15850999723861, -23.632200001428917 ], [ 28.157720003075724, -23.632439998107454 ], [ 28.156689997845195, -23.632049996310283 ], [ 28.155780001745743, -23.631410008165314 ], [ 28.154750003709726, -23.629680000331696 ], [ 28.153899996887375, -23.627810002229829 ], [ 28.15314999737457, -23.625990001937048 ], [ 28.152540003418512, -23.624599997192135 ], [ 28.151720006972745, -23.623319995721264 ], [ 28.149599998241424, -23.621840000315757 ], [ 28.148060003666274, -23.620990000688003 ], [ 28.14715000037231, -23.620810002279747 ], [ 28.146059996871429, -23.620930004216302 ], [ 28.144909995999566, -23.62125999964924 ], [ 28.142999996952373, -23.621660000108925 ], [ 28.141489998364786, -23.621539998172363 ], [ 28.14005999986917, -23.621080009335039 ], [ 28.138969997267655, -23.620050003205137 ], [ 28.136670003617812, -23.617959995857149 ], [ 28.134939995784201, -23.616539996923329 ], [ 28.133850001276571, -23.615480003799124 ], [ 28.132489998814457, -23.614120001337007 ], [ 28.131310003753686, -23.61347999700428 ], [ 28.129850002975367, -23.612930000419198 ], [ 28.126980001026293, -23.613119998389184 ], [ 28.123309999956582, -23.613930004266308 ], [ 28.120219997754738, -23.614600002787952 ], [ 28.118979998128466, -23.614870001749178 ], [ 28.118009996564151, -23.614780002095412 ], [ 28.116920002056524, -23.614300000644466 ], [ 28.115800004366733, -23.613060001018283 ], [ 28.115590001877113, -23.61212000173667 ], [ 28.115800004366733, -23.610809998882392 ], [ 28.116099998416246, -23.609690001192604 ], [ 28.116439999706209, -23.608719999628292 ], [ 28.117379990893944, -23.606969996268376 ], [ 28.117830005350573, -23.60618000300477 ], [ 28.118349998753491, -23.604389997800176 ], [ 28.118650000896885, -23.603450000317206 ], [ 28.118709998267867, -23.602609999351976 ], [ 28.119189999718717, -23.601119996290873 ], [ 28.119469997342563, -23.598970000565057 ], [ 28.11940999997158, -23.597490004260258 ], [ 28.119279999372491, -23.596250003734717 ], [ 28.119220010095482, -23.594400002058507 ], [ 28.119769998586587, -23.591880000961289 ], [ 28.120083996879021, -23.591214997274328 ], [ 28.120799996622601, -23.589700002053494 ], [ 28.12090000303278, -23.589560010885776 ], [ 28.121030002732496, -23.589350001201556 ], [ 28.121069995583834, -23.589220000602559 ], [ 28.121080002340328, -23.589170001894093 ], [ 28.121099998765999, -23.589090000003559 ], [ 28.121019996875464, -23.588739991957102 ], [ 28.120990002686554, -23.58869999101179 ], [ 28.120960000403759, -23.588669995923599 ], [ 28.120910000795927, -23.588339999591298 ], [ 28.120690008637041, -23.587740004297753 ], [ 28.120449995770748, -23.587080002640075 ], [ 28.120410002919407, -23.587010000311253 ], [ 28.120399997062286, -23.586969999365941 ], [ 28.120359988922459, -23.586870001049732 ], [ 28.12033000192806, -23.586780001395962 ], [ 28.120290000982841, -23.586680003079668 ], [ 28.120209999991587, -23.586429999644821 ], [ 28.120160001283036, -23.5862599989998 ], [ 28.1201399958642, -23.586190003865667 ], [ 28.12003999844719, -23.585949999093163 ], [ 28.119909997848193, -23.585710002414721 ], [ 28.119819998194419, -23.585509998587533 ], [ 28.119710010208856, -23.585279999672238 ], [ 28.119509998287871, -23.584880000111923 ], [ 28.119379996789508, -23.584570000205378 ], [ 28.119239999326549, -23.584369996378282 ], [ 28.119010000411258, -23.584089998754433 ], [ 28.118899996237843, -23.583969996817956 ], [ 28.118569999905631, -23.583639999586278 ], [ 28.118409997023754, -23.583509999886576 ], [ 28.118309998707549, -23.583410001570282 ], [ 28.118150003020272, -23.583280000971275 ], [ 28.117959997855692, -23.583129995852637 ], [ 28.117800003067696, -23.582960003301498 ], [ 28.117649997949144, -23.582800000419702 ], [ 28.117580001915645, -23.582660001158189 ], [ 28.117530003207179, -23.582610001550357 ], [ 28.117450002215929, -23.582499998276312 ], [ 28.117350003899631, -23.582279998023537 ], [ 28.117289999334048, -23.582130000998784 ], [ 28.117285603447904, -23.582121440352196 ], [ 28.118125062121944, -23.582022907930856 ], [ 28.15687950838268, -23.576608190615538 ], [ 28.167706341274677, -23.575129173672487 ], [ 28.169902876016948, -23.563485256339494 ], [ 28.176733592981005, -23.561681422259792 ], [ 28.177311427180694, -23.55914882705672 ], [ 28.178353418575462, -23.554581594864725 ], [ 28.178359997116196, -23.554579998568123 ], [ 28.178356203775799, -23.554569384769305 ], [ 28.178356052689722, -23.554568961188664 ], [ 28.171667014920885, -23.535849652839218 ], [ 28.1697037930956, -23.530355565856699 ], [ 28.168866000865339, -23.528011000906961 ], [ 28.168723232591159, -23.527611095775459 ], [ 28.168680001281075, -23.527490001162636 ], [ 28.166709996769026, -23.508380003934072 ], [ 28.17136000526008, -23.505730002237861 ], [ 28.172868999304907, -23.504869996752987 ], [ 28.221389996651023, -23.477212999280518 ], [ 28.221429996697054, -23.477190002716402 ], [ 28.256079998293291, -23.494430001843085 ], [ 28.256599999790176, -23.494149997024728 ], [ 28.260149998923321, -23.492260009691691 ], [ 28.265217189421808, -23.489529236285264 ], [ 28.265289999434049, -23.48948999796503 ], [ 28.267105003093505, -23.488512998775928 ], [ 28.283490000563159, -23.479699997057217 ], [ 28.297180002355258, -23.472349996255357 ], [ 28.300980004024055, -23.471529999809686 ], [ 28.308199996132942, -23.469960003851114 ], [ 28.309460001178131, -23.469700002652939 ], [ 28.321619997165246, -23.467080004138889 ], [ 28.341390004145367, -23.430810007875525 ], [ 28.383020000272857, -23.438269996663042 ], [ 28.38670000809897, -23.473849997978991 ], [ 28.399310003254058, -23.493839997118197 ] ] ] } },
{ "type": "Feature", "properties": { "Municipali": "Mogalakwena Local Municipality", "WardNo": "8", "WardLabel": "LIM367_8", "Province": "Limpopo", "CLASSIFICATION": "Service centre", "PopGBlack": 9028.4227923, "PopGColour": 12.680577412, "PopGIndian": 15.973423416, "PopGWhite": 7.14959127, "PopGOther": 32.6337738, "PopGTotal": 9096.8601581999992 }, "geometry": { "type": "Polygon", "coordinates": [ [ [ 28.604961095278409, -23.608201034150412 ], [ 28.60551358838141, -23.608401939997474 ], [ 28.606204202961599, -23.608401939997474 ], [ 28.607120837856431, -23.608314042958767 ], [ 28.607798896102249, -23.608226146819241 ], [ 28.608702973763251, -23.608100579877863 ], [ 28.609745175599372, -23.608088024442768 ], [ 28.611088735756635, -23.608113137111605 ], [ 28.611879804609369, -23.608251260387359 ], [ 28.612532750186354, -23.608464722568879 ], [ 28.612909449211749, -23.608841421594281 ], [ 28.61306012882196, -23.609243235087252 ], [ 28.613035016153127, -23.60964504678148 ], [ 28.612884335643635, -23.610034303040692 ], [ 28.612444853147551, -23.610737474854631 ], [ 28.612143493927128, -23.61127741072389 ], [ 28.611754237667991, -23.611729449554446 ], [ 28.611452879346938, -23.612106148579919 ], [ 28.611176632795438, -23.612445177702828 ], [ 28.610975726048999, -23.612759094156907 ], [ 28.610875272675734, -23.613035339809034 ], [ 28.610875272675734, -23.613248802889942 ], [ 28.610887829909476, -23.613487378639583 ], [ 28.610850160006901, -23.613688286285395 ], [ 28.610661809594923, -23.613889192132547 ], [ 28.610511130884081, -23.614077541645248 ], [ 28.610498573650339, -23.614366343631836 ], [ 28.610573914354681, -23.614604921180131 ], [ 28.610799932870673, -23.614856053264248 ], [ 28.611126405659121, -23.614943950303044 ], [ 28.611390095876249, -23.615094629913255 ], [ 28.611591001723408, -23.615220195955349 ], [ 28.611641227960355, -23.615370875565468 ], [ 28.611666342427839, -23.61568479201955 ], [ 28.611779351236105, -23.616061491045038 ], [ 28.612130936693386, -23.616274954125849 ], [ 28.612557862855098, -23.616337736697169 ], [ 28.612922006445491, -23.616274954125846 ], [ 28.613273591902772, -23.616111717281981 ], [ 28.613587508356847, -23.615835470730392 ], [ 28.613813526872839, -23.615584338646286 ], [ 28.614303235605959, -23.615383431899847 ], [ 28.614868285043332, -23.615245308624093 ], [ 28.61554634418852, -23.61505696001068 ], [ 28.616274628671285, -23.614931393069387 ], [ 28.616915017913808, -23.614780712559803 ], [ 28.61734194407552, -23.614768157124807 ], [ 28.618145569262627, -23.614705373654115 ], [ 28.618711791416146, -23.614713348842006 ], [ 28.620302302709128, -23.614742369964397 ], [ 28.622026180763655, -23.614849998128911 ], [ 28.622439939951366, -23.614931393069391 ], [ 28.622979874921345, -23.61515741338394 ], [ 28.623256122372215, -23.615383431899847 ], [ 28.623394244748596, -23.615735018256501 ], [ 28.623519810790693, -23.616023821142466 ], [ 28.623833727244769, -23.616375406599744 ], [ 28.623971849621238, -23.616701880287561 ], [ 28.624172756367678, -23.617292042393849 ], [ 28.624222982604625, -23.617781751126884 ], [ 28.624273208841572, -23.618120780249786 ], [ 28.624273208841572, -23.618397025902013 ], [ 28.624273208841572, -23.618610488982917 ], [ 28.624348548646633, -23.618761168593124 ], [ 28.624524341824959, -23.618936961771364 ], [ 28.624913598084184, -23.619125311284147 ], [ 28.625340524245896, -23.619313660796845 ], [ 28.625880460115155, -23.619326218030594 ], [ 28.626370168848275, -23.619200651089201 ], [ 28.626822207678821, -23.619012301576419 ], [ 28.627324472746313, -23.618723498690549 ], [ 28.627793463797374, -23.618431485224878 ], [ 28.63077234306925, -23.616435936369381 ], [ 28.632472578846485, -23.614968797671917 ], [ 28.635571394404419, -23.612761233644072 ], [ 28.636000439368864, -23.612576037154369 ], [ 28.636139235337538, -23.612520518407262 ], [ 28.636917746956531, -23.612394952365161 ], [ 28.637570691634146, -23.612394952365165 ], [ 28.638926809924342, -23.612470292170229 ], [ 28.639705320644143, -23.612683754351753 ], [ 28.64050894583125, -23.612809321293124 ], [ 28.640935871992962, -23.612985113572183 ], [ 28.641438137959735, -23.613324142694999 ], [ 28.641827394218961, -23.613751068856711 ], [ 28.642116197104922, -23.614328673729354 ], [ 28.642392442757053, -23.615006732874452 ], [ 28.642568235935379, -23.615596894980744 ], [ 28.642593348604212, -23.615998707574349 ], [ 28.642593348604212, -23.61637540659974 ], [ 28.642404999091426, -23.616852558998403 ], [ 28.642153866108039, -23.617342267731523 ], [ 28.641764610748183, -23.617919874402638 ], [ 28.641375355388416, -23.618535149177855 ], [ 28.640935871992962, -23.618999745242046 ], [ 28.64043360692547, -23.619502011208823 ], [ 28.639969010861183, -23.619878710234307 ], [ 28.639655095306477, -23.620079616081465 ], [ 28.63919049924219, -23.620267965594159 ], [ 28.638424543957569, -23.620569324814493 ], [ 28.637759042046213, -23.620920911171147 ], [ 28.636905189722789, -23.621385507235434 ], [ 28.636377811986463, -23.621686865556395 ], [ 28.636001112061699, -23.622088679049277 ], [ 28.635787648980887, -23.622314697565272 ], [ 28.635624413036304, -23.622590944116769 ], [ 28.635624413036304, -23.622842077100156 ], [ 28.635687195607623, -23.623093210083631 ], [ 28.635837876117115, -23.623407125638337 ], [ 28.636114121769335, -23.623721042092413 ], [ 28.636553605164789, -23.624047514880949 ], [ 28.637080982901026, -23.624286090630598 ], [ 28.637821824617532, -23.624725573126764 ], [ 28.638411986723828, -23.62496414887632 ], [ 28.639090045868926, -23.625202726424707 ], [ 28.639592311835788, -23.62542874494061 ], [ 28.639843443919894, -23.625755217729147 ], [ 28.640132246805855, -23.625931010907472 ], [ 28.640534060298734, -23.626106804085705 ], [ 28.640898202090387, -23.626408163306131 ], [ 28.64126234478141, -23.626772305997157 ], [ 28.641538591332999, -23.627098777886317 ], [ 28.641726940845697, -23.627488034145454 ], [ 28.641839949654052, -23.627801949700249 ], [ 28.641915290358483, -23.628103309819871 ], [ 28.642015742832289, -23.628743698163106 ], [ 28.642103639871181, -23.62939664374009 ], [ 28.642153866108039, -23.630187711693551 ], [ 28.642116197104922, -23.630953666978161 ], [ 28.642091082637439, -23.631594056220695 ], [ 28.642078527202347, -23.632184218327073 ], [ 28.64202957260677, -23.632559527000549 ], [ 28.642089766929274, -23.633166989365048 ], [ 28.642178395116908, -23.633466109273531 ], [ 28.642399965585991, -23.633909251111067 ], [ 28.64266585104826, -23.634296999207187 ], [ 28.642976049704977, -23.634729062296412 ], [ 28.643374878348066, -23.635161125385622 ], [ 28.643895568725547, -23.635559953129345 ], [ 28.644637831370851, -23.636036330312379 ], [ 28.645789998709542, -23.636745355813535 ], [ 28.646543340103076, -23.637166341053803 ], [ 28.647174816164828, -23.637731346424566 ], [ 28.647773056881171, -23.638252037701328 ], [ 28.648205119970388, -23.638628707948488 ], [ 28.648382377244936, -23.638817043072077 ], [ 28.648759046592737, -23.639038614440526 ], [ 28.649113560242636, -23.639404205939382 ], [ 28.649312974114547, -23.639825190280281 ], [ 28.649389946189121, -23.640179258765745 ], [ 28.649423759798726, -23.640334802808898 ], [ 28.649456995144224, -23.640822258740258 ], [ 28.649434837647675, -23.641243243081153 ], [ 28.64937944480554, -23.641586677982822 ], [ 28.649357288208272, -23.641808247552628 ], [ 28.649346210359408, -23.642051976417537 ], [ 28.649357288208272, -23.642284625635032 ], [ 28.649191109682047, -23.642583746442792 ], [ 28.649024932055006, -23.642772080667019 ], [ 28.648792282837604, -23.642949337941651 ], [ 28.648548554871969, -23.643126595216195 ], [ 28.648371297597333, -23.643348164786001 ], [ 28.648293749057306, -23.643658364342087 ], [ 28.648238356215259, -23.643824541969035 ], [ 28.648072177688935, -23.643935327653214 ], [ 28.647906000061901, -23.64415689902167 ], [ 28.647728742787265, -23.64436739074252 ], [ 28.647551487311279, -23.64454464711779 ], [ 28.64727452310078, -23.644843767925561 ], [ 28.647086187977283, -23.64508749589119 ], [ 28.646864616608831, -23.645320145108595 ], [ 28.646764909672878, -23.645552794325994 ], [ 28.646654124887977, -23.646007014012568 ], [ 28.646554417952114, -23.64632829231688 ], [ 28.646377161576847, -23.646660647570872 ], [ 28.646210983050441, -23.646937611781368 ], [ 28.64608912041659, -23.647247811337447 ], [ 28.646011570077995, -23.647546931245849 ], [ 28.646033726675174, -23.647990073083385 ], [ 28.646033726675174, -23.648488606863776 ], [ 28.646022647926856, -23.648776648923228 ], [ 28.646000491329676, -23.64895390619786 ], [ 28.645878626897176, -23.649097927227544 ], [ 28.645668135176322, -23.649120083824812 ], [ 28.645501956650005, -23.649175475767578 ], [ 28.645402249714053, -23.64931949679735 ], [ 28.645335779023057, -23.649552146914026 ], [ 28.645291464929151, -23.649840188973563 ], [ 28.64530254277819, -23.650028524097152 ], [ 28.645280386180922, -23.650172545126836 ], [ 28.645136365151153, -23.650194701724097 ], [ 28.645014500718652, -23.650294408660049 ], [ 28.644848323091704, -23.650438429689821 ], [ 28.644807876082673, -23.650757083772408 ], [ 28.645982000369091, -23.651459995682238 ], [ 28.646298000552356, -23.651749001815045 ], [ 28.647913998632152, -23.652900000034982 ], [ 28.665803004305204, -23.665641001231194 ], [ 28.675273067797882, -23.67238595614694 ], [ 28.683540001170144, -23.678273993849771 ], [ 28.686025004250613, -23.680044001729325 ], [ 28.68374288012982, -23.693649103923047 ], [ 28.683632287799856, -23.694101204806802 ], [ 28.688119709656895, -23.695531060310227 ], [ 28.695228003269822, -23.697758289813272 ], [ 28.690890485807277, -23.705163742812452 ], [ 28.689696195123332, -23.707214519934166 ], [ 28.681367293965504, -23.721516489694217 ], [ 28.678609652413595, -23.726264705951461 ], [ 28.701826886701504, -23.742439891587789 ], [ 28.701501003868252, -23.742974998097637 ], [ 28.701102000756809, -23.743835002683234 ], [ 28.700730998936432, -23.744754997445199 ], [ 28.700562002834165, -23.745425004060628 ], [ 28.700511005878262, -23.745735003967269 ], [ 28.700562002834165, -23.746685000112659 ], [ 28.70076100121932, -23.747664999440222 ], [ 28.70125100133269, -23.748584004048546 ], [ 28.702001999093024, -23.749553996619692 ], [ 28.70278099634595, -23.750284000606111 ], [ 28.703722000170234, -23.750733999774262 ], [ 28.704891996568488, -23.751294003115831 ], [ 28.706601999882459, -23.751834001038294 ], [ 28.708691999136473, -23.752153998708078 ], [ 28.708391996993083, -23.752484004033636 ], [ 28.707872002690799, -23.753973990906989 ], [ 28.707721997572254, -23.754363999898757 ], [ 28.708132003888885, -23.75512399897336 ], [ 28.70769200338334, -23.755244000909926 ], [ 28.707481004444841, -23.755694000078069 ], [ 28.70724600170162, -23.755802000561918 ], [ 28.706360997761891, -23.756044000929933 ], [ 28.705910998593733, -23.756214001574872 ], [ 28.705321001962719, -23.756323997654405 ], [ 28.704671997215002, -23.756333997216206 ], [ 28.704171999338385, -23.756593998414292 ], [ 28.702961003747379, -23.756784002679588 ], [ 28.702491000958954, -23.757184003139265 ], [ 28.701411012308451, -23.758063996056567 ], [ 28.700531003203306, -23.758343993680409 ], [ 28.699940996679672, -23.75818399889241 ], [ 28.699370995575045, -23.757994000922434 ], [ 28.698880997260321, -23.757934003551448 ], [ 28.6987710002815, -23.757944002213971 ], [ 28.698640999682418, -23.757904001268656 ], [ 28.698550991934759, -23.757923997694423 ], [ 28.69835099620154, -23.757923997694416 ], [ 28.698271003304257, -23.757953999977129 ], [ 28.698170996893992, -23.757934003551448 ], [ 28.697651002591716, -23.757724001961105 ], [ 28.697500998372448, -23.757613997787786 ], [ 28.697410997819386, -23.757523998134012 ], [ 28.697320998165615, -23.757504000808968 ], [ 28.697110995675995, -23.757444004337355 ], [ 28.696851002571709, -23.757464000763026 ], [ 28.696570997753351, -23.757514000370772 ], [ 28.696250999184283, -23.757544001754287 ], [ 28.696070999876735, -23.757523998134015 ], [ 28.695820997341265, -23.757483989094819 ], [ 28.695550998379947, -23.757483989094816 ], [ 28.695290997181768, -23.757464000763022 ], [ 28.694871001195782, -23.758533998844982 ], [ 28.694831000250559, -23.758604002972369 ], [ 28.694811002925519, -23.758694002626143 ], [ 28.69462099776085, -23.758943997067828 ], [ 28.694521000343926, -23.759033996721605 ], [ 28.694151002167121, -23.758694002626147 ], [ 28.694071001175775, -23.758664000343355 ], [ 28.693891000968943, -23.758583997553451 ], [ 28.693770999032473, -23.758554004263907 ], [ 28.693690989947335, -23.758554004263903 ], [ 28.693560997442127, -23.758573999790293 ], [ 28.693401001754854, -23.758593997115256 ], [ 28.69333099942612, -23.758683995869745 ], [ 28.693231001109829, -23.758794008136949 ], [ 28.693121004131097, -23.758943997067821 ], [ 28.692991004431381, -23.759113998612225 ], [ 28.692911001641477, -23.759213996928423 ], [ 28.692850997075897, -23.759333998864992 ], [ 28.692781001941761, -23.759473998126513 ], [ 28.692701000051141, -23.759534002692092 ], [ 28.692551011120351, -23.759643998771537 ], [ 28.692410996570267, -23.759733999324592 ], [ 28.692310999153342, -23.759774000269907 ], [ 28.6921909963175, -23.759823998978366 ], [ 28.692000999246794, -23.759953998678085 ], [ 28.691860999985281, -23.760013996049157 ], [ 28.691671002015212, -23.76021399987625 ], [ 28.691551000078647, -23.760374002758045 ], [ 28.691470998188112, -23.760514002019566 ], [ 28.691401003053887, -23.760594003010809 ], [ 28.691290998880564, -23.760663999044318 ], [ 28.691070998627705, -23.760774003217733 ], [ 28.690800998767106, -23.760784000980884 ], [ 28.690680996830537, -23.760734002272415 ], [ 28.690701001350178, -23.76068400266459 ], [ 28.69075100005864, -23.760543997107753 ], [ 28.690850998374938, -23.760374002758041 ], [ 28.690961001648976, -23.760263998584634 ], [ 28.691110998673736, -23.760124000222486 ], [ 28.691191000564267, -23.759963997340602 ], [ 28.691150999618955, -23.759944000914935 ], [ 28.690840999712414, -23.759903999969623 ], [ 28.690701001350178, -23.759903999969627 ], [ 28.69032099821553, -23.759884004443318 ], [ 28.69012100158303, -23.759903999969623 ], [ 28.689970997363673, -23.75992399729466 ], [ 28.689830998102153, -23.759963997340602 ], [ 28.689601000086146, -23.759974003197726 ], [ 28.689371001170766, -23.759873997686828 ], [ 28.689271003753838, -23.759844002598637 ], [ 28.689080997689896, -23.759783998033058 ], [ 28.688950997090895, -23.759664003291093 ], [ 28.68891099704495, -23.759553999117763 ], [ 28.688940999327748, -23.759504000409304 ], [ 28.689070999926738, -23.759354003384551 ], [ 28.689080997689896, -23.759184001840236 ], [ 28.689000995799354, -23.759033996721602 ], [ 28.688850998774605, -23.758873993839721 ], [ 28.688571002050129, -23.758734002672089 ], [ 28.688370998223029, -23.75874400223389 ], [ 28.688240997624032, -23.758813997368108 ], [ 28.688060998316484, -23.75891400287891 ], [ 28.687941003574522, -23.758993995776294 ], [ 28.687620996911484, -23.759054002140523 ], [ 28.687061002563258, -23.759134003131777 ], [ 28.686801001365176, -23.759134003131773 ], [ 28.686661003002939, -23.759163998219961 ], [ 28.686581001112319, -23.759213996928423 ], [ 28.686481002796111, -23.759324009195634 ], [ 28.686391003142337, -23.759523996834975 ], [ 28.68620099797776, -23.759733999324595 ], [ 28.686100999661463, -23.759833996741609 ], [ 28.686030997332733, -23.759923997294663 ], [ 28.686001002244534, -23.760154003404558 ], [ 28.68585098903193, -23.760614000335856 ], [ 28.685760996572849, -23.760753998698085 ], [ 28.685651001392682, -23.761033996321842 ], [ 28.685620999109886, -23.761113998212466 ], [ 28.685551003076384, -23.761214003723278 ], [ 28.68538100243136, -23.761323991708835 ], [ 28.685230997312726, -23.761423998119014 ], [ 28.685121001233277, -23.761404000794062 ], [ 28.684971004208521, -23.761333997565956 ], [ 28.684420998630195, -23.761404000794066 ], [ 28.684041003589432, -23.761383997173787 ], [ 28.683251002232033, -23.761434003976127 ], [ 28.683140998058704, -23.761494001347113 ], [ 28.682730999835865, -23.761913997333103 ], [ 28.682530996008765, -23.762064001552464 ], [ 28.682160998731149, -23.762223997239648 ], [ 28.682070999077379, -23.762092999292488 ], [ 28.682061001314221, -23.762043997932192 ], [ 28.682070999077379, -23.761963996041569 ], [ 28.682130997347723, -23.761804001253662 ], [ 28.682101002259532, -23.761633999709353 ], [ 28.682030999031433, -23.76148400268459 ], [ 28.68191099619559, -23.761323991708842 ], [ 28.681791002352991, -23.761264003331103 ], [ 28.681710999563087, -23.761274001094339 ], [ 28.681190998066114, -23.761153998258408 ], [ 28.680771002080125, -23.761234000149035 ], [ 28.680691001088871, -23.761323991708835 ], [ 28.680580996016175, -23.761394003030823 ], [ 28.680470999936727, -23.761413998557206 ], [ 28.68024100192072, -23.761473996827476 ], [ 28.68004099809362, -23.761584001000891 ], [ 28.6799009988321, -23.761693997080336 ], [ 28.679711000862039, -23.761922997748187 ], [ 28.679630999870781, -23.762012998301245 ], [ 28.679541000217093, -23.762092999292491 ], [ 28.679430996043681, -23.762182998946265 ], [ 28.679280999018925, -23.762272998600039 ], [ 28.679120996137137, -23.76235299959129 ], [ 28.679051001003003, -23.762334001413066 ], [ 28.679011000057606, -23.762203002566537 ], [ 28.679001002294449, -23.762102997955015 ], [ 28.678951002686706, -23.76206400155246 ], [ 28.678831007944744, -23.762054003789316 ], [ 28.678720995677445, -23.762054003789313 ], [ 28.678601001834767, -23.762074000214984 ], [ 28.678450996716126, -23.762154002105518 ], [ 28.678341008730651, -23.762213002128341 ], [ 28.678130999046431, -23.762203002566537 ], [ 28.677960996602756, -23.762203002566533 ], [ 28.677650996696208, -23.762222999891588 ], [ 28.677321009357154, -23.762144004342368 ], [ 28.676961001748897, -23.761884003144285 ], [ 28.676860996238005, -23.761844002198973 ], [ 28.676751000158557, -23.76181400711069 ], [ 28.676590997276769, -23.761774006165467 ], [ 28.676270998707619, -23.761774006165471 ], [ 28.675941002375399, -23.761764000308432 ], [ 28.675780998594238, -23.761764000308446 ], [ 28.675641000232002, -23.761783996734106 ], [ 28.675590004175383, -23.761814007110686 ], [ 28.675530996058679, -23.761872999039639 ], [ 28.675551000578231, -23.762012998301245 ], [ 28.675420999979234, -23.762133000237807 ], [ 28.675210998388895, -23.762182998946265 ], [ 28.674909998897345, -23.762182998946265 ], [ 28.674680998229491, -23.762203002566537 ], [ 28.674531001204819, -23.762234003096765 ], [ 28.674301002289528, -23.762322998207782 ], [ 28.673969999615817, -23.762402999199125 ], [ 28.67374000969378, -23.762383002773365 ], [ 28.673580996066178, -23.762334001413063 ], [ 28.673551001877264, -23.762263000836811 ], [ 28.673520002246317, -23.762144004342368 ], [ 28.673470002638574, -23.762042999684663 ], [ 28.673411002615751, -23.7619139973331 ], [ 28.673421001278271, -23.761832998094409 ], [ 28.673511000932042, -23.761742991246123 ], [ 28.673851011215262, -23.761274001094343 ], [ 28.67396100010011, -23.761084003124274 ], [ 28.673991002382898, -23.76090400381673 ], [ 28.67395100143759, -23.76068400266459 ], [ 28.673911001391645, -23.760594003010805 ], [ 28.673681001576981, -23.760284003104275 ], [ 28.673530997357712, -23.760173998930853 ], [ 28.673331000725128, -23.760053996994372 ], [ 28.673071000426415, -23.760084000176537 ], [ 28.672730998237078, -23.760304007623819 ], [ 28.672619995816223, -23.760514002019562 ], [ 28.672619995816223, -23.760763997360606 ], [ 28.672699997706758, -23.760973998950952 ], [ 28.672529996162446, -23.761203996966877 ], [ 28.672010992013728, -23.761603997426562 ], [ 28.671620000962282, -23.761794002591135 ], [ 28.671191003661924, -23.761774006165471 ], [ 28.670820000942363, -23.761774006165467 ], [ 28.670640001634816, -23.761832998094405 ], [ 28.670520997046406, -23.761993999223733 ], [ 28.670630002972292, -23.762483001089659 ], [ 28.670550001981038, -23.762733003625229 ], [ 28.670280003019808, -23.762913002932773 ], [ 28.669719999678328, -23.763193000556527 ], [ 28.669391000694183, -23.763212988888313 ], [ 28.668640002933849, -23.763013001249071 ], [ 28.668110001875164, -23.762923000695917 ], [ 28.667729998740516, -23.76262300035118 ], [ 28.667209997243631, -23.762282997262471 ], [ 28.666390008891838, -23.762733003625222 ], [ 28.665819999693237, -23.763062999957441 ], [ 28.665590000777946, -23.762942998020968 ], [ 28.665410009564372, -23.762423003718677 ], [ 28.665150001171686, -23.762023004158358 ], [ 28.664629998775435, -23.761974001898682 ], [ 28.663889996126407, -23.762492998852814 ], [ 28.663650000347243, -23.763032997674738 ], [ 28.663860001937589, -23.763512999125584 ], [ 28.664939998682062, -23.763782998086914 ], [ 28.665270003108251, -23.763773000323759 ], [ 28.665529988118479, -23.764073009661665 ], [ 28.66544999522111, -23.764312999145599 ], [ 28.665119997989521, -23.764482999790626 ], [ 28.664300002443216, -23.764412995663246 ], [ 28.663860001937589, -23.764442998845322 ], [ 28.66324999988765, -23.764613000389623 ], [ 28.662599996892393, -23.764903003870494 ], [ 28.661860003236622, -23.764942996721921 ], [ 28.66159000337602, -23.764733003225562 ], [ 28.661250001186684, -23.764302999583798 ], [ 28.660840002963845, -23.764112995318495 ], [ 28.659759998125487, -23.764063003804633 ], [ 28.658730000089466, -23.763792995850149 ], [ 28.658500001174176, -23.763463000417211 ], [ 28.658829998405764, -23.763112998665992 ], [ 28.658779998797932, -23.762393001435886 ], [ 28.65723999702827, -23.761652998786861 ], [ 28.65695000074199, -23.761683001069656 ], [ 28.656460002427178, -23.761884003144289 ], [ 28.655939999131736, -23.761832998094409 ], [ 28.655609994705554, -23.761853002613961 ], [ 28.654929998420762, -23.761962998693413 ], [ 28.654630004371246, -23.762173001183029 ], [ 28.654659998560152, -23.762383002773369 ], [ 28.654939996183909, -23.762812997421879 ], [ 28.654810002779509, -23.763413000809383 ], [ 28.654520000197923, -23.764112995318499 ], [ 28.654250001236598, -23.764012997002204 ], [ 28.653949999093207, -23.763723000715931 ], [ 28.653599998241347, -23.763262995690656 ], [ 28.653729990746555, -23.762793000996201 ], [ 28.65368000013197, -23.762313000444639 ], [ 28.653350002900385, -23.761962998693413 ], [ 28.652359997715802, -23.762372996916241 ], [ 28.651609997303623, -23.762842999704674 ], [ 28.65129999739699, -23.762842999704677 ], [ 28.650019995926129, -23.765562997434387 ], [ 28.648980000126961, -23.767022997313425 ], [ 28.647990003036256, -23.768572996846324 ], [ 28.647680003129622, -23.769263000786889 ], [ 28.647290001332543, -23.770262995640749 ], [ 28.647060003316533, -23.771563001631254 ], [ 28.647160000733457, -23.772202997870089 ], [ 28.647544798153962, -23.772994812260773 ], [ 28.648023959638053, -23.773528735262936 ], [ 28.648499998676108, -23.773742999639751 ], [ 28.649230002662527, -23.77391200383591 ], [ 28.650340001689791, -23.774173002382145 ], [ 28.650960003301535, -23.774382996777888 ], [ 28.651630001823175, -23.774812998620991 ], [ 28.652560002442176, -23.775482998041923 ], [ 28.653289998334802, -23.776081995987379 ], [ 28.653549998633604, -23.776502000067257 ], [ 28.653519996350816, -23.776961996998558 ], [ 28.652640003433433, -23.777732001930367 ], [ 28.651469998941387, -23.777952003082515 ], [ 28.650139998761976, -23.777762005112447 ], [ 28.649760002821925, -23.7777119983101 ], [ 28.649349997404489, -23.777652000939121 ], [ 28.647780001445916, -23.777212000433487 ], [ 28.646610004148471, -23.776811999973891 ], [ 28.645730011231091, -23.776682000274089 ], [ 28.644190001367548, -23.776591999721031 ], [ 28.644040004342791, -23.776582999305948 ], [ 28.643839999616322, -23.77656300288028 ], [ 28.643290003031247, -23.77656300288028 ], [ 28.642928998974199, -23.776542001012569 ], [ 28.642760002871931, -23.776542001012565 ], [ 28.642580002665014, -23.77656300288028 ], [ 28.642429999345026, -23.776611997045979 ], [ 28.642290000083509, -23.776672001611562 ], [ 28.642169998146944, -23.776722001219394 ], [ 28.642020001122187, -23.776831997298842 ], [ 28.641920002805893, -23.776942000572884 ], [ 28.641799002621976, -23.777081999834405 ], [ 28.641689995796721, -23.777212000433494 ], [ 28.641599996142947, -23.777332002370059 ], [ 28.641499997826742, -23.777481999394723 ], [ 28.641409999072248, -23.777671997364784 ], [ 28.641300002992804, -23.777812003820912 ], [ 28.641199996582628, -23.777912002137199 ], [ 28.641109996928854, -23.777992003128453 ], [ 28.64101999727508, -23.778092001444755 ], [ 28.640719005877497, -23.778291989083996 ], [ 28.640538997576787, -23.778442002296604 ], [ 28.640460002027485, -23.778482003241912 ], [ 28.640370002373711, -23.778522004187145 ], [ 28.640318998223208, -23.778551998376056 ], [ 28.640200000829491, -23.778632000266587 ], [ 28.640159999884091, -23.778681998975053 ], [ 28.640100003412478, -23.778742004439913 ], [ 28.639930001868169, -23.778932002409984 ], [ 28.639880003159618, -23.778982001118532 ], [ 28.639790002606563, -23.779052004346539 ], [ 28.639750001661341, -23.779102003055009 ], [ 28.639688999747598, -23.779152009857448 ], [ 28.639530002307851, -23.779242002316519 ], [ 28.639490001362539, -23.779272003700033 ], [ 28.639409002123756, -23.779322003307772 ], [ 28.639249996590127, -23.779401997104522 ], [ 28.639159996936353, -23.779441998049744 ], [ 28.638959003854975, -23.779512001277848 ], [ 28.638829003255889, -23.779552002223159 ], [ 28.638709997768203, -23.779552002223152 ], [ 28.638638997192029, -23.77954200266127 ], [ 28.638529999360024, -23.779531996804234 ], [ 28.638368998230796, -23.779531996804238 ], [ 28.638249004388111, -23.779571997749454 ], [ 28.638098999269474, -23.779571997749454 ], [ 28.637968997771019, -23.779592002269101 ], [ 28.637888996779854, -23.779611998694776 ], [ 28.637788999362929, -23.779681993828905 ], [ 28.637698998809785, -23.779721994774306 ], [ 28.637630001023723, -23.779751997956378 ], [ 28.637540001370038, -23.779791998002313 ], [ 28.637348997957929, -23.779962000445909 ], [ 28.637258999203524, -23.780021996917604 ], [ 28.63715900088723, -23.780111996571382 ], [ 28.637069001233456, -23.780191997562635 ], [ 28.636920000657579, -23.780361999106944 ], [ 28.636859996091996, -23.780461997423238 ], [ 28.636789002710334, -23.78054199931378 ], [ 28.63670900171908, -23.780622008399 ], [ 28.636659003010617, -23.780711999958804 ], [ 28.636439002757847, -23.781012002102191 ], [ 28.636409996923845, -23.78108199723642 ], [ 28.636389004049384, -23.781142002701277 ], [ 28.636338997246952, -23.781251998780721 ], [ 28.636248996693897, -23.781351997097023 ], [ 28.636208995748675, -23.78140200389937 ], [ 28.636129002851213, -23.781492002653771 ], [ 28.636059996971269, -23.781571997349793 ], [ 28.635999002252216, -23.781651999240413 ], [ 28.635938996787353, -23.781712003805914 ], [ 28.63589898774816, -23.781791996703284 ], [ 28.635848997133579, -23.781862000830667 ], [ 28.635838999370339, -23.781932004058767 ], [ 28.635838999370339, -23.782241995871431 ], [ 28.635848997133579, -23.782281996816746 ], [ 28.63585900299061, -23.782342002281606 ], [ 28.63585900299061, -23.782411997415736 ], [ 28.635888998078801, -23.782602002580319 ], [ 28.635888998078801, -23.782771996030839 ], [ 28.63586999900129, -23.782861995684609 ], [ 28.635829998055979, -23.782981997621086 ], [ 28.635888998078801, -23.783102001356305 ], [ 28.636028997340407, -23.783391995843928 ], [ 28.636049998308838, -23.783691997987322 ], [ 28.636017534581576, -23.784111365347268 ], [ 28.635935393203876, -23.784439932656806 ], [ 28.635771108649827, -23.784727430626411 ], [ 28.635497301958996, -23.785055998835233 ], [ 28.635305636645864, -23.785261353628584 ], [ 28.635113973131382, -23.785589921837403 ], [ 28.634977069336326, -23.78587741890783 ], [ 28.634922307818339, -23.786164915978063 ], [ 28.634935998197836, -23.786342890012325 ], [ 28.634949688577333, -23.786589315944163 ], [ 28.634908618338123, -23.786780981257294 ], [ 28.63488123667976, -23.786986336050553 ], [ 28.634894927059257, -23.787219071602895 ], [ 28.634922307818339, -23.787424427295523 ], [ 28.634894927059257, -23.787670853227358 ], [ 28.634785404922564, -23.78791727915911 ], [ 28.634593739609432, -23.788218465709654 ], [ 28.634580050129305, -23.788408153413602 ], [ 28.634580050129305, -23.788533344438253 ], [ 28.634538978990726, -23.788793459850307 ], [ 28.634306243438473, -23.789080957820005 ], [ 28.634018746368056, -23.789217860715695 ], [ 28.633852932067189, -23.789264495959724 ], [ 28.633539583984685, -23.789354763611463 ], [ 28.633211015775867, -23.789505357786023 ], [ 28.632909829225323, -23.789751783717854 ], [ 28.632745543771904, -23.790052971167686 ], [ 28.632636021635122, -23.790449991274077 ], [ 28.632471737980353, -23.790682726826418 ], [ 28.632307454325584, -23.790901771999181 ], [ 28.632156860151031, -23.791052366173719 ], [ 28.632033646735472, -23.791202960348368 ], [ 28.631992575596982, -23.791298792105565 ], [ 28.63192412369941, -23.791517837278409 ], [ 28.631808940330345, -23.791671751749977 ], [ 28.631581866010375, -23.791764263210247 ], [ 28.631472342974313, -23.791873786246217 ], [ 28.631253297801468, -23.792079141039572 ], [ 28.631034251729343, -23.7923529477304 ], [ 28.630719374799391, -23.792818418834994 ], [ 28.630541399865756, -23.792914252390837 ], [ 28.630267594074294, -23.792996393768629 ], [ 28.630103310419525, -23.793188058182384 ], [ 28.62980212207033, -23.793448175393006 ], [ 28.629610456757199, -23.793694601324848 ], [ 28.629322959686871, -23.79405055029266 ], [ 28.628967011618339, -23.794406498361273 ], [ 28.628638444308802, -23.794913040604353 ], [ 28.628474159754752, -23.795159467435475 ], [ 28.628172972304839, -23.795515416403376 ], [ 28.627775952198448, -23.796008268266966 ], [ 28.627461075268496, -23.796624332646832 ], [ 28.627173578198168, -23.797240397926068 ], [ 28.626790247571904, -23.797678489170949 ], [ 28.62644798988287, -23.798007057379852 ], [ 28.626201563951032, -23.798404076586884 ], [ 28.625736091947157, -23.799020141866109 ], [ 28.62536645259976, -23.799376090833917 ], [ 28.624802618146322, -23.799956390974668 ], [ 28.624709317081404, -23.800033227251653 ], [ 28.624572414185629, -23.800238582044905 ], [ 28.624476580629693, -23.800443936838253 ], [ 28.624517651768272, -23.800704053149591 ], [ 28.624695626701818, -23.800950479081337 ], [ 28.624879002064358, -23.801101002209528 ], [ 28.625037885290222, -23.801196905013175 ], [ 28.625339071840767, -23.801292737669744 ], [ 28.625790854364514, -23.801306428049237 ], [ 28.626283706228101, -23.801196905013182 ], [ 28.626292239895029, -23.801193972323976 ], [ 28.626721795674332, -23.801046311737903 ], [ 28.627187267678295, -23.80085464732414 ], [ 28.627502146406986, -23.800690362769998 ], [ 28.627775952198448, -23.800580839733943 ], [ 28.628090830027858, -23.800580839733939 ], [ 28.628296184821117, -23.800662982011016 ], [ 28.628611062650439, -23.800950479081337 ], [ 28.629117604893612, -23.801415951085303 ], [ 28.629542005758996, -23.802018325085669 ], [ 28.629788431690834, -23.802648080744312 ], [ 28.629842853265103, -23.802814744005197 ], [ 28.630007476863589, -23.803318906642257 ], [ 28.630390806590484, -23.80442782468436 ], [ 28.630746754659103, -23.805427218791117 ], [ 28.630990436759291, -23.806340592744125 ], [ 28.630964387896224, -23.806679230662009 ], [ 28.630938339033158, -23.807017868579809 ], [ 28.63091228927081, -23.807330459433185 ], [ 28.630742970311868, -23.807721195077111 ], [ 28.630547601590578, -23.808072857876091 ], [ 28.630378282631725, -23.808411496693246 ], [ 28.630130816184213, -23.808698036884913 ], [ 28.629935448362293, -23.808919453569985 ], [ 28.629583784663954, -23.809205993761651 ], [ 28.62910187665037, -23.809492533953314 ], [ 28.627425240882193, -23.810536448997947 ], [ 28.626525316290369, -23.811019334574713 ], [ 28.625493694078802, -23.811568070310226 ], [ 28.624615718340824, -23.81224850186684 ], [ 28.624001135144312, -23.812577742768585 ], [ 28.623210955721085, -23.813543515720681 ], [ 28.622750018998161, -23.814201998423535 ], [ 28.622354930635602, -23.814597086786179 ], [ 28.622069589240201, -23.815233619735732 ], [ 28.621608650718716, -23.815782354572061 ], [ 28.621257460063759, -23.816199393587201 ], [ 28.620994068421574, -23.816835925637474 ], [ 28.620686777273047, -23.817428559080767 ], [ 28.620379485225062, -23.818021193423341 ], [ 28.620028294570194, -23.818679675226825 ], [ 28.619786850882484, -23.819316207277186 ], [ 28.619457609980742, -23.82023808162214 ], [ 28.618974722605412, -23.820874613672494 ], [ 28.618864975638164, -23.821445299161226 ], [ 28.618755228670917, -23.822037932604523 ], [ 28.618733280716352, -23.822762262768194 ], [ 28.618557685388918, -23.823881682193882 ], [ 28.61840403891533, -23.824891353753042 ], [ 28.618250394240391, -23.825769328591655 ], [ 28.617943102192406, -23.826888748017335 ], [ 28.617723608258, -23.827635027934225 ], [ 28.61767970875157, -23.828205711624307 ], [ 28.617591912436907, -23.828820295720103 ], [ 28.617394367356169, -23.829456827770368 ], [ 28.617372416703763, -23.829961663999629 ], [ 28.617284620388922, -23.83062014580312 ], [ 28.61719682227552, -23.831388374573848 ], [ 28.616867582273148, -23.832376097279077 ], [ 28.616494441865065, -23.833188225556146 ], [ 28.615770111701394, -23.833824757606504 ], [ 28.615440870799564, -23.834153999407526 ], [ 28.614914085716542, -23.834505189163206 ], [ 28.614189755552871, -23.835031975145597 ], [ 28.613706869076822, -23.835470963014494 ], [ 28.613355679321234, -23.835909949984202 ], [ 28.613158134240585, -23.836480634573654 ], [ 28.612763044978568, -23.837424458671823 ], [ 28.612455752930671, -23.83812683908236 ], [ 28.612381927583947, -23.838356516939719 ], [ 28.612258207850022, -23.838741423178156 ], [ 28.612179506379171, -23.839229377333908 ], [ 28.612148461782144, -23.839421852936205 ], [ 28.612082613421958, -23.840014487278786 ], [ 28.612082613421958, -23.840563222115023 ], [ 28.612082613421958, -23.841155855558313 ], [ 28.612192360389116, -23.841748489001617 ], [ 28.612294872310557, -23.841972153092417 ], [ 28.612433803177545, -23.842275275883281 ], [ 28.612784993832502, -23.84273621260612 ], [ 28.613399577028925, -23.843526391130062 ], [ 28.613929001622157, -23.844087999761403 ], [ 28.613979001229989, -23.844407998330464 ], [ 28.613929001622157, -23.844738002756642 ], [ 28.613569011101031, -23.845197999687947 ], [ 28.612828003909335, -23.846818003348151 ], [ 28.612838999020646, -23.847528002815096 ], [ 28.612647995608537, -23.847718000785079 ], [ 28.612318996624392, -23.847768000392911 ], [ 28.61096801076512, -23.847597997949226 ], [ 28.610638997391863, -23.847637998894552 ], [ 28.610358002419861, -23.847848001384165 ], [ 28.609889004174288, -23.849276994437748 ], [ 28.609379000440555, -23.851466998303369 ], [ 28.608758999728096, -23.852427001205164 ], [ 28.607288003838377, -23.852606999613347 ], [ 28.606917999366161, -23.852436998968312 ], [ 28.606427999252787, -23.851727006696056 ], [ 28.605968002321486, -23.85147699606652 ], [ 28.605568001861887, -23.851456999640849 ], [ 28.605218001909311, -23.851727006696052 ], [ 28.604868001057454, -23.852917000419268 ], [ 28.604887996583845, -23.853206995806161 ], [ 28.604718004032698, -23.85340699963335 ], [ 28.604087998362488, -23.853636997649367 ], [ 28.602367996385997, -23.854227004172916 ], [ 28.601418000240603, -23.854796997183747 ], [ 28.600428002250528, -23.855416996996837 ], [ 28.597858002444937, -23.857536997634366 ], [ 28.596147999130878, -23.858516996961832 ], [ 28.595608001208323, -23.85877699905928 ], [ 28.595198458941734, -23.85889400985074 ], [ 28.59448800261934, -23.859096996729068 ], [ 28.593308000363965, -23.859316996981843 ], [ 28.591447991931357, -23.859337000602107 ], [ 28.590328002335447, -23.859557001754251 ], [ 28.589180142749488, -23.860142023335744 ], [ 28.588259397952903, -23.860485043649845 ], [ 28.587573352828016, -23.860593366990287 ], [ 28.587013684933677, -23.860611420880392 ], [ 28.586201262578243, -23.860394775998184 ], [ 28.584991658238529, -23.860015646105193 ], [ 28.58398064399163, -23.859925376654786 ], [ 28.58253633908085, -23.859925376654786 ], [ 28.581543378723978, -23.860322561337178 ], [ 28.580712904277167, -23.860864175341394 ], [ 28.580099073813287, -23.861496057896748 ], [ 28.57946719125794, -23.862416802693325 ], [ 28.579015844905381, -23.862832041265658 ], [ 28.578618661122363, -23.863175064277787 ], [ 28.577553486104573, -23.863572247161439 ], [ 28.576506364976812, -23.863752785162959 ], [ 28.575405082178879, -23.863843053714 ], [ 28.574195476939707, -23.864095808175005 ], [ 28.573202516582924, -23.864113862065118 ], [ 28.571974858353094, -23.864384667718213 ], [ 28.570440283991999, -23.864565206618931 ], [ 28.569501486204668, -23.86507071374248 ], [ 28.568526579737913, -23.865666490316325 ], [ 28.567678048703055, -23.866262265091443 ], [ 28.566973950587421, -23.867092740437627 ], [ 28.566324014141959, -23.867562139780933 ], [ 28.565692130687331, -23.867760731672398 ], [ 28.564879708331986, -23.868067646005013 ], [ 28.563958964434772, -23.86841066901723 ], [ 28.562478550844478, -23.869114768032141 ], [ 28.561557806947263, -23.869511951815159 ], [ 28.560727331601171, -23.869692489816504 ], [ 28.55962604880315, -23.869945243378321 ], [ 28.558795572557688, -23.870197996940046 ], [ 28.557477644877455, -23.870793772614533 ], [ 28.55578058640495, -23.87142565606916 ], [ 28.554715411387161, -23.87160619496996 ], [ 28.553848828260836, -23.871822839852175 ], [ 28.553253052586353, -23.871895055412462 ], [ 28.552548952672069, -23.871913109302582 ], [ 28.552007338667845, -23.871931163192606 ], [ 28.55153794022382, -23.871732572200511 ], [ 28.551357402222383, -23.871443709959273 ], [ 28.551285186662096, -23.871064580066374 ], [ 28.551285186662096, -23.870649343292605 ], [ 28.551486992730574, -23.869976002890233 ], [ 28.55160700276102, -23.869816000008452 ], [ 28.551686995658393, -23.869735998117825 ], [ 28.551797000731, -23.869555998810281 ], [ 28.551906996810445, -23.869385998165253 ], [ 28.551996995564938, -23.869306004368685 ], [ 28.552097001975113, -23.869215995721664 ], [ 28.552177003865648, -23.869165997013198 ], [ 28.552306996370852, -23.86904600317051 ], [ 28.552476997915161, -23.868836000680894 ], [ 28.552587002088487, -23.868646002710914 ], [ 28.552627003033798, -23.868545997200023 ], [ 28.552646998560189, -23.868156004396106 ], [ 28.552637000797038, -23.867806002644876 ], [ 28.552606997614877, -23.867745998079386 ], [ 28.552600998237526, -23.867716002991102 ], [ 28.559038002801657, -23.861443996143532 ], [ 28.565111003170291, -23.855526003822 ], [ 28.572425001412721, -23.839143001048672 ], [ 28.577863997725345, -23.826960000403734 ], [ 28.582476990121059, -23.816624996846148 ], [ 28.5837490029142, -23.805383000025401 ], [ 28.585017002932339, -23.794173000183857 ], [ 28.585190725871396, -23.792635671199296 ], [ 28.585958996010902, -23.785836998878359 ], [ 28.578492000605443, -23.767260999295633 ], [ 28.573696998917381, -23.755331001324706 ], [ 28.573031060834836, -23.753673850267976 ], [ 28.568156998846423, -23.741544999602112 ], [ 28.56876400075809, -23.710785002026206 ], [ 28.568772141421256, -23.710373243830134 ], [ 28.569066044362529, -23.695507061002083 ], [ 28.569076308325009, -23.694987878787526 ], [ 28.569148998727329, -23.691310998803583 ], [ 28.567859996841477, -23.673733996726554 ], [ 28.567770312849689, -23.672510145326957 ], [ 28.567353998688144, -23.666829000258168 ], [ 28.561934002352402, -23.656288000690648 ], [ 28.556257003158198, -23.645245999603212 ], [ 28.5303889973544, -23.660479991658327 ], [ 28.530002071238631, -23.66070791763633 ], [ 28.52994827469319, -23.66032343317988 ], [ 28.52994827469319, -23.660110080715654 ], [ 28.52994827469319, -23.660008693846176 ], [ 28.529995486402665, -23.659741165322579 ], [ 28.530011222739788, -23.659505111271873 ], [ 28.529964011929682, -23.659316267132073 ], [ 28.529727956979695, -23.659190371038797 ], [ 28.529428954882391, -23.659174633802301 ], [ 28.529145689122299, -23.659143160228684 ], [ 28.528830949788503, -23.659048738608391 ], [ 28.528477995563101, -23.658817960880171 ], [ 28.528421788834496, -23.658781210084786 ], [ 28.52820147112109, -23.658545156034084 ], [ 28.528186155666585, -23.658361372379478 ], [ 28.528185733884598, -23.658356311894291 ], [ 28.52820147112109, -23.65788420289369 ], [ 28.528138523074404, -23.657286197799792 ], [ 28.527839520977189, -23.656845563272174 ], [ 28.527571993352868, -23.656530823938375 ], [ 28.527383149212987, -23.656326242562006 ], [ 28.527099884352264, -23.656058714937686 ], [ 28.526769406882696, -23.655712501131003 ], [ 28.52645466844827, -23.655240392130395 ], [ 28.526108454641491, -23.654311911365674 ], [ 28.525935347738102, -23.653997172031882 ], [ 28.525875069778678, -23.65392081959018 ], [ 28.525699293687484, -23.653698169934579 ], [ 28.525589134830781, -23.653351956127882 ], [ 28.525494713210481, -23.652958532410373 ], [ 28.525589134830781, -23.652454948936697 ], [ 28.525683557350362, -23.652171684075974 ], [ 28.525856663354382, -23.651904154653 ], [ 28.526171402688178, -23.651510730935485 ], [ 28.526199653990897, -23.651341222219621 ], [ 28.526218612598914, -23.651227466074673 ], [ 28.526076981067877, -23.65089698860519 ], [ 28.525872399691504, -23.650739619837665 ], [ 28.525207001202219, -23.650031004427316 ], [ 28.524959656163279, -23.649480661603288 ], [ 28.524865233643609, -23.649008552602687 ], [ 28.524928181690296, -23.64861512888508 ], [ 28.524991129736893, -23.648080071837885 ], [ 28.525164236640283, -23.647655173647383 ], [ 28.525526186784095, -23.647183064646779 ], [ 28.525935347738102, -23.646648007599484 ], [ 28.526045506594894, -23.646380479975171 ], [ 28.526165997762604, -23.645701000800553 ], [ 28.524916000373185, -23.643010999058394 ], [ 28.524385112582923, -23.641788415702784 ], [ 28.524120734384478, -23.641383036397986 ], [ 28.523803479646887, -23.640695652182576 ], [ 28.523591977088131, -23.640237396338723 ], [ 28.523574352174691, -23.639779138696316 ], [ 28.523591977088131, -23.639373759391521 ], [ 28.523680102554788, -23.638915502648299 ], [ 28.523944481652602, -23.638245744245694 ], [ 28.523997357292291, -23.637752236776318 ], [ 28.523997357292291, -23.637417357125376 ], [ 28.523838730373136, -23.636976727094332 ], [ 28.523591977088131, -23.636395094158303 ], [ 28.523433350168975, -23.636060213607987 ], [ 28.523309973076877, -23.635584332850698 ], [ 28.523327597990317, -23.635037949741626 ], [ 28.523327597990317, -23.634403442065182 ], [ 28.523327597990317, -23.633786559302273 ], [ 28.523362848716566, -23.633363553285392 ], [ 28.523468599995944, -23.632834795989034 ], [ 28.52366247764126, -23.632464665611845 ], [ 28.52364485272782, -23.632076910321217 ], [ 28.523574352174691, -23.631724405756753 ], [ 28.523486225808753, -23.631283774826425 ], [ 28.524208859851047, -23.630896020434978 ], [ 28.524878619153021, -23.630578764798113 ], [ 28.525742256100312, -23.630138133867796 ], [ 28.526500140868855, -23.629662253110503 ], [ 28.527064148891363, -23.629151120727681 ], [ 28.527363777816145, -23.628798616163213 ], [ 28.527607000362782, -23.628352002942584 ], [ 28.527626995889172, -23.628263000636966 ], [ 28.527647001308182, -23.62818200229756 ], [ 28.527656008917774, -23.628142001352245 ], [ 28.527687001354124, -23.628012000753245 ], [ 28.527717003636827, -23.627962002044789 ], [ 28.527706000431635, -23.627782001837954 ], [ 28.527715999094156, -23.627572000247618 ], [ 28.527717003636827, -23.627332002669807 ], [ 28.527706997779795, -23.627162002024782 ], [ 28.527697000016556, -23.626983000065387 ], [ 28.527706997779795, -23.626821998936162 ], [ 28.527717003636827, -23.626682000573922 ], [ 28.527746998725018, -23.62655199997484 ], [ 28.527755999140098, -23.62643299538643 ], [ 28.527730999785867, -23.626321993864948 ], [ 28.527718999232516, -23.626288001290231 ], [ 28.527677002691604, -23.626142999999438 ], [ 28.527545008295569, -23.625853003713175 ], [ 28.527446996581624, -23.625643002122828 ], [ 28.527395999625721, -23.625423001870058 ], [ 28.527337001401548, -23.625162999772609 ], [ 28.527316995982627, -23.625103003300993 ], [ 28.527299003246437, -23.625049996360293 ], [ 28.527287001793717, -23.625013003647219 ], [ 28.527256002162765, -23.624923012087319 ], [ 28.52715700119472, -23.624723000166348 ], [ 28.527067000641665, -23.624517003257118 ], [ 28.527006996076082, -23.624322999706653 ], [ 28.52693700094186, -23.624152999061621 ], [ 28.526757000735032, -23.623883000100392 ], [ 28.526726999351609, -23.623192996159833 ], [ 28.526527002719021, -23.622931990418994 ], [ 28.526305988930329, -23.622642998675477 ], [ 28.526266004172779, -23.62243299708522 ], [ 28.52631600288133, -23.622301999137981 ], [ 28.526437003065247, -23.62197300015384 ], [ 28.526536003134101, -23.621772997226017 ], [ 28.526637996146626, -23.621613998886993 ], [ 28.526661998152786, -23.621579999117674 ], [ 28.526715995247049, -23.621513003222542 ], [ 28.526747011065762, -23.621442999994517 ], [ 28.526766002049392, -23.621402999049209 ], [ 28.526795989043702, -23.621352002992587 ], [ 28.526830005000775, -23.621293002969679 ], [ 28.52695200163366, -23.621077997551495 ], [ 28.527077996652256, -23.62083299794449 ], [ 28.527247000848405, -23.620503001612271 ], [ 28.527407003730282, -23.620243001313472 ], [ 28.527467001101265, -23.620102993957993 ], [ 28.527526001124087, -23.619933001406842 ], [ 28.527516999809727, -23.619873004035941 ], [ 28.527547002991888, -23.619793002145322 ], [ 28.527557000755039, -23.619682997971999 ], [ 28.52757599983255, -23.61962300060101 ], [ 28.52758700303783, -23.619582999655705 ], [ 28.527606002115341, -23.619542002261603 ], [ 28.527687001354124, -23.619353000740414 ], [ 28.527727002299347, -23.619263001986006 ], [ 28.527786998771049, -23.619133001386924 ], [ 28.527826999716272, -23.618993002125404 ], [ 28.527855000108232, -23.61892200244851 ], [ 28.527867000661583, -23.618882997951989 ], [ 28.527876999324103, -23.618842997906047 ], [ 28.527947001652837, -23.618612998990756 ], [ 28.527957001214727, -23.618572998045448 ], [ 28.528037002205981, -23.618413003257537 ], [ 28.528106998239394, -23.618262998138817 ], [ 28.528158998838776, -23.61804299788604 ], [ 28.52822700017596, -23.617772998924714 ], [ 28.528233997800751, -23.617692988940306 ], [ 28.528236997939111, -23.617612996042929 ], [ 28.528267001121272, -23.617512997726728 ], [ 28.528337004349375, -23.617372999364406 ], [ 28.528387003057748, -23.617173002731903 ], [ 28.528416990052147, -23.61704301022678 ], [ 28.528415003449709, -23.616993003424355 ], [ 28.528397000820988, -23.616733002226276 ], [ 28.528487001374042, -23.616503004210259 ], [ 28.528496999137282, -23.615822998932305 ], [ 28.527987002598149, -23.6148829996507 ], [ 28.527858977809601, -23.614650075240803 ], [ 28.527667786439221, -23.614346804061789 ], [ 28.52753592874015, -23.614175390581845 ], [ 28.527397479909794, -23.61405671964193 ], [ 28.527160138030045, -23.613984199211369 ], [ 28.527028281230255, -23.613852342411679 ], [ 28.526916203220271, -23.613733670572469 ], [ 28.526817311070069, -23.613588628812185 ], [ 28.526751382670263, -23.613390843612496 ], [ 28.526718418020586, -23.613186466382334 ], [ 28.526573376260295, -23.613028237862892 ], [ 28.526434927430028, -23.612837045593228 ], [ 28.526411973134053, -23.612810041650064 ], [ 28.526322849420044, -23.612705189692722 ], [ 28.526250327190933, -23.612553554103304 ], [ 28.526184398791038, -23.612250283823482 ], [ 28.526118471290513, -23.611953607373056 ], [ 28.526039357030747, -23.611650337093405 ], [ 28.532747008068021, -23.612251997931359 ], [ 28.559773001622752, -23.615239001678638 ], [ 28.58193804620392, -23.62260943777537 ], [ 28.582299111414894, -23.622357824553912 ], [ 28.58281667574904, -23.621950046757231 ], [ 28.583538128981484, -23.621599775209464 ], [ 28.583919767982952, -23.621286099773705 ], [ 28.584280495048858, -23.62094105688433 ], [ 28.584578487207452, -23.62062738144849 ], [ 28.584808514901145, -23.620449632244771 ], [ 28.585080367365062, -23.620371213161015 ], [ 28.585357447588184, -23.620360756743498 ], [ 28.585535196791984, -23.620318933771753 ], [ 28.585624072293164, -23.620245743346388 ], [ 28.585660666606522, -23.620151640086089 ], [ 28.585801820597595, -23.619989574159547 ], [ 28.586026622330824, -23.619827509132282 ], [ 28.586319385831022, -23.619560884427305 ], [ 28.586486680416051, -23.619461554307264 ], [ 28.586784670775994, -23.619325628075295 ], [ 28.587040839962835, -23.61906423112935 ], [ 28.587255185278643, -23.618912621620222 ], [ 28.587500897148782, -23.618828974777347 ], [ 28.587741382159088, -23.618609401702514 ], [ 28.588138704437721, -23.61829049760836 ], [ 28.588504659262654, -23.617846124599033 ], [ 28.58876605530924, -23.617548133339724 ], [ 28.589027452255195, -23.617417434866795 ], [ 28.589430002292854, -23.617182177615426 ], [ 28.589816868153978, -23.616905098291671 ], [ 28.59009394837701, -23.616727348188586 ], [ 28.590480815137504, -23.616549598984786 ], [ 28.590726527907012, -23.61653391480834 ], [ 28.590940872323451, -23.616518230631897 ], [ 28.591149989880233, -23.616397988576292 ], [ 28.591359107436926, -23.616309113974481 ], [ 28.591641415418984, -23.616141821188105 ], [ 28.591855759835511, -23.616016351373474 ], [ 28.59191326698371, -23.615807233816781 ], [ 28.591976001891023, -23.615598116260088 ], [ 28.592017824862776, -23.615436051232827 ], [ 28.592033509039222, -23.615200793981458 ], [ 28.592033509039222, -23.615059639990385 ], [ 28.592038736798337, -23.614965536730178 ], [ 28.592106700363956, -23.614892346304817 ], [ 28.59224785435503, -23.614834839156522 ], [ 28.592467427429863, -23.614834839156526 ], [ 28.592676544087276, -23.614808700361309 ], [ 28.592854293291076, -23.614698912924482 ], [ 28.593011130559226, -23.61457344310994 ], [ 28.593152285449669, -23.614285907368767 ], [ 28.593178425144256, -23.614144753377687 ], [ 28.593215020356983, -23.613987915210167 ], [ 28.593330034653469, -23.613815393765393 ], [ 28.593465960885428, -23.61365855559788 ], [ 28.59356529100538, -23.613538314441644 ], [ 28.593695988579032, -23.613418070587489 ], [ 28.593774407662792, -23.613224638106612 ], [ 28.593774407662792, -23.613109623810121 ], [ 28.593858055405036, -23.612958014300904 ], [ 28.593936473589427, -23.612759353161632 ], [ 28.594103768174456, -23.612576375299529 ], [ 28.594244922165529, -23.612503183974791 ], [ 28.594511545971141, -23.612424764890942 ], [ 28.594799081712313, -23.612294067317382 ], [ 28.595076161935346, -23.612194737197438 ], [ 28.595321873805485, -23.611985619640649 ], [ 28.595473484213979, -23.611797414019431 ], [ 28.5955728152333, -23.611724222694786 ], [ 28.595761019955152, -23.61175036328865 ], [ 28.595923085881697, -23.611802641778535 ], [ 28.596106062844612, -23.611771275224129 ], [ 28.596262901012132, -23.61166671644586 ], [ 28.596445878874238, -23.611551702149374 ], [ 28.596660223290677, -23.611400091740887 ], [ 28.596911163819211, -23.611326901315426 ], [ 28.597141193311465, -23.611232798055223 ], [ 28.597517602755168, -23.611149151212345 ], [ 28.597977660840396, -23.611018452739419 ], [ 28.598265196581657, -23.610840704434988 ], [ 28.598505680692682, -23.610605447183701 ], [ 28.598761849879523, -23.610255175635849 ], [ 28.599033702343529, -23.609810801727154 ], [ 28.599295098390115, -23.609507582708726 ], [ 28.599593089649428, -23.609293238292285 ], [ 28.599880626289881, -23.609063208800034 ], [ 28.600142022336556, -23.608754761123389 ], [ 28.600424330318614, -23.608477680900272 ], [ 28.600675270847148, -23.608430630169405 ], [ 28.601004629560073, -23.608310388113892 ], [ 28.601323532754858, -23.608143094428225 ], [ 28.601679032061739, -23.607944433288957 ], [ 28.602233193407173, -23.607709176037673 ], [ 28.602567779879124, -23.607479147444703 ], [ 28.602891910833112, -23.60731185375904 ], [ 28.603158534638723, -23.607181156185483 ], [ 28.603744063437858, -23.606940671175007 ], [ 28.604007282410166, -23.607316487965576 ], [ 28.604446272977174, -23.607811777891275 ], [ 28.604961095278409, -23.608201034150412 ] ] ] } },
{ "type": "Feature", "properties": { "Municipali": "Mogalakwena Local Municipality", "WardNo": "9", "WardLabel": "LIM367_9", "Province": "Limpopo", "CLASSIFICATION": "Service centre", "PopGBlack": 12602.480516, "PopGColour": 17.632341490999998, "PopGIndian": 53.748225216000002, "PopGWhite": 8.18155806, "PopGOther": 24.8710225, "PopGTotal": 12706.913664 }, "geometry": { "type": "Polygon", "coordinates": [ [ [ 28.701826886701504, -23.742439891587789 ], [ 28.713112614855294, -23.750342977246572 ], [ 28.718844380963436, -23.75013493617838 ], [ 28.719568128366422, -23.7493827027495 ], [ 28.719720492406822, -23.749541230743162 ], [ 28.719833693670033, -23.74966386679408 ], [ 28.719861995334867, -23.749833671386867 ], [ 28.71984312755837, -23.750031774946464 ], [ 28.719824260681154, -23.750201578639977 ], [ 28.71984312755837, -23.750361949344505 ], [ 28.719899729089295, -23.75056005290411 ], [ 28.719946896731887, -23.750710988821123 ], [ 28.720126134313734, -23.750880793413909 ], [ 28.720211034811477, -23.750965694811022 ], [ 28.720220468699726, -23.751144932392684 ], [ 28.720220468699726, -23.751239266778768 ], [ 28.720324237873331, -23.751371335818568 ], [ 28.720418573158696, -23.751503405757635 ], [ 28.720465740801288, -23.751635474797343 ], [ 28.7204846076785, -23.75179584460259 ], [ 28.7204846076785, -23.751984516072596 ], [ 28.7204846076785, -23.752163752754978 ], [ 28.720512908443968, -23.752210921296943 ], [ 28.720541209209525, -23.752361857213959 ], [ 28.720578942963954, -23.752427891733848 ], [ 28.720729879780155, -23.75250336014199 ], [ 28.720824215065516, -23.752578829449423 ], [ 28.720861948819945, -23.752654296958287 ], [ 28.720814782076548, -23.752776933009027 ], [ 28.720824215065516, -23.752880702182626 ], [ 28.720890249585413, -23.75297503656871 ], [ 28.720833648953761, -23.753088238731284 ], [ 28.720833648953761, -23.753248609435826 ], [ 28.721069487167167, -23.753276910201201 ], [ 28.721173256340776, -23.753295777078417 ], [ 28.721333626145945, -23.753361811598321 ], [ 28.721163821553159, -23.753531615291827 ], [ 28.720975151881806, -23.753691985096989 ], [ 28.720729879780155, -23.753880655667711 ], [ 28.720475173790344, -23.754012724707504 ], [ 28.720814782076548, -23.754248563820191 ], [ 28.722199013173942, -23.755215948357296 ], [ 28.722559984855462, -23.755437188775272 ], [ 28.722597718609897, -23.755908865201995 ], [ 28.722681063280522, -23.756901418165892 ], [ 28.722701487783503, -23.757144657799756 ], [ 28.723144864344039, -23.761899157620093 ], [ 28.723154297333, -23.762144429721655 ], [ 28.723144864344039, -23.762719876221258 ], [ 28.723154297333, -23.762936846658167 ], [ 28.723154297333, -23.763285887933424 ], [ 28.723201464975681, -23.763927368053562 ], [ 28.723399569434562, -23.764059437093355 ], [ 28.723654275424469, -23.764153773278082 ], [ 28.723890112738584, -23.764248107664066 ], [ 28.724267453879946, -23.764380176703778 ], [ 28.724493222384371, -23.764480518561093 ], [ 28.724691962663982, -23.764568848173873 ], [ 28.724890067122946, -23.76473865186729 ], [ 28.7250693047047, -23.764870720907084 ], [ 28.725267409163674, -23.765059392377086 ], [ 28.725512681265325, -23.765332964344829 ], [ 28.725767386355855, -23.765578236446487 ], [ 28.725890022406681, -23.765691437709684 ], [ 28.726088125966285, -23.765842375425258 ], [ 28.726267362648759, -23.766002745230516 ], [ 28.726427733353294, -23.766163115035774 ], [ 28.726635270801143, -23.766408387137336 ], [ 28.726823941371869, -23.766625357574153 ], [ 28.726927709646105, -23.766823462033127 ], [ 28.726927709646105, -23.767031000380342 ], [ 28.727031478819711, -23.767380040756326 ], [ 28.727191848624972, -23.767719648143249 ], [ 28.727116381116193, -23.767880017948503 ], [ 28.727078647361765, -23.768059254630888 ], [ 28.727088080350647, -23.768398862017904 ], [ 28.72710694722786, -23.768540364945945 ], [ 28.727210716401469, -23.768766770170295 ], [ 28.72725788404415, -23.768993175394808 ], [ 28.72722015028981, -23.769238445697724 ], [ 28.72722015028981, -23.76938938341338 ], [ 28.727333351553014, -23.769464850922162 ], [ 28.727465422391365, -23.76955918620752 ], [ 28.727512589134772, -23.769738423789274 ], [ 28.72760692531941, -23.769917661370947 ], [ 28.727729561370239, -23.770125197919601 ], [ 28.727729561370239, -23.770266700847547 ], [ 28.727710693593654, -23.770436505440426 ], [ 28.727757861236334, -23.770653475877246 ], [ 28.727871064298277, -23.770832712559631 ], [ 28.727946531807053, -23.770955348610453 ], [ 28.728088034735094, -23.771059117784063 ], [ 28.728210670785831, -23.771153453069427 ], [ 28.728333306836749, -23.771276089120249 ], [ 28.728474809764695, -23.771455325802641 ], [ 28.728521977407379, -23.771568528864492 ], [ 28.728493676641918, -23.771681731027073 ], [ 28.728474809764695, -23.771785500200675 ], [ 28.728484242753666, -23.771898702363256 ], [ 28.728540844284591, -23.772087372933893 ], [ 28.728550278172843, -23.772276044403981 ], [ 28.728588011927272, -23.772455281086366 ], [ 28.728682347212636, -23.772549616371737 ], [ 28.728786116386242, -23.772634517768754 ], [ 28.728795550274494, -23.772681686310797 ], [ 28.728767248609657, -23.772785453685763 ], [ 28.728559711161815, -23.773011858910198 ], [ 28.728474809764695, -23.773200530380198 ], [ 28.728380473580057, -23.773464669359068 ], [ 28.728371040591089, -23.773691073684137 ], [ 28.728389908367586, -23.773879744254852 ], [ 28.728418208233769, -23.774030681071142 ], [ 28.728371040591089, -23.774115581568804 ], [ 28.728248405439629, -23.774143883233631 ], [ 28.728220103774888, -23.774209917753534 ], [ 28.728333306836749, -23.774323119916115 ], [ 28.728484242753666, -23.77444575596693 ], [ 28.72861631269274, -23.774483489721277 ], [ 28.728720080967072, -23.774436322977962 ], [ 28.728804983263466, -23.774408022212501 ], [ 28.728861583895021, -23.774492923609522 ], [ 28.72891818632532, -23.774568392017667 ], [ 28.728927619314199, -23.774709894945712 ], [ 28.728927619314199, -23.774860831762002 ], [ 28.728861583895021, -23.77500233379067 ], [ 28.728908752436983, -23.775115536852617 ], [ 28.728899319448104, -23.775200439148922 ], [ 28.72881441715171, -23.775247605892325 ], [ 28.72866348033542, -23.775285339646661 ], [ 28.728540844284591, -23.775379675831399 ], [ 28.72846537587645, -23.775502311882221 ], [ 28.728540844284591, -23.775587213279245 ], [ 28.728757815620696, -23.775568346402029 ], [ 28.728937053202532, -23.775568346402032 ], [ 28.729050255365021, -23.775624947933043 ], [ 28.729163456628232, -23.775709849330074 ], [ 28.72930495955627, -23.775785317738212 ], [ 28.729333261221107, -23.775936253655139 ], [ 28.729210625170278, -23.776087191370799 ], [ 28.729059689253273, -23.776162658879663 ], [ 28.72904082237606, -23.776247561176053 ], [ 28.729182325304095, -23.776379630215764 ], [ 28.729314394343895, -23.776521133143806 ], [ 28.729314394343895, -23.776690936837312 ], [ 28.729352128098324, -23.776841872754229 ], [ 28.72949363102628, -23.777049411101441 ], [ 28.729597400199886, -23.777200347018457 ], [ 28.729635133954314, -23.777360717722985 ], [ 28.729597400199886, -23.777766358730531 ], [ 28.72954079866896, -23.778172000637351 ], [ 28.729474764149057, -23.778549342678083 ], [ 28.729418162618131, -23.778898383053967 ], [ 28.729342695109356, -23.779304024960787 ], [ 28.729248358924714, -23.779587030816867 ], [ 28.729163456628232, -23.779926638203793 ], [ 28.729116289884924, -23.780256811702472 ], [ 28.728955920079756, -23.7805492514468 ], [ 28.728823850140589, -23.78078508966021 ], [ 28.728585921003482, -23.781047794220356 ], [ 28.727997354294516, -23.780745922386419 ], [ 28.727627341728507, -23.780581472357095 ], [ 28.727271464706433, -23.780423304991487 ], [ 28.726429121007193, -23.779913980246008 ], [ 28.725485996581529, -23.78122000090233 ], [ 28.715146998235443, -23.795533999994138 ], [ 28.711713854311007, -23.796309275852398 ], [ 28.710886998736072, -23.79649599669288 ], [ 28.700122999676786, -23.798925998136323 ], [ 28.674232393909929, -23.816087279604304 ], [ 28.674319081360569, -23.82421412108479 ], [ 28.674454952733921, -23.836952107753618 ], [ 28.674516651622234, -23.848520702368592 ], [ 28.674749290947101, -23.84913123232052 ], [ 28.675364186208302, -23.84951289110705 ], [ 28.675639829314683, -23.849809736630053 ], [ 28.675957878153593, -23.850318616211201 ], [ 28.676067107111386, -23.850694492356961 ], [ 28.675993217013438, -23.851152610604469 ], [ 28.675741989601228, -23.851758510846633 ], [ 28.675661031731309, -23.852226911043125 ], [ 28.675639829314683, -23.852884212936136 ], [ 28.67591932691548, -23.853531876794673 ], [ 28.676140997209338, -23.854049109278986 ], [ 28.676200109647393, -23.854551562304749 ], [ 28.676318333624224, -23.855320021301981 ], [ 28.676436557601139, -23.855940698304575 ], [ 28.676480892379306, -23.856487486108588 ], [ 28.676615180046507, -23.856828024293886 ], [ 28.676890823153077, -23.857082463185087 ], [ 28.677420905150747, -23.857294496343936 ], [ 28.678141816091998, -23.857379308708094 ], [ 28.678820321300819, -23.85765495181457 ], [ 28.679668453036772, -23.857824578341614 ], [ 28.680431770609836, -23.858079018132184 ], [ 28.681152683349733, -23.858481880234617 ], [ 28.6815767478687, -23.858693913393378 ], [ 28.681937204238611, -23.859054368864097 ], [ 28.682191644029185, -23.859499637598251 ], [ 28.682191644029185, -23.859881297284055 ], [ 28.682170439813998, -23.860347769334112 ], [ 28.682103146243282, -23.860860454846115 ], [ 28.681948489830983, -23.861589551416696 ], [ 28.681501996220184, -23.86213526632951 ], [ 28.682406888667028, -23.862457817174477 ], [ 28.682776340056066, -23.862635152690174 ], [ 28.683145791445192, -23.862930713981257 ], [ 28.683441351836994, -23.863226275272343 ], [ 28.683707356909007, -23.863521835664145 ], [ 28.684002918200186, -23.863802619295516 ], [ 28.68422458939332, -23.864083402027429 ], [ 28.684431481127994, -23.864364184759339 ], [ 28.68446081431517, -23.864406555418235 ], [ 28.684277459637059, -23.864598639815419 ], [ 28.684103243869647, -23.864854156993765 ], [ 28.683841919768803, -23.865167746993954 ], [ 28.68368512476879, -23.865388420838933 ], [ 28.68352832976861, -23.865614901606399 ], [ 28.683412185923753, -23.865783311350771 ], [ 28.683226356311351, -23.865951720195774 ], [ 28.683150861822909, -23.866108514296506 ], [ 28.683057945667695, -23.866410488653131 ], [ 28.682988259900316, -23.866642778141756 ], [ 28.682860501311186, -23.866938944676612 ], [ 28.682761779132846, -23.867055089420827 ], [ 28.682674670799496, -23.867124776087579 ], [ 28.682564333876961, -23.867113162242674 ], [ 28.682517875799402, -23.86705508942083 ], [ 28.68248884028781, -23.866927330831697 ], [ 28.682401731954457, -23.866875065831636 ], [ 28.682279780287651, -23.866880872754137 ], [ 28.682204286698582, -23.866950560320078 ], [ 28.682204286698582, -23.867031860831734 ], [ 28.682204286698582, -23.867148004676675 ], [ 28.682082335031772, -23.867281571087673 ], [ 28.681919734008552, -23.867322221343457 ], [ 28.681751324264265, -23.867333835188361 ], [ 28.681559686830163, -23.867362871599241 ], [ 28.681443542085855, -23.867473207622403 ], [ 28.681275133240852, -23.867659039033381 ], [ 28.68122867606257, -23.867885519800932 ], [ 28.681240289907478, -23.868233953134407 ], [ 28.681298361829946, -23.868623035824474 ], [ 28.681257711574162, -23.868739179669415 ], [ 28.681153181574135, -23.868808867235444 ], [ 28.680903472217473, -23.868977276080447 ], [ 28.680740870294972, -23.86916310569277 ], [ 28.680520195550621, -23.869308285948669 ], [ 28.680334365938307, -23.869441852359589 ], [ 28.680224029015772, -23.869528959793652 ], [ 28.680171764015796, -23.869645105437247 ], [ 28.680096270426557, -23.869848356716339 ], [ 28.679974318759829, -23.870022573383032 ], [ 28.679811716837328, -23.870103873894688 ], [ 28.679742030170576, -23.870144525049842 ], [ 28.679689765170608, -23.870283898383246 ], [ 28.679596849914766, -23.870475534917983 ], [ 28.679492319914729, -23.870742666840613 ], [ 28.679387789914607, -23.870911075685612 ], [ 28.679207767224696, -23.871079485429892 ], [ 28.678987093379725, -23.871294352352454 ], [ 28.678841913123815, -23.871491796709048 ], [ 28.678818683635349, -23.871625363120057 ], [ 28.678812876712939, -23.871886687220897 ], [ 28.678836106201405, -23.872089940298469 ], [ 28.678847720046313, -23.872281576833288 ], [ 28.678748997867974, -23.872490636833447 ], [ 28.678644467867937, -23.872647431833542 ], [ 28.678499287612119, -23.872746154011793 ], [ 28.678325070945334, -23.872926177600988 ], [ 28.678075360689398, -23.873158466190237 ], [ 28.677814036588554, -23.873262996190274 ], [ 28.677674664154516, -23.873396560802615 ], [ 28.677546904666013, -23.873530127213613 ], [ 28.677355267231825, -23.873785644391965 ], [ 28.677297195309354, -23.873919209903679 ], [ 28.677198473131103, -23.87414569067116 ], [ 28.677204280053601, -23.874238606826285 ], [ 28.677273965820888, -23.874314100415447 ], [ 28.677395918386978, -23.874424437337971 ], [ 28.677500448387015, -23.874523160415599 ], [ 28.677604976588484, -23.874668339772136 ], [ 28.67762820607695, -23.874801906183041 ], [ 28.677575941076888, -23.874906436183071 ], [ 28.677471411976139, -23.874947086438947 ], [ 28.677297195309354, -23.874941278617172 ], [ 28.677726780766335, -23.875239790583873 ], [ 28.678349295083947, -23.875654799829153 ], [ 28.678816179922823, -23.87599199523444 ], [ 28.679283064761702, -23.876303250594589 ], [ 28.67982776433994, -23.876614507753391 ], [ 28.680372463018813, -23.876744198086264 ], [ 28.680891224350574, -23.877159207331548 ], [ 28.681617488956007, -23.877444526243863 ], [ 28.682317817113606, -23.877677967764022 ], [ 28.683121895559122, -23.87785953369049 ], [ 28.683977852296078, -23.878015163169309 ], [ 28.684470675381444, -23.8780411014157 ], [ 28.685222878233265, -23.878326419428738 ], [ 28.685663824825756, -23.878430170615939 ], [ 28.686286338243988, -23.878222667342264 ], [ 28.687038541995182, -23.878404233268824 ], [ 28.688153877599412, -23.878845179861223 ], [ 28.688802329264135, -23.879208312613535 ], [ 28.689165462016447, -23.879363941192974 ], [ 28.689554533015333, -23.879338002946493 ], [ 28.689813912781887, -23.8796492601053 ], [ 28.690228922027167, -23.879882701625366 ], [ 28.691007064024848, -23.880168021437054 ], [ 28.691577700950205, -23.880557092435843 ], [ 28.692226151715644, -23.881023977274726 ], [ 28.692537408874358, -23.88146492296784 ], [ 28.693133984046202, -23.881594614200086 ], [ 28.693912126043791, -23.882061499038961 ], [ 28.694586515055711, -23.882476507384965 ], [ 28.695209027574577, -23.882943392223847 ], [ 28.695779665399307, -23.883669657728561 ], [ 28.696039046065138, -23.884421860580389 ], [ 28.696272487585301, -23.885200002578063 ], [ 28.696454055310507, -23.885796577749911 ], [ 28.696765310670663, -23.886522843254621 ], [ 28.697076567829374, -23.887456612932375 ], [ 28.697491577074654, -23.888053189003507 ], [ 28.697647204754734, -23.888416320856532 ], [ 28.697906585420661, -23.888675702421736 ], [ 28.698095547371718, -23.888909132250628 ], [ 28.697635035128801, -23.888925010680751 ], [ 28.697206282444075, -23.888940890909442 ], [ 28.696952206878859, -23.889131448257743 ], [ 28.696729890871833, -23.889322003807393 ], [ 28.696475816205997, -23.889258485590652 ], [ 28.696189981082782, -23.889210845803881 ], [ 28.695983544405159, -23.889385522923579 ], [ 28.695792987956057, -23.889512561155787 ], [ 28.695634191065128, -23.889655477818014 ], [ 28.695586551278346, -23.889814275608312 ], [ 28.695523033061615, -23.890068351173433 ], [ 28.695427754387417, -23.890195389405722 ], [ 28.695411875058014, -23.890354186296733 ], [ 28.695507152832839, -23.890544742745671 ], [ 28.695475393274833, -23.890703539636686 ], [ 28.695332475713229, -23.890862337426974 ], [ 28.695221317709716, -23.891021134317903 ], [ 28.695348355941917, -23.891195811437608 ], [ 28.695395994829326, -23.891545164777551 ], [ 28.695300716155216, -23.891910398346276 ], [ 28.695205438380391, -23.892196232570114 ], [ 28.69518376831634, -23.892304581990839 ], [ 28.695157798593613, -23.892434428805828 ], [ 28.695063502878376, -23.892673631382959 ], [ 28.695168623733064, -23.892988991249005 ], [ 28.695210672434651, -23.893388446719388 ], [ 28.695042479426949, -23.893766879637806 ], [ 28.694664047407894, -23.894166335108295 ], [ 28.694285613590282, -23.894628862731874 ], [ 28.693928206821301, -23.895259584262437 ], [ 28.693738991261544, -23.895722111885924 ], [ 28.693738991261544, -23.896205663860297 ], [ 28.693717966011381, -23.896668192383153 ], [ 28.693528749552261, -23.897088672204426 ], [ 28.692982126324157, -23.897740418085871 ], [ 28.692834957667255, -23.898118850104925 ], [ 28.692834957667255, -23.898560353377619 ], [ 28.692834957667255, -23.898707181191437 ], [ 28.692679381248482, -23.89870718119144 ], [ 28.692355389689482, -23.89872469368974 ], [ 28.692005128933609, -23.898742207087217 ], [ 28.691742433366628, -23.898777232982919 ], [ 28.691479736900352, -23.898882311569462 ], [ 28.691199527935879, -23.899048686148014 ], [ 28.690691650199565, -23.899101225441196 ], [ 28.690507763122802, -23.899127493738867 ], [ 28.690280094350879, -23.899171277232675 ], [ 28.689956101892594, -23.899188789730886 ], [ 28.689728433120756, -23.899197546429633 ], [ 28.68945697995575, -23.899153763835191 ], [ 28.689386928164268, -23.898978632557892 ], [ 28.689220553585802, -23.898891068268203 ], [ 28.688992884813874, -23.898873554870626 ], [ 28.688633867359172, -23.89889106826821 ], [ 28.688266093205733, -23.898891068268206 ], [ 28.687924589148519, -23.898952364260222 ], [ 28.687504275701809, -23.89909246784309 ], [ 28.686865049282638, -23.899337650911871 ], [ 28.68625209295978, -23.899565319683795 ], [ 28.685700431729572, -23.899714180864773 ], [ 28.684485727334547, -23.908574381702326 ], [ 28.683299540441482, -23.908862889610727 ], [ 28.682668574295302, -23.909283534007905 ], [ 28.681532834872442, -23.909577984636325 ], [ 28.680397095449582, -23.909746243294439 ], [ 28.679177227147385, -23.909746243294435 ], [ 28.678293874362861, -23.909872436164019 ], [ 28.677158134940001, -23.910335144551357 ], [ 28.675727943989529, -23.910713724059097 ], [ 28.67345646604317, -23.911092303567024 ], [ 28.671815953343618, -23.911176433345805 ], [ 28.670596085041343, -23.91184946438133 ], [ 28.669754796246888, -23.912101850120305 ], [ 28.66908176611064, -23.912606623396989 ], [ 28.667903961798434, -23.913111395774308 ], [ 28.667230930762901, -23.913742362819768 ], [ 28.6660110633599, -23.91454158672488 ], [ 28.664875323037755, -23.915467004398746 ], [ 28.663276875227645, -23.916476550052749 ], [ 28.662645909081469, -23.917107517098295 ], [ 28.661804621186388, -23.917696419254405 ], [ 28.661131590150863, -23.918243255621785 ], [ 28.660290301356412, -23.918832157777896 ], [ 28.65919662592362, -23.919673445672974 ], [ 28.658145016279541, -23.920304412718522 ], [ 28.656672761338918, -23.921229830392388 ], [ 28.65578940765511, -23.921860795639287 ], [ 28.654821925991179, -23.922491762684739 ], [ 28.653980638096009, -23.922786214212433 ], [ 28.653433799929964, -23.923038599951411 ], [ 28.652760769793723, -23.923501309238031 ], [ 28.651919480999272, -23.924258468253697 ], [ 28.651372643732607, -23.925099757048148 ], [ 28.650489290948084, -23.925814852073735 ], [ 28.649858324801905, -23.926277561360354 ], [ 28.649101164886964, -23.92661407597884 ], [ 28.648638455600256, -23.926908526607246 ], [ 28.647923360574662, -23.927413299883849 ], [ 28.64712413666965, -23.928170459798888 ], [ 28.646455091429374, -23.928557161084196 ], [ 28.626804181667737, -23.928739788210677 ], [ 28.626695094802773, -23.930238311448971 ], [ 28.626688732099343, -23.930238630708256 ], [ 28.626583833377278, -23.930979097407416 ], [ 28.62646190329427, -23.932686117670158 ], [ 28.626431419874127, -23.934545553234702 ], [ 28.626533028876228, -23.93541938489675 ], [ 28.626559975262683, -23.935419384896754 ], [ 28.626613571259391, -23.935514552054908 ], [ 28.62662499984387, -23.935639000239732 ], [ 28.626711000212563, -23.936106000191774 ], [ 28.626872000442511, -23.936613000189844 ], [ 28.627028000441918, -23.937142000303066 ], [ 28.627424999863877, -23.938116000253181 ], [ 28.627499999725309, -23.938340999837305 ], [ 28.627678999885958, -23.93866899967464 ], [ 28.627846000392626, -23.938967999973208 ], [ 28.628023999607905, -23.939245000156621 ], [ 28.62813900041456, -23.93938300022532 ], [ 28.628485000182685, -23.939850000177373 ], [ 28.628900000434715, -23.940322000360037 ], [ 28.629296999856674, -23.940765000104751 ], [ 28.629758000431455, -23.94128899998735 ], [ 28.629943717628542, -23.941427622386854 ], [ 28.631761352704327, -23.942861123741899 ], [ 28.633245949940672, -23.944031970898823 ], [ 28.635222064446836, -23.945580816601442 ], [ 28.634632148754719, -23.945777456064828 ], [ 28.633907043375423, -23.945713475596435 ], [ 28.632989996591135, -23.945606842082146 ], [ 28.631902336723542, -23.945692148174118 ], [ 28.631262537436214, -23.945862762156782 ], [ 28.628745990635046, -23.945692148174118 ], [ 28.628212824862004, -23.94537224942982 ], [ 28.627274450655399, -23.94507367540983 ], [ 28.625269744902887, -23.944497855691523 ], [ 28.625248419279131, -23.94428458866286 ], [ 28.625216477158716, -23.944018767052448 ], [ 28.624906336957995, -23.943846466841009 ], [ 28.624871877635044, -23.943570787761626 ], [ 28.625044176947284, -23.943226190036604 ], [ 28.625078637169427, -23.942864361301275 ], [ 28.624751267756871, -23.94262314064547 ], [ 28.624389439021453, -23.942364692576486 ], [ 28.624354979698591, -23.942192393264328 ], [ 28.624441130253992, -23.941985632830757 ], [ 28.624475588677484, -23.941778875095022 ], [ 28.6243654217269, -23.941398609358345 ], [ 28.62436134060346, -23.941356438348997 ], [ 28.624331679163756, -23.941183408787293 ], [ 28.624267410912324, -23.941084534623599 ], [ 28.624198199087697, -23.94105487318388 ], [ 28.624128987262981, -23.941054873183887 ], [ 28.624064719011638, -23.941104309816097 ], [ 28.624000450760295, -23.94119329683323 ], [ 28.623974426178872, -23.94125402085638 ], [ 28.623955957701369, -23.941297113670846 ], [ 28.623847197290381, -23.941351494775709 ], [ 28.623718660787606, -23.941410818554488 ], [ 28.623634618243127, -23.941316888863351 ], [ 28.62367416772868, -23.941208127553082 ], [ 28.623722996419193, -23.941161044446602 ], [ 28.623812591378023, -23.941074648376308 ], [ 28.623916408215727, -23.94091150596126 ], [ 28.623881803202739, -23.940837350563264 ], [ 28.623812591378023, -23.940822519843408 ], [ 28.623688999347902, -23.940847237709914 ], [ 28.623580237138263, -23.940896675241415 ], [ 28.623456645108142, -23.940960942593478 ], [ 28.62335566113487, -23.941025206348229 ], [ 28.623347883797873, -23.94103015531747 ], [ 28.62325889678074, -23.941138915728359 ], [ 28.623268784826589, -23.941336664055857 ], [ 28.623229235341036, -23.941504749144904 ], [ 28.623189685855394, -23.941608566881889 ], [ 28.623085868118409, -23.941771709296937 ], [ 28.622952388941631, -23.941905187574346 ], [ 28.622843626732081, -23.941949680633272 ], [ 28.622724979174524, -23.941944737959361 ], [ 28.622675541643034, -23.94182608860315 ], [ 28.622784302953303, -23.941697552999742 ], [ 28.622640935730676, -23.941529467910602 ], [ 28.622551949612824, -23.941400932307197 ], [ 28.622606329818318, -23.941356438348993 ], [ 28.622507455654617, -23.941208127553086 ], [ 28.622413525963481, -23.941059816757175 ], [ 28.622334426992285, -23.940901618814696 ], [ 28.622191059769658, -23.940748364445497 ], [ 28.622032861827179, -23.940659378327652 ], [ 28.621898256699247, -23.940572536193624 ], [ 28.621874868930103, -23.940544650015642 ], [ 28.621842987064245, -23.940516753945118 ], [ 28.621815090993724, -23.940494834768781 ], [ 28.621779225131178, -23.940494834768781 ], [ 28.621743358369351, -23.940506791255427 ], [ 28.621719447194799, -23.940512768149777 ], [ 28.621671624845607, -23.940482880080875 ], [ 28.621641735877418, -23.940462953802289 ], [ 28.62157797394444, -23.940449006216717 ], [ 28.621542107182524, -23.940449006216717 ], [ 28.62149627773109, -23.940437049730072 ], [ 28.621412588620071, -23.940419117248531 ], [ 28.621314952822846, -23.940367310003367 ], [ 28.621237242404835, -23.940323473449606 ], [ 28.621173478673118, -23.940285613790099 ], [ 28.621097761152775, -23.940257717719497 ], [ 28.620968242590411, -23.940239784338583 ], [ 28.620934368726164, -23.940142147641986 ], [ 28.620934368726164, -23.940088348398533 ], [ 28.620980198177687, -23.940072407016007 ], [ 28.621059902392648, -23.940066430121643 ], [ 28.621095768255106, -23.940048495841445 ], [ 28.621127650121053, -23.939988718804354 ], [ 28.621095768255106, -23.93993491866161 ], [ 28.621035991218097, -23.939891082107749 ], [ 28.620990160867294, -23.939849237552291 ], [ 28.620990160867294, -23.939789459615913 ], [ 28.620980198177687, -23.939717726991535 ], [ 28.620964257694354, -23.939636030778196 ], [ 28.620953751814188, -23.939622606598025 ], [ 28.620903533671211, -23.939654745669959 ], [ 28.620865233343945, -23.939700708221057 ], [ 28.62077330914094, -23.939769650249151 ], [ 28.620654575248533, -23.939750499186189 ], [ 28.620520519606391, -23.939700708221057 ], [ 28.620493709017531, -23.939624104868603 ], [ 28.620420935877483, -23.939578143216785 ], [ 28.620351993849486, -23.939593464067151 ], [ 28.620267730971122, -23.939639424819593 ], [ 28.620175806768117, -23.939639424819596 ], [ 28.620106864740119, -23.939547502415326 ], [ 28.620148996179257, -23.939482389700554 ], [ 28.620164317029623, -23.939413446773194 ], [ 28.620206449368219, -23.939352165170284 ], [ 28.620286882033991, -23.93940578724737 ], [ 28.620340503211711, -23.939390466396922 ], [ 28.620394125288712, -23.939344504745097 ], [ 28.62039029507612, -23.939317694156241 ], [ 28.62044008694053, -23.939244921016375 ], [ 28.620489878804939, -23.939168317663729 ], [ 28.620538004225565, -23.939156859401571 ], [ 28.620570312370081, -23.939149166600771 ], [ 28.620593292746349, -23.939107036060911 ], [ 28.620616274021899, -23.939030432708279 ], [ 28.620616274021899, -23.938896377965506 ], [ 28.620562651944898, -23.938727852208594 ], [ 28.620538004225565, -23.938675269747904 ], [ 28.620505199655305, -23.938605288103599 ], [ 28.620424766989444, -23.938593796566462 ], [ 28.620351993849486, -23.93860911831619 ], [ 28.620283050922119, -23.938563155765095 ], [ 28.620275391396305, -23.938490382625044 ], [ 28.620229428845118, -23.938367819419327 ], [ 28.620160486817031, -23.938268234791231 ], [ 28.620080054151259, -23.938141841372918 ], [ 28.62000345079862, -23.938126519623186 ], [ 28.619949828721619, -23.938160990637225 ], [ 28.619861735630664, -23.938153331111405 ], [ 28.619773643438901, -23.938103539246914 ], [ 28.619681719235984, -23.937996295092919 ], [ 28.619585965719846, -23.937892882050871 ], [ 28.619486381991027, -23.937793298322052 ], [ 28.619432886718371, -23.937739803049485 ], [ 28.619375307624434, -23.937682223955552 ], [ 28.619287215432671, -23.937601791289602 ], [ 28.619195292129035, -23.937571149588866 ], [ 28.61908038665057, -23.937551999425274 ], [ 28.618984634033623, -23.937555828738507 ], [ 28.61892718174412, -23.937582640226648 ], [ 28.618929877012217, -23.937614087719968 ], [ 28.618834772806551, -23.937590318638325 ], [ 28.618733108046563, -23.937523711250268 ], [ 28.618624653405117, -23.937399762189305 ], [ 28.618578171945103, -23.937306800168731 ], [ 28.618578171945103, -23.937198343728642 ], [ 28.618554930765455, -23.937058901147431 ], [ 28.618508450204811, -23.936896217386568 ], [ 28.61832252616367, -23.936756773905977 ], [ 28.618159843302177, -23.936663811885413 ], [ 28.617981665121789, -23.936648319264531 ], [ 28.617803487840682, -23.936555357243961 ], [ 28.617695033199237, -23.936485634604388 ], [ 28.617578829999019, -23.936446900803872 ], [ 28.617400652718, -23.936439154043743 ], [ 28.617206981916738, -23.936439154043743 ], [ 28.617059791676031, -23.936400420243221 ], [ 28.616928095854938, -23.936353938783306 ], [ 28.61684288059449, -23.936346192023176 ], [ 28.616742171813797, -23.936446900803865 ], [ 28.616726678293642, -23.936563104004083 ], [ 28.616734425053764, -23.936725786865576 ], [ 28.616788653273812, -23.936811002126031 ], [ 28.616943590274463, -23.936865230346161 ], [ 28.617052044915997, -23.936958192366731 ], [ 28.617021057875508, -23.937082141427698 ], [ 28.61690395175604, -23.937107757716795 ], [ 28.616773158854286, -23.937136368748462 ], [ 28.616509767212012, -23.937136368748472 ], [ 28.616230881150301, -23.937128621988354 ], [ 28.615959741848624, -23.937136368748469 ], [ 28.615789312227008, -23.937159609928116 ], [ 28.61567310902679, -23.93707439466759 ], [ 28.615649867847232, -23.936888470626442 ], [ 28.615729428170628, -23.936814215403761 ], [ 28.615766071047361, -23.93678001508562 ], [ 28.61595199508859, -23.936764520666102 ], [ 28.616130172369608, -23.936578596624955 ], [ 28.616099185329208, -23.936454647563991 ], [ 28.615975236268149, -23.936493382263794 ], [ 28.615742829867802, -23.936392672583825 ], [ 28.61573508400696, -23.936260976762721 ], [ 28.615688603446316, -23.936160267982029 ], [ 28.615572400246187, -23.936036318920973 ], [ 28.615479438225528, -23.935951103660525 ], [ 28.615417463245358, -23.935920115720755 ], [ 28.615309007704543, -23.935834901359588 ], [ 28.615200552163817, -23.935757432859269 ], [ 28.615030121642832, -23.935757432859258 ], [ 28.614913919341983, -23.935796166659788 ], [ 28.614751235581121, -23.935734191679618 ], [ 28.614666021219954, -23.935672217598821 ], [ 28.612091355731501, -23.936011419391516 ], [ 28.612204267413105, -23.935414606798744 ], [ 28.612172006932596, -23.934785533725385 ], [ 28.612349436877111, -23.934011292087465 ], [ 28.612430087178836, -23.933349960332421 ], [ 28.612397826698416, -23.932801537560955 ], [ 28.612252657234411, -23.932317635750248 ], [ 28.612042965910195, -23.931736954297019 ], [ 28.611720364703114, -23.930898190798892 ], [ 28.611363452561406, -23.93020667419864 ], [ 28.611204203311353, -23.929898127596509 ], [ 28.611010643126761, -23.929285185662849 ], [ 28.611075163188232, -23.928704504209531 ], [ 28.611220332652326, -23.928317382041524 ], [ 28.611381634155148, -23.928156082337349 ], [ 28.611671974881808, -23.92810769161667 ], [ 28.61212361621201, -23.928091562275785 ], [ 28.612478477899511, -23.928252861980049 ], [ 28.612801079106593, -23.928430292823755 ], [ 28.61326884977759, -23.928543202706621 ], [ 28.613672102185856, -23.928639983248605 ], [ 28.613881791711421, -23.928720633550416 ], [ 28.614123742616687, -23.928914193735096 ], [ 28.614414084242629, -23.929027105416612 ], [ 28.614868464907811, -23.929172457442938 ], [ 28.615204457020166, -23.929188405120872 ], [ 28.615414148344293, -23.929059364997755 ], [ 28.615543187568132, -23.928881934153964 ], [ 28.615769009132514, -23.928720633550412 ], [ 28.615914178596519, -23.928510943125573 ], [ 28.615946439076939, -23.928317382041524 ], [ 28.615946439076939, -23.928139952097098 ], [ 28.615946439076939, -23.927994780834446 ], [ 28.61604321961892, -23.927752829929172 ], [ 28.61610773968048, -23.927478620342047 ], [ 28.616027090278035, -23.927268929017927 ], [ 28.61604321961892, -23.927075367933877 ], [ 28.61607548009934, -23.926833417028604 ], [ 28.616091610339595, -23.926446295759963 ], [ 28.616027090278035, -23.925897873887784 ], [ 28.615946439076939, -23.92551075261914 ], [ 28.615785139372768, -23.925284931954131 ], [ 28.615575448048553, -23.925026850808518 ], [ 28.615313996243991, -23.92484176673414 ], [ 28.615179324566181, -23.924794235765379 ], [ 28.614904671613356, -23.92477707040549 ], [ 28.614578522580775, -23.924553915330893 ], [ 28.614355368405636, -23.924382258134706 ], [ 28.613977720595368, -23.924090438922619 ], [ 28.613703067642543, -23.923970278705376 ], [ 28.613514245086375, -23.923953113345579 ], [ 28.613239592133549, -23.923867283848111 ], [ 28.612930607561577, -23.923798620609908 ], [ 28.612621624788254, -23.923506803196378 ], [ 28.612364138094598, -23.923197818624406 ], [ 28.612123816760832, -23.922974664449185 ], [ 28.612055154421906, -23.92257985127911 ], [ 28.612055154421906, -23.922305199225573 ], [ 28.611952158665272, -23.92201338091277 ], [ 28.611797666828881, -23.921687230980901 ], [ 28.611763336109103, -23.921378247308297 ], [ 28.61181483308814, -23.921086428995505 ], [ 28.611729003590675, -23.920880440180166 ], [ 28.611694672870897, -23.920519957729866 ], [ 28.611557347293765, -23.920296802655365 ], [ 28.611420019918071, -23.919987818982673 ], [ 28.61126552808177, -23.919627338331029 ], [ 28.610956544408989, -23.919352686277488 ], [ 28.610767720953628, -23.919112364943718 ], [ 28.610767720953628, -23.918906376128383 ], [ 28.610733389334481, -23.91868322105379 ], [ 28.610855762783277, -23.918549722092035 ], [ 28.610836000181322, -23.918458000236502 ], [ 28.61078399958194, -23.918308999660621 ], [ 28.610750999858809, -23.918205000260599 ], [ 28.610686999605356, -23.918061999961346 ], [ 28.610595999905492, -23.917829000008329 ], [ 28.61055699990564, -23.917602000332035 ], [ 28.610550999629009, -23.917505000355529 ], [ 28.610517999905788, -23.917408000378952 ], [ 28.610433999629453, -23.91722600007985 ], [ 28.610381999929441, -23.917044999826924 ], [ 28.610311000252548, -23.916882999550804 ], [ 28.610194000252992, -23.91664300017435 ], [ 28.610038000253585, -23.916312000198651 ], [ 28.60992200030012, -23.916059000222656 ], [ 28.609830999700975, -23.915884000246457 ], [ 28.609752999701271, -23.915676999693844 ], [ 28.609618968340772, -23.915151265018849 ], [ 28.609612541785484, -23.914926332883983 ], [ 28.609612541785484, -23.914720682213705 ], [ 28.609612541785484, -23.9145086031895 ], [ 28.609657527672855, -23.914219404601848 ], [ 28.609662033276301, -23.913931076558004 ], [ 28.609663955127512, -23.913808102362029 ], [ 28.60967038078352, -23.91364101012455 ], [ 28.609612541785484, -23.913499624108411 ], [ 28.60950971600062, -23.913242559196753 ], [ 28.609487231150904, -23.913112149406135 ], [ 28.609477583224002, -23.91305618729324 ], [ 28.60948400888001, -23.912728430272868 ], [ 28.609503289445243, -23.912381391787815 ], [ 28.609593262119443, -23.912137180886173 ], [ 28.609644674562102, -23.912034355101397 ], [ 28.609773206568295, -23.911963662093328 ], [ 28.609901740373051, -23.911892969085255 ], [ 28.610010991813834, -23.911777290189814 ], [ 28.610152377830062, -23.911635904173679 ], [ 28.610248777059461, -23.911526651833523 ], [ 28.610255203614837, -23.911398118928055 ], [ 28.610325896622907, -23.911301719698564 ], [ 28.610486562305088, -23.911147480571763 ], [ 28.610692213874639, -23.910890415660187 ], [ 28.610814320224737, -23.910716897766619 ], [ 28.610929999120266, -23.91049839218703 ], [ 28.611122797579064, -23.910279886607537 ], [ 28.611244903029881, -23.910138502390048 ], [ 28.611445000386521, -23.910031000130594 ], [ 28.611698000362512, -23.909829999854622 ], [ 28.611976999738737, -23.909661000155051 ], [ 28.612248999691609, -23.909498999879006 ], [ 28.612702999943579, -23.90929799960303 ], [ 28.613006999573404, -23.909175000226039 ], [ 28.613273000148837, -23.909000000249836 ], [ 28.613868999754594, -23.908759999974102 ], [ 28.614874000234941, -23.908481999744499 ], [ 28.615152999611254, -23.908364999744951 ], [ 28.615346999564423, -23.908235000045234 ], [ 28.615775000415983, -23.908189999768659 ], [ 28.616022000115255, -23.908092999792167 ], [ 28.616080000091987, -23.908002000092296 ], [ 28.616092999792148, -23.907833000392642 ], [ 28.616125000368559, -23.907775000415914 ], [ 28.616106000391678, -23.907722999816613 ], [ 28.615858999793037, -23.907561000439863 ], [ 28.615541999563682, -23.907372999864041 ], [ 28.615081999934361, -23.907146000187744 ], [ 28.6148609996355, -23.906894000257932 ], [ 28.614594999959348, -23.906627999682406 ], [ 28.614549999682776, -23.90657599998239 ], [ 28.614440000006031, -23.90649799998269 ], [ 28.614362000006327, -23.906413999706356 ], [ 28.614291000329434, -23.906362000006343 ], [ 28.614180999753408, -23.90622600002991 ], [ 28.614129000053396, -23.906082999730671 ], [ 28.613907999754446, -23.9060700000305 ], [ 28.613740000100968, -23.906038000353462 ], [ 28.61356500012468, -23.906038000353465 ], [ 28.613390000148481, -23.906116000353162 ], [ 28.613266999872206, -23.906174000329898 ], [ 28.612993999873243, -23.906271000306482 ], [ 28.612799999920163, -23.906271000306479 ], [ 28.612760999920312, -23.906193000306772 ], [ 28.612760999920312, -23.906051000053626 ], [ 28.61271599964374, -23.905907999754373 ], [ 28.612643999920667, -23.905752999801148 ], [ 28.612437000267427, -23.905506000101788 ], [ 28.612437000267427, -23.905479999802175 ], [ 28.612371999967884, -23.90521500017212 ], [ 28.612196999991596, -23.905104000449285 ], [ 28.61205399969235, -23.905032999873107 ], [ 28.611815000361979, -23.904831999597132 ], [ 28.611756000339156, -23.904728000197021 ], [ 28.61163300006297, -23.904534000243935 ], [ 28.611516000063414, -23.904456000244238 ], [ 28.61145199981005, -23.904456000244231 ], [ 28.611353999787287, -23.904403999644938 ], [ 28.611264000133513, -23.904209999691769 ], [ 28.611166000110838, -23.904061000015179 ], [ 28.6110039998348, -23.904061000015176 ], [ 28.610802999558821, -23.904061000015179 ], [ 28.610550999629009, -23.903956999715781 ], [ 28.610199999630343, -23.903859999739197 ], [ 28.610038000253585, -23.903878999716078 ], [ 28.609974000000133, -23.903937999738901 ], [ 28.609857000000577, -23.903931000315463 ], [ 28.609811999724094, -23.903853000315756 ], [ 28.609760000024082, -23.903723999762853 ], [ 28.609701000001259, -23.903614000086105 ], [ 28.609449000071358, -23.903477000063493 ], [ 28.609235000095218, -23.903380000086912 ], [ 28.609105000395502, -23.903314999787451 ], [ 28.608885000142731, -23.903348000409867 ], [ 28.608722999866604, -23.903392999787155 ], [ 28.608521999590625, -23.903387000409715 ], [ 28.608398000167629, -23.903275999787603 ], [ 28.608274999891353, -23.903030000134418 ], [ 28.608112999615315, -23.902841999558603 ], [ 28.607815000262121, -23.902627999582553 ], [ 28.607587999686451, -23.902486000228766 ], [ 28.607420000032974, -23.90242099992922 ], [ 28.607257999756936, -23.902459999929071 ], [ 28.607120999734409, -23.902336999652888 ], [ 28.607037000357266, -23.902161999676512 ], [ 28.606836000081376, -23.901927999677483 ], [ 28.606687000404779, -23.901747000323844 ], [ 28.606576999828754, -23.901643000024457 ], [ 28.606453999552478, -23.90155899974803 ], [ 28.606401999852466, -23.901436000371124 ], [ 28.606375999552775, -23.90128599974916 ], [ 28.606375999552775, -23.901163000372254 ], [ 28.606434000428788, -23.901033999819248 ], [ 28.606420999829346, -23.900885000142665 ], [ 28.606414999552626, -23.900858999842967 ], [ 28.60627899957619, -23.900858999842963 ], [ 28.606070999876771, -23.900852000419526 ], [ 28.605825000223678, -23.900846000142806 ], [ 28.605817999900779, -23.900721999820441 ], [ 28.605728000247005, -23.900624999843945 ], [ 28.605558999648157, -23.900534000143995 ], [ 28.605448999971411, -23.90050199956767 ], [ 28.605247999695521, -23.900457000190467 ], [ 28.605247999695521, -23.900345999568263 ], [ 28.605261000294963, -23.900170999591978 ], [ 28.605183000295259, -23.900029000238188 ], [ 28.605072999719233, -23.899879999662311 ], [ 28.605060000018984, -23.899698000262497 ], [ 28.605021000019221, -23.899478000009722 ], [ 28.605008000318971, -23.899264000033583 ], [ 28.604969000319119, -23.899108000034179 ], [ 28.604870100075125, -23.8990874838004 ], [ 28.60478099974339, -23.899069000034324 ], [ 28.604639000389604, -23.899023999757752 ], [ 28.604469999790666, -23.898953000080855 ], [ 28.604391999790963, -23.898940000380694 ], [ 28.604197999837883, -23.898882000403969 ], [ 28.604049000161286, -23.898829999804672 ], [ 28.604016000438065, -23.898765000404495 ], [ 28.604010000161434, -23.898634999805417 ], [ 28.604035999561845, -23.898531000405395 ], [ 28.603977999585112, -23.898414999552557 ], [ 28.603893000161879, -23.898336999552932 ], [ 28.603808999885455, -23.898278999576206 ], [ 28.603660000208858, -23.898194000152976 ], [ 28.60369900020871, -23.898051999899906 ], [ 28.603724999609121, -23.897903000223312 ], [ 28.603711999908871, -23.897811999624075 ], [ 28.603704999586149, -23.897662999947485 ], [ 28.603621000209007, -23.897604999970749 ], [ 28.603524000232511, -23.897604999970746 ], [ 28.603446000232807, -23.897616999624901 ], [ 28.6032900002334, -23.897604999970753 ], [ 28.603205999956977, -23.897494000247914 ], [ 28.603179999657286, -23.897339000294682 ], [ 28.603088999957421, -23.897266999672325 ], [ 28.602888999727622, -23.897241000271919 ], [ 28.602739000004846, -23.897105000295568 ], [ 28.602713999751334, -23.897002000042267 ], [ 28.60285600000449, -23.896846000042864 ], [ 28.603121999680553, -23.896658000366404 ], [ 28.603186999980096, -23.896593000066868 ], [ 28.603186999980096, -23.896503000413094 ], [ 28.603096000280232, -23.896411999813946 ], [ 28.602926999681383, -23.896263000137356 ], [ 28.60285600000449, -23.896185000137656 ], [ 28.60284999972777, -23.896061999861466 ], [ 28.60284999972777, -23.895944999861818 ], [ 28.602868999704651, -23.895788999862507 ], [ 28.60284999972777, -23.895711999908887 ], [ 28.602798000027757, -23.895652999886064 ], [ 28.602720000028054, -23.895652999886064 ], [ 28.602662000051321, -23.89565299988606 ], [ 28.602590000328249, -23.895640000185907 ], [ 28.602448000075182, -23.895582000209167 ], [ 28.602292000075774, -23.895471999633141 ], [ 28.602059000122843, -23.895276999633801 ], [ 28.602007000422741, -23.89507600025728 ], [ 28.602124000422386, -23.895012000003828 ], [ 28.602090999799795, -23.894785000327527 ], [ 28.602129999799736, -23.894662000051248 ], [ 28.602046000422682, -23.894576999728734 ], [ 28.601915999823596, -23.894382999775651 ], [ 28.601896999846716, -23.894337000352362 ], [ 28.601734999570589, -23.894323999752743 ], [ 28.601631000170563, -23.894337000352362 ], [ 28.601448999871465, -23.894279000375629 ], [ 28.601423999617953, -23.894214000075998 ], [ 28.601468999894525, -23.894124000422316 ], [ 28.60155300017086, -23.894051999799956 ], [ 28.601767000146999, -23.893954999823375 ], [ 28.601740999847308, -23.893818999847024 ], [ 28.601837999823893, -23.893643999870743 ], [ 28.60177999984716, -23.893461999571645 ], [ 28.601612000193683, -23.893189999618858 ], [ 28.601423999617953, -23.89285999968925 ], [ 28.60136499959513, -23.89256799971341 ], [ 28.601281000217988, -23.892192000360509 ], [ 28.601203000218373, -23.891933000107894 ], [ 28.601028000242085, -23.891680000131903 ], [ 28.600775000266093, -23.891349000156296 ], [ 28.600528999713632, -23.891005999627158 ], [ 28.600034068617436, -23.890366107709752 ], [ 28.599780347385146, -23.890087013005246 ], [ 28.599551996927136, -23.889731802380776 ], [ 28.599247529649791, -23.889528823596333 ], [ 28.59889231902541, -23.889198984645422 ], [ 28.598486363255077, -23.888843774020945 ], [ 28.598131151731327, -23.888615423562946 ], [ 28.597877429599755, -23.888590050990015 ], [ 28.597496847301723, -23.88861542356295 ], [ 28.597167006552166, -23.888564680215815 ], [ 28.596887912747032, -23.888488563396482 ], [ 28.597116263205042, -23.88754978989088 ], [ 28.597268496843714, -23.886788622596804 ], [ 28.597552677214328, -23.886042651147388 ], [ 28.597674451714589, -23.885722989824199 ], [ 28.597674451714589, -23.885190172988128 ], [ 28.597775941106857, -23.884403634020476 ], [ 28.597877429599755, -23.883718584445187 ], [ 28.597750569433295, -23.882805184411716 ], [ 28.59769982428752, -23.88206938879128 ], [ 28.598613225220188, -23.875650215984738 ], [ 28.598004290665497, -23.875295005360176 ], [ 28.59769982428752, -23.875092026575814 ], [ 28.597243124270872, -23.874812932770592 ], [ 28.597014773812774, -23.874406977000355 ], [ 28.596887912747032, -23.874051764577324 ], [ 28.596913285319875, -23.873595064560593 ], [ 28.597090890632199, -23.872910015884578 ], [ 28.59721775169794, -23.872326453902726 ], [ 28.59721775169794, -23.871945870705325 ], [ 28.597471473829511, -23.871742892820254 ], [ 28.597547590648848, -23.871387682195774 ], [ 28.597420729583106, -23.870829492786864 ], [ 28.597116263205042, -23.870220559131539 ], [ 28.596938656993437, -23.869535509556162 ], [ 28.596786424254134, -23.868190782078965 ], [ 28.596583446368967, -23.867454987357817 ], [ 28.596202863171655, -23.866617704143763 ], [ 28.595898395894309, -23.865755046558132 ], [ 28.595670046335581, -23.864968507590582 ], [ 28.595771534828568, -23.864562552719608 ], [ 28.595695418908512, -23.864283458015205 ], [ 28.595822279074973, -23.863877502244957 ], [ 28.595847651647816, -23.863243196915988 ], [ 28.595974512713646, -23.862811868572901 ], [ 28.595974512713646, -23.86248202962199 ], [ 28.596076002105825, -23.862177564143298 ], [ 28.595898395894309, -23.861873096865946 ], [ 28.595873023321378, -23.861644746407944 ], [ 28.595746163154917, -23.861238790637692 ], [ 28.595568556943402, -23.860832835766736 ], [ 28.595467069349784, -23.860426879996488 ], [ 28.595314833912461, -23.8598940631605 ], [ 28.595289463138268, -23.859513479063818 ], [ 28.595289463138268, -23.859132895866512 ], [ 28.595198458941734, -23.85889400985074 ], [ 28.595608001208323, -23.85877699905928 ], [ 28.596147999130878, -23.858516996961832 ], [ 28.597858002444937, -23.857536997634366 ], [ 28.600428002250528, -23.855416996996837 ], [ 28.601418000240603, -23.854796997183747 ], [ 28.602367996385997, -23.854227004172916 ], [ 28.604087998362488, -23.853636997649367 ], [ 28.604718004032698, -23.85340699963335 ], [ 28.604887996583845, -23.853206995806161 ], [ 28.604868001057454, -23.852917000419268 ], [ 28.605218001909311, -23.851727006696052 ], [ 28.605568001861887, -23.851456999640849 ], [ 28.605968002321486, -23.85147699606652 ], [ 28.606427999252787, -23.851727006696056 ], [ 28.606917999366161, -23.852436998968312 ], [ 28.607288003838377, -23.852606999613347 ], [ 28.608758999728096, -23.852427001205164 ], [ 28.609379000440555, -23.851466998303369 ], [ 28.609889004174288, -23.849276994437748 ], [ 28.610358002419861, -23.847848001384165 ], [ 28.610638997391863, -23.847637998894552 ], [ 28.61096801076512, -23.847597997949226 ], [ 28.612318996624392, -23.847768000392911 ], [ 28.612647995608537, -23.847718000785079 ], [ 28.612838999020646, -23.847528002815096 ], [ 28.612828003909335, -23.846818003348151 ], [ 28.613569011101031, -23.845197999687947 ], [ 28.613929001622157, -23.844738002756642 ], [ 28.613979001229989, -23.844407998330464 ], [ 28.613929001622157, -23.844087999761403 ], [ 28.613399577028925, -23.843526391130062 ], [ 28.612784993832502, -23.84273621260612 ], [ 28.612433803177545, -23.842275275883281 ], [ 28.612294872310557, -23.841972153092417 ], [ 28.612192360389116, -23.841748489001617 ], [ 28.612082613421958, -23.841155855558313 ], [ 28.612082613421958, -23.840563222115023 ], [ 28.612082613421958, -23.840014487278786 ], [ 28.612148461782144, -23.839421852936205 ], [ 28.612179506379171, -23.839229377333908 ], [ 28.612258207850022, -23.838741423178156 ], [ 28.612381927583947, -23.838356516939719 ], [ 28.612455752930671, -23.83812683908236 ], [ 28.612763044978568, -23.837424458671823 ], [ 28.613158134240585, -23.836480634573654 ], [ 28.613355679321234, -23.835909949984202 ], [ 28.613706869076822, -23.835470963014494 ], [ 28.614189755552871, -23.835031975145597 ], [ 28.614914085716542, -23.834505189163206 ], [ 28.615440870799564, -23.834153999407526 ], [ 28.615770111701394, -23.833824757606504 ], [ 28.616494441865065, -23.833188225556146 ], [ 28.616867582273148, -23.832376097279077 ], [ 28.61719682227552, -23.831388374573848 ], [ 28.617284620388922, -23.83062014580312 ], [ 28.617372416703763, -23.829961663999629 ], [ 28.617394367356169, -23.829456827770368 ], [ 28.617591912436907, -23.828820295720103 ], [ 28.61767970875157, -23.828205711624307 ], [ 28.617723608258, -23.827635027934225 ], [ 28.617943102192406, -23.826888748017335 ], [ 28.618250394240391, -23.825769328591655 ], [ 28.61840403891533, -23.824891353753042 ], [ 28.618557685388918, -23.823881682193882 ], [ 28.618733280716352, -23.822762262768194 ], [ 28.618755228670917, -23.822037932604523 ], [ 28.618864975638164, -23.821445299161226 ], [ 28.618974722605412, -23.820874613672494 ], [ 28.619457609980742, -23.82023808162214 ], [ 28.619786850882484, -23.819316207277186 ], [ 28.620028294570194, -23.818679675226825 ], [ 28.620379485225062, -23.818021193423341 ], [ 28.620686777273047, -23.817428559080767 ], [ 28.620994068421574, -23.816835925637474 ], [ 28.621257460063759, -23.816199393587201 ], [ 28.621608650718716, -23.815782354572061 ], [ 28.622069589240201, -23.815233619735732 ], [ 28.622354930635602, -23.814597086786179 ], [ 28.622750018998161, -23.814201998423535 ], [ 28.623210955721085, -23.813543515720681 ], [ 28.624001135144312, -23.812577742768585 ], [ 28.624615718340824, -23.81224850186684 ], [ 28.625493694078802, -23.811568070310226 ], [ 28.626525316290369, -23.811019334574713 ], [ 28.627425240882193, -23.810536448997947 ], [ 28.62910187665037, -23.809492533953314 ], [ 28.629583784663954, -23.809205993761651 ], [ 28.629935448362293, -23.808919453569985 ], [ 28.630130816184213, -23.808698036884913 ], [ 28.630378282631725, -23.808411496693246 ], [ 28.630547601590578, -23.808072857876091 ], [ 28.630742970311868, -23.807721195077111 ], [ 28.63091228927081, -23.807330459433185 ], [ 28.630938339033158, -23.807017868579809 ], [ 28.630964387896224, -23.806679230662009 ], [ 28.630990436759291, -23.806340592744125 ], [ 28.630746754659103, -23.805427218791117 ], [ 28.630390806590484, -23.80442782468436 ], [ 28.630007476863589, -23.803318906642257 ], [ 28.629842853265103, -23.802814744005197 ], [ 28.629788431690834, -23.802648080744312 ], [ 28.629542005758996, -23.802018325085669 ], [ 28.629117604893612, -23.801415951085303 ], [ 28.628611062650439, -23.800950479081337 ], [ 28.628296184821117, -23.800662982011016 ], [ 28.628090830027858, -23.800580839733939 ], [ 28.627775952198448, -23.800580839733943 ], [ 28.627502146406986, -23.800690362769998 ], [ 28.627187267678295, -23.80085464732414 ], [ 28.626721795674332, -23.801046311737903 ], [ 28.626292239895029, -23.801193972323976 ], [ 28.626283706228101, -23.801196905013182 ], [ 28.625790854364514, -23.801306428049237 ], [ 28.625339071840767, -23.801292737669744 ], [ 28.625037885290222, -23.801196905013175 ], [ 28.624879002064358, -23.801101002209528 ], [ 28.624695626701818, -23.800950479081337 ], [ 28.624517651768272, -23.800704053149591 ], [ 28.624476580629693, -23.800443936838253 ], [ 28.624572414185629, -23.800238582044905 ], [ 28.624709317081404, -23.800033227251653 ], [ 28.624802618146322, -23.799956390974668 ], [ 28.62536645259976, -23.799376090833917 ], [ 28.625736091947157, -23.799020141866109 ], [ 28.626201563951032, -23.798404076586884 ], [ 28.62644798988287, -23.798007057379852 ], [ 28.626790247571904, -23.797678489170949 ], [ 28.627173578198168, -23.797240397926068 ], [ 28.627461075268496, -23.796624332646832 ], [ 28.627775952198448, -23.796008268266966 ], [ 28.628172972304839, -23.795515416403376 ], [ 28.628474159754752, -23.795159467435475 ], [ 28.628638444308802, -23.794913040604353 ], [ 28.628967011618339, -23.794406498361273 ], [ 28.629322959686871, -23.79405055029266 ], [ 28.629610456757199, -23.793694601324848 ], [ 28.62980212207033, -23.793448175393006 ], [ 28.630103310419525, -23.793188058182384 ], [ 28.630267594074294, -23.792996393768629 ], [ 28.630541399865756, -23.792914252390837 ], [ 28.630719374799391, -23.792818418834994 ], [ 28.631034251729343, -23.7923529477304 ], [ 28.631253297801468, -23.792079141039572 ], [ 28.631472342974313, -23.791873786246217 ], [ 28.631581866010375, -23.791764263210247 ], [ 28.631808940330345, -23.791671751749977 ], [ 28.63192412369941, -23.791517837278409 ], [ 28.631992575596982, -23.791298792105565 ], [ 28.632033646735472, -23.791202960348368 ], [ 28.632156860151031, -23.791052366173719 ], [ 28.632307454325584, -23.790901771999181 ], [ 28.632471737980353, -23.790682726826418 ], [ 28.632636021635122, -23.790449991274077 ], [ 28.632745543771904, -23.790052971167686 ], [ 28.632909829225323, -23.789751783717854 ], [ 28.633211015775867, -23.789505357786023 ], [ 28.633539583984685, -23.789354763611463 ], [ 28.633852932067189, -23.789264495959724 ], [ 28.634018746368056, -23.789217860715695 ], [ 28.634306243438473, -23.789080957820005 ], [ 28.634538978990726, -23.788793459850307 ], [ 28.634580050129305, -23.788533344438253 ], [ 28.634580050129305, -23.788408153413602 ], [ 28.634593739609432, -23.788218465709654 ], [ 28.634785404922564, -23.78791727915911 ], [ 28.634894927059257, -23.787670853227358 ], [ 28.634922307818339, -23.787424427295523 ], [ 28.634894927059257, -23.787219071602895 ], [ 28.63488123667976, -23.786986336050553 ], [ 28.634908618338123, -23.786780981257294 ], [ 28.634949688577333, -23.786589315944163 ], [ 28.634935998197836, -23.786342890012325 ], [ 28.634922307818339, -23.786164915978063 ], [ 28.634977069336326, -23.78587741890783 ], [ 28.635113973131382, -23.785589921837403 ], [ 28.635305636645864, -23.785261353628584 ], [ 28.635497301958996, -23.785055998835233 ], [ 28.635771108649827, -23.784727430626411 ], [ 28.635935393203876, -23.784439932656806 ], [ 28.636017534581576, -23.784111365347268 ], [ 28.636049998308838, -23.783691997987322 ], [ 28.636028997340407, -23.783391995843928 ], [ 28.635888998078801, -23.783102001356305 ], [ 28.635829998055979, -23.782981997621086 ], [ 28.63586999900129, -23.782861995684609 ], [ 28.635888998078801, -23.782771996030839 ], [ 28.635888998078801, -23.782602002580319 ], [ 28.63585900299061, -23.782411997415736 ], [ 28.63585900299061, -23.782342002281606 ], [ 28.635848997133579, -23.782281996816746 ], [ 28.635838999370339, -23.782241995871431 ], [ 28.635838999370339, -23.781932004058767 ], [ 28.635848997133579, -23.781862000830667 ], [ 28.63589898774816, -23.781791996703284 ], [ 28.635938996787353, -23.781712003805914 ], [ 28.635999002252216, -23.781651999240413 ], [ 28.636059996971269, -23.781571997349793 ], [ 28.636129002851213, -23.781492002653771 ], [ 28.636208995748675, -23.78140200389937 ], [ 28.636248996693897, -23.781351997097023 ], [ 28.636338997246952, -23.781251998780721 ], [ 28.636389004049384, -23.781142002701277 ], [ 28.636409996923845, -23.78108199723642 ], [ 28.636439002757847, -23.781012002102191 ], [ 28.636659003010617, -23.780711999958804 ], [ 28.63670900171908, -23.780622008399 ], [ 28.636789002710334, -23.78054199931378 ], [ 28.636859996091996, -23.780461997423238 ], [ 28.636920000657579, -23.780361999106944 ], [ 28.637069001233456, -23.780191997562635 ], [ 28.63715900088723, -23.780111996571382 ], [ 28.637258999203524, -23.780021996917604 ], [ 28.637348997957929, -23.779962000445909 ], [ 28.637540001370038, -23.779791998002313 ], [ 28.637630001023723, -23.779751997956378 ], [ 28.637698998809785, -23.779721994774306 ], [ 28.637788999362929, -23.779681993828905 ], [ 28.637888996779854, -23.779611998694776 ], [ 28.637968997771019, -23.779592002269101 ], [ 28.638098999269474, -23.779571997749454 ], [ 28.638249004388111, -23.779571997749454 ], [ 28.638368998230796, -23.779531996804238 ], [ 28.638529999360024, -23.779531996804234 ], [ 28.638638997192029, -23.77954200266127 ], [ 28.638709997768203, -23.779552002223152 ], [ 28.638829003255889, -23.779552002223159 ], [ 28.638959003854975, -23.779512001277848 ], [ 28.639159996936353, -23.779441998049744 ], [ 28.639249996590127, -23.779401997104522 ], [ 28.639409002123756, -23.779322003307772 ], [ 28.639490001362539, -23.779272003700033 ], [ 28.639530002307851, -23.779242002316519 ], [ 28.639688999747598, -23.779152009857448 ], [ 28.639750001661341, -23.779102003055009 ], [ 28.639790002606563, -23.779052004346539 ], [ 28.639880003159618, -23.778982001118532 ], [ 28.639930001868169, -23.778932002409984 ], [ 28.640100003412478, -23.778742004439913 ], [ 28.640159999884091, -23.778681998975053 ], [ 28.640200000829491, -23.778632000266587 ], [ 28.640318998223208, -23.778551998376056 ], [ 28.640370002373711, -23.778522004187145 ], [ 28.640460002027485, -23.778482003241912 ], [ 28.640538997576787, -23.778442002296604 ], [ 28.640719005877497, -23.778291989083996 ], [ 28.64101999727508, -23.778092001444755 ], [ 28.641109996928854, -23.777992003128453 ], [ 28.641199996582628, -23.777912002137199 ], [ 28.641300002992804, -23.777812003820912 ], [ 28.641409999072248, -23.777671997364784 ], [ 28.641499997826742, -23.777481999394723 ], [ 28.641599996142947, -23.777332002370059 ], [ 28.641689995796721, -23.777212000433494 ], [ 28.641799002621976, -23.777081999834405 ], [ 28.641920002805893, -23.776942000572884 ], [ 28.642020001122187, -23.776831997298842 ], [ 28.642169998146944, -23.776722001219394 ], [ 28.642290000083509, -23.776672001611562 ], [ 28.642429999345026, -23.776611997045979 ], [ 28.642580002665014, -23.77656300288028 ], [ 28.642760002871931, -23.776542001012565 ], [ 28.642928998974199, -23.776542001012569 ], [ 28.643290003031247, -23.77656300288028 ], [ 28.643839999616322, -23.77656300288028 ], [ 28.644040004342791, -23.776582999305948 ], [ 28.644190001367548, -23.776591999721031 ], [ 28.645730011231091, -23.776682000274089 ], [ 28.646610004148471, -23.776811999973891 ], [ 28.647780001445916, -23.777212000433487 ], [ 28.649349997404489, -23.777652000939121 ], [ 28.649760002821925, -23.7777119983101 ], [ 28.650139998761976, -23.777762005112447 ], [ 28.651469998941387, -23.777952003082515 ], [ 28.652640003433433, -23.777732001930367 ], [ 28.653519996350816, -23.776961996998558 ], [ 28.653549998633604, -23.776502000067257 ], [ 28.653289998334802, -23.776081995987379 ], [ 28.652560002442176, -23.775482998041923 ], [ 28.651630001823175, -23.774812998620991 ], [ 28.650960003301535, -23.774382996777888 ], [ 28.650340001689791, -23.774173002382145 ], [ 28.649230002662527, -23.77391200383591 ], [ 28.648499998676108, -23.773742999639751 ], [ 28.648023959638053, -23.773528735262936 ], [ 28.647544798153962, -23.772994812260773 ], [ 28.647160000733457, -23.772202997870089 ], [ 28.647060003316533, -23.771563001631254 ], [ 28.647290001332543, -23.770262995640749 ], [ 28.647680003129622, -23.769263000786889 ], [ 28.647990003036256, -23.768572996846324 ], [ 28.648980000126961, -23.767022997313425 ], [ 28.650019995926129, -23.765562997434387 ], [ 28.65129999739699, -23.762842999704677 ], [ 28.651609997303623, -23.762842999704674 ], [ 28.652359997715802, -23.762372996916241 ], [ 28.653350002900385, -23.761962998693413 ], [ 28.65368000013197, -23.762313000444639 ], [ 28.653729990746555, -23.762793000996201 ], [ 28.653599998241347, -23.763262995690656 ], [ 28.653949999093207, -23.763723000715931 ], [ 28.654250001236598, -23.764012997002204 ], [ 28.654520000197923, -23.764112995318499 ], [ 28.654810002779509, -23.763413000809383 ], [ 28.654939996183909, -23.762812997421879 ], [ 28.654659998560152, -23.762383002773369 ], [ 28.654630004371246, -23.762173001183029 ], [ 28.654929998420762, -23.761962998693413 ], [ 28.655609994705554, -23.761853002613961 ], [ 28.655939999131736, -23.761832998094409 ], [ 28.656460002427178, -23.761884003144289 ], [ 28.65695000074199, -23.761683001069656 ], [ 28.65723999702827, -23.761652998786861 ], [ 28.658779998797932, -23.762393001435886 ], [ 28.658829998405764, -23.763112998665992 ], [ 28.658500001174176, -23.763463000417211 ], [ 28.658730000089466, -23.763792995850149 ], [ 28.659759998125487, -23.764063003804633 ], [ 28.660840002963845, -23.764112995318495 ], [ 28.661250001186684, -23.764302999583798 ], [ 28.66159000337602, -23.764733003225562 ], [ 28.661860003236622, -23.764942996721921 ], [ 28.662599996892393, -23.764903003870494 ], [ 28.66324999988765, -23.764613000389623 ], [ 28.663860001937589, -23.764442998845322 ], [ 28.664300002443216, -23.764412995663246 ], [ 28.665119997989521, -23.764482999790626 ], [ 28.66544999522111, -23.764312999145599 ], [ 28.665529988118479, -23.764073009661665 ], [ 28.665270003108251, -23.763773000323759 ], [ 28.664939998682062, -23.763782998086914 ], [ 28.663860001937589, -23.763512999125584 ], [ 28.663650000347243, -23.763032997674738 ], [ 28.663889996126407, -23.762492998852814 ], [ 28.664629998775435, -23.761974001898682 ], [ 28.665150001171686, -23.762023004158358 ], [ 28.665410009564372, -23.762423003718677 ], [ 28.665590000777946, -23.762942998020968 ], [ 28.665819999693237, -23.763062999957441 ], [ 28.666390008891838, -23.762733003625222 ], [ 28.667209997243631, -23.762282997262471 ], [ 28.667729998740516, -23.76262300035118 ], [ 28.668110001875164, -23.762923000695917 ], [ 28.668640002933849, -23.763013001249071 ], [ 28.669391000694183, -23.763212988888313 ], [ 28.669719999678328, -23.763193000556527 ], [ 28.670280003019808, -23.762913002932773 ], [ 28.670550001981038, -23.762733003625229 ], [ 28.670630002972292, -23.762483001089659 ], [ 28.670520997046406, -23.761993999223733 ], [ 28.670640001634816, -23.761832998094405 ], [ 28.670820000942363, -23.761774006165467 ], [ 28.671191003661924, -23.761774006165471 ], [ 28.671620000962282, -23.761794002591135 ], [ 28.672010992013728, -23.761603997426562 ], [ 28.672529996162446, -23.761203996966877 ], [ 28.672699997706758, -23.760973998950952 ], [ 28.672619995816223, -23.760763997360606 ], [ 28.672619995816223, -23.760514002019562 ], [ 28.672730998237078, -23.760304007623819 ], [ 28.673071000426415, -23.760084000176537 ], [ 28.673331000725128, -23.760053996994372 ], [ 28.673530997357712, -23.760173998930853 ], [ 28.673681001576981, -23.760284003104275 ], [ 28.673911001391645, -23.760594003010805 ], [ 28.67395100143759, -23.76068400266459 ], [ 28.673991002382898, -23.76090400381673 ], [ 28.67396100010011, -23.761084003124274 ], [ 28.673851011215262, -23.761274001094343 ], [ 28.673511000932042, -23.761742991246123 ], [ 28.673421001278271, -23.761832998094409 ], [ 28.673411002615751, -23.7619139973331 ], [ 28.673470002638574, -23.762042999684663 ], [ 28.673520002246317, -23.762144004342368 ], [ 28.673551001877264, -23.762263000836811 ], [ 28.673580996066178, -23.762334001413063 ], [ 28.67374000969378, -23.762383002773365 ], [ 28.673969999615817, -23.762402999199125 ], [ 28.674301002289528, -23.762322998207782 ], [ 28.674531001204819, -23.762234003096765 ], [ 28.674680998229491, -23.762203002566537 ], [ 28.674909998897345, -23.762182998946265 ], [ 28.675210998388895, -23.762182998946265 ], [ 28.675420999979234, -23.762133000237807 ], [ 28.675551000578231, -23.762012998301245 ], [ 28.675530996058679, -23.761872999039639 ], [ 28.675590004175383, -23.761814007110686 ], [ 28.675641000232002, -23.761783996734106 ], [ 28.675780998594238, -23.761764000308446 ], [ 28.675941002375399, -23.761764000308432 ], [ 28.676270998707619, -23.761774006165471 ], [ 28.676590997276769, -23.761774006165467 ], [ 28.676751000158557, -23.76181400711069 ], [ 28.676860996238005, -23.761844002198973 ], [ 28.676961001748897, -23.761884003144285 ], [ 28.677321009357154, -23.762144004342368 ], [ 28.677650996696208, -23.762222999891588 ], [ 28.677960996602756, -23.762203002566533 ], [ 28.678130999046431, -23.762203002566537 ], [ 28.678341008730651, -23.762213002128341 ], [ 28.678450996716126, -23.762154002105518 ], [ 28.678601001834767, -23.762074000214984 ], [ 28.678720995677445, -23.762054003789313 ], [ 28.678831007944744, -23.762054003789316 ], [ 28.678951002686706, -23.76206400155246 ], [ 28.679001002294449, -23.762102997955015 ], [ 28.679011000057606, -23.762203002566537 ], [ 28.679051001003003, -23.762334001413066 ], [ 28.679120996137137, -23.76235299959129 ], [ 28.679280999018925, -23.762272998600039 ], [ 28.679430996043681, -23.762182998946265 ], [ 28.679541000217093, -23.762092999292491 ], [ 28.679630999870781, -23.762012998301245 ], [ 28.679711000862039, -23.761922997748187 ], [ 28.6799009988321, -23.761693997080336 ], [ 28.68004099809362, -23.761584001000891 ], [ 28.68024100192072, -23.761473996827476 ], [ 28.680470999936727, -23.761413998557206 ], [ 28.680580996016175, -23.761394003030823 ], [ 28.680691001088871, -23.761323991708835 ], [ 28.680771002080125, -23.761234000149035 ], [ 28.681190998066114, -23.761153998258408 ], [ 28.681710999563087, -23.761274001094339 ], [ 28.681791002352991, -23.761264003331103 ], [ 28.68191099619559, -23.761323991708842 ], [ 28.682030999031433, -23.76148400268459 ], [ 28.682101002259532, -23.761633999709353 ], [ 28.682130997347723, -23.761804001253662 ], [ 28.682070999077379, -23.761963996041569 ], [ 28.682061001314221, -23.762043997932192 ], [ 28.682070999077379, -23.762092999292488 ], [ 28.682160998731149, -23.762223997239648 ], [ 28.682530996008765, -23.762064001552464 ], [ 28.682730999835865, -23.761913997333103 ], [ 28.683140998058704, -23.761494001347113 ], [ 28.683251002232033, -23.761434003976127 ], [ 28.684041003589432, -23.761383997173787 ], [ 28.684420998630195, -23.761404000794066 ], [ 28.684971004208521, -23.761333997565956 ], [ 28.685121001233277, -23.761404000794062 ], [ 28.685230997312726, -23.761423998119014 ], [ 28.68538100243136, -23.761323991708835 ], [ 28.685551003076384, -23.761214003723278 ], [ 28.685620999109886, -23.761113998212466 ], [ 28.685651001392682, -23.761033996321842 ], [ 28.685760996572849, -23.760753998698085 ], [ 28.68585098903193, -23.760614000335856 ], [ 28.686001002244534, -23.760154003404558 ], [ 28.686030997332733, -23.759923997294663 ], [ 28.686100999661463, -23.759833996741609 ], [ 28.68620099797776, -23.759733999324595 ], [ 28.686391003142337, -23.759523996834975 ], [ 28.686481002796111, -23.759324009195634 ], [ 28.686581001112319, -23.759213996928423 ], [ 28.686661003002939, -23.759163998219961 ], [ 28.686801001365176, -23.759134003131773 ], [ 28.687061002563258, -23.759134003131777 ], [ 28.687620996911484, -23.759054002140523 ], [ 28.687941003574522, -23.758993995776294 ], [ 28.688060998316484, -23.75891400287891 ], [ 28.688240997624032, -23.758813997368108 ], [ 28.688370998223029, -23.75874400223389 ], [ 28.688571002050129, -23.758734002672089 ], [ 28.688850998774605, -23.758873993839721 ], [ 28.689000995799354, -23.759033996721602 ], [ 28.689080997689896, -23.759184001840236 ], [ 28.689070999926738, -23.759354003384551 ], [ 28.688940999327748, -23.759504000409304 ], [ 28.68891099704495, -23.759553999117763 ], [ 28.688950997090895, -23.759664003291093 ], [ 28.689080997689896, -23.759783998033058 ], [ 28.689271003753838, -23.759844002598637 ], [ 28.689371001170766, -23.759873997686828 ], [ 28.689601000086146, -23.759974003197726 ], [ 28.689830998102153, -23.759963997340602 ], [ 28.689970997363673, -23.75992399729466 ], [ 28.69012100158303, -23.759903999969623 ], [ 28.69032099821553, -23.759884004443318 ], [ 28.690701001350178, -23.759903999969627 ], [ 28.690840999712414, -23.759903999969623 ], [ 28.691150999618955, -23.759944000914935 ], [ 28.691191000564267, -23.759963997340602 ], [ 28.691110998673736, -23.760124000222486 ], [ 28.690961001648976, -23.760263998584634 ], [ 28.690850998374938, -23.760374002758041 ], [ 28.69075100005864, -23.760543997107753 ], [ 28.690701001350178, -23.76068400266459 ], [ 28.690680996830537, -23.760734002272415 ], [ 28.690800998767106, -23.760784000980884 ], [ 28.691070998627705, -23.760774003217733 ], [ 28.691290998880564, -23.760663999044318 ], [ 28.691401003053887, -23.760594003010809 ], [ 28.691470998188112, -23.760514002019566 ], [ 28.691551000078647, -23.760374002758045 ], [ 28.691671002015212, -23.76021399987625 ], [ 28.691860999985281, -23.760013996049157 ], [ 28.692000999246794, -23.759953998678085 ], [ 28.6921909963175, -23.759823998978366 ], [ 28.692310999153342, -23.759774000269907 ], [ 28.692410996570267, -23.759733999324592 ], [ 28.692551011120351, -23.759643998771537 ], [ 28.692701000051141, -23.759534002692092 ], [ 28.692781001941761, -23.759473998126513 ], [ 28.692850997075897, -23.759333998864992 ], [ 28.692911001641477, -23.759213996928423 ], [ 28.692991004431381, -23.759113998612225 ], [ 28.693121004131097, -23.758943997067821 ], [ 28.693231001109829, -23.758794008136949 ], [ 28.69333099942612, -23.758683995869745 ], [ 28.693401001754854, -23.758593997115256 ], [ 28.693560997442127, -23.758573999790293 ], [ 28.693690989947335, -23.758554004263903 ], [ 28.693770999032473, -23.758554004263907 ], [ 28.693891000968943, -23.758583997553451 ], [ 28.694071001175775, -23.758664000343355 ], [ 28.694151002167121, -23.758694002626147 ], [ 28.694521000343926, -23.759033996721605 ], [ 28.69462099776085, -23.758943997067828 ], [ 28.694811002925519, -23.758694002626143 ], [ 28.694831000250559, -23.758604002972369 ], [ 28.694871001195782, -23.758533998844982 ], [ 28.695290997181768, -23.757464000763022 ], [ 28.695550998379947, -23.757483989094816 ], [ 28.695820997341265, -23.757483989094819 ], [ 28.696070999876735, -23.757523998134015 ], [ 28.696250999184283, -23.757544001754287 ], [ 28.696570997753351, -23.757514000370772 ], [ 28.696851002571709, -23.757464000763026 ], [ 28.697110995675995, -23.757444004337355 ], [ 28.697320998165615, -23.757504000808968 ], [ 28.697410997819386, -23.757523998134012 ], [ 28.697500998372448, -23.757613997787786 ], [ 28.697651002591716, -23.757724001961105 ], [ 28.698170996893992, -23.757934003551448 ], [ 28.698271003304257, -23.757953999977129 ], [ 28.69835099620154, -23.757923997694416 ], [ 28.698550991934759, -23.757923997694423 ], [ 28.698640999682418, -23.757904001268656 ], [ 28.6987710002815, -23.757944002213971 ], [ 28.698880997260321, -23.757934003551448 ], [ 28.699370995575045, -23.757994000922434 ], [ 28.699940996679672, -23.75818399889241 ], [ 28.700531003203306, -23.758343993680409 ], [ 28.701411012308451, -23.758063996056567 ], [ 28.702491000958954, -23.757184003139265 ], [ 28.702961003747379, -23.756784002679588 ], [ 28.704171999338385, -23.756593998414292 ], [ 28.704671997215002, -23.756333997216206 ], [ 28.705321001962719, -23.756323997654405 ], [ 28.705910998593733, -23.756214001574872 ], [ 28.706360997761891, -23.756044000929933 ], [ 28.70724600170162, -23.755802000561918 ], [ 28.707481004444841, -23.755694000078069 ], [ 28.70769200338334, -23.755244000909926 ], [ 28.708132003888885, -23.75512399897336 ], [ 28.707721997572254, -23.754363999898757 ], [ 28.707872002690799, -23.753973990906989 ], [ 28.708391996993083, -23.752484004033636 ], [ 28.708691999136473, -23.752153998708078 ], [ 28.706601999882459, -23.751834001038294 ], [ 28.704891996568488, -23.751294003115831 ], [ 28.703722000170234, -23.750733999774262 ], [ 28.70278099634595, -23.750284000606111 ], [ 28.702001999093024, -23.749553996619692 ], [ 28.70125100133269, -23.748584004048546 ], [ 28.70076100121932, -23.747664999440222 ], [ 28.700562002834165, -23.746685000112659 ], [ 28.700511005878262, -23.745735003967269 ], [ 28.700562002834165, -23.745425004060628 ], [ 28.700730998936432, -23.744754997445199 ], [ 28.701102000756809, -23.743835002683234 ], [ 28.701501003868252, -23.742974998097637 ], [ 28.701826886701504, -23.742439891587789 ] ] ] } },
{ "type": "Feature", "properties": { "Municipali": "Mogalakwena Local Municipality", "WardNo": "10", "WardLabel": "LIM367_10", "Province": "Limpopo", "CLASSIFICATION": "Service centre", "PopGBlack": 9232.7133353000027, "PopGColour": 9.521876141, "PopGIndian": 26.93704767, "PopGWhite": 8.5970976960000023, "PopGOther": 5.1774796, "PopGTotal": 9282.9468364000004 }, "geometry": { "type": "Polygon", "coordinates": [ [ [ 28.867460003876161, -23.767220001002251 ], [ 28.884350003050269, -23.784689999044229 ], [ 28.863199997182182, -23.787860003136604 ], [ 28.86315599875044, -23.78786699266761 ], [ 28.848209999292024, -23.790109996279345 ], [ 28.854859999289623, -23.806820011434379 ], [ 28.849379995690274, -23.829920001107119 ], [ 28.84320000027984, -23.833979995880117 ], [ 28.8464200021814, -23.836849997829194 ], [ 28.852171002090135, -23.84196199794787 ], [ 28.854624000097612, -23.844140998608214 ], [ 28.848906002609937, -23.846901005377131 ], [ 28.832851702943824, -23.849194608444421 ], [ 28.832330999975699, -23.84926899766614 ], [ 28.83194399831698, -23.849324000202444 ], [ 28.828622999851603, -23.849825002621817 ], [ 28.828504003357164, -23.849413003407427 ], [ 28.828375000106238, -23.84891299743693 ], [ 28.828164997616618, -23.848654999029055 ], [ 28.827881999854505, -23.848372001266849 ], [ 28.827389997850123, -23.848379996239796 ], [ 28.827447003176715, -23.847984999608041 ], [ 28.8275519963276, -23.847355001132435 ], [ 28.827591997272911, -23.846749994816452 ], [ 28.827673003706202, -23.846201002774048 ], [ 28.827673003706202, -23.845805998947689 ], [ 28.827439000109795, -23.845547999640438 ], [ 28.827237000687091, -23.845192996759391 ], [ 28.827075003108984, -23.845062996160397 ], [ 28.826841006707088, -23.845039002248114 ], [ 28.826453997853768, -23.845104001648384 ], [ 28.826446001981449, -23.846112997816594 ], [ 28.826437998914528, -23.847323004153321 ], [ 28.826332997669766, -23.848170001844064 ], [ 28.826139002213178, -23.848751996307616 ], [ 28.826025997901489, -23.849340995590477 ], [ 28.826188003573566, -23.84976000322164 ], [ 28.826397997969305, -23.850090996902019 ], [ 28.826412002212138, -23.850158998239205 ], [ 28.814093658995201, -23.852018029108802 ], [ 28.813133423168974, -23.851429382360127 ], [ 28.812151207012658, -23.850860730238555 ], [ 28.811324077144501, -23.85003360126969 ], [ 28.810496948175718, -23.848999689384154 ], [ 28.809721514036685, -23.84806916805767 ], [ 28.809049471356069, -23.847552211665221 ], [ 28.808704414077493, -23.847301842206285 ], [ 28.808475291101878, -23.847338019234229 ], [ 28.808354699210032, -23.847458610226713 ], [ 28.808149694253022, -23.847446551217367 ], [ 28.807884394249452, -23.847434492208016 ], [ 28.80760703433717, -23.847458610226713 ], [ 28.807389970370906, -23.847591260228537 ], [ 28.807269379378425, -23.847735970138903 ], [ 28.807172906404553, -23.847832443112782 ], [ 28.807184965413896, -23.847989211133211 ], [ 28.807209083432497, -23.848158039062273 ], [ 28.807136727577944, -23.848314807982078 ], [ 28.807004077576121, -23.84837510302863 ], [ 28.806799072619199, -23.848507753929734 ], [ 28.806569949643492, -23.848736876905345 ], [ 28.806389062705179, -23.848760994923961 ], [ 28.80628053072196, -23.848857467897837 ], [ 28.80618405774808, -23.848965999880964 ], [ 28.806063466755599, -23.849098649882791 ], [ 28.80593081585458, -23.849207181865928 ], [ 28.805786106843406, -23.849315714748432 ], [ 28.805713751888135, -23.849376009795076 ], [ 28.805713751888135, -23.849484541778207 ], [ 28.805749929815455, -23.849665428716531 ], [ 28.805894638826537, -23.849846315654936 ], [ 28.806027288828371, -23.849991024666021 ], [ 28.806039347837622, -23.850147793585815 ], [ 28.806027288828371, -23.850232207550345 ], [ 28.806027288828371, -23.850328681423594 ], [ 28.805894638826537, -23.850376916561434 ], [ 28.805689633869616, -23.850352799442106 ], [ 28.805508746931213, -23.850364857552176 ], [ 28.805436391975945, -23.850461331425336 ], [ 28.805412273957334, -23.850630159354395 ], [ 28.805412273957334, -23.850762809356215 ], [ 28.805400214947991, -23.850919578275928 ], [ 28.80529168296486, -23.851040169268408 ], [ 28.805110796026451, -23.851124583232938 ], [ 28.804821377104908, -23.851112523324318 ], [ 28.804640490166506, -23.851100464314964 ], [ 28.804531958183375, -23.851245174225426 ], [ 28.804314894217011, -23.851365765217903 ], [ 28.80417018520593, -23.851498415219648 ], [ 28.803977239258266, -23.851606947202864 ], [ 28.803844589256443, -23.851751657113322 ], [ 28.803796352319864, -23.8518963661244 ], [ 28.803784293310514, -23.852065194053466 ], [ 28.803772234301253, -23.852234021982518 ], [ 28.803711938355335, -23.852439026939614 ], [ 28.803672558841548, -23.852616232952769 ], [ 28.803663702318033, -23.852656090905889 ], [ 28.80345869736102, -23.852764622889026 ], [ 28.803289869431961, -23.852885213881503 ], [ 28.803157219430226, -23.853054041810562 ], [ 28.803000449611055, -23.853246987758311 ], [ 28.802976331592539, -23.8533916967694 ], [ 28.802988390601794, -23.853548465689109 ], [ 28.802891917627921, -23.853693174700282 ], [ 28.802735149607578, -23.853886120647946 ], [ 28.802747208616836, -23.854054948577009 ], [ 28.80277132663544, -23.854223775606791 ], [ 28.80277132663544, -23.854368486416526 ], [ 28.802723089698862, -23.854525254436957 ], [ 28.802542203659826, -23.854621727410837 ], [ 28.802349257712162, -23.854645846328804 ], [ 28.802228665820316, -23.854706141375363 ], [ 28.802216606810966, -23.854826732367837 ], [ 28.802096015818485, -23.854935264350978 ], [ 28.801782478878341, -23.854947324259602 ], [ 28.801529237884122, -23.854995560296896 ], [ 28.801493059956798, -23.855164388225962 ], [ 28.801493059956798, -23.85540557021092 ], [ 28.801553355902726, -23.855586457149325 ], [ 28.801529237884122, -23.855707048141809 ], [ 28.801360409954974, -23.855707048141809 ], [ 28.801191582025915, -23.855646753095161 ], [ 28.800974518059647, -23.855682930123109 ], [ 28.800709217156708, -23.85571910715106 ], [ 28.800528331117583, -23.855899994089473 ], [ 28.800468035171754, -23.856080881027786 ], [ 28.800407739225825, -23.856297944994232 ], [ 28.800468035171754, -23.856515008960503 ], [ 28.800468035171754, -23.856683836889555 ], [ 28.800395680216564, -23.856792368872689 ], [ 28.800130380212916, -23.856852664818614 ], [ 28.798996821645989, -23.856599422925033 ], [ 28.795692623415942, -23.854030829659031 ], [ 28.789784439999927, -23.84948047864118 ], [ 28.786877406667028, -23.847241546260353 ], [ 28.78340699303838, -23.84419971264666 ], [ 28.782484337182392, -23.84451819405945 ], [ 28.779570444720321, -23.845781739735543 ], [ 28.778435832147977, -23.846374832732387 ], [ 28.76763122510097, -23.844363473795294 ], [ 28.76770858478336, -23.843950888222921 ], [ 28.767940664730002, -23.8435383008519 ], [ 28.768018025311672, -23.843177287801598 ], [ 28.768069597833751, -23.842945207855045 ], [ 28.768095384994069, -23.842635769125479 ], [ 28.768121171255107, -23.842326328597252 ], [ 28.768146958415425, -23.841887955864468 ], [ 28.768146958415425, -23.841475369392814 ], [ 28.768120880774042, -23.841016023570639 ], [ 28.768039337445508, -23.840722465069753 ], [ 28.767778394657249, -23.840722465069756 ], [ 28.767126040834196, -23.84072246506976 ], [ 28.766604157056229, -23.840771390887021 ], [ 28.766098583382991, -23.840771390887021 ], [ 28.765756097266188, -23.84068984665911 ], [ 28.76539730194402, -23.840575684919941 ], [ 28.764989579905222, -23.840412595564853 ], [ 28.764581858765794, -23.840379978053495 ], [ 28.764059974987916, -23.840184272086503 ], [ 28.763733798076391, -23.839907021891619 ], [ 28.763423930370141, -23.839695005819895 ], [ 28.76311406086533, -23.839548226569459 ], [ 28.762706339725902, -23.839303593885742 ], [ 28.762298617687104, -23.839107887019381 ], [ 28.761744117297233, -23.838895871847029 ], [ 28.761515792919607, -23.838781710107856 ], [ 28.761254851030621, -23.838683856674681 ], [ 28.760944983324372, -23.838912181052308 ], [ 28.76068404143539, -23.8391731229413 ], [ 28.760324818036008, -23.839364179413355 ], [ 28.760064549739223, -23.839534355426196 ], [ 28.75967114940407, -23.839770395087704 ], [ 28.759179397411259, -23.839849075874113 ], [ 28.758608966430671, -23.839868745845909 ], [ 28.757822163062432, -23.839888415817782 ], [ 28.756996019750542, -23.840026105620272 ], [ 28.756425588769954, -23.840104787306061 ], [ 28.755874826861792, -23.840144127249722 ], [ 28.755363404897277, -23.840458847697644 ], [ 28.754851983832051, -23.840478517669425 ], [ 28.754340561867448, -23.840498187641209 ], [ 28.753671780128659, -23.840616208371284 ], [ 28.753199698107625, -23.840714558230303 ], [ 28.752707947014187, -23.840930928819308 ], [ 28.75235388572332, -23.840970268762963 ], [ 28.751704773956227, -23.84116697027946 ], [ 28.751252361906985, -23.841304660082049 ], [ 28.75087863064433, -23.841383340868546 ], [ 28.750327868736164, -23.841501360699258 ], [ 28.749895127558158, -23.841717732187632 ], [ 28.749344365649996, -23.841835752018337 ], [ 28.748793603741913, -23.842012782663776 ], [ 28.748282182676597, -23.842209483281078 ], [ 28.747593730965935, -23.842268493196428 ], [ 28.747042969057851, -23.842268493196428 ], [ 28.74637418731897, -23.842130803393932 ], [ 28.745587383950649, -23.841993112691984 ], [ 28.744879262268199, -23.841835752018337 ], [ 28.744171139686383, -23.841717732187629 ], [ 28.743640047750002, -23.841619381429336 ], [ 28.743423677161086, -23.84154070064282 ], [ 28.742715554579181, -23.841284990110253 ], [ 28.742422210116956, -23.841234701820014 ], [ 28.742027102868608, -23.841166970279456 ], [ 28.741338651157857, -23.841068620420533 ], [ 28.740355148071689, -23.840852248932169 ], [ 28.739017582795285, -23.840517857613087 ], [ 28.737896389906535, -23.840222807136861 ], [ 28.736912886820356, -23.839947425733133 ], [ 28.736539155557619, -23.839770395087704 ], [ 28.736303114996833, -23.83980973593065 ], [ 28.735968723677757, -23.840026105620272 ], [ 28.73563433325787, -23.840085116434999 ], [ 28.735398291797804, -23.840006435648483 ], [ 28.735122911293359, -23.840045775592149 ], [ 28.734945880647928, -23.840222807136861 ], [ 28.73482785991785, -23.84051785761309 ], [ 28.734650830171791, -23.840635878343075 ], [ 28.734493468598775, -23.840557197556659 ], [ 28.73427709800977, -23.84045884769764 ], [ 28.734080398291741, -23.840557197556652 ], [ 28.73406072831996, -23.840773569045023 ], [ 28.733883696775251, -23.841048950448751 ], [ 28.733431285625372, -23.841088290392324 ], [ 28.733096895205659, -23.841225980194814 ], [ 28.732821513801852, -23.841344000025614 ], [ 28.732644483156417, -23.841540700642827 ], [ 28.732546133297497, -23.84197344182083 ], [ 28.732447783438477, -23.842445523841857 ], [ 28.732329761809122, -23.842760245189243 ], [ 28.732054381304678, -23.842897934991736 ], [ 28.731818340743892, -23.842878265019948 ], [ 28.73168065004203, -23.842642225358443 ], [ 28.73142493861009, -23.842543873700873 ], [ 28.731051208246726, -23.842425853870076 ], [ 28.730618467068631, -23.842307834039364 ], [ 28.730421765552041, -23.842366843954725 ], [ 28.730343085664902, -23.842622555386658 ], [ 28.730166055019474, -23.842858595048163 ], [ 28.730166055019474, -23.843153646423676 ], [ 28.729989025273415, -23.843271667153751 ], [ 28.729792323756826, -23.843330677069108 ], [ 28.729654633954247, -23.843527376786955 ], [ 28.729123542017859, -23.843940448892628 ], [ 28.728808820670569, -23.844137148610486 ], [ 28.728513770194425, -23.84401912877977 ], [ 28.728218718818916, -23.843999458807986 ], [ 28.728100698988118, -23.844235500268141 ], [ 28.727943338314471, -23.844648570575071 ], [ 28.727628616967177, -23.8450419718096 ], [ 28.727353237362102, -23.845337023185099 ], [ 28.727412247277456, -23.845907455064971 ], [ 28.727589277023604, -23.84616316559763 ], [ 28.727569607051734, -23.846418877029578 ], [ 28.727519183863265, -23.846595140553269 ], [ 28.727191925067384, -23.846840585324703 ], [ 28.726831939942112, -23.846873310754717 ], [ 28.726488317082175, -23.846856947590119 ], [ 28.726193784615493, -23.846775133565576 ], [ 28.72594217229349, -23.846789427390192 ], [ 28.725763062415449, -23.846946147746532 ], [ 28.725494397148701, -23.847102869901601 ], [ 28.725113786971725, -23.847125259423219 ], [ 28.724598845060754, -23.847013315412184 ], [ 28.724195847160637, -23.84703570313523 ], [ 28.723837627404642, -23.847281979779563 ], [ 28.724118484780309, -23.849275208384206 ], [ 28.724180347345243, -23.849474737369285 ], [ 28.724216797767042, -23.849547639112235 ], [ 28.724298327605744, -23.849710698789728 ], [ 28.724396645988421, -23.849799184884535 ], [ 28.724534290824931, -23.849985989361933 ], [ 28.724681767049937, -23.850192455717231 ], [ 28.724780085432613, -23.850418586648463 ], [ 28.724888234304608, -23.850762697840263 ], [ 28.724976720399326, -23.850998661059368 ], [ 28.725104532947871, -23.851214959702627 ], [ 28.725242177784288, -23.851421426957298 ], [ 28.725399486297345, -23.8516180619241 ], [ 28.725507636068617, -23.851755706760425 ], [ 28.725635448617076, -23.851991669080334 ], [ 28.725812419907317, -23.852129313916659 ], [ 28.726028718550584, -23.852109651139564 ], [ 28.726382662929634, -23.852070323786453 ], [ 28.726638288925916, -23.852011332756799 ], [ 28.726962737340539, -23.851991669080334 ], [ 28.727277354366393, -23.852040827821948 ], [ 28.727365839561919, -23.852227632299432 ], [ 28.727375671849796, -23.852375107625065 ], [ 28.727356008173242, -23.852591407167701 ], [ 28.727336343597404, -23.85280770581096 ], [ 28.727336343597404, -23.852974845712616 ], [ 28.727385503238473, -23.853122322836995 ], [ 28.727542811751359, -23.853318957803623 ], [ 28.727611634169609, -23.853407443898419 ], [ 28.727660792911305, -23.85364340711752 ], [ 28.727601801881647, -23.85373189231295 ], [ 28.727509116852303, -23.853810687313441 ], [ 28.727509116852303, -23.853923440714272 ], [ 28.727527909985135, -23.854073778582027 ], [ 28.727574889669455, -23.8542053251157 ], [ 28.727546702218593, -23.854318079415904 ], [ 28.727349382867775, -23.854430832816746 ], [ 28.727095685917224, -23.854496605633891 ], [ 28.726766820932109, -23.854703322000766 ], [ 28.726531917114379, -23.854910036568885 ], [ 28.726428558930856, -23.855097960702299 ], [ 28.726428558930856, -23.855342260636807 ], [ 28.726447351164403, -23.855595956688084 ], [ 28.726362786113704, -23.855849652739263 ], [ 28.726184258996444, -23.856018783739941 ], [ 28.725930562945166, -23.856187914740442 ], [ 28.725639282426968, -23.856263083674364 ], [ 28.725348001009493, -23.856300669040646 ], [ 28.725131889425217, -23.856385234091345 ], [ 28.72493457007441, -23.856610741792391 ], [ 28.724633893439528, -23.856977192143685 ], [ 28.724295631438274, -23.857353038611855 ], [ 28.724013746137572, -23.857597339445643 ], [ 28.723760050086295, -23.857728885080029 ], [ 28.723590919085712, -23.857851034597559 ], [ 28.723525146268475, -23.85801077038073 ], [ 28.723496957018963, -23.858226881065722 ], [ 28.723440581217957, -23.858386615949627 ], [ 28.723309033784922, -23.858508766366516 ], [ 28.723102319216704, -23.858555746950206 ], [ 28.722895602849832, -23.85856514306689 ], [ 28.722698284398387, -23.858621519767357 ], [ 28.72242579521437, -23.858950385651738 ], [ 28.721965383695505, -23.859504759237272 ], [ 28.721645913927798, -23.859908794055666 ], [ 28.721307652825917, -23.860209470690563 ], [ 28.721063351992132, -23.860378601691135 ], [ 28.720959994708064, -23.86053833567566 ], [ 28.720922410241062, -23.860773240392763 ], [ 28.720922410241062, -23.860998748093809 ], [ 28.720856637423914, -23.861205463561312 ], [ 28.72071569477356, -23.86131821786152 ], [ 28.720565356006439, -23.861318217861513 ], [ 28.72048079095574, -23.861243048028218 ], [ 28.720349244422167, -23.861214859678082 ], [ 28.720208301771812, -23.861308820845373 ], [ 28.720029774654463, -23.861449764395097 ], [ 28.719841852319703, -23.861618895395772 ], [ 28.719738494136262, -23.861778629380204 ], [ 28.719663325202344, -23.861928968147325 ], [ 28.719663325202344, -23.862098099147907 ], [ 28.719738494136262, -23.862652471834153 ], [ 28.719729098019489, -23.862849791184974 ], [ 28.719700908769976, -23.863047111435058 ], [ 28.719597552385199, -23.863244429886507 ], [ 28.719202912784194, -23.863667256938378 ], [ 28.718921028382777, -23.863986726706077 ], [ 28.718657936214814, -23.864306195574507 ], [ 28.718498201331006, -23.86458808087529 ], [ 28.718347862563885, -23.864813588576244 ], [ 28.718263296613909, -23.864888758409542 ], [ 28.718131750979609, -23.864926341977178 ], [ 28.718000205345312, -23.864860569159941 ], [ 28.717887451045105, -23.864822984693021 ], [ 28.717643151110604, -23.864804191560197 ], [ 28.717427038626958, -23.864804191560197 ], [ 28.717257907626372, -23.864898153626857 ], [ 28.717023003808642, -23.865057889410128 ], [ 28.717013607691868, -23.865208227277872 ], [ 28.717013607691868, -23.865339772912176 ], [ 28.717013607691868, -23.865565280613218 ], [ 28.717013607691868, -23.865837769797245 ], [ 28.716985420241009, -23.866016296914594 ], [ 28.716806893123653, -23.86612905121472 ], [ 28.716647158239848, -23.866204220148642 ], [ 28.716487423355947, -23.866269992965869 ], [ 28.716280707888448, -23.86637335114931 ], [ 28.716120973004553, -23.866523689017061 ], [ 28.716073992420856, -23.866664631667415 ], [ 28.716064596304175, -23.866871347134996 ], [ 28.71593304977042, -23.867115647069415 ], [ 28.715773314886608, -23.867247193603166 ], [ 28.715622977018853, -23.867406927587606 ], [ 28.715566600318393, -23.867585454704969 ], [ 28.715604183886033, -23.867848547772297 ], [ 28.715632373135538, -23.8680552632398 ], [ 28.715575996435078, -23.868318356307135 ], [ 28.715510222718649, -23.868534466992028 ], [ 28.715491429585907, -23.868741183358988 ], [ 28.715435052885447, -23.869023067760409 ], [ 28.715350487834755, -23.86921099099445 ], [ 28.715228338317228, -23.869464687045721 ], [ 28.715134376250482, -23.869727780112974 ], [ 28.715031018966414, -23.869990872280937 ], [ 28.714880680199286, -23.87017879461569 ], [ 28.714711549198707, -23.870253964448899 ], [ 28.714533022081351, -23.870244568332204 ], [ 28.714326306613849, -23.870244568332208 ], [ 28.714119591146261, -23.870347925616279 ], [ 28.713931667912227, -23.870667395383979 ], [ 28.713743744678183, -23.870949279785485 ], [ 28.713630991277252, -23.871043241852149 ], [ 28.713414878793703, -23.871062034085604 ], [ 28.713236351676347, -23.871090223335127 ], [ 28.713123598275505, -23.871193579719911 ], [ 28.712954468174203, -23.871400296086779 ], [ 28.712766544040885, -23.871607010655083 ], [ 28.712672582873413, -23.871719764955206 ], [ 28.712672582873413, -23.871823123138643 ], [ 28.712700771223652, -23.872001650255992 ], [ 28.712757147924112, -23.872123799773512 ], [ 28.712710167340425, -23.8722459501905 ], [ 28.712541037239124, -23.872330515241099 ], [ 28.712390697572712, -23.872433873424544 ], [ 28.712296736405335, -23.87255602294206 ], [ 28.712183983004493, -23.872734550059501 ], [ 28.712174585988446, -23.872866095693805 ], [ 28.712249755821649, -23.872960057760466 ], [ 28.712362510121764, -23.873063415943893 ], [ 28.712437679055682, -23.873194961578282 ], [ 28.712418885922862, -23.873382884812326 ], [ 28.712418885922862, -23.873486242995753 ], [ 28.712484659639376, -23.873589601179184 ], [ 28.712569224689982, -23.873683562346482 ], [ 28.712710167340425, -23.873730542930261 ], [ 28.712822920741257, -23.87384329723038 ], [ 28.712804129407083, -23.873974842864676 ], [ 28.712681978990194, -23.874115786414485 ], [ 28.712653789740681, -23.874256728165467 ], [ 28.712691375106967, -23.874454046617 ], [ 28.712710167340425, -23.874651366867099 ], [ 28.712644393623908, -23.874858082334683 ], [ 28.712578620806756, -23.875196344335851 ], [ 28.712522244106292, -23.875450040387125 ], [ 28.712381302355222, -23.875666151971402 ], [ 28.712343716989025, -23.875788302388209 ], [ 28.712381302355222, -23.876023206206014 ], [ 28.712531640223066, -23.876173544073858 ], [ 28.712719564356473, -23.876286298373984 ], [ 28.712898090574459, -23.876342675074355 ], [ 28.713020240991355, -23.876427241024334 ], [ 28.713057824558987, -23.876558786658723 ], [ 28.713020240991355, -23.876690333192389 ], [ 28.713010843975301, -23.876840671959421 ], [ 28.713031350316637, -23.876885101166494 ], [ 28.713067220675761, -23.876962822376402 ], [ 28.713198768108708, -23.877075575777248 ], [ 28.71349944474359, -23.877216518427588 ], [ 28.713800122277839, -23.877329271828437 ], [ 28.713969253278513, -23.877460818362099 ], [ 28.714100798912803, -23.877648740696859 ], [ 28.714269929913389, -23.877846060946954 ], [ 28.714467249264203, -23.87803398418108 ], [ 28.714608191015277, -23.878259491882037 ], [ 28.714711549198707, -23.878607149100691 ], [ 28.714730341432166, -23.878945411101856 ], [ 28.714692756965253, -23.879142729553305 ], [ 28.714467249264203, -23.879452804103696 ], [ 28.714363891080765, -23.879697104038112 ], [ 28.714222949329702, -23.880007176789768 ], [ 28.714138383379726, -23.880298458207236 ], [ 28.714198724291723, -23.880589218917329 ], [ 28.714124149809752, -23.880924800938875 ], [ 28.713900429061606, -23.881167167330986 ], [ 28.713602132932117, -23.881204454122237 ], [ 28.713347765986658, -23.881335581571854 ], [ 28.713165397864895, -23.881477424443609 ], [ 28.712847803183678, -23.88173150000873 ], [ 28.712466690285549, -23.88198557467457 ], [ 28.712037937600723, -23.882144373364145 ], [ 28.711466268253755, -23.882461967146092 ], [ 28.710973997352109, -23.882700163381891 ], [ 28.710449965993185, -23.882874838702854 ], [ 28.710132372211245, -23.88306539605124 ], [ 28.709655979739729, -23.883335350945675 ], [ 28.709100189722076, -23.88338298983318 ], [ 28.708496760816921, -23.883589427410168 ], [ 28.707940970799179, -23.883716463843815 ], [ 28.707385180781525, -23.883859382304692 ], [ 28.706749992318365, -23.883986419637527 ], [ 28.706146563413213, -23.884192856315323 ], [ 28.705797209173898, -23.884288134090149 ], [ 28.705606651825594, -23.884462811209762 ], [ 28.705209659598143, -23.884526330325944 ], [ 28.704971464261714, -23.884526330325944 ], [ 28.704606229793711, -23.884589849442051 ], [ 28.704288636011771, -23.884605728771373 ], [ 28.703828123768943, -23.884716886774971 ], [ 28.703447010870899, -23.884796285220389 ], [ 28.702922980411259, -23.885082120343604 ], [ 28.702462469067797, -23.885336195908724 ], [ 28.701954317937471, -23.885574391245246 ], [ 28.701604963698156, -23.885876105697687 ], [ 28.701176211912703, -23.886257218595826 ], [ 28.700858617231479, -23.886511295060217 ], [ 28.700541023449539, -23.88681300861348 ], [ 28.700286946985049, -23.887067085077963 ], [ 28.700048751648612, -23.887464078204609 ], [ 28.699762917424774, -23.887924588648868 ], [ 28.699413563185459, -23.888258062659496 ], [ 28.698857773167717, -23.888591536670127 ], [ 28.698476660269673, -23.888797974247112 ], [ 28.698095547371718, -23.888909132250628 ], [ 28.697906585420661, -23.888675702421736 ], [ 28.697647204754734, -23.888416320856532 ], [ 28.697491577074654, -23.888053189003507 ], [ 28.697076567829374, -23.887456612932375 ], [ 28.696765310670663, -23.886522843254621 ], [ 28.696454055310507, -23.885796577749911 ], [ 28.696272487585301, -23.885200002578063 ], [ 28.696039046065138, -23.884421860580389 ], [ 28.695779665399307, -23.883669657728561 ], [ 28.695209027574577, -23.882943392223847 ], [ 28.694586515055711, -23.882476507384965 ], [ 28.693912126043791, -23.882061499038961 ], [ 28.693133984046202, -23.881594614200086 ], [ 28.692537408874358, -23.88146492296784 ], [ 28.692226151715644, -23.881023977274726 ], [ 28.691577700950205, -23.880557092435843 ], [ 28.691007064024848, -23.880168021437054 ], [ 28.690228922027167, -23.879882701625366 ], [ 28.689813912781887, -23.8796492601053 ], [ 28.689554533015333, -23.879338002946493 ], [ 28.689165462016447, -23.879363941192974 ], [ 28.688802329264135, -23.879208312613535 ], [ 28.688153877599412, -23.878845179861223 ], [ 28.687038541995182, -23.878404233268824 ], [ 28.686286338243988, -23.878222667342264 ], [ 28.685663824825756, -23.878430170615939 ], [ 28.685222878233265, -23.878326419428738 ], [ 28.684470675381444, -23.8780411014157 ], [ 28.683977852296078, -23.878015163169309 ], [ 28.683121895559122, -23.87785953369049 ], [ 28.682317817113606, -23.877677967764022 ], [ 28.681617488956007, -23.877444526243863 ], [ 28.680891224350574, -23.877159207331548 ], [ 28.680372463018813, -23.876744198086264 ], [ 28.67982776433994, -23.876614507753391 ], [ 28.679283064761702, -23.876303250594589 ], [ 28.678816179922823, -23.87599199523444 ], [ 28.678349295083947, -23.875654799829153 ], [ 28.677726780766335, -23.875239790583873 ], [ 28.677297195309354, -23.874941278617172 ], [ 28.677471411976139, -23.874947086438947 ], [ 28.677575941076888, -23.874906436183071 ], [ 28.67762820607695, -23.874801906183041 ], [ 28.677604976588484, -23.874668339772136 ], [ 28.677500448387015, -23.874523160415599 ], [ 28.677395918386978, -23.874424437337971 ], [ 28.677273965820888, -23.874314100415447 ], [ 28.677204280053601, -23.874238606826285 ], [ 28.677198473131103, -23.87414569067116 ], [ 28.677297195309354, -23.873919209903679 ], [ 28.677355267231825, -23.873785644391965 ], [ 28.677546904666013, -23.873530127213613 ], [ 28.677674664154516, -23.873396560802615 ], [ 28.677814036588554, -23.873262996190274 ], [ 28.678075360689398, -23.873158466190237 ], [ 28.678325070945334, -23.872926177600988 ], [ 28.678499287612119, -23.872746154011793 ], [ 28.678644467867937, -23.872647431833542 ], [ 28.678748997867974, -23.872490636833447 ], [ 28.678847720046313, -23.872281576833288 ], [ 28.678836106201405, -23.872089940298469 ], [ 28.678812876712939, -23.871886687220897 ], [ 28.678818683635349, -23.871625363120057 ], [ 28.678841913123815, -23.871491796709048 ], [ 28.678987093379725, -23.871294352352454 ], [ 28.679207767224696, -23.871079485429892 ], [ 28.679387789914607, -23.870911075685612 ], [ 28.679492319914729, -23.870742666840613 ], [ 28.679596849914766, -23.870475534917983 ], [ 28.679689765170608, -23.870283898383246 ], [ 28.679742030170576, -23.870144525049842 ], [ 28.679811716837328, -23.870103873894688 ], [ 28.679974318759829, -23.870022573383032 ], [ 28.680096270426557, -23.869848356716339 ], [ 28.680171764015796, -23.869645105437247 ], [ 28.680224029015772, -23.869528959793652 ], [ 28.680334365938307, -23.869441852359589 ], [ 28.680520195550621, -23.869308285948669 ], [ 28.680740870294972, -23.86916310569277 ], [ 28.680903472217473, -23.868977276080447 ], [ 28.681153181574135, -23.868808867235444 ], [ 28.681257711574162, -23.868739179669415 ], [ 28.681298361829946, -23.868623035824474 ], [ 28.681240289907478, -23.868233953134407 ], [ 28.68122867606257, -23.867885519800932 ], [ 28.681275133240852, -23.867659039033381 ], [ 28.681443542085855, -23.867473207622403 ], [ 28.681559686830163, -23.867362871599241 ], [ 28.681751324264265, -23.867333835188361 ], [ 28.681919734008552, -23.867322221343457 ], [ 28.682082335031772, -23.867281571087673 ], [ 28.682204286698582, -23.867148004676675 ], [ 28.682204286698582, -23.867031860831734 ], [ 28.682204286698582, -23.866950560320078 ], [ 28.682279780287651, -23.866880872754137 ], [ 28.682401731954457, -23.866875065831636 ], [ 28.68248884028781, -23.866927330831697 ], [ 28.682517875799402, -23.86705508942083 ], [ 28.682564333876961, -23.867113162242674 ], [ 28.682674670799496, -23.867124776087579 ], [ 28.682761779132846, -23.867055089420827 ], [ 28.682860501311186, -23.866938944676612 ], [ 28.682988259900316, -23.866642778141756 ], [ 28.683057945667695, -23.866410488653131 ], [ 28.683150861822909, -23.866108514296506 ], [ 28.683226356311351, -23.865951720195774 ], [ 28.683412185923753, -23.865783311350771 ], [ 28.68352832976861, -23.865614901606399 ], [ 28.68368512476879, -23.865388420838933 ], [ 28.683841919768803, -23.865167746993954 ], [ 28.684103243869647, -23.864854156993765 ], [ 28.684277459637059, -23.864598639815419 ], [ 28.68446081431517, -23.864406555418235 ], [ 28.684431481127994, -23.864364184759339 ], [ 28.68422458939332, -23.864083402027429 ], [ 28.684002918200186, -23.863802619295516 ], [ 28.683707356909007, -23.863521835664145 ], [ 28.683441351836994, -23.863226275272343 ], [ 28.683145791445192, -23.862930713981257 ], [ 28.682776340056066, -23.862635152690174 ], [ 28.682406888667028, -23.862457817174477 ], [ 28.681501996220184, -23.86213526632951 ], [ 28.681948489830983, -23.861589551416696 ], [ 28.682103146243282, -23.860860454846115 ], [ 28.682170439813998, -23.860347769334112 ], [ 28.682191644029185, -23.859881297284055 ], [ 28.682191644029185, -23.859499637598251 ], [ 28.681937204238611, -23.859054368864097 ], [ 28.6815767478687, -23.858693913393378 ], [ 28.681152683349733, -23.858481880234617 ], [ 28.680431770609836, -23.858079018132184 ], [ 28.679668453036772, -23.857824578341614 ], [ 28.678820321300819, -23.85765495181457 ], [ 28.678141816091998, -23.857379308708094 ], [ 28.677420905150747, -23.857294496343936 ], [ 28.676890823153077, -23.857082463185087 ], [ 28.676615180046507, -23.856828024293886 ], [ 28.676480892379306, -23.856487486108588 ], [ 28.676436557601139, -23.855940698304575 ], [ 28.676318333624224, -23.855320021301981 ], [ 28.676200109647393, -23.854551562304749 ], [ 28.676140997209338, -23.854049109278986 ], [ 28.67591932691548, -23.853531876794673 ], [ 28.675639829314683, -23.852884212936136 ], [ 28.675661031731309, -23.852226911043125 ], [ 28.675741989601228, -23.851758510846633 ], [ 28.675993217013438, -23.851152610604469 ], [ 28.676067107111386, -23.850694492356961 ], [ 28.675957878153593, -23.850318616211201 ], [ 28.675639829314683, -23.849809736630053 ], [ 28.675364186208302, -23.84951289110705 ], [ 28.674749290947101, -23.84913123232052 ], [ 28.674516651622234, -23.848520702368592 ], [ 28.674454952733921, -23.836952107753618 ], [ 28.674319081360569, -23.82421412108479 ], [ 28.674232393909929, -23.816087279604304 ], [ 28.700122999676786, -23.798925998136323 ], [ 28.710886998736072, -23.79649599669288 ], [ 28.711713854311007, -23.796309275852398 ], [ 28.715146998235443, -23.795533999994138 ], [ 28.725485996581529, -23.78122000090233 ], [ 28.726429121007193, -23.779913980246008 ], [ 28.727271464706433, -23.780423304991487 ], [ 28.727627341728507, -23.780581472357095 ], [ 28.727997354294516, -23.780745922386419 ], [ 28.728585921003482, -23.781047794220356 ], [ 28.729287821176044, -23.781095423215238 ], [ 28.72998682463232, -23.781095423215241 ], [ 28.731089099382462, -23.781014769316204 ], [ 28.73186875673785, -23.781014769316215 ], [ 28.732487106295007, -23.780934115417089 ], [ 28.733105454952884, -23.781095423215238 ], [ 28.733428072347728, -23.7814180397108 ], [ 28.733643149711643, -23.781713772772392 ], [ 28.73415396013716, -23.781310500579153 ], [ 28.734557231431118, -23.780907230184567 ], [ 28.734933616593178, -23.780423304991487 ], [ 28.735605735716202, -23.779670531969529 ], [ 28.736170314808213, -23.779025298079034 ], [ 28.736492932203145, -23.778648912017697 ], [ 28.737353244356754, -23.778164985925439 ], [ 28.73953090772531, -23.777465983368437 ], [ 28.741009569436169, -23.776901404276337 ], [ 28.741669806716217, -23.776538919935213 ], [ 28.742380691116093, -23.776148631254291 ], [ 28.742945271107477, -23.775503397363973 ], [ 28.743805582361794, -23.774535546078635 ], [ 28.744235737988916, -23.773755888723336 ], [ 28.744504585818071, -23.772976231367942 ], [ 28.744673385868097, -23.772427633228677 ], [ 28.744675629676617, -23.77242033882759 ], [ 28.747303939725061, -23.774193210148546 ], [ 28.747628320690527, -23.774309987116197 ], [ 28.752039900920714, -23.774543541051582 ], [ 28.752597835821483, -23.774582467307045 ], [ 28.75530236161476, -23.7746965822815 ], [ 28.757543686192253, -23.774562431311164 ], [ 28.759049232236354, -23.774616199977665 ], [ 28.760742971311121, -23.774454892179605 ], [ 28.763162598175413, -23.774239813916228 ], [ 28.766241648433372, -23.773935852957251 ], [ 28.76695232958641, -23.773834428316214 ], [ 28.767824724131724, -23.773536536881668 ], [ 28.768824786434738, -23.773047144709995 ], [ 28.769846125798132, -23.772238584942759 ], [ 28.771016410878712, -23.771387468357016 ], [ 28.771612191949146, -23.771089577821762 ], [ 28.772314362817703, -23.770834243205819 ], [ 28.773293147161056, -23.770621463609647 ], [ 28.774037873948757, -23.770515073811612 ], [ 28.775271992908234, -23.770536351771185 ], [ 28.780144633967758, -23.770855521165387 ], [ 28.780804248916997, -23.770961910064141 ], [ 28.781953256038001, -23.771408746316599 ], [ 28.782463926169338, -23.771578969094151 ], [ 28.783251208876276, -23.771536414074287 ], [ 28.785315165562547, -23.771536414074287 ], [ 28.786379060844997, -23.771621525013384 ], [ 28.786996120774372, -23.771876859629415 ], [ 28.787804468301598, -23.772431608232115 ], [ 28.787240470171621, -23.772763370832976 ], [ 28.786885261345805, -23.773083060035191 ], [ 28.78624588384055, -23.773402748338221 ], [ 28.785737702133346, -23.773704896263929 ], [ 28.785462334219364, -23.773704896263922 ], [ 28.785061799562456, -23.773704896263926 ], [ 28.78473636639022, -23.773779996849409 ], [ 28.784486031105544, -23.774105430920919 ], [ 28.784085497347824, -23.774180532405595 ], [ 28.783609863004806, -23.774280664720926 ], [ 28.78313422686313, -23.774380798834819 ], [ 28.782458325191612, -23.774756299963226 ], [ 28.781882555835328, -23.775031666977839 ], [ 28.780956319778412, -23.775407168106341 ], [ 28.780680952763799, -23.775582401906355 ], [ 28.780430619277677, -23.775782669234758 ], [ 28.7802553845784, -23.775957903034758 ], [ 28.781857523206117, -23.776058037148644 ], [ 28.783309460663141, -23.776158170363257 ], [ 28.783847770558197, -23.776289465086709 ], [ 28.783902182239938, -23.776332994072462 ], [ 28.783984249873331, -23.776374028338754 ], [ 28.784066318405927, -23.776415062605047 ], [ 28.78416330759061, -23.776392680277947 ], [ 28.784250979798948, -23.776387810449052 ], [ 28.784297600653854, -23.776385220401579 ], [ 28.784458007331221, -23.776411332217226 ], [ 28.784581110130198, -23.776429984156429 ], [ 28.784633334660764, -23.776508322301282 ], [ 28.78467436892706, -23.776590389934501 ], [ 28.784683050982139, -23.776614265136224 ], [ 28.784704212029805, -23.776672457567898 ], [ 28.784782550174576, -23.776739605448402 ], [ 28.784823584440868, -23.776791829978968 ], [ 28.784838505992333, -23.776896280838667 ], [ 28.784909383361459, -23.776955967044241 ], [ 28.78501010293397, -23.777015653249819 ], [ 28.785099632242289, -23.777079068943856 ], [ 28.785185431162702, -23.777105181658865 ], [ 28.785263768408285, -23.777067877780308 ], [ 28.785293119581862, -23.777062286695195 ], [ 28.785342105653683, -23.777052957128294 ], [ 28.785416714309999, -23.777071609067491 ], [ 28.785524894658241, -23.77721336290638 ], [ 28.78562934461856, -23.777291701051148 ], [ 28.785733796377624, -23.777377499072287 ], [ 28.785808403235205, -23.777448376441413 ], [ 28.785912854094992, -23.777537904850455 ], [ 28.785961349137018, -23.777605051831671 ], [ 28.786002197243601, -23.777688900122651 ], [ 28.786032225606775, -23.77775053695775 ], [ 28.786132946078649, -23.777858718205266 ], [ 28.786256047978263, -23.777951977002132 ], [ 28.786341846898765, -23.778007932819797 ], [ 28.786386610653597, -23.778067619025471 ], [ 28.78645002814628, -23.778149686658686 ], [ 28.786554478106687, -23.778224294415633 ], [ 28.786647736903646, -23.778283979721941 ], [ 28.786701739393859, -23.778301980552005 ], [ 28.786808143581002, -23.77834739721461 ], [ 28.786833303014568, -23.778417284430098 ], [ 28.786852908235211, -23.778504071705598 ], [ 28.786893941602141, -23.778589870626007 ], [ 28.786976010134818, -23.778642096055854 ], [ 28.787114033585883, -23.77875400769128 ], [ 28.787248328447696, -23.778858457651701 ], [ 28.787315475428915, -23.778914414368735 ], [ 28.78739381177504, -23.778974099675029 ], [ 28.787446038104253, -23.779022594716967 ], [ 28.787534616829138, -23.77903191888791 ], [ 28.787740375418061, -23.779212246448004 ], [ 28.790719350018041, -23.78174062113273 ], [ 28.791870886931953, -23.782641823661244 ], [ 28.792396588331961, -23.783092425375145 ], [ 28.792797122988869, -23.78314249243213 ], [ 28.794448585833571, -23.783669555405663 ], [ 28.795074530165493, -23.782417665842623 ], [ 28.797207421685162, -23.778379234114396 ], [ 28.797479529556682, -23.777744317246427 ], [ 28.798658662167522, -23.777630938816763 ], [ 28.798681337673621, -23.77955836672524 ], [ 28.798963220276484, -23.77985590832353 ], [ 28.802809287918361, -23.77890918391169 ], [ 28.817592469616876, -23.775637835217978 ], [ 28.818490941803574, -23.775439013999286 ], [ 28.818672448374851, -23.775153791314438 ], [ 28.820182100723404, -23.772781478682322 ], [ 28.825743444404537, -23.771984578625357 ], [ 28.827385997665672, -23.771749212556145 ], [ 28.827715445411556, -23.77157350841069 ], [ 28.827935076043012, -23.771266024807222 ], [ 28.828140995610546, -23.770909999396999 ], [ 28.828171980852296, -23.770895934899524 ], [ 28.828091999646105, -23.769745999678172 ], [ 28.82799299957734, -23.768401999752509 ], [ 28.829205999757104, -23.765879000315678 ], [ 28.830024999753995, -23.764241000321888 ], [ 28.830779000350621, -23.762733000027922 ], [ 28.831335999956437, -23.761488000171113 ], [ 28.831957999861881, -23.760145000291548 ], [ 28.832580999813334, -23.758834000089013 ], [ 28.833466000155855, -23.75712999974969 ], [ 28.834317999875875, -23.755229000218215 ], [ 28.835038999849999, -23.753754999693555 ], [ 28.83569400037786, -23.752410999767889 ], [ 28.836218000260544, -23.7513300002793 ], [ 28.837234000348872, -23.749069000334082 ], [ 28.837955000323085, -23.747725000408497 ], [ 28.838676000297298, -23.746087000414821 ], [ 28.839429999994554, -23.74461199984389 ], [ 28.839725000108757, -23.743989999938524 ], [ 28.84093700024243, -23.744874000234955 ], [ 28.84404999990759, -23.747167999903315 ], [ 28.846082000084245, -23.748675000151106 ], [ 28.849064000003594, -23.750870999796792 ], [ 28.850406999883166, -23.751756000139313 ], [ 28.852798999574286, -23.753591000224528 ], [ 28.853553000170823, -23.754082000383988 ], [ 28.855322999956496, -23.755426000309651 ], [ 28.857190999764931, -23.756801999912359 ], [ 28.857649000201263, -23.757064000303426 ], [ 28.857844684584542, -23.757136242843291 ], [ 28.857810002229858, -23.757229997166618 ], [ 28.858533997845761, -23.757979000230719 ], [ 28.8674339990798, -23.767192998857823 ], [ 28.867460003876161, -23.767220001002251 ] ] ] } },
{ "type": "Feature", "properties": { "Municipali": "Mogalakwena Local Municipality", "WardNo": "11", "WardLabel": "LIM367_11", "Province": "Limpopo", "CLASSIFICATION": "Service centre", "PopGBlack": 11084.862721, "PopGColour": 16.051760377000001, "PopGIndian": 22.399261473, "PopGWhite": 14.92853316, "PopGOther": 55.7778663, "PopGTotal": 11194.020142 }, "geometry": { "type": "Polygon", "coordinates": [ [ [ 28.765756097266188, -23.84068984665911 ], [ 28.766098583382991, -23.840771390887021 ], [ 28.766604157056229, -23.840771390887021 ], [ 28.767126040834196, -23.84072246506976 ], [ 28.767778394657249, -23.840722465069756 ], [ 28.768039337445508, -23.840722465069753 ], [ 28.768120880774042, -23.841016023570639 ], [ 28.768146958415425, -23.841475369392814 ], [ 28.768146958415425, -23.841887955864468 ], [ 28.768121171255107, -23.842326328597252 ], [ 28.768095384994069, -23.842635769125479 ], [ 28.768069597833751, -23.842945207855045 ], [ 28.768018025311672, -23.843177287801598 ], [ 28.767940664730002, -23.8435383008519 ], [ 28.76770858478336, -23.843950888222921 ], [ 28.76763122510097, -23.844363473795294 ], [ 28.778435832147977, -23.846374832732387 ], [ 28.779570444720321, -23.845781739735543 ], [ 28.782484337182392, -23.84451819405945 ], [ 28.78340699303838, -23.84419971264666 ], [ 28.786877406667028, -23.847241546260353 ], [ 28.789784439999927, -23.84948047864118 ], [ 28.795692623415942, -23.854030829659031 ], [ 28.798996821645989, -23.856599422925033 ], [ 28.800130380212916, -23.856852664818614 ], [ 28.800395680216564, -23.856792368872689 ], [ 28.800468035171754, -23.856683836889555 ], [ 28.800468035171754, -23.856515008960503 ], [ 28.800407739225825, -23.856297944994232 ], [ 28.800468035171754, -23.856080881027786 ], [ 28.800528331117583, -23.855899994089473 ], [ 28.800709217156708, -23.85571910715106 ], [ 28.800974518059647, -23.855682930123109 ], [ 28.801191582025915, -23.855646753095161 ], [ 28.801360409954974, -23.855707048141809 ], [ 28.801529237884122, -23.855707048141809 ], [ 28.801553355902726, -23.855586457149325 ], [ 28.801493059956798, -23.85540557021092 ], [ 28.801493059956798, -23.855164388225962 ], [ 28.801529237884122, -23.854995560296896 ], [ 28.801782478878341, -23.854947324259602 ], [ 28.802096015818485, -23.854935264350978 ], [ 28.802216606810966, -23.854826732367837 ], [ 28.802228665820316, -23.854706141375363 ], [ 28.802349257712162, -23.854645846328804 ], [ 28.802542203659826, -23.854621727410837 ], [ 28.802723089698862, -23.854525254436957 ], [ 28.80277132663544, -23.854368486416526 ], [ 28.80277132663544, -23.854223775606791 ], [ 28.802747208616836, -23.854054948577009 ], [ 28.802735149607578, -23.853886120647946 ], [ 28.802891917627921, -23.853693174700282 ], [ 28.802988390601794, -23.853548465689109 ], [ 28.802976331592539, -23.8533916967694 ], [ 28.803000449611055, -23.853246987758311 ], [ 28.803157219430226, -23.853054041810562 ], [ 28.803289869431961, -23.852885213881503 ], [ 28.80345869736102, -23.852764622889026 ], [ 28.803663702318033, -23.852656090905889 ], [ 28.803672558841548, -23.852616232952769 ], [ 28.803711938355335, -23.852439026939614 ], [ 28.803772234301253, -23.852234021982518 ], [ 28.803784293310514, -23.852065194053466 ], [ 28.803796352319864, -23.8518963661244 ], [ 28.803844589256443, -23.851751657113322 ], [ 28.803977239258266, -23.851606947202864 ], [ 28.80417018520593, -23.851498415219648 ], [ 28.804314894217011, -23.851365765217903 ], [ 28.804531958183375, -23.851245174225426 ], [ 28.804640490166506, -23.851100464314964 ], [ 28.804821377104908, -23.851112523324318 ], [ 28.805110796026451, -23.851124583232938 ], [ 28.80529168296486, -23.851040169268408 ], [ 28.805400214947991, -23.850919578275928 ], [ 28.805412273957334, -23.850762809356215 ], [ 28.805412273957334, -23.850630159354395 ], [ 28.805436391975945, -23.850461331425336 ], [ 28.805508746931213, -23.850364857552176 ], [ 28.805689633869616, -23.850352799442106 ], [ 28.805894638826537, -23.850376916561434 ], [ 28.806027288828371, -23.850328681423594 ], [ 28.806027288828371, -23.850232207550345 ], [ 28.806039347837622, -23.850147793585815 ], [ 28.806027288828371, -23.849991024666021 ], [ 28.805894638826537, -23.849846315654936 ], [ 28.805749929815455, -23.849665428716531 ], [ 28.805713751888135, -23.849484541778207 ], [ 28.805713751888135, -23.849376009795076 ], [ 28.805786106843406, -23.849315714748432 ], [ 28.80593081585458, -23.849207181865928 ], [ 28.806063466755599, -23.849098649882791 ], [ 28.80618405774808, -23.848965999880964 ], [ 28.80628053072196, -23.848857467897837 ], [ 28.806389062705179, -23.848760994923961 ], [ 28.806569949643492, -23.848736876905345 ], [ 28.806799072619199, -23.848507753929734 ], [ 28.807004077576121, -23.84837510302863 ], [ 28.807136727577944, -23.848314807982078 ], [ 28.807209083432497, -23.848158039062273 ], [ 28.807184965413896, -23.847989211133211 ], [ 28.807172906404553, -23.847832443112782 ], [ 28.807269379378425, -23.847735970138903 ], [ 28.807389970370906, -23.847591260228537 ], [ 28.80760703433717, -23.847458610226713 ], [ 28.807884394249452, -23.847434492208016 ], [ 28.808149694253022, -23.847446551217367 ], [ 28.808354699210032, -23.847458610226713 ], [ 28.808475291101878, -23.847338019234229 ], [ 28.808704414077493, -23.847301842206285 ], [ 28.809049471356069, -23.847552211665221 ], [ 28.809721514036685, -23.84806916805767 ], [ 28.810496948175718, -23.848999689384154 ], [ 28.811324077144501, -23.85003360126969 ], [ 28.812151207012658, -23.850860730238555 ], [ 28.813133423168974, -23.851429382360127 ], [ 28.814093658995201, -23.852018029108802 ], [ 28.826412002212138, -23.850158998239205 ], [ 28.826397997969305, -23.850090996902019 ], [ 28.826188003573566, -23.84976000322164 ], [ 28.826025997901489, -23.849340995590477 ], [ 28.826139002213178, -23.848751996307616 ], [ 28.826332997669766, -23.848170001844064 ], [ 28.826437998914528, -23.847323004153321 ], [ 28.826446001981449, -23.846112997816594 ], [ 28.826453997853768, -23.845104001648384 ], [ 28.826841006707088, -23.845039002248114 ], [ 28.827075003108984, -23.845062996160397 ], [ 28.827237000687091, -23.845192996759391 ], [ 28.827439000109795, -23.845547999640438 ], [ 28.827673003706202, -23.845805998947689 ], [ 28.827673003706202, -23.846201002774048 ], [ 28.827591997272911, -23.846749994816452 ], [ 28.8275519963276, -23.847355001132435 ], [ 28.827447003176715, -23.847984999608041 ], [ 28.827389997850123, -23.848379996239796 ], [ 28.827881999854505, -23.848372001266849 ], [ 28.828164997616618, -23.848654999029055 ], [ 28.828375000106238, -23.84891299743693 ], [ 28.828504003357164, -23.849413003407427 ], [ 28.828622999851603, -23.849825002621817 ], [ 28.83194399831698, -23.849324000202444 ], [ 28.832330999975699, -23.84926899766614 ], [ 28.832851702943824, -23.849194608444421 ], [ 28.832904000319413, -23.849294999764396 ], [ 28.833175000226102, -23.849603999624936 ], [ 28.833221999695574, -23.849668999924393 ], [ 28.833371000271452, -23.849995999715631 ], [ 28.833502000017347, -23.850191999760987 ], [ 28.83364200017823, -23.850398000267507 ], [ 28.833838000223587, -23.850706000081868 ], [ 28.833932000061807, -23.850902000127221 ], [ 28.83407200022269, -23.851144999642045 ], [ 28.834174000429819, -23.85125700031033 ], [ 28.834239999876171, -23.851462999917576 ], [ 28.834332999668302, -23.851761000170043 ], [ 28.834416999944636, -23.852070000030498 ], [ 28.834614000036169, -23.852425000213621 ], [ 28.834660000358738, -23.852518000005752 ], [ 28.83470699982821, -23.852780000396731 ], [ 28.834762999712762, -23.852967000027004 ], [ 28.834762999712762, -23.85318100000314 ], [ 28.834799999620348, -23.85330300023324 ], [ 28.834856000404184, -23.853630000024481 ], [ 28.834902999873567, -23.853881999954382 ], [ 28.834912000288643, -23.854218000160625 ], [ 28.834950000242401, -23.854348999906417 ], [ 28.834969000219285, -23.854619999813213 ], [ 28.834977999734999, -23.854938000088652 ], [ 28.835014999642578, -23.85525500031801 ], [ 28.835090000403198, -23.855394999579616 ], [ 28.835210999687924, -23.855712999855065 ], [ 28.835266999572386, -23.855956000269163 ], [ 28.835305000425517, -23.856227000175949 ], [ 28.835294999964347, -23.856563000382184 ], [ 28.835332999918112, -23.856778000404411 ], [ 28.835369999825694, -23.857095999780576 ], [ 28.835444999687038, -23.857365999641175 ], [ 28.835492000055794, -23.857516000263235 ], [ 28.835492000055794, -23.857777999754845 ], [ 28.835463999663919, -23.858094999984296 ], [ 28.835407999779459, -23.858487000074984 ], [ 28.835454000102029, -23.858590000328295 ], [ 28.835576000332217, -23.859066999842231 ], [ 28.835584999847924, -23.859318999772036 ], [ 28.835613000239885, -23.859626999586407 ], [ 28.835594000263001, -23.860132000391484 ], [ 28.835454000102029, -23.860411999813977 ], [ 28.835454000102029, -23.860588999882449 ], [ 28.835500999571501, -23.860870000250308 ], [ 28.835828000262026, -23.861981000223039 ], [ 28.835949000446124, -23.862374000359836 ], [ 28.835884000146574, -23.862578999920892 ], [ 28.835987000399793, -23.862841000311878 ], [ 28.836247999845316, -23.863168000103123 ], [ 28.83635100009862, -23.863456999940606 ], [ 28.836322999706749, -23.863923999892641 ], [ 28.836285999799074, -23.864138999914964 ], [ 28.836107999684518, -23.864363000352188 ], [ 28.836047831442308, -23.864451513426655 ], [ 28.836035000814636, -23.864567000766531 ], [ 28.836025003051482, -23.864716997791195 ], [ 28.836035000814636, -23.864766997399023 ], [ 28.83590500111492, -23.864996996314311 ], [ 28.83579005336831, -23.865475019256703 ], [ 28.835602942222089, -23.865728956326294 ], [ 28.83561630614761, -23.86599625912006 ], [ 28.835375734802366, -23.86629029066442 ], [ 28.835298482139343, -23.866328917445564 ], [ 28.835081702358732, -23.866437307335882 ], [ 28.834787669915091, -23.866651149031334 ], [ 28.834507002296434, -23.8668649907268 ], [ 28.834306526325147, -23.867065467597282 ], [ 28.834289172107702, -23.867105958673022 ], [ 28.834186239303556, -23.867346135216025 ], [ 28.834186239303556, -23.867586706561273 ], [ 28.834186239303556, -23.867800548256731 ], [ 28.834239700401859, -23.868121312148805 ], [ 28.834239700401859, -23.868522264990577 ], [ 28.834119414279641, -23.869016774304697 ], [ 28.833878842035023, -23.869511282719543 ], [ 28.833785287361156, -23.869898870736336 ], [ 28.833491254018231, -23.870393380949817 ], [ 28.833210586399485, -23.870620588369448 ], [ 28.832786122581528, -23.870707976391962 ], [ 28.832756171560131, -23.87071414304333 ], [ 28.832395314092579, -23.870727508767494 ], [ 28.832074551999071, -23.870834429165637 ], [ 28.83160677233473, -23.871075001410158 ], [ 28.831352835265225, -23.871315573654865 ], [ 28.831339471339529, -23.871636335748281 ], [ 28.831360185424288, -23.871704400038045 ], [ 28.831433026912681, -23.87194373301681 ], [ 28.831620138058991, -23.872518433978566 ], [ 28.831700328807166, -23.872879292345491 ], [ 28.831753789006189, -23.873186688714732 ], [ 28.831753789006189, -23.873387165585306 ], [ 28.831727059356322, -23.87366783320396 ], [ 28.831475000970514, -23.874045996325659 ], [ 28.831375002654305, -23.874205999207547 ], [ 28.831174998827205, -23.87454600229616 ], [ 28.831015004039298, -23.874795996737838 ], [ 28.830935002148678, -23.874925997336923 ], [ 28.830855001157428, -23.875036000610972 ], [ 28.830805002448962, -23.875105996644475 ], [ 28.830744996084814, -23.875266000425636 ], [ 28.830575002634305, -23.875556003906514 ], [ 28.830495001643047, -23.87571599869441 ], [ 28.830455000697825, -23.875776004159281 ], [ 28.830385004664237, -23.875926001184034 ], [ 28.830355003280811, -23.876025998600959 ], [ 28.830355003280811, -23.876245998853822 ], [ 28.830294997815948, -23.876396003972456 ], [ 28.830225001782445, -23.876546000997209 ], [ 28.830112785276842, -23.876820469588978 ], [ 28.829934714115829, -23.877014729446245 ], [ 28.829853770635019, -23.877322306579163 ], [ 28.829659510777848, -23.877678450699932 ], [ 28.829594758691218, -23.878002217428381 ], [ 28.829530004805946, -23.878358359750507 ], [ 28.829513817009154, -23.878617374392331 ], [ 28.829351933644922, -23.878957328018299 ], [ 28.829234996597858, -23.879199554116138 ], [ 28.829125297294706, -23.879426790314174 ], [ 28.8289472261336, -23.879734367447092 ], [ 28.828914847841993, -23.879993381189632 ], [ 28.828921911117295, -23.88002516233135 ], [ 28.828979601727273, -23.880284771425035 ], [ 28.82906054430871, -23.880527594672774 ], [ 28.829109108598548, -23.880818984908178 ], [ 28.829028166916387, -23.881142751636716 ], [ 28.828769154073211, -23.881337010594528 ], [ 28.828706808572363, -23.881430529295489 ], [ 28.828639647202035, -23.881531271351076 ], [ 28.828558706419248, -23.881774096397457 ], [ 28.828477763837803, -23.881952167558474 ], [ 28.828450954148227, -23.88199238344172 ], [ 28.828315881372863, -23.882194992604852 ], [ 28.828396822155739, -23.882405441158198 ], [ 28.828639647202035, -23.882632076609049 ], [ 28.828850095755371, -23.882907279047664 ], [ 28.828850095755371, -23.883198669283161 ], [ 28.828672023694985, -23.883490058619287 ], [ 28.828429198648688, -23.883846201840779 ], [ 28.828121620616319, -23.884137592076275 ], [ 28.828015132792153, -23.884244079001061 ], [ 28.827943548556018, -23.884315663237292 ], [ 28.827716913105078, -23.884574676080454 ], [ 28.827716913105078, -23.884765071550785 ], [ 28.827716913105078, -23.88488225411275 ], [ 28.827765478294189, -23.885125080058415 ], [ 28.827603594929968, -23.885416469394539 ], [ 28.827368545422107, -23.885447808969211 ], [ 28.827360768984398, -23.88544884588757 ], [ 28.827085568344341, -23.88540028069847 ], [ 28.826745613819103, -23.885562164062598 ], [ 28.826697048629988, -23.885772611716664 ], [ 28.826654741822953, -23.886153380174406 ], [ 28.826648484340151, -23.886209696620224 ], [ 28.826454223583603, -23.886598216334665 ], [ 28.826361970228778, -23.886690469689402 ], [ 28.82608189256532, -23.886970548252236 ], [ 28.825709560647752, -23.887342879270509 ], [ 28.825353418325633, -23.887569515620648 ], [ 28.825045840293342, -23.887958035335092 ], [ 28.824754450057846, -23.888492249717601 ], [ 28.824414496431888, -23.888961712013398 ], [ 28.824268799965175, -23.889382608220789 ], [ 28.824025974918882, -23.88977112793523 ], [ 28.82398860718855, -23.890070073375188 ], [ 28.823977409729679, -23.890159646750309 ], [ 28.824074540107997, -23.89046722568197 ], [ 28.82422023477606, -23.890726239424424 ], [ 28.824382118140285, -23.891033816557428 ], [ 28.824365930343404, -23.89134139458972 ], [ 28.824123106196481, -23.891535655346267 ], [ 28.823977409729679, -23.891551843143059 ], [ 28.823976934887735, -23.891551774794618 ], [ 28.823864091554658, -23.891535655346264 ], [ 28.823734584683386, -23.891454713664107 ], [ 28.823475571840209, -23.891551843143063 ], [ 28.823427008449752, -23.891762290797118 ], [ 28.823427008449752, -23.892021305438945 ], [ 28.823436394673905, -23.892143355131786 ], [ 28.823443195347259, -23.892231753092904 ], [ 28.823443195347259, -23.892474578139293 ], [ 28.823443195347259, -23.892846909157576 ], [ 28.823443195347259, -23.893235428871929 ], [ 28.823254734318606, -23.893799889253472 ], [ 28.824191454671986, -23.894039024381446 ], [ 28.824656357405008, -23.894203106588108 ], [ 28.825285341445408, -23.894230454971577 ], [ 28.825722894895776, -23.894011677796716 ], [ 28.826215144213528, -23.893847594690765 ], [ 28.82687147483875, -23.893847594690765 ], [ 28.827363724156591, -23.89379289972257 ], [ 28.828047402265824, -23.893382692857031 ], [ 28.828840470311466, -23.893191263166255 ], [ 28.829879662116777, -23.893191263166251 ], [ 28.831547837962422, -23.893464735309326 ], [ 28.832696417905392, -23.893656164100722 ], [ 28.833680914742427, -23.893874941275591 ], [ 28.834911537137792, -23.893874941275591 ], [ 28.835677255900681, -23.893792899722566 ], [ 28.836251546771539, -23.893628816616626 ], [ 28.837044613917801, -23.893382692857028 ], [ 28.838275236313162, -23.893163914782882 ], [ 28.839369122187318, -23.892972485991475 ], [ 28.839970758743533, -23.893191263166255 ], [ 28.840463008061466, -23.893355346272202 ], [ 28.840982603964036, -23.893519429378149 ], [ 28.841474852382593, -23.893656164100722 ], [ 28.842076488938901, -23.893656164100726 ], [ 28.842295266113673, -23.893437386925854 ], [ 28.842432002634808, -23.893027180060308 ], [ 28.84317037481296, -23.893027180060312 ], [ 28.844318955655393, -23.892972485991475 ], [ 28.845440188114271, -23.892808402885532 ], [ 28.847163058028741, -23.89245288918945 ], [ 28.848284292286362, -23.892370847636524 ], [ 28.849706342573747, -23.892370847636521 ], [ 28.850991659937229, -23.89223411201468 ], [ 28.852167587364303, -23.892234112014677 ], [ 28.853945151347688, -23.892234112014677 ], [ 28.855257815295982, -23.891905946702067 ], [ 28.855941493405215, -23.891605127974266 ], [ 28.856379046855583, -23.891359004214678 ], [ 28.856953337726441, -23.89103083890215 ], [ 28.85785579390982, -23.891003491418054 ], [ 28.85906999918117, -23.890736997114715 ], [ 28.858526001973441, -23.89254500314938 ], [ 28.857686001907496, -23.894945002310031 ], [ 28.856115997855042, -23.899744998832684 ], [ 28.855336002354676, -23.902073997417073 ], [ 28.854545003649033, -23.904393993787821 ], [ 28.853905996664455, -23.90656400212707 ], [ 28.852475008914563, -23.911023997359656 ], [ 28.851175003823428, -23.914963000042444 ], [ 28.848054999338792, -23.92444300104372 ], [ 28.847375002154635, -23.926533000297738 ], [ 28.846488064672506, -23.926916002671462 ], [ 28.829501983729642, -23.934143331449583 ], [ 28.82605427438531, -23.935602430208011 ], [ 28.814706999328664, -23.94045100361096 ], [ 28.788646228340866, -23.928119748827374 ], [ 28.788646228340866, -23.927991233009028 ], [ 28.788646228340866, -23.927849055589416 ], [ 28.788555752046324, -23.927745654238553 ], [ 28.788413573727517, -23.927668103000588 ], [ 28.788232621138604, -23.927719804125658 ], [ 28.788103368775484, -23.927564700750363 ], [ 28.788103368775484, -23.927357897149271 ], [ 28.788090443719078, -23.927164018604593 ], [ 28.78807751866259, -23.927008916128653 ], [ 28.788103368775484, -23.926892588821936 ], [ 28.788336023388833, -23.92664701005155 ], [ 28.784616888758435, -23.924818789055891 ], [ 28.781328729937034, -23.923188525030426 ], [ 28.78166290272079, -23.922546526001376 ], [ 28.781901760857618, -23.922042269834876 ], [ 28.782140618994443, -23.921431854996101 ], [ 28.782306434194677, -23.920980211867249 ], [ 28.782621045824666, -23.920332205366968 ], [ 28.782921571373471, -23.919984722616839 ], [ 28.783240879263289, -23.919510457041937 ], [ 28.783461577389907, -23.918937581704014 ], [ 28.783520688029398, -23.918485937675875 ], [ 28.783653386594516, -23.918034762194551 ], [ 28.783706467279696, -23.917503966135179 ], [ 28.783812625951946, -23.916920091189283 ], [ 28.783334909678388, -23.916309674551862 ], [ 28.782724493940254, -23.915672719820151 ], [ 28.782220237773831, -23.915248084231767 ], [ 28.781715981607316, -23.915195004445955 ], [ 28.78086670863182, -23.915009226094941 ], [ 28.780362453364589, -23.914743828065252 ], [ 28.779433559810958, -23.914186492112933 ], [ 28.778557746942507, -23.913629156160702 ], [ 28.77752269471662, -23.913124899994187 ], [ 28.776593802961735, -23.912567564941149 ], [ 28.775877227651971, -23.911957150102381 ], [ 28.775266812813211, -23.911479432929539 ], [ 28.774125601915074, -23.910656699846815 ], [ 28.773462107290502, -23.910205522566834 ], [ 28.773090549689186, -23.909807426871318 ], [ 28.772559753629729, -23.909382790383479 ], [ 28.7719227988981, -23.909011232782163 ], [ 28.77136546384515, -23.908586596294413 ], [ 28.770914286565169, -23.90818849880025 ], [ 28.770224252946925, -23.90760462385434 ], [ 28.769826156352121, -23.907179987366494 ], [ 28.769189200721126, -23.906675731200075 ], [ 28.768578785882276, -23.90617147503357 ], [ 28.7680479898229, -23.905640678974198 ], [ 28.767676433120965, -23.905242582379305 ], [ 28.76701293759702, -23.904685247326348 ], [ 28.766269824193142, -23.904287149832093 ], [ 28.754608996008407, -23.899263010779389 ], [ 28.748129253862, -23.896239832702097 ], [ 28.747313000394698, -23.895859003090514 ], [ 28.746991331784642, -23.895822237906021 ], [ 28.746587071236398, -23.895797486764611 ], [ 28.746240561552703, -23.895764486142109 ], [ 28.745918803909682, -23.895723235139229 ], [ 28.745679547373232, -23.895731486418974 ], [ 28.744862774997095, -23.895764486142109 ], [ 28.743922249612144, -23.895747986280551 ], [ 28.74354274020531, -23.895739735900168 ], [ 28.743138479657166, -23.895599482130415 ], [ 28.742915723881559, -23.895459228360753 ], [ 28.74279196997346, -23.895467477841848 ], [ 28.742758969351048, -23.89559123174994 ], [ 28.742668216964734, -23.89577273742195 ], [ 28.74265171710308, -23.89589649043068 ], [ 28.742725968728546, -23.895970742056157 ], [ 28.742866221598845, -23.896077995203317 ], [ 28.743072478412252, -23.896110995825815 ], [ 28.743154980418101, -23.896176997070729 ], [ 28.743138479657166, -23.896284250217974 ], [ 28.743064228031788, -23.896391503365148 ], [ 28.74279196997346, -23.896597759279189 ], [ 28.742404210186162, -23.896828765435163 ], [ 28.742173204030184, -23.897059770691865 ], [ 28.7416204393319, -23.897505283142358 ], [ 28.741290430409133, -23.897703287776462 ], [ 28.740646913324447, -23.897967294555031 ], [ 28.739995145859297, -23.898165300088511 ], [ 28.739582634930677, -23.898322054619111 ], [ 28.739120621719437, -23.898536560014247 ], [ 28.738980368849045, -23.898676813783911 ], [ 28.738906117223578, -23.898767566170228 ], [ 28.738930866566331, -23.898874819317481 ], [ 28.738980368849045, -23.899031573848085 ], [ 28.738988619229428, -23.899147077375716 ], [ 28.73896386808811, -23.899270830384534 ], [ 28.738881366082268, -23.899477085399205 ], [ 28.738840115079292, -23.899724592316122 ], [ 28.738840115079292, -23.899972099233036 ], [ 28.738848364560482, -23.900071101100458 ], [ 28.738897865943741, -23.900203105389018 ], [ 28.738922617085144, -23.900318608017368 ], [ 28.738840115079292, -23.900434110645723 ], [ 28.738526606917464, -23.900780620329424 ], [ 28.738246099378046, -23.901160129736169 ], [ 28.738023342703165, -23.901448887656048 ], [ 28.737825338068962, -23.90172114481501 ], [ 28.737586080633147, -23.901869648965143 ], [ 28.737388075998943, -23.901927400729043 ], [ 28.737099318079149, -23.90199340197395 ], [ 28.736827060920195, -23.902108906400958 ], [ 28.736332047985638, -23.902290410274226 ], [ 28.736059790826783, -23.902364661899604 ], [ 28.735787533667828, -23.902496666188163 ], [ 28.735482274987099, -23.902636919957924 ], [ 28.735053264196825, -23.902744172205807 ], [ 28.734657253129775, -23.902818423831182 ], [ 28.734434497354258, -23.902876175595086 ], [ 28.734327245106289, -23.902958677600939 ], [ 28.734310744345443, -23.903049430886536 ], [ 28.734360244829507, -23.903131932892382 ], [ 28.73446749797667, -23.903239186039642 ], [ 28.734517000259391, -23.903321688045491 ], [ 28.734574751123922, -23.903453691434688 ], [ 28.734550000881892, -23.903544443821005 ], [ 28.734368496109255, -23.903593945204438 ], [ 28.734219991959126, -23.90358569482397 ], [ 28.733964234661737, -23.903552694201473 ], [ 28.73278445274034, -23.903065930748106 ], [ 28.732281190324692, -23.902867926113913 ], [ 28.732008933165826, -23.902834924592128 ], [ 28.731868679396072, -23.902909177116875 ], [ 28.731736676006875, -23.903041179606792 ], [ 28.731538669573933, -23.903214434898235 ], [ 28.731307664317328, -23.903354688667985 ], [ 28.73107665816125, -23.90336293904836 ], [ 28.730870402247305, -23.903329938425955 ], [ 28.730804401002302, -23.903239186039642 ], [ 28.730804401002302, -23.903123683411291 ], [ 28.730870402247305, -23.902925676978441 ], [ 28.730985905774936, -23.902777172828308 ], [ 28.731002405636588, -23.902661670199873 ], [ 28.730944653872687, -23.902579168194013 ], [ 28.730697147855143, -23.902504915669361 ], [ 28.730466141699154, -23.902455415185294 ], [ 28.730202134920674, -23.902397663421478 ], [ 28.730004129387105, -23.902480165427328 ], [ 28.729847374856504, -23.902645170338388 ], [ 28.729665870083874, -23.902884425975557 ], [ 28.729608119219424, -23.903065930748106 ], [ 28.729533866694585, -23.903189683756921 ], [ 28.729434863927885, -23.903197935036669 ], [ 28.729261610435003, -23.903148432754048 ], [ 28.728667593834384, -23.903049430886533 ], [ 28.728403587055901, -23.903057681267001 ], [ 28.728081827614325, -23.903107181751071 ], [ 28.727743569210457, -23.903107181751071 ], [ 28.727570313918829, -23.90307418112857 ], [ 28.727413560287602, -23.903024679745133 ], [ 28.727322807901285, -23.902950428119748 ], [ 28.727273307417217, -23.902818423831185 ], [ 28.727256805756998, -23.90270292120292 ], [ 28.727223805134496, -23.902603919335419 ], [ 28.727116551987336, -23.902562668332536 ], [ 28.726959798356106, -23.902570917813637 ], [ 28.726786543963939, -23.902612168816606 ], [ 28.726596787911465, -23.902727672344238 ], [ 28.726357532274296, -23.902744172205807 ], [ 28.726176026602381, -23.90276067296665 ], [ 28.725953270826867, -23.902727672344238 ], [ 28.725771766054237, -23.902744172205807 ], [ 28.725573761419945, -23.902834924592124 ], [ 28.725235664894061, -23.902924107661487 ], [ 28.725086516829318, -23.902793604341344 ], [ 28.724452638678372, -23.902178369136433 ], [ 28.72406112602026, -23.901954646589719 ], [ 28.723744186045373, -23.901413986766144 ], [ 28.72353910824334, -23.90091061283454 ], [ 28.723334030441219, -23.900481811586339 ], [ 28.723203525322511, -23.900053012136787 ], [ 28.723091664948392, -23.899810646644049 ], [ 28.723091664948392, -23.899586924996619 ], [ 28.723166237631798, -23.899269985921105 ], [ 28.72324081211385, -23.898915760054329 ], [ 28.722979803675081, -23.898356456385358 ], [ 28.722793368818902, -23.897592073115689 ], [ 28.722532360380132, -23.896920908173406 ], [ 28.72243914295213, -23.896398890396487 ], [ 28.722457785898165, -23.895876872619567 ], [ 28.722457785898165, -23.895559934443423 ], [ 28.72258829101688, -23.895242993569347 ], [ 28.722774724973686, -23.894888767702486 ], [ 28.722830655610341, -23.894534541835618 ], [ 28.722756082027651, -23.894105742386074 ], [ 28.722681508444875, -23.893807446256684 ], [ 28.722476429743477, -23.893639655245899 ], [ 28.722476429743477, -23.89343457744388 ], [ 28.722513717434101, -23.893229498742389 ], [ 28.722476429743477, -23.892837985184904 ], [ 28.722345924624761, -23.892260037670614 ], [ 28.722084917085276, -23.891775306685041 ], [ 28.721712047373188, -23.8911600723794 ], [ 28.721339176761646, -23.890600767811144 ], [ 28.72089173436607, -23.890171968361685 ], [ 28.720407003380579, -23.889687237376116 ], [ 28.720157060200208, -23.889345209913497 ], [ 28.720052776614441, -23.889202507289912 ], [ 28.719735838438204, -23.888810993732339 ], [ 28.719623977164893, -23.888494054656906 ], [ 28.719605334218862, -23.888158471736165 ], [ 28.719605334218862, -23.887822888815247 ], [ 28.719642621010209, -23.887468662948475 ], [ 28.719642621010209, -23.886965289016867 ], [ 28.719549402682841, -23.88635005381196 ], [ 28.719568047427519, -23.885641602078326 ], [ 28.719568047427519, -23.885082298409348 ], [ 28.719512115891494, -23.884802645225975 ], [ 28.719530759736806, -23.88454163678712 ], [ 28.719549402682841, -23.88431791513969 ], [ 28.719456186154119, -23.884000976064264 ], [ 28.719251108351997, -23.883460315341306 ], [ 28.719083316441949, -23.882677289125624 ], [ 28.718971455168546, -23.882229844931384 ], [ 28.718710446729773, -23.881931548801994 ], [ 28.718020637942079, -23.881204454122241 ], [ 28.717461333373908, -23.880831584410068 ], [ 28.716883385859617, -23.880496000589961 ], [ 28.716361368082708, -23.880477357643926 ], [ 28.715913924787841, -23.880328209579179 ], [ 28.715578341867019, -23.880104487931746 ], [ 28.715037681144068, -23.880067201140413 ], [ 28.714627523741274, -23.880104487931753 ], [ 28.714310584665753, -23.880365497269896 ], [ 28.714198724291723, -23.880589218917329 ], [ 28.714138383379726, -23.880298458207236 ], [ 28.714222949329702, -23.880007176789768 ], [ 28.714363891080765, -23.879697104038112 ], [ 28.714467249264203, -23.879452804103696 ], [ 28.714692756965253, -23.879142729553305 ], [ 28.714730341432166, -23.878945411101856 ], [ 28.714711549198707, -23.878607149100691 ], [ 28.714608191015277, -23.878259491882037 ], [ 28.714467249264203, -23.87803398418108 ], [ 28.714269929913389, -23.877846060946954 ], [ 28.714100798912803, -23.877648740696859 ], [ 28.713969253278513, -23.877460818362099 ], [ 28.713800122277839, -23.877329271828437 ], [ 28.71349944474359, -23.877216518427588 ], [ 28.713198768108708, -23.877075575777248 ], [ 28.713067220675761, -23.876962822376402 ], [ 28.713031350316637, -23.876885101166494 ], [ 28.713010843975301, -23.876840671959421 ], [ 28.713020240991355, -23.876690333192389 ], [ 28.713057824558987, -23.876558786658723 ], [ 28.713020240991355, -23.876427241024334 ], [ 28.712898090574459, -23.876342675074355 ], [ 28.712719564356473, -23.876286298373984 ], [ 28.712531640223066, -23.876173544073858 ], [ 28.712381302355222, -23.876023206206014 ], [ 28.712343716989025, -23.875788302388209 ], [ 28.712381302355222, -23.875666151971402 ], [ 28.712522244106292, -23.875450040387125 ], [ 28.712578620806756, -23.875196344335851 ], [ 28.712644393623908, -23.874858082334683 ], [ 28.712710167340425, -23.874651366867099 ], [ 28.712691375106967, -23.874454046617 ], [ 28.712653789740681, -23.874256728165467 ], [ 28.712681978990194, -23.874115786414485 ], [ 28.712804129407083, -23.873974842864676 ], [ 28.712822920741257, -23.87384329723038 ], [ 28.712710167340425, -23.873730542930261 ], [ 28.712569224689982, -23.873683562346482 ], [ 28.712484659639376, -23.873589601179184 ], [ 28.712418885922862, -23.873486242995753 ], [ 28.712418885922862, -23.873382884812326 ], [ 28.712437679055682, -23.873194961578282 ], [ 28.712362510121764, -23.873063415943893 ], [ 28.712249755821649, -23.872960057760466 ], [ 28.712174585988446, -23.872866095693805 ], [ 28.712183983004493, -23.872734550059501 ], [ 28.712296736405335, -23.87255602294206 ], [ 28.712390697572712, -23.872433873424544 ], [ 28.712541037239124, -23.872330515241099 ], [ 28.712710167340425, -23.8722459501905 ], [ 28.712757147924112, -23.872123799773512 ], [ 28.712700771223652, -23.872001650255992 ], [ 28.712672582873413, -23.871823123138643 ], [ 28.712672582873413, -23.871719764955206 ], [ 28.712766544040885, -23.871607010655083 ], [ 28.712954468174203, -23.871400296086779 ], [ 28.713123598275505, -23.871193579719911 ], [ 28.713236351676347, -23.871090223335127 ], [ 28.713414878793703, -23.871062034085604 ], [ 28.713630991277252, -23.871043241852149 ], [ 28.713743744678183, -23.870949279785485 ], [ 28.713931667912227, -23.870667395383979 ], [ 28.714119591146261, -23.870347925616279 ], [ 28.714326306613849, -23.870244568332208 ], [ 28.714533022081351, -23.870244568332204 ], [ 28.714711549198707, -23.870253964448899 ], [ 28.714880680199286, -23.87017879461569 ], [ 28.715031018966414, -23.869990872280937 ], [ 28.715134376250482, -23.869727780112974 ], [ 28.715228338317228, -23.869464687045721 ], [ 28.715350487834755, -23.86921099099445 ], [ 28.715435052885447, -23.869023067760409 ], [ 28.715491429585907, -23.868741183358988 ], [ 28.715510222718649, -23.868534466992028 ], [ 28.715575996435078, -23.868318356307135 ], [ 28.715632373135538, -23.8680552632398 ], [ 28.715604183886033, -23.867848547772297 ], [ 28.715566600318393, -23.867585454704969 ], [ 28.715622977018853, -23.867406927587606 ], [ 28.715773314886608, -23.867247193603166 ], [ 28.71593304977042, -23.867115647069415 ], [ 28.716064596304175, -23.866871347134996 ], [ 28.716073992420856, -23.866664631667415 ], [ 28.716120973004553, -23.866523689017061 ], [ 28.716280707888448, -23.86637335114931 ], [ 28.716487423355947, -23.866269992965869 ], [ 28.716647158239848, -23.866204220148642 ], [ 28.716806893123653, -23.86612905121472 ], [ 28.716985420241009, -23.866016296914594 ], [ 28.717013607691868, -23.865837769797245 ], [ 28.717013607691868, -23.865565280613218 ], [ 28.717013607691868, -23.865339772912176 ], [ 28.717013607691868, -23.865208227277872 ], [ 28.717023003808642, -23.865057889410128 ], [ 28.717257907626372, -23.864898153626857 ], [ 28.717427038626958, -23.864804191560197 ], [ 28.717643151110604, -23.864804191560197 ], [ 28.717887451045105, -23.864822984693021 ], [ 28.718000205345312, -23.864860569159941 ], [ 28.718131750979609, -23.864926341977178 ], [ 28.718263296613909, -23.864888758409542 ], [ 28.718347862563885, -23.864813588576244 ], [ 28.718498201331006, -23.86458808087529 ], [ 28.718657936214814, -23.864306195574507 ], [ 28.718921028382777, -23.863986726706077 ], [ 28.719202912784194, -23.863667256938378 ], [ 28.719597552385199, -23.863244429886507 ], [ 28.719700908769976, -23.863047111435058 ], [ 28.719729098019489, -23.862849791184974 ], [ 28.719738494136262, -23.862652471834153 ], [ 28.719663325202344, -23.862098099147907 ], [ 28.719663325202344, -23.861928968147325 ], [ 28.719738494136262, -23.861778629380204 ], [ 28.719841852319703, -23.861618895395772 ], [ 28.720029774654463, -23.861449764395097 ], [ 28.720208301771812, -23.861308820845373 ], [ 28.720349244422167, -23.861214859678082 ], [ 28.72048079095574, -23.861243048028218 ], [ 28.720565356006439, -23.861318217861513 ], [ 28.72071569477356, -23.86131821786152 ], [ 28.720856637423914, -23.861205463561312 ], [ 28.720922410241062, -23.860998748093809 ], [ 28.720922410241062, -23.860773240392763 ], [ 28.720959994708064, -23.86053833567566 ], [ 28.721063351992132, -23.860378601691135 ], [ 28.721307652825917, -23.860209470690563 ], [ 28.721645913927798, -23.859908794055666 ], [ 28.721965383695505, -23.859504759237272 ], [ 28.72242579521437, -23.858950385651738 ], [ 28.722698284398387, -23.858621519767357 ], [ 28.722895602849832, -23.85856514306689 ], [ 28.723102319216704, -23.858555746950206 ], [ 28.723309033784922, -23.858508766366516 ], [ 28.723440581217957, -23.858386615949627 ], [ 28.723496957018963, -23.858226881065722 ], [ 28.723525146268475, -23.85801077038073 ], [ 28.723590919085712, -23.857851034597559 ], [ 28.723760050086295, -23.857728885080029 ], [ 28.724013746137572, -23.857597339445643 ], [ 28.724295631438274, -23.857353038611855 ], [ 28.724633893439528, -23.856977192143685 ], [ 28.72493457007441, -23.856610741792391 ], [ 28.725131889425217, -23.856385234091345 ], [ 28.725348001009493, -23.856300669040646 ], [ 28.725639282426968, -23.856263083674364 ], [ 28.725930562945166, -23.856187914740442 ], [ 28.726184258996444, -23.856018783739941 ], [ 28.726362786113704, -23.855849652739263 ], [ 28.726447351164403, -23.855595956688084 ], [ 28.726428558930856, -23.855342260636807 ], [ 28.726428558930856, -23.855097960702299 ], [ 28.726531917114379, -23.854910036568885 ], [ 28.726766820932109, -23.854703322000766 ], [ 28.727095685917224, -23.854496605633891 ], [ 28.727349382867775, -23.854430832816746 ], [ 28.727546702218593, -23.854318079415904 ], [ 28.727574889669455, -23.8542053251157 ], [ 28.727527909985135, -23.854073778582027 ], [ 28.727509116852303, -23.853923440714272 ], [ 28.727509116852303, -23.853810687313441 ], [ 28.727601801881647, -23.85373189231295 ], [ 28.727660792911305, -23.85364340711752 ], [ 28.727611634169609, -23.853407443898419 ], [ 28.727542811751359, -23.853318957803623 ], [ 28.727385503238473, -23.853122322836995 ], [ 28.727336343597404, -23.852974845712616 ], [ 28.727336343597404, -23.85280770581096 ], [ 28.727356008173242, -23.852591407167701 ], [ 28.727375671849796, -23.852375107625065 ], [ 28.727365839561919, -23.852227632299432 ], [ 28.727277354366393, -23.852040827821948 ], [ 28.726962737340539, -23.851991669080334 ], [ 28.726638288925916, -23.852011332756799 ], [ 28.726382662929634, -23.852070323786453 ], [ 28.726028718550584, -23.852109651139564 ], [ 28.725812419907317, -23.852129313916659 ], [ 28.725635448617076, -23.851991669080334 ], [ 28.725507636068617, -23.851755706760425 ], [ 28.725399486297345, -23.8516180619241 ], [ 28.725242177784288, -23.851421426957298 ], [ 28.725104532947871, -23.851214959702627 ], [ 28.724976720399326, -23.850998661059368 ], [ 28.724888234304608, -23.850762697840263 ], [ 28.724780085432613, -23.850418586648463 ], [ 28.724681767049937, -23.850192455717231 ], [ 28.724534290824931, -23.849985989361933 ], [ 28.724396645988421, -23.849799184884535 ], [ 28.724298327605744, -23.849710698789728 ], [ 28.724216797767042, -23.849547639112235 ], [ 28.724180347345243, -23.849474737369285 ], [ 28.724118484780309, -23.849275208384206 ], [ 28.723837627404642, -23.847281979779563 ], [ 28.724195847160637, -23.84703570313523 ], [ 28.724598845060754, -23.847013315412184 ], [ 28.725113786971725, -23.847125259423219 ], [ 28.725494397148701, -23.847102869901601 ], [ 28.725763062415449, -23.846946147746532 ], [ 28.72594217229349, -23.846789427390192 ], [ 28.726193784615493, -23.846775133565576 ], [ 28.726488317082175, -23.846856947590119 ], [ 28.726831939942112, -23.846873310754717 ], [ 28.727191925067384, -23.846840585324703 ], [ 28.727519183863265, -23.846595140553269 ], [ 28.727569607051734, -23.846418877029578 ], [ 28.727589277023604, -23.84616316559763 ], [ 28.727412247277456, -23.845907455064971 ], [ 28.727353237362102, -23.845337023185099 ], [ 28.727628616967177, -23.8450419718096 ], [ 28.727943338314471, -23.844648570575071 ], [ 28.728100698988118, -23.844235500268141 ], [ 28.728218718818916, -23.843999458807986 ], [ 28.728513770194425, -23.84401912877977 ], [ 28.728808820670569, -23.844137148610486 ], [ 28.729123542017859, -23.843940448892628 ], [ 28.729654633954247, -23.843527376786955 ], [ 28.729792323756826, -23.843330677069108 ], [ 28.729989025273415, -23.843271667153751 ], [ 28.730166055019474, -23.843153646423676 ], [ 28.730166055019474, -23.842858595048163 ], [ 28.730343085664902, -23.842622555386658 ], [ 28.730421765552041, -23.842366843954725 ], [ 28.730618467068631, -23.842307834039364 ], [ 28.731051208246726, -23.842425853870076 ], [ 28.73142493861009, -23.842543873700873 ], [ 28.73168065004203, -23.842642225358443 ], [ 28.731818340743892, -23.842878265019948 ], [ 28.732054381304678, -23.842897934991736 ], [ 28.732329761809122, -23.842760245189243 ], [ 28.732447783438477, -23.842445523841857 ], [ 28.732546133297497, -23.84197344182083 ], [ 28.732644483156417, -23.841540700642827 ], [ 28.732821513801852, -23.841344000025614 ], [ 28.733096895205659, -23.841225980194814 ], [ 28.733431285625372, -23.841088290392324 ], [ 28.733883696775251, -23.841048950448751 ], [ 28.73406072831996, -23.840773569045023 ], [ 28.734080398291741, -23.840557197556652 ], [ 28.73427709800977, -23.84045884769764 ], [ 28.734493468598775, -23.840557197556659 ], [ 28.734650830171791, -23.840635878343075 ], [ 28.73482785991785, -23.84051785761309 ], [ 28.734945880647928, -23.840222807136861 ], [ 28.735122911293359, -23.840045775592149 ], [ 28.735398291797804, -23.840006435648483 ], [ 28.73563433325787, -23.840085116434999 ], [ 28.735968723677757, -23.840026105620272 ], [ 28.736303114996833, -23.83980973593065 ], [ 28.736539155557619, -23.839770395087704 ], [ 28.736912886820356, -23.839947425733133 ], [ 28.737896389906535, -23.840222807136861 ], [ 28.739017582795285, -23.840517857613087 ], [ 28.740355148071689, -23.840852248932169 ], [ 28.741338651157857, -23.841068620420533 ], [ 28.742027102868608, -23.841166970279456 ], [ 28.742422210116956, -23.841234701820014 ], [ 28.742715554579181, -23.841284990110253 ], [ 28.743423677161086, -23.84154070064282 ], [ 28.743640047750002, -23.841619381429336 ], [ 28.744171139686383, -23.841717732187629 ], [ 28.744879262268199, -23.841835752018337 ], [ 28.745587383950649, -23.841993112691984 ], [ 28.74637418731897, -23.842130803393932 ], [ 28.747042969057851, -23.842268493196428 ], [ 28.747593730965935, -23.842268493196428 ], [ 28.748282182676597, -23.842209483281078 ], [ 28.748793603741913, -23.842012782663776 ], [ 28.749344365649996, -23.841835752018337 ], [ 28.749895127558158, -23.841717732187632 ], [ 28.750327868736164, -23.841501360699258 ], [ 28.75087863064433, -23.841383340868546 ], [ 28.751252361906985, -23.841304660082049 ], [ 28.751704773956227, -23.84116697027946 ], [ 28.75235388572332, -23.840970268762963 ], [ 28.752707947014187, -23.840930928819308 ], [ 28.753199698107625, -23.840714558230303 ], [ 28.753671780128659, -23.840616208371284 ], [ 28.754340561867448, -23.840498187641209 ], [ 28.754851983832051, -23.840478517669425 ], [ 28.755363404897277, -23.840458847697644 ], [ 28.755874826861792, -23.840144127249722 ], [ 28.756425588769954, -23.840104787306061 ], [ 28.756996019750542, -23.840026105620272 ], [ 28.757822163062432, -23.839888415817782 ], [ 28.758608966430671, -23.839868745845909 ], [ 28.759179397411259, -23.839849075874113 ], [ 28.75967114940407, -23.839770395087704 ], [ 28.760064549739223, -23.839534355426196 ], [ 28.760324818036008, -23.839364179413355 ], [ 28.76068404143539, -23.8391731229413 ], [ 28.760944983324372, -23.838912181052308 ], [ 28.761254851030621, -23.838683856674681 ], [ 28.761515792919607, -23.838781710107856 ], [ 28.761744117297233, -23.838895871847029 ], [ 28.762298617687104, -23.839107887019381 ], [ 28.762706339725902, -23.839303593885742 ], [ 28.76311406086533, -23.839548226569459 ], [ 28.763423930370141, -23.839695005819895 ], [ 28.763733798076391, -23.839907021891619 ], [ 28.764059974987916, -23.840184272086503 ], [ 28.764581858765794, -23.840379978053495 ], [ 28.764989579905222, -23.840412595564853 ], [ 28.76539730194402, -23.840575684919941 ], [ 28.765756097266188, -23.84068984665911 ] ] ] } },
{ "type": "Feature", "properties": { "Municipali": "Mogalakwena Local Municipality", "WardNo": "12", "WardLabel": "LIM367_12", "Province": "Limpopo", "CLASSIFICATION": "Service centre", "PopGBlack": 10485.981687000001, "PopGColour": 27.727718839000001, "PopGIndian": 35.540607099, "PopGWhite": 11.876182653000001, "PopGOther": 6.576674, "PopGTotal": 10567.70287 }, "geometry": { "type": "Polygon", "coordinates": [ [ [ 29.005426000809326, -24.114027004142972 ], [ 29.008203002966265, -24.12341999663558 ], [ 29.009199001232972, -24.12406999243623 ], [ 29.011862998178856, -24.125808003336765 ], [ 29.016128007801306, -24.128345997170083 ], [ 29.017037995806877, -24.129020002171405 ], [ 29.017381996382099, -24.12927400219348 ], [ 29.018973999650427, -24.130252996078909 ], [ 29.020511998629889, -24.131197000041553 ], [ 29.021057001279654, -24.131574003037844 ], [ 29.023552010217152, -24.133060997866799 ], [ 29.02360500186937, -24.133101996160278 ], [ 29.024272000252655, -24.133626004136747 ], [ 29.025037999603981, -24.13407199682522 ], [ 29.026532008245585, -24.134942997421405 ], [ 29.028730998137092, -24.136343000828827 ], [ 29.029437000117522, -24.136792999097608 ], [ 29.029770072131139, -24.136967594378955 ], [ 29.025701123707968, -24.142412298688665 ], [ 29.023594913274703, -24.14526333573432 ], [ 29.023301918648631, -24.145078536745054 ], [ 29.023107419571787, -24.145372341660291 ], [ 29.022988447358994, -24.145657878208478 ], [ 29.022750501134759, -24.146538277619449 ], [ 29.02251255491052, -24.14756144710308 ], [ 29.022084251886813, -24.149108095761999 ], [ 29.019587743779457, -24.158493339695923 ], [ 29.018754931994589, -24.161753202248534 ], [ 29.021086803912908, -24.161895969623259 ], [ 29.02205000030737, -24.165399999910154 ], [ 29.025387722565327, -24.163899068287353 ], [ 29.025143998196992, -24.164541999913329 ], [ 29.02510851544568, -24.164832946783037 ], [ 29.025069760061445, -24.165150729422614 ], [ 29.024979316142513, -24.166406897959988 ], [ 29.024949168169591, -24.167301289023239 ], [ 29.02487688066357, -24.168048255122883 ], [ 29.024858724250752, -24.168235877983417 ], [ 29.024738132358987, -24.168818740292682 ], [ 29.024547193698105, -24.169456874035507 ], [ 29.024295959990667, -24.170034710933216 ], [ 29.02400452928568, -24.170587425269474 ], [ 29.023723147605232, -24.17104467117462 ], [ 29.023416643363515, -24.17146171828373 ], [ 29.023004618968024, -24.171949112161872 ], [ 29.022589083619408, -24.171748103792009 ], [ 29.022344975240468, -24.171760950607439 ], [ 29.021933842972505, -24.171953669026614 ], [ 29.021419928986564, -24.172184930590117 ], [ 29.020918862715426, -24.172454735297855 ], [ 29.020482035917311, -24.172634605102946 ], [ 29.0201993825955, -24.172634605102949 ], [ 29.019852490699936, -24.172634605102946 ], [ 29.019518447418452, -24.172775931763894 ], [ 29.019197250952406, -24.172955801569 ], [ 29.018824662728047, -24.173097128229859 ], [ 29.018362141399695, -24.173238453991527 ], [ 29.017925313702303, -24.173431172410702 ], [ 29.017552726377307, -24.173598193601805 ], [ 29.016643172744281, -24.173842022291574 ], [ 29.016445711300637, -24.173937669687714 ], [ 29.01616515789577, -24.174073565342795 ], [ 29.015754027426464, -24.174124956201752 ], [ 29.015407134631616, -24.174124956201744 ], [ 29.014957839632629, -24.174036322618157 ], [ 29.014584871894428, -24.174214891104384 ], [ 29.014276524042465, -24.17444615176851 ], [ 29.013916784432098, -24.17452323895635 ], [ 29.013505653063504, -24.174497544426192 ], [ 29.013017435406358, -24.174343370050533 ], [ 29.01233767924051, -24.174225653291256 ], [ 29.011917001568438, -24.174358001120929 ], [ 29.01154029444907, -24.174464531213143 ], [ 29.011172996936313, -24.174539002273132 ], [ 29.010676001895987, -24.174586999990129 ], [ 29.010270996709181, -24.174694997775951 ], [ 29.009841002060583, -24.174550001881112 ], [ 29.009423998119072, -24.174348997108549 ], [ 29.009040661197577, -24.174176499945506 ], [ 29.008726251915053, -24.174035021299282 ], [ 29.008289425116946, -24.173739521161941 ], [ 29.008032468123929, -24.173649586259398 ], [ 29.007711271657882, -24.173713824833147 ], [ 29.00733868433289, -24.173855150594733 ], [ 29.006876162105261, -24.174009324970399 ], [ 29.00663735073325, -24.174140670955243 ], [ 29.006362248119313, -24.174291978292221 ], [ 29.006118138841106, -24.174330522335818 ], [ 29.005930155352416, -24.174130128202883 ], [ 29.005745550616737, -24.173996478154965 ], [ 29.005552833096843, -24.173983630440251 ], [ 29.005140318570923, -24.174118828221395 ], [ 29.00483335297692, -24.173867999208817 ], [ 29.004550700554475, -24.173919390067756 ], [ 29.004304827705724, -24.174106874432692 ], [ 29.004075329712759, -24.17386799920882 ], [ 29.003754134146082, -24.173611042215889 ], [ 29.003330155062685, -24.173405476081903 ], [ 29.00304750174087, -24.1734054760819 ], [ 29.002867631935686, -24.173533955028056 ], [ 29.002623522657473, -24.173521107313256 ], [ 29.002379414278629, -24.173559651356847 ], [ 29.001815997110594, -24.174021998216674 ], [ 29.001744928185893, -24.174070780142461 ], [ 29.001495865441864, -24.174241735867412 ], [ 29.001387739952328, -24.174110002274851 ], [ 29.001351074592513, -24.174065331150182 ], [ 28.998877570243707, -24.171051730852696 ], [ 28.99714146590599, -24.168976991295118 ], [ 28.995014484730714, -24.166686395560696 ], [ 28.993923725799359, -24.165504740351459 ], [ 28.994930996168605, -24.162591999920917 ], [ 28.995470994990445, -24.161035999212022 ], [ 28.995984996210691, -24.159553001869575 ], [ 28.996063003404913, -24.159516001961993 ], [ 28.996156003197044, -24.159469992646084 ], [ 28.996365000244623, -24.15936599684327 ], [ 28.99844700272704, -24.15336699808854 ], [ 28.998940241299159, -24.151946150194707 ], [ 28.999620000162935, -24.149987996948592 ], [ 29.000236999837753, -24.14820900394243 ], [ 29.000304668425731, -24.148028351727103 ], [ 29.000342001082522, -24.147907997256276 ], [ 29.000431003388133, -24.147649998848394 ], [ 29.000528000666787, -24.14737000122464 ], [ 29.00065899861394, -24.146995998366709 ], [ 29.001188998773348, -24.145467997150401 ], [ 29.001541991669594, -24.144449999667739 ], [ 29.001910002344772, -24.143392002139219 ], [ 29.001955006218644, -24.143262998888286 ], [ 29.00210399780136, -24.14283199969702 ], [ 29.002669993325586, -24.14120100002614 ], [ 29.003025506122214, -24.140229422849565 ], [ 29.003334555445409, -24.140314258596174 ], [ 29.003392647153031, -24.14016156090727 ], [ 29.003546647060173, -24.139756759866589 ], [ 29.004369114842756, -24.13998106967065 ], [ 29.005146426766299, -24.140193064158662 ], [ 29.00535851928025, -24.139677982852604 ], [ 29.005643329176362, -24.139726460807498 ], [ 29.005775300190031, -24.139371788877014 ], [ 29.005837240995945, -24.139205320769005 ], [ 29.006045781187897, -24.139218354643425 ], [ 29.006418980051887, -24.139241678560623 ], [ 29.006973180068261, -24.138674489635996 ], [ 29.007194630927504, -24.138447848789198 ], [ 29.007121914444806, -24.138399370834303 ], [ 29.007149343767264, -24.13836547268841 ], [ 29.007867266261339, -24.137478285194724 ], [ 29.008897427074615, -24.136102716367343 ], [ 29.007893468009133, -24.135426014299092 ], [ 29.005634883643019, -24.133995710034021 ], [ 29.005185542778591, -24.133736177382652 ], [ 29.004565353208498, -24.133384541563348 ], [ 29.003121905351698, -24.132566138716342 ], [ 29.003584777415579, -24.13115180820941 ], [ 29.003047840785218, -24.130988392400447 ], [ 29.00284546814391, -24.130926799632132 ], [ 29.002524028860897, -24.130868940848945 ], [ 28.999663221580491, -24.130965373353323 ], [ 28.999463930016439, -24.131010373629902 ], [ 28.999264637553019, -24.131119663741522 ], [ 28.997291003377111, -24.132675427928685 ], [ 28.996943848879599, -24.132283273154531 ], [ 28.994651595694645, -24.129841415049299 ], [ 28.992961483585631, -24.12793208419836 ], [ 28.992600832962129, -24.12816544567881 ], [ 28.992247252808529, -24.12815837520883 ], [ 28.991540093400694, -24.128200804323711 ], [ 28.991327945128592, -24.128172517947359 ], [ 28.991193584616273, -24.128066443811399 ], [ 28.991151154602196, -24.127861367807931 ], [ 28.991158226870741, -24.127656290905094 ], [ 28.991236013731076, -24.127507787654331 ], [ 28.991292587383061, -24.127401714417651 ], [ 28.991243085999624, -24.127316855288672 ], [ 28.991116133202993, -24.127226093009831 ], [ 28.991657016058479, -24.126865506238101 ], [ 28.991977538932314, -24.12642478627491 ], [ 28.992217932211911, -24.12602413200808 ], [ 28.992638617977864, -24.125563379646302 ], [ 28.993119402738316, -24.125242856772463 ], [ 28.993540089403641, -24.125002465291605 ], [ 28.994060938961255, -24.124722007214839 ], [ 28.994441560829415, -24.124581778626194 ], [ 28.994942377988451, -24.124221190055898 ], [ 28.995122672273546, -24.123840569087029 ], [ 28.995583423736132, -24.123339751028716 ], [ 28.995883914211298, -24.122979163357783 ], [ 28.996224468584362, -24.122718737679609 ], [ 28.996504926661121, -24.122338116710729 ], [ 28.996725288441411, -24.122097724330512 ], [ 28.99705423256686, -24.121933251818099 ], [ 28.997166005706671, -24.121877365248238 ], [ 28.998047443834576, -24.121636971968737 ], [ 28.999009014254671, -24.121476710981408 ], [ 28.999730191395251, -24.121216286202689 ], [ 29.000170909559884, -24.120975893822468 ], [ 29.000451367636554, -24.120655370049338 ], [ 29.000511465731588, -24.12029478237833 ], [ 29.000459555064449, -24.120011954588083 ], [ 29.000251776598279, -24.119778204600536 ], [ 28.999992054189988, -24.119518482192241 ], [ 28.999745317992119, -24.119271745994286 ], [ 28.99955052573619, -24.118843202851536 ], [ 28.999459623163165, -24.118349729556417 ], [ 28.999472609373498, -24.117856257160582 ], [ 28.999641429208584, -24.117505631279894 ], [ 28.999979067979659, -24.117142020088163 ], [ 29.000394624012802, -24.116700490735081 ], [ 29.000810180945134, -24.116388824384753 ], [ 29.001199764557519, -24.116297920912363 ], [ 29.001680251642398, -24.116207018339249 ], [ 29.001978932681673, -24.116025212293739 ], [ 29.002212682669221, -24.115817433827573 ], [ 29.002420461135472, -24.115583683839937 ], [ 29.002550323238861, -24.115285002800654 ], [ 29.002745114595417, -24.114973334651687 ], [ 29.002836017168526, -24.114700626932436 ], [ 29.003082754265769, -24.114531807097254 ], [ 29.003420393936125, -24.114492847566904 ], [ 29.003436435143424, -24.114498363108964 ], [ 29.003835949969176, -24.114635695880697 ], [ 29.004173588740166, -24.114830488136537 ], [ 29.004472269779438, -24.114843474346866 ], [ 29.004654075824948, -24.11479153040483 ], [ 29.004731020919863, -24.114695408166572 ], [ 29.004947601051029, -24.114565459728162 ], [ 29.00508476834748, -24.114334440082345 ], [ 29.005298925704928, -24.113598125553089 ], [ 29.005426000809326, -24.114027004142972 ] ] ] } },
{ "type": "Feature", "properties": { "Municipali": "Mogalakwena Local Municipality", "WardNo": "13", "WardLabel": "LIM367_13", "Province": "Limpopo", "CLASSIFICATION": "Service centre", "PopGBlack": 13472.018766, "PopGColour": 12.084980068, "PopGIndian": 36.799308339, "PopGWhite": 33.897833753999997, "PopGOther": 9.9454516, "PopGTotal": 13564.74634 }, "geometry": { "type": "Polygon", "coordinates": [ [ [ 28.990329997131727, -23.859350000302271 ], [ 28.986639998736983, -23.867630000823937 ], [ 28.982110001175649, -23.877799996772438 ], [ 29.005540003368537, -23.898209999991586 ], [ 29.044929996022567, -23.905569998556587 ], [ 29.035004002332826, -23.913442005444175 ], [ 29.016943506737512, -23.92739336191417 ], [ 29.013375485190487, -23.930253931773564 ], [ 28.985077379017849, -23.926962738639446 ], [ 28.977095847295548, -23.926509411979769 ], [ 28.952042415924815, -23.925086450679167 ], [ 28.953305929225284, -23.927090758032044 ], [ 28.954899716748578, -23.929552450685058 ], [ 28.95635148513302, -23.931809002583375 ], [ 28.957329850392313, -23.933418571409948 ], [ 28.958762051327671, -23.935616503698743 ], [ 28.958682136671268, -23.935625382705254 ], [ 28.958535075933103, -23.935625382705247 ], [ 28.958191934210422, -23.935772443443508 ], [ 28.957897812733915, -23.935772443443508 ], [ 28.957113488796473, -23.935821463689589 ], [ 28.956393843201361, -23.93584634972931 ], [ 28.955835738328645, -23.935878242386977 ], [ 28.9553892537111, -23.93587824238698 ], [ 28.955484928986358, -23.936260942588461 ], [ 28.955484928986358, -23.936372563742822 ], [ 28.955516820744748, -23.936723373085201 ], [ 28.955532766623946, -23.937106074185969 ], [ 28.955580604261527, -23.937472827608978 ], [ 28.955580604261527, -23.93788742136741 ], [ 28.955596551040088, -23.93817444719301 ], [ 28.955564658382336, -23.938525254736735 ], [ 28.955516820744748, -23.93889201085759 ], [ 28.955612496019913, -23.939210926642922 ], [ 28.955708172194456, -23.93952984512627 ], [ 28.955756008932759, -23.939880652670002 ], [ 28.955740063053479, -23.940311192307725 ], [ 28.955660333657502, -23.940725784267595 ], [ 28.955644387778303, -23.941236052401912 ], [ 28.955644387778303, -23.941682536120176 ], [ 28.955644387778303, -23.942033344563189 ], [ 28.955676278637416, -23.942352262147178 ], [ 28.955851684207925, -23.942607396214378 ], [ 28.956011142999877, -23.942766855006422 ], [ 28.956043034758267, -23.943101717570229 ], [ 28.955995197120767, -23.943436581033414 ], [ 28.956170600892548, -23.943691715100528 ], [ 28.95623438530869, -23.944106307060487 ], [ 28.956393843201361, -23.944409278765193 ], [ 28.956409789080556, -23.944791979866043 ], [ 28.956553301993313, -23.945110895651382 ], [ 28.956792490181321, -23.945445759114477 ], [ 28.956840327818991, -23.945716839060871 ], [ 28.956840327818991, -23.946003863987098 ], [ 28.956840327818991, -23.946322781571087 ], [ 28.956983839832382, -23.946657645034271 ], [ 28.956983839832382, -23.947008454376636 ], [ 28.956967893953184, -23.947343316940543 ], [ 28.956792490181321, -23.947726018041305 ], [ 28.95680843516115, -23.947965206229316 ], [ 28.956840327818991, -23.948331960551609 ], [ 28.956868386666777, -23.948811831600818 ], [ 28.957113488796473, -23.950331460128812 ], [ 28.957082847095748, -23.951376817686032 ], [ 28.957078477289979, -23.9515259099928 ], [ 28.957021469265456, -23.951753942090807 ], [ 28.956850445191975, -23.952191003611915 ], [ 28.956584407744263, -23.952533051758969 ], [ 28.956261363171482, -23.95291310615492 ], [ 28.955995323925116, -23.953293159651594 ], [ 28.955615272227092, -23.953369170350935 ], [ 28.955311229429753, -23.953236151627067 ], [ 28.955197211582146, -23.953141138252921 ], [ 28.955026188407942, -23.953103132003925 ], [ 28.954912172358984, -23.953179142703263 ], [ 28.954627132236372, -23.953331164101932 ], [ 28.954399099239083, -23.953369170350932 ], [ 28.954304086764221, -23.953540194424406 ], [ 28.954418101913898, -23.953711217598702 ], [ 28.954532117962945, -23.953958254170161 ], [ 28.954608128662279, -23.95420528804361 ], [ 28.95443710458871, -23.954395314791991 ], [ 28.954152065365548, -23.954452322816426 ], [ 28.953753008294782, -23.954433320141614 ], [ 28.953391956573554, -23.954433320141618 ], [ 28.953239936074255, -23.954585342439561 ], [ 28.953163925374916, -23.954908387911804 ], [ 28.952916890602108, -23.955155421785335 ], [ 28.952612847804765, -23.955288439609827 ], [ 28.95219478895838, -23.955402456558154 ], [ 28.952061770234518, -23.955611485981343 ], [ 28.952099774684864, -23.955782510954112 ], [ 28.952289802332611, -23.955782510954112 ], [ 28.952555839780242, -23.955744504705116 ], [ 28.952745865629254, -23.955801512729643 ], [ 28.952783871878246, -23.95597253680312 ], [ 28.952612847804765, -23.95618156712559 ], [ 28.952023764884899, -23.956390595649506 ], [ 28.951510691765087, -23.956504612597833 ], [ 28.951168643618036, -23.956580623297171 ], [ 28.951035625793548, -23.956884666094503 ], [ 28.951035625793548, -23.957131700867322 ], [ 28.951263656992271, -23.95711269819251 ], [ 28.951491689090272, -23.956941674119026 ], [ 28.951852739912049, -23.95699868214346 ], [ 28.952023764884899, -23.957093696416973 ], [ 28.951966756860376, -23.957302724940806 ], [ 28.951700719412745, -23.957606766838769 ], [ 28.951491689090272, -23.95792981321037 ], [ 28.951412298738646, -23.958258435378529 ], [ 28.951463201265732, -23.958869262106738 ], [ 28.951463201265732, -23.959276479625828 ], [ 28.95143774955255, -23.959607344703205 ], [ 28.951641358761776, -23.960116367276541 ], [ 28.951666809575677, -23.96080354824521 ], [ 28.951690269290559, -23.961343118090454 ], [ 28.951692261288855, -23.961388924159522 ], [ 28.951310493684396, -23.961897945833492 ], [ 28.951132337087721, -23.962101555942088 ], [ 28.950979630405666, -23.962610577616047 ], [ 28.951132337087721, -23.962839639437831 ], [ 28.951335945397574, -23.963119601088756 ], [ 28.950979630405666, -23.963297758584723 ], [ 28.95072511777008, -23.963297758584719 ], [ 28.950368802778073, -23.963603171948822 ], [ 28.949808876778292, -23.96413764623534 ], [ 28.949478012600277, -23.964697571335851 ], [ 28.94952891602664, -23.965130239668834 ], [ 28.949554365941349, -23.965715615583154 ], [ 28.949478012600277, -23.966097383187702 ], [ 28.949121696709, -23.966530052420058 ], [ 28.948731972802339, -23.966835053894624 ], [ 28.948536321693958, -23.966988173365511 ], [ 28.948052749934522, -23.967089976621107 ], [ 28.94754372736119, -23.967599000093813 ], [ 28.947009253973949, -23.967777157589765 ], [ 28.946398427245729, -23.968184376008136 ], [ 28.944998615393878, -23.969278773596596 ], [ 28.944438689394087, -23.969711442828856 ], [ 28.943878764293579, -23.970169563774306 ], [ 28.943242485852089, -23.970653136433107 ], [ 28.942682561650951, -23.970983999711848 ], [ 28.942402599100742, -23.970856743843683 ], [ 28.942266341918227, -23.970826464569754 ], [ 28.942173538178245, -23.970805842215881 ], [ 28.941689967318183, -23.970805842215881 ], [ 28.941206395558744, -23.971187608920978 ], [ 28.940621019644333, -23.971594827339434 ], [ 28.940315606280226, -23.971976594044612 ], [ 28.939882937047965, -23.971976594044612 ], [ 28.939679328738102, -23.971849338176462 ], [ 28.939373915373906, -23.971925690618161 ], [ 28.939373915373906, -23.972282007408722 ], [ 28.93904799566846, -23.972820001641804 ], [ 28.938788002564344, -23.972969998666549 ], [ 28.938098000422432, -23.973090000603033 ], [ 28.937617998072209, -23.972950003140159 ], [ 28.937288001739912, -23.972759997076214 ], [ 28.936987999596603, -23.972799998021525 ], [ 28.936928003124898, -23.972950003140156 ], [ 28.936867997659945, -23.973239997627779 ], [ 28.936367999783425, -23.973279998573094 ], [ 28.935928000177075, -23.973160004730509 ], [ 28.935468003245862, -23.973009999611779 ], [ 28.934988000895643, -23.972759997076214 ], [ 28.934567996815684, -23.97275999707621 ], [ 28.93439800426453, -23.972510001735255 ], [ 28.934037996656276, -23.972240002773926 ], [ 28.933558003299215, -23.971779997748659 ], [ 28.933227998873122, -23.971559998395254 ], [ 28.932458002035187, -23.971410001370494 ], [ 28.932177989122948, -23.971490002361751 ], [ 28.931928001875868, -23.971639999386511 ], [ 28.931618001969234, -23.971540001070217 ], [ 28.931218002408915, -23.971509998787422 ], [ 28.930778001004004, -23.971469997842117 ], [ 28.930527999367719, -23.971469997842117 ], [ 28.930148003427679, -23.971329998580593 ], [ 28.929776999808738, -23.97132999858059 ], [ 28.929568011754412, -23.971429996896887 ], [ 28.929278000179654, -23.971410001370501 ], [ 28.928787002718032, -23.971580002015521 ], [ 28.928457995640006, -23.971810000031532 ], [ 28.927848001683948, -23.971739996803432 ], [ 28.927746998824979, -23.971720001277045 ], [ 28.927207000003058, -23.971260004345741 ], [ 28.926779009044118, -23.970508997592162 ], [ 28.926475453679274, -23.969925209880568 ], [ 28.926032814562806, -23.96972183539442 ], [ 28.925697844080254, -23.969662018787201 ], [ 28.92543465298689, -23.969757724639333 ], [ 28.925338947134755, -23.969973062806631 ], [ 28.925231277601462, -23.970319996970339 ], [ 28.925099681605055, -23.970571225281823 ], [ 28.924824527729811, -23.970858342838227 ], [ 28.924501520928509, -23.971013865297667 ], [ 28.924178513227833, -23.97109760656927 ], [ 28.923795689819215, -23.971277056391028 ], [ 28.923460719336752, -23.971432577951109 ], [ 28.923197528243389, -23.971647916118489 ], [ 28.922850594079684, -23.971923070893016 ], [ 28.922455806989909, -23.972054665990051 ], [ 28.921977277729241, -23.972006813063992 ], [ 28.921438931861271, -23.971994850282112 ], [ 28.920900586892664, -23.972018775845861 ], [ 28.920350278242815, -23.972210188449409 ], [ 28.919991381297322, -23.972437490297953 ], [ 28.919895675445105, -23.97266479124713 ], [ 28.91993156469001, -23.972832275589077 ], [ 28.920060466317519, -23.972984614448475 ], [ 28.92009308023157, -23.973070803674631 ], [ 28.920053098171955, -23.973209205740257 ], [ 28.919905469062218, -23.973372212357706 ], [ 28.919630324180144, -23.973554088550383 ], [ 28.919560704962642, -23.973597923305498 ], [ 28.919225733580806, -23.973669702694604 ], [ 28.918759168001298, -23.973669702694608 ], [ 28.918184932888419, -23.973550070379435 ], [ 28.917562843950101, -23.973430438064277 ], [ 28.916940755911153, -23.973262952823045 ], [ 28.916283704029713, -23.973104250360937 ], [ 28.916268136765172, -23.97290966404978 ], [ 28.916120251348545, -23.972683944108734 ], [ 28.916019066826543, -23.972528275059883 ], [ 28.915956798667377, -23.972341472381039 ], [ 28.915925665037395, -23.972162453334615 ], [ 28.915925665037395, -23.972006784285679 ], [ 28.915995715929594, -23.971812197974515 ], [ 28.916034634091176, -23.971625395295774 ], [ 28.91605019955707, -23.971477509879239 ], [ 28.916112467716317, -23.971337408094932 ], [ 28.91615916861085, -23.97124400720524 ], [ 28.916237003135187, -23.971111688153879 ], [ 28.916275920397489, -23.970940451840395 ], [ 28.916205868606013, -23.970652464639556 ], [ 28.91615916861085, -23.970465661960805 ], [ 28.916026849559486, -23.970348911073451 ], [ 28.915863397777603, -23.970278860181253 ], [ 28.915622110572009, -23.970255509284396 ], [ 28.91541974242719, -23.970169891127561 ], [ 28.915279639743606, -23.970084273870185 ], [ 28.915131754327071, -23.969975304816497 ], [ 28.914937168016003, -23.969881903926808 ], [ 28.913536148374543, -23.969539432199028 ], [ 28.913294861168957, -23.969570565829013 ], [ 28.913045791230321, -23.969726234877871 ], [ 28.912812287657044, -23.969850770296819 ], [ 28.912625484978211, -23.969944172085878 ], [ 28.912407548669478, -23.970060922973239 ], [ 28.911660337954309, -23.969181394106073 ], [ 28.911070940271742, -23.968962073740741 ], [ 28.910854623642063, -23.969253849785311 ], [ 28.910464049876026, -23.969683481107747 ], [ 28.910060456624848, -23.970034998216587 ], [ 28.90959176774594, -23.970438590568474 ], [ 28.909279309092856, -23.97072501204968 ], [ 28.908888735326901, -23.970855203305053 ], [ 28.908706467029916, -23.970685953593922 ], [ 28.908602313845709, -23.970555763237918 ], [ 28.908524198732835, -23.970360476354891 ], [ 28.908524198732835, -23.970139151400705 ], [ 28.908433065034032, -23.969943863618411 ], [ 28.908263816222178, -23.969696499693772 ], [ 28.908107586895628, -23.969501212810762 ], [ 28.907946997655856, -23.969389997250609 ], [ 28.907527000770504, -23.968859997091212 ], [ 28.907297002754579, -23.968620000412763 ], [ 28.906997000611096, -23.968419996585581 ], [ 28.906426992311872, -23.968239997278122 ], [ 28.906408001328234, -23.968173998731046 ], [ 28.903964003735844, -23.967764008602092 ], [ 28.905352121703078, -23.96450592221057 ], [ 28.904347387422064, -23.963980719034947 ], [ 28.903673758337373, -23.963615361359906 ], [ 28.902669023156896, -23.962896062003654 ], [ 28.90191547222129, -23.962462200270352 ], [ 28.901287513408079, -23.962153928860701 ], [ 28.900522543780433, -23.961731483121437 ], [ 28.899906002759881, -23.961343289860963 ], [ 28.899392218276304, -23.961137776787027 ], [ 28.899157253304644, -23.961049664810197 ], [ 28.898935520058306, -23.960966515292437 ], [ 28.898592997069219, -23.96077241821261 ], [ 28.898341812824437, -23.960544069553162 ], [ 28.898147716643887, -23.960235799042884 ], [ 28.89804496010683, -23.959916109840581 ], [ 28.897919002859712, -23.959320006812931 ], [ 28.897701150187988, -23.958459661384257 ], [ 28.897400368332388, -23.957714243917206 ], [ 28.89707343059435, -23.956811898350498 ], [ 28.897060352653217, -23.956445727688262 ], [ 28.896576485916142, -23.956484960612453 ], [ 28.896278000929012, -23.956431659593388 ], [ 28.896210316153187, -23.956419572705116 ], [ 28.895791837323461, -23.956445727688262 ], [ 28.894052531399293, -23.956903440341549 ], [ 28.892734860925135, -23.957190782728411 ], [ 28.889854657966161, -23.957818863849575 ], [ 28.887134540626608, -23.958485816367322 ], [ 28.887051016091586, -23.958506499875025 ], [ 28.884068546726066, -23.959245059112256 ], [ 28.882962823075918, -23.954536414823647 ], [ 28.882766661152498, -23.954536414823654 ], [ 28.882492034279966, -23.95453641482365 ], [ 28.882112786575881, -23.954627957714074 ], [ 28.881916624652554, -23.95095318394231 ], [ 28.881184285126732, -23.950900873976167 ], [ 28.88085734828806, -23.950730867035908 ], [ 28.880425790617753, -23.950704712052836 ], [ 28.879902691855847, -23.950717789994069 ], [ 28.87954960003411, -23.950887796934325 ], [ 28.879248818178418, -23.951083958857645 ], [ 28.87866033060979, -23.951136268823781 ], [ 28.878124153906661, -23.951162423806849 ], [ 28.877875682017205, -23.951044726832649 ], [ 28.877784139126774, -23.95075702201898 ], [ 28.877731829160638, -23.950482395146448 ], [ 28.877718752118795, -23.950155458307783 ], [ 28.877653364211433, -23.949658512730196 ], [ 28.877627209228365, -23.949213878917412 ], [ 28.877561822220386, -23.948716934239112 ], [ 28.877470279329955, -23.948468462349748 ], [ 28.877313350330919, -23.94819383457784 ], [ 28.877117186608942, -23.948063059662498 ], [ 28.87674360823102, -23.947880484696594 ], [ 28.876475408813146, -23.947778754286105 ], [ 28.876188713938106, -23.947547547581294 ], [ 28.8759020181637, -23.947242356349726 ], [ 28.87560607376129, -23.947001901916281 ], [ 28.875236143933009, -23.946705958413254 ], [ 28.874949449057876, -23.946419261739564 ], [ 28.874625759671119, -23.946114069608615 ], [ 28.874292824354466, -23.945836623361483 ], [ 28.873885900913663, -23.945448197176585 ], [ 28.873432737031241, -23.943765016142653 ], [ 28.873146041256835, -23.942830944292645 ], [ 28.872619622197909, -23.940701339795019 ], [ 28.872535656995026, -23.940361663160193 ], [ 28.872226945816898, -23.940331543965591 ], [ 28.872156479438033, -23.940324670447225 ], [ 28.871802240081337, -23.940308863063628 ], [ 28.871707144868839, -23.939842032184089 ], [ 28.871117757978162, -23.936948678438778 ], [ 28.870824141920657, -23.937062861761657 ], [ 28.870220598801705, -23.937258606399581 ], [ 28.869731239005553, -23.93730754210938 ], [ 28.869356063431567, -23.937372789722463 ], [ 28.869094687170133, -23.937381802728012 ], [ 28.868883016438172, -23.937389101625765 ], [ 28.868524151868108, -23.937389101625762 ], [ 28.868148976294304, -23.937389101625762 ], [ 28.867773799821034, -23.93734016591597 ], [ 28.867366001339921, -23.937340165915966 ], [ 28.866795081128185, -23.937372789722467 ], [ 28.866158913303277, -23.937372789722467 ], [ 28.865604305894038, -23.937177045983912 ], [ 28.864723457721414, -23.936720309994353 ], [ 28.863907858960619, -23.936328821617877 ], [ 28.863092260199732, -23.935921023136679 ], [ 28.862390843862364, -23.935545846663491 ], [ 28.861885172163007, -23.935121735379802 ], [ 28.861265317140766, -23.934877055032093 ], [ 28.860824893054414, -23.934746558906543 ], [ 28.860286598447829, -23.934518192260764 ], [ 28.859568870207255, -23.934404008038513 ], [ 28.859063197608531, -23.934208264299965 ], [ 28.858459655388863, -23.934028831565339 ], [ 28.857839798567877, -23.933767840213694 ], [ 28.857497246800573, -23.933474224156186 ], [ 28.857219944444918, -23.933262167614966 ], [ 28.856910015584834, -23.932952240553444 ], [ 28.856485904301138, -23.932772808718184 ], [ 28.856073296245686, -23.932629354261248 ], [ 28.85572375584675, -23.93296141813498 ], [ 28.855286830123237, -23.933118711359473 ], [ 28.854945003209348, -23.933151998865647 ], [ 28.854423106840915, -23.932459795183448 ], [ 28.85416280616861, -23.932173462735125 ], [ 28.853824412866427, -23.931848086220235 ], [ 28.853459991385527, -23.931509693817329 ], [ 28.852835267433672, -23.931275422223035 ], [ 28.849646570033233, -23.928854616347451 ], [ 28.848266971343723, -23.927514061724587 ], [ 28.847648397855291, -23.926887153319498 ], [ 28.847375002154635, -23.926533000297738 ], [ 28.848054999338792, -23.92444300104372 ], [ 28.851175003823428, -23.914963000042444 ], [ 28.852475008914563, -23.911023997359656 ], [ 28.853905996664455, -23.90656400212707 ], [ 28.854545003649033, -23.904393993787821 ], [ 28.855336002354676, -23.902073997417073 ], [ 28.856115997855042, -23.899744998832684 ], [ 28.857686001907496, -23.894945002310031 ], [ 28.858526001973441, -23.89254500314938 ], [ 28.85906999918117, -23.890736997114715 ], [ 28.85785579390982, -23.891003491418054 ], [ 28.856953337726441, -23.89103083890215 ], [ 28.856379046855583, -23.891359004214678 ], [ 28.855941493405215, -23.891605127974266 ], [ 28.855257815295982, -23.891905946702067 ], [ 28.853945151347688, -23.892234112014677 ], [ 28.852167587364303, -23.892234112014677 ], [ 28.850991659937229, -23.89223411201468 ], [ 28.849706342573747, -23.892370847636521 ], [ 28.848284292286362, -23.892370847636524 ], [ 28.847163058028741, -23.89245288918945 ], [ 28.845440188114271, -23.892808402885532 ], [ 28.844318955655393, -23.892972485991475 ], [ 28.84317037481296, -23.893027180060312 ], [ 28.842432002634808, -23.893027180060308 ], [ 28.842295266113673, -23.893437386925854 ], [ 28.842076488938901, -23.893656164100726 ], [ 28.841474852382593, -23.893656164100722 ], [ 28.840982603964036, -23.893519429378149 ], [ 28.840463008061466, -23.893355346272202 ], [ 28.839970758743533, -23.893191263166255 ], [ 28.839369122187318, -23.892972485991475 ], [ 28.838275236313162, -23.893163914782882 ], [ 28.837044613917801, -23.893382692857028 ], [ 28.836251546771539, -23.893628816616626 ], [ 28.835677255900681, -23.893792899722566 ], [ 28.834911537137792, -23.893874941275591 ], [ 28.833680914742427, -23.893874941275591 ], [ 28.832696417905392, -23.893656164100722 ], [ 28.831547837962422, -23.893464735309326 ], [ 28.829879662116777, -23.893191263166251 ], [ 28.828840470311466, -23.893191263166255 ], [ 28.828047402265824, -23.893382692857031 ], [ 28.827363724156591, -23.89379289972257 ], [ 28.82687147483875, -23.893847594690765 ], [ 28.826215144213528, -23.893847594690765 ], [ 28.825722894895776, -23.894011677796716 ], [ 28.825285341445408, -23.894230454971577 ], [ 28.824656357405008, -23.894203106588108 ], [ 28.824191454671986, -23.894039024381446 ], [ 28.823254734318606, -23.893799889253472 ], [ 28.823443195347259, -23.893235428871929 ], [ 28.823443195347259, -23.892846909157576 ], [ 28.823443195347259, -23.892474578139293 ], [ 28.823443195347259, -23.892231753092904 ], [ 28.823436394673905, -23.892143355131786 ], [ 28.823427008449752, -23.892021305438945 ], [ 28.823427008449752, -23.891762290797118 ], [ 28.823475571840209, -23.891551843143063 ], [ 28.823734584683386, -23.891454713664107 ], [ 28.823864091554658, -23.891535655346264 ], [ 28.823976934887735, -23.891551774794618 ], [ 28.823977409729679, -23.891551843143059 ], [ 28.824123106196481, -23.891535655346267 ], [ 28.824365930343404, -23.89134139458972 ], [ 28.824382118140285, -23.891033816557428 ], [ 28.82422023477606, -23.890726239424424 ], [ 28.824074540107997, -23.89046722568197 ], [ 28.823977409729679, -23.890159646750309 ], [ 28.82398860718855, -23.890070073375188 ], [ 28.824025974918882, -23.88977112793523 ], [ 28.824268799965175, -23.889382608220789 ], [ 28.824414496431888, -23.888961712013398 ], [ 28.824754450057846, -23.888492249717601 ], [ 28.825045840293342, -23.887958035335092 ], [ 28.825353418325633, -23.887569515620648 ], [ 28.825709560647752, -23.887342879270509 ], [ 28.82608189256532, -23.886970548252236 ], [ 28.826361970228778, -23.886690469689402 ], [ 28.826454223583603, -23.886598216334665 ], [ 28.826648484340151, -23.886209696620224 ], [ 28.826654741822953, -23.886153380174406 ], [ 28.826697048629988, -23.885772611716664 ], [ 28.826745613819103, -23.885562164062598 ], [ 28.827085568344341, -23.88540028069847 ], [ 28.827360768984398, -23.88544884588757 ], [ 28.827368545422107, -23.885447808969211 ], [ 28.827603594929968, -23.885416469394539 ], [ 28.827765478294189, -23.885125080058415 ], [ 28.827716913105078, -23.88488225411275 ], [ 28.827716913105078, -23.884765071550785 ], [ 28.827716913105078, -23.884574676080454 ], [ 28.827943548556018, -23.884315663237292 ], [ 28.828015132792153, -23.884244079001061 ], [ 28.828121620616319, -23.884137592076275 ], [ 28.828429198648688, -23.883846201840779 ], [ 28.828672023694985, -23.883490058619287 ], [ 28.828850095755371, -23.883198669283161 ], [ 28.828850095755371, -23.882907279047664 ], [ 28.828639647202035, -23.882632076609049 ], [ 28.828396822155739, -23.882405441158198 ], [ 28.828315881372863, -23.882194992604852 ], [ 28.828450954148227, -23.88199238344172 ], [ 28.828477763837803, -23.881952167558474 ], [ 28.828558706419248, -23.881774096397457 ], [ 28.828639647202035, -23.881531271351076 ], [ 28.828706808572363, -23.881430529295489 ], [ 28.828769154073211, -23.881337010594528 ], [ 28.829028166916387, -23.881142751636716 ], [ 28.829109108598548, -23.880818984908178 ], [ 28.82906054430871, -23.880527594672774 ], [ 28.828979601727273, -23.880284771425035 ], [ 28.828921911117295, -23.88002516233135 ], [ 28.828914847841993, -23.879993381189632 ], [ 28.8289472261336, -23.879734367447092 ], [ 28.829125297294706, -23.879426790314174 ], [ 28.829234996597858, -23.879199554116138 ], [ 28.829351933644922, -23.878957328018299 ], [ 28.829513817009154, -23.878617374392331 ], [ 28.829530004805946, -23.878358359750507 ], [ 28.829594758691218, -23.878002217428381 ], [ 28.829659510777848, -23.877678450699932 ], [ 28.829853770635019, -23.877322306579163 ], [ 28.829934714115829, -23.877014729446245 ], [ 28.830112785276842, -23.876820469588978 ], [ 28.830225001782445, -23.876546000997209 ], [ 28.830294997815948, -23.876396003972456 ], [ 28.830355003280811, -23.876245998853822 ], [ 28.830355003280811, -23.876025998600959 ], [ 28.830385004664237, -23.875926001184034 ], [ 28.830455000697825, -23.875776004159281 ], [ 28.830495001643047, -23.87571599869441 ], [ 28.830575002634305, -23.875556003906514 ], [ 28.830744996084814, -23.875266000425636 ], [ 28.830805002448962, -23.875105996644475 ], [ 28.830855001157428, -23.875036000610972 ], [ 28.830935002148678, -23.874925997336923 ], [ 28.831015004039298, -23.874795996737838 ], [ 28.831174998827205, -23.87454600229616 ], [ 28.831375002654305, -23.874205999207547 ], [ 28.831475000970514, -23.874045996325659 ], [ 28.831727059356322, -23.87366783320396 ], [ 28.831753789006189, -23.873387165585306 ], [ 28.831753789006189, -23.873186688714732 ], [ 28.831700328807166, -23.872879292345491 ], [ 28.831620138058991, -23.872518433978566 ], [ 28.831433026912681, -23.87194373301681 ], [ 28.831360185424288, -23.871704400038045 ], [ 28.831339471339529, -23.871636335748281 ], [ 28.831352835265225, -23.871315573654865 ], [ 28.83160677233473, -23.871075001410158 ], [ 28.832074551999071, -23.870834429165637 ], [ 28.832395314092579, -23.870727508767494 ], [ 28.832756171560131, -23.87071414304333 ], [ 28.832786122581528, -23.870707976391962 ], [ 28.833210586399485, -23.870620588369448 ], [ 28.833491254018231, -23.870393380949817 ], [ 28.833785287361156, -23.869898870736336 ], [ 28.833878842035023, -23.869511282719543 ], [ 28.834119414279641, -23.869016774304697 ], [ 28.834239700401859, -23.868522264990577 ], [ 28.834239700401859, -23.868121312148805 ], [ 28.834186239303556, -23.867800548256731 ], [ 28.834186239303556, -23.867586706561273 ], [ 28.834186239303556, -23.867346135216025 ], [ 28.834289172107702, -23.867105958673022 ], [ 28.834306526325147, -23.867065467597282 ], [ 28.834507002296434, -23.8668649907268 ], [ 28.834787669915091, -23.866651149031334 ], [ 28.835081702358732, -23.866437307335882 ], [ 28.835298482139343, -23.866328917445564 ], [ 28.835375734802366, -23.86629029066442 ], [ 28.83561630614761, -23.86599625912006 ], [ 28.835602942222089, -23.865728956326294 ], [ 28.83579005336831, -23.865475019256703 ], [ 28.83590500111492, -23.864996996314311 ], [ 28.836035000814636, -23.864766997399023 ], [ 28.836025003051482, -23.864716997791195 ], [ 28.836035000814636, -23.864567000766531 ], [ 28.836047831442308, -23.864451513426655 ], [ 28.836107999684518, -23.864363000352188 ], [ 28.836285999799074, -23.864138999914964 ], [ 28.836322999706749, -23.863923999892641 ], [ 28.83635100009862, -23.863456999940606 ], [ 28.836247999845316, -23.863168000103123 ], [ 28.835987000399793, -23.862841000311878 ], [ 28.835884000146574, -23.862578999920892 ], [ 28.835949000446124, -23.862374000359836 ], [ 28.835828000262026, -23.861981000223039 ], [ 28.835500999571501, -23.860870000250308 ], [ 28.835454000102029, -23.860588999882449 ], [ 28.835454000102029, -23.860411999813977 ], [ 28.835594000263001, -23.860132000391484 ], [ 28.835613000239885, -23.859626999586407 ], [ 28.835584999847924, -23.859318999772036 ], [ 28.835576000332217, -23.859066999842231 ], [ 28.835454000102029, -23.858590000328295 ], [ 28.835407999779459, -23.858487000074984 ], [ 28.835463999663919, -23.858094999984296 ], [ 28.835492000055794, -23.857777999754845 ], [ 28.835492000055794, -23.857516000263235 ], [ 28.835444999687038, -23.857365999641175 ], [ 28.835369999825694, -23.857095999780576 ], [ 28.835332999918112, -23.856778000404411 ], [ 28.835294999964347, -23.856563000382184 ], [ 28.835305000425517, -23.856227000175949 ], [ 28.835266999572386, -23.855956000269163 ], [ 28.835210999687924, -23.855712999855065 ], [ 28.835090000403198, -23.855394999579616 ], [ 28.835014999642578, -23.85525500031801 ], [ 28.834977999734999, -23.854938000088652 ], [ 28.834969000219285, -23.854619999813213 ], [ 28.834950000242401, -23.854348999906417 ], [ 28.834912000288643, -23.854218000160625 ], [ 28.834902999873567, -23.853881999954382 ], [ 28.834856000404184, -23.853630000024481 ], [ 28.834799999620348, -23.85330300023324 ], [ 28.834762999712762, -23.85318100000314 ], [ 28.834762999712762, -23.852967000027004 ], [ 28.83470699982821, -23.852780000396731 ], [ 28.834660000358738, -23.852518000005752 ], [ 28.834614000036169, -23.852425000213621 ], [ 28.834416999944636, -23.852070000030498 ], [ 28.834332999668302, -23.851761000170043 ], [ 28.834239999876171, -23.851462999917576 ], [ 28.834174000429819, -23.85125700031033 ], [ 28.83407200022269, -23.851144999642045 ], [ 28.833932000061807, -23.850902000127221 ], [ 28.833838000223587, -23.850706000081868 ], [ 28.83364200017823, -23.850398000267507 ], [ 28.833502000017347, -23.850191999760987 ], [ 28.833371000271452, -23.849995999715631 ], [ 28.833221999695574, -23.849668999924393 ], [ 28.833175000226102, -23.849603999624936 ], [ 28.832904000319413, -23.849294999764396 ], [ 28.832851702943824, -23.849194608444421 ], [ 28.848906002609937, -23.846901005377131 ], [ 28.854624000097612, -23.844140998608214 ], [ 28.859879996064954, -23.848809998982279 ], [ 28.866503895038722, -23.854694864776238 ], [ 28.877520003745211, -23.864480002150387 ], [ 28.905400001608815, -23.85863999993613 ], [ 28.905401514268497, -23.858635515916308 ], [ 28.906860003286592, -23.854308999860493 ], [ 28.915439997857678, -23.828859999889115 ], [ 28.920020003120719, -23.815279995975029 ], [ 28.921390003345991, -23.811220001202109 ], [ 28.921630000024518, -23.811379995990027 ], [ 28.921747001822727, -23.811421009571973 ], [ 28.948040723300789, -23.820536864284833 ], [ 28.952185997186092, -23.821974001598885 ], [ 28.955059989426999, -23.822969999865581 ], [ 28.965980001076236, -23.826799995723295 ], [ 28.976849998728444, -23.831590004375151 ], [ 28.978944412754476, -23.832519738794911 ], [ 28.979568998210809, -23.832797000681072 ], [ 28.988480002650036, -23.836750000412266 ], [ 28.989910001145653, -23.837379997988506 ], [ 28.998438002312049, -23.841155001202349 ], [ 28.998389998299821, -23.841270000210358 ], [ 28.990329997131727, -23.859350000302271 ] ] ] } },
{ "type": "Feature", "properties": { "Municipali": "Mogalakwena Local Municipality", "WardNo": "14", "WardLabel": "LIM367_14", "Province": "Limpopo", "CLASSIFICATION": "Service centre", "PopGBlack": 11071.491491000001, "PopGColour": 11.894721456, "PopGIndian": 6.20556534, "PopGWhite": 7.275461394, "PopGOther": 18.499375, "PopGTotal": 11115.366614 }, "geometry": { "type": "Polygon", "coordinates": [ [ [ 28.854423106840915, -23.932459795183448 ], [ 28.854945003209348, -23.933151998865647 ], [ 28.855286830123237, -23.933118711359473 ], [ 28.85572375584675, -23.93296141813498 ], [ 28.856073296245686, -23.932629354261248 ], [ 28.856485904301138, -23.932772808718184 ], [ 28.856910015584834, -23.932952240553444 ], [ 28.857219944444918, -23.933262167614966 ], [ 28.857497246800573, -23.933474224156186 ], [ 28.857839798567877, -23.933767840213694 ], [ 28.858459655388863, -23.934028831565339 ], [ 28.859063197608531, -23.934208264299965 ], [ 28.859568870207255, -23.934404008038513 ], [ 28.860286598447829, -23.934518192260764 ], [ 28.860824893054414, -23.934746558906543 ], [ 28.861265317140766, -23.934877055032093 ], [ 28.861885172163007, -23.935121735379802 ], [ 28.862390843862364, -23.935545846663491 ], [ 28.863092260199732, -23.935921023136679 ], [ 28.863907858960619, -23.936328821617877 ], [ 28.864723457721414, -23.936720309994353 ], [ 28.865604305894038, -23.937177045983912 ], [ 28.866158913303277, -23.937372789722467 ], [ 28.866795081128185, -23.937372789722467 ], [ 28.867366001339921, -23.937340165915966 ], [ 28.867773799821034, -23.93734016591597 ], [ 28.868148976294304, -23.937389101625762 ], [ 28.868524151868108, -23.937389101625762 ], [ 28.868883016438172, -23.937389101625765 ], [ 28.869094687170133, -23.937381802728012 ], [ 28.869356063431567, -23.937372789722463 ], [ 28.869731239005553, -23.93730754210938 ], [ 28.870220598801705, -23.937258606399581 ], [ 28.870824141920657, -23.937062861761657 ], [ 28.871117757978162, -23.936948678438778 ], [ 28.871707144868839, -23.939842032184089 ], [ 28.871802240081337, -23.940308863063628 ], [ 28.872156479438033, -23.940324670447225 ], [ 28.872226945816898, -23.940331543965591 ], [ 28.872535656995026, -23.940361663160193 ], [ 28.872619622197909, -23.940701339795019 ], [ 28.873146041256835, -23.942830944292645 ], [ 28.873432737031241, -23.943765016142653 ], [ 28.873885900913663, -23.945448197176585 ], [ 28.874292824354466, -23.945836623361483 ], [ 28.874625759671119, -23.946114069608615 ], [ 28.874949449057876, -23.946419261739564 ], [ 28.875236143933009, -23.946705958413254 ], [ 28.87560607376129, -23.947001901916281 ], [ 28.8759020181637, -23.947242356349726 ], [ 28.876188713938106, -23.947547547581294 ], [ 28.876475408813146, -23.947778754286105 ], [ 28.87674360823102, -23.947880484696594 ], [ 28.877117186608942, -23.948063059662498 ], [ 28.877313350330919, -23.94819383457784 ], [ 28.877470279329955, -23.948468462349748 ], [ 28.877561822220386, -23.948716934239112 ], [ 28.877627209228365, -23.949213878917412 ], [ 28.877653364211433, -23.949658512730196 ], [ 28.877718752118795, -23.950155458307783 ], [ 28.877731829160638, -23.950482395146448 ], [ 28.877784139126774, -23.95075702201898 ], [ 28.877875682017205, -23.951044726832649 ], [ 28.878124153906661, -23.951162423806849 ], [ 28.87866033060979, -23.951136268823781 ], [ 28.879248818178418, -23.951083958857645 ], [ 28.87954960003411, -23.950887796934325 ], [ 28.879902691855847, -23.950717789994069 ], [ 28.880425790617753, -23.950704712052836 ], [ 28.88085734828806, -23.950730867035908 ], [ 28.881184285126732, -23.950900873976167 ], [ 28.881916624652554, -23.95095318394231 ], [ 28.882112786575881, -23.954627957714074 ], [ 28.882492034279966, -23.95453641482365 ], [ 28.882766661152498, -23.954536414823654 ], [ 28.882962823075918, -23.954536414823647 ], [ 28.884068546726066, -23.959245059112256 ], [ 28.887051016091586, -23.958506499875025 ], [ 28.887134540626608, -23.958485816367322 ], [ 28.889854657966161, -23.957818863849575 ], [ 28.892734860925135, -23.957190782728411 ], [ 28.894052531399293, -23.956903440341549 ], [ 28.895791837323461, -23.956445727688262 ], [ 28.896210316153187, -23.956419572705116 ], [ 28.896278000929012, -23.956431659593388 ], [ 28.896576485916142, -23.956484960612453 ], [ 28.897060352653217, -23.956445727688262 ], [ 28.89707343059435, -23.956811898350498 ], [ 28.897400368332388, -23.957714243917206 ], [ 28.897701150187988, -23.958459661384257 ], [ 28.897919002859712, -23.959320006812931 ], [ 28.89804496010683, -23.959916109840581 ], [ 28.898147716643887, -23.960235799042884 ], [ 28.898341812824437, -23.960544069553162 ], [ 28.898592997069219, -23.96077241821261 ], [ 28.898935520058306, -23.960966515292437 ], [ 28.899157253304644, -23.961049664810197 ], [ 28.899392218276304, -23.961137776787027 ], [ 28.899906002759881, -23.961343289860963 ], [ 28.900522543780433, -23.961731483121437 ], [ 28.901287513408079, -23.962153928860701 ], [ 28.90191547222129, -23.962462200270352 ], [ 28.902669023156896, -23.962896062003654 ], [ 28.903673758337373, -23.963615361359906 ], [ 28.904347387422064, -23.963980719034947 ], [ 28.905352121703078, -23.96450592221057 ], [ 28.903964003735844, -23.967764008602092 ], [ 28.906408001328234, -23.968173998731046 ], [ 28.906426992311872, -23.968239997278122 ], [ 28.906997000611096, -23.968419996585581 ], [ 28.907297002754579, -23.968620000412763 ], [ 28.907527000770504, -23.968859997091212 ], [ 28.907946997655856, -23.969389997250609 ], [ 28.908107586895628, -23.969501212810762 ], [ 28.908263816222178, -23.969696499693772 ], [ 28.908433065034032, -23.969943863618411 ], [ 28.908524198732835, -23.970139151400705 ], [ 28.908524198732835, -23.970360476354891 ], [ 28.908602313845709, -23.970555763237918 ], [ 28.908706467029916, -23.970685953593922 ], [ 28.908888735326901, -23.970855203305053 ], [ 28.909279309092856, -23.97072501204968 ], [ 28.90959176774594, -23.970438590568474 ], [ 28.910060456624848, -23.970034998216587 ], [ 28.910464049876026, -23.969683481107747 ], [ 28.910854623642063, -23.969253849785311 ], [ 28.911070940271742, -23.968962073740741 ], [ 28.911660337954309, -23.969181394106073 ], [ 28.912407548669478, -23.970060922973239 ], [ 28.912625484978211, -23.969944172085878 ], [ 28.912812287657044, -23.969850770296819 ], [ 28.913045791230321, -23.969726234877871 ], [ 28.913294861168957, -23.969570565829013 ], [ 28.913536148374543, -23.969539432199028 ], [ 28.914937168016003, -23.969881903926808 ], [ 28.915131754327071, -23.969975304816497 ], [ 28.915279639743606, -23.970084273870185 ], [ 28.91541974242719, -23.970169891127561 ], [ 28.915622110572009, -23.970255509284396 ], [ 28.915863397777603, -23.970278860181253 ], [ 28.916026849559486, -23.970348911073451 ], [ 28.91615916861085, -23.970465661960805 ], [ 28.916205868606013, -23.970652464639556 ], [ 28.916275920397489, -23.970940451840395 ], [ 28.916237003135187, -23.971111688153879 ], [ 28.91615916861085, -23.97124400720524 ], [ 28.916112467716317, -23.971337408094932 ], [ 28.91605019955707, -23.971477509879239 ], [ 28.916034634091176, -23.971625395295774 ], [ 28.915995715929594, -23.971812197974515 ], [ 28.915925665037395, -23.972006784285679 ], [ 28.915925665037395, -23.972162453334615 ], [ 28.915956798667377, -23.972341472381039 ], [ 28.916019066826543, -23.972528275059883 ], [ 28.916120251348545, -23.972683944108734 ], [ 28.916268136765172, -23.97290966404978 ], [ 28.916283704029713, -23.973104250360937 ], [ 28.915925665037395, -23.973049765834087 ], [ 28.915707728728751, -23.973034198569362 ], [ 28.915458604830796, -23.973046912285231 ], [ 28.915212018819627, -23.973086141612118 ], [ 28.914971038282861, -23.973086141612118 ], [ 28.914763681598682, -23.973114162688514 ], [ 28.914612368865757, -23.973192622241772 ], [ 28.91452270106182, -23.973287892821993 ], [ 28.914517097386167, -23.973405581702238 ], [ 28.914517097386167, -23.973528874258136 ], [ 28.91446665890922, -23.973685791565991 ], [ 28.914276115950031, -23.973848314348253 ], [ 28.914113594067146, -23.973870730849619 ], [ 28.913872612631, -23.973870730849619 ], [ 28.913626026619927, -23.973915564751536 ], [ 28.913329003930375, -23.973943585827843 ], [ 28.913048794066611, -23.973988419729768 ], [ 28.912852645633205, -23.974050065558121 ], [ 28.91262287424631, -23.974162149863332 ], [ 28.912477164289772, -23.97426862959361 ], [ 28.912325850657474, -23.974431152375779 ], [ 28.912034431643761, -23.97455444493168 ], [ 28.911776638281278, -23.974532028430396 ], [ 28.911552468771479, -23.974509611029756 ], [ 28.911294676308369, -23.974391923048795 ], [ 28.911081715948445, -23.974335880896188 ], [ 28.9109360059919, -23.974403131299471 ], [ 28.910851942762985, -23.974582466008062 ], [ 28.910857547337926, -23.974823447444209 ], [ 28.91088844984213, -23.974993174695307 ], [ 28.910952818817609, -23.975154095784916 ], [ 28.911014464645877, -23.975479139550682 ], [ 28.911064903122824, -23.976033957401189 ], [ 28.911081715948445, -23.976392625918923 ], [ 28.911132154425484, -23.97676810816164 ], [ 28.911104131550442, -23.976930630943897 ], [ 28.911048090297204, -23.977042715249112 ], [ 28.910969630743953, -23.977160403229977 ], [ 28.910851942762985, -23.977233258208301 ], [ 28.910700629130787, -23.977311716862268 ], [ 28.910442835768311, -23.97740698924115 ], [ 28.910265411219832, -23.977433770152413 ], [ 28.910145812179564, -23.977451822243882 ], [ 28.909932851819722, -23.97748544699575 ], [ 28.909736705184883, -23.97749665614581 ], [ 28.909518141149388, -23.977530280897767 ], [ 28.909383640342721, -23.977580719374718 ], [ 28.909198701059275, -23.977681595429338 ], [ 28.909125846080954, -23.977760054083312 ], [ 28.909002552625779, -23.977832909061547 ], [ 28.908912885721122, -23.977832909061544 ], [ 28.908783988590283, -23.97787774206418 ], [ 28.908733551012617, -23.977967409868121 ], [ 28.908666300609326, -23.978068285023369 ], [ 28.908554216304115, -23.978113118925297 ], [ 28.908509383301464, -23.978152349151653 ], [ 28.908492569576481, -23.978242016056221 ], [ 28.908492569576481, -23.9783877251134 ], [ 28.908479681392269, -23.97854669557357 ], [ 28.908475756750853, -23.978595080898295 ], [ 28.908380486170547, -23.978796833007451 ], [ 28.908279610116011, -23.978920125563345 ], [ 28.908173130385737, -23.978976167715949 ], [ 28.908089067156734, -23.978987375966639 ], [ 28.908021815854166, -23.9790490217949 ], [ 28.908017000883962, -23.97905167119773 ], [ 28.907909732448228, -23.979110669421907 ], [ 28.907814460968634, -23.979144294173864 ], [ 28.907752814241, -23.979233961078513 ], [ 28.907696772088389, -23.979334837133052 ], [ 28.907618313434419, -23.979463734263973 ], [ 28.907579084107521, -23.979559005743482 ], [ 28.907382935673933, -23.979833611931674 ], [ 28.907254039442378, -23.979968112738252 ], [ 28.907129695579087, -23.980046189180356 ], [ 28.907013058006243, -23.980119427269734 ], [ 28.906839327872675, -23.980242718926352 ], [ 28.906609554687218, -23.98037161605728 ], [ 28.906284510921452, -23.980528534264504 ], [ 28.905981883657045, -23.980674244221046 ], [ 28.905707276569579, -23.980819953278221 ], [ 28.905449483207097, -23.980999287986815 ], [ 28.905236522847261, -23.981144997043994 ], [ 28.905124439441327, -23.981273894174915 ], [ 28.905017958811769, -23.981385977580853 ], [ 28.904833020427606, -23.981486853635385 ], [ 28.904603248141427, -23.981632563592022 ], [ 28.90446874733485, -23.98175025157289 ], [ 28.904395892356622, -23.981890356954413 ], [ 28.904357047939431, -23.982039551783878 ], [ 28.904345453879671, -23.982136942965575 ], [ 28.904295016302004, -23.982327485924767 ], [ 28.904177328321126, -23.982708571843144 ], [ 28.904104473342816, -23.982938345028597 ], [ 28.904104473342816, -23.983056033009557 ], [ 28.904160514596143, -23.983196139290357 ], [ 28.904199743923034, -23.983437119827215 ], [ 28.904149306345456, -23.983700517764721 ], [ 28.904070847691479, -23.983941499200853 ], [ 28.904020410113901, -23.984104021083741 ], [ 28.903966413918916, -23.984187606772696 ], [ 28.903888445395459, -23.984221974364665 ], [ 28.903688650211148, -23.984260959076035 ], [ 28.903493726654215, -23.984314562267254 ], [ 28.903380187245848, -23.984323077947682 ], [ 28.903298804896011, -23.984329180747103 ], [ 28.903167232281962, -23.984290196935014 ], [ 28.903040532194829, -23.984221974364672 ], [ 28.902884594248718, -23.984217100938466 ], [ 28.902665307158276, -23.984260959076039 ], [ 28.902455765121488, -23.984343801025606 ], [ 28.90229495374918, -23.984407150169844 ], [ 28.90213901580298, -23.984397404216818 ], [ 28.901997697235998, -23.9843291807471 ], [ 28.901807648004624, -23.984304816314232 ], [ 28.901666329437642, -23.984343801025606 ], [ 28.901563994682665, -23.984412023596043 ], [ 28.901442168021635, -23.984519230877844 ], [ 28.901310596307042, -23.9846459300657 ], [ 28.901169276840697, -23.984787248632681 ], [ 28.901008466367664, -23.984816488290306 ], [ 28.900876892854424, -23.984835980196351 ], [ 28.900725828334338, -23.984870090582248 ], [ 28.900594255720371, -23.984977298763337 ], [ 28.900477301586264, -23.985147856088663 ], [ 28.900311617687045, -23.985357397226085 ], [ 28.900126441881863, -23.985527954551511 ], [ 28.899882788559896, -23.985742369115034 ], [ 28.899492944144132, -23.985986022436993 ], [ 28.899263910201384, -23.986146832910016 ], [ 28.899122590735036, -23.98625891361802 ], [ 28.899005638399572, -23.986405105611112 ], [ 28.89890330274531, -23.986604900795598 ], [ 28.89884755377161, -23.986786085409488 ], [ 28.89874736479911, -23.987111700244753 ], [ 28.898654776896521, -23.987399209905636 ], [ 28.898557315567736, -23.987579513183992 ], [ 28.898362392910169, -23.988159407730507 ], [ 28.898245439675335, -23.988432298911537 ], [ 28.898084629202309, -23.988622349042192 ], [ 28.897938437209223, -23.988744174803848 ], [ 28.897777625836827, -23.988822144226592 ], [ 28.897668599226506, -23.988861514747118 ], [ 28.897602195984664, -23.988885494270196 ], [ 28.897348796709679, -23.988909858703067 ], [ 28.897012554585764, -23.988919604656008 ], [ 28.896789501134585, -23.988962499619671 ], [ 28.896759156210145, -23.988968336219767 ], [ 28.896578852931793, -23.989041432216307 ], [ 28.896500884408333, -23.989148638598838 ], [ 28.896408295606463, -23.989255846779923 ], [ 28.896344945562852, -23.989353308108711 ], [ 28.896174389136803, -23.989421530679142 ], [ 28.895998959284647, -23.989436150058275 ], [ 28.895833275385421, -23.989421530679145 ], [ 28.895648097781507, -23.989338688729497 ], [ 28.895423784380142, -23.989254570641975 ], [ 28.895414191311932, -23.98925097335373 ], [ 28.895277746171057, -23.989250973353734 ], [ 28.89511693479875, -23.989328941877194 ], [ 28.894917138714987, -23.989421530679145 ], [ 28.894756328242053, -23.989543357340086 ], [ 28.894571152436782, -23.989616453336723 ], [ 28.894400595111453, -23.989611579910527 ], [ 28.894220290933731, -23.98953848391389 ], [ 28.894044861081486, -23.98940203787382 ], [ 28.893952273178897, -23.989216862068556 ], [ 28.893874303756157, -23.989080416028401 ], [ 28.893752477095216, -23.989046304743141 ], [ 28.89359166572282, -23.989056050696256 ], [ 28.893435727776627, -23.989119400739774 ], [ 28.893289536682815, -23.989202242689338 ], [ 28.893109233404466, -23.989314323397341 ], [ 28.8930215180287, -23.989406911299934 ], [ 28.892987406743526, -23.989514118581734 ], [ 28.892997152696459, -23.989665184001112 ], [ 28.892999456759622, -23.989743515850563 ], [ 28.893002026122655, -23.989830867900249 ], [ 28.8930215180287, -23.990020917131616 ], [ 28.892977660790411, -23.990181727604647 ], [ 28.892885071988545, -23.990298681738842 ], [ 28.892699896183366, -23.990371777735383 ], [ 28.892495227572773, -23.990376651161498 ], [ 28.89244505889236, -23.990367603981692 ], [ 28.892197971059502, -23.990323047070991 ], [ 28.891944571784606, -23.990288935785738 ], [ 28.891666807177472, -23.990279188933435 ], [ 28.891379296617306, -23.990342538977039 ], [ 28.891184373959739, -23.990444872832647 ], [ 28.890979705349231, -23.990591064825825 ], [ 28.890775036738638, -23.990790860909513 ], [ 28.89056549470185, -23.990917560097365 ], [ 28.890346207611501, -23.991019894852254 ], [ 28.890034331719097, -23.991039386758299 ], [ 28.889737075205922, -23.991083244895865 ], [ 28.889547025075174, -23.991092990848887 ], [ 28.88935210331697, -23.991175832798454 ], [ 28.889127941901052, -23.991317151365521 ], [ 28.888884288579092, -23.991390247362066 ], [ 28.888669874015569, -23.991438978026455 ], [ 28.888396982834536, -23.991448723979389 ], [ 28.888046123130135, -23.991424358647244 ], [ 28.887690389100261, -23.99138537393587 ], [ 28.887388259160883, -23.991356136076803 ], [ 28.887100748600716, -23.991370754556652 ], [ 28.886978921939786, -23.99139999421438 ], [ 28.886715776711775, -23.991512074022996 ], [ 28.886462378336159, -23.991663139442291 ], [ 28.886184612829656, -23.99182394991541 ], [ 28.8860043095513, -23.991911665291166 ], [ 28.885824007172225, -23.991965269381669 ], [ 28.885672941752855, -23.991960395955566 ], [ 28.885526749759677, -23.991945775677063 ], [ 28.885356193333717, -23.991862933727404 ], [ 28.885141777870825, -23.991745981391947 ], [ 28.884985839924621, -23.991663139442288 ], [ 28.884781171314028, -23.991643646636962 ], [ 28.884576502703524, -23.991643646636962 ], [ 28.884318230901709, -23.991648520063162 ], [ 28.883967370297938, -23.991682631348421 ], [ 28.883718844449156, -23.991760599871792 ], [ 28.883450825795038, -23.991838569294536 ], [ 28.883251029711268, -23.991882427432099 ], [ 28.883021995768527, -23.99182394991541 ], [ 28.882836819963259, -23.991677757922226 ], [ 28.882593166641385, -23.991458469932503 ], [ 28.882446974648211, -23.991370754556652 ], [ 28.882300782655026, -23.991365882029907 ], [ 28.882130226228977, -23.991365882029918 ], [ 28.881920684192277, -23.991385373935874 ], [ 28.881757164061952, -23.991420771251619 ], [ 28.881706410822211, -23.99125045764254 ], [ 28.881320125023841, -23.991417849354228 ], [ 28.880547554326203, -23.991842762833208 ], [ 28.880084011368051, -23.992048782225503 ], [ 28.87799806805646, -23.992898610982124 ], [ 28.877560278084452, -23.992795600836281 ], [ 28.877225497358911, -23.992718343676682 ], [ 28.876401419789705, -23.992576705850325 ], [ 28.876465801355742, -23.992229048631753 ], [ 28.877328505706004, -23.991340592194614 ], [ 28.877392887271952, -23.990683906337203 ], [ 28.876337039123129, -23.988803982417913 ], [ 28.875847744078115, -23.987761010762032 ], [ 28.875641724685906, -23.986821049252061 ], [ 28.875409954106107, -23.985700820436577 ], [ 28.874869153988261, -23.984593468114117 ], [ 28.87486211319596, -23.9843810968102 ], [ 28.874712847320119, -23.983933297383768 ], [ 28.873757540677975, -23.982052538893573 ], [ 28.873399301136917, -23.981589811620545 ], [ 28.87322287033922, -23.98119460724536 ], [ 28.873026133749171, -23.980753918758328 ], [ 28.87271267505, -23.979888172900829 ], [ 28.872262039161836, -23.980067176658871 ], [ 28.871534248406888, -23.98055892775232 ], [ 28.870590087062936, -23.981680117943053 ], [ 28.870334377429646, -23.982427578669881 ], [ 28.870019656981633, -23.983116030380543 ], [ 28.869527905888184, -23.982978339678674 ], [ 28.868406715697365, -23.982545599399863 ], [ 28.867698594914284, -23.982348898782654 ], [ 28.867029814074687, -23.982230878951935 ], [ 28.866243014303759, -23.982112859121145 ], [ 28.865869283041022, -23.981994839290437 ], [ 28.865475882705866, -23.981837478616786 ], [ 28.865220173072576, -23.981817808645001 ], [ 28.864630072120207, -23.981916159403205 ], [ 28.863921952236325, -23.982034179233999 ], [ 28.863469541086445, -23.982171869036595 ], [ 28.862997460864154, -23.98209318914936 ], [ 28.862505709770705, -23.981994839290426 ], [ 28.86165990008433, -23.981955499346864 ], [ 28.859928938070077, -23.981994839290437 ], [ 28.858906096838982, -23.982191539008372 ], [ 28.857965480622511, -23.982261733791955 ], [ 28.858163999668868, -23.982564999575104 ], [ 28.858410000221422, -23.982942999919558 ], [ 28.858769999735703, -23.983455000148172 ], [ 28.859253000425639, -23.984126999661367 ], [ 28.85950899964071, -23.984506000051901 ], [ 28.860358127825361, -23.985745106651365 ], [ 28.859997857615074, -23.985893453420186 ], [ 28.859736484950854, -23.986006479315581 ], [ 28.85934089386723, -23.986225466931796 ], [ 28.858994752006282, -23.9865574813427 ], [ 28.858860533586878, -23.986854173980976 ], [ 28.858634481795903, -23.987256829239268 ], [ 28.85845081415383, -23.987737190418997 ], [ 28.858309531559669, -23.988189294000758 ], [ 28.858196505664274, -23.988500114988287 ], [ 28.859055921193857, -23.98997900602636 ], [ 28.859088821991591, -23.990044807621832 ], [ 28.858967500749561, -23.990378439013764 ], [ 28.858846181306269, -23.990631190776835 ], [ 28.858805739693185, -23.990853612004678 ], [ 28.85877541005723, -23.991086143410801 ], [ 28.858704639707383, -23.991349005352355 ], [ 28.858674310071429, -23.99172307655871 ], [ 28.85855298882948, -23.992178029192679 ], [ 28.858472109200534, -23.992451001312617 ], [ 28.858229466716558, -23.992825073418437 ], [ 28.858077815838577, -23.993229475160131 ], [ 28.857835175153248, -23.993411455674163 ], [ 28.857713853911218, -23.99360354726587 ], [ 28.857703743732841, -23.993795637958371 ], [ 28.857663303918407, -23.994078719357493 ], [ 28.857450992869047, -23.994361800756522 ], [ 28.857178021648483, -23.994594332162745 ], [ 28.856864609714034, -23.994745983040648 ], [ 28.856480428329196, -23.994826862669594 ], [ 28.855833384103445, -23.995089724611059 ], [ 28.855337991655045, -23.99520093477533 ], [ 28.854923478835509, -23.995322256017275 ], [ 28.854529187272288, -23.995433467080836 ], [ 28.854054015180658, -23.995504237430588 ], [ 28.853305870969191, -23.995706438301479 ], [ 28.852921688685068, -23.995837868822615 ], [ 28.852577947114661, -23.995918749350846 ], [ 28.852143213938266, -23.996019850235932 ], [ 28.851946504327806, -23.996057065081541 ], [ 28.851769141832534, -23.996090619686321 ], [ 28.851405179905182, -23.996222051106738 ], [ 28.851142318863005, -23.996424251977633 ], [ 28.850667145872091, -23.99667700284142 ], [ 28.85037395519387, -23.996788213904978 ], [ 28.850111093252412, -23.996909535146923 ], [ 28.849757242402902, -23.997121846196276 ], [ 28.849342728683993, -23.997263386895799 ], [ 28.849049538005861, -23.997273497074183 ], [ 28.84853392520052, -23.997354376703136 ], [ 28.848018312395268, -23.997475697945074 ], [ 28.847634130111061, -23.997536358116452 ], [ 28.847306154555458, -23.997449104992164 ], [ 28.847240578689835, -23.997490089795811 ], [ 28.847080735887282, -23.997473696054232 ], [ 28.846957780577171, -23.997518779967734 ], [ 28.84684711989868, -23.997617144215855 ], [ 28.846777444923205, -23.997682720980762 ], [ 28.846658587823661, -23.997793380759877 ], [ 28.846547928044544, -23.997805677190335 ], [ 28.846457760217476, -23.997863055735447 ], [ 28.846310212946005, -23.997887646797533 ], [ 28.846150371042828, -23.997908139648942 ], [ 28.846056105005278, -23.997986011944924 ], [ 28.845982330919853, -23.998104869044472 ], [ 28.845855277399171, -23.998108968154405 ], [ 28.845777405103185, -23.998059785130977 ], [ 28.845670842635361, -23.998145853848111 ], [ 28.845572478387233, -23.998236021675091 ], [ 28.84540034005369, -23.99836307609506 ], [ 28.845252792782219, -23.998440948391046 ], [ 28.845117541941114, -23.998469637663689 ], [ 28.845109344620603, -23.998568002811098 ], [ 28.844929009865922, -23.998752435776264 ], [ 28.844719984939399, -23.998920475899233 ], [ 28.844523256443154, -23.999104909763769 ], [ 28.844351117210326, -23.999215570442257 ], [ 28.844178978876784, -23.999309835580444 ], [ 28.84412569764287, -23.999400004306796 ], [ 28.844158486924737, -23.999453283742064 ], [ 28.844240457431209, -23.999514762296396 ], [ 28.844301935086268, -23.999592633693105 ], [ 28.844269146703859, -23.999670505989094 ], [ 28.844150289604226, -23.999752477394932 ], [ 28.844068319097662, -23.999834447002126 ], [ 28.843945362888274, -23.999908221087544 ], [ 28.843818309367503, -23.999969698742596 ], [ 28.843670762096036, -23.9999696987426 ], [ 28.843572396948634, -24.000022979976599 ], [ 28.84359288980005, -24.000092654952084 ], [ 28.843662564775613, -24.000150034396569 ], [ 28.843642071924108, -24.00022790579327 ], [ 28.843498623762493, -24.000289384347603 ], [ 28.843359273811444, -24.000322171830746 ], [ 28.843236317602056, -24.000346762892811 ], [ 28.843150248884925, -24.000445128040226 ], [ 28.843047786426229, -24.000551689608859 ], [ 28.84293302663789, -24.000609069053333 ], [ 28.84282646506934, -24.000596772622977 ], [ 28.842810071327779, -24.000551689608855 ], [ 28.842724001711368, -24.000477916422721 ], [ 28.842609242822309, -24.000477916422724 ], [ 28.842523174105271, -24.000523000336209 ], [ 28.84241251432606, -24.000584477991264 ], [ 28.842318248288596, -24.00063775922526 ], [ 28.84217480012698, -24.000719728832454 ], [ 28.842031351066087, -24.00074022168387 ], [ 28.84178953775697, -24.00074022168387 ], [ 28.841682976188427, -24.000797601128447 ], [ 28.841543626237382, -24.000891867165908 ], [ 28.841428868247693, -24.000990232313409 ], [ 28.841297714717786, -24.001121384944028 ], [ 28.841211646000747, -24.001207453661067 ], [ 28.841121478173672, -24.001232044723146 ], [ 28.841051803198198, -24.001252537574565 ], [ 28.84094114341908, -24.001248439363991 ], [ 28.840924748778232, -24.001314016128987 ], [ 28.840986227332568, -24.001383691104465 ], [ 28.840973930902212, -24.001449266970091 ], [ 28.840953438050796, -24.001527139266084 ], [ 28.840896058606305, -24.001613207983119 ], [ 28.840797694358187, -24.00161730709306 ], [ 28.840728019382617, -24.001650094576284 ], [ 28.840650147086627, -24.001740263302544 ], [ 28.840514896245523, -24.001818134699164 ], [ 28.840355054342343, -24.001941090009371 ], [ 28.840187014219371, -24.001998470353129 ], [ 28.840039466947903, -24.002027158726399 ], [ 28.840002580354835, -24.002100932811828 ], [ 28.840031269627477, -24.002187002428236 ], [ 28.840096846392392, -24.002264873824856 ], [ 28.840133732985457, -24.002330449690575 ], [ 28.840084550861391, -24.002383730924482 ], [ 28.839961594651914, -24.002383730924485 ], [ 28.839850934872796, -24.002400124666053 ], [ 28.839797653638882, -24.002453405899967 ], [ 28.83976896436624, -24.00255996836788 ], [ 28.83966650100826, -24.002629643343361 ], [ 28.839625516204624, -24.002687021888569 ], [ 28.83959272692293, -24.002781287926116 ], [ 28.839461575191589, -24.00283866826997 ], [ 28.839318126130692, -24.002838668269973 ], [ 28.839211563662776, -24.002891948604518 ], [ 28.83910910120408, -24.002990312852635 ], [ 28.838973850362976, -24.00306408693806 ], [ 28.838039749734751, -24.004135802725102 ], [ 28.837544065905924, -24.004499305098911 ], [ 28.836949244412178, -24.00482976098467 ], [ 28.836420514095487, -24.004994988927557 ], [ 28.835792647013079, -24.005325445712778 ], [ 28.835263916696476, -24.005721992775786 ], [ 28.834768232867738, -24.006151586326652 ], [ 28.834239502551053, -24.00671336223192 ], [ 28.833975137842447, -24.007043818117769 ], [ 28.833380316348517, -24.007473411668638 ], [ 28.832884631620502, -24.0079360499088 ], [ 28.832554175734646, -24.008497825813983 ], [ 28.832157627772354, -24.009125692896383 ], [ 28.831860218374445, -24.009555286447334 ], [ 28.831556680996101, -24.010192948945523 ], [ 28.831275846103424, -24.010729087877078 ], [ 28.830905654572312, -24.011290756762971 ], [ 28.830637584656891, -24.011903487356086 ], [ 28.830585427575475, -24.01201783255695 ], [ 28.830305689855738, -24.012631103642594 ], [ 28.830178038285887, -24.013026826027236 ], [ 28.830050385816762, -24.013856564828629 ], [ 28.829744020070475, -24.014175694652621 ], [ 28.829207882038194, -24.014635242822276 ], [ 28.828595151445175, -24.015043729284706 ], [ 28.828033481659915, -24.0154266857929 ], [ 28.827407986989012, -24.015784112346946 ], [ 28.826871848057454, -24.016167067955866 ], [ 28.826233586610822, -24.01671597186467 ], [ 28.825684682702008, -24.017124459226384 ], [ 28.825008127223345, -24.017647833180956 ], [ 28.824637935692227, -24.017966963004941 ], [ 28.824089030884132, -24.018247797897619 ], [ 28.823591187783162, -24.018426511174511 ], [ 28.822883994201071, -24.018696009213421 ], [ 28.822485000082708, -24.018956002317704 ], [ 28.822143999645927, -24.019105999342383 ], [ 28.821373994714111, -24.019396002823253 ], [ 28.820944000065602, -24.019746003675191 ], [ 28.820622996953777, -24.019995999016164 ], [ 28.82009546723209, -24.020132495418331 ], [ 28.819813964143169, -24.020132495418334 ], [ 28.819551873820036, -24.020122788136153 ], [ 28.819221835219583, -24.020132495418334 ], [ 28.81887238205487, -24.0201713227484 ], [ 28.818484100660807, -24.020054838959656 ], [ 28.818192891189071, -24.019977183400336 ], [ 28.817862851689341, -24.019880113276582 ], [ 28.817736660618415, -24.019909234223828 ], [ 28.817591054983311, -24.019967476118161 ], [ 28.817464863912381, -24.020122788136156 ], [ 28.8174581369835, -24.020130997147852 ], [ 28.817290138229311, -24.019996597065326 ], [ 28.817018340623996, -24.019783042253625 ], [ 28.816746543917962, -24.019656851182699 ], [ 28.816397091652529, -24.019588902006276 ], [ 28.816018518439929, -24.01955978105903 ], [ 28.815512998726017, -24.019641991684622 ], [ 28.815293995821317, -24.019695996872763 ], [ 28.815166996259872, -24.019743002637469 ], [ 28.815100001264103, -24.019806001046092 ], [ 28.815029998035993, -24.019908002152587 ], [ 28.815001008389846, -24.019949996894844 ], [ 28.814991001633441, -24.019985003005477 ], [ 28.814970998013262, -24.020051998001332 ], [ 28.814970998013262, -24.020165002313028 ], [ 28.814976998289893, -24.020336001205489 ], [ 28.814986996952413, -24.020481003395659 ], [ 28.814997002809534, -24.020571003049433 ], [ 28.815007997920848, -24.020678996338685 ], [ 28.815025002302121, -24.020820000142962 ], [ 28.81503700285548, -24.020932997260044 ], [ 28.815038997551795, -24.021027998943005 ], [ 28.815035998312712, -24.021077001202684 ], [ 28.815035000964553, -24.021111991125547 ], [ 28.815035000964553, -24.021192000210679 ], [ 28.81503400271712, -24.021235998642428 ], [ 28.81503400271712, -24.02135999896479 ], [ 28.814998998405045, -24.021473003276473 ], [ 28.814948001449142, -24.021608996058315 ], [ 28.814868996906771, -24.021812000023772 ], [ 28.814816006153826, -24.021936000346134 ], [ 28.814641999029114, -24.022147996632711 ], [ 28.81446700175076, -24.022311997900388 ], [ 28.814332995571363, -24.022379999237657 ], [ 28.814198001036967, -24.022453999952102 ], [ 28.81411000417339, -24.02249799838393 ], [ 28.814060993819844, -24.022518002004205 ], [ 28.814027002144499, -24.022531998153248 ], [ 28.813977003436037, -24.022540998568228 ], [ 28.813878001568622, -24.0225689989601 ], [ 28.813779998847927, -24.022574999236827 ], [ 28.813705998133308, -24.022575996584994 ], [ 28.813509999886698, -24.022559001196953 ], [ 28.813388003253809, -24.022534999190885 ], [ 28.813270003208071, -24.022524999629077 ], [ 28.81319600159426, -24.02250399866065 ], [ 28.813073000418704, -24.022456001843025 ], [ 28.812877001272632, -24.022358997369853 ], [ 28.812742005838963, -24.022285003849834 ], [ 28.812660001158132, -24.022218000760091 ], [ 28.812589997930122, -24.022165001013988 ], [ 28.812511998829699, -24.022026 ], [ 28.812427003003855, -24.021876002975155 ], [ 28.812279998023573, -24.021697999263292 ], [ 28.812034001068326, -24.021372000417511 ], [ 28.811916001022684, -24.021200004176887 ], [ 28.811757003582937, -24.021102997905071 ], [ 28.811628001231291, -24.021037000257373 ], [ 28.811562002684397, -24.021037990410925 ], [ 28.811451001162819, -24.021027001594845 ], [ 28.811393995836315, -24.021011002655698 ], [ 28.811204996113776, -24.021018999427294 ], [ 28.811014998143708, -24.021025997052085 ], [ 28.810958999158522, -24.021005999727141 ], [ 28.810824002825569, -24.020996001963894 ], [ 28.81074100079659, -24.021000988704699 ], [ 28.810676998744572, -24.020978001133912 ], [ 28.810590996577321, -24.020955011764396 ], [ 28.810246996002093, -24.020895995553811 ], [ 28.809914996879588, -24.020841010104547 ], [ 28.809877996972006, -24.020835999082102 ], [ 28.809780001445997, -24.020819002794795 ], [ 28.809668999924426, -24.020785003025491 ], [ 28.809570997203821, -24.020739000904175 ], [ 28.809461001124379, -24.020677998990518 ], [ 28.809328000387019, -24.020578998022387 ], [ 28.80924900393844, -24.020519997999557 ], [ 28.809188999372854, -24.020435002173627 ], [ 28.809105997343959, -24.020321996962576 ], [ 28.8090350039623, -24.020209000744767 ], [ 28.80902099971938, -24.020171002589748 ], [ 28.80898499715995, -24.020072999869047 ], [ 28.808989002740351, -24.019995000768716 ], [ 28.808993997574941, -24.019905001114942 ], [ 28.809010003708789, -24.019781000792577 ], [ 28.809008001817862, -24.019701997149483 ], [ 28.8090309983819, -24.019623000700989 ], [ 28.80903699865862, -24.019577996827117 ], [ 28.809061000664688, -24.01948699982518 ], [ 28.80911600320108, -24.01929599731244 ], [ 28.809167996605858, -24.019126003862016 ], [ 28.809188999372854, -24.01905900077227 ], [ 28.80919500684417, -24.019012998650958 ], [ 28.809218004307485, -24.018934003101752 ], [ 28.809216997966168, -24.018854998559366 ], [ 28.809215003269848, -24.018764998905588 ], [ 28.809207000202921, -24.018628998029886 ], [ 28.809200991832409, -24.018538998376108 ], [ 28.809198997136001, -24.01849400259611 ], [ 28.809175003223814, -24.018402996601019 ], [ 28.80916900204781, -24.018290997731377 ], [ 28.809191998611848, -24.018200000729447 ], [ 28.809210000341281, -24.018076998654614 ], [ 28.809225999280521, -24.017976002990149 ], [ 28.809256001563227, -24.017841000361873 ], [ 28.809272007697068, -24.017738999255382 ], [ 28.809287002093551, -24.017614998933102 ], [ 28.809293002370268, -24.017558001700397 ], [ 28.809284001055818, -24.017491006704621 ], [ 28.809311004099619, -24.017366999187658 ], [ 28.809311004099619, -24.017140997758887 ], [ 28.809316996282369, -24.016944002164024 ], [ 28.809293999718339, -24.016892989919548 ], [ 28.809272997850627, -24.01684299930497 ], [ 28.80933499801181, -24.016538002326985 ], [ 28.809319996420729, -24.016474996723765 ], [ 28.809306997619938, -24.016396001174545 ], [ 28.8092520040768, -24.016225998730867 ], [ 28.809206002854761, -24.016129008646821 ], [ 28.80901799958102, -24.015915002375532 ], [ 28.809505280144649, -24.015085975837096 ], [ 28.810049264761826, -24.014063284792801 ], [ 28.810397415708206, -24.012931795565958 ], [ 28.813900677074628, -24.000071995726017 ], [ 28.819122931378196, -23.981163085108285 ], [ 28.821859537787503, -23.971227097252697 ], [ 28.821808182002012, -23.971214257631942 ], [ 28.820926277126041, -23.971312246862723 ], [ 28.819717741180856, -23.971312246862723 ], [ 28.818215236643891, -23.971312246862723 ], [ 28.817072026552765, -23.97085496318601 ], [ 28.815830828130323, -23.970495668740096 ], [ 28.814981586630982, -23.970169036771679 ], [ 28.814093226421317, -23.969609635975957 ], [ 28.813619956395929, -23.969325674140574 ], [ 28.813288665939261, -23.969073263220498 ], [ 28.812831170921832, -23.968710422747812 ], [ 28.812468330449143, -23.968300253653833 ], [ 28.811643999271247, -23.967259997950563 ], [ 28.811433996781627, -23.967100003162667 ], [ 28.811374000309929, -23.967069999980591 ], [ 28.811224003285169, -23.967010002609516 ], [ 28.811144002293915, -23.966949998043926 ], [ 28.811104001348603, -23.966869996153395 ], [ 28.811014000795549, -23.966689996845943 ], [ 28.810964010180964, -23.966630000374234 ], [ 28.810933998905018, -23.966539999821091 ], [ 28.811014000795549, -23.966490001112721 ], [ 28.811104001348603, -23.966459997930645 ], [ 28.811243998811559, -23.966409999222094 ], [ 28.811324000702179, -23.966379996939306 ], [ 28.811433996781627, -23.96631999956832 ], [ 28.811533995097836, -23.966270000859865 ], [ 28.81160399922522, -23.966140000260772 ], [ 28.811544000954957, -23.966049999707717 ], [ 28.81145400220046, -23.965969998716467 ], [ 28.811433996781627, -23.965860002637019 ], [ 28.811393995836315, -23.965749999362977 ], [ 28.811354003884251, -23.965690009186595 ], [ 28.811314002938943, -23.965579996919384 ], [ 28.811293998419298, -23.965500004022015 ], [ 28.811274001993631, -23.965370003422926 ], [ 28.811293998419298, -23.965239994729952 ], [ 28.811243998811559, -23.965160009027191 ], [ 28.811213997428052, -23.965060002617101 ], [ 28.811213997428052, -23.964970002963334 ], [ 28.811184002339861, -23.964760001372987 ], [ 28.811163997820309, -23.964589999828679 ], [ 28.811213997428052, -23.964530003356984 ], [ 28.811303997081822, -23.964440002803919 ], [ 28.811354003884251, -23.964350003150148 ], [ 28.811343997127857, -23.964209996694038 ], [ 28.811354003884251, -23.964130002897289 ], [ 28.811404002592717, -23.964040003243518 ], [ 28.81141400125524, -23.963929999070192 ], [ 28.811393995836315, -23.96387000169921 ], [ 28.811354003884251, -23.963810005227597 ], [ 28.811283999756778, -23.963770004282281 ], [ 28.811203998765528, -23.963719996580569 ], [ 28.811084004023563, -23.963679995635264 ], [ 28.810933998905018, -23.963560001792665 ], [ 28.810914003378624, -23.963439999856103 ], [ 28.81111399911175, -23.963229997366483 ], [ 28.81141400125524, -23.962930004216332 ], [ 28.811643999271247, -23.962779999097698 ], [ 28.811814000815556, -23.962519997899616 ], [ 28.811903999569964, -23.962360003111616 ], [ 28.811944001414549, -23.962209997992979 ], [ 28.811994000123015, -23.962010002259852 ], [ 28.812034001068326, -23.961910003943554 ], [ 28.812064003351118, -23.961849991284094 ], [ 28.812053996594713, -23.961340002838931 ], [ 28.812053996594713, -23.960980004223835 ], [ 28.812023995211206, -23.96051999919856 ], [ 28.812104004296426, -23.960110000975721 ], [ 28.812284003603885, -23.959889992629069 ], [ 28.812594004409807, -23.959570002153885 ], [ 28.812803997906261, -23.95946999574371 ], [ 28.813134002332362, -23.959400000609577 ], [ 28.813274000694598, -23.959210002639509 ], [ 28.813674001154279, -23.958810003079186 ], [ 28.813963995641902, -23.958489997315528 ], [ 28.814234003596386, -23.958120000037994 ], [ 28.814443997992125, -23.957810008225341 ], [ 28.814563999928694, -23.957549998933278 ], [ 28.814724002810483, -23.957310002254843 ], [ 28.814914000780551, -23.957180001655757 ], [ 28.814923999443071, -23.95711999709026 ], [ 28.814923999443071, -23.956989988397297 ], [ 28.814933997206222, -23.956910001795151 ], [ 28.814933997206222, -23.956861001334222 ], [ 28.814954001725862, -23.956709998867421 ], [ 28.815003993239813, -23.956640002833829 ], [ 28.815044001379551, -23.956591002372903 ], [ 28.815103998750619, -23.956550003180137 ], [ 28.815164004215482, -23.956510999582992 ], [ 28.815233999349612, -23.956470998637684 ], [ 28.815274000294931, -23.95644999766925 ], [ 28.815344002623657, -23.956420999929218 ], [ 28.81552400283049, -23.956359998015483 ], [ 28.815603995727866, -23.956331001174725 ], [ 28.815683997618486, -23.956291000229502 ], [ 28.815744003083349, -23.956271002904455 ], [ 28.815823996879999, -23.956200999676451 ], [ 28.815924003290178, -23.95616000228226 ], [ 28.816043997132777, -23.956141003204753 ], [ 28.816194002251407, -23.956081005833767 ], [ 28.816263997385633, -23.956030999031423 ], [ 28.816454003449586, -23.9559509971408 ], [ 28.816603999574973, -23.955910996195581 ], [ 28.816793998444318, -23.955910996195577 ], [ 28.816954001326195, -23.955850998824506 ], [ 28.817254001670939, -23.955741002745064 ], [ 28.817363998649661, -23.955630002122945 ], [ 28.817543997957209, -23.955471011877705 ], [ 28.81768500176149, -23.955373998411297 ], [ 28.818451121622022, -23.954175667073393 ], [ 28.820936658899704, -23.95506670816204 ], [ 28.814706999328664, -23.94045100361096 ], [ 28.82605427438531, -23.935602430208011 ], [ 28.829501983729642, -23.934143331449583 ], [ 28.846488064672506, -23.926916002671462 ], [ 28.847375002154635, -23.926533000297738 ], [ 28.847648397855291, -23.926887153319498 ], [ 28.848266971343723, -23.927514061724587 ], [ 28.849646570033233, -23.928854616347451 ], [ 28.852835267433672, -23.931275422223035 ], [ 28.853459991385527, -23.931509693817329 ], [ 28.853824412866427, -23.931848086220235 ], [ 28.85416280616861, -23.932173462735125 ], [ 28.854423106840915, -23.932459795183448 ] ] ] } },
{ "type": "Feature", "properties": { "Municipali": "Mogalakwena Local Municipality", "WardNo": "15", "WardLabel": "LIM367_15", "Province": "Limpopo", "CLASSIFICATION": "Service centre", "PopGBlack": 13129.205273999998, "PopGColour": 22.527392363000001, "PopGIndian": 45.497270360999998, "PopGWhite": 1.825116798, "PopGOther": 9.209965, "PopGTotal": 13208.265019 }, "geometry": { "type": "Polygon", "coordinates": [ [ [ 28.720052776614441, -23.889202507289912 ], [ 28.720157060200208, -23.889345209913497 ], [ 28.720407003380579, -23.889687237376116 ], [ 28.72089173436607, -23.890171968361685 ], [ 28.721339176761646, -23.890600767811144 ], [ 28.721712047373188, -23.8911600723794 ], [ 28.722084917085276, -23.891775306685041 ], [ 28.722345924624761, -23.892260037670614 ], [ 28.722476429743477, -23.892837985184904 ], [ 28.722513717434101, -23.893229498742389 ], [ 28.722476429743477, -23.89343457744388 ], [ 28.722476429743477, -23.893639655245899 ], [ 28.722681508444875, -23.893807446256684 ], [ 28.722756082027651, -23.894105742386074 ], [ 28.722830655610341, -23.894534541835618 ], [ 28.722774724973686, -23.894888767702486 ], [ 28.72258829101688, -23.895242993569347 ], [ 28.722457785898165, -23.895559934443423 ], [ 28.722457785898165, -23.895876872619567 ], [ 28.72243914295213, -23.896398890396487 ], [ 28.722532360380132, -23.896920908173406 ], [ 28.722793368818902, -23.897592073115689 ], [ 28.722979803675081, -23.898356456385358 ], [ 28.72324081211385, -23.898915760054329 ], [ 28.723166237631798, -23.899269985921105 ], [ 28.723091664948392, -23.899586924996619 ], [ 28.723091664948392, -23.899810646644049 ], [ 28.723203525322511, -23.900053012136787 ], [ 28.723334030441219, -23.900481811586339 ], [ 28.72353910824334, -23.90091061283454 ], [ 28.723744186045373, -23.901413986766144 ], [ 28.72406112602026, -23.901954646589719 ], [ 28.724452638678372, -23.902178369136433 ], [ 28.725086516829318, -23.902793604341344 ], [ 28.725235664894061, -23.902924107661487 ], [ 28.725573761419945, -23.902834924592124 ], [ 28.725771766054237, -23.902744172205807 ], [ 28.725953270826867, -23.902727672344238 ], [ 28.726176026602381, -23.90276067296665 ], [ 28.726357532274296, -23.902744172205807 ], [ 28.726596787911465, -23.902727672344238 ], [ 28.726786543963939, -23.902612168816606 ], [ 28.726959798356106, -23.902570917813637 ], [ 28.727116551987336, -23.902562668332536 ], [ 28.727223805134496, -23.902603919335419 ], [ 28.727256805756998, -23.90270292120292 ], [ 28.727273307417217, -23.902818423831185 ], [ 28.727322807901285, -23.902950428119748 ], [ 28.727413560287602, -23.903024679745133 ], [ 28.727570313918829, -23.90307418112857 ], [ 28.727743569210457, -23.903107181751071 ], [ 28.728081827614325, -23.903107181751071 ], [ 28.728403587055901, -23.903057681267001 ], [ 28.728667593834384, -23.903049430886533 ], [ 28.729261610435003, -23.903148432754048 ], [ 28.729434863927885, -23.903197935036669 ], [ 28.729533866694585, -23.903189683756921 ], [ 28.729608119219424, -23.903065930748106 ], [ 28.729665870083874, -23.902884425975557 ], [ 28.729847374856504, -23.902645170338388 ], [ 28.730004129387105, -23.902480165427328 ], [ 28.730202134920674, -23.902397663421478 ], [ 28.730466141699154, -23.902455415185294 ], [ 28.730697147855143, -23.902504915669361 ], [ 28.730944653872687, -23.902579168194013 ], [ 28.731002405636588, -23.902661670199873 ], [ 28.730985905774936, -23.902777172828308 ], [ 28.730870402247305, -23.902925676978441 ], [ 28.730804401002302, -23.903123683411291 ], [ 28.730804401002302, -23.903239186039642 ], [ 28.730870402247305, -23.903329938425955 ], [ 28.73107665816125, -23.90336293904836 ], [ 28.731307664317328, -23.903354688667985 ], [ 28.731538669573933, -23.903214434898235 ], [ 28.731736676006875, -23.903041179606792 ], [ 28.731868679396072, -23.902909177116875 ], [ 28.732008933165826, -23.902834924592128 ], [ 28.732281190324692, -23.902867926113913 ], [ 28.73278445274034, -23.903065930748106 ], [ 28.733964234661737, -23.903552694201473 ], [ 28.734219991959126, -23.90358569482397 ], [ 28.734368496109255, -23.903593945204438 ], [ 28.734550000881892, -23.903544443821005 ], [ 28.734574751123922, -23.903453691434688 ], [ 28.734517000259391, -23.903321688045491 ], [ 28.73446749797667, -23.903239186039642 ], [ 28.734360244829507, -23.903131932892382 ], [ 28.734310744345443, -23.903049430886536 ], [ 28.734327245106289, -23.902958677600939 ], [ 28.734434497354258, -23.902876175595086 ], [ 28.734657253129775, -23.902818423831182 ], [ 28.735053264196825, -23.902744172205807 ], [ 28.735482274987099, -23.902636919957924 ], [ 28.735787533667828, -23.902496666188163 ], [ 28.736059790826783, -23.902364661899604 ], [ 28.736332047985638, -23.902290410274226 ], [ 28.736827060920195, -23.902108906400958 ], [ 28.737099318079149, -23.90199340197395 ], [ 28.737388075998943, -23.901927400729043 ], [ 28.737586080633147, -23.901869648965143 ], [ 28.737825338068962, -23.90172114481501 ], [ 28.738023342703165, -23.901448887656048 ], [ 28.738246099378046, -23.901160129736169 ], [ 28.738526606917464, -23.900780620329424 ], [ 28.738840115079292, -23.900434110645723 ], [ 28.738922617085144, -23.900318608017368 ], [ 28.738897865943741, -23.900203105389018 ], [ 28.738848364560482, -23.900071101100458 ], [ 28.738840115079292, -23.899972099233036 ], [ 28.738840115079292, -23.899724592316122 ], [ 28.738881366082268, -23.899477085399205 ], [ 28.73896386808811, -23.899270830384534 ], [ 28.738988619229428, -23.899147077375716 ], [ 28.738980368849045, -23.899031573848085 ], [ 28.738930866566331, -23.898874819317481 ], [ 28.738906117223578, -23.898767566170228 ], [ 28.738980368849045, -23.898676813783911 ], [ 28.739120621719437, -23.898536560014247 ], [ 28.739582634930677, -23.898322054619111 ], [ 28.739995145859297, -23.898165300088511 ], [ 28.740646913324447, -23.897967294555031 ], [ 28.741290430409133, -23.897703287776462 ], [ 28.7416204393319, -23.897505283142358 ], [ 28.742173204030184, -23.897059770691865 ], [ 28.742404210186162, -23.896828765435163 ], [ 28.74279196997346, -23.896597759279189 ], [ 28.743064228031788, -23.896391503365148 ], [ 28.743138479657166, -23.896284250217974 ], [ 28.743154980418101, -23.896176997070729 ], [ 28.743072478412252, -23.896110995825815 ], [ 28.742866221598845, -23.896077995203317 ], [ 28.742725968728546, -23.895970742056157 ], [ 28.74265171710308, -23.89589649043068 ], [ 28.742668216964734, -23.89577273742195 ], [ 28.742758969351048, -23.89559123174994 ], [ 28.74279196997346, -23.895467477841848 ], [ 28.742915723881559, -23.895459228360753 ], [ 28.743138479657166, -23.895599482130415 ], [ 28.74354274020531, -23.895739735900168 ], [ 28.743922249612144, -23.895747986280551 ], [ 28.744862774997095, -23.895764486142109 ], [ 28.745679547373232, -23.895731486418974 ], [ 28.745918803909682, -23.895723235139229 ], [ 28.746240561552703, -23.895764486142109 ], [ 28.746587071236398, -23.895797486764611 ], [ 28.746991331784642, -23.895822237906021 ], [ 28.747313000394698, -23.895859003090514 ], [ 28.748129253862, -23.896239832702097 ], [ 28.754608996008407, -23.899263010779389 ], [ 28.766269824193142, -23.904287149832093 ], [ 28.76701293759702, -23.904685247326348 ], [ 28.767676433120965, -23.905242582379305 ], [ 28.7680479898229, -23.905640678974198 ], [ 28.768578785882276, -23.90617147503357 ], [ 28.769189200721126, -23.906675731200075 ], [ 28.769826156352121, -23.907179987366494 ], [ 28.770224252946925, -23.90760462385434 ], [ 28.770914286565169, -23.90818849880025 ], [ 28.77136546384515, -23.908586596294413 ], [ 28.7719227988981, -23.909011232782163 ], [ 28.772559753629729, -23.909382790383479 ], [ 28.773090549689186, -23.909807426871318 ], [ 28.773462107290502, -23.910205522566834 ], [ 28.774125601915074, -23.910656699846815 ], [ 28.775266812813211, -23.911479432929539 ], [ 28.775877227651971, -23.911957150102381 ], [ 28.776593802961735, -23.912567564941149 ], [ 28.77752269471662, -23.913124899994187 ], [ 28.778557746942507, -23.913629156160702 ], [ 28.779433559810958, -23.914186492112933 ], [ 28.780362453364589, -23.914743828065252 ], [ 28.78086670863182, -23.915009226094941 ], [ 28.781715981607316, -23.915195004445955 ], [ 28.782220237773831, -23.915248084231767 ], [ 28.782724493940254, -23.915672719820151 ], [ 28.783334909678388, -23.916309674551862 ], [ 28.783812625951946, -23.916920091189283 ], [ 28.783706467279696, -23.917503966135179 ], [ 28.783653386594516, -23.918034762194551 ], [ 28.783520688029398, -23.918485937675875 ], [ 28.783461577389907, -23.918937581704014 ], [ 28.783240879263289, -23.919510457041937 ], [ 28.782921571373471, -23.919984722616839 ], [ 28.782621045824666, -23.920332205366968 ], [ 28.782306434194677, -23.920980211867249 ], [ 28.782140618994443, -23.921431854996101 ], [ 28.781901760857618, -23.922042269834876 ], [ 28.78166290272079, -23.922546526001376 ], [ 28.781328729937034, -23.923188525030426 ], [ 28.784616888758435, -23.924818789055891 ], [ 28.788336023388833, -23.92664701005155 ], [ 28.788103368775484, -23.926892588821936 ], [ 28.78807751866259, -23.927008916128653 ], [ 28.788090443719078, -23.927164018604593 ], [ 28.788103368775484, -23.927357897149271 ], [ 28.788103368775484, -23.927564700750363 ], [ 28.788232621138604, -23.927719804125658 ], [ 28.788413573727517, -23.927668103000588 ], [ 28.788555752046324, -23.927745654238553 ], [ 28.788646228340866, -23.927849055589416 ], [ 28.788646228340866, -23.927991233009028 ], [ 28.788646228340866, -23.928119748827374 ], [ 28.814706999328664, -23.94045100361096 ], [ 28.820936658899704, -23.95506670816204 ], [ 28.818451121622022, -23.954175667073393 ], [ 28.81768500176149, -23.955373998411297 ], [ 28.817543997957209, -23.955471011877705 ], [ 28.817363998649661, -23.955630002122945 ], [ 28.817254001670939, -23.955741002745064 ], [ 28.816954001326195, -23.955850998824506 ], [ 28.816793998444318, -23.955910996195577 ], [ 28.816603999574973, -23.955910996195581 ], [ 28.816454003449586, -23.9559509971408 ], [ 28.816263997385633, -23.956030999031423 ], [ 28.816194002251407, -23.956081005833767 ], [ 28.816043997132777, -23.956141003204753 ], [ 28.815924003290178, -23.95616000228226 ], [ 28.815823996879999, -23.956200999676451 ], [ 28.815744003083349, -23.956271002904455 ], [ 28.815683997618486, -23.956291000229502 ], [ 28.815603995727866, -23.956331001174725 ], [ 28.81552400283049, -23.956359998015483 ], [ 28.815344002623657, -23.956420999929218 ], [ 28.815274000294931, -23.95644999766925 ], [ 28.815233999349612, -23.956470998637684 ], [ 28.815164004215482, -23.956510999582992 ], [ 28.815103998750619, -23.956550003180137 ], [ 28.815044001379551, -23.956591002372903 ], [ 28.815003993239813, -23.956640002833829 ], [ 28.814954001725862, -23.956709998867421 ], [ 28.814933997206222, -23.956861001334222 ], [ 28.814933997206222, -23.956910001795151 ], [ 28.814923999443071, -23.956989988397297 ], [ 28.814923999443071, -23.95711999709026 ], [ 28.814914000780551, -23.957180001655757 ], [ 28.814724002810483, -23.957310002254843 ], [ 28.814563999928694, -23.957549998933278 ], [ 28.814443997992125, -23.957810008225341 ], [ 28.814234003596386, -23.958120000037994 ], [ 28.813963995641902, -23.958489997315528 ], [ 28.813674001154279, -23.958810003079186 ], [ 28.813274000694598, -23.959210002639509 ], [ 28.813134002332362, -23.959400000609577 ], [ 28.812803997906261, -23.95946999574371 ], [ 28.812594004409807, -23.959570002153885 ], [ 28.812284003603885, -23.959889992629069 ], [ 28.812104004296426, -23.960110000975721 ], [ 28.812023995211206, -23.96051999919856 ], [ 28.812053996594713, -23.960980004223835 ], [ 28.812053996594713, -23.961340002838931 ], [ 28.812064003351118, -23.961849991284094 ], [ 28.812034001068326, -23.961910003943554 ], [ 28.811994000123015, -23.962010002259852 ], [ 28.811944001414549, -23.962209997992979 ], [ 28.811903999569964, -23.962360003111616 ], [ 28.811814000815556, -23.962519997899616 ], [ 28.811643999271247, -23.962779999097698 ], [ 28.81141400125524, -23.962930004216332 ], [ 28.81111399911175, -23.963229997366483 ], [ 28.810914003378624, -23.963439999856103 ], [ 28.810933998905018, -23.963560001792665 ], [ 28.811084004023563, -23.963679995635264 ], [ 28.811203998765528, -23.963719996580569 ], [ 28.811283999756778, -23.963770004282281 ], [ 28.811354003884251, -23.963810005227597 ], [ 28.811393995836315, -23.96387000169921 ], [ 28.81141400125524, -23.963929999070192 ], [ 28.811404002592717, -23.964040003243518 ], [ 28.811354003884251, -23.964130002897289 ], [ 28.811343997127857, -23.964209996694038 ], [ 28.811354003884251, -23.964350003150148 ], [ 28.811303997081822, -23.964440002803919 ], [ 28.811213997428052, -23.964530003356984 ], [ 28.811163997820309, -23.964589999828679 ], [ 28.811184002339861, -23.964760001372987 ], [ 28.811213997428052, -23.964970002963334 ], [ 28.811213997428052, -23.965060002617101 ], [ 28.811243998811559, -23.965160009027191 ], [ 28.811293998419298, -23.965239994729952 ], [ 28.811274001993631, -23.965370003422926 ], [ 28.811293998419298, -23.965500004022015 ], [ 28.811314002938943, -23.965579996919384 ], [ 28.811354003884251, -23.965690009186595 ], [ 28.811393995836315, -23.965749999362977 ], [ 28.811433996781627, -23.965860002637019 ], [ 28.81145400220046, -23.965969998716467 ], [ 28.811544000954957, -23.966049999707717 ], [ 28.81160399922522, -23.966140000260772 ], [ 28.811533995097836, -23.966270000859865 ], [ 28.811433996781627, -23.96631999956832 ], [ 28.811324000702179, -23.966379996939306 ], [ 28.811243998811559, -23.966409999222094 ], [ 28.811104001348603, -23.966459997930645 ], [ 28.811014000795549, -23.966490001112721 ], [ 28.810933998905018, -23.966539999821091 ], [ 28.810964010180964, -23.966630000374234 ], [ 28.811014000795549, -23.966689996845943 ], [ 28.811104001348603, -23.966869996153395 ], [ 28.811144002293915, -23.966949998043926 ], [ 28.811224003285169, -23.967010002609516 ], [ 28.811374000309929, -23.967069999980591 ], [ 28.811433996781627, -23.967100003162667 ], [ 28.811643999271247, -23.967259997950563 ], [ 28.812468330449143, -23.968300253653833 ], [ 28.812831170921832, -23.968710422747812 ], [ 28.813288665939261, -23.969073263220498 ], [ 28.813619956395929, -23.969325674140574 ], [ 28.814093226421317, -23.969609635975957 ], [ 28.814981586630982, -23.970169036771679 ], [ 28.815830828130323, -23.970495668740096 ], [ 28.817072026552765, -23.97085496318601 ], [ 28.818215236643891, -23.971312246862723 ], [ 28.819717741180856, -23.971312246862723 ], [ 28.820926277126041, -23.971312246862723 ], [ 28.821808182002012, -23.971214257631942 ], [ 28.821859537787503, -23.971227097252697 ], [ 28.819122931378196, -23.981163085108285 ], [ 28.813900677074628, -24.000071995726017 ], [ 28.810397415708206, -24.012931795565958 ], [ 28.810049264761826, -24.014063284792801 ], [ 28.809505280144649, -24.015085975837096 ], [ 28.80901799958102, -24.015915002375532 ], [ 28.80888700163386, -24.015794998640317 ], [ 28.808775002764214, -24.015729999240055 ], [ 28.808617002672534, -24.015667999078964 ], [ 28.808543999306163, -24.015644995320343 ], [ 28.808420996331954, -24.015593998364338 ], [ 28.808314000390872, -24.015569996358266 ], [ 28.808279999722281, -24.015559997695753 ], [ 28.808156997647355, -24.015519996750434 ], [ 28.807923001245545, -24.015440003853069 ], [ 28.807676996196413, -24.015351000648167 ], [ 28.807555996911777, -24.015296997258673 ], [ 28.807383999771865, -24.015214999772454 ], [ 28.80721199633664, -24.015135996129356 ], [ 28.807113004361753, -24.015091997697528 ], [ 28.807067002240359, -24.015072998620017 ], [ 28.80698400111083, -24.015045995576305 ], [ 28.806726001803579, -24.014911001041909 ], [ 28.80654199691563, -24.014803997006855 ], [ 28.806355997331451, -24.014626997837667 ], [ 28.806047002866947, -24.014297000606174 ], [ 28.805929002821305, -24.014155996801808 ], [ 28.80591799871674, -24.014092001944302 ], [ 28.805889001875993, -24.013986992605656 ], [ 28.805865998117358, -24.013885997840575 ], [ 28.805882004251107, -24.013817997402665 ], [ 28.805886001737626, -24.01378399673407 ], [ 28.805882004251107, -24.013739000954175 ], [ 28.805878996018954, -24.013671001415641 ], [ 28.805880998809066, -24.013615000631805 ], [ 28.805889001875993, -24.013535996988711 ], [ 28.805904004366351, -24.013411996666346 ], [ 28.805926002682945, -24.013264999779956 ], [ 28.805943996318412, -24.013129997151676 ], [ 28.805976998739563, -24.013061995814404 ], [ 28.805992000330644, -24.013017000034587 ], [ 28.806032991429426, -24.012871001395634 ], [ 28.806075002359535, -24.012723996415357 ], [ 28.806088997609212, -24.012678999736082 ], [ 28.806097998923573, -24.012611000197552 ], [ 28.806098996271732, -24.012515000267054 ], [ 28.806098996271732, -24.012421002227484 ], [ 28.806100001713773, -24.012374002758012 ], [ 28.806100999061933, -24.012328991689628 ], [ 28.80611299961528, -24.012260999345614 ], [ 28.806125999315437, -24.012170998792556 ], [ 28.80612699576432, -24.01207199872378 ], [ 28.806156000698952, -24.011984009954091 ], [ 28.806165002013312, -24.011916998770559 ], [ 28.806174999776463, -24.01184899833256 ], [ 28.806188995925503, -24.011804001653385 ], [ 28.806206000306695, -24.01171299655757 ], [ 28.806233003350496, -24.011554997365266 ], [ 28.806253996224953, -24.011452996258861 ], [ 28.80626299664004, -24.011414000755583 ], [ 28.8062679995686, -24.01138599316911 ], [ 28.806279003673154, -24.011296000709848 ], [ 28.806286998646112, -24.011195005944764 ], [ 28.806287996893634, -24.011036997759302 ], [ 28.806301002889033, -24.010958001310719 ], [ 28.806310004203386, -24.010912998336213 ], [ 28.806308001413186, -24.010878996768334 ], [ 28.806317001828273, -24.010832996445675 ], [ 28.806338003695984, -24.010766000550532 ], [ 28.806376001851092, -24.010670989874313 ], [ 28.806436995670861, -24.010567002165477 ], [ 28.806534999290839, -24.010489003964427 ], [ 28.80663300201153, -24.010424002765514 ], [ 28.806742998990263, -24.01036399820002 ], [ 28.806839996268909, -24.010314996839718 ], [ 28.806987997697977, -24.010248999191926 ], [ 28.80717300083337, -24.010161999676509 ], [ 28.807328998134846, -24.010078997647607 ], [ 28.807486000878274, -24.010000999446561 ], [ 28.807744996634316, -24.009811000577219 ], [ 28.807924995941864, -24.009671999563135 ], [ 28.808062999607781, -24.009597002399719 ], [ 28.80829399587132, -24.009452000209645 ], [ 28.808395996977723, -24.009368998180751 ], [ 28.808537000782003, -24.009185997835566 ], [ 28.80867600179608, -24.009002001041573 ], [ 28.808726998752071, -24.008884999243293 ], [ 28.80878499333285, -24.008658997814511 ], [ 28.80878499333285, -24.008432997285031 ], [ 28.808726998752071, -24.008196998093016 ], [ 28.808639999236661, -24.008016001437312 ], [ 28.808608998706429, -24.007936996894937 ], [ 28.808614001634901, -24.007908998301616 ], [ 28.808499002626981, -24.007722997818163 ], [ 28.808375999652689, -24.007536998233896 ], [ 28.808220999699461, -24.007414003353574 ], [ 28.807988998893244, -24.007259999849129 ], [ 28.807890996172645, -24.007234003146738 ], [ 28.807768001292317, -24.007207001002303 ], [ 28.807510002884346, -24.007151999365288 ], [ 28.807251997281949, -24.007111001071813 ], [ 28.807080001041232, -24.007084006121982 ], [ 28.806919998159451, -24.007099996967337 ], [ 28.806723001665219, -24.007114998558333 ], [ 28.806550998229991, -24.007093996690624 ], [ 28.806483004986692, -24.007080001440951 ], [ 28.8063420011825, -24.007104999895812 ], [ 28.806084002774615, -24.007167998304535 ], [ 28.80587601206836, -24.007211995836997 ], [ 28.805679997633806, -24.00726200263933 ], [ 28.805545002200137, -24.007303000932797 ], [ 28.805483002038947, -24.007311994153195 ], [ 28.805347997612024, -24.007318003423073 ], [ 28.8052009944304, -24.00729400141709 ], [ 28.805126992816497, -24.007281999964377 ], [ 28.805065000749192, -24.007273995998077 ], [ 28.80496699802859, -24.007262002639333 ], [ 28.804795000888678, -24.007244999157422 ], [ 28.804659998260401, -24.007229997566341 ], [ 28.80459900264189, -24.00722099715135 ], [ 28.804550002180953, -24.00721000114067 ], [ 28.804500002573121, -24.00719899793539 ], [ 28.804364999045482, -24.007155996851807 ], [ 28.804230002712522, -24.007114001210173 ], [ 28.804131999991824, -24.007090995652984 ], [ 28.804032991829182, -24.007056995883673 ], [ 28.803948003197846, -24.007027001694762 ], [ 28.803874001583946, -24.007015001141404 ], [ 28.803788000315969, -24.007000996898491 ], [ 28.803616004075348, -24.0069900008879 ], [ 28.803369999026298, -24.007023004208332 ], [ 28.803235010787137, -24.007079003193425 ], [ 28.803173999880237, -24.00710700268602 ], [ 28.802965003731931, -24.007185999134595 ], [ 28.802743000688963, -24.007265002777689 ], [ 28.802643003272035, -24.007285996551524 ], [ 28.802576000182384, -24.007302003584556 ], [ 28.80247900200445, -24.007284001855197 ], [ 28.802284001105821, -24.00720499821211 ], [ 28.802102996356233, -24.007068997336397 ], [ 28.801785000577365, -24.006713004301695 ], [ 28.801558002699718, -24.006441001650895 ], [ 28.801528000416926, -24.006368995632684 ], [ 28.801474003322667, -24.006267002620067 ], [ 28.801435997073675, -24.006187998976976 ], [ 28.801435997073675, -24.006019002874709 ], [ 28.801459999079743, -24.005871997894427 ], [ 28.801465002907587, -24.005803998355894 ], [ 28.801484001985187, -24.005713997802751 ], [ 28.801506997649845, -24.005657000570128 ], [ 28.801537998180077, -24.005568995612673 ], [ 28.801601003783297, -24.005468000847586 ], [ 28.801670001569367, -24.005378001193815 ], [ 28.801707002376315, -24.005288000640764 ], [ 28.801771005327698, -24.005140996559764 ], [ 28.801831001799403, -24.00500600112608 ], [ 28.801853001015182, -24.004916000572944 ], [ 28.801956006664433, -24.004726002602965 ], [ 28.802015996840815, -24.004615999328912 ], [ 28.802012995803178, -24.004565999721173 ], [ 28.80203399767089, -24.004453004402656 ], [ 28.802077997002002, -24.004317999975726 ], [ 28.802111000322437, -24.004228001221321 ], [ 28.802146994787975, -24.004159999884134 ], [ 28.802151997716535, -24.004057998777643 ], [ 28.802145000091745, -24.003865998916744 ], [ 28.802142997301544, -24.003735000969495 ], [ 28.802109993981112, -24.00362900237657 ], [ 28.801971998409076, -24.003357989879326 ], [ 28.801860996887594, -24.003131997443717 ], [ 28.801862002329546, -24.002963001341456 ], [ 28.801922997048774, -24.002736999912678 ], [ 28.801974001199277, -24.002535001389258 ], [ 28.801970002813473, -24.002445001735488 ], [ 28.801887990938141, -24.00233000182811 ], [ 28.801742000393066, -24.002162003973286 ], [ 28.801633998110574, -24.00204800231344 ], [ 28.801512998825935, -24.001928000376964 ], [ 28.801329002031867, -24.001819998094465 ], [ 28.801223003438942, -24.001772002176121 ], [ 28.801164010610631, -24.001778003352211 ], [ 28.801094996636806, -24.001778999800997 ], [ 28.801050008950789, -24.00177899980099 ], [ 28.800985000557358, -24.001778999800994 ], [ 28.800896995599906, -24.001778999801001 ], [ 28.800796998182978, -24.001707001876664 ], [ 28.800656999820742, -24.001570003652787 ], [ 28.80062200180399, -24.001505003353245 ], [ 28.800620997261234, -24.001397001970115 ], [ 28.800610997699437, -24.001217002662564 ], [ 28.800589996731002, -24.001149002224668 ], [ 28.80052900201186, -24.001081999134922 ], [ 28.800049000561003, -24.000793001096181 ], [ 28.799975997194544, -24.000702003194963 ], [ 28.799890999570049, -24.000589997130721 ], [ 28.799859999939102, -24.000499996577663 ], [ 28.799832001345877, -24.000465996808355 ], [ 28.799804998302076, -24.000448003172881 ], [ 28.799828002959988, -24.000296003357931 ], [ 28.799845995696181, -24.000116004050383 ], [ 28.799868003905296, -24.000024998954565 ], [ 28.799938997286965, -23.999857000200365 ], [ 28.800014003443536, -23.99969900010878 ], [ 28.800037000007567, -23.99965599902519 ], [ 28.800092001644593, -23.999556998057063 ], [ 28.800161996778812, -23.999444001839255 ], [ 28.800235001044555, -23.999320002416173 ], [ 28.80031699673204, -23.999184000641179 ], [ 28.800399998761023, -23.999119001240917 ], [ 28.800480997999721, -23.999075999257965 ], [ 28.800564997376771, -23.999041998589366 ], [ 28.800653002334222, -23.999018994830742 ], [ 28.80075699004307, -23.99896300304016 ], [ 28.800827001365054, -23.998873003386375 ], [ 28.800874997283319, -23.998784998428928 ], [ 28.801017995783916, -23.998663000896759 ], [ 28.801220003300582, -23.998459996931299 ], [ 28.801307001916626, -23.998323996055589 ], [ 28.801329002031867, -23.99825600281228 ], [ 28.801345998319178, -23.998199995733223 ], [ 28.801468003045947, -23.997996999861638 ], [ 28.801596998202989, -23.997782003436715 ], [ 28.801522996589085, -23.997591000024695 ], [ 28.801451996012915, -23.997427996105177 ], [ 28.801459999079743, -23.997389000601896 ], [ 28.801460997327268, -23.997332004268557 ], [ 28.801456998941383, -23.997267003969107 ], [ 28.801450001316507, -23.997222997443384 ], [ 28.801431992392548, -23.997144000994901 ], [ 28.801385998365117, -23.997020000672453 ], [ 28.801246000002969, -23.996850997375667 ], [ 28.80116101137164, -23.99677299827524 ], [ 28.801124999818878, -23.996707000627545 ], [ 28.801062003208902, -23.996608989813051 ], [ 28.801028999888469, -23.996567998714177 ], [ 28.801012003601162, -23.99646100367238 ], [ 28.800982997767157, -23.996337004249384 ], [ 28.80097200265585, -23.996292000375501 ], [ 28.800954000926499, -23.996213003927021 ], [ 28.800938001987259, -23.996099998715962 ], [ 28.800924995991778, -23.995964996087697 ], [ 28.800902006622348, -23.995783999432067 ], [ 28.80088500314044, -23.995659999109701 ], [ 28.800867002310362, -23.9955579980032 ], [ 28.800840996614728, -23.995423001670158 ], [ 28.800803995807858, -23.995265001578581 ], [ 28.800795002587297, -23.994993997175214 ], [ 28.800781996591898, -23.994767995746439 ], [ 28.800768001342231, -23.994633001212048 ], [ 28.800740000950359, -23.994519996001078 ], [ 28.800693999728328, -23.994385000567313 ], [ 28.800693999728328, -23.994261997593107 ], [ 28.80068400196518, -23.994116996302406 ], [ 28.80059700964436, -23.993892997663732 ], [ 28.80046700185077, -23.993700997802843 ], [ 28.800380999683423, -23.993576998379847 ], [ 28.800362000605912, -23.993508997042571 ], [ 28.800271003603982, -23.993363995751778 ], [ 28.800148000629772, -23.993185999234516 ], [ 28.800064998600877, -23.992949001794976 ], [ 28.800046000422643, -23.992813000919256 ], [ 28.800023003858616, -23.992633001611793 ], [ 28.799989003189935, -23.992494000597727 ], [ 28.799918002613765, -23.992336997854203 ], [ 28.799778004251525, -23.992087999861315 ], [ 28.799689001945907, -23.991985999654187 ], [ 28.799509999986608, -23.99178499757965 ], [ 28.799351998995654, -23.991611996796262 ], [ 28.799231997059088, -23.991381997880964 ], [ 28.799110996875086, -23.991140995760393 ], [ 28.798842003355801, -23.990786998321308 ], [ 28.798573999090799, -23.990416002796252 ], [ 28.798440001005282, -23.990293998069568 ], [ 28.79830300188204, -23.990188996824802 ], [ 28.798220998100671, -23.990159999984051 ], [ 28.798093000291786, -23.990092995995035 ], [ 28.798064999899822, -23.990079000745364 ], [ 28.798019996925323, -23.990056004181241 ], [ 28.797993001975492, -23.990054001391041 ], [ 28.797946003405393, -23.989970002013987 ], [ 28.797890004420207, -23.989874999431656 ], [ 28.797640999232804, -23.989691999086549 ], [ 28.797389997550432, -23.989509996988801 ], [ 28.797262000640828, -23.989456998141982 ], [ 28.797089996306319, -23.989378999041655 ], [ 28.797017001033829, -23.989350002200897 ], [ 28.796846002141358, -23.989295988918784 ], [ 28.79667500324889, -23.989248001094399 ], [ 28.796626001888498, -23.989239998027482 ], [ 28.796527000920449, -23.989213011171536 ], [ 28.796431998338118, -23.989208000149087 ], [ 28.796384002419853, -23.989198002385944 ], [ 28.796341998684341, -23.989185003585064 ], [ 28.79623600009133, -23.989152001163912 ], [ 28.796118000945054, -23.989109000080322 ], [ 28.79606399575691, -23.989090001002737 ], [ 28.795916998870421, -23.989033003770189 ], [ 28.795721998871254, -23.988944000565208 ], [ 28.795479002054368, -23.988821995838443 ], [ 28.795283002908295, -23.988723011957447 ], [ 28.795221002747112, -23.988684997614566 ], [ 28.7950950014332, -23.988610996899947 ], [ 28.794948003647519, -23.988489000267144 ], [ 28.794872000142696, -23.988421997177493 ], [ 28.794826996268917, -23.988392999437369 ], [ 28.794649997099729, -23.988073999115748 ], [ 28.794474003372581, -23.987754997894843 ], [ 28.794477002611657, -23.987726001054089 ], [ 28.794466000305743, -23.987614002184451 ], [ 28.794463996616265, -23.987502999763688 ], [ 28.794488995970408, -23.987425000663254 ], [ 28.794552001573631, -23.987288003338662 ], [ 28.794643995923725, -23.987074003362615 ], [ 28.794676999244157, -23.986941999973322 ], [ 28.794654002680129, -23.986870999397148 ], [ 28.794633000812411, -23.986780002395221 ], [ 28.794615997330503, -23.986668002626203 ], [ 28.794599001043103, -23.986572009890399 ], [ 28.794615997330503, -23.986452998107385 ], [ 28.794633000812411, -23.986306997669871 ], [ 28.794658000166649, -23.986215004219158 ], [ 28.794670998967529, -23.986170000345183 ], [ 28.794701001250228, -23.986102997255532 ], [ 28.79473299912862, -23.986036998708556 ], [ 28.794744999682059, -23.985990000138454 ], [ 28.794809999981599, -23.985764996957123 ], [ 28.794849002679385, -23.985538996427625 ], [ 28.794865001618536, -23.985482997442354 ], [ 28.794880003209617, -23.985438000763082 ], [ 28.794915998574528, -23.98533999804248 ], [ 28.794980998874067, -23.985186002631924 ], [ 28.795048001963817, -23.985073987574513 ], [ 28.79506000341653, -23.985007998920064 ], [ 28.795088002909036, -23.984919993962521 ], [ 28.795120998135587, -23.98483000240272 ], [ 28.795150003070219, -23.984762001065533 ], [ 28.795178001663533, -23.984672002311036 ], [ 28.795188001225331, -23.984592996869292 ], [ 28.795194998850118, -23.984490996662171 ], [ 28.795225001133005, -23.984332995671299 ], [ 28.795259000902224, -23.984220996801561 ], [ 28.795343001178558, -23.984030002382713 ], [ 28.795426999656335, -23.983838001622441 ], [ 28.795448002423409, -23.9837490074108 ], [ 28.795464997811443, -23.98367700139249 ], [ 28.795433998180496, -23.983569000009364 ], [ 28.795303000233336, -23.983264003031294 ], [ 28.795213997927718, -23.98307698991119 ], [ 28.795201997374281, -23.982992997728644 ], [ 28.795151000418379, -23.982845993647654 ], [ 28.795110002124908, -23.98275600208785 ], [ 28.795054002240445, -23.982642996876795 ], [ 28.794993000326791, -23.982530000659086 ], [ 28.794816997606397, -23.982286995748304 ], [ 28.79464600680781, -23.982071999323285 ], [ 28.794556997307591, -23.982007996371905 ], [ 28.794474003372581, -23.981956002067843 ], [ 28.794422000974638, -23.981960996902526 ], [ 28.794323000905781, -23.9819650033822 ], [ 28.794269993965081, -23.981951997386812 ], [ 28.794127002659081, -23.98183399734117 ], [ 28.793954998324573, -23.981708002322481 ], [ 28.793880996710669, -23.981662998448698 ], [ 28.793685996711414, -23.981560998241481 ], [ 28.793491003906755, -23.981454998749182 ], [ 28.793380002385266, -23.981294995867401 ], [ 28.793321999710514, -23.981185997136109 ], [ 28.793279995975091, -23.981154000157009 ], [ 28.793142000403055, -23.981107000687533 ], [ 28.792956998166947, -23.981086997067258 ], [ 28.792845995746184, -23.981074006360352 ], [ 28.79281300141891, -23.981066999742314 ], [ 28.792698999759068, -23.981042997736147 ], [ 28.7925830034029, -23.981030997182799 ], [ 28.79247100363397, -23.98107699121023 ], [ 28.792042995587817, -23.981051999050507 ], [ 28.792010991414191, -23.981069003431791 ], [ 28.791851011914765, -23.981092997343985 ], [ 28.791721003221802, -23.981094002786016 ], [ 28.791619003014585, -23.981064997851387 ], [ 28.791462996719943, -23.980989998889328 ], [ 28.791347000363874, -23.980881000158035 ], [ 28.791167001056326, -23.980587997438182 ], [ 28.791089001955896, -23.980475000321007 ], [ 28.790944998013266, -23.980294002766012 ], [ 28.790785003225352, -23.980149998823379 ], [ 28.790546002995708, -23.979904001868217 ], [ 28.790355997831121, -23.979694996726757 ], [ 28.790175001175413, -23.979544999701996 ], [ 28.789999995803178, -23.979404003991608 ], [ 28.789960003851114, -23.979333010610031 ], [ 28.789841995711591, -23.979129998550597 ], [ 28.78968999589663, -23.978878001318719 ], [ 28.789577997026992, -23.978723998713559 ], [ 28.789496001339415, -23.978661998552383 ], [ 28.789357996774221, -23.978552001573654 ], [ 28.789279997673791, -23.978463000167316 ], [ 28.789266999772284, -23.978417996293537 ], [ 28.789250011578854, -23.978316011374812 ], [ 28.789158999288439, -23.978195003996198 ], [ 28.789015001641033, -23.978105004342513 ], [ 28.78887500417817, -23.978022002313619 ], [ 28.788690001042777, -23.977817002752463 ], [ 28.78853899857598, -23.977735996319176 ], [ 28.788361999406792, -23.977635000654718 ], [ 28.788337000052561, -23.977579000770259 ], [ 28.788358001920272, -23.977455001347263 ], [ 28.788377000997873, -23.977318999572169 ], [ 28.78838399862266, -23.977216999365048 ], [ 28.788387006854901, -23.977164997866389 ], [ 28.788353996339961, -23.977133998235434 ], [ 28.788213997078358, -23.977076002755378 ], [ 28.788076998854478, -23.977014002594192 ], [ 28.78804799391985, -23.97697599724448 ], [ 28.78803099763245, -23.976937001741295 ], [ 28.788001999892419, -23.976817989059015 ], [ 28.787953995880269, -23.976659997061216 ], [ 28.787786006119326, -23.976470997338673 ], [ 28.787666011377365, -23.976351999944871 ], [ 28.787629999824691, -23.976280999368612 ], [ 28.787589002430586, -23.976146003035659 ], [ 28.787562000286155, -23.976032998723969 ], [ 28.787545003998755, -23.975998998954655 ], [ 28.787512000678323, -23.975957003313024 ], [ 28.787372002316086, -23.975868998355658 ], [ 28.787273002247318, -23.97581400391314 ], [ 28.78723900067936, -23.975700002253305 ], [ 28.787215996920814, -23.975610001700247 ], [ 28.787202998119934, -23.975496998287838 ], [ 28.787184989195985, -23.975384002070026 ], [ 28.787170002893387, -23.975338998196253 ], [ 28.787152002063316, -23.97524800119432 ], [ 28.78703700305531, -23.97503900414674 ], [ 28.786939996783495, -23.97490300327102 ], [ 28.786823003079171, -23.974801998613405 ], [ 28.786592996069906, -23.974650997045885 ], [ 28.786458000636319, -23.974593999813269 ], [ 28.7863839999217, -23.974568003110882 ], [ 28.786309999207162, -23.974553998867961 ], [ 28.786262002389531, -23.974556001658165 ], [ 28.785925000338562, -23.97442499561712 ], [ 28.785831003198265, -23.974407002880842 ], [ 28.785639002438085, -23.97433399861519 ], [ 28.785505004352476, -23.974292003872922 ], [ 28.785364996997082, -23.974243998961406 ], [ 28.785233999049833, -23.974247997347213 ], [ 28.785060998266449, -23.974262998039013 ], [ 28.784986996652634, -23.974321000713676 ], [ 28.784918996214735, -23.974364001797252 ], [ 28.784865000019838, -23.974405000090741 ], [ 28.784734991326875, -23.974445998384112 ], [ 28.784676996745997, -23.974430996793124 ], [ 28.784545998798848, -23.974405000090737 ], [ 28.784446997830706, -23.974364001797252 ], [ 28.784384997669616, -23.974296001359352 ], [ 28.784343002927262, -23.97419400025295 ], [ 28.784329996032596, -23.974014000945402 ], [ 28.78431699813099, -23.973866995965121 ], [ 28.784307996816629, -23.97376999868656 ], [ 28.784298996401638, -23.973639000739311 ], [ 28.784263001036731, -23.973555998710328 ], [ 28.784188002974041, -23.973508002792158 ], [ 28.784132003089482, -23.973487998272514 ], [ 28.783980003274532, -23.973490001062711 ], [ 28.783797002929429, -23.973483003437924 ], [ 28.783686998756011, -23.973483003437927 ], [ 28.783596001754081, -23.973484000785994 ], [ 28.783290996682211, -23.973391998342027 ], [ 28.783206998204445, -23.97332900083277 ], [ 28.783088999058165, -23.973195001847884 ], [ 28.783007001571853, -23.973003010080863 ], [ 28.782966004177837, -23.972873001387988 ], [ 28.782951002586756, -23.972665999935924 ], [ 28.782943996867996, -23.972457002888429 ], [ 28.783029000787813, -23.972371000721179 ], [ 28.783209998342802, -23.972251005979206 ], [ 28.783308999310936, -23.972203001966971 ], [ 28.78349298801103, -23.972061998162701 ], [ 28.783692999932015, -23.971893002060437 ], [ 28.783832999193621, -23.971754998394516 ], [ 28.784011010999361, -23.971568000562812 ], [ 28.784315991789676, -23.971261999042063 ], [ 28.784607000712587, -23.970966009673671 ], [ 28.784885003640017, -23.970704005685295 ], [ 28.784988002094675, -23.970644999367245 ], [ 28.785110988881033, -23.970597003448979 ], [ 28.785185005783415, -23.970578004371387 ], [ 28.785296996559183, -23.97055199867583 ], [ 28.785382998726433, -23.970536997984116 ], [ 28.785528998264674, -23.970532999598319 ], [ 28.785675004997504, -23.970524989336795 ], [ 28.785699997157135, -23.970514997868879 ], [ 28.785760999070881, -23.970533996946394 ], [ 28.785838998171304, -23.970545998399114 ], [ 28.785996000914732, -23.97053099680803 ], [ 28.786253999322611, -23.970482002642321 ], [ 28.786414002204491, -23.970449997569332 ], [ 28.78651300317263, -23.970434996877621 ], [ 28.786706997729844, -23.970343999875695 ], [ 28.786877996622312, -23.97026300063699 ], [ 28.787075001210418, -23.970155996602031 ], [ 28.787217999710926, -23.970067002390202 ], [ 28.787282001763032, -23.970049998009014 ], [ 28.787486003975935, -23.969969997017763 ], [ 28.787767996296093, -23.969800992821522 ], [ 28.787912997586801, -23.96967600324497 ], [ 28.787914003028842, -23.969645002714739 ], [ 28.787943000768873, -23.969590999325153 ], [ 28.788008009162386, -23.969478999556223 ], [ 28.788064998301042, -23.969388999902453 ], [ 28.788134004180982, -23.969264002231931 ], [ 28.788231000560266, -23.969094998935063 ], [ 28.78831500083669, -23.969005995730171 ], [ 28.788348003257752, -23.968976998889417 ], [ 28.788384995970819, -23.968880000711476 ], [ 28.788420999429611, -23.968731001934167 ], [ 28.788384995970819, -23.968573001842582 ], [ 28.788349000605908, -23.968459996631609 ], [ 28.788244996709306, -23.968279998223341 ], [ 28.78809200044547, -23.968090000253277 ], [ 28.788007002820979, -23.967992004727275 ], [ 28.787995002267532, -23.967913001084177 ], [ 28.788015996041459, -23.967745002329977 ], [ 28.788083997378642, -23.967587002238393 ], [ 28.788137004319342, -23.967485001131895 ], [ 28.788170995994768, -23.967429002146712 ], [ 28.78832299580964, -23.967182997097673 ], [ 28.788501997769028, -23.966892010657748 ], [ 28.788630003671798, -23.966667000281912 ], [ 28.78880300535446, -23.966385997216022 ], [ 28.788897003394037, -23.966239997677789 ], [ 28.788920997306228, -23.966171998139163 ], [ 28.788975998943247, -23.966106996940344 ], [ 28.789127001410048, -23.965904999316297 ], [ 28.789241003069893, -23.965727999247825 ], [ 28.789263999633924, -23.96565500397524 ], [ 28.789278003876845, -23.965565004321462 ], [ 28.789303003231076, -23.96547499567453 ], [ 28.789347999010975, -23.965340001140138 ], [ 28.789465000809184, -23.965102995606802 ], [ 28.789582002607393, -23.96489399855923 ], [ 28.789626999286575, -23.96475499844443 ], [ 28.789676000646963, -23.964550997130814 ], [ 28.789726000254706, -23.964378999990906 ], [ 28.789759001776581, -23.964277997131937 ], [ 28.789713000554542, -23.964170003842604 ], [ 28.789704000139555, -23.964143999046332 ], [ 28.789668994928203, -23.964034002966883 ], [ 28.789663001846083, -23.963982000568851 ], [ 28.789651001292732, -23.963877000223462 ], [ 28.789660001707812, -23.96376699605004 ], [ 28.789661997303412, -23.96351900439856 ], [ 28.789657998917523, -23.963350000202322 ], [ 28.789645998364172, -23.963210000940808 ], [ 28.789664000093612, -23.963157999442149 ], [ 28.789676000646963, -23.96302300400847 ], [ 28.789670996819122, -23.962938007283249 ], [ 28.789710997764342, -23.962879997413989 ], [ 28.789713000554542, -23.962773997921694 ], [ 28.789731999632142, -23.962649997599335 ], [ 28.78975399884802, -23.96258300260347 ], [ 28.789777011599895, -23.962504996308532 ], [ 28.789788988770887, -23.962437003964606 ], [ 28.789785988632527, -23.962385998914733 ], [ 28.790069001683118, -23.961639996888351 ], [ 28.790076997555442, -23.96147099269221 ], [ 28.790089996356322, -23.96133499991037 ], [ 28.790094001936634, -23.961176998919417 ], [ 28.790100999561599, -23.961132003139422 ], [ 28.790100999561599, -23.960996999611869 ], [ 28.790104997947402, -23.960890003670695 ], [ 28.790085998869802, -23.960860998736145 ], [ 28.790076997555442, -23.960793006392127 ], [ 28.790070997278722, -23.960702998644472 ], [ 28.790054000991411, -23.96059000242666 ], [ 28.789999995803178, -23.960296997908152 ], [ 28.789986000553512, -23.960116001252437 ], [ 28.789983997763311, -23.959964998785644 ], [ 28.789945999608193, -23.959906997010346 ], [ 28.789968006918034, -23.959778000953946 ], [ 28.789986997901671, -23.959611000447353 ], [ 28.789980000276874, -23.959438996112763 ], [ 28.789986000553512, -23.959214001025309 ], [ 28.790014000046099, -23.959056000933721 ], [ 28.79004400322826, -23.95895399982723 ], [ 28.79010699983823, -23.958751003955648 ], [ 28.790175001175413, -23.958513999321596 ], [ 28.790211003734928, -23.95837900388792 ], [ 28.790221002397359, -23.958255003565558 ], [ 28.790224999883879, -23.958097002574597 ], [ 28.790236003089159, -23.9580410035895 ], [ 28.79024699909975, -23.957905002713787 ], [ 28.79025999790063, -23.957760997871787 ], [ 28.790283001659258, -23.95760400412151 ], [ 28.790306995571456, -23.957468999694594 ], [ 28.790332003918842, -23.957344002024065 ], [ 28.790357003273161, -23.957230997712379 ], [ 28.790377997046999, -23.957202998219874 ], [ 28.790373998661195, -23.957074003062832 ], [ 28.790376999698839, -23.956917000319315 ], [ 28.790348001958808, -23.956758002879571 ], [ 28.790320003365494, -23.956668999674584 ], [ 28.790274001244182, -23.956535001589064 ], [ 28.790209000944728, -23.95637700959136 ], [ 28.790166998108493, -23.956297997854378 ], [ 28.790149003573749, -23.956263998085074 ], [ 28.790076997555442, -23.956152006410029 ], [ 28.789622003552701, -23.955692998732918 ], [ 28.789242997766124, -23.955329999979547 ], [ 28.789065998597025, -23.955202998619452 ], [ 28.788866002863806, -23.955047002217338 ], [ 28.788596003003207, -23.954832994147331 ], [ 28.788364002196992, -23.95465300293375 ], [ 28.788231998807799, -23.954496000190233 ], [ 28.788070997678478, -23.954272998899814 ], [ 28.787982004366114, -23.954048003812279 ], [ 28.787930001968082, -23.953896003997414 ], [ 28.787865999016699, -23.953798998624883 ], [ 28.787793003744206, -23.953705998832831 ], [ 28.787701001300231, -23.953637001046776 ], [ 28.787618996619493, -23.953575000885586 ], [ 28.787429995997591, -23.953442989402419 ], [ 28.787178996113866, -23.953321997312386 ], [ 28.786908997152544, -23.953209998442652 ], [ 28.786774000819587, -23.95316500266275 ], [ 28.786625999390431, -23.953143003446879 ], [ 28.786368998330619, -23.953181000702614 ], [ 28.786082011175953, -23.95325199408428 ], [ 28.785829000408153, -23.953392997888567 ], [ 28.785627000985365, -23.95353100155447 ], [ 28.785419002185314, -23.953696000170321 ], [ 28.785311000802096, -23.953774996618804 ], [ 28.785190000618094, -23.953896003997414 ], [ 28.784979999027755, -23.95409699797807 ], [ 28.784865000019838, -23.95417200413474 ], [ 28.784721003271709, -23.954197002589677 ], [ 28.784575011827361, -23.954210002289852 ], [ 28.784461010167512, -23.954172004134737 ], [ 28.784300999191839, -23.954090996802076 ], [ 28.784167990360515, -23.95394900284424 ], [ 28.784110003873611, -23.953887010776938 ], [ 28.784065997347991, -23.953838998670822 ], [ 28.78403000198308, -23.953776999409005 ], [ 28.783996998662559, -23.953649998948372 ], [ 28.783966997279141, -23.953491998856691 ], [ 28.783931999262382, -23.953177993369749 ], [ 28.783916000323142, -23.953054997590051 ], [ 28.783912002836711, -23.952926003332383 ], [ 28.783876821358273, -23.952238951866164 ], [ 28.783825120233207, -23.951825344663902 ], [ 28.783786344164533, -23.951398812405234 ], [ 28.783708792926483, -23.950920579021496 ], [ 28.783695867870076, -23.950093364617054 ], [ 28.783579540563359, -23.949421252688726 ], [ 28.7834761392125, -23.948930095147769 ], [ 28.783321035837197, -23.948619889296452 ], [ 28.783049606953831, -23.948374309626708 ], [ 28.782816953239845, -23.948335533558033 ], [ 28.78248089727564, -23.948361384570294 ], [ 28.782222393448759, -23.948477711876929 ], [ 28.781988000445885, -23.948655000627806 ], [ 28.78171830905276, -23.948943020204261 ], [ 28.781485655338773, -23.949227375043321 ], [ 28.781175448588172, -23.949434177745122 ], [ 28.780787693297455, -23.949653907301983 ], [ 28.780555038684192, -23.949783158765829 ], [ 28.780335310026608, -23.949847784947298 ], [ 28.779969999116201, -23.949851001822335 ], [ 28.779870999047432, -23.949846997141211 ], [ 28.779758001930261, -23.949793998294389 ], [ 28.779597001700314, -23.949690001592298 ], [ 28.779365918202554, -23.949602206176916 ], [ 28.779081563363505, -23.949382476620059 ], [ 28.778758433355062, -23.949072271668015 ], [ 28.778487002673131, -23.948671590421522 ], [ 28.778215572890389, -23.948283833332241 ], [ 28.777931218051339, -23.948051178718892 ], [ 28.777440059611109, -23.947766824779119 ], [ 28.777104003646897, -23.947469543984294 ], [ 28.776845499820016, -23.947249816226073 ], [ 28.776651621275334, -23.947004235656955 ], [ 28.77662577116244, -23.946823283068042 ], [ 28.776668997975946, -23.946419002734835 ], [ 28.776676003694618, -23.946091999346283 ], [ 28.776671998114306, -23.94587799937015 ], [ 28.776684996015813, -23.945607002161392 ], [ 28.776690997191817, -23.945427002853926 ], [ 28.776690997191817, -23.945282000663845 ], [ 28.776677998390937, -23.945126004261656 ], [ 28.776677001042778, -23.944934002602196 ], [ 28.776686998806014, -23.944731006730613 ], [ 28.776705001434738, -23.944144002143986 ], [ 28.776700994954965, -23.943952998731881 ], [ 28.776683998667654, -23.943637005743302 ], [ 28.776658010059148, -23.943242001017573 ], [ 28.776623994102163, -23.943124001871212 ], [ 28.776615998229754, -23.943094996936576 ], [ 28.776553000720504, -23.942960997951698 ], [ 28.77632099991429, -23.942635000005279 ], [ 28.776181000652688, -23.942454999798446 ], [ 28.776062004158248, -23.942291996778213 ], [ 28.775759001876491, -23.941958002959478 ], [ 28.77545399680454, -23.941623002799336 ], [ 28.775065001348786, -23.941285003400196 ], [ 28.774803314821138, -23.941252511793998 ], [ 28.774518959982082, -23.941265436850394 ], [ 28.774273380312323, -23.941394690112883 ], [ 28.774105351880536, -23.941523941576634 ], [ 28.773885624122322, -23.94162734382687 ], [ 28.773355689613425, -23.941782446302884 ], [ 28.772942082411252, -23.941872922597348 ], [ 28.772709427797896, -23.941821222371555 ], [ 28.77255432622125, -23.941653193939764 ], [ 28.77255432622125, -23.941459316294452 ], [ 28.772528475208983, -23.941200810668924 ], [ 28.772386297789463, -23.940981082910618 ], [ 28.772218270257039, -23.940748428297354 ], [ 28.771946839575016, -23.940541624696177 ], [ 28.771533233272127, -23.940192643675566 ], [ 28.771197177307911, -23.93999876603025 ], [ 28.770990373706823, -23.939779037372759 ], [ 28.770899897412367, -23.939623933997368 ], [ 28.77088697235596, -23.939417131295649 ], [ 28.770753997698904, -23.938511002280986 ], [ 28.770718002333986, -23.938388996654936 ], [ 28.770670006415727, -23.938266001774608 ], [ 28.770493995601448, -23.937904997717471 ], [ 28.770396000974724, -23.937740997349163 ], [ 28.770178004411431, -23.937454001201257 ], [ 28.76995800415866, -23.937231000810037 ], [ 28.769835009278339, -23.93715399995714 ], [ 28.76968799620418, -23.937083995829756 ], [ 28.769509002338584, -23.93702300200998 ], [ 28.769429997796209, -23.937029002286621 ], [ 28.769318997174004, -23.937050004154415 ], [ 28.769270003008302, -23.937054001640938 ], [ 28.769147998281532, -23.937054001640931 ], [ 28.769000004046976, -23.937045001225858 ], [ 28.768877001072774, -23.937033997121294 ], [ 28.768778998352165, -23.937008997767066 ], [ 28.768666998583154, -23.936988003993143 ], [ 28.768471997684614, -23.936980000926312 ], [ 28.768362001605173, -23.93701300334746 ], [ 28.768232001905368, -23.937027996844574 ], [ 28.767956001768127, -23.937150998919503 ], [ 28.767680998978967, -23.937278000279512 ], [ 28.767479001354921, -23.937414997604101 ], [ 28.767275997389454, -23.937550999379187 ], [ 28.766989001241452, -23.937658003414153 ], [ 28.766682000573901, -23.937758000831082 ], [ 28.766500996723682, -23.93780500030055 ], [ 28.766295998061906, -23.937848997833012 ], [ 28.766233997900716, -23.937858995596166 ], [ 28.765963998040117, -23.937854000761575 ], [ 28.765817002053002, -23.937829002306621 ], [ 28.765621002907018, -23.937780000046949 ], [ 28.765448998572516, -23.937731996034799 ], [ 28.765209002793352, -23.937585997395939 ], [ 28.764679999982103, -23.937157997443659 ], [ 28.764267998969064, -23.93680200440896 ], [ 28.764038000053688, -23.936611000996855 ], [ 28.763648995604765, -23.93627200424956 ], [ 28.763406997035318, -23.936022008908594 ], [ 28.763299002846708, -23.935913002083435 ], [ 28.763126999411561, -23.935752001853405 ], [ 28.762956997867171, -23.93560199673475 ], [ 28.762712995608322, -23.935409995974577 ], [ 28.762640000335832, -23.935355998880226 ], [ 28.762524003080294, -23.935265001878381 ], [ 28.762398998215264, -23.935161988135253 ], [ 28.762290996832046, -23.935061997912921 ], [ 28.762132995841093, -23.934913995584488 ], [ 28.761933000107955, -23.9347220029181 ], [ 28.761800996718673, -23.934602999229067 ], [ 28.761610998748694, -23.934363001651253 ], [ 28.761412001262912, -23.934094000038087 ], [ 28.761246005299011, -23.933858000846083 ], [ 28.76108399872756, -23.93363899794138 ], [ 28.760718989090112, -23.932969996767987 ], [ 28.760352000044826, -23.932271997854468 ], [ 28.76026598978369, -23.932035998662379 ], [ 28.760187998777152, -23.931821998686321 ], [ 28.760144001244687, -23.931607998710184 ], [ 28.760057999077436, -23.931213002977707 ], [ 28.76001000315917, -23.930987002448209 ], [ 28.759976999838734, -23.930879998413253 ], [ 28.759986001153099, -23.930829998805404 ], [ 28.759973999700378, -23.930696000719902 ], [ 28.759949000346147, -23.930537999728948 ], [ 28.759899998985844, -23.930278996778306 ], [ 28.759838996172824, -23.930020999269701 ], [ 28.759778000554313, -23.929818001599553 ], [ 28.759722998917287, -23.929660999755317 ], [ 28.759655995827544, -23.929481000447861 ], [ 28.759620998710158, -23.929347998811132 ], [ 28.759528996266187, -23.929177000817951 ], [ 28.759375000855627, -23.929013988804552 ], [ 28.759279000925137, -23.928937004139424 ], [ 28.759180998204531, -23.928907000957349 ], [ 28.759006999173703, -23.928886997337074 ], [ 28.758869992855949, -23.928923997244656 ], [ 28.758706997030309, -23.929065999296466 ], [ 28.758556002657393, -23.929208997797058 ], [ 28.758482001942856, -23.929239998327294 ], [ 28.758163998070113, -23.929363997750372 ], [ 28.758067000791545, -23.929394000932447 ], [ 28.757797001830227, -23.929483003238058 ], [ 28.757723000216323, -23.929496999387013 ], [ 28.757518998902796, -23.929561998787186 ], [ 28.757233001002231, -23.929614001185229 ], [ 28.756988001395229, -23.929657998717687 ], [ 28.75694699500788, -23.929664997241836 ], [ 28.756914998028762, -23.929645998164329 ], [ 28.756793007691201, -23.929619004113782 ], [ 28.756687999251831, -23.929611001046858 ], [ 28.756448999921464, -23.929533999294595 ], [ 28.755984000061606, -23.929338999295428 ], [ 28.755568001562128, -23.929080999988177 ], [ 28.755286009241971, -23.928879998812917 ], [ 28.754997999558135, -23.928576997430529 ], [ 28.754738996607401, -23.928318000775121 ], [ 28.754657000020551, -23.928188998423565 ], [ 28.754626997737848, -23.928145997339897 ], [ 28.754460005325065, -23.927940997778837 ], [ 28.754411003065393, -23.927875000131127 ], [ 28.754260000598592, -23.927701999347825 ], [ 28.754015999239027, -23.927330995728887 ], [ 28.75380799864033, -23.927012002601867 ], [ 28.753754003344628, -23.926859995592309 ], [ 28.753730997787347, -23.926789003110017 ], [ 28.753708001223316, -23.926718999881921 ], [ 28.753736998963436, -23.926641998129739 ], [ 28.753695999770596, -23.926489991120185 ], [ 28.753650995896813, -23.926287002443289 ], [ 28.753621999056065, -23.926175002674277 ], [ 28.753600998087631, -23.926085003919788 ], [ 28.753578997972475, -23.925974002398302 ], [ 28.753556990662634, -23.925894997855927 ], [ 28.753532996750447, -23.925842996357261 ], [ 28.753510000186417, -23.925792996749436 ], [ 28.753512002976617, -23.925745000831078 ], [ 28.753514005766817, -23.925696996818932 ], [ 28.753470996589265, -23.925599998641001 ], [ 28.753425004360484, -23.925435000924534 ], [ 28.753407999979292, -23.925321989418332 ], [ 28.753364000648176, -23.925140999957229 ], [ 28.75323799843498, -23.924746011419263 ], [ 28.753165999611277, -23.924487006669974 ], [ 28.753113998112529, -23.924285998300196 ], [ 28.753094001686858, -23.924229999315017 ], [ 28.753039997397991, -23.924093000191863 ], [ 28.752986001203013, -23.92394700065363 ], [ 28.752933998805069, -23.923733000677402 ], [ 28.752892003163439, -23.923587002038531 ], [ 28.752831000350419, -23.923408000079146 ], [ 28.7527889966149, -23.92329500296205 ], [ 28.75272800189585, -23.92314799888106 ], [ 28.752647002657156, -23.922989997890099 ], [ 28.752602997030721, -23.922927001280037 ], [ 28.752492002703839, -23.922769001188453 ], [ 28.752198001736442, -23.92250999733853 ], [ 28.751907000907412, -23.922306003219511 ], [ 28.751531003353168, -23.922102999254044 ], [ 28.751286010940678, -23.922007995772432 ], [ 28.751095997682217, -23.921922001699066 ], [ 28.750967999873328, -23.921894003105745 ], [ 28.75091700381671, -23.921872002990508 ], [ 28.750822001234461, -23.921830996603248 ], [ 28.750664997591659, -23.921801999762494 ], [ 28.750620001811672, -23.92179200199925 ], [ 28.750381999829461, -23.921765997202986 ], [ 28.750233998400304, -23.921765997202982 ], [ 28.750083004027477, -23.921767001745742 ], [ 28.749926997732839, -23.921755999439835 ], [ 28.749718001584537, -23.92173400022396 ], [ 28.749374001009404, -23.921693999278652 ], [ 28.749251996282638, -23.921683003268058 ], [ 28.748879006960632, -23.921634001907666 ], [ 28.748803002556617, -23.921622001354319 ], [ 28.748748000919502, -23.921607997111391 ], [ 28.748640996884539, -23.921575001884843 ], [ 28.748513997323183, -23.921541009310133 ], [ 28.748345997669709, -23.921504997757463 ], [ 28.748227001175181, -23.921479999302598 ], [ 28.748125000968056, -23.921454999048997 ], [ 28.748003003435894, -23.921426999556409 ], [ 28.747855001107453, -23.921395001678018 ], [ 28.747583996704087, -23.921336002554479 ], [ 28.747389003899428, -23.921297997204853 ], [ 28.747228002770115, -23.921266996674532 ], [ 28.747118996844318, -23.921244000110502 ], [ 28.746897000995858, -23.921208004745587 ], [ 28.746674997952798, -23.921160998081604 ], [ 28.746612997791615, -23.921147001932564 ], [ 28.746466999152751, -23.921113002163338 ], [ 28.746281996017359, -23.921074995914349 ], [ 28.746122998577523, -23.921033997620874 ], [ 28.745988003143935, -23.921011999304291 ], [ 28.745803000907827, -23.920983998912416 ], [ 28.745360996712716, -23.920891995569164 ], [ 28.745250004184392, -23.920874002832971 ], [ 28.745165995814084, -23.92085999859005 ], [ 28.74501699703686, -23.920835996583989 ], [ 28.744894002156538, -23.920816000158307 ], [ 28.744157997893311, -23.920674996354034 ], [ 28.743887998032712, -23.920621000159045 ], [ 28.743708996073323, -23.920574000689577 ], [ 28.743359003315437, -23.920537998130065 ], [ 28.743114003708339, -23.920505002903514 ], [ 28.742942996721997, -23.920466996654607 ], [ 28.742696991672858, -23.920447997577011 ], [ 28.742538002326992, -23.920443002742417 ], [ 28.742206003204583, -23.920419998084512 ], [ 28.742095000783721, -23.920407996631791 ], [ 28.741887001983585, -23.920406001935465 ], [ 28.741738999655144, -23.920398997115996 ], [ 28.741593001016188, -23.920367996585842 ], [ 28.741444001339595, -23.920335002258582 ], [ 28.741097997974258, -23.920239998776964 ], [ 28.740864998920607, -23.920180002305347 ], [ 28.740730004386212, -23.920124999768955 ], [ 28.740473003326493, -23.920022001314297 ], [ 28.740313000444612, -23.919962994096966 ], [ 28.740238998830801, -23.91993999663357 ], [ 28.739956998416844, -23.919826003067609 ], [ 28.739748998717332, -23.919728000346911 ], [ 28.739676003444842, -23.919684001915165 ], [ 28.739397003169156, -23.919489001016625 ], [ 28.739140003008806, -23.9193069980196 ], [ 28.738847995838363, -23.919111998020341 ], [ 28.738468000797599, -23.918834993340262 ], [ 28.738282997662296, -23.918701002449339 ], [ 28.737953998678151, -23.918489995416962 ], [ 28.737752000154732, -23.918351000698117 ], [ 28.737603997826291, -23.918246000352635 ], [ 28.737444003038384, -23.918128001206259 ], [ 28.737328995936501, -23.918062002659369 ], [ 28.737188996674892, -23.917938003236284 ], [ 28.736970001864165, -23.917756997587421 ], [ 28.736871999143467, -23.917697999363241 ], [ 28.736688002349489, -23.917573999040794 ], [ 28.736332997669795, -23.917352003192416 ], [ 28.736112998316301, -23.917248008288972 ], [ 28.735879001914405, -23.91715100201716 ], [ 28.735780999193803, -23.917108999181018 ], [ 28.73558400269966, -23.917033002870792 ], [ 28.735461997972894, -23.916990999135287 ], [ 28.735241000371875, -23.916885001441724 ], [ 28.735077997351727, -23.916802995861623 ], [ 28.73440825693562, -23.91655249330293 ], [ 28.733942169795366, -23.916160979745442 ], [ 28.733681161356589, -23.915825396824612 ], [ 28.733658020001624, -23.915822825662847 ], [ 28.733494727399783, -23.915806752979297 ], [ 28.733177788324358, -23.915844039770644 ], [ 28.7328981351409, -23.915918614252615 ], [ 28.73293542193224, -23.916198267436155 ], [ 28.733028640259608, -23.916496561766898 ], [ 28.732991352568984, -23.916776214051069 ], [ 28.732767630921465, -23.917149083763245 ], [ 28.732077822133775, -23.917521954374703 ], [ 28.731481230774264, -23.918025328306307 ], [ 28.730940570051313, -23.918472770701882 ], [ 28.73053041264852, -23.918957501687366 ], [ 28.730138899990227, -23.919479518565002 ], [ 28.730008395770884, -23.920076109924512 ], [ 28.72993120965765, -23.920326963218745 ], [ 28.729275004038207, -23.920968998220708 ], [ 28.726474997223445, -23.923599999940034 ], [ 28.715213003077661, -23.934475008614779 ], [ 28.703285997151127, -23.945986998101525 ], [ 28.703232000956142, -23.946038999600187 ], [ 28.672276004234249, -23.96010300335093 ], [ 28.662993541119111, -23.964318507992736 ], [ 28.667193677246456, -23.978041818874811 ], [ 28.650613225619942, -23.98519213780687 ], [ 28.650385244783244, -23.98479835166264 ], [ 28.650032910190717, -23.984280212661698 ], [ 28.6496805755982, -23.983844975864951 ], [ 28.649286790353163, -23.983368288415797 ], [ 28.648975907312341, -23.98293305161906 ], [ 28.648768651352214, -23.98237346106642 ], [ 28.648519943840384, -23.981938225168964 ], [ 28.648291963003686, -23.981461536820429 ], [ 28.648105432819499, -23.980777593411233 ], [ 28.648063982167077, -23.980176552206075 ], [ 28.648022530615286, -23.979492607897591 ], [ 28.648063982167077, -23.978456329895693 ], [ 28.648080862441855, -23.978281906384861 ], [ 28.648126158595439, -23.977813837138921 ], [ 28.648209060799562, -23.977046992424796 ], [ 28.648229785676133, -23.976653206280474 ], [ 28.648063982167077, -23.97617651793195 ], [ 28.647711646675184, -23.975782731787639 ], [ 28.647276410777817, -23.975492573623381 ], [ 28.646675368673375, -23.975223142134357 ], [ 28.645929248835817, -23.974870806642365 ], [ 28.645514737814931, -23.974580650276771 ], [ 28.645141677446556, -23.974331942764941 ], [ 28.644768617078093, -23.974041784600683 ], [ 28.644540636241395, -23.973896705968201 ], [ 28.64414685009708, -23.973565097151532 ], [ 28.643815241280407, -23.973067683027157 ], [ 28.643483631564365, -23.972549544026297 ], [ 28.64335927870782, -23.971886326392852 ], [ 28.643442180911943, -23.971347461616052 ], [ 28.643442180911943, -23.97101585279939 ], [ 28.643670161748641, -23.970559890226792 ], [ 28.643670161748641, -23.970021026349272 ], [ 28.643607986219649, -23.969523612224894 ], [ 28.643380005382951, -23.969026198999888 ], [ 28.643027669891147, -23.968508059099662 ], [ 28.642696061074385, -23.968155725406419 ], [ 28.642177922073436, -23.967616859730338 ], [ 28.641721958601568, -23.967057270076964 ], [ 28.641473252888389, -23.966642759056086 ], [ 28.641162368948287, -23.966166070707647 ], [ 28.640768583703252, -23.965689383258482 ], [ 28.640250443803023, -23.965191969134111 ], [ 28.639607951945528, -23.964694555909006 ], [ 28.638633851271273, -23.963927710295597 ], [ 28.637804828330221, -23.963202315334616 ], [ 28.637452492838328, -23.962746352762021 ], [ 28.636955079613319, -23.962145310657579 ], [ 28.636499117040643, -23.961772251188485 ], [ 28.636023614898004, -23.961500535421447 ], [ 28.63591880161151, -23.961440642371823 ], [ 28.635193406650433, -23.96121266063583 ], [ 28.634426561037024, -23.961026131350838 ], [ 28.63378406917953, -23.960922503370863 ], [ 28.632955046238479, -23.960818875390807 ], [ 28.632146749073279, -23.960590893654818 ], [ 28.631234823928015, -23.960445815022346 ], [ 28.630571606294669, -23.96046654079818 ], [ 28.630094917946142, -23.960487265674757 ], [ 28.629286620781031, -23.960445815022339 ], [ 28.628561226719324, -23.9605494430024 ], [ 28.628084539270077, -23.960777423839009 ], [ 28.627794381105826, -23.960963954023292 ], [ 28.627462772289153, -23.961316288615812 ], [ 28.62744048169294, -23.961338578312748 ], [ 28.627048260368987, -23.961730799636701 ], [ 28.626509395592187, -23.962352566617621 ], [ 28.625929080162965, -23.962767077638595 ], [ 28.625307313182041, -23.962912157170265 ], [ 28.624499016016841, -23.962912157170265 ], [ 28.623752896179283, -23.962891432293794 ], [ 28.622903148361662, -23.962663449658439 ], [ 28.622239929828947, -23.962352566617618 ], [ 28.621638887724504, -23.962041683576889 ], [ 28.62099639586701, -23.961647898331854 ], [ 28.62072696437798, -23.961316288615812 ], [ 28.62072696437798, -23.960963954023292 ], [ 28.620667848342535, -23.960840349402616 ], [ 28.62049898174272, -23.960487265674765 ], [ 28.620353903110146, -23.959927676021476 ], [ 28.620084470721835, -23.959430262796378 ], [ 28.619794312557495, -23.95895357534722 ], [ 28.619587058396107, -23.958663417182972 ], [ 28.619193272251792, -23.958414709671146 ], [ 28.618592231046719, -23.958083100854466 ], [ 28.617410872613775, -23.957917296446137 ], [ 28.616644027899646, -23.957813669365351 ], [ 28.616022260918633, -23.95779294269013 ], [ 28.615338316610067, -23.957751492037705 ], [ 28.614820177609118, -23.957730766261861 ], [ 28.614530020344237, -23.957751492037708 ], [ 28.614260587955837, -23.957710041385369 ], [ 28.614136234199922, -23.957419883221032 ], [ 28.613970429791586, -23.957088274404367 ], [ 28.613783899607309, -23.956860292668377 ], [ 28.6135559187707, -23.95673593891247 ], [ 28.613224309953939, -23.956590860279988 ], [ 28.612913426013836, -23.956217799911528 ], [ 28.6127476216055, -23.955824014666575 ], [ 28.612416012788827, -23.95534732721741 ], [ 28.611794245807815, -23.954953541073099 ], [ 28.611213930378682, -23.954559754928788 ], [ 28.610820144234278, -23.954476852724575 ], [ 28.610550711845878, -23.954290323439668 ], [ 28.610115475049231, -23.953979438600289 ], [ 28.609908219089103, -23.953689281335315 ], [ 28.60955588539586, -23.953482026274553 ], [ 28.609307177883942, -23.953399124070348 ], [ 28.609120647699754, -23.953461299599329 ], [ 28.609037746394911, -23.95366855555946 ], [ 28.609079197047421, -23.954000165275414 ], [ 28.609120647699754, -23.954414676296302 ], [ 28.609120647699754, -23.954642657132911 ], [ 28.609037746394911, -23.954912090420684 ], [ 28.608871941087294, -23.955077893929641 ], [ 28.60849888071883, -23.955160796133857 ], [ 28.608022193269672, -23.955160796133857 ], [ 28.607607682248787, -23.95487063886889 ], [ 28.607068816572706, -23.954539030052217 ], [ 28.606488501143485, -23.95418669456032 ], [ 28.605763107081778, -23.95354420270283 ], [ 28.605265692957399, -23.953212593886153 ], [ 28.605219953438205, -23.952560855199312 ], [ 28.605252213019256, -23.951899523444265 ], [ 28.605413513622796, -23.951334971331828 ], [ 28.605574814226337, -23.951060759946138 ], [ 28.605881285193252, -23.95051233807396 ], [ 28.606187756160079, -23.949963916201781 ], [ 28.6064458373056, -23.949689704816002 ], [ 28.606623268149306, -23.949334844027785 ], [ 28.606832957674872, -23.948915463178089 ], [ 28.607381380446423, -23.948092829920228 ], [ 28.607703980754135, -23.947496018226644 ], [ 28.608155622983617, -23.946689515208945 ], [ 28.608558873593232, -23.945883012191235 ], [ 28.608865344560058, -23.945608800805552 ], [ 28.60925246672798, -23.945270070257589 ], [ 28.609462157152915, -23.944882948988855 ], [ 28.609800888600162, -23.944173225613945 ], [ 28.610107359567078, -23.943657065121464 ], [ 28.61049448083563, -23.942963471986715 ], [ 28.610897732344526, -23.942205359689684 ], [ 28.611462283557593, -23.941124646185486 ], [ 28.611542933859408, -23.940624614134698 ], [ 28.611623585060414, -23.940092321603313 ], [ 28.611639715300669, -23.939543900630497 ], [ 28.611542933859408, -23.938947088937027 ], [ 28.611510674278268, -23.938656748210356 ], [ 28.611559064099573, -23.938253495802172 ], [ 28.611623585060414, -23.937963155075607 ], [ 28.611817145245094, -23.937495384404517 ], [ 28.61189779644619, -23.93701148169453 ], [ 28.612010706329144, -23.936430800241208 ], [ 28.612042965910195, -23.936092068793954 ], [ 28.612091355731501, -23.936011419391516 ], [ 28.614666021219954, -23.935672217598821 ], [ 28.614751235581121, -23.935734191679618 ], [ 28.614913919341983, -23.935796166659788 ], [ 28.615030121642832, -23.935757432859258 ], [ 28.615200552163817, -23.935757432859269 ], [ 28.615309007704543, -23.935834901359588 ], [ 28.615417463245358, -23.935920115720755 ], [ 28.615479438225528, -23.935951103660525 ], [ 28.615572400246187, -23.936036318920973 ], [ 28.615688603446316, -23.936160267982029 ], [ 28.61573508400696, -23.936260976762721 ], [ 28.615742829867802, -23.936392672583825 ], [ 28.615975236268149, -23.936493382263794 ], [ 28.616099185329208, -23.936454647563991 ], [ 28.616130172369608, -23.936578596624955 ], [ 28.61595199508859, -23.936764520666102 ], [ 28.615766071047361, -23.93678001508562 ], [ 28.615729428170628, -23.936814215403761 ], [ 28.615649867847232, -23.936888470626442 ], [ 28.61567310902679, -23.93707439466759 ], [ 28.615789312227008, -23.937159609928116 ], [ 28.615959741848624, -23.937136368748469 ], [ 28.616230881150301, -23.937128621988354 ], [ 28.616509767212012, -23.937136368748472 ], [ 28.616773158854286, -23.937136368748462 ], [ 28.61690395175604, -23.937107757716795 ], [ 28.617021057875508, -23.937082141427698 ], [ 28.617052044915997, -23.936958192366731 ], [ 28.616943590274463, -23.936865230346161 ], [ 28.616788653273812, -23.936811002126031 ], [ 28.616734425053764, -23.936725786865576 ], [ 28.616726678293642, -23.936563104004083 ], [ 28.616742171813797, -23.936446900803865 ], [ 28.61684288059449, -23.936346192023176 ], [ 28.616928095854938, -23.936353938783306 ], [ 28.617059791676031, -23.936400420243221 ], [ 28.617206981916738, -23.936439154043743 ], [ 28.617400652718, -23.936439154043743 ], [ 28.617578829999019, -23.936446900803872 ], [ 28.617695033199237, -23.936485634604388 ], [ 28.617803487840682, -23.936555357243961 ], [ 28.617981665121789, -23.936648319264531 ], [ 28.618159843302177, -23.936663811885413 ], [ 28.61832252616367, -23.936756773905977 ], [ 28.618508450204811, -23.936896217386568 ], [ 28.618554930765455, -23.937058901147431 ], [ 28.618578171945103, -23.937198343728642 ], [ 28.618578171945103, -23.937306800168731 ], [ 28.618624653405117, -23.937399762189305 ], [ 28.618733108046563, -23.937523711250268 ], [ 28.618834772806551, -23.937590318638325 ], [ 28.618929877012217, -23.937614087719968 ], [ 28.61892718174412, -23.937582640226648 ], [ 28.618984634033623, -23.937555828738507 ], [ 28.61908038665057, -23.937551999425274 ], [ 28.619195292129035, -23.937571149588866 ], [ 28.619287215432671, -23.937601791289602 ], [ 28.619375307624434, -23.937682223955552 ], [ 28.619432886718371, -23.937739803049485 ], [ 28.619486381991027, -23.937793298322052 ], [ 28.619585965719846, -23.937892882050871 ], [ 28.619681719235984, -23.937996295092919 ], [ 28.619773643438901, -23.938103539246914 ], [ 28.619861735630664, -23.938153331111405 ], [ 28.619949828721619, -23.938160990637225 ], [ 28.62000345079862, -23.938126519623186 ], [ 28.620080054151259, -23.938141841372918 ], [ 28.620160486817031, -23.938268234791231 ], [ 28.620229428845118, -23.938367819419327 ], [ 28.620275391396305, -23.938490382625044 ], [ 28.620283050922119, -23.938563155765095 ], [ 28.620351993849486, -23.93860911831619 ], [ 28.620424766989444, -23.938593796566462 ], [ 28.620505199655305, -23.938605288103599 ], [ 28.620538004225565, -23.938675269747904 ], [ 28.620562651944898, -23.938727852208594 ], [ 28.620616274021899, -23.938896377965506 ], [ 28.620616274021899, -23.939030432708279 ], [ 28.620593292746349, -23.939107036060911 ], [ 28.620570312370081, -23.939149166600771 ], [ 28.620538004225565, -23.939156859401571 ], [ 28.620489878804939, -23.939168317663729 ], [ 28.62044008694053, -23.939244921016375 ], [ 28.62039029507612, -23.939317694156241 ], [ 28.620394125288712, -23.939344504745097 ], [ 28.620340503211711, -23.939390466396922 ], [ 28.620286882033991, -23.93940578724737 ], [ 28.620206449368219, -23.939352165170284 ], [ 28.620164317029623, -23.939413446773194 ], [ 28.620148996179257, -23.939482389700554 ], [ 28.620106864740119, -23.939547502415326 ], [ 28.620175806768117, -23.939639424819596 ], [ 28.620267730971122, -23.939639424819593 ], [ 28.620351993849486, -23.939593464067151 ], [ 28.620420935877483, -23.939578143216785 ], [ 28.620493709017531, -23.939624104868603 ], [ 28.620520519606391, -23.939700708221057 ], [ 28.620654575248533, -23.939750499186189 ], [ 28.62077330914094, -23.939769650249151 ], [ 28.620865233343945, -23.939700708221057 ], [ 28.620903533671211, -23.939654745669959 ], [ 28.620953751814188, -23.939622606598025 ], [ 28.620964257694354, -23.939636030778196 ], [ 28.620980198177687, -23.939717726991535 ], [ 28.620990160867294, -23.939789459615913 ], [ 28.620990160867294, -23.939849237552291 ], [ 28.621035991218097, -23.939891082107749 ], [ 28.621095768255106, -23.93993491866161 ], [ 28.621127650121053, -23.939988718804354 ], [ 28.621095768255106, -23.940048495841445 ], [ 28.621059902392648, -23.940066430121643 ], [ 28.620980198177687, -23.940072407016007 ], [ 28.620934368726164, -23.940088348398533 ], [ 28.620934368726164, -23.940142147641986 ], [ 28.620968242590411, -23.940239784338583 ], [ 28.621097761152775, -23.940257717719497 ], [ 28.621173478673118, -23.940285613790099 ], [ 28.621237242404835, -23.940323473449606 ], [ 28.621314952822846, -23.940367310003367 ], [ 28.621412588620071, -23.940419117248531 ], [ 28.62149627773109, -23.940437049730072 ], [ 28.621542107182524, -23.940449006216717 ], [ 28.62157797394444, -23.940449006216717 ], [ 28.621641735877418, -23.940462953802289 ], [ 28.621671624845607, -23.940482880080875 ], [ 28.621719447194799, -23.940512768149777 ], [ 28.621743358369351, -23.940506791255427 ], [ 28.621779225131178, -23.940494834768781 ], [ 28.621815090993724, -23.940494834768781 ], [ 28.621842987064245, -23.940516753945118 ], [ 28.621874868930103, -23.940544650015642 ], [ 28.621898256699247, -23.940572536193624 ], [ 28.622032861827179, -23.940659378327652 ], [ 28.622191059769658, -23.940748364445497 ], [ 28.622334426992285, -23.940901618814696 ], [ 28.622413525963481, -23.941059816757175 ], [ 28.622507455654617, -23.941208127553086 ], [ 28.622606329818318, -23.941356438348993 ], [ 28.622551949612824, -23.941400932307197 ], [ 28.622640935730676, -23.941529467910602 ], [ 28.622784302953303, -23.941697552999742 ], [ 28.622675541643034, -23.94182608860315 ], [ 28.622724979174524, -23.941944737959361 ], [ 28.622843626732081, -23.941949680633272 ], [ 28.622952388941631, -23.941905187574346 ], [ 28.623085868118409, -23.941771709296937 ], [ 28.623189685855394, -23.941608566881889 ], [ 28.623229235341036, -23.941504749144904 ], [ 28.623268784826589, -23.941336664055857 ], [ 28.62325889678074, -23.941138915728359 ], [ 28.623347883797873, -23.94103015531747 ], [ 28.62335566113487, -23.941025206348229 ], [ 28.623456645108142, -23.940960942593478 ], [ 28.623580237138263, -23.940896675241415 ], [ 28.623688999347902, -23.940847237709914 ], [ 28.623812591378023, -23.940822519843408 ], [ 28.623881803202739, -23.940837350563264 ], [ 28.623916408215727, -23.94091150596126 ], [ 28.623812591378023, -23.941074648376308 ], [ 28.623722996419193, -23.941161044446602 ], [ 28.62367416772868, -23.941208127553082 ], [ 28.623634618243127, -23.941316888863351 ], [ 28.623718660787606, -23.941410818554488 ], [ 28.623847197290381, -23.941351494775709 ], [ 28.623955957701369, -23.941297113670846 ], [ 28.623974426178872, -23.94125402085638 ], [ 28.624000450760295, -23.94119329683323 ], [ 28.624064719011638, -23.941104309816097 ], [ 28.624128987262981, -23.941054873183887 ], [ 28.624198199087697, -23.94105487318388 ], [ 28.624267410912324, -23.941084534623599 ], [ 28.624331679163756, -23.941183408787293 ], [ 28.62436134060346, -23.941356438348997 ], [ 28.6243654217269, -23.941398609358345 ], [ 28.624475588677484, -23.941778875095022 ], [ 28.624441130253992, -23.941985632830757 ], [ 28.624354979698591, -23.942192393264328 ], [ 28.624389439021453, -23.942364692576486 ], [ 28.624751267756871, -23.94262314064547 ], [ 28.625078637169427, -23.942864361301275 ], [ 28.625044176947284, -23.943226190036604 ], [ 28.624871877635044, -23.943570787761626 ], [ 28.624906336957995, -23.943846466841009 ], [ 28.625216477158716, -23.944018767052448 ], [ 28.625248419279131, -23.94428458866286 ], [ 28.625269744902887, -23.944497855691523 ], [ 28.627274450655399, -23.94507367540983 ], [ 28.628212824862004, -23.94537224942982 ], [ 28.628745990635046, -23.945692148174118 ], [ 28.631262537436214, -23.945862762156782 ], [ 28.631902336723542, -23.945692148174118 ], [ 28.632989996591135, -23.945606842082146 ], [ 28.633907043375423, -23.945713475596435 ], [ 28.634632148754719, -23.945777456064828 ], [ 28.635222064446836, -23.945580816601442 ], [ 28.633245949940672, -23.944031970898823 ], [ 28.631761352704327, -23.942861123741899 ], [ 28.629943717628542, -23.941427622386854 ], [ 28.629758000431455, -23.94128899998735 ], [ 28.629296999856674, -23.940765000104751 ], [ 28.628900000434715, -23.940322000360037 ], [ 28.628485000182685, -23.939850000177373 ], [ 28.62813900041456, -23.93938300022532 ], [ 28.628023999607905, -23.939245000156621 ], [ 28.627846000392626, -23.938967999973208 ], [ 28.627678999885958, -23.93866899967464 ], [ 28.627499999725309, -23.938340999837305 ], [ 28.627424999863877, -23.938116000253181 ], [ 28.627028000441918, -23.937142000303066 ], [ 28.626872000442511, -23.936613000189844 ], [ 28.626711000212563, -23.936106000191774 ], [ 28.62662499984387, -23.935639000239732 ], [ 28.626613571259391, -23.935514552054908 ], [ 28.626559975262683, -23.935419384896754 ], [ 28.626533028876228, -23.93541938489675 ], [ 28.626431419874127, -23.934545553234702 ], [ 28.62646190329427, -23.932686117670158 ], [ 28.626583833377278, -23.930979097407416 ], [ 28.626688732099343, -23.930238630708256 ], [ 28.626695094802773, -23.930238311448971 ], [ 28.626804181667737, -23.928739788210677 ], [ 28.646455091429374, -23.928557161084196 ], [ 28.64712413666965, -23.928170459798888 ], [ 28.647923360574662, -23.927413299883849 ], [ 28.648638455600256, -23.926908526607246 ], [ 28.649101164886964, -23.92661407597884 ], [ 28.649858324801905, -23.926277561360354 ], [ 28.650489290948084, -23.925814852073735 ], [ 28.651372643732607, -23.925099757048148 ], [ 28.651919480999272, -23.924258468253697 ], [ 28.652760769793723, -23.923501309238031 ], [ 28.653433799929964, -23.923038599951411 ], [ 28.653980638096009, -23.922786214212433 ], [ 28.654821925991179, -23.922491762684739 ], [ 28.65578940765511, -23.921860795639287 ], [ 28.656672761338918, -23.921229830392388 ], [ 28.658145016279541, -23.920304412718522 ], [ 28.65919662592362, -23.919673445672974 ], [ 28.660290301356412, -23.918832157777896 ], [ 28.661131590150863, -23.918243255621785 ], [ 28.661804621186388, -23.917696419254405 ], [ 28.662645909081469, -23.917107517098295 ], [ 28.663276875227645, -23.916476550052749 ], [ 28.664875323037755, -23.915467004398746 ], [ 28.6660110633599, -23.91454158672488 ], [ 28.667230930762901, -23.913742362819768 ], [ 28.667903961798434, -23.913111395774308 ], [ 28.66908176611064, -23.912606623396989 ], [ 28.669754796246888, -23.912101850120305 ], [ 28.670596085041343, -23.91184946438133 ], [ 28.671815953343618, -23.911176433345805 ], [ 28.67345646604317, -23.911092303567024 ], [ 28.675727943989529, -23.910713724059097 ], [ 28.677158134940001, -23.910335144551357 ], [ 28.678293874362861, -23.909872436164019 ], [ 28.679177227147385, -23.909746243294435 ], [ 28.680397095449582, -23.909746243294439 ], [ 28.681532834872442, -23.909577984636325 ], [ 28.682668574295302, -23.909283534007905 ], [ 28.683299540441482, -23.908862889610727 ], [ 28.684485727334547, -23.908574381702326 ], [ 28.685700431729572, -23.899714180864773 ], [ 28.68625209295978, -23.899565319683795 ], [ 28.686865049282638, -23.899337650911871 ], [ 28.687504275701809, -23.89909246784309 ], [ 28.687924589148519, -23.898952364260222 ], [ 28.688266093205733, -23.898891068268206 ], [ 28.688633867359172, -23.89889106826821 ], [ 28.688992884813874, -23.898873554870626 ], [ 28.689220553585802, -23.898891068268203 ], [ 28.689386928164268, -23.898978632557892 ], [ 28.68945697995575, -23.899153763835191 ], [ 28.689728433120756, -23.899197546429633 ], [ 28.689956101892594, -23.899188789730886 ], [ 28.690280094350879, -23.899171277232675 ], [ 28.690507763122802, -23.899127493738867 ], [ 28.690691650199565, -23.899101225441196 ], [ 28.691199527935879, -23.899048686148014 ], [ 28.691479736900352, -23.898882311569462 ], [ 28.691742433366628, -23.898777232982919 ], [ 28.692005128933609, -23.898742207087217 ], [ 28.692355389689482, -23.89872469368974 ], [ 28.692679381248482, -23.89870718119144 ], [ 28.692834957667255, -23.898707181191437 ], [ 28.692834957667255, -23.898560353377619 ], [ 28.692834957667255, -23.898118850104925 ], [ 28.692982126324157, -23.897740418085871 ], [ 28.693528749552261, -23.897088672204426 ], [ 28.693717966011381, -23.896668192383153 ], [ 28.693738991261544, -23.896205663860297 ], [ 28.693738991261544, -23.895722111885924 ], [ 28.693928206821301, -23.895259584262437 ], [ 28.694285613590282, -23.894628862731874 ], [ 28.694664047407894, -23.894166335108295 ], [ 28.695042479426949, -23.893766879637806 ], [ 28.695210672434651, -23.893388446719388 ], [ 28.695168623733064, -23.892988991249005 ], [ 28.695063502878376, -23.892673631382959 ], [ 28.695157798593613, -23.892434428805828 ], [ 28.69518376831634, -23.892304581990839 ], [ 28.695205438380391, -23.892196232570114 ], [ 28.695300716155216, -23.891910398346276 ], [ 28.695395994829326, -23.891545164777551 ], [ 28.695348355941917, -23.891195811437608 ], [ 28.695221317709716, -23.891021134317903 ], [ 28.695332475713229, -23.890862337426974 ], [ 28.695475393274833, -23.890703539636686 ], [ 28.695507152832839, -23.890544742745671 ], [ 28.695411875058014, -23.890354186296733 ], [ 28.695427754387417, -23.890195389405722 ], [ 28.695523033061615, -23.890068351173433 ], [ 28.695586551278346, -23.889814275608312 ], [ 28.695634191065128, -23.889655477818014 ], [ 28.695792987956057, -23.889512561155787 ], [ 28.695983544405159, -23.889385522923579 ], [ 28.696189981082782, -23.889210845803881 ], [ 28.696475816205997, -23.889258485590652 ], [ 28.696729890871833, -23.889322003807393 ], [ 28.696952206878859, -23.889131448257743 ], [ 28.697206282444075, -23.888940890909442 ], [ 28.697635035128801, -23.888925010680751 ], [ 28.698095547371718, -23.888909132250628 ], [ 28.698476660269673, -23.888797974247112 ], [ 28.698857773167717, -23.888591536670127 ], [ 28.699413563185459, -23.888258062659496 ], [ 28.699762917424774, -23.887924588648868 ], [ 28.700048751648612, -23.887464078204609 ], [ 28.700286946985049, -23.887067085077963 ], [ 28.700541023449539, -23.88681300861348 ], [ 28.700858617231479, -23.886511295060217 ], [ 28.701176211912703, -23.886257218595826 ], [ 28.701604963698156, -23.885876105697687 ], [ 28.701954317937471, -23.885574391245246 ], [ 28.702462469067797, -23.885336195908724 ], [ 28.702922980411259, -23.885082120343604 ], [ 28.703447010870899, -23.884796285220389 ], [ 28.703828123768943, -23.884716886774971 ], [ 28.704288636011771, -23.884605728771373 ], [ 28.704606229793711, -23.884589849442051 ], [ 28.704971464261714, -23.884526330325944 ], [ 28.705209659598143, -23.884526330325944 ], [ 28.705606651825594, -23.884462811209762 ], [ 28.705797209173898, -23.884288134090149 ], [ 28.706146563413213, -23.884192856315323 ], [ 28.706749992318365, -23.883986419637527 ], [ 28.707385180781525, -23.883859382304692 ], [ 28.707940970799179, -23.883716463843815 ], [ 28.708496760816921, -23.883589427410168 ], [ 28.709100189722076, -23.88338298983318 ], [ 28.709655979739729, -23.883335350945675 ], [ 28.710132372211245, -23.88306539605124 ], [ 28.710449965993185, -23.882874838702854 ], [ 28.710973997352109, -23.882700163381891 ], [ 28.711466268253755, -23.882461967146092 ], [ 28.712037937600723, -23.882144373364145 ], [ 28.712466690285549, -23.88198557467457 ], [ 28.712847803183678, -23.88173150000873 ], [ 28.713165397864895, -23.881477424443609 ], [ 28.713347765986658, -23.881335581571854 ], [ 28.713602132932117, -23.881204454122237 ], [ 28.713900429061606, -23.881167167330986 ], [ 28.714124149809752, -23.880924800938875 ], [ 28.714198724291723, -23.880589218917329 ], [ 28.714310584665753, -23.880365497269896 ], [ 28.714627523741274, -23.880104487931753 ], [ 28.715037681144068, -23.880067201140413 ], [ 28.715578341867019, -23.880104487931746 ], [ 28.715913924787841, -23.880328209579179 ], [ 28.716361368082708, -23.880477357643926 ], [ 28.716883385859617, -23.880496000589961 ], [ 28.717461333373908, -23.880831584410068 ], [ 28.718020637942079, -23.881204454122241 ], [ 28.718710446729773, -23.881931548801994 ], [ 28.718971455168546, -23.882229844931384 ], [ 28.719083316441949, -23.882677289125624 ], [ 28.719251108351997, -23.883460315341306 ], [ 28.719456186154119, -23.884000976064264 ], [ 28.719549402682841, -23.88431791513969 ], [ 28.719530759736806, -23.88454163678712 ], [ 28.719512115891494, -23.884802645225975 ], [ 28.719568047427519, -23.885082298409348 ], [ 28.719568047427519, -23.885641602078326 ], [ 28.719549402682841, -23.88635005381196 ], [ 28.719642621010209, -23.886965289016867 ], [ 28.719642621010209, -23.887468662948475 ], [ 28.719605334218862, -23.887822888815247 ], [ 28.719605334218862, -23.888158471736165 ], [ 28.719623977164893, -23.888494054656906 ], [ 28.719735838438204, -23.888810993732339 ], [ 28.720052776614441, -23.889202507289912 ] ] ] } },
{ "type": "Feature", "properties": { "Municipali": "Mogalakwena Local Municipality", "WardNo": "16", "WardLabel": "LIM367_16", "Province": "Limpopo", "CLASSIFICATION": "Service centre", "PopGBlack": 5848.8030230138229, "PopGColour": 24.62168307173491, "PopGIndian": 39.594843397581378, "PopGWhite": 914.83608424973625, "PopGOther": 31.234622972211664, "PopGTotal": 6859.0902567050871 }, "geometry": { "type": "Polygon", "coordinates": [ [ [ 28.749926997732839, -23.921755999439835 ], [ 28.750083004027477, -23.921767001745742 ], [ 28.750233998400304, -23.921765997202982 ], [ 28.750381999829461, -23.921765997202986 ], [ 28.750620001811672, -23.92179200199925 ], [ 28.750664997591659, -23.921801999762494 ], [ 28.750822001234461, -23.921830996603248 ], [ 28.75091700381671, -23.921872002990508 ], [ 28.750967999873328, -23.921894003105745 ], [ 28.751095997682217, -23.921922001699066 ], [ 28.751286010940678, -23.922007995772432 ], [ 28.751531003353168, -23.922102999254044 ], [ 28.751907000907412, -23.922306003219511 ], [ 28.752198001736442, -23.92250999733853 ], [ 28.752492002703839, -23.922769001188453 ], [ 28.752602997030721, -23.922927001280037 ], [ 28.752647002657156, -23.922989997890099 ], [ 28.75272800189585, -23.92314799888106 ], [ 28.7527889966149, -23.92329500296205 ], [ 28.752831000350419, -23.923408000079146 ], [ 28.752892003163439, -23.923587002038531 ], [ 28.752933998805069, -23.923733000677402 ], [ 28.752986001203013, -23.92394700065363 ], [ 28.753039997397991, -23.924093000191863 ], [ 28.753094001686858, -23.924229999315017 ], [ 28.753113998112529, -23.924285998300196 ], [ 28.753165999611277, -23.924487006669974 ], [ 28.75323799843498, -23.924746011419263 ], [ 28.753364000648176, -23.925140999957229 ], [ 28.753407999979292, -23.925321989418332 ], [ 28.753425004360484, -23.925435000924534 ], [ 28.753470996589265, -23.925599998641001 ], [ 28.753514005766817, -23.925696996818932 ], [ 28.753512002976617, -23.925745000831078 ], [ 28.753510000186417, -23.925792996749436 ], [ 28.753532996750447, -23.925842996357261 ], [ 28.753556990662634, -23.925894997855927 ], [ 28.753578997972475, -23.925974002398302 ], [ 28.753600998087631, -23.926085003919788 ], [ 28.753621999056065, -23.926175002674277 ], [ 28.753650995896813, -23.926287002443289 ], [ 28.753695999770596, -23.926489991120185 ], [ 28.753736998963436, -23.926641998129739 ], [ 28.753708001223316, -23.926718999881921 ], [ 28.753730997787347, -23.926789003110017 ], [ 28.753754003344628, -23.926859995592309 ], [ 28.75380799864033, -23.927012002601867 ], [ 28.754015999239027, -23.927330995728887 ], [ 28.754260000598592, -23.927701999347825 ], [ 28.754411003065393, -23.927875000131127 ], [ 28.754460005325065, -23.927940997778837 ], [ 28.754626997737848, -23.928145997339897 ], [ 28.754657000020551, -23.928188998423565 ], [ 28.754738996607401, -23.928318000775121 ], [ 28.754997999558135, -23.928576997430529 ], [ 28.755286009241971, -23.928879998812917 ], [ 28.755568001562128, -23.929080999988177 ], [ 28.755984000061606, -23.929338999295428 ], [ 28.756448999921464, -23.929533999294595 ], [ 28.756687999251831, -23.929611001046858 ], [ 28.756793007691201, -23.929619004113782 ], [ 28.756914998028762, -23.929645998164329 ], [ 28.75694699500788, -23.929664997241836 ], [ 28.756988001395229, -23.929657998717687 ], [ 28.757233001002231, -23.929614001185229 ], [ 28.757518998902796, -23.929561998787186 ], [ 28.757723000216323, -23.929496999387013 ], [ 28.757797001830227, -23.929483003238058 ], [ 28.758067000791545, -23.929394000932447 ], [ 28.758163998070113, -23.929363997750372 ], [ 28.758482001942856, -23.929239998327294 ], [ 28.758556002657393, -23.929208997797058 ], [ 28.758706997030309, -23.929065999296466 ], [ 28.758869992855949, -23.928923997244656 ], [ 28.759006999173703, -23.928886997337074 ], [ 28.759180998204531, -23.928907000957349 ], [ 28.759279000925137, -23.928937004139424 ], [ 28.759375000855627, -23.929013988804552 ], [ 28.759528996266187, -23.929177000817951 ], [ 28.759620998710158, -23.929347998811132 ], [ 28.759655995827544, -23.929481000447861 ], [ 28.759722998917287, -23.929660999755317 ], [ 28.759778000554313, -23.929818001599553 ], [ 28.759838996172824, -23.930020999269701 ], [ 28.759899998985844, -23.930278996778306 ], [ 28.759949000346147, -23.930537999728948 ], [ 28.759973999700378, -23.930696000719902 ], [ 28.759986001153099, -23.930829998805404 ], [ 28.759976999838734, -23.930879998413253 ], [ 28.76001000315917, -23.930987002448209 ], [ 28.760057999077436, -23.931213002977707 ], [ 28.760144001244687, -23.931607998710184 ], [ 28.760187998777152, -23.931821998686321 ], [ 28.76026598978369, -23.932035998662379 ], [ 28.760352000044826, -23.932271997854468 ], [ 28.760718989090112, -23.932969996767987 ], [ 28.76108399872756, -23.93363899794138 ], [ 28.761246005299011, -23.933858000846083 ], [ 28.761412001262912, -23.934094000038087 ], [ 28.761610998748694, -23.934363001651253 ], [ 28.761800996718673, -23.934602999229067 ], [ 28.761933000107955, -23.9347220029181 ], [ 28.762132995841093, -23.934913995584488 ], [ 28.762290996832046, -23.935061997912921 ], [ 28.762398998215264, -23.935161988135253 ], [ 28.762524003080294, -23.935265001878381 ], [ 28.762640000335832, -23.935355998880226 ], [ 28.762712995608322, -23.935409995974577 ], [ 28.762956997867171, -23.93560199673475 ], [ 28.763126999411561, -23.935752001853405 ], [ 28.763299002846708, -23.935913002083435 ], [ 28.763406997035318, -23.936022008908594 ], [ 28.763648995604765, -23.93627200424956 ], [ 28.764038000053688, -23.936611000996855 ], [ 28.764267998969064, -23.93680200440896 ], [ 28.764679999982103, -23.937157997443659 ], [ 28.765209002793352, -23.937585997395939 ], [ 28.765448998572516, -23.937731996034799 ], [ 28.765621002907018, -23.937780000046949 ], [ 28.765817002053002, -23.937829002306621 ], [ 28.765963998040117, -23.937854000761575 ], [ 28.766233997900716, -23.937858995596166 ], [ 28.766295998061906, -23.937848997833012 ], [ 28.766500996723682, -23.93780500030055 ], [ 28.766682000573901, -23.937758000831082 ], [ 28.766989001241452, -23.937658003414153 ], [ 28.767275997389454, -23.937550999379187 ], [ 28.767479001354921, -23.937414997604101 ], [ 28.767680998978967, -23.937278000279512 ], [ 28.767956001768127, -23.937150998919503 ], [ 28.768232001905368, -23.937027996844574 ], [ 28.768362001605173, -23.93701300334746 ], [ 28.768471997684614, -23.936980000926312 ], [ 28.768666998583154, -23.936988003993143 ], [ 28.768778998352165, -23.937008997767066 ], [ 28.768877001072774, -23.937033997121294 ], [ 28.769000004046976, -23.937045001225858 ], [ 28.769147998281532, -23.937054001640931 ], [ 28.769270003008302, -23.937054001640938 ], [ 28.769318997174004, -23.937050004154415 ], [ 28.769429997796209, -23.937029002286621 ], [ 28.769509002338584, -23.93702300200998 ], [ 28.76968799620418, -23.937083995829756 ], [ 28.769835009278339, -23.93715399995714 ], [ 28.76995800415866, -23.937231000810037 ], [ 28.770178004411431, -23.937454001201257 ], [ 28.770396000974724, -23.937740997349163 ], [ 28.770493995601448, -23.937904997717471 ], [ 28.770670006415727, -23.938266001774608 ], [ 28.770718002333986, -23.938388996654936 ], [ 28.770753997698904, -23.938511002280986 ], [ 28.77088697235596, -23.939417131295649 ], [ 28.770899897412367, -23.939623933997368 ], [ 28.770990373706823, -23.939779037372759 ], [ 28.771197177307911, -23.93999876603025 ], [ 28.771533233272127, -23.940192643675566 ], [ 28.771946839575016, -23.940541624696177 ], [ 28.772218270257039, -23.940748428297354 ], [ 28.772386297789463, -23.940981082910618 ], [ 28.772528475208983, -23.941200810668924 ], [ 28.77255432622125, -23.941459316294452 ], [ 28.77255432622125, -23.941653193939764 ], [ 28.772709427797896, -23.941821222371555 ], [ 28.772942082411252, -23.941872922597348 ], [ 28.773355689613425, -23.941782446302884 ], [ 28.773885624122322, -23.94162734382687 ], [ 28.774105351880536, -23.941523941576634 ], [ 28.774273380312323, -23.941394690112883 ], [ 28.774518959982082, -23.941265436850394 ], [ 28.774803314821138, -23.941252511793998 ], [ 28.775065001348786, -23.941285003400196 ], [ 28.77545399680454, -23.941623002799336 ], [ 28.775759001876491, -23.941958002959478 ], [ 28.776062004158248, -23.942291996778213 ], [ 28.776181000652688, -23.942454999798446 ], [ 28.77632099991429, -23.942635000005279 ], [ 28.776553000720504, -23.942960997951698 ], [ 28.776615998229754, -23.943094996936576 ], [ 28.776623994102163, -23.943124001871212 ], [ 28.776658010059148, -23.943242001017573 ], [ 28.776683998667654, -23.943637005743302 ], [ 28.776700994954965, -23.943952998731881 ], [ 28.776705001434738, -23.944144002143986 ], [ 28.776686998806014, -23.944731006730613 ], [ 28.776677001042778, -23.944934002602196 ], [ 28.776677998390937, -23.945126004261656 ], [ 28.776690997191817, -23.945282000663845 ], [ 28.776690997191817, -23.945427002853926 ], [ 28.776684996015813, -23.945607002161392 ], [ 28.776671998114306, -23.94587799937015 ], [ 28.776676003694618, -23.946091999346283 ], [ 28.776668997975946, -23.946419002734835 ], [ 28.77662577116244, -23.946823283068042 ], [ 28.776651621275334, -23.947004235656955 ], [ 28.776845499820016, -23.947249816226073 ], [ 28.777104003646897, -23.947469543984294 ], [ 28.777440059611109, -23.947766824779119 ], [ 28.777931218051339, -23.948051178718892 ], [ 28.778215572890389, -23.948283833332241 ], [ 28.778487002673131, -23.948671590421522 ], [ 28.778758433355062, -23.949072271668015 ], [ 28.779081563363505, -23.949382476620059 ], [ 28.779365918202554, -23.949602206176916 ], [ 28.779597001700314, -23.949690001592298 ], [ 28.779758001930261, -23.949793998294389 ], [ 28.779870999047432, -23.949846997141211 ], [ 28.779969999116201, -23.949851001822335 ], [ 28.780335310026608, -23.949847784947298 ], [ 28.780555038684192, -23.949783158765829 ], [ 28.780787693297455, -23.949653907301983 ], [ 28.781175448588172, -23.949434177745122 ], [ 28.781485655338773, -23.949227375043321 ], [ 28.78171830905276, -23.948943020204261 ], [ 28.781988000445885, -23.948655000627806 ], [ 28.782222393448759, -23.948477711876929 ], [ 28.78248089727564, -23.948361384570294 ], [ 28.782816953239845, -23.948335533558033 ], [ 28.783049606953831, -23.948374309626708 ], [ 28.783321035837197, -23.948619889296452 ], [ 28.7834761392125, -23.948930095147769 ], [ 28.783579540563359, -23.949421252688726 ], [ 28.783695867870076, -23.950093364617054 ], [ 28.783708792926483, -23.950920579021496 ], [ 28.783786344164533, -23.951398812405234 ], [ 28.783825120233207, -23.951825344663902 ], [ 28.783876821358273, -23.952238951866164 ], [ 28.783912002836711, -23.952926003332383 ], [ 28.783916000323142, -23.953054997590051 ], [ 28.783931999262382, -23.953177993369749 ], [ 28.783966997279141, -23.953491998856691 ], [ 28.783996998662559, -23.953649998948372 ], [ 28.78403000198308, -23.953776999409005 ], [ 28.784065997347991, -23.953838998670822 ], [ 28.784110003873611, -23.953887010776938 ], [ 28.784167990360515, -23.95394900284424 ], [ 28.784300999191839, -23.954090996802076 ], [ 28.784461010167512, -23.954172004134737 ], [ 28.784575011827361, -23.954210002289852 ], [ 28.784721003271709, -23.954197002589677 ], [ 28.784865000019838, -23.95417200413474 ], [ 28.784979999027755, -23.95409699797807 ], [ 28.785190000618094, -23.953896003997414 ], [ 28.785311000802096, -23.953774996618804 ], [ 28.785419002185314, -23.953696000170321 ], [ 28.785627000985365, -23.95353100155447 ], [ 28.785829000408153, -23.953392997888567 ], [ 28.786082011175953, -23.95325199408428 ], [ 28.786368998330619, -23.953181000702614 ], [ 28.786625999390431, -23.953143003446879 ], [ 28.786774000819587, -23.95316500266275 ], [ 28.786908997152544, -23.953209998442652 ], [ 28.787178996113866, -23.953321997312386 ], [ 28.787429995997591, -23.953442989402419 ], [ 28.787618996619493, -23.953575000885586 ], [ 28.787701001300231, -23.953637001046776 ], [ 28.787793003744206, -23.953705998832831 ], [ 28.787865999016699, -23.953798998624883 ], [ 28.787930001968082, -23.953896003997414 ], [ 28.787982004366114, -23.954048003812279 ], [ 28.788070997678478, -23.954272998899814 ], [ 28.788231998807799, -23.954496000190233 ], [ 28.788364002196992, -23.95465300293375 ], [ 28.788596003003207, -23.954832994147331 ], [ 28.788866002863806, -23.955047002217338 ], [ 28.789065998597025, -23.955202998619452 ], [ 28.789242997766124, -23.955329999979547 ], [ 28.789622003552701, -23.955692998732918 ], [ 28.790076997555442, -23.956152006410029 ], [ 28.790149003573749, -23.956263998085074 ], [ 28.790166998108493, -23.956297997854378 ], [ 28.790209000944728, -23.95637700959136 ], [ 28.790274001244182, -23.956535001589064 ], [ 28.790320003365494, -23.956668999674584 ], [ 28.790348001958808, -23.956758002879571 ], [ 28.790376999698839, -23.956917000319315 ], [ 28.790373998661195, -23.957074003062832 ], [ 28.790377997046999, -23.957202998219874 ], [ 28.790357003273161, -23.957230997712379 ], [ 28.790332003918842, -23.957344002024065 ], [ 28.790306995571456, -23.957468999694594 ], [ 28.790283001659258, -23.95760400412151 ], [ 28.79025999790063, -23.957760997871787 ], [ 28.79024699909975, -23.957905002713787 ], [ 28.790236003089159, -23.9580410035895 ], [ 28.790224999883879, -23.958097002574597 ], [ 28.790221002397359, -23.958255003565558 ], [ 28.790211003734928, -23.95837900388792 ], [ 28.790175001175413, -23.958513999321596 ], [ 28.79010699983823, -23.958751003955648 ], [ 28.79004400322826, -23.95895399982723 ], [ 28.790014000046099, -23.959056000933721 ], [ 28.789986000553512, -23.959214001025309 ], [ 28.789980000276874, -23.959438996112763 ], [ 28.789986997901671, -23.959611000447353 ], [ 28.789968006918034, -23.959778000953946 ], [ 28.789945999608193, -23.959906997010346 ], [ 28.789983997763311, -23.959964998785644 ], [ 28.789986000553512, -23.960116001252437 ], [ 28.789999995803178, -23.960296997908152 ], [ 28.790054000991411, -23.96059000242666 ], [ 28.790070997278722, -23.960702998644472 ], [ 28.790076997555442, -23.960793006392127 ], [ 28.790085998869802, -23.960860998736145 ], [ 28.790104997947402, -23.960890003670695 ], [ 28.790100999561599, -23.960996999611869 ], [ 28.790100999561599, -23.961132003139422 ], [ 28.790094001936634, -23.961176998919417 ], [ 28.790089996356322, -23.96133499991037 ], [ 28.790076997555442, -23.96147099269221 ], [ 28.790069001683118, -23.961639996888351 ], [ 28.789785988632527, -23.962385998914733 ], [ 28.789788988770887, -23.962437003964606 ], [ 28.789777011599895, -23.962504996308532 ], [ 28.78975399884802, -23.96258300260347 ], [ 28.789731999632142, -23.962649997599335 ], [ 28.789713000554542, -23.962773997921694 ], [ 28.789710997764342, -23.962879997413989 ], [ 28.789670996819122, -23.962938007283249 ], [ 28.789676000646963, -23.96302300400847 ], [ 28.789664000093612, -23.963157999442149 ], [ 28.789645998364172, -23.963210000940808 ], [ 28.789657998917523, -23.963350000202322 ], [ 28.789661997303412, -23.96351900439856 ], [ 28.789660001707812, -23.96376699605004 ], [ 28.789651001292732, -23.963877000223462 ], [ 28.789663001846083, -23.963982000568851 ], [ 28.789668994928203, -23.964034002966883 ], [ 28.789704000139555, -23.964143999046332 ], [ 28.789713000554542, -23.964170003842604 ], [ 28.789759001776581, -23.964277997131937 ], [ 28.789726000254706, -23.964378999990906 ], [ 28.789676000646963, -23.964550997130814 ], [ 28.789626999286575, -23.96475499844443 ], [ 28.789582002607393, -23.96489399855923 ], [ 28.789465000809184, -23.965102995606802 ], [ 28.789347999010975, -23.965340001140138 ], [ 28.789303003231076, -23.96547499567453 ], [ 28.789278003876845, -23.965565004321462 ], [ 28.789263999633924, -23.96565500397524 ], [ 28.789241003069893, -23.965727999247825 ], [ 28.789127001410048, -23.965904999316297 ], [ 28.788975998943247, -23.966106996940344 ], [ 28.788920997306228, -23.966171998139163 ], [ 28.788897003394037, -23.966239997677789 ], [ 28.78880300535446, -23.966385997216022 ], [ 28.788630003671798, -23.966667000281912 ], [ 28.788501997769028, -23.966892010657748 ], [ 28.78832299580964, -23.967182997097673 ], [ 28.788170995994768, -23.967429002146712 ], [ 28.788137004319342, -23.967485001131895 ], [ 28.788083997378642, -23.967587002238393 ], [ 28.788015996041459, -23.967745002329977 ], [ 28.787995002267532, -23.967913001084177 ], [ 28.788007002820979, -23.967992004727275 ], [ 28.78809200044547, -23.968090000253277 ], [ 28.788244996709306, -23.968279998223341 ], [ 28.788349000605908, -23.968459996631609 ], [ 28.788384995970819, -23.968573001842582 ], [ 28.788420999429611, -23.968731001934167 ], [ 28.788384995970819, -23.968880000711476 ], [ 28.788348003257752, -23.968976998889417 ], [ 28.78831500083669, -23.969005995730171 ], [ 28.788231000560266, -23.969094998935063 ], [ 28.788134004180982, -23.969264002231931 ], [ 28.788064998301042, -23.969388999902453 ], [ 28.788008009162386, -23.969478999556223 ], [ 28.787943000768873, -23.969590999325153 ], [ 28.787914003028842, -23.969645002714739 ], [ 28.787912997586801, -23.96967600324497 ], [ 28.787767996296093, -23.969800992821522 ], [ 28.787486003975935, -23.969969997017763 ], [ 28.787282001763032, -23.970049998009014 ], [ 28.787217999710926, -23.970067002390202 ], [ 28.787075001210418, -23.970155996602031 ], [ 28.786877996622312, -23.97026300063699 ], [ 28.786706997729844, -23.970343999875695 ], [ 28.78651300317263, -23.970434996877621 ], [ 28.786414002204491, -23.970449997569332 ], [ 28.786253999322611, -23.970482002642321 ], [ 28.785996000914732, -23.97053099680803 ], [ 28.785838998171304, -23.970545998399114 ], [ 28.785760999070881, -23.970533996946394 ], [ 28.785699997157135, -23.970514997868879 ], [ 28.785675004997504, -23.970524989336795 ], [ 28.785528998264674, -23.970532999598319 ], [ 28.785382998726433, -23.970536997984116 ], [ 28.785296996559183, -23.97055199867583 ], [ 28.785185005783415, -23.970578004371387 ], [ 28.785110988881033, -23.970597003448979 ], [ 28.784988002094675, -23.970644999367245 ], [ 28.784885003640017, -23.970704005685295 ], [ 28.784607000712587, -23.970966009673671 ], [ 28.784315991789676, -23.971261999042063 ], [ 28.784011010999361, -23.971568000562812 ], [ 28.783832999193621, -23.971754998394516 ], [ 28.783692999932015, -23.971893002060437 ], [ 28.78349298801103, -23.972061998162701 ], [ 28.783308999310936, -23.972203001966971 ], [ 28.783209998342802, -23.972251005979206 ], [ 28.783029000787813, -23.972371000721179 ], [ 28.782943996867996, -23.972457002888429 ], [ 28.782951002586756, -23.972665999935924 ], [ 28.782966004177837, -23.972873001387988 ], [ 28.783007001571853, -23.973003010080863 ], [ 28.783088999058165, -23.973195001847884 ], [ 28.783206998204445, -23.97332900083277 ], [ 28.783290996682211, -23.973391998342027 ], [ 28.783596001754081, -23.973484000785994 ], [ 28.783686998756011, -23.973483003437927 ], [ 28.783797002929429, -23.973483003437924 ], [ 28.783980003274532, -23.973490001062711 ], [ 28.784132003089482, -23.973487998272514 ], [ 28.784188002974041, -23.973508002792158 ], [ 28.784263001036731, -23.973555998710328 ], [ 28.784298996401638, -23.973639000739311 ], [ 28.784307996816629, -23.97376999868656 ], [ 28.78431699813099, -23.973866995965121 ], [ 28.784329996032596, -23.974014000945402 ], [ 28.784343002927262, -23.97419400025295 ], [ 28.784384997669616, -23.974296001359352 ], [ 28.784446997830706, -23.974364001797252 ], [ 28.784545998798848, -23.974405000090737 ], [ 28.784676996745997, -23.974430996793124 ], [ 28.784734991326875, -23.974445998384112 ], [ 28.784865000019838, -23.974405000090741 ], [ 28.784918996214735, -23.974364001797252 ], [ 28.784986996652634, -23.974321000713676 ], [ 28.785060998266449, -23.974262998039013 ], [ 28.785233999049833, -23.974247997347213 ], [ 28.785364996997082, -23.974243998961406 ], [ 28.785505004352476, -23.974292003872922 ], [ 28.785639002438085, -23.97433399861519 ], [ 28.785831003198265, -23.974407002880842 ], [ 28.785925000338562, -23.97442499561712 ], [ 28.786262002389531, -23.974556001658165 ], [ 28.786309999207162, -23.974553998867961 ], [ 28.7863839999217, -23.974568003110882 ], [ 28.786458000636319, -23.974593999813269 ], [ 28.786592996069906, -23.974650997045885 ], [ 28.786823003079171, -23.974801998613405 ], [ 28.786939996783495, -23.97490300327102 ], [ 28.78703700305531, -23.97503900414674 ], [ 28.787152002063316, -23.97524800119432 ], [ 28.787170002893387, -23.975338998196253 ], [ 28.787184989195985, -23.975384002070026 ], [ 28.787202998119934, -23.975496998287838 ], [ 28.787215996920814, -23.975610001700247 ], [ 28.78723900067936, -23.975700002253305 ], [ 28.787273002247318, -23.97581400391314 ], [ 28.787372002316086, -23.975868998355658 ], [ 28.787512000678323, -23.975957003313024 ], [ 28.787545003998755, -23.975998998954655 ], [ 28.787562000286155, -23.976032998723969 ], [ 28.787589002430586, -23.976146003035659 ], [ 28.787629999824691, -23.976280999368612 ], [ 28.787666011377365, -23.976351999944871 ], [ 28.787786006119326, -23.976470997338673 ], [ 28.787953995880269, -23.976659997061216 ], [ 28.788001999892419, -23.976817989059015 ], [ 28.78803099763245, -23.976937001741295 ], [ 28.78804799391985, -23.97697599724448 ], [ 28.788076998854478, -23.977014002594192 ], [ 28.788213997078358, -23.977076002755378 ], [ 28.788353996339961, -23.977133998235434 ], [ 28.788387006854901, -23.977164997866389 ], [ 28.78838399862266, -23.977216999365048 ], [ 28.788377000997873, -23.977318999572169 ], [ 28.788358001920272, -23.977455001347263 ], [ 28.788337000052561, -23.977579000770259 ], [ 28.788361999406792, -23.977635000654718 ], [ 28.78853899857598, -23.977735996319176 ], [ 28.788690001042777, -23.977817002752463 ], [ 28.78887500417817, -23.978022002313619 ], [ 28.789015001641033, -23.978105004342513 ], [ 28.789158999288439, -23.978195003996198 ], [ 28.789250011578854, -23.978316011374812 ], [ 28.789266999772284, -23.978417996293537 ], [ 28.789279997673791, -23.978463000167316 ], [ 28.789357996774221, -23.978552001573654 ], [ 28.789496001339415, -23.978661998552383 ], [ 28.789577997026992, -23.978723998713559 ], [ 28.78968999589663, -23.978878001318719 ], [ 28.789841995711591, -23.979129998550597 ], [ 28.789960003851114, -23.979333010610031 ], [ 28.789999995803178, -23.979404003991608 ], [ 28.790175001175413, -23.979544999701996 ], [ 28.790355997831121, -23.979694996726757 ], [ 28.790546002995708, -23.979904001868217 ], [ 28.790785003225352, -23.980149998823379 ], [ 28.790944998013266, -23.980294002766012 ], [ 28.791089001955896, -23.980475000321007 ], [ 28.791167001056326, -23.980587997438182 ], [ 28.791347000363874, -23.980881000158035 ], [ 28.791462996719943, -23.980989998889328 ], [ 28.791619003014585, -23.981064997851387 ], [ 28.791721003221802, -23.981094002786016 ], [ 28.791851011914765, -23.981092997343985 ], [ 28.792010991414191, -23.981069003431791 ], [ 28.792042995587817, -23.981051999050507 ], [ 28.79247100363397, -23.98107699121023 ], [ 28.7925830034029, -23.981030997182799 ], [ 28.792698999759068, -23.981042997736147 ], [ 28.79281300141891, -23.981066999742314 ], [ 28.792845995746184, -23.981074006360352 ], [ 28.792956998166947, -23.981086997067258 ], [ 28.793142000403055, -23.981107000687533 ], [ 28.793279995975091, -23.981154000157009 ], [ 28.793321999710514, -23.981185997136109 ], [ 28.793380002385266, -23.981294995867401 ], [ 28.793491003906755, -23.981454998749182 ], [ 28.793685996711414, -23.981560998241481 ], [ 28.793880996710669, -23.981662998448698 ], [ 28.793954998324573, -23.981708002322481 ], [ 28.794127002659081, -23.98183399734117 ], [ 28.794269993965081, -23.981951997386812 ], [ 28.794323000905781, -23.9819650033822 ], [ 28.794422000974638, -23.981960996902526 ], [ 28.794474003372581, -23.981956002067843 ], [ 28.794556997307591, -23.982007996371905 ], [ 28.79464600680781, -23.982071999323285 ], [ 28.794816997606397, -23.982286995748304 ], [ 28.794993000326791, -23.982530000659086 ], [ 28.795054002240445, -23.982642996876795 ], [ 28.795110002124908, -23.98275600208785 ], [ 28.795151000418379, -23.982845993647654 ], [ 28.795201997374281, -23.982992997728644 ], [ 28.795213997927718, -23.98307698991119 ], [ 28.795303000233336, -23.983264003031294 ], [ 28.795433998180496, -23.983569000009364 ], [ 28.795464997811443, -23.98367700139249 ], [ 28.795448002423409, -23.9837490074108 ], [ 28.795426999656335, -23.983838001622441 ], [ 28.795343001178558, -23.984030002382713 ], [ 28.795259000902224, -23.984220996801561 ], [ 28.795225001133005, -23.984332995671299 ], [ 28.795194998850118, -23.984490996662171 ], [ 28.795188001225331, -23.984592996869292 ], [ 28.795178001663533, -23.984672002311036 ], [ 28.795150003070219, -23.984762001065533 ], [ 28.795120998135587, -23.98483000240272 ], [ 28.795088002909036, -23.984919993962521 ], [ 28.79506000341653, -23.985007998920064 ], [ 28.795048001963817, -23.985073987574513 ], [ 28.794980998874067, -23.985186002631924 ], [ 28.794915998574528, -23.98533999804248 ], [ 28.794880003209617, -23.985438000763082 ], [ 28.794865001618536, -23.985482997442354 ], [ 28.794849002679385, -23.985538996427625 ], [ 28.794809999981599, -23.985764996957123 ], [ 28.794744999682059, -23.985990000138454 ], [ 28.79473299912862, -23.986036998708556 ], [ 28.794701001250228, -23.986102997255532 ], [ 28.794670998967529, -23.986170000345183 ], [ 28.794658000166649, -23.986215004219158 ], [ 28.794633000812411, -23.986306997669871 ], [ 28.794615997330503, -23.986452998107385 ], [ 28.794599001043103, -23.986572009890399 ], [ 28.794615997330503, -23.986668002626203 ], [ 28.794633000812411, -23.986780002395221 ], [ 28.794654002680129, -23.986870999397148 ], [ 28.794676999244157, -23.986941999973322 ], [ 28.794643995923725, -23.987074003362615 ], [ 28.794552001573631, -23.987288003338662 ], [ 28.794488995970408, -23.987425000663254 ], [ 28.794463996616265, -23.987502999763688 ], [ 28.794466000305743, -23.987614002184451 ], [ 28.794477002611657, -23.987726001054089 ], [ 28.794474003372581, -23.987754997894843 ], [ 28.794649997099729, -23.988073999115748 ], [ 28.794826996268917, -23.988392999437369 ], [ 28.794872000142696, -23.988421997177493 ], [ 28.794948003647519, -23.988489000267144 ], [ 28.7950950014332, -23.988610996899947 ], [ 28.795221002747112, -23.988684997614566 ], [ 28.795283002908295, -23.988723011957447 ], [ 28.795479002054368, -23.988821995838443 ], [ 28.795721998871254, -23.988944000565208 ], [ 28.795916998870421, -23.989033003770189 ], [ 28.79606399575691, -23.989090001002737 ], [ 28.796118000945054, -23.989109000080322 ], [ 28.79623600009133, -23.989152001163912 ], [ 28.796341998684341, -23.989185003585064 ], [ 28.796384002419853, -23.989198002385944 ], [ 28.796431998338118, -23.989208000149087 ], [ 28.796527000920449, -23.989213011171536 ], [ 28.796626001888498, -23.989239998027482 ], [ 28.79667500324889, -23.989248001094399 ], [ 28.796846002141358, -23.989295988918784 ], [ 28.797017001033829, -23.989350002200897 ], [ 28.797089996306319, -23.989378999041655 ], [ 28.797262000640828, -23.989456998141982 ], [ 28.797389997550432, -23.989509996988801 ], [ 28.797640999232804, -23.989691999086549 ], [ 28.797890004420207, -23.989874999431656 ], [ 28.797946003405393, -23.989970002013987 ], [ 28.797993001975492, -23.990054001391041 ], [ 28.798019996925323, -23.990056004181241 ], [ 28.798064999899822, -23.990079000745364 ], [ 28.798093000291786, -23.990092995995035 ], [ 28.798220998100671, -23.990159999984051 ], [ 28.79830300188204, -23.990188996824802 ], [ 28.798440001005282, -23.990293998069568 ], [ 28.798573999090799, -23.990416002796252 ], [ 28.798842003355801, -23.990786998321308 ], [ 28.799110996875086, -23.991140995760393 ], [ 28.799231997059088, -23.991381997880964 ], [ 28.799351998995654, -23.991611996796262 ], [ 28.799509999986608, -23.99178499757965 ], [ 28.799689001945907, -23.991985999654187 ], [ 28.799778004251525, -23.992087999861315 ], [ 28.799918002613765, -23.992336997854203 ], [ 28.799989003189935, -23.992494000597727 ], [ 28.800023003858616, -23.992633001611793 ], [ 28.800046000422643, -23.992813000919256 ], [ 28.800064998600877, -23.992949001794976 ], [ 28.800148000629772, -23.993185999234516 ], [ 28.800271003603982, -23.993363995751778 ], [ 28.800362000605912, -23.993508997042571 ], [ 28.800380999683423, -23.993576998379847 ], [ 28.80046700185077, -23.993700997802843 ], [ 28.80059700964436, -23.993892997663732 ], [ 28.80068400196518, -23.994116996302406 ], [ 28.800693999728328, -23.994261997593107 ], [ 28.800693999728328, -23.994385000567313 ], [ 28.800740000950359, -23.994519996001078 ], [ 28.800768001342231, -23.994633001212048 ], [ 28.800781996591898, -23.994767995746439 ], [ 28.800795002587297, -23.994993997175214 ], [ 28.800803995807858, -23.995265001578581 ], [ 28.800840996614728, -23.995423001670158 ], [ 28.800867002310362, -23.9955579980032 ], [ 28.80088500314044, -23.995659999109701 ], [ 28.800902006622348, -23.995783999432067 ], [ 28.800924995991778, -23.995964996087697 ], [ 28.800938001987259, -23.996099998715962 ], [ 28.800954000926499, -23.996213003927021 ], [ 28.80097200265585, -23.996292000375501 ], [ 28.800982997767157, -23.996337004249384 ], [ 28.801012003601162, -23.99646100367238 ], [ 28.801028999888469, -23.996567998714177 ], [ 28.801062003208902, -23.996608989813051 ], [ 28.801124999818878, -23.996707000627545 ], [ 28.80116101137164, -23.99677299827524 ], [ 28.801246000002969, -23.996850997375667 ], [ 28.801385998365117, -23.997020000672453 ], [ 28.801431992392548, -23.997144000994901 ], [ 28.801450001316507, -23.997222997443384 ], [ 28.801456998941383, -23.997267003969107 ], [ 28.801460997327268, -23.997332004268557 ], [ 28.801459999079743, -23.997389000601896 ], [ 28.801451996012915, -23.997427996105177 ], [ 28.801522996589085, -23.997591000024695 ], [ 28.801596998202989, -23.997782003436715 ], [ 28.801468003045947, -23.997996999861638 ], [ 28.801345998319178, -23.998199995733223 ], [ 28.801329002031867, -23.99825600281228 ], [ 28.801307001916626, -23.998323996055589 ], [ 28.801220003300582, -23.998459996931299 ], [ 28.801017995783916, -23.998663000896759 ], [ 28.800874997283319, -23.998784998428928 ], [ 28.800827001365054, -23.998873003386375 ], [ 28.80075699004307, -23.99896300304016 ], [ 28.800653002334222, -23.999018994830742 ], [ 28.800564997376771, -23.999041998589366 ], [ 28.800480997999721, -23.999075999257965 ], [ 28.800399998761023, -23.999119001240917 ], [ 28.80031699673204, -23.999184000641179 ], [ 28.800235001044555, -23.999320002416173 ], [ 28.800161996778812, -23.999444001839255 ], [ 28.800092001644593, -23.999556998057063 ], [ 28.800037000007567, -23.99965599902519 ], [ 28.800014003443536, -23.99969900010878 ], [ 28.799938997286965, -23.999857000200365 ], [ 28.799868003905296, -24.000024998954565 ], [ 28.799845995696181, -24.000116004050383 ], [ 28.799828002959988, -24.000296003357931 ], [ 28.799804998302076, -24.000448003172881 ], [ 28.799832001345877, -24.000465996808355 ], [ 28.799859999939102, -24.000499996577663 ], [ 28.799890999570049, -24.000589997130721 ], [ 28.799975997194544, -24.000702003194963 ], [ 28.800049000561003, -24.000793001096181 ], [ 28.80052900201186, -24.001081999134922 ], [ 28.800589996731002, -24.001149002224668 ], [ 28.800610997699437, -24.001217002662564 ], [ 28.800620997261234, -24.001397001970115 ], [ 28.80062200180399, -24.001505003353245 ], [ 28.800656999820742, -24.001570003652787 ], [ 28.800796998182978, -24.001707001876664 ], [ 28.800896995599906, -24.001778999801001 ], [ 28.800985000557358, -24.001778999800994 ], [ 28.801050008950789, -24.00177899980099 ], [ 28.801094996636806, -24.001778999800997 ], [ 28.801164010610631, -24.001778003352211 ], [ 28.801223003438942, -24.001772002176121 ], [ 28.801329002031867, -24.001819998094465 ], [ 28.801512998825935, -24.001928000376964 ], [ 28.801633998110574, -24.00204800231344 ], [ 28.801742000393066, -24.002162003973286 ], [ 28.801887990938141, -24.00233000182811 ], [ 28.801970002813473, -24.002445001735488 ], [ 28.801974001199277, -24.002535001389258 ], [ 28.801922997048774, -24.002736999912678 ], [ 28.801862002329546, -24.002963001341456 ], [ 28.801860996887594, -24.003131997443717 ], [ 28.801971998409076, -24.003357989879326 ], [ 28.802109993981112, -24.00362900237657 ], [ 28.802142997301544, -24.003735000969495 ], [ 28.802145000091745, -24.003865998916744 ], [ 28.802151997716535, -24.004057998777643 ], [ 28.802146994787975, -24.004159999884134 ], [ 28.802111000322437, -24.004228001221321 ], [ 28.802077997002002, -24.004317999975726 ], [ 28.80203399767089, -24.004453004402656 ], [ 28.802012995803178, -24.004565999721173 ], [ 28.802015996840815, -24.004615999328912 ], [ 28.801956006664433, -24.004726002602965 ], [ 28.801853001015182, -24.004916000572944 ], [ 28.801831001799403, -24.00500600112608 ], [ 28.801771005327698, -24.005140996559764 ], [ 28.801707002376315, -24.005288000640764 ], [ 28.801670001569367, -24.005378001193815 ], [ 28.801601003783297, -24.005468000847586 ], [ 28.801537998180077, -24.005568995612673 ], [ 28.801506997649845, -24.005657000570128 ], [ 28.801484001985187, -24.005713997802751 ], [ 28.801465002907587, -24.005803998355894 ], [ 28.801459999079743, -24.005871997894427 ], [ 28.801435997073675, -24.006019002874709 ], [ 28.801435997073675, -24.006187998976976 ], [ 28.801474003322667, -24.006267002620067 ], [ 28.801528000416926, -24.006368995632684 ], [ 28.801558002699718, -24.006441001650895 ], [ 28.801785000577365, -24.006713004301695 ], [ 28.802102996356233, -24.007068997336397 ], [ 28.802284001105821, -24.00720499821211 ], [ 28.80247900200445, -24.007284001855197 ], [ 28.802576000182384, -24.007302003584556 ], [ 28.802643003272035, -24.007285996551524 ], [ 28.802743000688963, -24.007265002777689 ], [ 28.802965003731931, -24.007185999134595 ], [ 28.803173999880237, -24.00710700268602 ], [ 28.803235010787137, -24.007079003193425 ], [ 28.803369999026298, -24.007023004208332 ], [ 28.803616004075348, -24.0069900008879 ], [ 28.803788000315969, -24.007000996898491 ], [ 28.803874001583946, -24.007015001141404 ], [ 28.803948003197846, -24.007027001694762 ], [ 28.804032991829182, -24.007056995883673 ], [ 28.804131999991824, -24.007090995652984 ], [ 28.804230002712522, -24.007114001210173 ], [ 28.804364999045482, -24.007155996851807 ], [ 28.804500002573121, -24.00719899793539 ], [ 28.804550002180953, -24.00721000114067 ], [ 28.80459900264189, -24.00722099715135 ], [ 28.804659998260401, -24.007229997566341 ], [ 28.804795000888678, -24.007244999157422 ], [ 28.80496699802859, -24.007262002639333 ], [ 28.805065000749192, -24.007273995998077 ], [ 28.805126992816497, -24.007281999964377 ], [ 28.8052009944304, -24.00729400141709 ], [ 28.805347997612024, -24.007318003423073 ], [ 28.805483002038947, -24.007311994153195 ], [ 28.805545002200137, -24.007303000932797 ], [ 28.805679997633806, -24.00726200263933 ], [ 28.80587601206836, -24.007211995836997 ], [ 28.806084002774615, -24.007167998304535 ], [ 28.8063420011825, -24.007104999895812 ], [ 28.806483004986692, -24.007080001440951 ], [ 28.806550998229991, -24.007093996690624 ], [ 28.806723001665219, -24.007114998558333 ], [ 28.806919998159451, -24.007099996967337 ], [ 28.807080001041232, -24.007084006121982 ], [ 28.807251997281949, -24.007111001071813 ], [ 28.807510002884346, -24.007151999365288 ], [ 28.807768001292317, -24.007207001002303 ], [ 28.807890996172645, -24.007234003146738 ], [ 28.807988998893244, -24.007259999849129 ], [ 28.808220999699461, -24.007414003353574 ], [ 28.808375999652689, -24.007536998233896 ], [ 28.808499002626981, -24.007722997818163 ], [ 28.808614001634901, -24.007908998301616 ], [ 28.808608998706429, -24.007936996894937 ], [ 28.808639999236661, -24.008016001437312 ], [ 28.808726998752071, -24.008196998093016 ], [ 28.80878499333285, -24.008432997285031 ], [ 28.80878499333285, -24.008658997814511 ], [ 28.808726998752071, -24.008884999243293 ], [ 28.80867600179608, -24.009002001041573 ], [ 28.808537000782003, -24.009185997835566 ], [ 28.808395996977723, -24.009368998180751 ], [ 28.80829399587132, -24.009452000209645 ], [ 28.808062999607781, -24.009597002399719 ], [ 28.807924995941864, -24.009671999563135 ], [ 28.807744996634316, -24.009811000577219 ], [ 28.807486000878274, -24.010000999446561 ], [ 28.807328998134846, -24.010078997647607 ], [ 28.80717300083337, -24.010161999676509 ], [ 28.806987997697977, -24.010248999191926 ], [ 28.806839996268909, -24.010314996839718 ], [ 28.806742998990263, -24.01036399820002 ], [ 28.80663300201153, -24.010424002765514 ], [ 28.806534999290839, -24.010489003964427 ], [ 28.806436995670861, -24.010567002165477 ], [ 28.806376001851092, -24.010670989874313 ], [ 28.806338003695984, -24.010766000550532 ], [ 28.806317001828273, -24.010832996445675 ], [ 28.806308001413186, -24.010878996768334 ], [ 28.806310004203386, -24.010912998336213 ], [ 28.806301002889033, -24.010958001310719 ], [ 28.806287996893634, -24.011036997759302 ], [ 28.806286998646112, -24.011195005944764 ], [ 28.806279003673154, -24.011296000709848 ], [ 28.8062679995686, -24.01138599316911 ], [ 28.80626299664004, -24.011414000755583 ], [ 28.806253996224953, -24.011452996258861 ], [ 28.806233003350496, -24.011554997365266 ], [ 28.806206000306695, -24.01171299655757 ], [ 28.806188995925503, -24.011804001653385 ], [ 28.806174999776463, -24.01184899833256 ], [ 28.806165002013312, -24.011916998770559 ], [ 28.806156000698952, -24.011984009954091 ], [ 28.80612699576432, -24.01207199872378 ], [ 28.806125999315437, -24.012170998792556 ], [ 28.80611299961528, -24.012260999345614 ], [ 28.806100999061933, -24.012328991689628 ], [ 28.806100001713773, -24.012374002758012 ], [ 28.806098996271732, -24.012421002227484 ], [ 28.806098996271732, -24.012515000267054 ], [ 28.806097998923573, -24.012611000197552 ], [ 28.806088997609212, -24.012678999736082 ], [ 28.806075002359535, -24.012723996415357 ], [ 28.806032991429426, -24.012871001395634 ], [ 28.805992000330644, -24.013017000034587 ], [ 28.805976998739563, -24.013061995814404 ], [ 28.805943996318412, -24.013129997151676 ], [ 28.805926002682945, -24.013264999779956 ], [ 28.805904004366351, -24.013411996666346 ], [ 28.805889001875993, -24.013535996988711 ], [ 28.805880998809066, -24.013615000631805 ], [ 28.805878996018954, -24.013671001415641 ], [ 28.805882004251107, -24.013739000954175 ], [ 28.805886001737626, -24.01378399673407 ], [ 28.805882004251107, -24.013817997402665 ], [ 28.805865998117358, -24.013885997840575 ], [ 28.805889001875993, -24.013986992605656 ], [ 28.80591799871674, -24.014092001944302 ], [ 28.805929002821305, -24.014155996801808 ], [ 28.806047002866947, -24.014297000606174 ], [ 28.806355997331451, -24.014626997837667 ], [ 28.80654199691563, -24.014803997006855 ], [ 28.806726001803579, -24.014911001041909 ], [ 28.80698400111083, -24.015045995576305 ], [ 28.807067002240359, -24.015072998620017 ], [ 28.807113004361753, -24.015091997697528 ], [ 28.80721199633664, -24.015135996129356 ], [ 28.807383999771865, -24.015214999772454 ], [ 28.807555996911777, -24.015296997258673 ], [ 28.807676996196413, -24.015351000648167 ], [ 28.807923001245545, -24.015440003853069 ], [ 28.808156997647355, -24.015519996750434 ], [ 28.808279999722281, -24.015559997695753 ], [ 28.808314000390872, -24.015569996358266 ], [ 28.808420996331954, -24.015593998364338 ], [ 28.808543999306163, -24.015644995320343 ], [ 28.808617002672534, -24.015667999078964 ], [ 28.808775002764214, -24.015729999240055 ], [ 28.80888700163386, -24.015794998640317 ], [ 28.80901799958102, -24.015915002375532 ], [ 28.809206002854761, -24.016129008646821 ], [ 28.8092520040768, -24.016225998730867 ], [ 28.809306997619938, -24.016396001174545 ], [ 28.809319996420729, -24.016474996723765 ], [ 28.80933499801181, -24.016538002326985 ], [ 28.809272997850627, -24.01684299930497 ], [ 28.809293999718339, -24.016892989919548 ], [ 28.809316996282369, -24.016944002164024 ], [ 28.809311004099619, -24.017140997758887 ], [ 28.809311004099619, -24.017366999187658 ], [ 28.809284001055818, -24.017491006704621 ], [ 28.809293002370268, -24.017558001700397 ], [ 28.809287002093551, -24.017614998933102 ], [ 28.809272007697068, -24.017738999255382 ], [ 28.809256001563227, -24.017841000361873 ], [ 28.809225999280521, -24.017976002990149 ], [ 28.809210000341281, -24.018076998654614 ], [ 28.809191998611848, -24.018200000729447 ], [ 28.80916900204781, -24.018290997731377 ], [ 28.809175003223814, -24.018402996601019 ], [ 28.809198997136001, -24.01849400259611 ], [ 28.809200991832409, -24.018538998376108 ], [ 28.809207000202921, -24.018628998029886 ], [ 28.809215003269848, -24.018764998905588 ], [ 28.809216997966168, -24.018854998559366 ], [ 28.809218004307485, -24.018934003101752 ], [ 28.80919500684417, -24.019012998650958 ], [ 28.809188999372854, -24.01905900077227 ], [ 28.809167996605858, -24.019126003862016 ], [ 28.80911600320108, -24.01929599731244 ], [ 28.809061000664688, -24.01948699982518 ], [ 28.80903699865862, -24.019577996827117 ], [ 28.8090309983819, -24.019623000700989 ], [ 28.809008001817862, -24.019701997149483 ], [ 28.809010003708789, -24.019781000792577 ], [ 28.808993997574941, -24.019905001114942 ], [ 28.808989002740351, -24.019995000768716 ], [ 28.80898499715995, -24.020072999869047 ], [ 28.80902099971938, -24.020171002589748 ], [ 28.8090350039623, -24.020209000744767 ], [ 28.809105997343959, -24.020321996962576 ], [ 28.809188999372854, -24.020435002173627 ], [ 28.80924900393844, -24.020519997999557 ], [ 28.809328000387019, -24.020578998022387 ], [ 28.809461001124379, -24.020677998990518 ], [ 28.809570997203821, -24.020739000904175 ], [ 28.809668999924426, -24.020785003025491 ], [ 28.809780001445997, -24.020819002794795 ], [ 28.809877996972006, -24.020835999082102 ], [ 28.809914996879588, -24.020841010104547 ], [ 28.810246996002093, -24.020895995553811 ], [ 28.810590996577321, -24.020955011764396 ], [ 28.810676998744572, -24.020978001133912 ], [ 28.81074100079659, -24.021000988704699 ], [ 28.810824002825569, -24.020996001963894 ], [ 28.810958999158522, -24.021005999727141 ], [ 28.811014998143708, -24.021025997052085 ], [ 28.811204996113776, -24.021018999427294 ], [ 28.811393995836315, -24.021011002655698 ], [ 28.811451001162819, -24.021027001594845 ], [ 28.811562002684397, -24.021037990410925 ], [ 28.811628001231291, -24.021037000257373 ], [ 28.811757003582937, -24.021102997905071 ], [ 28.811916001022684, -24.021200004176887 ], [ 28.812034001068326, -24.021372000417511 ], [ 28.812279998023573, -24.021697999263292 ], [ 28.812427003003855, -24.021876002975155 ], [ 28.812511998829699, -24.022026 ], [ 28.812589997930122, -24.022165001013988 ], [ 28.812660001158132, -24.022218000760091 ], [ 28.812742005838963, -24.022285003849834 ], [ 28.812877001272632, -24.022358997369853 ], [ 28.813073000418704, -24.022456001843025 ], [ 28.81319600159426, -24.02250399866065 ], [ 28.813270003208071, -24.022524999629077 ], [ 28.813388003253809, -24.022534999190885 ], [ 28.813509999886698, -24.022559001196953 ], [ 28.813705998133308, -24.022575996584994 ], [ 28.813779998847927, -24.022574999236827 ], [ 28.813878001568622, -24.0225689989601 ], [ 28.813977003436037, -24.022540998568228 ], [ 28.814027002144499, -24.022531998153248 ], [ 28.814060993819844, -24.022518002004205 ], [ 28.81411000417339, -24.02249799838393 ], [ 28.814198001036967, -24.022453999952102 ], [ 28.814332995571363, -24.022379999237657 ], [ 28.81446700175076, -24.022311997900388 ], [ 28.814641999029114, -24.022147996632711 ], [ 28.814816006153826, -24.021936000346134 ], [ 28.814868996906771, -24.021812000023772 ], [ 28.814948001449142, -24.021608996058315 ], [ 28.814998998405045, -24.021473003276473 ], [ 28.81503400271712, -24.02135999896479 ], [ 28.81503400271712, -24.021235998642428 ], [ 28.815035000964553, -24.021192000210679 ], [ 28.815035000964553, -24.021111991125547 ], [ 28.815035998312712, -24.021077001202684 ], [ 28.815038997551795, -24.021027998943005 ], [ 28.81503700285548, -24.020932997260044 ], [ 28.815025002302121, -24.020820000142962 ], [ 28.815007997920848, -24.020678996338685 ], [ 28.814997002809534, -24.020571003049433 ], [ 28.814986996952413, -24.020481003395659 ], [ 28.814976998289893, -24.020336001205489 ], [ 28.814970998013262, -24.020165002313028 ], [ 28.814970998013262, -24.020051998001332 ], [ 28.814991001633441, -24.019985003005477 ], [ 28.815001008389846, -24.019949996894844 ], [ 28.815029998035993, -24.019908002152587 ], [ 28.815100001264103, -24.019806001046092 ], [ 28.815166996259872, -24.019743002637469 ], [ 28.815293995821317, -24.019695996872763 ], [ 28.815512998726017, -24.019641991684622 ], [ 28.816018518439929, -24.01955978105903 ], [ 28.816397091652529, -24.019588902006276 ], [ 28.816746543917962, -24.019656851182699 ], [ 28.817018340623996, -24.019783042253625 ], [ 28.817290138229311, -24.019996597065326 ], [ 28.8174581369835, -24.020130997147852 ], [ 28.817629883212565, -24.020268392872072 ], [ 28.817901679918595, -24.020511068630938 ], [ 28.818144355677546, -24.020773158954164 ], [ 28.818251133083404, -24.021035248378013 ], [ 28.818374000259926, -24.021363995551937 ], [ 28.818411998415034, -24.021453988011199 ], [ 28.818427997354274, -24.021498999978867 ], [ 28.818455996846776, -24.02156700131605 ], [ 28.818476990620695, -24.02163500085468 ], [ 28.818497999683004, -24.021725001407635 ], [ 28.818506003649205, -24.021815001061405 ], [ 28.81853899797639, -24.021905998063342 ], [ 28.81855999984419, -24.021995997717116 ], [ 28.818604995624092, -24.022130003896613 ], [ 28.818640001734725, -24.022242002766248 ], [ 28.818717002587711, -24.022364996747203 ], [ 28.818833997191312, -24.02256599882184 ], [ 28.818872003440305, -24.022648002603287 ], [ 28.819211998435041, -24.023046000272689 ], [ 28.819229001916952, -24.023105996744391 ], [ 28.819255995967499, -24.023172999834046 ], [ 28.819279000625411, -24.023318999372371 ], [ 28.819323997304682, -24.023567997365177 ], [ 28.819366998388361, -24.023685995612169 ], [ 28.819611997995359, -24.024004996833167 ], [ 28.819886999885149, -24.024373996762538 ], [ 28.81992300334403, -24.024487001074213 ], [ 28.819958997809575, -24.024586999390511 ], [ 28.819971996610455, -24.024623001950022 ], [ 28.820008000069247, -24.024713001603711 ], [ 28.820070000230341, -24.024835997383402 ], [ 28.820165001913395, -24.025048001763853 ], [ 28.820212998730938, -24.025184002639563 ], [ 28.820225000183658, -24.025228999318841 ], [ 28.820237000737009, -24.0252749996415 ], [ 28.820253997024405, -24.025315000586819 ], [ 28.820274000644684, -24.02535999726609 ], [ 28.820302998384715, -24.025439000909184 ], [ 28.820366003987935, -24.025541002015679 ], [ 28.820476997415536, -24.025631000770083 ], [ 28.820642004125258, -24.025708999870503 ], [ 28.820820997990765, -24.025758002130093 ], [ 28.820978998082353, -24.025765997103129 ], [ 28.821090996952002, -24.025764998855607 ], [ 28.821225993284955, -24.025756995788765 ], [ 28.821360995913231, -24.025749990070008 ], [ 28.821507002646158, -24.025740996849521 ], [ 28.821644001769311, -24.025742003190931 ], [ 28.821839002667939, -24.025780001345961 ], [ 28.821937994642735, -24.025799996872347 ], [ 28.821998998355131, -24.025817998601791 ], [ 28.822109001629176, -24.02585700219894 ], [ 28.822256995863732, -24.025901997978842 ], [ 28.822441998999118, -24.025988996594972 ], [ 28.822600996438865, -24.02608199728639 ], [ 28.822698001811403, -24.026179002658832 ], [ 28.822940998628201, -24.026402003949332 ], [ 28.82325700690544, -24.026703003440886 ], [ 28.823499995628357, -24.026937997190856 ], [ 28.82369400007811, -24.027125998665873 ], [ 28.823891002867569, -24.027332003669059 ], [ 28.824111004019709, -24.027518993406797 ], [ 28.824390992650212, -24.027668997626151 ], [ 28.824601003233717, -24.027752997003208 ], [ 28.824735001319315, -24.027811997026031 ], [ 28.824855004155165, -24.027863999424067 ], [ 28.825039000949143, -24.027946003205521 ], [ 28.825235997443375, -24.028034998316535 ], [ 28.82529300097131, -24.028056996633122 ], [ 28.825348004406898, -24.028078995848993 ], [ 28.825457999587062, -24.028123999722869 ], [ 28.825532997649756, -24.028158000391457 ], [ 28.82568000263003, -24.028229998315791 ], [ 28.825973996402826, -24.028313989598967 ], [ 28.826244002558745, -24.028390991351134 ], [ 28.826464992965075, -24.028452998706921 ], [ 28.826612995293516, -24.028501002719157 ], [ 28.826743003986486, -24.028517001658308 ], [ 28.826775999213037, -24.028515996216267 ], [ 28.826846998889923, -24.028582001957847 ], [ 28.826945001610532, -24.028704996838176 ], [ 28.826973002002493, -24.028892001864399 ], [ 28.826970001864133, -24.029072002071214 ], [ 28.826973002002493, -24.029196002393672 ], [ 28.826982999765644, -24.029280000871356 ], [ 28.826954993078544, -24.029410000571072 ], [ 28.826924997990353, -24.02958000301475 ], [ 28.826883002348715, -24.029703995243242 ], [ 28.826735998267726, -24.029937998839646 ], [ 28.826586001243054, -24.030129002251666 ], [ 28.826527001220235, -24.030196994595698 ], [ 28.826490997761354, -24.03022999701675 ], [ 28.826410995870816, -24.030309998907377 ], [ 28.826348995709633, -24.030380002135395 ], [ 28.82618699903081, -24.030486000728409 ], [ 28.826027003343619, -24.030591001973178 ], [ 28.825982996817906, -24.030651995793033 ], [ 28.825932007955799, -24.030756997037802 ], [ 28.825907001407053, -24.031043003032149 ], [ 28.825907001407053, -24.03134700266207 ], [ 28.825919999308567, -24.031574001438997 ], [ 28.825907001407053, -24.031776997310576 ], [ 28.825894002606169, -24.031922996848813 ], [ 28.825880995711408, -24.032048001713942 ], [ 28.825870000600101, -24.032182998046988 ], [ 28.825880995711408, -24.032318998922698 ], [ 28.825892997164129, -24.032408997677102 ], [ 28.825942995872595, -24.032634999105969 ], [ 28.826015001890898, -24.032917996868079 ], [ 28.826046009615727, -24.033044997328808 ], [ 28.826121001383193, -24.033199997282036 ], [ 28.8262619970935, -24.033434000878447 ], [ 28.826433004079938, -24.033611998295072 ], [ 28.826694999974336, -24.033821003436621 ], [ 28.826920003155674, -24.033967999423645 ], [ 28.827044002578663, -24.034014997993751 ], [ 28.827116998750533, -24.034038002651656 ], [ 28.827166998358365, -24.034045990430105 ], [ 28.827240000825451, -24.034057001729266 ], [ 28.827364001147732, -24.034067000391783 ], [ 28.827461995774549, -24.034067996840573 ], [ 28.827584998748751, -24.034070997878214 ], [ 28.82770699628092, -24.034050004104383 ], [ 28.827755997641219, -24.034045990430098 ], [ 28.827819003244443, -24.034053004242743 ], [ 28.827881003405622, -24.034035999861555 ], [ 28.828014004143071, -24.034014997993751 ], [ 28.828151002366859, -24.033988003943289 ], [ 28.828309999806695, -24.03396001164521 ], [ 28.828471000936009, -24.03393600244463 ], [ 28.828629001027686, -24.033924000991906 ], [ 28.828790001257637, -24.033912000438466 ], [ 28.828849998628623, -24.033912996887338 ], [ 28.828923001994994, -24.033924000991906 ], [ 28.829057998328036, -24.033964001937129 ], [ 28.829205999757104, -24.034035999861548 ], [ 28.829327997289273, -24.034138998316116 ], [ 28.829401998003803, -24.034219000206743 ], [ 28.829463000816833, -24.034346997116259 ], [ 28.829618000770143, -24.034618002418895 ], [ 28.829813000769406, -24.034863002025908 ], [ 28.829952002682852, -24.03499600186397 ], [ 28.830086998116528, -24.03513200363906 ], [ 28.830281001666908, -24.035319008665372 ], [ 28.830507003095768, -24.035536000685898 ], [ 28.830821997836996, -24.035822995934531 ], [ 28.830920997905753, -24.035960011245539 ], [ 28.831059001571674, -24.036193990560218 ], [ 28.831127002908858, -24.036318997223905 ], [ 28.831274997143414, -24.036578000174547 ], [ 28.831397001870183, -24.036837004024473 ], [ 28.831454995551681, -24.037021998166697 ], [ 28.831540997718939, -24.037303998580651 ], [ 28.831586001592807, -24.037445999733098 ], [ 28.831599001292965, -24.037490996412362 ], [ 28.831612997441916, -24.037536000286234 ], [ 28.83162199695763, -24.037603999824764 ], [ 28.83162099960947, -24.037762000815725 ], [ 28.831623003299043, -24.037830001253536 ], [ 28.831624997995362, -24.037874997033526 ], [ 28.831612997441916, -24.038022002013808 ], [ 28.83163399841035, -24.038168000652764 ], [ 28.831640996035141, -24.038225005979264 ], [ 28.831661997902941, -24.038348998207749 ], [ 28.831682999770653, -24.038462001620058 ], [ 28.831694002975929, -24.03849499684662 ], [ 28.831719003229445, -24.03857400138908 ], [ 28.831751997556719, -24.038664999290301 ], [ 28.831804997302822, -24.038778002702699 ], [ 28.831922997348464, -24.039004004131474 ], [ 28.83205499983838, -24.039184003439022 ], [ 28.83225600101364, -24.039464998410942 ], [ 28.832405000690326, -24.039693999078789 ], [ 28.832531003802799, -24.039812995573307 ], [ 28.832751004055659, -24.03998400255966 ], [ 28.832934004400851, -24.04007799969996 ], [ 28.833143997897224, -24.040208997647106 ], [ 28.833303003430935, -24.040350999698916 ], [ 28.833398996166832, -24.040537996631262 ], [ 28.833458003384166, -24.040692996584571 ], [ 28.833474999671562, -24.040741000596718 ], [ 28.83349099771144, -24.040785997275993 ], [ 28.833537997180912, -24.040920002556106 ], [ 28.833593996166002, -24.041101000111087 ], [ 28.833623002, -24.041190999764869 ], [ 28.833629992430282, -24.041236011732529 ], [ 28.833638002691714, -24.041282004860676 ], [ 28.833673998056621, -24.041417001193729 ], [ 28.833745995980959, -24.041643001723219 ], [ 28.83389900123796, -24.041903002921298 ], [ 28.834076997755307, -24.042139002113309 ], [ 28.834156991551957, -24.042250002735425 ], [ 28.834237998884621, -24.0423629998526 ], [ 28.834424987723075, -24.042535004187105 ], [ 28.834445000336508, -24.042552996923291 ], [ 28.83463199816822, -24.042688997799015 ], [ 28.834792998398168, -24.042748996069371 ], [ 28.834965001833396, -24.0428169956079 ], [ 28.835062990164975, -24.04285200171854 ], [ 28.835223001140648, -24.042905000565359 ], [ 28.835383004022436, -24.042963003240018 ], [ 28.835567000816503, -24.0430149966448 ], [ 28.83580099721831, -24.043119001440772 ], [ 28.83591100139164, -24.043177003216154 ], [ 28.836008988823849, -24.043231996759204 ], [ 28.836119990345338, -24.043296997058846 ], [ 28.836218001159821, -24.043354999733509 ], [ 28.836535988844808, -24.04352100289201 ], [ 28.836720991080917, -24.043615009025466 ], [ 28.836912999935066, -24.043713003652194 ], [ 28.837223997189774, -24.043870995649993 ], [ 28.837762001315376, -24.044188002174575 ], [ 28.837924996241643, -24.044301987646659 ], [ 28.838006002674938, -24.044387000559642 ], [ 28.838128997555259, -24.044504999705996 ], [ 28.838322003757483, -24.044684001665384 ], [ 28.838720989781883, -24.045040003693241 ], [ 28.839001002694115, -24.045289000786763 ], [ 28.839126997712803, -24.045381004130022 ], [ 28.839245005852415, -24.045465999955955 ], [ 28.839427998103723, -24.045550996681168 ], [ 28.839581999809511, -24.045602000831675 ], [ 28.839718998932664, -24.045615007726433 ], [ 28.839903003820613, -24.045637996196586 ], [ 28.840025997801568, -24.045648002952984 ], [ 28.840105999692199, -24.045646000162783 ], [ 28.840248001743912, -24.045683000070447 ], [ 28.840456997892208, -24.045730995988624 ], [ 28.840616004325209, -24.045772003275349 ], [ 28.840763001211609, -24.04580199656489 ], [ 28.840862001280371, -24.045825998570965 ], [ 28.840890000772959, -24.045835998132848 ], [ 28.840948003447629, -24.045859001891394 ], [ 28.841168002801115, -24.045937998339976 ], [ 28.841376003399908, -24.046030000783958 ], [ 28.841498997380864, -24.046085003320258 ], [ 28.841615009924787, -24.046142007747477 ], [ 28.841683002268812, -24.046173996632707 ], [ 28.8419090027983, -24.046278997877472 ], [ 28.842124000122599, -24.04638099898397 ], [ 28.842309003257903, -24.046470001289578 ], [ 28.842542002311639, -24.046587003087698 ], [ 28.842670996569225, -24.046666996884444 ], [ 28.842737999658969, -24.046681997576151 ], [ 28.842946996706548, -24.046688996100318 ], [ 28.843119001041057, -24.046671991719037 ], [ 28.843193001755676, -24.0466530007354 ], [ 28.843249000740862, -24.046644000320409 ], [ 28.843401998803255, -24.046560000943352 ], [ 28.843684995666091, -24.046430001243547 ], [ 28.843869000553951, -24.046381997231411 ], [ 28.843955002721291, -24.046396997923114 ], [ 28.844151999215434, -24.046442999145061 ], [ 28.844182998846389, -24.046461000874505 ], [ 28.844275002189644, -24.046454003249707 ], [ 28.844447005624868, -24.046414002304399 ], [ 28.844555997161553, -24.046383999122238 ], [ 28.844640003733208, -24.04636899843053 ], [ 28.844738995708184, -24.046324999998788 ], [ 28.844812997321995, -24.046306000921192 ], [ 28.845133003984941, -24.0462180040577 ], [ 28.845168999349848, -24.046218004057703 ], [ 28.845242001816946, -24.046209002743343 ], [ 28.845388998703342, -24.046226997278087 ], [ 28.845524003130269, -24.046243003411931 ], [ 28.845598003844806, -24.046222998892294 ], [ 28.845648002553354, -24.046218004057703 ], [ 28.845696995819772, -24.046209002743343 ], [ 28.84578299798703, -24.046198996886218 ], [ 28.845869000154284, -24.046185998085427 ], [ 28.845899999785232, -24.04616900179802 ], [ 28.846064999300353, -24.046178003112388 ], [ 28.846287002343324, -24.046173000183831 ], [ 28.846373003611301, -24.04616199607927 ], [ 28.846421996877719, -24.046154001106316 ], [ 28.846484005132783, -24.046147999930312 ], [ 28.84663100201918, -24.04613299923852 ], [ 28.846753996899508, -24.046092998293293 ], [ 28.84692600123401, -24.046070001729266 ], [ 28.847025001302868, -24.04606100131419 ], [ 28.847093999088838, -24.046064998800702 ], [ 28.847136002824268, -24.046042998685458 ], [ 28.847179003907936, -24.046015997440392 ], [ 28.847332001071056, -24.046023999607861 ], [ 28.847515997865031, -24.046023999607861 ], [ 28.847725003006495, -24.046051999999818 ], [ 28.847793003444394, -24.046051999999818 ], [ 28.84814100060677, -24.046197998638693 ], [ 28.848581002011681, -24.046368001082367 ], [ 28.848839000419559, -24.046476998914372 ], [ 28.849003998136116, -24.046566998568149 ], [ 28.849092003093485, -24.046647997806836 ], [ 28.849241002770079, -24.046836998428748 ], [ 28.849303002931268, -24.046947999950234 ], [ 28.849309003207985, -24.047109998427715 ], [ 28.849306003069625, -24.047280997320176 ], [ 28.849145001940308, -24.047613003637199 ], [ 28.848981998920159, -24.047942999969504 ], [ 28.848972001157009, -24.048061997363309 ], [ 28.848997997859399, -24.048309997108667 ], [ 28.849021999865467, -24.048535997638158 ], [ 28.849022997213538, -24.048671002065081 ], [ 28.849009001064587, -24.048761000819493 ], [ 28.848975001295369, -24.048919001810447 ], [ 28.848879001364871, -24.049211998235176 ], [ 28.848869002702358, -24.049257001209671 ], [ 28.848833996591726, -24.049359002316173 ], [ 28.84877300187258, -24.04952799841843 ], [ 28.848736001964998, -24.04964100273012 ], [ 28.848715000097197, -24.049707000377825 ], [ 28.848656998321903, -24.049886002337118 ], [ 28.848609998852428, -24.050044003328079 ], [ 28.848488998668426, -24.050426997607833 ], [ 28.848461997423271, -24.050494998945023 ], [ 28.848458997284915, -24.050562999382922 ], [ 28.848430000444253, -24.050698002910476 ], [ 28.848430000444253, -24.050755000143191 ], [ 28.848454001550952, -24.050922997998018 ], [ 28.848470997838351, -24.051014003093741 ], [ 28.848485999429343, -24.051058998873735 ], [ 28.848503002911258, -24.051148999426793 ], [ 28.848544001204729, -24.051239996428727 ], [ 28.84855900279581, -24.051285000302506 ], [ 28.848575999083121, -24.05137499995628 ], [ 28.848668000627725, -24.05153099725776 ], [ 28.848745991634267, -24.051619002215208 ], [ 28.848879001364871, -24.051709001868982 ], [ 28.849103995552955, -24.051833002191355 ], [ 28.849300001893624, -24.051942998270789 ], [ 28.849434998226666, -24.052023000161334 ], [ 28.849607001661902, -24.052141988561885 ], [ 28.849778000554362, -24.052292001774497 ], [ 28.849971996010861, -24.05244499893762 ], [ 28.850352997392953, -24.052667001980577 ], [ 28.850609997553399, -24.052817996353411 ], [ 28.850733001426971, -24.052906998659118 ], [ 28.850831004147572, -24.052981996721797 ], [ 28.850928998774389, -24.053051002601748 ], [ 28.851034997367229, -24.053127996260045 ], [ 28.851077001102826, -24.053169001748028 ], [ 28.851266000825277, -24.053256002162723 ], [ 28.851465996558584, -24.053347997412178 ], [ 28.851684002115036, -24.053513999671321 ], [ 28.851926998931923, -24.053696001769072 ], [ 28.852155999599777, -24.05389299826329 ], [ 28.852385002066185, -24.054091996648356 ], [ 28.852466001304972, -24.054115001306272 ], [ 28.852612997292088, -24.054122997178595 ], [ 28.85272900174213, -24.054109998377708 ], [ 28.852877004070571, -24.054087999161833 ], [ 28.853098001671501, -24.054043003381938 ], [ 28.853307005913589, -24.054010000061499 ], [ 28.853423999617917, -24.05401399844731 ], [ 28.853638997841497, -24.054088995610712 ], [ 28.853854999708552, -24.054164002666571 ], [ 28.853947003051807, -24.054156996947903 ], [ 28.854068999684603, -24.054128996555932 ], [ 28.854152999061661, -24.054060997017405 ], [ 28.854226999776284, -24.053945997110116 ], [ 28.854242998715431, -24.053780002045489 ], [ 28.854240995925323, -24.053681001077347 ], [ 28.854277996732183, -24.053609999601811 ], [ 28.854416997746263, -24.053466003753144 ], [ 28.854447998276584, -24.053440997204323 ], [ 28.854806998644147, -24.053725000408473 ], [ 28.854971998159179, -24.053882999600784 ], [ 28.855141998804207, -24.054059998769969 ], [ 28.855181999749519, -24.054093999438564 ], [ 28.855238996982141, -24.054139003312343 ], [ 28.855358998918707, -24.054307999414696 ], [ 28.855510998733664, -24.054555001811895 ], [ 28.855728996196234, -24.054891995768994 ], [ 28.855891001868311, -24.055141001855766 ], [ 28.855913001084183, -24.055175001625081 ], [ 28.855935001199427, -24.055207996851628 ], [ 28.855972001107006, -24.055275997289439 ], [ 28.856002004289078, -24.055343989633375 ], [ 28.856112000368615, -24.055501001370146 ], [ 28.856292997024234, -24.055749001115597 ], [ 28.85639199709308, -24.05588500199131 ], [ 28.85649699833785, -24.056019997424901 ], [ 28.856579003018584, -24.056136999223192 ], [ 28.856825997321909, -24.056368002681243 ], [ 28.857073007813078, -24.05659800159653 ], [ 28.85713199974202, -24.056679000835228 ], [ 28.857296998357857, -24.056870004247333 ], [ 28.857485998080396, -24.05709599668295 ], [ 28.857566008064811, -24.057231000210503 ], [ 28.857711998609886, -24.057453003253478 ], [ 28.857810999578025, -24.057588996035403 ], [ 28.857854000661604, -24.057656997372582 ], [ 28.857898996441595, -24.057736001015673 ], [ 28.857912003336267, -24.057773999170788 ], [ 28.858052999046752, -24.057919001360865 ], [ 28.8583590005675, -24.058182001797938 ], [ 28.858576000681907, -24.058359000967133 ], [ 28.858641001880731, -24.058424998614832 ], [ 28.85906699814344, -24.058713000204786 ], [ 28.859493999848276, -24.059000002648016 ], [ 28.859642992330276, -24.059070996029682 ], [ 28.859674997403268, -24.059085996721393 ], [ 28.859781004090078, -24.059135996329225 ], [ 28.860085002820615, -24.059267002370259 ], [ 28.860219001805504, -24.059307003315567 ], [ 28.860464998760754, -24.059410999118295 ], [ 28.860551000928012, -24.059442996097413 ], [ 28.860625001642543, -24.059469998241838 ], [ 28.860675001250375, -24.059475999417842 ], [ 28.860711003809882, -24.059472999279482 ], [ 28.860809996684051, -24.059468004444884 ], [ 28.860957000765048, -24.059450999164323 ], [ 28.861023995760817, -24.05943200008673 ], [ 28.861115999104161, -24.059438001262816 ], [ 28.861264001432602, -24.059444000640166 ], [ 28.861338998595926, -24.05945000181617 ], [ 28.861388000855598, -24.059454988556876 ], [ 28.861474003022849, -24.059475001170394 ], [ 28.86163300136197, -24.059578996973126 ], [ 28.861829996057544, -24.059708997572216 ], [ 28.862051001752356, -24.0597940023913 ], [ 28.862197998638845, -24.059844001099854 ], [ 28.862296998707521, -24.059864994873681 ], [ 28.862492996954309, -24.059901995680548 ], [ 28.862715000896653, -24.059981000223019 ], [ 28.86286199688368, -24.06003799655636 ], [ 28.863009001863951, -24.060099996717533 ], [ 28.863288998588516, -24.060212003681062 ], [ 28.863806000846317, -24.06036500084409 ], [ 28.864246002251228, -24.06050100171981 ], [ 28.864380000336748, -24.060546005593771 ], [ 28.864771995930958, -24.060699002756799 ], [ 28.865188003423675, -24.060863004024469 ], [ 28.86537299756581, -24.060935999296966 ], [ 28.865552996873358, -24.061040003193661 ], [ 28.865674005151249, -24.061124001671345 ], [ 28.866054000192015, -24.061418002638735 ], [ 28.866352996893365, -24.061667997979704 ], [ 28.866609997053811, -24.06195800235994 ], [ 28.866983999911739, -24.062209999591818 ], [ 28.867545997949538, -24.062601996085313 ], [ 28.867802000761817, -24.062773003071655 ], [ 28.867951001337698, -24.062858997145039 ], [ 28.868007008416757, -24.062906003809015 ], [ 28.868094997186365, -24.062981001871798 ], [ 28.868349006201786, -24.063183001294504 ], [ 28.868577001427504, -24.063371992923159 ], [ 28.868809003132995, -24.063611000347404 ], [ 28.869042998635521, -24.063824992229669 ], [ 28.869111997320871, -24.063903995872767 ], [ 28.869206999903113, -24.06401499829353 ], [ 28.869408998426621, -24.064253000275745 ], [ 28.869498998080395, -24.064333001266998 ], [ 28.869665998587063, -24.064430995893805 ], [ 28.869907000707546, -24.064590002326803 ], [ 28.870159996186956, -24.064771996330588 ], [ 28.870416997246675, -24.064965999880961 ], [ 28.870466995955141, -24.065006000826372 ], [ 28.870515998214813, -24.065046000872311 ], [ 28.870651999090533, -24.065135004077206 ], [ 28.870785997176043, -24.065251997781523 ], [ 28.870893997659891, -24.065337999948689 ], [ 28.871001999942383, -24.065430002392667 ], [ 28.87107600065692, -24.065496000040369 ], [ 28.8713080023625, -24.065682997872081 ], [ 28.871563997080809, -24.065938003336203 ], [ 28.871664002591707, -24.066094000637669 ], [ 28.871711002061179, -24.066168002251494 ], [ 28.871745001830487, -24.066224001236673 ], [ 28.871748002868131, -24.066292001674576 ], [ 28.871767001945642, -24.066422002273669 ], [ 28.87179400409007, -24.066618001419645 ], [ 28.871811000377381, -24.066751998605884 ], [ 28.871823000930828, -24.066853999712372 ], [ 28.871841002660179, -24.066966995930088 ], [ 28.871885998440078, -24.067136000126325 ], [ 28.87192200189887, -24.067260000448687 ], [ 28.871943002867297, -24.067327002639065 ], [ 28.871965002982542, -24.067395003976333 ], [ 28.872006001275921, -24.067486000978178 ], [ 28.872022996664043, -24.067576000631959 ], [ 28.872050997055918, -24.067666000285637 ], [ 28.872067003189667, -24.067710987971754 ], [ 28.872099998416218, -24.067778997402815 ], [ 28.872120992190137, -24.067829004205159 ], [ 28.872269999960526, -24.067982001368275 ], [ 28.872428997400366, -24.068136003074066 ], [ 28.872625002841662, -24.068260003396432 ], [ 28.872985999704202, -24.068450998714649 ], [ 28.873171001940218, -24.06852400208103 ], [ 28.873293000371753, -24.068575996385185 ], [ 28.873588005881818, -24.068689998045034 ], [ 28.873808996288147, -24.068772001826485 ], [ 28.874005001729447, -24.068839004916136 ], [ 28.874189006617396, -24.068881000557766 ], [ 28.874226996678622, -24.068888996430086 ], [ 28.874276996286454, -24.068900996983437 ], [ 28.874386003111624, -24.068925997237038 ], [ 28.874595000159204, -24.06894600085722 ], [ 28.87481599686085, -24.068902003324837 ], [ 28.874938999835059, -24.068869997352483 ], [ 28.875133003385443, -24.068803999704784 ], [ 28.875229004215214, -24.068794001042349 ], [ 28.875358995821049, -24.068794001042349 ], [ 28.87559200296867, -24.06878100314076 ], [ 28.875837002575668, -24.06878700341748 ], [ 28.875984996810228, -24.068859998690051 ], [ 28.876144002343857, -24.068989992094455 ], [ 28.87623500024516, -24.069116999749685 ], [ 28.876265991782144, -24.069207000302843 ], [ 28.876350995701955, -24.069399000163738 ], [ 28.876492000405605, -24.069624004244432 ], [ 28.876593004163848, -24.069715001246365 ], [ 28.876680002779981, -24.069777001407459 ], [ 28.876926997982583, -24.069923997394579 ], [ 28.87715699599859, -24.070025997601704 ], [ 28.877292000425523, -24.070046992274907 ], [ 28.877452003307393, -24.070065999446385 ], [ 28.877586998741069, -24.070075997209528 ], [ 28.877759003075582, -24.070083993081852 ], [ 28.877955998670441, -24.070084997624612 ], [ 28.878091002198087, -24.070078998247176 ], [ 28.878287997792945, -24.070031001429633 ], [ 28.878522010382518, -24.069970006710399 ], [ 28.878607988268044, -24.069950002190851 ], [ 28.878940002679023, -24.069907001107271 ], [ 28.879247003346585, -24.069904000968897 ], [ 28.879394008326859, -24.069938000738123 ], [ 28.879467002700071, -24.069956999815723 ], [ 28.879517002307903, -24.069972990661004 ], [ 28.879589997580396, -24.069985996656477 ], [ 28.879725002007234, -24.069997000760953 ], [ 28.879933998155529, -24.070010996909989 ], [ 28.880050002605579, -24.070009002213666 ], [ 28.880081999584686, -24.070027003943107 ], [ 28.880168001751944, -24.070037999054421 ], [ 28.880305998223257, -24.070041997440217 ], [ 28.880655001727046, -24.070049999607853 ], [ 28.881012997551853, -24.070062999308028 ], [ 28.881123999073342, -24.070069996932816 ], [ 28.881542009356256, -24.070083993081852 ], [ 28.881960001652857, -24.070099001867444 ], [ 28.882107995887328, -24.070097996425403 ], [ 28.882255000867598, -24.070118998293118 ], [ 28.882304002227997, -24.070121999330848 ], [ 28.882389997200647, -24.070115000806684 ], [ 28.882537998629804, -24.070145003089394 ], [ 28.882698002410962, -24.070177998315938 ], [ 28.882820996391917, -24.070208997946896 ], [ 28.882968997820985, -24.070263003135121 ], [ 28.883102996805963, -24.070282002212632 ], [ 28.883163998719613, -24.07028599879979 ], [ 28.883213000979286, -24.070288999837512 ], [ 28.883287001693823, -24.070282998661511 ], [ 28.883458997934444, -24.070260002097392 ], [ 28.883655994428675, -24.070239001129043 ], [ 28.883789999708792, -24.070229009661134 ], [ 28.88394899714854, -24.070210003389011 ], [ 28.884096998577697, -24.070186998731014 ], [ 28.88436699933758, -24.070149997924066 ], [ 28.884441000052199, -24.070136001775118 ], [ 28.884576002680387, -24.070103000253251 ], [ 28.884711996361595, -24.07009600172908 ], [ 28.884785997975499, -24.07009000055309 ], [ 28.884945002609843, -24.070084997624612 ], [ 28.885082001733092, -24.070106000391608 ], [ 28.885129997651354, -24.070111003320168 ], [ 28.885166001110147, -24.070114002559251 ], [ 28.885202003669573, -24.070124001221679 ], [ 28.885299999195663, -24.070159995687316 ], [ 28.885482998641482, -24.070305996124826 ], [ 28.885637001246639, -24.070481997945851 ], [ 28.88567899688827, -24.070557004102429 ], [ 28.885683999816742, -24.070731003133258 ], [ 28.88567899688827, -24.070914002579162 ], [ 28.885610997349733, -24.071114995660544 ], [ 28.885538001177874, -24.071340997089401 ], [ 28.885523996934953, -24.07140899662793 ], [ 28.885514995620589, -24.071634000708542 ], [ 28.885514995620589, -24.071836996580117 ], [ 28.885539005720631, -24.071996003013215 ], [ 28.885591000024693, -24.072176002320674 ], [ 28.885628000831652, -24.072310000406187 ], [ 28.885678000439484, -24.072425988668471 ], [ 28.885798998824747, -24.07260199858338 ], [ 28.885923997394642, -24.072775997614208 ], [ 28.886036004358164, -24.072876004024391 ], [ 28.88631900212037, -24.073073996967398 ], [ 28.88651400211954, -24.073203000218331 ], [ 28.886760997322227, -24.073345001370768 ], [ 28.887035001863953, -24.073475001969761 ], [ 28.887079997643767, -24.073493002799836 ], [ 28.887171002739674, -24.073528999064113 ], [ 28.887330998426854, -24.073572996596486 ], [ 28.887502005413296, -24.07360299977864 ], [ 28.887636002599532, -24.073652999386386 ], [ 28.887869999001254, -24.073727997449083 ], [ 28.888163002620487, -24.073823997379581 ], [ 28.888272998699929, -24.0738850001926 ], [ 28.888334002412321, -24.073925997586791 ], [ 28.888431997039138, -24.073952003282344 ], [ 28.888487996024235, -24.073956000768867 ], [ 28.888824998974577, -24.074111998070343 ], [ 28.889339998442185, -24.074361004157026 ], [ 28.889546001646721, -24.074482003441751 ], [ 28.889630001023772, -24.074531004802054 ], [ 28.889684006211915, -24.074554002265454 ], [ 28.889888000331027, -24.074727003048753 ], [ 28.890186996133011, -24.075010998159023 ], [ 28.890339004041849, -24.075217999611002 ], [ 28.890401992557944, -24.075326999241664 ], [ 28.890501001619956, -24.075617001823161 ], [ 28.890526999221631, -24.075692000785228 ], [ 28.89066800302599, -24.076153003158566 ], [ 28.890687002103508, -24.076249003988426 ], [ 28.890764002956399, -24.076412996262771 ], [ 28.890846996891497, -24.076626996238904 ], [ 28.890852997168135, -24.076679005831451 ], [ 28.890917998367048, -24.076790996607212 ], [ 28.891057995829911, -24.077031998727787 ], [ 28.891344395727309, -24.077695834195445 ], [ 28.89156689879341, -24.078094484772709 ], [ 28.891780130748533, -24.078289175405121 ], [ 28.891965550269955, -24.07838188381692 ], [ 28.89218805333606, -24.078446780694396 ], [ 28.892364200847211, -24.078539490904834 ], [ 28.892614516346924, -24.078678554871392 ], [ 28.892781392747086, -24.078826889949042 ], [ 28.892985353591303, -24.079142102326124 ], [ 28.893309837079382, -24.079716901313908 ], [ 28.893578694800979, -24.080198990091347 ], [ 28.893995886700846, -24.080662536646706 ], [ 28.894255474210819, -24.080829413946336 ], [ 28.894337889881736, -24.080827301438831 ], [ 28.894617041243496, -24.080820142835339 ], [ 28.894932252721297, -24.080857227279214 ], [ 28.895247465098478, -24.080959207701365 ], [ 28.895432883720712, -24.080977749923257 ], [ 28.895516321920798, -24.081061188123336 ], [ 28.895553406364666, -24.081237335634583 ], [ 28.895618303242141, -24.081608173778239 ], [ 28.895720282764916, -24.082220056310618 ], [ 28.89571101165393, -24.082470371810231 ], [ 28.895639661241418, -24.082609318864982 ], [ 28.895534864142682, -24.082813396621013 ], [ 28.895386529065135, -24.082998816142435 ], [ 28.895330903298564, -24.083193505875663 ], [ 28.895330903298564, -24.083341840953214 ], [ 28.895330903298564, -24.083573615130312 ], [ 28.895451425942603, -24.083916639940995 ], [ 28.895647999755475, -24.084450990121102 ], [ 28.896109998577607, -24.083988001145414 ], [ 28.90038599701623, -24.079682997772156 ], [ 28.903454997350266, -24.08546300171616 ], [ 28.906547200193209, -24.091287269391948 ], [ 28.907173011425375, -24.09246600270389 ], [ 28.907212996182839, -24.092538998875664 ], [ 28.910397002719574, -24.098524998829689 ], [ 28.911118996444557, -24.09988699688741 ], [ 28.911536997734316, -24.100673998106533 ], [ 28.917656996673049, -24.112199999030711 ], [ 28.917879997064276, -24.112618996769342 ], [ 28.917916922328185, -24.112779431325745 ], [ 28.917966996579686, -24.112996998013074 ], [ 28.918628002780125, -24.115946003605153 ], [ 28.91924299966475, -24.11869000334103 ], [ 28.919820995742413, -24.1212709991573 ], [ 28.920498000882095, -24.124289999883604 ], [ 28.921537000232469, -24.128924002240907 ], [ 28.924823656286804, -24.1435876568449 ], [ 28.925338889578132, -24.144162339820149 ], [ 28.925891254078223, -24.144714705219531 ], [ 28.926127981721041, -24.145306523876979 ], [ 28.926443618578141, -24.145661614891612 ], [ 28.926956528920698, -24.1459772517488 ], [ 28.927232710721061, -24.146174525234169 ], [ 28.927982347807152, -24.146963617377001 ], [ 28.929165986920808, -24.147594891091366 ], [ 28.930033988277998, -24.147792163677455 ], [ 28.931059808063736, -24.14810780143392 ], [ 28.931688063653244, -24.148483511205129 ], [ 28.931910828422009, -24.148810231307127 ], [ 28.932282100938298, -24.149077547590803 ], [ 28.933098901193375, -24.149775541108369 ], [ 28.934480036824301, -24.150785404223011 ], [ 28.934816036131259, -24.151139566238015 ], [ 28.935029521695153, -24.151364590103785 ], [ 28.935697813303513, -24.152522961865227 ], [ 28.936258475847989, -24.153415285387144 ], [ 28.936752228832361, -24.154201116588325 ], [ 28.937806644361203, -24.155344637844767 ], [ 28.939410543861616, -24.15668122106149 ], [ 28.940658947652363, -24.157363220136574 ], [ 28.942732792384476, -24.159418013630418 ], [ 28.94576302564311, -24.16233228021056 ], [ 28.948183958323028, -24.164575575202637 ], [ 28.950344370896044, -24.166972173127281 ], [ 28.95128656812064, -24.16873398998165 ], [ 28.951320452776699, -24.170082529685011 ], [ 28.951519554583829, -24.171931339759567 ], [ 28.951690215331233, -24.173268171189118 ], [ 28.951803986764574, -24.174974764273923 ], [ 28.952116862703157, -24.176482254652317 ], [ 28.952416586056668, -24.177681627405249 ], [ 28.952941716387176, -24.17889992818915 ], [ 28.953595910223171, -24.180435862325204 ], [ 28.954335434432767, -24.182142455410013 ], [ 28.954762081804692, -24.183422400223613 ], [ 28.955615379246378, -24.18464545842118 ], [ 28.956639334737527, -24.185726301427653 ], [ 28.95824789542413, -24.187031804074529 ], [ 28.960464828588997, -24.185666506404147 ], [ 28.961423627298583, -24.185076031333793 ], [ 28.962149856830468, -24.186763119022725 ], [ 28.962675738094873, -24.18798478057322 ], [ 28.966913652043441, -24.197269665562615 ], [ 28.967491418793973, -24.198553592574257 ], [ 28.969687559633201, -24.203433904850865 ], [ 28.971748726622462, -24.207960768274891 ], [ 28.974984952293731, -24.215088168883888 ], [ 28.977681806869917, -24.221021249131351 ], [ 28.978690002641496, -24.223460000078926 ], [ 28.98137099587478, -24.229325000748236 ], [ 28.981914002928949, -24.230503001112606 ], [ 28.982124005418569, -24.23038999680092 ], [ 28.985930996618276, -24.228355998330724 ], [ 28.997759001576679, -24.22198199757117 ], [ 28.999719000231703, -24.220924998290091 ], [ 29.001536996835004, -24.219944998063255 ], [ 29.001659999809206, -24.219879001314922 ], [ 29.002137001121792, -24.219622000255118 ], [ 29.002909000749838, -24.219206000856275 ], [ 29.005002996591095, -24.218077002751489 ], [ 29.005625000093755, -24.217740998048583 ], [ 29.005780000046986, -24.217657996019781 ], [ 29.00607899584897, -24.217497003883622 ], [ 29.006217997762501, -24.217421996827674 ], [ 29.006437998015272, -24.217303000333242 ], [ 29.006982002417509, -24.21700999581472 ], [ 29.008002001791006, -24.216460996577727 ], [ 29.014059003220485, -24.213189997720264 ], [ 29.017891002767588, -24.21112499871975 ], [ 29.0207539989979, -24.209581996811735 ], [ 29.021708000723695, -24.209068002786172 ], [ 29.022803007153133, -24.208477998061188 ], [ 29.022927996729692, -24.208411002166041 ], [ 29.02311800189436, -24.208307995617503 ], [ 29.023391129597037, -24.208160869228745 ], [ 29.02346699820346, -24.208120001337001 ], [ 29.024719995731321, -24.207445997234966 ], [ 29.026055997086647, -24.206725000858135 ], [ 29.031591001423649, -24.203739999901064 ], [ 29.037237000087526, -24.200693996131044 ], [ 29.03811799844695, -24.200218997608665 ], [ 29.041524998180218, -24.19838699766181 ], [ 29.044878001718505, -24.189788004013209 ], [ 29.045814001714859, -24.187387000309887 ], [ 29.049244997158969, -24.178519004148757 ], [ 29.049720002875862, -24.177289002285644 ], [ 29.051673003006723, -24.172242998915291 ], [ 29.055199000133797, -24.163130004046522 ], [ 29.055422546413418, -24.162578713336998 ], [ 29.054420153966944, -24.162432210178419 ], [ 29.053489041785902, -24.162266871618861 ], [ 29.052557929604763, -24.162031918338378 ], [ 29.051163276264219, -24.161624491277315 ], [ 29.051008976882859, -24.161579414558339 ], [ 29.048798674419309, -24.160900661136605 ], [ 29.047345442838022, -24.160491666557157 ], [ 29.046118462696974, -24.160187097656475 ], [ 29.045082926635811, -24.15998695173646 ], [ 29.043734119833822, -24.159786806715818 ], [ 29.042219975371573, -24.159647574575864 ], [ 29.040914677770186, -24.15959536263594 ], [ 29.039470148928306, -24.159630170895682 ], [ 29.03819965868739, -24.159717191095528 ], [ 29.037181313167121, -24.159829763732603 ], [ 29.036184455148501, -24.159964755569067 ], [ 29.035405660243132, -24.16011013097776 ], [ 29.03446072188482, -24.160328193191553 ], [ 29.033681926080085, -24.160546256304716 ], [ 29.032788908281528, -24.160816239078194 ], [ 29.031760897747322, -24.161200443845399 ], [ 29.030462905338918, -24.16168848883266 ], [ 29.028541877006074, -24.162550355914188 ], [ 29.025387722565327, -24.163899068287353 ], [ 29.02205000030737, -24.165399999910154 ], [ 29.021086803912908, -24.161895969623259 ], [ 29.018754931994589, -24.161753202248534 ], [ 29.019587743779457, -24.158493339695923 ], [ 29.022084251886813, -24.149108095761999 ], [ 29.02251255491052, -24.14756144710308 ], [ 29.022750501134759, -24.146538277619449 ], [ 29.022988447358994, -24.145657878208478 ], [ 29.023107419571787, -24.145372341660291 ], [ 29.023301918648631, -24.145078536745054 ], [ 29.023594913097067, -24.145263336015958 ], [ 29.025701123707968, -24.142412298688665 ], [ 29.029770072107247, -24.136967594415012 ], [ 29.029437000117522, -24.136792999097608 ], [ 29.028730998137092, -24.136343000828827 ], [ 29.026532008245585, -24.134942997421405 ], [ 29.025037999603981, -24.13407199682522 ], [ 29.024272000252655, -24.133626004136747 ], [ 29.02360500186937, -24.133101996160278 ], [ 29.023552010217152, -24.133060997866799 ], [ 29.021057001279654, -24.131574003037844 ], [ 29.020511998629889, -24.131197000041553 ], [ 29.018973999650427, -24.130252996078909 ], [ 29.017381996382099, -24.12927400219348 ], [ 29.017037995806877, -24.129020002171405 ], [ 29.016128007801306, -24.128345997170083 ], [ 29.011862998178856, -24.125808003336765 ], [ 29.009199001232972, -24.12406999243623 ], [ 29.008203002966265, -24.12341999663558 ], [ 29.005426000809326, -24.114027004142972 ], [ 29.005298925704928, -24.113598125553089 ], [ 29.005209998942355, -24.113297996605354 ], [ 29.002149999023302, -24.102929003170988 ], [ 29.002087002413326, -24.102713000404645 ], [ 29.002208000798689, -24.10247600386456 ], [ 29.003139996114005, -24.100658997414826 ], [ 29.003225998281263, -24.100489003065025 ], [ 29.015918407308703, -24.106826332169536 ], [ 29.016302080576608, -24.106912658092742 ], [ 29.016599427022037, -24.106922250261668 ], [ 29.017107793989581, -24.106922250261672 ], [ 29.017875141424682, -24.106922250261672 ], [ 29.01786554925576, -24.107104495176301 ], [ 29.017855957086827, -24.107257963584146 ], [ 29.017712079948542, -24.107382658183141 ], [ 29.017625753126048, -24.107545718759926 ], [ 29.017625653301273, -24.107546620779974 ], [ 29.017606569687477, -24.107718372404989 ], [ 29.017760038994695, -24.107929392027835 ], [ 29.017951876078243, -24.10808286133496 ], [ 29.018143712262518, -24.108284289688246 ], [ 29.018258813793313, -24.108476126771887 ], [ 29.018431467438379, -24.108687147294013 ], [ 29.018671262668725, -24.108850207870869 ], [ 29.018987792552622, -24.108898166916941 ], [ 29.019313916404105, -24.108821432263284 ], [ 29.019707180941662, -24.108744697609723 ], [ 29.020157996694209, -24.108667962956162 ], [ 29.020426568431418, -24.10851449364894 ], [ 29.020439840626135, -24.108506198302397 ], [ 29.020733507045762, -24.108322656565388 ], [ 29.021011670052619, -24.108130821280398 ], [ 29.021347384274371, -24.107843066104625 ], [ 29.021529629189086, -24.107651229021073 ], [ 29.021750240980939, -24.107382658183148 ], [ 29.021855751241915, -24.107142862053525 ], [ 29.022018811818782, -24.10688388338453 ], [ 29.022162689856351, -24.106749596616599 ], [ 29.022402485086687, -24.106663269794108 ], [ 29.022690240262378, -24.106557760432331 ], [ 29.022997178876814, -24.106385106787261 ], [ 29.023208199398937, -24.106270005256551 ], [ 29.023438403359719, -24.10619327060299 ], [ 29.023678198590058, -24.106250821817977 ], [ 29.024071464026896, -24.106404291125202 ], [ 29.024886769608788, -24.106749596616602 ], [ 29.025548605883458, -24.106931842430594 ], [ 29.025951462590033, -24.107056536130223 ], [ 29.026344728026871, -24.107094903007461 ], [ 29.026709217856212, -24.107037351792378 ], [ 29.026920238378334, -24.107046943961304 ], [ 29.027131258001173, -24.107046943961304 ], [ 29.027860236760578, -24.107046943961304 ], [ 29.02817676844322, -24.107066127399872 ], [ 29.028445339280967, -24.10699898491524 ], [ 29.028742685726389, -24.106874291215597 ], [ 29.029164725871439, -24.106653679423836 ], [ 29.029721052784428, -24.106298780864051 ], [ 29.030210236313398, -24.106030210026212 ], [ 29.030574726142738, -24.105713679242935 ], [ 29.030948807241728, -24.105387557190024 ], [ 29.031303704902054, -24.104869598053551 ], [ 29.031485949816769, -24.104668169700265 ], [ 29.031744929385045, -24.104428373570638 ], [ 29.032003908053955, -24.104246128655923 ], [ 29.032330031006154, -24.104073475910234 ], [ 29.032800030197279, -24.103824087611507 ], [ 29.033001458550558, -24.103584293280537 ], [ 29.033135745318404, -24.103344497150832 ], [ 29.033260438118752, -24.103114293190139 ], [ 29.033423499594893, -24.10296082388292 ], [ 29.033672886994161, -24.102788171137224 ], [ 29.033749621647722, -24.102634700930722 ], [ 29.033701662601658, -24.102538782838586 ], [ 29.033682479163176, -24.102462048185025 ], [ 29.033644112286037, -24.102308578877892 ], [ 29.033461867371315, -24.102078374917109 ], [ 29.033001458550558, -24.101819396248196 ], [ 29.032579418405508, -24.101646742603119 ], [ 29.032234112014649, -24.101531641072416 ], [ 29.031860030915752, -24.101416538642344 ], [ 29.031629826954973, -24.101243885896643 ], [ 29.031399622994186, -24.100850621359086 ], [ 29.031207785910638, -24.100361436930747 ], [ 29.031006357557438, -24.100188784185047 ], [ 29.030862481318518, -24.099987355831846 ], [ 29.030833704811737, -24.099805110917128 ], [ 29.030833704811737, -24.099632458171428 ], [ 29.031015949726363, -24.09922000929603 ], [ 29.031207785910638, -24.098951437558821 ], [ 29.031380438656331, -24.098740417935975 ], [ 29.031629826954973, -24.098452662760202 ], [ 29.031965541176817, -24.098241643137357 ], [ 29.032138193922517, -24.098011439176666 ], [ 29.032214928576167, -24.097790825586159 ], [ 29.032349214444729, -24.097551031255097 ], [ 29.032589009675153, -24.097167357087905 ], [ 29.032694519936214, -24.096889194081058 ], [ 29.032963091673331, -24.096572664197065 ], [ 29.033145335688761, -24.096409602721007 ], [ 29.033481049910524, -24.096256133413792 ], [ 29.033845539739865, -24.096112256275589 ], [ 29.034286764222852, -24.095949194799537 ], [ 29.034603295006129, -24.095766949884819 ], [ 29.034910232721103, -24.095565522430991 ], [ 29.03516921318867, -24.095306541963343 ], [ 29.035447376195517, -24.094932460864442 ], [ 29.035667987987281, -24.09457756320403 ], [ 29.035936558825213, -24.094308992366102 ], [ 29.036080436862694, -24.094145930890051 ], [ 29.036128395908761, -24.093886951321775 ], [ 29.036022885647697, -24.093570421437772 ], [ 29.035879007610127, -24.093273074093162 ], [ 29.035773498248346, -24.092735930618666 ], [ 29.035754314809864, -24.092323482642623 ], [ 29.035754314809864, -24.091997359690431 ], [ 29.035879007610127, -24.091747973190444 ], [ 29.036080436862694, -24.091498584891806 ], [ 29.036301048654554, -24.091354707753606 ], [ 29.036607988168182, -24.091191646277466 ], [ 29.036943702389934, -24.091038176970336 ], [ 29.037221865396784, -24.090951851047119 ], [ 29.037500028403631, -24.090913483270601 ], [ 29.037720640195491, -24.090731239255351 ], [ 29.038046762248321, -24.090453075349131 ], [ 29.038152271610105, -24.090194095780944 ], [ 29.03824819060161, -24.089944708381594 ], [ 29.038411252077662, -24.089618586328676 ], [ 29.038555129215865, -24.089234913060849 ], [ 29.038631863869426, -24.088755320801429 ], [ 29.038718189792725, -24.087987975164975 ], [ 29.038794925345574, -24.08745083169056 ], [ 29.038919619045295, -24.087086342760507 ], [ 29.039140230837059, -24.086606751400542 ], [ 29.039466352889889, -24.086021648879981 ], [ 29.039763700234595, -24.085407771651372 ], [ 29.040089822287513, -24.085062466159886 ], [ 29.040463904285776, -24.0848034865916 ], [ 29.040751658562275, -24.084534915753764 ], [ 29.040953086915472, -24.084352670839142 ], [ 29.041144923999113, -24.084208792801579 ], [ 29.041403902668023, -24.084180018093353 ], [ 29.041749209058796, -24.084103283439791 ], [ 29.042171250103124, -24.083968997571223 ], [ 29.042593290248181, -24.083805936095093 ], [ 29.0429481879086, -24.083594915572963 ], [ 29.043514106091131, -24.083259202250396 ], [ 29.043734717882991, -24.083038589559258 ], [ 29.044137574589477, -24.082645325021797 ], [ 29.044578799072379, -24.082242468315226 ], [ 29.044866554248159, -24.081849202878388 ], [ 29.045260720805683, -24.08116911396343 ], [ 29.037156000848835, -24.068301999038059 ], [ 29.03577399107688, -24.060780001995486 ], [ 29.033010003908583, -24.045735999816554 ], [ 29.033454999248892, -24.045427005352053 ], [ 29.035513000624519, -24.043209998442709 ], [ 29.05035600162828, -24.027218002009214 ], [ 29.069961001898776, -24.01670099815253 ], [ 29.073108001333242, -24.012402993303528 ], [ 29.07756099804168, -24.006382998976228 ], [ 29.084411000966917, -23.996785997076124 ], [ 29.090000999746429, -23.989208000149087 ], [ 29.093314003238774, -23.984405999936953 ], [ 29.093330002177925, -23.984439999706261 ], [ 29.093429999594854, -23.984650002195892 ], [ 29.095029998735495, -23.985360001662752 ], [ 29.101539998572118, -23.988259998700013 ], [ 29.104710002664586, -23.989660002107446 ], [ 29.11128000886535, -23.992580002764981 ], [ 29.120040002743991, -23.996459998230339 ], [ 29.128160001283145, -24.00012000063753 ], [ 29.130730001088743, -24.001270002408766 ], [ 29.130799997122242, -24.001209988849933 ], [ 29.136530002357777, -24.003769998086973 ], [ 29.136800002218386, -24.003890000922819 ], [ 29.144659998660089, -24.007420010824802 ], [ 29.148509999037259, -24.009139996613531 ], [ 29.14895000044217, -24.009099995668304 ], [ 29.156420003180678, -24.008339996593612 ], [ 29.156430001843113, -24.008249997839123 ], [ 29.157010008804857, -24.008180001805702 ], [ 29.183250000287355, -24.009060002816877 ], [ 29.18333999904176, -24.009060002816877 ], [ 29.183799995973065, -24.009080000141921 ], [ 29.199439996858384, -24.013670003168119 ], [ 29.199039997298065, -24.014089999154105 ], [ 29.190619996615602, -24.022460000228822 ], [ 29.180660003156635, -24.032330002127981 ], [ 29.180627998083736, -24.03235899896865 ], [ 29.173549999033316, -24.038880003809108 ], [ 29.153680001830693, -24.056790002356799 ], [ 29.152660001557916, -24.064820001242094 ], [ 29.162150001221615, -24.079280006167362 ], [ 29.185289999034261, -24.070440002304306 ], [ 29.185999999400497, -24.076250001336508 ], [ 29.186836239400943, -24.083176979933715 ], [ 29.186910002694464, -24.083787997318225 ], [ 29.187050001056782, -24.084949997844163 ], [ 29.187299996397751, -24.087079998043492 ], [ 29.187660003106728, -24.089959997755717 ], [ 29.187949999392998, -24.092929998020988 ], [ 29.195830000354341, -24.094739998751969 ], [ 29.21049000191211, -24.098440003003756 ], [ 29.230039999646305, -24.109059998120408 ], [ 29.232200002128426, -24.128000001898531 ], [ 29.234190003066235, -24.14542999899529 ], [ 29.228499997876643, -24.14413999976119 ], [ 29.212230000314364, -24.155660000408734 ], [ 29.191719997879638, -24.170280001021283 ], [ 29.19033999989113, -24.202559996746501 ], [ 29.195280003769184, -24.231150003070208 ], [ 29.188969998766495, -24.256940002579068 ], [ 29.168780003894174, -24.270229995817694 ], [ 29.147989996641098, -24.223779997748711 ], [ 29.099530002107915, -24.232069996932815 ], [ 29.072670003617812, -24.206449998968349 ], [ 29.04883000410145, -24.230710002564575 ], [ 29.039350003100175, -24.240349999253041 ], [ 29.03204000324364, -24.247829999754696 ], [ 29.035990001937101, -24.264520003195678 ], [ 29.038550003080257, -24.275030001333509 ], [ 29.039310002154952, -24.277740000400701 ], [ 29.039970002913361, -24.280840001265062 ], [ 29.040739999751203, -24.284119999638332 ], [ 29.044079997294098, -24.29802000302077 ], [ 29.063160000333838, -24.299840002414189 ], [ 29.050850007322051, -24.371109999326986 ], [ 29.002900000334851, -24.359040002094453 ], [ 28.985989996641099, -24.367370002223858 ], [ 28.978470002388729, -24.37110999932699 ], [ 28.950089997655351, -24.381749998063999 ], [ 28.91317000738999, -24.41478000319464 ], [ 28.911820002691034, -24.414290003980547 ], [ 28.863850000177429, -24.397150002270784 ], [ 28.878190003166132, -24.386219999153624 ], [ 28.864330000729005, -24.373509997588361 ], [ 28.85307000217891, -24.363189997420509 ], [ 28.851600002737982, -24.353680001330961 ], [ 28.848600001089192, -24.334150000022525 ], [ 28.831230001363515, -24.333200002078485 ], [ 28.813810002029999, -24.332230002312823 ], [ 28.801270001109764, -24.331610001600357 ], [ 28.821560003291541, -24.293889996925877 ], [ 28.82420999689387, -24.290550000282266 ], [ 28.850879998313282, -24.256739999651344 ], [ 28.850849999627787, -24.256739999651348 ], [ 28.847140000310876, -24.256529997161635 ], [ 28.843400003207663, -24.256309996908861 ], [ 28.839669997572365, -24.25608999665609 ], [ 28.835929999569871, -24.25586999100728 ], [ 28.833580000916331, -24.255819997694768 ], [ 28.831930002167852, -24.255729998040994 ], [ 28.831159998135409, -24.255689997095683 ], [ 28.829149999872641, -24.255580000116954 ], [ 28.827929997571413, -24.255520002745978 ], [ 28.825969998916399, -24.255410000371203 ], [ 28.823930000169401, -24.255299997097254 ], [ 28.823139997912634, -24.255259996151938 ], [ 28.819939999631348, -24.255090000003495 ], [ 28.819279998872943, -24.25504999995756 ], [ 28.815940001330048, -24.254869999750728 ], [ 28.812660001158132, -24.254700000005062 ], [ 28.811940003028756, -24.254659999059658 ], [ 28.81218999926908, -24.255319999818159 ], [ 28.812580000166882, -24.256690000043506 ], [ 28.812769999036316, -24.256969997667266 ], [ 28.812070002728472, -24.257070003178157 ], [ 28.80975000006249, -24.257929999669773 ], [ 28.809389999648829, -24.258100001214085 ], [ 28.808779999397544, -24.257459997780728 ], [ 28.808310002904353, -24.256870000250341 ], [ 28.807889999723759, -24.256219997255084 ], [ 28.807490000163444, -24.255729998040994 ], [ 28.806870000350266, -24.255379990893911 ], [ 28.806710002864428, -24.255230000164381 ], [ 28.806559994148493, -24.255090000003495 ], [ 28.806400002957883, -24.254939996683511 ], [ 28.806090003051253, -24.254889991679811 ], [ 28.805690002591561, -24.254869999750724 ], [ 28.805489999663827, -24.254900002932793 ], [ 28.805300001693766, -24.254920000257844 ], [ 28.805109998327833, -24.254860001987581 ], [ 28.804920000357765, -24.254789999658762 ], [ 28.804780000196882, -24.254640001734721 ], [ 28.80463000317221, -24.25447999975221 ], [ 28.804550002180953, -24.254269997262583 ], [ 28.804299999645306, -24.254269997262586 ], [ 28.801270002009048, -24.254099996617555 ], [ 28.798229994019081, -24.253940000031008 ], [ 28.795200001778678, -24.253770000285257 ], [ 28.792320002066543, -24.253620002361224 ], [ 28.792159999184673, -24.253609997403466 ], [ 28.789120002885884, -24.253449999917535 ], [ 28.788590002726487, -24.253419999433486 ], [ 28.785580002415262, -24.253249997889089 ], [ 28.78279000235672, -24.253099999965059 ], [ 28.779990002736469, -24.252950002940292 ], [ 28.774410002619575, -24.252650000796898 ], [ 28.773729999140176, -24.250070003228075 ], [ 28.773050001056735, -24.24747999890284 ], [ 28.772409996724008, -24.245210000341277 ], [ 28.771769999585878, -24.242950000442232 ], [ 28.771119998389278, -24.240680001880577 ], [ 28.770480001251059, -24.238409997023776 ], [ 28.76987999786364, -24.236290002681478 ], [ 28.769280000771452, -24.234159997086202 ], [ 28.76867999918268, -24.23204000184462 ], [ 28.768549997684318, -24.231539996773495 ], [ 28.768049999807708, -24.229820002890886 ], [ 28.767550001931092, -24.228109999576834 ], [ 28.76728999983364, -24.227210008435208 ], [ 28.767190003316085, -24.22690000223335 ], [ 28.75972999834082, -24.230490002311804 ], [ 28.753690000393249, -24.23339999711223 ], [ 28.74070999986666, -24.220989997690264 ], [ 28.732620002711013, -24.21322999866549 ], [ 28.727779998947817, -24.208579998268299 ], [ 28.728579998068451, -24.208439999906069 ], [ 28.733769997287556, -24.207559997995524 ], [ 28.733950002890339, -24.207530009202571 ], [ 28.738449999967614, -24.20675999887489 ], [ 28.740059997770775, -24.206480000351771 ], [ 28.743069998081999, -24.203160006429233 ], [ 28.743400001608816, -24.202509998038035 ], [ 28.753460000578585, -24.182559999844148 ], [ 28.738160002781971, -24.185880000062006 ], [ 28.728250000836869, -24.18802999668701 ], [ 28.705610000001556, -24.192939998282355 ], [ 28.686339999891114, -24.196320003065704 ], [ 28.66531000315419, -24.200009999661717 ], [ 28.669869997602362, -24.174579999667316 ], [ 28.665789999209185, -24.145789997610386 ], [ 28.692878602665449, -24.116481511212832 ], [ 28.675110002724534, -24.106430000044551 ], [ 28.674810000581047, -24.106259999399516 ], [ 28.670630002972292, -24.103879996664539 ], [ 28.663699999955075, -24.099929997971078 ], [ 28.643000000449742, -24.088149997024725 ], [ 28.627040000995269, -24.076060001567875 ], [ 28.618699996807479, -24.057699997556888 ], [ 28.600850001026807, -24.025330002177892 ], [ 28.59299100193326, -24.012189001421273 ], [ 28.626229710033119, -23.993938392742631 ], [ 28.627462772289153, -23.993896874641056 ], [ 28.628996462616691, -23.993731070232727 ], [ 28.630115643721993, -23.993606717376082 ], [ 28.631421354112291, -23.993275107660128 ], [ 28.632747790278351, -23.992881322415101 ], [ 28.63378406917953, -23.992508262046634 ], [ 28.635006877365527, -23.991969397269919 ], [ 28.642509530890198, -23.988715483732637 ], [ 28.650613225619942, -23.98519213780687 ], [ 28.667193677246456, -23.978041818874811 ], [ 28.662993541119111, -23.964318507992736 ], [ 28.672276004234249, -23.96010300335093 ], [ 28.703232000956142, -23.946038999600187 ], [ 28.703285997151127, -23.945986998101525 ], [ 28.715213003077661, -23.934475008614779 ], [ 28.726474997223445, -23.923599999940034 ], [ 28.729275004038207, -23.920968998220708 ], [ 28.72993120965765, -23.920326963218745 ], [ 28.730008395770884, -23.920076109924512 ], [ 28.730138899990227, -23.919479518565002 ], [ 28.73053041264852, -23.918957501687366 ], [ 28.730940570051313, -23.918472770701882 ], [ 28.731481230774264, -23.918025328306307 ], [ 28.732077822133775, -23.917521954374703 ], [ 28.732767630921465, -23.917149083763245 ], [ 28.732991352568984, -23.916776214051069 ], [ 28.733028640259608, -23.916496561766898 ], [ 28.73293542193224, -23.916198267436155 ], [ 28.7328981351409, -23.915918614252615 ], [ 28.733177788324358, -23.915844039770644 ], [ 28.733494727399783, -23.915806752979297 ], [ 28.733658020001624, -23.915822825662847 ], [ 28.733681161356589, -23.915825396824612 ], [ 28.733942169795366, -23.916160979745442 ], [ 28.73440825693562, -23.91655249330293 ], [ 28.735077997351727, -23.916802995861623 ], [ 28.735241000371875, -23.916885001441724 ], [ 28.735461997972894, -23.916990999135287 ], [ 28.73558400269966, -23.917033002870792 ], [ 28.735780999193803, -23.917108999181018 ], [ 28.735879001914405, -23.91715100201716 ], [ 28.736112998316301, -23.917248008288972 ], [ 28.736332997669795, -23.917352003192416 ], [ 28.736688002349489, -23.917573999040794 ], [ 28.736871999143467, -23.917697999363241 ], [ 28.736970001864165, -23.917756997587421 ], [ 28.737188996674892, -23.917938003236284 ], [ 28.737328995936501, -23.918062002659369 ], [ 28.737444003038384, -23.918128001206259 ], [ 28.737603997826291, -23.918246000352635 ], [ 28.737752000154732, -23.918351000698117 ], [ 28.737953998678151, -23.918489995416962 ], [ 28.738282997662296, -23.918701002449339 ], [ 28.738468000797599, -23.918834993340262 ], [ 28.738847995838363, -23.919111998020341 ], [ 28.739140003008806, -23.9193069980196 ], [ 28.739397003169156, -23.919489001016625 ], [ 28.739676003444842, -23.919684001915165 ], [ 28.739748998717332, -23.919728000346911 ], [ 28.739956998416844, -23.919826003067609 ], [ 28.740238998830801, -23.91993999663357 ], [ 28.740313000444612, -23.919962994096966 ], [ 28.740473003326493, -23.920022001314297 ], [ 28.740730004386212, -23.920124999768955 ], [ 28.740864998920607, -23.920180002305347 ], [ 28.741097997974258, -23.920239998776964 ], [ 28.741444001339595, -23.920335002258582 ], [ 28.741593001016188, -23.920367996585842 ], [ 28.741738999655144, -23.920398997115996 ], [ 28.741887001983585, -23.920406001935465 ], [ 28.742095000783721, -23.920407996631791 ], [ 28.742206003204583, -23.920419998084512 ], [ 28.742538002326992, -23.920443002742417 ], [ 28.742696991672858, -23.920447997577011 ], [ 28.742942996721997, -23.920466996654607 ], [ 28.743114003708339, -23.920505002903514 ], [ 28.743359003315437, -23.920537998130065 ], [ 28.743708996073323, -23.920574000689577 ], [ 28.743887998032712, -23.920621000159045 ], [ 28.744157997893311, -23.920674996354034 ], [ 28.744894002156538, -23.920816000158307 ], [ 28.74501699703686, -23.920835996583989 ], [ 28.745165995814084, -23.92085999859005 ], [ 28.745250004184392, -23.920874002832971 ], [ 28.745360996712716, -23.920891995569164 ], [ 28.745803000907827, -23.920983998912416 ], [ 28.745988003143935, -23.921011999304291 ], [ 28.746122998577523, -23.921033997620874 ], [ 28.746281996017359, -23.921074995914349 ], [ 28.746466999152751, -23.921113002163338 ], [ 28.746612997791615, -23.921147001932564 ], [ 28.746674997952798, -23.921160998081604 ], [ 28.746897000995858, -23.921208004745587 ], [ 28.747118996844318, -23.921244000110502 ], [ 28.747228002770115, -23.921266996674532 ], [ 28.747389003899428, -23.921297997204853 ], [ 28.747583996704087, -23.921336002554479 ], [ 28.747855001107453, -23.921395001678018 ], [ 28.748003003435894, -23.921426999556409 ], [ 28.748125000968056, -23.921454999048997 ], [ 28.748227001175181, -23.921479999302598 ], [ 28.748345997669709, -23.921504997757463 ], [ 28.748513997323183, -23.921541009310133 ], [ 28.748640996884539, -23.921575001884843 ], [ 28.748748000919502, -23.921607997111391 ], [ 28.748803002556617, -23.921622001354319 ], [ 28.748879006960632, -23.921634001907666 ], [ 28.749251996282638, -23.921683003268058 ], [ 28.749374001009404, -23.921693999278652 ], [ 28.749718001584537, -23.92173400022396 ], [ 28.749926997732839, -23.921755999439835 ] ] ] } },
{ "type": "Feature", "properties": { "Municipali": "Mogalakwena Local Municipality", "WardNo": "17", "WardLabel": "LIM367_17", "Province": "Limpopo", "CLASSIFICATION": "Service centre", "PopGBlack": 11919.52085, "PopGColour": 24.143433639000001, "PopGIndian": 32.639132514000003, "PopGWhite": 5.066272491, "PopGOther": 35.0269059, "PopGTotal": 12016.396594 }, "geometry": { "type": "Polygon", "coordinates": [ [ [ 28.873757540677975, -23.982052538893573 ], [ 28.874712847320119, -23.983933297383768 ], [ 28.87486211319596, -23.9843810968102 ], [ 28.874869153988261, -23.984593468114117 ], [ 28.875409954106107, -23.985700820436577 ], [ 28.875641724685906, -23.986821049252061 ], [ 28.875847744078115, -23.987761010762032 ], [ 28.876337039123129, -23.988803982417913 ], [ 28.877392887271952, -23.990683906337203 ], [ 28.877328505706004, -23.991340592194614 ], [ 28.876465801355742, -23.992229048631753 ], [ 28.876401419789705, -23.992576705850325 ], [ 28.877225497358911, -23.992718343676682 ], [ 28.877560278084452, -23.992795600836281 ], [ 28.87799806805646, -23.992898610982124 ], [ 28.880084011368051, -23.992048782225503 ], [ 28.880547554326203, -23.991842762833208 ], [ 28.881320125023841, -23.991417849354228 ], [ 28.881706410822211, -23.99125045764254 ], [ 28.881757164061952, -23.991420771251619 ], [ 28.881920684192277, -23.991385373935874 ], [ 28.882130226228977, -23.991365882029918 ], [ 28.882300782655026, -23.991365882029907 ], [ 28.882446974648211, -23.991370754556652 ], [ 28.882593166641385, -23.991458469932503 ], [ 28.882836819963259, -23.991677757922226 ], [ 28.883021995768527, -23.99182394991541 ], [ 28.883251029711268, -23.991882427432099 ], [ 28.883450825795038, -23.991838569294536 ], [ 28.883718844449156, -23.991760599871792 ], [ 28.883967370297938, -23.991682631348421 ], [ 28.884318230901709, -23.991648520063162 ], [ 28.884576502703524, -23.991643646636962 ], [ 28.884781171314028, -23.991643646636962 ], [ 28.884985839924621, -23.991663139442288 ], [ 28.885141777870825, -23.991745981391947 ], [ 28.885356193333717, -23.991862933727404 ], [ 28.885526749759677, -23.991945775677063 ], [ 28.885672941752855, -23.991960395955566 ], [ 28.885824007172225, -23.991965269381669 ], [ 28.8860043095513, -23.991911665291166 ], [ 28.886184612829656, -23.99182394991541 ], [ 28.886462378336159, -23.991663139442291 ], [ 28.886715776711775, -23.991512074022996 ], [ 28.886978921939786, -23.99139999421438 ], [ 28.887100748600716, -23.991370754556652 ], [ 28.887388259160883, -23.991356136076803 ], [ 28.887690389100261, -23.99138537393587 ], [ 28.888046123130135, -23.991424358647244 ], [ 28.888396982834536, -23.991448723979389 ], [ 28.888669874015569, -23.991438978026455 ], [ 28.888884288579092, -23.991390247362066 ], [ 28.889127941901052, -23.991317151365521 ], [ 28.88935210331697, -23.991175832798454 ], [ 28.889547025075174, -23.991092990848887 ], [ 28.889737075205922, -23.991083244895865 ], [ 28.890034331719097, -23.991039386758299 ], [ 28.890346207611501, -23.991019894852254 ], [ 28.89056549470185, -23.990917560097365 ], [ 28.890775036738638, -23.990790860909513 ], [ 28.890979705349231, -23.990591064825825 ], [ 28.891184373959739, -23.990444872832647 ], [ 28.891379296617306, -23.990342538977039 ], [ 28.891666807177472, -23.990279188933435 ], [ 28.891944571784606, -23.990288935785738 ], [ 28.892197971059502, -23.990323047070991 ], [ 28.89244505889236, -23.990367603981692 ], [ 28.892495227572773, -23.990376651161498 ], [ 28.892699896183366, -23.990371777735383 ], [ 28.892885071988545, -23.990298681738842 ], [ 28.892977660790411, -23.990181727604647 ], [ 28.8930215180287, -23.990020917131616 ], [ 28.893002026122655, -23.989830867900249 ], [ 28.892999456759622, -23.989743515850563 ], [ 28.892997152696459, -23.989665184001112 ], [ 28.892987406743526, -23.989514118581734 ], [ 28.8930215180287, -23.989406911299934 ], [ 28.893109233404466, -23.989314323397341 ], [ 28.893289536682815, -23.989202242689338 ], [ 28.893435727776627, -23.989119400739774 ], [ 28.89359166572282, -23.989056050696256 ], [ 28.893752477095216, -23.989046304743141 ], [ 28.893874303756157, -23.989080416028401 ], [ 28.893952273178897, -23.989216862068556 ], [ 28.894044861081486, -23.98940203787382 ], [ 28.894220290933731, -23.98953848391389 ], [ 28.894400595111453, -23.989611579910527 ], [ 28.894571152436782, -23.989616453336723 ], [ 28.894756328242053, -23.989543357340086 ], [ 28.894917138714987, -23.989421530679145 ], [ 28.89511693479875, -23.989328941877194 ], [ 28.895277746171057, -23.989250973353734 ], [ 28.895414191311932, -23.98925097335373 ], [ 28.895423784380142, -23.989254570641975 ], [ 28.895648097781507, -23.989338688729497 ], [ 28.895833275385421, -23.989421530679145 ], [ 28.895998959284647, -23.989436150058275 ], [ 28.896174389136803, -23.989421530679142 ], [ 28.896344945562852, -23.989353308108711 ], [ 28.896408295606463, -23.989255846779923 ], [ 28.896500884408333, -23.989148638598838 ], [ 28.896578852931793, -23.989041432216307 ], [ 28.896759156210145, -23.988968336219767 ], [ 28.896789501134585, -23.988962499619671 ], [ 28.897012554585764, -23.988919604656008 ], [ 28.897348796709679, -23.988909858703067 ], [ 28.897602195984664, -23.988885494270196 ], [ 28.897668599226506, -23.988861514747118 ], [ 28.897777625836827, -23.988822144226592 ], [ 28.897938437209223, -23.988744174803848 ], [ 28.898084629202309, -23.988622349042192 ], [ 28.898245439675335, -23.988432298911537 ], [ 28.898362392910169, -23.988159407730507 ], [ 28.898557315567736, -23.987579513183992 ], [ 28.898654776896521, -23.987399209905636 ], [ 28.89874736479911, -23.987111700244753 ], [ 28.89884755377161, -23.986786085409488 ], [ 28.89890330274531, -23.986604900795598 ], [ 28.899005638399572, -23.986405105611112 ], [ 28.899122590735036, -23.98625891361802 ], [ 28.899263910201384, -23.986146832910016 ], [ 28.899492944144132, -23.985986022436993 ], [ 28.899882788559896, -23.985742369115034 ], [ 28.900126441881863, -23.985527954551511 ], [ 28.900311617687045, -23.985357397226085 ], [ 28.900477301586264, -23.985147856088663 ], [ 28.900594255720371, -23.984977298763337 ], [ 28.900725828334338, -23.984870090582248 ], [ 28.900876892854424, -23.984835980196351 ], [ 28.901008466367664, -23.984816488290306 ], [ 28.901169276840697, -23.984787248632681 ], [ 28.901310596307042, -23.9846459300657 ], [ 28.901442168021635, -23.984519230877844 ], [ 28.901563994682665, -23.984412023596043 ], [ 28.901666329437642, -23.984343801025606 ], [ 28.901807648004624, -23.984304816314232 ], [ 28.901997697235998, -23.9843291807471 ], [ 28.90213901580298, -23.984397404216818 ], [ 28.90229495374918, -23.984407150169844 ], [ 28.902455765121488, -23.984343801025606 ], [ 28.902665307158276, -23.984260959076039 ], [ 28.902884594248718, -23.984217100938466 ], [ 28.903040532194829, -23.984221974364672 ], [ 28.903167232281962, -23.984290196935014 ], [ 28.903298804896011, -23.984329180747103 ], [ 28.903380187245848, -23.984323077947682 ], [ 28.903493726654215, -23.984314562267254 ], [ 28.903688650211148, -23.984260959076035 ], [ 28.903888445395459, -23.984221974364665 ], [ 28.903966413918916, -23.984187606772696 ], [ 28.904709727871712, -23.984389836421808 ], [ 28.905671041985087, -23.984636193105842 ], [ 28.906388779218826, -23.984875438850473 ], [ 28.907046706140658, -23.985353931238947 ], [ 28.907614914896435, -23.986011857261406 ], [ 28.90788406669639, -23.986909029927787 ], [ 28.908183123652307, -23.989510828861683 ], [ 28.908362559084861, -23.990228566994787 ], [ 28.908631709985446, -23.990647248171989 ], [ 28.910605488952207, -23.993428481639157 ], [ 28.914403519307044, -23.998781609783478 ], [ 28.913945571031302, -23.999020849232796 ], [ 28.913602551616563, -23.999342428810071 ], [ 28.913173778247309, -23.999771203078605 ], [ 28.912723565040594, -24.000092782655798 ], [ 28.91268068806334, -24.000435802969992 ], [ 28.912916513686188, -24.001100401962013 ], [ 28.913216655224474, -24.001572053207717 ], [ 28.913409603870157, -24.00195794959971 ], [ 28.913581112678294, -24.002558232676378 ], [ 28.913473919785691, -24.00290125299049 ], [ 28.913045146416433, -24.0030942007368 ], [ 28.912659249125159, -24.003415781213356 ], [ 28.912251913794801, -24.003587290920773 ], [ 28.911715946633745, -24.003823117442995 ], [ 28.911351489179932, -24.00433764476649 ], [ 28.910665451249557, -24.004937928742443 ], [ 28.910086606211966, -24.005259509219005 ], [ 28.9097007089206, -24.005559650757295 ], [ 28.909250496613165, -24.00600986396401 ], [ 28.908757407328558, -24.00656727006351 ], [ 28.908328633060027, -24.006824533725261 ], [ 28.908007051684098, -24.007253307993793 ], [ 28.908007051684098, -24.007960784862352 ], [ 28.907921296830391, -24.008625384753735 ], [ 28.907706911045178, -24.009247106768587 ], [ 28.907449645584776, -24.009825951806267 ], [ 28.90747108542233, -24.01042623488285 ], [ 28.907599717253202, -24.010940764005085 ], [ 28.907878419853226, -24.011583924958209 ], [ 28.90783554287605, -24.011905505434768 ], [ 28.907621156191471, -24.012184208034785 ], [ 28.907235258900105, -24.01246291063481 ], [ 28.907085188130964, -24.012720175196019 ], [ 28.906935117361812, -24.013170388402727 ], [ 28.906999434176623, -24.013663477687423 ], [ 28.907042311153788, -24.014113690894138 ], [ 28.906935117361812, -24.014542465162673 ], [ 28.906527782031549, -24.015207064154684 ], [ 28.905863183039532, -24.01627899937634 ], [ 28.905520162725423, -24.016814965638208 ], [ 28.905220022086414, -24.017179423991298 ], [ 28.905005635401746, -24.017415249614057 ], [ 28.904769808879614, -24.01810128844372 ], [ 28.904598300071566, -24.018487184835717 ], [ 28.904405351425883, -24.018894520165986 ], [ 28.9042124027802, -24.019194661704272 ], [ 28.903976577157351, -24.019430487327131 ], [ 28.904105209887589, -24.019773506741956 ], [ 28.904469667341321, -24.020095087218518 ], [ 28.904812686756145, -24.020288034964825 ], [ 28.905091390255542, -24.020588177402484 ], [ 28.905069951317273, -24.021317093209312 ], [ 28.904919879648755, -24.021960254162423 ], [ 28.904684054025989, -24.022581976177278 ], [ 28.904469667341321, -24.023375207899534 ], [ 28.904341034611075, -24.023954052037848 ], [ 28.904319596572176, -24.024532897075613 ], [ 28.904383913386898, -24.025047426197773 ], [ 28.904362474448714, -24.025626271235446 ], [ 28.904233841718469, -24.026226554312029 ], [ 28.904362474448714, -24.026869715265153 ], [ 28.904448229302332, -24.027319927572581 ], [ 28.904319596572176, -24.027770139880104 ], [ 28.904148086864762, -24.027984526564683 ], [ 28.903933700180175, -24.028198914148554 ], [ 28.903805068349303, -24.028606248579532 ], [ 28.903955139118448, -24.029185093617215 ], [ 28.904105209887589, -24.029635306824016 ], [ 28.904105209887589, -24.029999765177031 ], [ 28.904040893072786, -24.030321344754302 ], [ 28.903805068349303, -24.030492855361008 ], [ 28.903462048934479, -24.03057860931543 ], [ 28.903140467558551, -24.030621487191869 ], [ 28.902861764958526, -24.030792996000013 ], [ 28.902733133127651, -24.030985944645604 ], [ 28.902711694189382, -24.031178893291379 ], [ 28.902797449043089, -24.031521911806834 ], [ 28.903011835727668, -24.032079317906245 ], [ 28.903011835727668, -24.032615285966667 ], [ 28.902883203896796, -24.033108376150643 ], [ 28.902733133127651, -24.033580027396344 ], [ 28.902432990690084, -24.034030239703863 ], [ 28.902068533236264, -24.034416136095864 ], [ 28.901704075782533, -24.034823471426126 ], [ 28.901425373182427, -24.035187928879857 ], [ 28.901082352868318, -24.035595264210119 ], [ 28.900782212229398, -24.03587396681014 ], [ 28.900139051276277, -24.036302741078675 ], [ 28.899517329261435, -24.036624321555237 ], [ 28.899045677116359, -24.036988779908249 ], [ 28.898917045285483, -24.037310360384808 ], [ 28.899024239077459, -24.037546186007745 ], [ 28.899045677116359, -24.03791064436075 ], [ 28.898831290431776, -24.0382751009152 ], [ 28.898316762208903, -24.038532366375684 ], [ 28.897759355210127, -24.03868243714475 ], [ 28.89728770396442, -24.038618121229309 ], [ 28.896816052718712, -24.038446610622614 ], [ 28.896451595264988, -24.038125031045336 ], [ 28.896172891765602, -24.037996398315183 ], [ 28.895765557334613, -24.03799639831518 ], [ 28.895443975958774, -24.038146469084239 ], [ 28.895176002270738, -24.038454995901393 ], [ 28.895056996783048, -24.038494996846616 ], [ 28.894916998420808, -24.038595003256795 ], [ 28.89472600310258, -24.03871500519336 ], [ 28.894606997614897, -24.03878500122687 ], [ 28.894396005871087, -24.038915000926586 ], [ 28.89423600298921, -24.03902499790539 ], [ 28.89410699973828, -24.039175002124665 ], [ 28.893955998170853, -24.039284991009502 ], [ 28.893766000200792, -24.039414998803196 ], [ 28.893635999601791, -24.039504999356243 ], [ 28.893576999578883, -24.039564995827948 ], [ 28.893505999002706, -24.039644997718487 ], [ 28.893406000686412, -24.03972499870974 ], [ 28.893347000663592, -24.039774990223599 ], [ 28.893305806317962, -24.039809857838701 ], [ 28.893199869778247, -24.039899523843992 ], [ 28.893100655670739, -24.040021285753792 ], [ 28.89305555916679, -24.040111479661068 ], [ 28.893028501264379, -24.040201673568433 ], [ 28.893005952562714, -24.040318926277486 ], [ 28.893005591934568, -24.040322534357447 ], [ 28.892996933261859, -24.040409120184759 ], [ 28.892947325758506, -24.040481276389862 ], [ 28.892888699853664, -24.040530882993931 ], [ 28.892789486645526, -24.040566960197022 ], [ 28.89272000592355, -24.040571922656088 ], [ 28.8926632146357, -24.040575980397165 ], [ 28.892582040029197, -24.040634606302007 ], [ 28.89254596192665, -24.040720290109348 ], [ 28.892541452725904, -24.040796954615736 ], [ 28.892568120322565, -24.040866956944555 ], [ 28.892577529929081, -24.040891658623131 ], [ 28.892542129016036, -24.041022902984636 ], [ 28.892519062304917, -24.041807185553211 ], [ 28.892438326567536, -24.04238386502335 ], [ 28.891953916639984, -24.043756360867345 ], [ 28.891434906196032, -24.045059654779244 ], [ 28.890823626209489, -24.045786270120299 ], [ 28.890011999754023, -24.046439999006708 ], [ 28.889333997266181, -24.047210003938527 ], [ 28.888387001259147, -24.048407999829372 ], [ 28.887541990170753, -24.049576999778736 ], [ 28.886902001126508, -24.049958000261544 ], [ 28.886567999213888, -24.050125001667499 ], [ 28.885945995711229, -24.050051000952955 ], [ 28.885500003022763, -24.050041999638601 ], [ 28.885166001110147, -24.05015300116008 ], [ 28.884794998390486, -24.050255002266585 ], [ 28.884283997308689, -24.050376001551218 ], [ 28.883262999687744, -24.050422002773246 ], [ 28.88180500169954, -24.050459003580194 ], [ 28.881498092762783, -24.050388017393132 ], [ 28.88120052688285, -24.050394936776961 ], [ 28.880570794606481, -24.050415697626356 ], [ 28.879996423696092, -24.050401857060056 ], [ 28.879428973967997, -24.050401857060052 ], [ 28.878716200092612, -24.05049181894227 ], [ 28.877837343018999, -24.050644061574189 ], [ 28.877339094323812, -24.05078246543847 ], [ 28.876778563080261, -24.050948547737327 ], [ 28.876792403646551, -24.051218433384037 ], [ 28.876647081297818, -24.051495238414581 ], [ 28.876411797066872, -24.051785884011331 ], [ 28.876045030154032, -24.052076528708795 ], [ 28.875699023191398, -24.052415616287693 ], [ 28.875256134962637, -24.052671659569477 ], [ 28.874993169599112, -24.05285158423326 ], [ 28.874944729415784, -24.053100708131222 ], [ 28.874847847250376, -24.053391353727964 ], [ 28.874633322969551, -24.053820402289794 ], [ 28.874259635773608, -24.054034925671338 ], [ 28.87362298411351, -24.054387852917081 ], [ 28.871872191148768, -24.055218268008709 ], [ 28.870875691959647, -24.055626555720973 ], [ 28.869699269905386, -24.056083285415298 ], [ 28.869166419794507, -24.056318568746967 ], [ 28.868661249916755, -24.056450052328049 ], [ 28.868294483004004, -24.056533093027884 ], [ 28.867913876424325, -24.056657656325775 ], [ 28.867581710027892, -24.056844498574737 ], [ 28.867339504614481, -24.057038262905547 ], [ 28.86706269958394, -24.057148984737875 ], [ 28.86662673163837, -24.057259706570189 ], [ 28.866156163176402, -24.057384268968903 ], [ 28.86574095518095, -24.057501911983699 ], [ 28.865180423937481, -24.057571113016511 ], [ 28.864965899656564, -24.057757956164757 ], [ 28.864654494109701, -24.058131644259973 ], [ 28.864197766213934, -24.058526091406037 ], [ 28.863685676053173, -24.058858256903005 ], [ 28.863152825942201, -24.059065860900819 ], [ 28.862619975831233, -24.05918350301625 ], [ 28.862149407369348, -24.059294224848582 ], [ 28.861474003022849, -24.059475001170394 ], [ 28.861388000855598, -24.059454988556876 ], [ 28.861338998595926, -24.05945000181617 ], [ 28.861264001432602, -24.059444000640166 ], [ 28.861115999104161, -24.059438001262816 ], [ 28.861023995760817, -24.05943200008673 ], [ 28.860957000765048, -24.059450999164323 ], [ 28.860809996684051, -24.059468004444884 ], [ 28.860711003809882, -24.059472999279482 ], [ 28.860675001250375, -24.059475999417842 ], [ 28.860625001642543, -24.059469998241838 ], [ 28.860551000928012, -24.059442996097413 ], [ 28.860464998760754, -24.059410999118295 ], [ 28.860219001805504, -24.059307003315567 ], [ 28.860085002820615, -24.059267002370259 ], [ 28.859781004090078, -24.059135996329225 ], [ 28.859674997403268, -24.059085996721393 ], [ 28.859642992330276, -24.059070996029682 ], [ 28.859493999848276, -24.059000002648016 ], [ 28.85906699814344, -24.058713000204786 ], [ 28.858641001880731, -24.058424998614832 ], [ 28.858576000681907, -24.058359000967133 ], [ 28.8583590005675, -24.058182001797938 ], [ 28.858052999046752, -24.057919001360865 ], [ 28.857912003336267, -24.057773999170788 ], [ 28.857898996441595, -24.057736001015673 ], [ 28.857854000661604, -24.057656997372582 ], [ 28.857810999578025, -24.057588996035403 ], [ 28.857711998609886, -24.057453003253478 ], [ 28.857566008064811, -24.057231000210503 ], [ 28.857485998080396, -24.05709599668295 ], [ 28.857296998357857, -24.056870004247333 ], [ 28.85713199974202, -24.056679000835228 ], [ 28.857073007813078, -24.05659800159653 ], [ 28.856825997321909, -24.056368002681243 ], [ 28.856579003018584, -24.056136999223192 ], [ 28.85649699833785, -24.056019997424901 ], [ 28.85639199709308, -24.05588500199131 ], [ 28.856292997024234, -24.055749001115597 ], [ 28.856112000368615, -24.055501001370146 ], [ 28.856002004289078, -24.055343989633375 ], [ 28.855972001107006, -24.055275997289439 ], [ 28.855935001199427, -24.055207996851628 ], [ 28.855913001084183, -24.055175001625081 ], [ 28.855891001868311, -24.055141001855766 ], [ 28.855728996196234, -24.054891995768994 ], [ 28.855510998733664, -24.054555001811895 ], [ 28.855358998918707, -24.054307999414696 ], [ 28.855238996982141, -24.054139003312343 ], [ 28.855181999749519, -24.054093999438564 ], [ 28.855141998804207, -24.054059998769969 ], [ 28.854971998159179, -24.053882999600784 ], [ 28.854806998644147, -24.053725000408473 ], [ 28.854447998276584, -24.053440997204323 ], [ 28.854416997746263, -24.053466003753144 ], [ 28.854277996732183, -24.053609999601811 ], [ 28.854240995925323, -24.053681001077347 ], [ 28.854242998715431, -24.053780002045489 ], [ 28.854226999776284, -24.053945997110116 ], [ 28.854152999061661, -24.054060997017405 ], [ 28.854068999684603, -24.054128996555932 ], [ 28.853947003051807, -24.054156996947903 ], [ 28.853854999708552, -24.054164002666571 ], [ 28.853638997841497, -24.054088995610712 ], [ 28.853423999617917, -24.05401399844731 ], [ 28.853307005913589, -24.054010000061499 ], [ 28.853098001671501, -24.054043003381938 ], [ 28.852877004070571, -24.054087999161833 ], [ 28.85272900174213, -24.054109998377708 ], [ 28.852612997292088, -24.054122997178595 ], [ 28.852466001304972, -24.054115001306272 ], [ 28.852385002066185, -24.054091996648356 ], [ 28.852155999599777, -24.05389299826329 ], [ 28.851926998931923, -24.053696001769072 ], [ 28.851684002115036, -24.053513999671321 ], [ 28.851465996558584, -24.053347997412178 ], [ 28.851266000825277, -24.053256002162723 ], [ 28.851077001102826, -24.053169001748028 ], [ 28.851034997367229, -24.053127996260045 ], [ 28.850928998774389, -24.053051002601748 ], [ 28.850831004147572, -24.052981996721797 ], [ 28.850733001426971, -24.052906998659118 ], [ 28.850609997553399, -24.052817996353411 ], [ 28.850352997392953, -24.052667001980577 ], [ 28.849971996010861, -24.05244499893762 ], [ 28.849778000554362, -24.052292001774497 ], [ 28.849607001661902, -24.052141988561885 ], [ 28.849434998226666, -24.052023000161334 ], [ 28.849300001893624, -24.051942998270789 ], [ 28.849103995552955, -24.051833002191355 ], [ 28.848879001364871, -24.051709001868982 ], [ 28.848745991634267, -24.051619002215208 ], [ 28.848668000627725, -24.05153099725776 ], [ 28.848575999083121, -24.05137499995628 ], [ 28.84855900279581, -24.051285000302506 ], [ 28.848544001204729, -24.051239996428727 ], [ 28.848503002911258, -24.051148999426793 ], [ 28.848485999429343, -24.051058998873735 ], [ 28.848470997838351, -24.051014003093741 ], [ 28.848454001550952, -24.050922997998018 ], [ 28.848430000444253, -24.050755000143191 ], [ 28.848430000444253, -24.050698002910476 ], [ 28.848458997284915, -24.050562999382922 ], [ 28.848461997423271, -24.050494998945023 ], [ 28.848488998668426, -24.050426997607833 ], [ 28.848609998852428, -24.050044003328079 ], [ 28.848656998321903, -24.049886002337118 ], [ 28.848715000097197, -24.049707000377825 ], [ 28.848736001964998, -24.04964100273012 ], [ 28.84877300187258, -24.04952799841843 ], [ 28.848833996591726, -24.049359002316173 ], [ 28.848869002702358, -24.049257001209671 ], [ 28.848879001364871, -24.049211998235176 ], [ 28.848975001295369, -24.048919001810447 ], [ 28.849009001064587, -24.048761000819493 ], [ 28.849022997213538, -24.048671002065081 ], [ 28.849021999865467, -24.048535997638158 ], [ 28.848997997859399, -24.048309997108667 ], [ 28.848972001157009, -24.048061997363309 ], [ 28.848981998920159, -24.047942999969504 ], [ 28.849145001940308, -24.047613003637199 ], [ 28.849306003069625, -24.047280997320176 ], [ 28.849309003207985, -24.047109998427715 ], [ 28.849303002931268, -24.046947999950234 ], [ 28.849241002770079, -24.046836998428748 ], [ 28.849092003093485, -24.046647997806836 ], [ 28.849003998136116, -24.046566998568149 ], [ 28.848839000419559, -24.046476998914372 ], [ 28.848581002011681, -24.046368001082367 ], [ 28.84814100060677, -24.046197998638693 ], [ 28.847793003444394, -24.046051999999818 ], [ 28.847725003006495, -24.046051999999818 ], [ 28.847515997865031, -24.046023999607861 ], [ 28.847332001071056, -24.046023999607861 ], [ 28.847179003907936, -24.046015997440392 ], [ 28.847136002824268, -24.046042998685458 ], [ 28.847093999088838, -24.046064998800702 ], [ 28.847025001302868, -24.04606100131419 ], [ 28.84692600123401, -24.046070001729266 ], [ 28.846753996899508, -24.046092998293293 ], [ 28.84663100201918, -24.04613299923852 ], [ 28.846484005132783, -24.046147999930312 ], [ 28.846421996877719, -24.046154001106316 ], [ 28.846373003611301, -24.04616199607927 ], [ 28.846287002343324, -24.046173000183831 ], [ 28.846064999300353, -24.046178003112388 ], [ 28.845899999785232, -24.04616900179802 ], [ 28.845869000154284, -24.046185998085427 ], [ 28.84578299798703, -24.046198996886218 ], [ 28.845696995819772, -24.046209002743343 ], [ 28.845648002553354, -24.046218004057703 ], [ 28.845598003844806, -24.046222998892294 ], [ 28.845524003130269, -24.046243003411931 ], [ 28.845388998703342, -24.046226997278087 ], [ 28.845242001816946, -24.046209002743343 ], [ 28.845168999349848, -24.046218004057703 ], [ 28.845133003984941, -24.0462180040577 ], [ 28.844812997321995, -24.046306000921192 ], [ 28.844738995708184, -24.046324999998788 ], [ 28.844640003733208, -24.04636899843053 ], [ 28.844555997161553, -24.046383999122238 ], [ 28.844447005624868, -24.046414002304399 ], [ 28.844275002189644, -24.046454003249707 ], [ 28.844182998846389, -24.046461000874505 ], [ 28.844151999215434, -24.046442999145061 ], [ 28.843955002721291, -24.046396997923114 ], [ 28.843869000553951, -24.046381997231411 ], [ 28.843684995666091, -24.046430001243547 ], [ 28.843401998803255, -24.046560000943352 ], [ 28.843249000740862, -24.046644000320409 ], [ 28.843193001755676, -24.0466530007354 ], [ 28.843119001041057, -24.046671991719037 ], [ 28.842946996706548, -24.046688996100318 ], [ 28.842737999658969, -24.046681997576151 ], [ 28.842670996569225, -24.046666996884444 ], [ 28.842542002311639, -24.046587003087698 ], [ 28.842309003257903, -24.046470001289578 ], [ 28.842124000122599, -24.04638099898397 ], [ 28.8419090027983, -24.046278997877472 ], [ 28.841683002268812, -24.046173996632707 ], [ 28.841615009924787, -24.046142007747477 ], [ 28.841498997380864, -24.046085003320258 ], [ 28.841376003399908, -24.046030000783958 ], [ 28.841168002801115, -24.045937998339976 ], [ 28.840948003447629, -24.045859001891394 ], [ 28.840890000772959, -24.045835998132848 ], [ 28.840862001280371, -24.045825998570965 ], [ 28.840763001211609, -24.04580199656489 ], [ 28.840616004325209, -24.045772003275349 ], [ 28.840456997892208, -24.045730995988624 ], [ 28.840248001743912, -24.045683000070447 ], [ 28.840105999692199, -24.045646000162783 ], [ 28.840025997801568, -24.045648002952984 ], [ 28.839903003820613, -24.045637996196586 ], [ 28.839718998932664, -24.045615007726433 ], [ 28.839581999809511, -24.045602000831675 ], [ 28.839427998103723, -24.045550996681168 ], [ 28.839245005852415, -24.045465999955955 ], [ 28.839126997712803, -24.045381004130022 ], [ 28.839001002694115, -24.045289000786763 ], [ 28.838720989781883, -24.045040003693241 ], [ 28.838322003757483, -24.044684001665384 ], [ 28.838128997555259, -24.044504999705996 ], [ 28.838006002674938, -24.044387000559642 ], [ 28.837924996241643, -24.044301987646659 ], [ 28.837762001315376, -24.044188002174575 ], [ 28.837223997189774, -24.043870995649993 ], [ 28.836912999935066, -24.043713003652194 ], [ 28.836720991080917, -24.043615009025466 ], [ 28.836535988844808, -24.04352100289201 ], [ 28.836218001159821, -24.043354999733509 ], [ 28.836119990345338, -24.043296997058846 ], [ 28.836008988823849, -24.043231996759204 ], [ 28.83591100139164, -24.043177003216154 ], [ 28.83580099721831, -24.043119001440772 ], [ 28.835567000816503, -24.0430149966448 ], [ 28.835383004022436, -24.042963003240018 ], [ 28.835223001140648, -24.042905000565359 ], [ 28.835062990164975, -24.04285200171854 ], [ 28.834965001833396, -24.0428169956079 ], [ 28.834792998398168, -24.042748996069371 ], [ 28.83463199816822, -24.042688997799015 ], [ 28.834445000336508, -24.042552996923291 ], [ 28.834424987723075, -24.042535004187105 ], [ 28.834237998884621, -24.0423629998526 ], [ 28.834156991551957, -24.042250002735425 ], [ 28.834076997755307, -24.042139002113309 ], [ 28.83389900123796, -24.041903002921298 ], [ 28.833745995980959, -24.041643001723219 ], [ 28.833673998056621, -24.041417001193729 ], [ 28.833638002691714, -24.041282004860676 ], [ 28.833629992430282, -24.041236011732529 ], [ 28.833623002, -24.041190999764869 ], [ 28.833593996166002, -24.041101000111087 ], [ 28.833537997180912, -24.040920002556106 ], [ 28.83349099771144, -24.040785997275993 ], [ 28.833474999671562, -24.040741000596718 ], [ 28.833458003384166, -24.040692996584571 ], [ 28.833398996166832, -24.040537996631262 ], [ 28.833303003430935, -24.040350999698916 ], [ 28.833143997897224, -24.040208997647106 ], [ 28.832934004400851, -24.04007799969996 ], [ 28.832751004055659, -24.03998400255966 ], [ 28.832531003802799, -24.039812995573307 ], [ 28.832405000690326, -24.039693999078789 ], [ 28.83225600101364, -24.039464998410942 ], [ 28.83205499983838, -24.039184003439022 ], [ 28.831922997348464, -24.039004004131474 ], [ 28.831804997302822, -24.038778002702699 ], [ 28.831751997556719, -24.038664999290301 ], [ 28.831719003229445, -24.03857400138908 ], [ 28.831694002975929, -24.03849499684662 ], [ 28.831682999770653, -24.038462001620058 ], [ 28.831661997902941, -24.038348998207749 ], [ 28.831640996035141, -24.038225005979264 ], [ 28.83163399841035, -24.038168000652764 ], [ 28.831612997441916, -24.038022002013808 ], [ 28.831624997995362, -24.037874997033526 ], [ 28.831623003299043, -24.037830001253536 ], [ 28.83162099960947, -24.037762000815725 ], [ 28.83162199695763, -24.037603999824764 ], [ 28.831612997441916, -24.037536000286234 ], [ 28.831599001292965, -24.037490996412362 ], [ 28.831586001592807, -24.037445999733098 ], [ 28.831540997718939, -24.037303998580651 ], [ 28.831454995551681, -24.037021998166697 ], [ 28.831397001870183, -24.036837004024473 ], [ 28.831274997143414, -24.036578000174547 ], [ 28.831127002908858, -24.036318997223905 ], [ 28.831059001571674, -24.036193990560218 ], [ 28.830920997905753, -24.035960011245539 ], [ 28.830821997836996, -24.035822995934531 ], [ 28.830507003095768, -24.035536000685898 ], [ 28.830281001666908, -24.035319008665372 ], [ 28.830086998116528, -24.03513200363906 ], [ 28.829952002682852, -24.03499600186397 ], [ 28.829813000769406, -24.034863002025908 ], [ 28.829618000770143, -24.034618002418895 ], [ 28.829463000816833, -24.034346997116259 ], [ 28.829401998003803, -24.034219000206743 ], [ 28.829327997289273, -24.034138998316116 ], [ 28.829205999757104, -24.034035999861548 ], [ 28.829057998328036, -24.033964001937129 ], [ 28.828923001994994, -24.033924000991906 ], [ 28.828849998628623, -24.033912996887338 ], [ 28.828790001257637, -24.033912000438466 ], [ 28.828629001027686, -24.033924000991906 ], [ 28.828471000936009, -24.03393600244463 ], [ 28.828309999806695, -24.03396001164521 ], [ 28.828151002366859, -24.033988003943289 ], [ 28.828014004143071, -24.034014997993751 ], [ 28.827881003405622, -24.034035999861555 ], [ 28.827819003244443, -24.034053004242743 ], [ 28.827755997641219, -24.034045990430098 ], [ 28.82770699628092, -24.034050004104383 ], [ 28.827584998748751, -24.034070997878214 ], [ 28.827461995774549, -24.034067996840573 ], [ 28.827364001147732, -24.034067000391783 ], [ 28.827240000825451, -24.034057001729266 ], [ 28.827166998358365, -24.034045990430105 ], [ 28.827116998750533, -24.034038002651656 ], [ 28.827044002578663, -24.034014997993751 ], [ 28.826920003155674, -24.033967999423645 ], [ 28.826694999974336, -24.033821003436621 ], [ 28.826433004079938, -24.033611998295072 ], [ 28.8262619970935, -24.033434000878447 ], [ 28.826121001383193, -24.033199997282036 ], [ 28.826046009615727, -24.033044997328808 ], [ 28.826015001890898, -24.032917996868079 ], [ 28.825942995872595, -24.032634999105969 ], [ 28.825892997164129, -24.032408997677102 ], [ 28.825880995711408, -24.032318998922698 ], [ 28.825870000600101, -24.032182998046988 ], [ 28.825880995711408, -24.032048001713942 ], [ 28.825894002606169, -24.031922996848813 ], [ 28.825907001407053, -24.031776997310576 ], [ 28.825919999308567, -24.031574001438997 ], [ 28.825907001407053, -24.03134700266207 ], [ 28.825907001407053, -24.031043003032149 ], [ 28.825932007955799, -24.030756997037802 ], [ 28.825982996817906, -24.030651995793033 ], [ 28.826027003343619, -24.030591001973178 ], [ 28.82618699903081, -24.030486000728409 ], [ 28.826348995709633, -24.030380002135395 ], [ 28.826410995870816, -24.030309998907377 ], [ 28.826490997761354, -24.03022999701675 ], [ 28.826527001220235, -24.030196994595698 ], [ 28.826586001243054, -24.030129002251666 ], [ 28.826735998267726, -24.029937998839646 ], [ 28.826883002348715, -24.029703995243242 ], [ 28.826924997990353, -24.02958000301475 ], [ 28.826954993078544, -24.029410000571072 ], [ 28.826982999765644, -24.029280000871356 ], [ 28.826973002002493, -24.029196002393672 ], [ 28.826970001864133, -24.029072002071214 ], [ 28.826973002002493, -24.028892001864399 ], [ 28.826945001610532, -24.028704996838176 ], [ 28.826846998889923, -24.028582001957847 ], [ 28.826775999213037, -24.028515996216267 ], [ 28.826743003986486, -24.028517001658308 ], [ 28.826612995293516, -24.028501002719157 ], [ 28.826464992965075, -24.028452998706921 ], [ 28.826244002558745, -24.028390991351134 ], [ 28.825973996402826, -24.028313989598967 ], [ 28.82568000263003, -24.028229998315791 ], [ 28.825532997649756, -24.028158000391457 ], [ 28.825457999587062, -24.028123999722869 ], [ 28.825348004406898, -24.028078995848993 ], [ 28.82529300097131, -24.028056996633122 ], [ 28.825235997443375, -24.028034998316535 ], [ 28.825039000949143, -24.027946003205521 ], [ 28.824855004155165, -24.027863999424067 ], [ 28.824735001319315, -24.027811997026031 ], [ 28.824601003233717, -24.027752997003208 ], [ 28.824390992650212, -24.027668997626151 ], [ 28.824111004019709, -24.027518993406797 ], [ 28.823891002867569, -24.027332003669059 ], [ 28.82369400007811, -24.027125998665873 ], [ 28.823499995628357, -24.026937997190856 ], [ 28.82325700690544, -24.026703003440886 ], [ 28.822940998628201, -24.026402003949332 ], [ 28.822698001811403, -24.026179002658832 ], [ 28.822600996438865, -24.02608199728639 ], [ 28.822441998999118, -24.025988996594972 ], [ 28.822256995863732, -24.025901997978842 ], [ 28.822109001629176, -24.02585700219894 ], [ 28.821998998355131, -24.025817998601791 ], [ 28.821937994642735, -24.025799996872347 ], [ 28.821839002667939, -24.025780001345961 ], [ 28.821644001769311, -24.025742003190931 ], [ 28.821507002646158, -24.025740996849521 ], [ 28.821360995913231, -24.025749990070008 ], [ 28.821225993284955, -24.025756995788765 ], [ 28.821090996952002, -24.025764998855607 ], [ 28.820978998082353, -24.025765997103129 ], [ 28.820820997990765, -24.025758002130093 ], [ 28.820642004125258, -24.025708999870503 ], [ 28.820476997415536, -24.025631000770083 ], [ 28.820366003987935, -24.025541002015679 ], [ 28.820302998384715, -24.025439000909184 ], [ 28.820274000644684, -24.02535999726609 ], [ 28.820253997024405, -24.025315000586819 ], [ 28.820237000737009, -24.0252749996415 ], [ 28.820225000183658, -24.025228999318841 ], [ 28.820212998730938, -24.025184002639563 ], [ 28.820165001913395, -24.025048001763853 ], [ 28.820070000230341, -24.024835997383402 ], [ 28.820008000069247, -24.024713001603711 ], [ 28.819971996610455, -24.024623001950022 ], [ 28.819958997809575, -24.024586999390511 ], [ 28.81992300334403, -24.024487001074213 ], [ 28.819886999885149, -24.024373996762538 ], [ 28.819611997995359, -24.024004996833167 ], [ 28.819366998388361, -24.023685995612169 ], [ 28.819323997304682, -24.023567997365177 ], [ 28.819279000625411, -24.023318999372371 ], [ 28.819255995967499, -24.023172999834046 ], [ 28.819229001916952, -24.023105996744391 ], [ 28.819211998435041, -24.023046000272689 ], [ 28.818872003440305, -24.022648002603287 ], [ 28.818833997191312, -24.02256599882184 ], [ 28.818717002587711, -24.022364996747203 ], [ 28.818640001734725, -24.022242002766248 ], [ 28.818604995624092, -24.022130003896613 ], [ 28.81855999984419, -24.021995997717116 ], [ 28.81853899797639, -24.021905998063342 ], [ 28.818506003649205, -24.021815001061405 ], [ 28.818497999683004, -24.021725001407635 ], [ 28.818476990620695, -24.02163500085468 ], [ 28.818455996846776, -24.02156700131605 ], [ 28.818427997354274, -24.021498999978867 ], [ 28.818411998415034, -24.021453988011199 ], [ 28.818374000259926, -24.021363995551937 ], [ 28.818251133083404, -24.021035248378013 ], [ 28.818144355677546, -24.020773158954164 ], [ 28.817901679918595, -24.020511068630938 ], [ 28.817629883212565, -24.020268392872072 ], [ 28.8174581369835, -24.020130997147852 ], [ 28.817464863912381, -24.020122788136156 ], [ 28.817591054983311, -24.019967476118161 ], [ 28.817736660618415, -24.019909234223828 ], [ 28.817862851689341, -24.019880113276582 ], [ 28.818192891189071, -24.019977183400336 ], [ 28.818484100660807, -24.020054838959656 ], [ 28.81887238205487, -24.0201713227484 ], [ 28.819221835219583, -24.020132495418334 ], [ 28.819551873820036, -24.020122788136153 ], [ 28.819813964143169, -24.020132495418334 ], [ 28.82009546723209, -24.020132495418331 ], [ 28.820622996953777, -24.019995999016164 ], [ 28.820944000065602, -24.019746003675191 ], [ 28.821373994714111, -24.019396002823253 ], [ 28.822143999645927, -24.019105999342383 ], [ 28.822485000082708, -24.018956002317704 ], [ 28.822883994201071, -24.018696009213421 ], [ 28.823591187783162, -24.018426511174511 ], [ 28.824089030884132, -24.018247797897619 ], [ 28.824637935692227, -24.017966963004941 ], [ 28.825008127223345, -24.017647833180956 ], [ 28.825684682702008, -24.017124459226384 ], [ 28.826233586610822, -24.01671597186467 ], [ 28.826871848057454, -24.016167067955866 ], [ 28.827407986989012, -24.015784112346946 ], [ 28.828033481659915, -24.0154266857929 ], [ 28.828595151445175, -24.015043729284706 ], [ 28.829207882038194, -24.014635242822276 ], [ 28.829744020070475, -24.014175694652621 ], [ 28.830050385816762, -24.013856564828629 ], [ 28.830178038285887, -24.013026826027236 ], [ 28.830305689855738, -24.012631103642594 ], [ 28.830585427575475, -24.01201783255695 ], [ 28.830637584656891, -24.011903487356086 ], [ 28.830905654572312, -24.011290756762971 ], [ 28.831275846103424, -24.010729087877078 ], [ 28.831556680996101, -24.010192948945523 ], [ 28.831860218374445, -24.009555286447334 ], [ 28.832157627772354, -24.009125692896383 ], [ 28.832554175734646, -24.008497825813983 ], [ 28.832884631620502, -24.0079360499088 ], [ 28.833380316348517, -24.007473411668638 ], [ 28.833975137842447, -24.007043818117769 ], [ 28.834239502551053, -24.00671336223192 ], [ 28.834768232867738, -24.006151586326652 ], [ 28.835263916696476, -24.005721992775786 ], [ 28.835792647013079, -24.005325445712778 ], [ 28.836420514095487, -24.004994988927557 ], [ 28.836949244412178, -24.00482976098467 ], [ 28.837544065905924, -24.004499305098911 ], [ 28.838039749734751, -24.004135802725102 ], [ 28.838973850362976, -24.00306408693806 ], [ 28.83910910120408, -24.002990312852635 ], [ 28.839211563662776, -24.002891948604518 ], [ 28.839318126130692, -24.002838668269973 ], [ 28.839461575191589, -24.00283866826997 ], [ 28.83959272692293, -24.002781287926116 ], [ 28.839625516204624, -24.002687021888569 ], [ 28.83966650100826, -24.002629643343361 ], [ 28.83976896436624, -24.00255996836788 ], [ 28.839797653638882, -24.002453405899967 ], [ 28.839850934872796, -24.002400124666053 ], [ 28.839961594651914, -24.002383730924485 ], [ 28.840084550861391, -24.002383730924482 ], [ 28.840133732985457, -24.002330449690575 ], [ 28.840096846392392, -24.002264873824856 ], [ 28.840031269627477, -24.002187002428236 ], [ 28.840002580354835, -24.002100932811828 ], [ 28.840039466947903, -24.002027158726399 ], [ 28.840187014219371, -24.001998470353129 ], [ 28.840355054342343, -24.001941090009371 ], [ 28.840514896245523, -24.001818134699164 ], [ 28.840650147086627, -24.001740263302544 ], [ 28.840728019382617, -24.001650094576284 ], [ 28.840797694358187, -24.00161730709306 ], [ 28.840896058606305, -24.001613207983119 ], [ 28.840953438050796, -24.001527139266084 ], [ 28.840973930902212, -24.001449266970091 ], [ 28.840986227332568, -24.001383691104465 ], [ 28.840924748778232, -24.001314016128987 ], [ 28.84094114341908, -24.001248439363991 ], [ 28.841051803198198, -24.001252537574565 ], [ 28.841121478173672, -24.001232044723146 ], [ 28.841211646000747, -24.001207453661067 ], [ 28.841297714717786, -24.001121384944028 ], [ 28.841428868247693, -24.000990232313409 ], [ 28.841543626237382, -24.000891867165908 ], [ 28.841682976188427, -24.000797601128447 ], [ 28.84178953775697, -24.00074022168387 ], [ 28.842031351066087, -24.00074022168387 ], [ 28.84217480012698, -24.000719728832454 ], [ 28.842318248288596, -24.00063775922526 ], [ 28.84241251432606, -24.000584477991264 ], [ 28.842523174105271, -24.000523000336209 ], [ 28.842609242822309, -24.000477916422724 ], [ 28.842724001711368, -24.000477916422721 ], [ 28.842810071327779, -24.000551689608855 ], [ 28.84282646506934, -24.000596772622977 ], [ 28.84293302663789, -24.000609069053333 ], [ 28.843047786426229, -24.000551689608859 ], [ 28.843150248884925, -24.000445128040226 ], [ 28.843236317602056, -24.000346762892811 ], [ 28.843359273811444, -24.000322171830746 ], [ 28.843498623762493, -24.000289384347603 ], [ 28.843642071924108, -24.00022790579327 ], [ 28.843662564775613, -24.000150034396569 ], [ 28.84359288980005, -24.000092654952084 ], [ 28.843572396948634, -24.000022979976599 ], [ 28.843670762096036, -23.9999696987426 ], [ 28.843818309367503, -23.999969698742596 ], [ 28.843945362888274, -23.999908221087544 ], [ 28.844068319097662, -23.999834447002126 ], [ 28.844150289604226, -23.999752477394932 ], [ 28.844269146703859, -23.999670505989094 ], [ 28.844301935086268, -23.999592633693105 ], [ 28.844240457431209, -23.999514762296396 ], [ 28.844158486924737, -23.999453283742064 ], [ 28.84412569764287, -23.999400004306796 ], [ 28.844178978876784, -23.999309835580444 ], [ 28.844351117210326, -23.999215570442257 ], [ 28.844523256443154, -23.999104909763769 ], [ 28.844719984939399, -23.998920475899233 ], [ 28.844929009865922, -23.998752435776264 ], [ 28.845109344620603, -23.998568002811098 ], [ 28.845117541941114, -23.998469637663689 ], [ 28.845252792782219, -23.998440948391046 ], [ 28.84540034005369, -23.99836307609506 ], [ 28.845572478387233, -23.998236021675091 ], [ 28.845670842635361, -23.998145853848111 ], [ 28.845777405103185, -23.998059785130977 ], [ 28.845855277399171, -23.998108968154405 ], [ 28.845982330919853, -23.998104869044472 ], [ 28.846056105005278, -23.997986011944924 ], [ 28.846150371042828, -23.997908139648942 ], [ 28.846310212946005, -23.997887646797533 ], [ 28.846457760217476, -23.997863055735447 ], [ 28.846547928044544, -23.997805677190335 ], [ 28.846658587823661, -23.997793380759877 ], [ 28.846777444923205, -23.997682720980762 ], [ 28.84684711989868, -23.997617144215855 ], [ 28.846957780577171, -23.997518779967734 ], [ 28.847080735887282, -23.997473696054232 ], [ 28.847240578689835, -23.997490089795811 ], [ 28.847306154555458, -23.997449104992164 ], [ 28.847634130111061, -23.997536358116452 ], [ 28.848018312395268, -23.997475697945074 ], [ 28.84853392520052, -23.997354376703136 ], [ 28.849049538005861, -23.997273497074183 ], [ 28.849342728683993, -23.997263386895799 ], [ 28.849757242402902, -23.997121846196276 ], [ 28.850111093252412, -23.996909535146923 ], [ 28.85037395519387, -23.996788213904978 ], [ 28.850667145872091, -23.99667700284142 ], [ 28.851142318863005, -23.996424251977633 ], [ 28.851405179905182, -23.996222051106738 ], [ 28.851769141832534, -23.996090619686321 ], [ 28.851946504327806, -23.996057065081541 ], [ 28.852143213938266, -23.996019850235932 ], [ 28.852577947114661, -23.995918749350846 ], [ 28.852921688685068, -23.995837868822615 ], [ 28.853305870969191, -23.995706438301479 ], [ 28.854054015180658, -23.995504237430588 ], [ 28.854529187272288, -23.995433467080836 ], [ 28.854923478835509, -23.995322256017275 ], [ 28.855337991655045, -23.99520093477533 ], [ 28.855833384103445, -23.995089724611059 ], [ 28.856480428329196, -23.994826862669594 ], [ 28.856864609714034, -23.994745983040648 ], [ 28.857178021648483, -23.994594332162745 ], [ 28.857450992869047, -23.994361800756522 ], [ 28.857663303918407, -23.994078719357493 ], [ 28.857703743732841, -23.993795637958371 ], [ 28.857713853911218, -23.99360354726587 ], [ 28.857835175153248, -23.993411455674163 ], [ 28.858077815838577, -23.993229475160131 ], [ 28.858229466716558, -23.992825073418437 ], [ 28.858472109200534, -23.992451001312617 ], [ 28.85855298882948, -23.992178029192679 ], [ 28.858674310071429, -23.99172307655871 ], [ 28.858704639707383, -23.991349005352355 ], [ 28.85877541005723, -23.991086143410801 ], [ 28.858805739693185, -23.990853612004678 ], [ 28.858846181306269, -23.990631190776835 ], [ 28.858967500749561, -23.990378439013764 ], [ 28.859088821991591, -23.990044807621832 ], [ 28.859055921193857, -23.98997900602636 ], [ 28.858196505664274, -23.988500114988287 ], [ 28.858309531559669, -23.988189294000758 ], [ 28.85845081415383, -23.987737190418997 ], [ 28.858634481795903, -23.987256829239268 ], [ 28.858860533586878, -23.986854173980976 ], [ 28.858994752006282, -23.9865574813427 ], [ 28.85934089386723, -23.986225466931796 ], [ 28.859736484950854, -23.986006479315581 ], [ 28.859997857615074, -23.985893453420186 ], [ 28.860358127825361, -23.985745106651365 ], [ 28.85950899964071, -23.984506000051901 ], [ 28.859253000425639, -23.984126999661367 ], [ 28.858769999735703, -23.983455000148172 ], [ 28.858410000221422, -23.982942999919558 ], [ 28.858163999668868, -23.982564999575104 ], [ 28.857965480622511, -23.982261733791955 ], [ 28.858906096838982, -23.982191539008372 ], [ 28.859928938070077, -23.981994839290437 ], [ 28.86165990008433, -23.981955499346864 ], [ 28.862505709770705, -23.981994839290426 ], [ 28.862997460864154, -23.98209318914936 ], [ 28.863469541086445, -23.982171869036595 ], [ 28.863921952236325, -23.982034179233999 ], [ 28.864630072120207, -23.981916159403205 ], [ 28.865220173072576, -23.981817808645001 ], [ 28.865475882705866, -23.981837478616786 ], [ 28.865869283041022, -23.981994839290437 ], [ 28.866243014303759, -23.982112859121145 ], [ 28.867029814074687, -23.982230878951935 ], [ 28.867698594914284, -23.982348898782654 ], [ 28.868406715697365, -23.982545599399863 ], [ 28.869527905888184, -23.982978339678674 ], [ 28.870019656981633, -23.983116030380543 ], [ 28.870334377429646, -23.982427578669881 ], [ 28.870590087062936, -23.981680117943053 ], [ 28.871534248406888, -23.98055892775232 ], [ 28.872262039161836, -23.980067176658871 ], [ 28.87271267505, -23.979888172900829 ], [ 28.873026133749171, -23.980753918758328 ], [ 28.87322287033922, -23.98119460724536 ], [ 28.873399301136917, -23.981589811620545 ], [ 28.873757540677975, -23.982052538893573 ] ] ] } },
{ "type": "Feature", "properties": { "Municipali": "Mogalakwena Local Municipality", "WardNo": "18", "WardLabel": "LIM367_18", "Province": "Limpopo", "CLASSIFICATION": "Service centre", "PopGBlack": 17076.786437, "PopGColour": 17.820807018, "PopGIndian": 96.413417787, "PopGWhite": 10.579552149, "PopGOther": 29.9402997, "PopGTotal": 17231.540513 }, "geometry": { "type": "Polygon", "coordinates": [ [ [ 29.045340002339287, -23.906102002405472 ], [ 29.067327142133909, -23.934625213382869 ], [ 29.071912000138717, -23.940573001143129 ], [ 29.073859997341017, -23.94309999986514 ], [ 29.077429992000557, -23.950670000919853 ], [ 29.080204002113099, -23.956561997438264 ], [ 29.081414331306412, -23.959132982900837 ], [ 29.087740003398505, -23.972569999106238 ], [ 29.089529999609852, -23.976379999437466 ], [ 29.093314003238774, -23.984405999936953 ], [ 29.090000999746429, -23.989208000149087 ], [ 29.084411000966917, -23.996785997076124 ], [ 29.07756099804168, -24.006382998976228 ], [ 29.073108001333242, -24.012402993303528 ], [ 29.069961001898776, -24.01670099815253 ], [ 29.05035600162828, -24.027218002009214 ], [ 29.035513000624519, -24.043209998442709 ], [ 29.033454999248892, -24.045427005352053 ], [ 29.033010003908583, -24.045735999816554 ], [ 29.010098274715673, -24.043384851829416 ], [ 28.998971002609725, -24.042242997016753 ], [ 28.995409002923228, -24.041876998124941 ], [ 28.99409299889286, -24.041742001791981 ], [ 28.991905464565573, -24.041516986020099 ], [ 28.988677995593054, -24.041185000387514 ], [ 28.980288996340196, -24.040323000206328 ], [ 28.969347998111719, -24.039197002239906 ], [ 28.964259105173564, -24.042864470818682 ], [ 28.955961806192434, -24.048844179115555 ], [ 28.952361007054911, -24.043811483013563 ], [ 28.948026457355208, -24.037739985412003 ], [ 28.947619604061487, -24.03717665008233 ], [ 28.947181455259976, -24.036738500381446 ], [ 28.94672765735557, -24.036394239902307 ], [ 28.941063011248986, -24.033687101578483 ], [ 28.933364101372167, -24.030072370143781 ], [ 28.930641315744182, -24.028710977329741 ], [ 28.930265758857708, -24.028429310564277 ], [ 28.928711406606176, -24.027183118206342 ], [ 28.929029361016262, -24.027018142972874 ], [ 28.929643151910017, -24.026699665157459 ], [ 28.931664260397344, -24.02560780275795 ], [ 28.933545981162148, -24.024539170746177 ], [ 28.934196451804837, -24.024167472850603 ], [ 28.934974695425932, -24.023819006242146 ], [ 28.935729706860553, -24.023540232595664 ], [ 28.936658952049083, -24.023307922422699 ], [ 28.937135188937848, -24.023122073025231 ], [ 28.937750814448595, -24.022808452448167 ], [ 28.938552287558078, -24.022390292877727 ], [ 28.939423455428187, -24.021879207259634 ], [ 28.939783536780833, -24.021635281443114 ], [ 28.939946154891189, -24.021391353827937 ], [ 28.940132004288571, -24.021042887219483 ], [ 28.940236544181225, -24.020555033787787 ], [ 28.940422392679331, -24.019498018318941 ], [ 28.940526932571895, -24.019196013385354 ], [ 28.9406663202945, -24.018847545877609 ], [ 28.940910247010304, -24.018429385407803 ], [ 28.941305176192991, -24.017941531976106 ], [ 28.94173495230627, -24.017360754295414 ], [ 28.942125829143741, -24.016850522133907 ], [ 28.942569303730394, -24.01649233025686 ], [ 28.946390014087918, -24.013439174178497 ], [ 28.94961373738413, -24.01096594682101 ], [ 28.948833777856589, -24.009939752017921 ], [ 28.948593899888614, -24.009494261151232 ], [ 28.948285482788844, -24.008637547185064 ], [ 28.947394501055477, -24.006375824184982 ], [ 28.947086083056334, -24.005964601085505 ], [ 28.945612535789991, -24.006307286851836 ], [ 28.944344599623619, -24.00661570305224 ], [ 28.942528368389592, -24.006821315051663 ], [ 28.940369449590484, -24.006684241284749 ], [ 28.935777466257079, -24.005964601085495 ], [ 28.933001714157882, -24.005484841552242 ], [ 28.92940299785009, -24.004929996721984 ], [ 28.928447167802624, -24.004667728333018 ], [ 28.926395723383926, -24.004104833671118 ], [ 28.921939767905993, -24.002579640138311 ], [ 28.917304376995418, -24.00099463539415 ], [ 28.916138053428451, -24.00039652058296 ], [ 28.915181067752144, -23.999678783349133 ], [ 28.914403519307044, -23.998781609783478 ], [ 28.910605488952207, -23.993428481639157 ], [ 28.908631709985446, -23.990647248171989 ], [ 28.908362559084861, -23.990228566994787 ], [ 28.908183123652307, -23.989510828861683 ], [ 28.90788406669639, -23.986909029927787 ], [ 28.907614914896435, -23.986011857261406 ], [ 28.907046706140658, -23.985353931238947 ], [ 28.906388779218826, -23.984875438850473 ], [ 28.905671041985087, -23.984636193105842 ], [ 28.904709727871712, -23.984389836421808 ], [ 28.903966413918916, -23.984187606772696 ], [ 28.904020410113901, -23.984104021083741 ], [ 28.904070847691479, -23.983941499200853 ], [ 28.904149306345456, -23.983700517764721 ], [ 28.904199743923034, -23.983437119827215 ], [ 28.904160514596143, -23.983196139290357 ], [ 28.904104473342816, -23.983056033009557 ], [ 28.904104473342816, -23.982938345028597 ], [ 28.904177328321126, -23.982708571843144 ], [ 28.904295016302004, -23.982327485924767 ], [ 28.904345453879671, -23.982136942965575 ], [ 28.904357047939431, -23.982039551783878 ], [ 28.904395892356622, -23.981890356954413 ], [ 28.90446874733485, -23.98175025157289 ], [ 28.904603248141427, -23.981632563592022 ], [ 28.904833020427606, -23.981486853635385 ], [ 28.905017958811769, -23.981385977580853 ], [ 28.905124439441327, -23.981273894174915 ], [ 28.905236522847261, -23.981144997043994 ], [ 28.905449483207097, -23.980999287986815 ], [ 28.905707276569579, -23.980819953278221 ], [ 28.905981883657045, -23.980674244221046 ], [ 28.906284510921452, -23.980528534264504 ], [ 28.906609554687218, -23.98037161605728 ], [ 28.906839327872675, -23.980242718926352 ], [ 28.907013058006243, -23.980119427269734 ], [ 28.907129695579087, -23.980046189180356 ], [ 28.907254039442378, -23.979968112738252 ], [ 28.907382935673933, -23.979833611931674 ], [ 28.907579084107521, -23.979559005743482 ], [ 28.907618313434419, -23.979463734263973 ], [ 28.907696772088389, -23.979334837133052 ], [ 28.907752814241, -23.979233961078513 ], [ 28.907814460968634, -23.979144294173864 ], [ 28.907909732448228, -23.979110669421907 ], [ 28.908017000883962, -23.97905167119773 ], [ 28.908021815854166, -23.9790490217949 ], [ 28.908089067156734, -23.978987375966639 ], [ 28.908173130385737, -23.978976167715949 ], [ 28.908279610116011, -23.978920125563345 ], [ 28.908380486170547, -23.978796833007451 ], [ 28.908475756750853, -23.978595080898295 ], [ 28.908479681392269, -23.97854669557357 ], [ 28.908492569576481, -23.9783877251134 ], [ 28.908492569576481, -23.978242016056221 ], [ 28.908509383301464, -23.978152349151653 ], [ 28.908554216304115, -23.978113118925297 ], [ 28.908666300609326, -23.978068285023369 ], [ 28.908733551012617, -23.977967409868121 ], [ 28.908783988590283, -23.97787774206418 ], [ 28.908912885721122, -23.977832909061544 ], [ 28.909002552625779, -23.977832909061547 ], [ 28.909125846080954, -23.977760054083312 ], [ 28.909198701059275, -23.977681595429338 ], [ 28.909383640342721, -23.977580719374718 ], [ 28.909518141149388, -23.977530280897767 ], [ 28.909736705184883, -23.97749665614581 ], [ 28.909932851819722, -23.97748544699575 ], [ 28.910145812179564, -23.977451822243882 ], [ 28.910265411219832, -23.977433770152413 ], [ 28.910442835768311, -23.97740698924115 ], [ 28.910700629130787, -23.977311716862268 ], [ 28.910851942762985, -23.977233258208301 ], [ 28.910969630743953, -23.977160403229977 ], [ 28.911048090297204, -23.977042715249112 ], [ 28.911104131550442, -23.976930630943897 ], [ 28.911132154425484, -23.97676810816164 ], [ 28.911081715948445, -23.976392625918923 ], [ 28.911064903122824, -23.976033957401189 ], [ 28.911014464645877, -23.975479139550682 ], [ 28.910952818817609, -23.975154095784916 ], [ 28.91088844984213, -23.974993174695307 ], [ 28.910857547337926, -23.974823447444209 ], [ 28.910851942762985, -23.974582466008062 ], [ 28.9109360059919, -23.974403131299471 ], [ 28.911081715948445, -23.974335880896188 ], [ 28.911294676308369, -23.974391923048795 ], [ 28.911552468771479, -23.974509611029756 ], [ 28.911776638281278, -23.974532028430396 ], [ 28.912034431643761, -23.97455444493168 ], [ 28.912325850657474, -23.974431152375779 ], [ 28.912477164289772, -23.97426862959361 ], [ 28.91262287424631, -23.974162149863332 ], [ 28.912852645633205, -23.974050065558121 ], [ 28.913048794066611, -23.973988419729768 ], [ 28.913329003930375, -23.973943585827843 ], [ 28.913626026619927, -23.973915564751536 ], [ 28.913872612631, -23.973870730849619 ], [ 28.914113594067146, -23.973870730849619 ], [ 28.914276115950031, -23.973848314348253 ], [ 28.91446665890922, -23.973685791565991 ], [ 28.914517097386167, -23.973528874258136 ], [ 28.914517097386167, -23.973405581702238 ], [ 28.91452270106182, -23.973287892821993 ], [ 28.914612368865757, -23.973192622241772 ], [ 28.914763681598682, -23.973114162688514 ], [ 28.914971038282861, -23.973086141612118 ], [ 28.915212018819627, -23.973086141612118 ], [ 28.915458604830796, -23.973046912285231 ], [ 28.915707728728751, -23.973034198569362 ], [ 28.915925665037395, -23.973049765834087 ], [ 28.916283704029713, -23.973104250360937 ], [ 28.916940755911153, -23.973262952823045 ], [ 28.917562843950101, -23.973430438064277 ], [ 28.918184932888419, -23.973550070379435 ], [ 28.918759168001298, -23.973669702694608 ], [ 28.919225733580806, -23.973669702694604 ], [ 28.919560704962642, -23.973597923305498 ], [ 28.919630324180144, -23.973554088550383 ], [ 28.919905469062218, -23.973372212357706 ], [ 28.920053098171955, -23.973209205740257 ], [ 28.92009308023157, -23.973070803674631 ], [ 28.920060466317519, -23.972984614448475 ], [ 28.91993156469001, -23.972832275589077 ], [ 28.919895675445105, -23.97266479124713 ], [ 28.919991381297322, -23.972437490297953 ], [ 28.920350278242815, -23.972210188449409 ], [ 28.920900586892664, -23.972018775845861 ], [ 28.921438931861271, -23.971994850282112 ], [ 28.921977277729241, -23.972006813063992 ], [ 28.922455806989909, -23.972054665990051 ], [ 28.922850594079684, -23.971923070893016 ], [ 28.923197528243389, -23.971647916118489 ], [ 28.923460719336752, -23.971432577951109 ], [ 28.923795689819215, -23.971277056391028 ], [ 28.924178513227833, -23.97109760656927 ], [ 28.924501520928509, -23.971013865297667 ], [ 28.924824527729811, -23.970858342838227 ], [ 28.925099681605055, -23.970571225281823 ], [ 28.925231277601462, -23.970319996970339 ], [ 28.925338947134755, -23.969973062806631 ], [ 28.92543465298689, -23.969757724639333 ], [ 28.925697844080254, -23.969662018787201 ], [ 28.926032814562806, -23.96972183539442 ], [ 28.926475453679274, -23.969925209880568 ], [ 28.926779009044118, -23.970508997592162 ], [ 28.927207000003058, -23.971260004345741 ], [ 28.927746998824979, -23.971720001277045 ], [ 28.927848001683948, -23.971739996803432 ], [ 28.928457995640006, -23.971810000031532 ], [ 28.928787002718032, -23.971580002015521 ], [ 28.929278000179654, -23.971410001370501 ], [ 28.929568011754412, -23.971429996896887 ], [ 28.929776999808738, -23.97132999858059 ], [ 28.930148003427679, -23.971329998580593 ], [ 28.930527999367719, -23.971469997842117 ], [ 28.930778001004004, -23.971469997842117 ], [ 28.931218002408915, -23.971509998787422 ], [ 28.931618001969234, -23.971540001070217 ], [ 28.931928001875868, -23.971639999386511 ], [ 28.932177989122948, -23.971490002361751 ], [ 28.932458002035187, -23.971410001370494 ], [ 28.933227998873122, -23.971559998395254 ], [ 28.933558003299215, -23.971779997748659 ], [ 28.934037996656276, -23.972240002773926 ], [ 28.93439800426453, -23.972510001735255 ], [ 28.934567996815684, -23.97275999707621 ], [ 28.934988000895643, -23.972759997076214 ], [ 28.935468003245862, -23.973009999611779 ], [ 28.935928000177075, -23.973160004730509 ], [ 28.936367999783425, -23.973279998573094 ], [ 28.936867997659945, -23.973239997627779 ], [ 28.936928003124898, -23.972950003140156 ], [ 28.936987999596603, -23.972799998021525 ], [ 28.937288001739912, -23.972759997076214 ], [ 28.937617998072209, -23.972950003140159 ], [ 28.938098000422432, -23.973090000603033 ], [ 28.938788002564344, -23.972969998666549 ], [ 28.93904799566846, -23.972820001641804 ], [ 28.939373915373906, -23.972282007408722 ], [ 28.939373915373906, -23.971925690618161 ], [ 28.939679328738102, -23.971849338176462 ], [ 28.939882937047965, -23.971976594044612 ], [ 28.940315606280226, -23.971976594044612 ], [ 28.940621019644333, -23.971594827339434 ], [ 28.941206395558744, -23.971187608920978 ], [ 28.941689967318183, -23.970805842215881 ], [ 28.942173538178245, -23.970805842215881 ], [ 28.942266341918227, -23.970826464569754 ], [ 28.942402599100742, -23.970856743843683 ], [ 28.942682561650951, -23.970983999711848 ], [ 28.943242485852089, -23.970653136433107 ], [ 28.943878764293579, -23.970169563774306 ], [ 28.944438689394087, -23.969711442828856 ], [ 28.944998615393878, -23.969278773596596 ], [ 28.946398427245729, -23.968184376008136 ], [ 28.947009253973949, -23.967777157589765 ], [ 28.94754372736119, -23.967599000093813 ], [ 28.948052749934522, -23.967089976621107 ], [ 28.948536321693958, -23.966988173365511 ], [ 28.948731972802339, -23.966835053894624 ], [ 28.949121696709, -23.966530052420058 ], [ 28.949478012600277, -23.966097383187702 ], [ 28.949554365941349, -23.965715615583154 ], [ 28.94952891602664, -23.965130239668834 ], [ 28.949478012600277, -23.964697571335851 ], [ 28.949808876778292, -23.96413764623534 ], [ 28.950368802778073, -23.963603171948822 ], [ 28.95072511777008, -23.963297758584719 ], [ 28.950979630405666, -23.963297758584723 ], [ 28.951335945397574, -23.963119601088756 ], [ 28.951132337087721, -23.962839639437831 ], [ 28.950979630405666, -23.962610577616047 ], [ 28.951132337087721, -23.962101555942088 ], [ 28.951310493684396, -23.961897945833492 ], [ 28.951692261288855, -23.961388924159522 ], [ 28.951690269290559, -23.961343118090454 ], [ 28.951666809575677, -23.96080354824521 ], [ 28.951641358761776, -23.960116367276541 ], [ 28.95143774955255, -23.959607344703205 ], [ 28.951463201265732, -23.959276479625828 ], [ 28.951463201265732, -23.958869262106738 ], [ 28.951412298738646, -23.958258435378529 ], [ 28.951491689090272, -23.95792981321037 ], [ 28.951700719412745, -23.957606766838769 ], [ 28.951966756860376, -23.957302724940806 ], [ 28.952023764884899, -23.957093696416973 ], [ 28.951852739912049, -23.95699868214346 ], [ 28.951491689090272, -23.956941674119026 ], [ 28.951263656992271, -23.95711269819251 ], [ 28.951035625793548, -23.957131700867322 ], [ 28.951035625793548, -23.956884666094503 ], [ 28.951168643618036, -23.956580623297171 ], [ 28.951510691765087, -23.956504612597833 ], [ 28.952023764884899, -23.956390595649506 ], [ 28.952612847804765, -23.95618156712559 ], [ 28.952783871878246, -23.95597253680312 ], [ 28.952745865629254, -23.955801512729643 ], [ 28.952555839780242, -23.955744504705116 ], [ 28.952289802332611, -23.955782510954112 ], [ 28.952099774684864, -23.955782510954112 ], [ 28.952061770234518, -23.955611485981343 ], [ 28.95219478895838, -23.955402456558154 ], [ 28.952612847804765, -23.955288439609827 ], [ 28.952916890602108, -23.955155421785335 ], [ 28.953163925374916, -23.954908387911804 ], [ 28.953239936074255, -23.954585342439561 ], [ 28.953391956573554, -23.954433320141618 ], [ 28.953753008294782, -23.954433320141614 ], [ 28.954152065365548, -23.954452322816426 ], [ 28.95443710458871, -23.954395314791991 ], [ 28.954608128662279, -23.95420528804361 ], [ 28.954532117962945, -23.953958254170161 ], [ 28.954418101913898, -23.953711217598702 ], [ 28.954304086764221, -23.953540194424406 ], [ 28.954399099239083, -23.953369170350932 ], [ 28.954627132236372, -23.953331164101932 ], [ 28.954912172358984, -23.953179142703263 ], [ 28.955026188407942, -23.953103132003925 ], [ 28.955197211582146, -23.953141138252921 ], [ 28.955311229429753, -23.953236151627067 ], [ 28.955615272227092, -23.953369170350935 ], [ 28.955995323925116, -23.953293159651594 ], [ 28.956261363171482, -23.95291310615492 ], [ 28.956584407744263, -23.952533051758969 ], [ 28.956850445191975, -23.952191003611915 ], [ 28.957021469265456, -23.951753942090807 ], [ 28.957078477289979, -23.9515259099928 ], [ 28.957082847095748, -23.951376817686032 ], [ 28.957113488796473, -23.950331460128812 ], [ 28.956868386666777, -23.948811831600818 ], [ 28.956840327818991, -23.948331960551609 ], [ 28.95680843516115, -23.947965206229316 ], [ 28.956792490181321, -23.947726018041305 ], [ 28.956967893953184, -23.947343316940543 ], [ 28.956983839832382, -23.947008454376636 ], [ 28.956983839832382, -23.946657645034271 ], [ 28.956840327818991, -23.946322781571087 ], [ 28.956840327818991, -23.946003863987098 ], [ 28.956840327818991, -23.945716839060871 ], [ 28.956792490181321, -23.945445759114477 ], [ 28.956553301993313, -23.945110895651382 ], [ 28.956409789080556, -23.944791979866043 ], [ 28.956393843201361, -23.944409278765193 ], [ 28.95623438530869, -23.944106307060487 ], [ 28.956170600892548, -23.943691715100528 ], [ 28.955995197120767, -23.943436581033414 ], [ 28.956043034758267, -23.943101717570229 ], [ 28.956011142999877, -23.942766855006422 ], [ 28.955851684207925, -23.942607396214378 ], [ 28.955676278637416, -23.942352262147178 ], [ 28.955644387778303, -23.942033344563189 ], [ 28.955644387778303, -23.941682536120176 ], [ 28.955644387778303, -23.941236052401912 ], [ 28.955660333657502, -23.940725784267595 ], [ 28.955740063053479, -23.940311192307725 ], [ 28.955756008932759, -23.939880652670002 ], [ 28.955708172194456, -23.93952984512627 ], [ 28.955612496019913, -23.939210926642922 ], [ 28.955516820744748, -23.93889201085759 ], [ 28.955564658382336, -23.938525254736735 ], [ 28.955596551040088, -23.93817444719301 ], [ 28.955580604261527, -23.93788742136741 ], [ 28.955580604261527, -23.937472827608978 ], [ 28.955532766623946, -23.937106074185969 ], [ 28.955516820744748, -23.936723373085201 ], [ 28.955484928986358, -23.936372563742822 ], [ 28.955484928986358, -23.936260942588461 ], [ 28.9553892537111, -23.93587824238698 ], [ 28.955835738328645, -23.935878242386977 ], [ 28.956393843201361, -23.93584634972931 ], [ 28.957113488796473, -23.935821463689589 ], [ 28.957897812733915, -23.935772443443508 ], [ 28.958191934210422, -23.935772443443508 ], [ 28.958535075933103, -23.935625382705247 ], [ 28.958682136671268, -23.935625382705254 ], [ 28.958762051327671, -23.935616503698743 ], [ 28.957329850392313, -23.933418571409948 ], [ 28.95635148513302, -23.931809002583375 ], [ 28.954899716748578, -23.929552450685058 ], [ 28.953305929225284, -23.927090758032044 ], [ 28.952042415924815, -23.925086450679167 ], [ 28.977095847295548, -23.926509411979769 ], [ 28.985077379017849, -23.926962738639446 ], [ 29.013375485190487, -23.930253931773564 ], [ 29.016943506737512, -23.92739336191417 ], [ 29.035004002332826, -23.913442005444175 ], [ 29.044929996022567, -23.905569998556587 ], [ 29.045340002339287, -23.906102002405472 ] ] ] } },
{ "type": "Feature", "properties": { "Municipali": "Mogalakwena Local Municipality", "WardNo": "19", "WardLabel": "LIM367_19", "Province": "Limpopo", "CLASSIFICATION": "Service centre", "PopGBlack": 12131.529816, "PopGColour": 43.095156453999998, "PopGIndian": 26.043033336000001, "PopGWhite": 27.414681234, "PopGOther": 32.0722341, "PopGTotal": 12260.154922 }, "geometry": { "type": "Polygon", "coordinates": [ [ [ 28.940369449590484, -24.006684241284749 ], [ 28.942528368389592, -24.006821315051663 ], [ 28.944344599623619, -24.00661570305224 ], [ 28.945612535789991, -24.006307286851836 ], [ 28.947086083056334, -24.005964601085505 ], [ 28.947394501055477, -24.006375824184982 ], [ 28.948285482788844, -24.008637547185064 ], [ 28.948593899888614, -24.009494261151232 ], [ 28.948833777856589, -24.009939752017921 ], [ 28.94961373738413, -24.01096594682101 ], [ 28.946390014087918, -24.013439174178497 ], [ 28.942569303730394, -24.01649233025686 ], [ 28.942125829143741, -24.016850522133907 ], [ 28.94173495230627, -24.017360754295414 ], [ 28.941305176192991, -24.017941531976106 ], [ 28.940910247010304, -24.018429385407803 ], [ 28.9406663202945, -24.018847545877609 ], [ 28.940526932571895, -24.019196013385354 ], [ 28.940422392679331, -24.019498018318941 ], [ 28.940236544181225, -24.020555033787787 ], [ 28.940132004288571, -24.021042887219483 ], [ 28.939946154891189, -24.021391353827937 ], [ 28.939783536780833, -24.021635281443114 ], [ 28.939423455428187, -24.021879207259634 ], [ 28.938552287558078, -24.022390292877727 ], [ 28.937750814448595, -24.022808452448167 ], [ 28.937135188937848, -24.023122073025231 ], [ 28.936658952049083, -24.023307922422699 ], [ 28.935729706860553, -24.023540232595664 ], [ 28.934974695425932, -24.023819006242146 ], [ 28.934196451804837, -24.024167472850603 ], [ 28.933545981162148, -24.024539170746177 ], [ 28.931664260397344, -24.02560780275795 ], [ 28.929643151910017, -24.026699665157459 ], [ 28.929029361016262, -24.027018142972874 ], [ 28.928711406606176, -24.027183118206342 ], [ 28.928411902687259, -24.027338521955244 ], [ 28.928016974403853, -24.027570833027575 ], [ 28.926402409843405, -24.028883390855775 ], [ 28.924935397051005, -24.030002072837398 ], [ 28.925057259684856, -24.03009737939054 ], [ 28.925341265587029, -24.030137949606697 ], [ 28.925645558395846, -24.030198809427528 ], [ 28.925706417317393, -24.030462529322254 ], [ 28.925564414366306, -24.030726250116349 ], [ 28.92526012065812, -24.030969683104427 ], [ 28.925138403714396, -24.031253689905874 ], [ 28.925138403714396, -24.031497123793233 ], [ 28.925199262635854, -24.031720270773949 ], [ 28.926132427069845, -24.032389715313133 ], [ 28.927172449848761, -24.033343568650782 ], [ 28.927558840867853, -24.033633361690306 ], [ 28.92745419305664, -24.033770208828102 ], [ 28.927156351084754, -24.034011702877834 ], [ 28.926778009897308, -24.034269295691502 ], [ 28.926584814837359, -24.034373944402077 ], [ 28.926303071629484, -24.034502740808865 ], [ 28.925948879936886, -24.034720085363659 ], [ 28.925731536281457, -24.034840831938883 ], [ 28.925546390153876, -24.034897180760325 ], [ 28.925393444252151, -24.035034027898032 ], [ 28.92508755064997, -24.035178923968193 ], [ 28.924757509351679, -24.035291620711778 ], [ 28.924330870073636, -24.035372119028054 ], [ 28.924105474787915, -24.035452617344419 ], [ 28.923872030569825, -24.035533114761424 ], [ 28.923702985004809, -24.035589463582859 ], [ 28.923574187698659, -24.035694112293442 ], [ 28.923332693648923, -24.035887307353391 ], [ 28.923067051003709, -24.036112700840466 ], [ 28.922656511388958, -24.036338096126279 ], [ 28.922254020706486, -24.036531291186233 ], [ 28.921923979408199, -24.036692286919507 ], [ 28.921674434627533, -24.036837183888956 ], [ 28.921231695686206, -24.03703037894881 ], [ 28.921006301299851, -24.037191374682173 ], [ 28.920668209270545, -24.037279922830198 ], [ 28.920418666288448, -24.037320171988334 ], [ 28.920144972012935, -24.037368470978112 ], [ 28.919935677289779, -24.037497267384989 ], [ 28.919702233071607, -24.037738762334008 ], [ 28.91953318660731, -24.037915856831297 ], [ 28.919275593793653, -24.038084903295676 ], [ 28.919058249238855, -24.038181501275343 ], [ 28.918848953616333, -24.038245899029054 ], [ 28.918696007714612, -24.038334447177064 ], [ 28.91854306091361, -24.038422995324982 ], [ 28.918377465147977, -24.038631701891504 ], [ 28.936832996945352, -24.061186090865398 ], [ 28.945560161072635, -24.071851504443398 ], [ 28.947112003316409, -24.07374800106944 ], [ 28.948040579409316, -24.074683788825801 ], [ 28.948328761762937, -24.075044017667302 ], [ 28.948458444002021, -24.075389836671672 ], [ 28.948458444002021, -24.075663610087513 ], [ 28.948516080652666, -24.075850928977253 ], [ 28.948703398642941, -24.076124702393102 ], [ 28.949222127599182, -24.076312021282749 ], [ 28.949452674201609, -24.076585793799406 ], [ 28.947637123754294, -24.077925843003271 ], [ 28.946934453762058, -24.078421013319137 ], [ 28.945490164139848, -24.079438802159011 ], [ 28.945405024422353, -24.079499709643837 ], [ 28.940847002187507, -24.082760493102288 ], [ 28.940515003064998, -24.082998003155343 ], [ 28.93840700208154, -24.084539003172527 ], [ 28.938292003073538, -24.084623001650211 ], [ 28.936368489014654, -24.085909148188637 ], [ 28.93627299720109, -24.085972998255301 ], [ 28.936162003773489, -24.086046998969834 ], [ 28.935787010761999, -24.086329996732033 ], [ 28.935701001400144, -24.086390002196897 ], [ 28.93544170527051, -24.086572816382372 ], [ 28.935205999257494, -24.086738997606712 ], [ 28.934806996145962, -24.087042997236534 ], [ 28.933304185839543, -24.088470706957558 ], [ 28.932015001391282, -24.089714000800463 ], [ 28.93199000203705, -24.089739998402223 ], [ 28.931367174755302, -24.090365457100209 ], [ 28.931014991248947, -24.090583810694344 ], [ 28.930768462794404, -24.090654247395626 ], [ 28.930733244443768, -24.091379745778678 ], [ 28.930077001952128, -24.094091002098136 ], [ 28.929683735616013, -24.095634127213195 ], [ 28.929401988810838, -24.096725896982541 ], [ 28.928167695382932, -24.101605237092013 ], [ 28.927035314028554, -24.105967200825688 ], [ 28.926880352746171, -24.106375734952216 ], [ 28.926598605940992, -24.106861748370967 ], [ 28.925964674730004, -24.107636552984594 ], [ 28.925513878762516, -24.108193003104621 ], [ 28.926955888603381, -24.109189469918132 ], [ 28.926182841265152, -24.109649119711115 ], [ 28.92534711297893, -24.10994162510595 ], [ 28.924135307098847, -24.110317702699817 ], [ 28.92357119025823, -24.110422168847993 ], [ 28.922505636625875, -24.110672887243904 ], [ 28.92192062673557, -24.110902711690844 ], [ 28.921168472447118, -24.111195217085598 ], [ 28.920541675557974, -24.111613080779112 ], [ 28.919789521269429, -24.112156303670488 ], [ 28.919183618329342, -24.112448809065327 ], [ 28.918452356191299, -24.11265774136168 ], [ 28.917916922328185, -24.112779431325745 ], [ 28.917879997064276, -24.112618996769342 ], [ 28.917656996673049, -24.112199999030711 ], [ 28.911536997734316, -24.100673998106533 ], [ 28.911118996444557, -24.09988699688741 ], [ 28.910397002719574, -24.098524998829689 ], [ 28.907212996182839, -24.092538998875664 ], [ 28.907173011425375, -24.09246600270389 ], [ 28.906547200193209, -24.091287269391948 ], [ 28.903454997350266, -24.08546300171616 ], [ 28.90038599701623, -24.079682997772156 ], [ 28.896109998577607, -24.083988001145414 ], [ 28.895647999755475, -24.084450990121102 ], [ 28.895451425942603, -24.083916639940995 ], [ 28.895330903298564, -24.083573615130312 ], [ 28.895330903298564, -24.083341840953214 ], [ 28.895330903298564, -24.083193505875663 ], [ 28.895386529065135, -24.082998816142435 ], [ 28.895534864142682, -24.082813396621013 ], [ 28.895639661241418, -24.082609318864982 ], [ 28.89571101165393, -24.082470371810231 ], [ 28.895720282764916, -24.082220056310618 ], [ 28.895618303242141, -24.081608173778239 ], [ 28.895553406364666, -24.081237335634583 ], [ 28.895516321920798, -24.081061188123336 ], [ 28.895432883720712, -24.080977749923257 ], [ 28.895247465098478, -24.080959207701365 ], [ 28.894932252721297, -24.080857227279214 ], [ 28.894617041243496, -24.080820142835339 ], [ 28.894337889881736, -24.080827301438831 ], [ 28.894255474210819, -24.080829413946336 ], [ 28.893995886700846, -24.080662536646706 ], [ 28.893578694800979, -24.080198990091347 ], [ 28.893309837079382, -24.079716901313908 ], [ 28.892985353591303, -24.079142102326124 ], [ 28.892781392747086, -24.078826889949042 ], [ 28.892614516346924, -24.078678554871392 ], [ 28.892364200847211, -24.078539490904834 ], [ 28.89218805333606, -24.078446780694396 ], [ 28.891965550269955, -24.07838188381692 ], [ 28.891780130748533, -24.078289175405121 ], [ 28.89156689879341, -24.078094484772709 ], [ 28.891344395727309, -24.077695834195445 ], [ 28.891057995829911, -24.077031998727787 ], [ 28.890917998367048, -24.076790996607212 ], [ 28.890852997168135, -24.076679005831451 ], [ 28.890846996891497, -24.076626996238904 ], [ 28.890764002956399, -24.076412996262771 ], [ 28.890687002103508, -24.076249003988426 ], [ 28.89066800302599, -24.076153003158566 ], [ 28.890526999221631, -24.075692000785228 ], [ 28.890501001619956, -24.075617001823161 ], [ 28.890401992557944, -24.075326999241664 ], [ 28.890339004041849, -24.075217999611002 ], [ 28.890186996133011, -24.075010998159023 ], [ 28.889888000331027, -24.074727003048753 ], [ 28.889684006211915, -24.074554002265454 ], [ 28.889630001023772, -24.074531004802054 ], [ 28.889546001646721, -24.074482003441751 ], [ 28.889339998442185, -24.074361004157026 ], [ 28.888824998974577, -24.074111998070343 ], [ 28.888487996024235, -24.073956000768867 ], [ 28.888431997039138, -24.073952003282344 ], [ 28.888334002412321, -24.073925997586791 ], [ 28.888272998699929, -24.0738850001926 ], [ 28.888163002620487, -24.073823997379581 ], [ 28.887869999001254, -24.073727997449083 ], [ 28.887636002599532, -24.073652999386386 ], [ 28.887502005413296, -24.07360299977864 ], [ 28.887330998426854, -24.073572996596486 ], [ 28.887171002739674, -24.073528999064113 ], [ 28.887079997643767, -24.073493002799836 ], [ 28.887035001863953, -24.073475001969761 ], [ 28.886760997322227, -24.073345001370768 ], [ 28.88651400211954, -24.073203000218331 ], [ 28.88631900212037, -24.073073996967398 ], [ 28.886036004358164, -24.072876004024391 ], [ 28.885923997394642, -24.072775997614208 ], [ 28.885798998824747, -24.07260199858338 ], [ 28.885678000439484, -24.072425988668471 ], [ 28.885628000831652, -24.072310000406187 ], [ 28.885591000024693, -24.072176002320674 ], [ 28.885539005720631, -24.071996003013215 ], [ 28.885514995620589, -24.071836996580117 ], [ 28.885514995620589, -24.071634000708542 ], [ 28.885523996934953, -24.07140899662793 ], [ 28.885538001177874, -24.071340997089401 ], [ 28.885610997349733, -24.071114995660544 ], [ 28.88567899688827, -24.070914002579162 ], [ 28.885683999816742, -24.070731003133258 ], [ 28.88567899688827, -24.070557004102429 ], [ 28.885637001246639, -24.070481997945851 ], [ 28.885482998641482, -24.070305996124826 ], [ 28.885299999195663, -24.070159995687316 ], [ 28.885202003669573, -24.070124001221679 ], [ 28.885166001110147, -24.070114002559251 ], [ 28.885129997651354, -24.070111003320168 ], [ 28.885082001733092, -24.070106000391608 ], [ 28.884945002609843, -24.070084997624612 ], [ 28.884785997975499, -24.07009000055309 ], [ 28.884711996361595, -24.07009600172908 ], [ 28.884576002680387, -24.070103000253251 ], [ 28.884441000052199, -24.070136001775118 ], [ 28.88436699933758, -24.070149997924066 ], [ 28.884096998577697, -24.070186998731014 ], [ 28.88394899714854, -24.070210003389011 ], [ 28.883789999708792, -24.070229009661134 ], [ 28.883655994428675, -24.070239001129043 ], [ 28.883458997934444, -24.070260002097392 ], [ 28.883287001693823, -24.070282998661511 ], [ 28.883213000979286, -24.070288999837512 ], [ 28.883163998719613, -24.07028599879979 ], [ 28.883102996805963, -24.070282002212632 ], [ 28.882968997820985, -24.070263003135121 ], [ 28.882820996391917, -24.070208997946896 ], [ 28.882698002410962, -24.070177998315938 ], [ 28.882537998629804, -24.070145003089394 ], [ 28.882389997200647, -24.070115000806684 ], [ 28.882304002227997, -24.070121999330848 ], [ 28.882255000867598, -24.070118998293118 ], [ 28.882107995887328, -24.070097996425403 ], [ 28.881960001652857, -24.070099001867444 ], [ 28.881542009356256, -24.070083993081852 ], [ 28.881123999073342, -24.070069996932816 ], [ 28.881012997551853, -24.070062999308028 ], [ 28.880655001727046, -24.070049999607853 ], [ 28.880305998223257, -24.070041997440217 ], [ 28.880168001751944, -24.070037999054421 ], [ 28.880081999584686, -24.070027003943107 ], [ 28.880050002605579, -24.070009002213666 ], [ 28.879933998155529, -24.070010996909989 ], [ 28.879725002007234, -24.069997000760953 ], [ 28.879589997580396, -24.069985996656477 ], [ 28.879517002307903, -24.069972990661004 ], [ 28.879467002700071, -24.069956999815723 ], [ 28.879394008326859, -24.069938000738123 ], [ 28.879247003346585, -24.069904000968897 ], [ 28.878940002679023, -24.069907001107271 ], [ 28.878607988268044, -24.069950002190851 ], [ 28.878522010382518, -24.069970006710399 ], [ 28.878287997792945, -24.070031001429633 ], [ 28.878091002198087, -24.070078998247176 ], [ 28.877955998670441, -24.070084997624612 ], [ 28.877759003075582, -24.070083993081852 ], [ 28.877586998741069, -24.070075997209528 ], [ 28.877452003307393, -24.070065999446385 ], [ 28.877292000425523, -24.070046992274907 ], [ 28.87715699599859, -24.070025997601704 ], [ 28.876926997982583, -24.069923997394579 ], [ 28.876680002779981, -24.069777001407459 ], [ 28.876593004163848, -24.069715001246365 ], [ 28.876492000405605, -24.069624004244432 ], [ 28.876350995701955, -24.069399000163738 ], [ 28.876265991782144, -24.069207000302843 ], [ 28.87623500024516, -24.069116999749685 ], [ 28.876144002343857, -24.068989992094455 ], [ 28.875984996810228, -24.068859998690051 ], [ 28.875837002575668, -24.06878700341748 ], [ 28.87559200296867, -24.06878100314076 ], [ 28.875358995821049, -24.068794001042349 ], [ 28.875229004215214, -24.068794001042349 ], [ 28.875133003385443, -24.068803999704784 ], [ 28.874938999835059, -24.068869997352483 ], [ 28.87481599686085, -24.068902003324837 ], [ 28.874595000159204, -24.06894600085722 ], [ 28.874386003111624, -24.068925997237038 ], [ 28.874276996286454, -24.068900996983437 ], [ 28.874226996678622, -24.068888996430086 ], [ 28.874189006617396, -24.068881000557766 ], [ 28.874005001729447, -24.068839004916136 ], [ 28.873808996288147, -24.068772001826485 ], [ 28.873588005881818, -24.068689998045034 ], [ 28.873293000371753, -24.068575996385185 ], [ 28.873171001940218, -24.06852400208103 ], [ 28.872985999704202, -24.068450998714649 ], [ 28.872625002841662, -24.068260003396432 ], [ 28.872428997400366, -24.068136003074066 ], [ 28.872269999960526, -24.067982001368275 ], [ 28.872120992190137, -24.067829004205159 ], [ 28.872099998416218, -24.067778997402815 ], [ 28.872067003189667, -24.067710987971754 ], [ 28.872050997055918, -24.067666000285637 ], [ 28.872022996664043, -24.067576000631959 ], [ 28.872006001275921, -24.067486000978178 ], [ 28.871965002982542, -24.067395003976333 ], [ 28.871943002867297, -24.067327002639065 ], [ 28.87192200189887, -24.067260000448687 ], [ 28.871885998440078, -24.067136000126325 ], [ 28.871841002660179, -24.066966995930088 ], [ 28.871823000930828, -24.066853999712372 ], [ 28.871811000377381, -24.066751998605884 ], [ 28.87179400409007, -24.066618001419645 ], [ 28.871767001945642, -24.066422002273669 ], [ 28.871748002868131, -24.066292001674576 ], [ 28.871745001830487, -24.066224001236673 ], [ 28.871711002061179, -24.066168002251494 ], [ 28.871664002591707, -24.066094000637669 ], [ 28.871563997080809, -24.065938003336203 ], [ 28.8713080023625, -24.065682997872081 ], [ 28.87107600065692, -24.065496000040369 ], [ 28.871001999942383, -24.065430002392667 ], [ 28.870893997659891, -24.065337999948689 ], [ 28.870785997176043, -24.065251997781523 ], [ 28.870651999090533, -24.065135004077206 ], [ 28.870515998214813, -24.065046000872311 ], [ 28.870466995955141, -24.065006000826372 ], [ 28.870416997246675, -24.064965999880961 ], [ 28.870159996186956, -24.064771996330588 ], [ 28.869907000707546, -24.064590002326803 ], [ 28.869665998587063, -24.064430995893805 ], [ 28.869498998080395, -24.064333001266998 ], [ 28.869408998426621, -24.064253000275745 ], [ 28.869206999903113, -24.06401499829353 ], [ 28.869111997320871, -24.063903995872767 ], [ 28.869042998635521, -24.063824992229669 ], [ 28.868809003132995, -24.063611000347404 ], [ 28.868577001427504, -24.063371992923159 ], [ 28.868349006201786, -24.063183001294504 ], [ 28.868094997186365, -24.062981001871798 ], [ 28.868007008416757, -24.062906003809015 ], [ 28.867951001337698, -24.062858997145039 ], [ 28.867802000761817, -24.062773003071655 ], [ 28.867545997949538, -24.062601996085313 ], [ 28.866983999911739, -24.062209999591818 ], [ 28.866609997053811, -24.06195800235994 ], [ 28.866352996893365, -24.061667997979704 ], [ 28.866054000192015, -24.061418002638735 ], [ 28.865674005151249, -24.061124001671345 ], [ 28.865552996873358, -24.061040003193661 ], [ 28.86537299756581, -24.060935999296966 ], [ 28.865188003423675, -24.060863004024469 ], [ 28.864771995930958, -24.060699002756799 ], [ 28.864380000336748, -24.060546005593771 ], [ 28.864246002251228, -24.06050100171981 ], [ 28.863806000846317, -24.06036500084409 ], [ 28.863288998588516, -24.060212003681062 ], [ 28.863009001863951, -24.060099996717533 ], [ 28.86286199688368, -24.06003799655636 ], [ 28.862715000896653, -24.059981000223019 ], [ 28.862492996954309, -24.059901995680548 ], [ 28.862296998707521, -24.059864994873681 ], [ 28.862197998638845, -24.059844001099854 ], [ 28.862051001752356, -24.0597940023913 ], [ 28.861829996057544, -24.059708997572216 ], [ 28.86163300136197, -24.059578996973126 ], [ 28.861474003022849, -24.059475001170394 ], [ 28.862149407369348, -24.059294224848582 ], [ 28.862619975831233, -24.05918350301625 ], [ 28.863152825942201, -24.059065860900819 ], [ 28.863685676053173, -24.058858256903005 ], [ 28.864197766213934, -24.058526091406037 ], [ 28.864654494109701, -24.058131644259973 ], [ 28.864965899656564, -24.057757956164757 ], [ 28.865180423937481, -24.057571113016511 ], [ 28.86574095518095, -24.057501911983699 ], [ 28.866156163176402, -24.057384268968903 ], [ 28.86662673163837, -24.057259706570189 ], [ 28.86706269958394, -24.057148984737875 ], [ 28.867339504614481, -24.057038262905547 ], [ 28.867581710027892, -24.056844498574737 ], [ 28.867913876424325, -24.056657656325775 ], [ 28.868294483004004, -24.056533093027884 ], [ 28.868661249916755, -24.056450052328049 ], [ 28.869166419794507, -24.056318568746967 ], [ 28.869699269905386, -24.056083285415298 ], [ 28.870875691959647, -24.055626555720973 ], [ 28.871872191148768, -24.055218268008709 ], [ 28.87362298411351, -24.054387852917081 ], [ 28.874259635773608, -24.054034925671338 ], [ 28.874633322969551, -24.053820402289794 ], [ 28.874847847250376, -24.053391353727964 ], [ 28.874944729415784, -24.053100708131222 ], [ 28.874993169599112, -24.05285158423326 ], [ 28.875256134962637, -24.052671659569477 ], [ 28.875699023191398, -24.052415616287693 ], [ 28.876045030154032, -24.052076528708795 ], [ 28.876411797066872, -24.051785884011331 ], [ 28.876647081297818, -24.051495238414581 ], [ 28.876792403646551, -24.051218433384037 ], [ 28.876778563080261, -24.050948547737327 ], [ 28.877339094323812, -24.05078246543847 ], [ 28.877837343018999, -24.050644061574189 ], [ 28.878716200092612, -24.05049181894227 ], [ 28.879428973967997, -24.050401857060052 ], [ 28.879996423696092, -24.050401857060056 ], [ 28.880570794606481, -24.050415697626356 ], [ 28.88120052688285, -24.050394936776961 ], [ 28.881498092762783, -24.050388017393132 ], [ 28.88180500169954, -24.050459003580194 ], [ 28.883262999687744, -24.050422002773246 ], [ 28.884283997308689, -24.050376001551218 ], [ 28.884794998390486, -24.050255002266585 ], [ 28.885166001110147, -24.05015300116008 ], [ 28.885500003022763, -24.050041999638601 ], [ 28.885945995711229, -24.050051000952955 ], [ 28.886567999213888, -24.050125001667499 ], [ 28.886902001126508, -24.049958000261544 ], [ 28.887541990170753, -24.049576999778736 ], [ 28.888387001259147, -24.048407999829372 ], [ 28.889333997266181, -24.047210003938527 ], [ 28.890011999754023, -24.046439999006708 ], [ 28.890823626209489, -24.045786270120299 ], [ 28.891434906196032, -24.045059654779244 ], [ 28.891953916639984, -24.043756360867345 ], [ 28.892438326567536, -24.04238386502335 ], [ 28.892519062304917, -24.041807185553211 ], [ 28.892542129016036, -24.041022902984636 ], [ 28.892577529929081, -24.040891658623131 ], [ 28.892568120322565, -24.040866956944555 ], [ 28.892541452725904, -24.040796954615736 ], [ 28.89254596192665, -24.040720290109348 ], [ 28.892582040029197, -24.040634606302007 ], [ 28.8926632146357, -24.040575980397165 ], [ 28.89272000592355, -24.040571922656088 ], [ 28.892789486645526, -24.040566960197022 ], [ 28.892888699853664, -24.040530882993931 ], [ 28.892947325758506, -24.040481276389862 ], [ 28.892996933261859, -24.040409120184759 ], [ 28.893005591934568, -24.040322534357447 ], [ 28.893005952562714, -24.040318926277486 ], [ 28.893028501264379, -24.040201673568433 ], [ 28.89305555916679, -24.040111479661068 ], [ 28.893100655670739, -24.040021285753792 ], [ 28.893199869778247, -24.039899523843992 ], [ 28.893305806317962, -24.039809857838701 ], [ 28.893347000663592, -24.039774990223599 ], [ 28.893406000686412, -24.03972499870974 ], [ 28.893505999002706, -24.039644997718487 ], [ 28.893576999578883, -24.039564995827948 ], [ 28.893635999601791, -24.039504999356243 ], [ 28.893766000200792, -24.039414998803196 ], [ 28.893955998170853, -24.039284991009502 ], [ 28.89410699973828, -24.039175002124665 ], [ 28.89423600298921, -24.03902499790539 ], [ 28.894396005871087, -24.038915000926586 ], [ 28.894606997614897, -24.03878500122687 ], [ 28.89472600310258, -24.03871500519336 ], [ 28.894916998420808, -24.038595003256795 ], [ 28.895056996783048, -24.038494996846616 ], [ 28.895176002270738, -24.038454995901393 ], [ 28.895443975958774, -24.038146469084239 ], [ 28.895765557334613, -24.03799639831518 ], [ 28.896172891765602, -24.037996398315183 ], [ 28.896451595264988, -24.038125031045336 ], [ 28.896816052718712, -24.038446610622614 ], [ 28.89728770396442, -24.038618121229309 ], [ 28.897759355210127, -24.03868243714475 ], [ 28.898316762208903, -24.038532366375684 ], [ 28.898831290431776, -24.0382751009152 ], [ 28.899045677116359, -24.03791064436075 ], [ 28.899024239077459, -24.037546186007745 ], [ 28.898917045285483, -24.037310360384808 ], [ 28.899045677116359, -24.036988779908249 ], [ 28.899517329261435, -24.036624321555237 ], [ 28.900139051276277, -24.036302741078675 ], [ 28.900782212229398, -24.03587396681014 ], [ 28.901082352868318, -24.035595264210119 ], [ 28.901425373182427, -24.035187928879857 ], [ 28.901704075782533, -24.034823471426126 ], [ 28.902068533236264, -24.034416136095864 ], [ 28.902432990690084, -24.034030239703863 ], [ 28.902733133127651, -24.033580027396344 ], [ 28.902883203896796, -24.033108376150643 ], [ 28.903011835727668, -24.032615285966667 ], [ 28.903011835727668, -24.032079317906245 ], [ 28.902797449043089, -24.031521911806834 ], [ 28.902711694189382, -24.031178893291379 ], [ 28.902733133127651, -24.030985944645604 ], [ 28.902861764958526, -24.030792996000013 ], [ 28.903140467558551, -24.030621487191869 ], [ 28.903462048934479, -24.03057860931543 ], [ 28.903805068349303, -24.030492855361008 ], [ 28.904040893072786, -24.030321344754302 ], [ 28.904105209887589, -24.029999765177031 ], [ 28.904105209887589, -24.029635306824016 ], [ 28.903955139118448, -24.029185093617215 ], [ 28.903805068349303, -24.028606248579532 ], [ 28.903933700180175, -24.028198914148554 ], [ 28.904148086864762, -24.027984526564683 ], [ 28.904319596572176, -24.027770139880104 ], [ 28.904448229302332, -24.027319927572581 ], [ 28.904362474448714, -24.026869715265153 ], [ 28.904233841718469, -24.026226554312029 ], [ 28.904362474448714, -24.025626271235446 ], [ 28.904383913386898, -24.025047426197773 ], [ 28.904319596572176, -24.024532897075613 ], [ 28.904341034611075, -24.023954052037848 ], [ 28.904469667341321, -24.023375207899534 ], [ 28.904684054025989, -24.022581976177278 ], [ 28.904919879648755, -24.021960254162423 ], [ 28.905069951317273, -24.021317093209312 ], [ 28.905091390255542, -24.020588177402484 ], [ 28.904812686756145, -24.020288034964825 ], [ 28.904469667341321, -24.020095087218518 ], [ 28.904105209887589, -24.019773506741956 ], [ 28.903976577157351, -24.019430487327131 ], [ 28.9042124027802, -24.019194661704272 ], [ 28.904405351425883, -24.018894520165986 ], [ 28.904598300071566, -24.018487184835717 ], [ 28.904769808879614, -24.01810128844372 ], [ 28.905005635401746, -24.017415249614057 ], [ 28.905220022086414, -24.017179423991298 ], [ 28.905520162725423, -24.016814965638208 ], [ 28.905863183039532, -24.01627899937634 ], [ 28.906527782031549, -24.015207064154684 ], [ 28.906935117361812, -24.014542465162673 ], [ 28.907042311153788, -24.014113690894138 ], [ 28.906999434176623, -24.013663477687423 ], [ 28.906935117361812, -24.013170388402727 ], [ 28.907085188130964, -24.012720175196019 ], [ 28.907235258900105, -24.01246291063481 ], [ 28.907621156191471, -24.012184208034785 ], [ 28.90783554287605, -24.011905505434768 ], [ 28.907878419853226, -24.011583924958209 ], [ 28.907599717253202, -24.010940764005085 ], [ 28.90747108542233, -24.01042623488285 ], [ 28.907449645584776, -24.009825951806267 ], [ 28.907706911045178, -24.009247106768587 ], [ 28.907921296830391, -24.008625384753735 ], [ 28.908007051684098, -24.007960784862352 ], [ 28.908007051684098, -24.007253307993793 ], [ 28.908328633060027, -24.006824533725261 ], [ 28.908757407328558, -24.00656727006351 ], [ 28.909250496613165, -24.00600986396401 ], [ 28.9097007089206, -24.005559650757295 ], [ 28.910086606211966, -24.005259509219005 ], [ 28.910665451249557, -24.004937928742443 ], [ 28.911351489179932, -24.00433764476649 ], [ 28.911715946633745, -24.003823117442995 ], [ 28.912251913794801, -24.003587290920773 ], [ 28.912659249125159, -24.003415781213356 ], [ 28.913045146416433, -24.0030942007368 ], [ 28.913473919785691, -24.00290125299049 ], [ 28.913581112678294, -24.002558232676378 ], [ 28.913409603870157, -24.00195794959971 ], [ 28.913216655224474, -24.001572053207717 ], [ 28.912916513686188, -24.001100401962013 ], [ 28.91268068806334, -24.000435802969992 ], [ 28.912723565040594, -24.000092782655798 ], [ 28.913173778247309, -23.999771203078605 ], [ 28.913602551616563, -23.999342428810071 ], [ 28.913945571031302, -23.999020849232796 ], [ 28.914403519307044, -23.998781609783478 ], [ 28.915181067752144, -23.999678783349133 ], [ 28.916138053428451, -24.00039652058296 ], [ 28.917304376995418, -24.00099463539415 ], [ 28.921939767905993, -24.002579640138311 ], [ 28.926395723383926, -24.004104833671118 ], [ 28.928447167802624, -24.004667728333018 ], [ 28.92940299785009, -24.004929996721984 ], [ 28.933001714157882, -24.005484841552242 ], [ 28.935777466257079, -24.005964601085495 ], [ 28.940369449590484, -24.006684241284749 ] ] ] } },
{ "type": "Feature", "properties": { "Municipali": "Mogalakwena Local Municipality", "WardNo": "20", "WardLabel": "LIM367_20", "Province": "Limpopo", "CLASSIFICATION": "Service centre", "PopGBlack": 18943.345545, "PopGColour": 33.377580013, "PopGIndian": 30.492878673, "PopGWhite": 16.023435012, "PopGOther": 29.5671982, "PopGTotal": 19052.806636999998 }, "geometry": { "type": "Polygon", "coordinates": [ [ [ 28.952361007054911, -24.043811483013563 ], [ 28.955961806192434, -24.048844179115555 ], [ 28.964259105173564, -24.042864470818682 ], [ 28.969347998111719, -24.039197002239906 ], [ 28.980288996340196, -24.040323000206328 ], [ 28.988677995593054, -24.041185000387514 ], [ 28.991905464565573, -24.041516986020099 ], [ 28.99409299889286, -24.041742001791981 ], [ 28.995409002923228, -24.041876998124941 ], [ 28.998971002609725, -24.042242997016753 ], [ 29.010098274715673, -24.043384851829416 ], [ 29.033010003908583, -24.045735999816554 ], [ 29.03577399107688, -24.060780001995486 ], [ 29.037156000848835, -24.068301999038059 ], [ 29.045260720805683, -24.08116911396343 ], [ 29.044866554248159, -24.081849202878388 ], [ 29.044578799072379, -24.082242468315226 ], [ 29.044137574589477, -24.082645325021797 ], [ 29.043734717882991, -24.083038589559258 ], [ 29.043514106091131, -24.083259202250396 ], [ 29.0429481879086, -24.083594915572963 ], [ 29.042593290248181, -24.083805936095093 ], [ 29.042171250103124, -24.083968997571223 ], [ 29.041749209058796, -24.084103283439791 ], [ 29.041403902668023, -24.084180018093353 ], [ 29.041144923999113, -24.084208792801579 ], [ 29.040953086915472, -24.084352670839142 ], [ 29.040751658562275, -24.084534915753764 ], [ 29.040463904285776, -24.0848034865916 ], [ 29.040089822287513, -24.085062466159886 ], [ 29.039763700234595, -24.085407771651372 ], [ 29.039466352889889, -24.086021648879981 ], [ 29.039140230837059, -24.086606751400542 ], [ 29.038919619045295, -24.087086342760507 ], [ 29.038794925345574, -24.08745083169056 ], [ 29.038718189792725, -24.087987975164975 ], [ 29.038631863869426, -24.088755320801429 ], [ 29.038555129215865, -24.089234913060849 ], [ 29.038411252077662, -24.089618586328676 ], [ 29.03824819060161, -24.089944708381594 ], [ 29.038152271610105, -24.090194095780944 ], [ 29.038046762248321, -24.090453075349131 ], [ 29.037720640195491, -24.090731239255351 ], [ 29.037500028403631, -24.090913483270601 ], [ 29.037221865396784, -24.090951851047119 ], [ 29.036943702389934, -24.091038176970336 ], [ 29.036607988168182, -24.091191646277466 ], [ 29.036301048654554, -24.091354707753606 ], [ 29.036080436862694, -24.091498584891806 ], [ 29.035879007610127, -24.091747973190444 ], [ 29.035754314809864, -24.091997359690431 ], [ 29.035754314809864, -24.092323482642623 ], [ 29.035773498248346, -24.092735930618666 ], [ 29.035879007610127, -24.093273074093162 ], [ 29.036022885647697, -24.093570421437772 ], [ 29.036128395908761, -24.093886951321775 ], [ 29.036080436862694, -24.094145930890051 ], [ 29.035936558825213, -24.094308992366102 ], [ 29.035667987987281, -24.09457756320403 ], [ 29.035447376195517, -24.094932460864442 ], [ 29.03516921318867, -24.095306541963343 ], [ 29.034910232721103, -24.095565522430991 ], [ 29.034603295006129, -24.095766949884819 ], [ 29.034286764222852, -24.095949194799537 ], [ 29.033845539739865, -24.096112256275589 ], [ 29.033481049910524, -24.096256133413792 ], [ 29.033145335688761, -24.096409602721007 ], [ 29.032963091673331, -24.096572664197065 ], [ 29.032694519936214, -24.096889194081058 ], [ 29.032589009675153, -24.097167357087905 ], [ 29.032349214444729, -24.097551031255097 ], [ 29.032214928576167, -24.097790825586159 ], [ 29.032138193922517, -24.098011439176666 ], [ 29.031965541176817, -24.098241643137357 ], [ 29.031629826954973, -24.098452662760202 ], [ 29.031380438656331, -24.098740417935975 ], [ 29.031207785910638, -24.098951437558821 ], [ 29.031015949726363, -24.09922000929603 ], [ 29.030833704811737, -24.099632458171428 ], [ 29.030833704811737, -24.099805110917128 ], [ 29.030862481318518, -24.099987355831846 ], [ 29.031006357557438, -24.100188784185047 ], [ 29.031207785910638, -24.100361436930747 ], [ 29.031399622994186, -24.100850621359086 ], [ 29.031629826954973, -24.101243885896643 ], [ 29.031860030915752, -24.101416538642344 ], [ 29.032234112014649, -24.101531641072416 ], [ 29.032579418405508, -24.101646742603119 ], [ 29.033001458550558, -24.101819396248196 ], [ 29.033461867371315, -24.102078374917109 ], [ 29.033644112286037, -24.102308578877892 ], [ 29.033682479163176, -24.102462048185025 ], [ 29.033701662601658, -24.102538782838586 ], [ 29.033749621647722, -24.102634700930722 ], [ 29.033672886994161, -24.102788171137224 ], [ 29.033423499594893, -24.10296082388292 ], [ 29.033260438118752, -24.103114293190139 ], [ 29.033135745318404, -24.103344497150832 ], [ 29.033001458550558, -24.103584293280537 ], [ 29.032800030197279, -24.103824087611507 ], [ 29.032330031006154, -24.104073475910234 ], [ 29.032003908053955, -24.104246128655923 ], [ 29.031744929385045, -24.104428373570638 ], [ 29.031485949816769, -24.104668169700265 ], [ 29.031303704902054, -24.104869598053551 ], [ 29.030948807241728, -24.105387557190024 ], [ 29.030574726142738, -24.105713679242935 ], [ 29.030210236313398, -24.106030210026212 ], [ 29.029721052784428, -24.106298780864051 ], [ 29.029164725871439, -24.106653679423836 ], [ 29.028742685726389, -24.106874291215597 ], [ 29.028445339280967, -24.10699898491524 ], [ 29.02817676844322, -24.107066127399872 ], [ 29.027860236760578, -24.107046943961304 ], [ 29.027131258001173, -24.107046943961304 ], [ 29.026920238378334, -24.107046943961304 ], [ 29.026709217856212, -24.107037351792378 ], [ 29.026344728026871, -24.107094903007461 ], [ 29.025951462590033, -24.107056536130223 ], [ 29.025548605883458, -24.106931842430594 ], [ 29.024886769608788, -24.106749596616602 ], [ 29.024071464026896, -24.106404291125202 ], [ 29.023678198590058, -24.106250821817977 ], [ 29.023438403359719, -24.10619327060299 ], [ 29.023208199398937, -24.106270005256551 ], [ 29.022997178876814, -24.106385106787261 ], [ 29.022690240262378, -24.106557760432331 ], [ 29.022402485086687, -24.106663269794108 ], [ 29.022162689856351, -24.106749596616599 ], [ 29.022018811818782, -24.10688388338453 ], [ 29.021855751241915, -24.107142862053525 ], [ 29.021750240980939, -24.107382658183148 ], [ 29.021529629189086, -24.107651229021073 ], [ 29.021347384274371, -24.107843066104625 ], [ 29.021011670052619, -24.108130821280398 ], [ 29.020733507045762, -24.108322656565388 ], [ 29.020439840626135, -24.108506198302397 ], [ 29.020426568431418, -24.10851449364894 ], [ 29.020157996694209, -24.108667962956162 ], [ 29.019707180941662, -24.108744697609723 ], [ 29.019313916404105, -24.108821432263284 ], [ 29.018987792552622, -24.108898166916941 ], [ 29.018671262668725, -24.108850207870869 ], [ 29.018431467438379, -24.108687147294013 ], [ 29.018258813793313, -24.108476126771887 ], [ 29.018143712262518, -24.108284289688246 ], [ 29.017951876078243, -24.10808286133496 ], [ 29.017760038994695, -24.107929392027835 ], [ 29.017606569687477, -24.107718372404989 ], [ 29.017625653301273, -24.107546620779974 ], [ 29.017625753126048, -24.107545718759926 ], [ 29.017712079948542, -24.107382658183141 ], [ 29.017855957086827, -24.107257963584146 ], [ 29.01786554925576, -24.107104495176301 ], [ 29.017875141424682, -24.106922250261672 ], [ 29.017107793989581, -24.106922250261672 ], [ 29.016599427022037, -24.106922250261668 ], [ 29.016302080576608, -24.106912658092742 ], [ 29.015918407308703, -24.106826332169536 ], [ 29.003225998281263, -24.100489003065025 ], [ 28.999375919663034, -24.100014355278265 ], [ 28.998378618278622, -24.09871786203972 ], [ 28.995751057365421, -24.095993212117058 ], [ 28.993724540355309, -24.093897566919146 ], [ 28.991131553878219, -24.093964053798082 ], [ 28.990751764782136, -24.092333887798741 ], [ 28.99057420623463, -24.090765451264577 ], [ 28.990500222607221, -24.090484315998403 ], [ 28.987318959002852, -24.090084808367244 ], [ 28.987999601000816, -24.085512665876855 ], [ 28.988428620784251, -24.082880543602226 ], [ 28.986155673345717, -24.082260649009768 ], [ 28.986172891765563, -24.081554657821147 ], [ 28.985070857134463, -24.080745350717415 ], [ 28.983940654837379, -24.080037901727813 ], [ 28.98356049791872, -24.079777698182248 ], [ 28.976524881218282, -24.075368135131377 ], [ 28.976353242008507, -24.075453953836941 ], [ 28.976124388829522, -24.076140513373989 ], [ 28.975495044160969, -24.076054692869768 ], [ 28.974465206204361, -24.075997479799845 ], [ 28.973463973883312, -24.075968873264923 ], [ 28.972491349895918, -24.075911660194997 ], [ 28.972434136825992, -24.075740020085853 ], [ 28.971519003799031, -24.075832997394901 ], [ 28.971418998288229, -24.076283003757649 ], [ 28.971338996397609, -24.076812995823094 ], [ 28.971045999972972, -24.07891099814411 ], [ 28.970919000411616, -24.079791997402815 ], [ 28.970741443662757, -24.081034814605029 ], [ 28.970429478737486, -24.08321843688136 ], [ 28.960591259778873, -24.085986221886643 ], [ 28.958091091430791, -24.086845655402637 ], [ 28.955929487256114, -24.086845655402644 ], [ 28.948715460350311, -24.086793567569124 ], [ 28.948558151837247, -24.086970624294942 ], [ 28.948381405377653, -24.086508364669335 ], [ 28.948027913357549, -24.086318023158256 ], [ 28.947579249682715, -24.086086892895864 ], [ 28.947307333366759, -24.085774188727875 ], [ 28.947361716270187, -24.085216758346739 ], [ 28.947660825386862, -24.084632136963517 ], [ 28.948055105258995, -24.083993130878319 ], [ 28.948626130691441, -24.083340529741719 ], [ 28.948830607746373, -24.083079646308644 ], [ 28.949020410563573, -24.082837484062651 ], [ 28.949632223848049, -24.081899369760148 ], [ 28.949904141063282, -24.081219576722113 ], [ 28.95040718764163, -24.080743722045199 ], [ 28.951086980679666, -24.080295059269552 ], [ 28.951739581816266, -24.079819203693368 ], [ 28.947402504122305, -24.078949069144247 ], [ 28.946934453762058, -24.078421013319137 ], [ 28.947637123754294, -24.077925843003271 ], [ 28.949452674201609, -24.076585793799406 ], [ 28.949222127599182, -24.076312021282749 ], [ 28.948703398642941, -24.076124702393102 ], [ 28.948516080652666, -24.075850928977253 ], [ 28.948458444002021, -24.075663610087513 ], [ 28.948458444002021, -24.075389836671672 ], [ 28.948328761762937, -24.075044017667302 ], [ 28.948040579409316, -24.074683788825801 ], [ 28.947112003316409, -24.07374800106944 ], [ 28.945560161072635, -24.071851504443398 ], [ 28.936832996945352, -24.061186090865398 ], [ 28.918377465147977, -24.038631701891504 ], [ 28.91854306091361, -24.038422995324982 ], [ 28.918696007714612, -24.038334447177064 ], [ 28.918848953616333, -24.038245899029054 ], [ 28.919058249238855, -24.038181501275343 ], [ 28.919275593793653, -24.038084903295676 ], [ 28.91953318660731, -24.037915856831297 ], [ 28.919702233071607, -24.037738762334008 ], [ 28.919935677289779, -24.037497267384989 ], [ 28.920144972012935, -24.037368470978112 ], [ 28.920418666288448, -24.037320171988334 ], [ 28.920668209270545, -24.037279922830198 ], [ 28.921006301299851, -24.037191374682173 ], [ 28.921231695686206, -24.03703037894881 ], [ 28.921674434627533, -24.036837183888956 ], [ 28.921923979408199, -24.036692286919507 ], [ 28.922254020706486, -24.036531291186233 ], [ 28.922656511388958, -24.036338096126279 ], [ 28.923067051003709, -24.036112700840466 ], [ 28.923332693648923, -24.035887307353391 ], [ 28.923574187698659, -24.035694112293442 ], [ 28.923702985004809, -24.035589463582859 ], [ 28.923872030569825, -24.035533114761424 ], [ 28.924105474787915, -24.035452617344419 ], [ 28.924330870073636, -24.035372119028054 ], [ 28.924757509351679, -24.035291620711778 ], [ 28.92508755064997, -24.035178923968193 ], [ 28.925393444252151, -24.035034027898032 ], [ 28.925546390153876, -24.034897180760325 ], [ 28.925731536281457, -24.034840831938883 ], [ 28.925948879936886, -24.034720085363659 ], [ 28.926303071629484, -24.034502740808865 ], [ 28.926584814837359, -24.034373944402077 ], [ 28.926778009897308, -24.034269295691502 ], [ 28.927156351084754, -24.034011702877834 ], [ 28.92745419305664, -24.033770208828102 ], [ 28.927558840867853, -24.033633361690306 ], [ 28.927172449848761, -24.033343568650782 ], [ 28.926132427069845, -24.032389715313133 ], [ 28.925199262635854, -24.031720270773949 ], [ 28.925138403714396, -24.031497123793233 ], [ 28.925138403714396, -24.031253689905874 ], [ 28.92526012065812, -24.030969683104427 ], [ 28.925564414366306, -24.030726250116349 ], [ 28.925706417317393, -24.030462529322254 ], [ 28.925645558395846, -24.030198809427528 ], [ 28.925341265587029, -24.030137949606697 ], [ 28.925057259684856, -24.03009737939054 ], [ 28.924935397051005, -24.030002072837398 ], [ 28.926402409843405, -24.028883390855775 ], [ 28.928016974403853, -24.027570833027575 ], [ 28.928411902687259, -24.027338521955244 ], [ 28.928711406606176, -24.027183118206342 ], [ 28.930265758857708, -24.028429310564277 ], [ 28.930641315744182, -24.028710977329741 ], [ 28.933364101372167, -24.030072370143781 ], [ 28.941063011248986, -24.033687101578483 ], [ 28.94672765735557, -24.036394239902307 ], [ 28.947181455259976, -24.036738500381446 ], [ 28.947619604061487, -24.03717665008233 ], [ 28.948026457355208, -24.037739985412003 ], [ 28.952361007054911, -24.043811483013563 ] ] ] } },
{ "type": "Feature", "properties": { "Municipali": "Mogalakwena Local Municipality", "WardNo": "21", "WardLabel": "LIM367_21", "Province": "Limpopo", "CLASSIFICATION": "Service centre", "PopGBlack": 11829.194378, "PopGColour": 18.792986815, "PopGIndian": 80.188254122999993, "PopGWhite": 11.907650184, "PopGOther": 15.4164248, "PopGTotal": 11955.499694000002 }, "geometry": { "type": "Polygon", "coordinates": [ [ [ 28.976524881218282, -24.075368135131377 ], [ 28.98356049791872, -24.079777698182248 ], [ 28.983940654837379, -24.080037901727813 ], [ 28.985070857134463, -24.080745350717415 ], [ 28.986172891765563, -24.081554657821147 ], [ 28.986155673345717, -24.082260649009768 ], [ 28.988428620784251, -24.082880543602226 ], [ 28.987999601000816, -24.085512665876855 ], [ 28.987318959002852, -24.090084808367244 ], [ 28.990500222607221, -24.090484315998403 ], [ 28.99057420623463, -24.090765451264577 ], [ 28.990751764782136, -24.092333887798741 ], [ 28.991131553878219, -24.093964053798082 ], [ 28.993724540355309, -24.093897566919146 ], [ 28.995751057365421, -24.095993212117058 ], [ 28.998378618278622, -24.09871786203972 ], [ 28.999375919663034, -24.100014355278265 ], [ 29.003225998281263, -24.100489003065025 ], [ 29.003139996114005, -24.100658997414826 ], [ 29.002208000798689, -24.10247600386456 ], [ 29.002087002413326, -24.102713000404645 ], [ 28.998971002609725, -24.103713004251759 ], [ 28.981672040332409, -24.109263046152655 ], [ 28.975774996818728, -24.111154999403698 ], [ 28.970990000987793, -24.11269100368693 ], [ 28.969233995552507, -24.113253999072796 ], [ 28.965992001629584, -24.114294002965934 ], [ 28.96651503114386, -24.110583509021755 ], [ 28.965971903580492, -24.110584841817044 ], [ 28.965660724662751, -24.110584841817047 ], [ 28.965056670728853, -24.110676365821597 ], [ 28.964635663904787, -24.110822803329764 ], [ 28.964269570584332, -24.111060763943108 ], [ 28.963830258959295, -24.111371942860941 ], [ 28.963262814627235, -24.111591598673325 ], [ 28.962915026107659, -24.111792949684922 ], [ 28.962658760693344, -24.112012606396675 ], [ 28.962384191377438, -24.112268870911702 ], [ 28.961999793255924, -24.112580049829447 ], [ 28.961597091232822, -24.112946143150005 ], [ 28.961121170006038, -24.113239018166151 ], [ 28.960736771884523, -24.113458673978624 ], [ 28.960553724774613, -24.113660024990217 ], [ 28.960425592966782, -24.113824767299256 ], [ 28.960132717950636, -24.113934595205407 ], [ 28.959876453435598, -24.114062727912604 ], [ 28.959656796723845, -24.114209165420679 ], [ 28.959309009103546, -24.11452034433843 ], [ 28.958924610982123, -24.114794913654336 ], [ 28.958595127263418, -24.114977960764332 ], [ 28.958119206036628, -24.115197615677438 ], [ 28.957954463727596, -24.115270834881105 ], [ 28.95773480791512, -24.115362357986477 ], [ 28.957515152102651, -24.115490490693585 ], [ 28.957258886688336, -24.115655233002627 ], [ 28.956929402969632, -24.115783364810454 ], [ 28.956618224051883, -24.116003020622927 ], [ 28.956453481742841, -24.116149459030375 ], [ 28.956160606726694, -24.116369114842758 ], [ 28.955849427808953, -24.116552161053388 ], [ 28.955519944090238, -24.116643684158749 ], [ 28.955208765172408, -24.116716903362427 ], [ 28.954824367050986, -24.116790121666824 ], [ 28.954494883332281, -24.116863339971221 ], [ 28.953945743801096, -24.117009778378574 ], [ 28.953689478386785, -24.117009778378574 ], [ 28.953451517773349, -24.116845036069542 ], [ 28.953250166761837, -24.116625380257158 ], [ 28.952993901347526, -24.116442333147152 ], [ 28.952664416729455, -24.116405724444689 ], [ 28.952408152214506, -24.11629589563908 ], [ 28.952243409905556, -24.116167762931966 ], [ 28.952170191601073, -24.116021326323168 ], [ 28.95211527809764, -24.115801669611329 ], [ 28.951968839690284, -24.115655233002627 ], [ 28.951712575175257, -24.115490490693585 ], [ 28.951566137667175, -24.115307443583678 ], [ 28.951492919362781, -24.115032874267765 ], [ 28.951419701058384, -24.114721695350024 ], [ 28.951328177053739, -24.114556953040985 ], [ 28.951200045246004, -24.114556953040982 ], [ 28.951035302936965, -24.114666780947221 ], [ 28.950797342323529, -24.114611867443703 ], [ 28.950632600014579, -24.114538649139387 ], [ 28.950620477153375, -24.114533846759649 ], [ 28.950624526800571, -24.114528556947331 ], [ 28.950771788087554, -24.114286041267793 ], [ 28.950924591896452, -24.114000805992386 ], [ 28.951107957366368, -24.113837814663427 ], [ 28.951423751604953, -24.113644264371366 ], [ 28.951566368792964, -24.113511833804139 ], [ 28.95116907888994, -24.112737627239678 ], [ 28.951036649222001, -24.11191248487334 ], [ 28.950792162228506, -24.109885285277674 ], [ 28.950753049813422, -24.109603870322342 ], [ 28.950374498184619, -24.106880140406158 ], [ 28.949834590194222, -24.102540505939626 ], [ 28.949345618005875, -24.101745925234301 ], [ 28.950948166724583, -24.102127484196057 ], [ 28.950651912955511, -24.101110314089791 ], [ 28.950488763345778, -24.100403329150307 ], [ 28.950121675374998, -24.098989360170801 ], [ 28.949781779305752, -24.097548200189316 ], [ 28.949441882337052, -24.096079847407015 ], [ 28.948804046269707, -24.093775824794498 ], [ 28.948775685249689, -24.093673381221588 ], [ 28.948503768034545, -24.092585712360737 ], [ 28.948381405377653, -24.091593215154813 ], [ 28.949373902583577, -24.09084544326258 ], [ 28.949798057934068, -24.090399348950871 ], [ 28.950162463227208, -24.090016094766924 ], [ 28.949727394603681, -24.089281918825549 ], [ 28.949634839975982, -24.089164444883242 ], [ 28.949373902583577, -24.088833256049995 ], [ 28.949074794366275, -24.088330208572284 ], [ 28.948680513594866, -24.087731992137762 ], [ 28.948558151837247, -24.086970624294942 ], [ 28.948715460350311, -24.086793567569124 ], [ 28.955929487256114, -24.086845655402644 ], [ 28.958091091430791, -24.086845655402637 ], [ 28.960591259778873, -24.085986221886643 ], [ 28.970429478737486, -24.08321843688136 ], [ 28.970741443662757, -24.081034814605029 ], [ 28.970919000411616, -24.079791997402815 ], [ 28.971045999972972, -24.07891099814411 ], [ 28.971338996397609, -24.076812995823094 ], [ 28.971418998288229, -24.076283003757649 ], [ 28.971519003799031, -24.075832997394901 ], [ 28.972434136825992, -24.075740020085853 ], [ 28.972491349895918, -24.075911660194997 ], [ 28.973463973883312, -24.075968873264923 ], [ 28.974465206204361, -24.075997479799845 ], [ 28.975495044160969, -24.076054692869768 ], [ 28.976124388829522, -24.076140513373989 ], [ 28.976353242008507, -24.075453953836941 ], [ 28.976524881218282, -24.075368135131377 ] ] ] } },
{ "type": "Feature", "properties": { "Municipali": "Mogalakwena Local Municipality", "WardNo": "22", "WardLabel": "LIM367_22", "Province": "Limpopo", "CLASSIFICATION": "Service centre", "PopGBlack": 8822.1182368999998, "PopGColour": 12.306381102, "PopGIndian": 10.586013882, "PopGWhite": 1.069896054, "PopGOther": 11.8201119, "PopGTotal": 8857.9006398000001 }, "geometry": { "type": "Polygon", "coordinates": [ [ [ 28.950896834321455, -24.133956038240619 ], [ 28.951235289676926, -24.134046293301822 ], [ 28.951686565882397, -24.134016208281391 ], [ 28.952128002605221, -24.13420899594847 ], [ 28.952416127402394, -24.13433210144537 ], [ 28.952719642297744, -24.134459347420997 ], [ 28.953125864267324, -24.134628606125293 ], [ 28.953633640380207, -24.134639889919015 ], [ 28.954186552567446, -24.134639889919011 ], [ 28.954547637563486, -24.134425495140462 ], [ 28.95497642801978, -24.13429008781733 ], [ 28.955348796809538, -24.134188532774647 ], [ 28.95595812886457, -24.134109545319308 ], [ 28.95636435083415, -24.134041841657702 ], [ 28.956781855698161, -24.133996705583534 ], [ 28.957154226286566, -24.133985421789809 ], [ 28.957515312181975, -24.13400799027653 ], [ 28.958011803601863, -24.13412082911303 ], [ 28.958587285175099, -24.134357792378214 ], [ 28.959027357626471, -24.134617322331575 ], [ 28.959354592140713, -24.134831716210755 ], [ 28.959659258168319, -24.134921988359089 ], [ 28.959930071915302, -24.135091247063471 ], [ 28.960189601868741, -24.135113814650829 ], [ 28.960502216104395, -24.135186576998979 ], [ 28.959847437709154, -24.135163997720355 ], [ 28.958808824167942, -24.135084973392829 ], [ 28.95870722056188, -24.135739751788151 ], [ 28.95771376377926, -24.135717173408889 ], [ 28.957861998132767, -24.136649003248944 ], [ 28.958424004264444, -24.136727002349275 ], [ 28.958819998244362, -24.138203997616433 ], [ 28.958827003963123, -24.138231000660152 ], [ 28.959018995730137, -24.139130000748921 ], [ 28.959705002184098, -24.141935999746607 ], [ 28.959712997157133, -24.141972011299281 ], [ 28.959951497363736, -24.142968548259873 ], [ 28.959684583077067, -24.143205804704145 ], [ 28.958738999005668, -24.144270997708439 ], [ 28.958282514826234, -24.144778568776015 ], [ 28.957839814555832, -24.145295999111035 ], [ 28.955788993367406, -24.14687756394844 ], [ 28.955172062940395, -24.147345347210077 ], [ 28.954650045163572, -24.147657202417957 ], [ 28.954243278204785, -24.14784024682994 ], [ 28.953238001632581, -24.146437997815436 ], [ 28.953028000042156, -24.146227996225008 ], [ 28.952559030574804, -24.145613984098091 ], [ 28.952273223330621, -24.145343218914473 ], [ 28.948744996784228, -24.146892002563895 ], [ 28.949572722003531, -24.148038675944143 ], [ 28.948166617595419, -24.148818039221169 ], [ 28.949776166636848, -24.151059372791828 ], [ 28.948738360686868, -24.151962155429178 ], [ 28.947484161664718, -24.153087543655257 ], [ 28.94726722000631, -24.153134999980345 ], [ 28.947365005990239, -24.153886999585421 ], [ 28.946626998037537, -24.153904003966613 ], [ 28.946492999952017, -24.154329002881163 ], [ 28.946487620207549, -24.154455198448666 ], [ 28.946316000782829, -24.154773999120749 ], [ 28.94619606629551, -24.155202733819166 ], [ 28.946063758036047, -24.155507997895842 ], [ 28.944445007131439, -24.159339536090755 ], [ 28.94101444426131, -24.157557426034419 ], [ 28.940658947652363, -24.157363220136574 ], [ 28.939410543861616, -24.15668122106149 ], [ 28.937806644361203, -24.155344637844767 ], [ 28.936752228832361, -24.154201116588325 ], [ 28.936258475847989, -24.153415285387144 ], [ 28.935697813303513, -24.152522961865227 ], [ 28.935029521695153, -24.151364590103785 ], [ 28.934816036131259, -24.151139566238015 ], [ 28.934480036824301, -24.150785404223011 ], [ 28.933098901193375, -24.149775541108369 ], [ 28.932282100938298, -24.149077547590803 ], [ 28.931910828422009, -24.148810231307127 ], [ 28.931688063653244, -24.148483511205129 ], [ 28.931598957925644, -24.148037982566887 ], [ 28.931598957925644, -24.147607307131572 ], [ 28.931702915057528, -24.147354841352882 ], [ 28.931925678027643, -24.1471172260792 ], [ 28.932371205766607, -24.147057822260713 ], [ 28.93271277727289, -24.147057822260713 ], [ 28.933054348779262, -24.147028121250795 ], [ 28.933395920285534, -24.146864760300435 ], [ 28.933574130841535, -24.14658259261255 ], [ 28.933737490892536, -24.146374680147435 ], [ 28.934019658580418, -24.146062811449639 ], [ 28.934286974864019, -24.145602432306386 ], [ 28.934539440642698, -24.145127201758939 ], [ 28.934565779087546, -24.145084228554293 ], [ 28.93482160922995, -24.144666824414426 ], [ 28.935178031241232, -24.14426584908966 ], [ 28.935935427677911, -24.143567854672817 ], [ 28.93651331403828, -24.142952686916974 ], [ 28.93732727513369, -24.142272927153915 ], [ 28.937429060402881, -24.14217114188472 ], [ 28.938163371242656, -24.141473183440709 ], [ 28.938534160822947, -24.141146014576972 ], [ 28.938897681183068, -24.140789766134752 ], [ 28.939101251721453, -24.140586194697178 ], [ 28.939217579028078, -24.140498949666789 ], [ 28.939384798069984, -24.140455327151674 ], [ 28.939559288130699, -24.140368083020647 ], [ 28.939646532261722, -24.140237214575762 ], [ 28.939668344418607, -24.140091806791467 ], [ 28.939697424896277, -24.139859154876124 ], [ 28.939813752202912, -24.139626502061422 ], [ 28.940002781603127, -24.139335685593455 ], [ 28.940148190286806, -24.139204818947221 ], [ 28.940424464717335, -24.139066681282358 ], [ 28.94083160759266, -24.138870379964139 ], [ 28.94109334178431, -24.138754053556784 ], [ 28.941369617114127, -24.138586835414159 ], [ 28.941660432682816, -24.138397804215288 ], [ 28.941900355616962, -24.138208773915782 ], [ 28.942045764300637, -24.138092446609154 ], [ 28.942111198073434, -24.137925227567255 ], [ 28.942111198073434, -24.137839113884045 ], [ 28.942131916654684, -24.137809187144292 ], [ 28.942278272324494, -24.137545746938645 ], [ 28.942717339333818, -24.137545746938649 ], [ 28.943201758254617, -24.137394489064427 ], [ 28.943608900230657, -24.137023698584862 ], [ 28.943943339213746, -24.136580204213139 ], [ 28.944277777297639, -24.136471147925139 ], [ 28.944808515800386, -24.136362091637228 ], [ 28.945201118436923, -24.13601311331454 ], [ 28.945709429646488, -24.135217052325153 ], [ 28.946267914033051, -24.134658567938594 ], [ 28.946742624772384, -24.134351401795755 ], [ 28.947189411562178, -24.134239705997636 ], [ 28.947496576805637, -24.134128008400861 ], [ 28.947887514797038, -24.133988387753909 ], [ 28.948362227335029, -24.133988387753909 ], [ 28.948641467729566, -24.133960463804353 ], [ 28.949106775157627, -24.13361758108649 ], [ 28.949558049564352, -24.133587496066149 ], [ 28.949971718819828, -24.133587496066149 ], [ 28.950144707911949, -24.133775528118118 ], [ 28.950896834321455, -24.133956038240619 ] ] ] } },
{ "type": "Feature", "properties": { "Municipali": "Mogalakwena Local Municipality", "WardNo": "23", "WardLabel": "LIM367_23", "Province": "Limpopo", "CLASSIFICATION": "Service centre", "PopGBlack": 15149.744973000001, "PopGColour": 67.398206884999993, "PopGIndian": 39.643468460999998, "PopGWhite": 38.579193005999997, "PopGOther": 54.830839, "PopGTotal": 15350.196681 }, "geometry": { "type": "Polygon", "coordinates": [ [ [ 28.950651912955511, -24.101110314089791 ], [ 28.950948166724583, -24.102127484196057 ], [ 28.949345618005875, -24.101745925234301 ], [ 28.949834590194222, -24.102540505939626 ], [ 28.950374498184619, -24.106880140406158 ], [ 28.950753049813422, -24.109603870322342 ], [ 28.950792162228506, -24.109885285277674 ], [ 28.951036649222001, -24.11191248487334 ], [ 28.95116907888994, -24.112737627239678 ], [ 28.951566368792964, -24.113511833804139 ], [ 28.951423751604953, -24.113644264371366 ], [ 28.951107957366368, -24.113837814663427 ], [ 28.950924591896452, -24.114000805992386 ], [ 28.950771788087554, -24.114286041267793 ], [ 28.950624526800571, -24.114528556947331 ], [ 28.950620477153375, -24.114533846759649 ], [ 28.950632600014579, -24.114538649139387 ], [ 28.950797342323529, -24.114611867443703 ], [ 28.951035302936965, -24.114666780947221 ], [ 28.951200045246004, -24.114556953040982 ], [ 28.951328177053739, -24.114556953040985 ], [ 28.951419701058384, -24.114721695350024 ], [ 28.951492919362781, -24.115032874267765 ], [ 28.951566137667175, -24.115307443583678 ], [ 28.951712575175257, -24.115490490693585 ], [ 28.951968839690284, -24.115655233002627 ], [ 28.95211527809764, -24.115801669611329 ], [ 28.952170191601073, -24.116021326323168 ], [ 28.952243409905556, -24.116167762931966 ], [ 28.952408152214506, -24.11629589563908 ], [ 28.952664416729455, -24.116405724444689 ], [ 28.952993901347526, -24.116442333147152 ], [ 28.953250166761837, -24.116625380257158 ], [ 28.953451517773349, -24.116845036069542 ], [ 28.953689478386785, -24.117009778378574 ], [ 28.953945743801096, -24.117009778378574 ], [ 28.954494883332281, -24.116863339971221 ], [ 28.954824367050986, -24.116790121666824 ], [ 28.955208765172408, -24.116716903362427 ], [ 28.955519944090238, -24.116643684158749 ], [ 28.955849427808953, -24.116552161053388 ], [ 28.956160606726694, -24.116369114842758 ], [ 28.956453481742841, -24.116149459030375 ], [ 28.956618224051883, -24.116003020622927 ], [ 28.956929402969632, -24.115783364810454 ], [ 28.957258886688336, -24.115655233002627 ], [ 28.957515152102651, -24.115490490693585 ], [ 28.95773480791512, -24.115362357986477 ], [ 28.957954463727596, -24.115270834881105 ], [ 28.958119206036628, -24.115197615677438 ], [ 28.958595127263418, -24.114977960764332 ], [ 28.958924610982123, -24.114794913654336 ], [ 28.959309009103546, -24.11452034433843 ], [ 28.959656796723845, -24.114209165420679 ], [ 28.959876453435598, -24.114062727912604 ], [ 28.960132717950636, -24.113934595205407 ], [ 28.960425592966782, -24.113824767299256 ], [ 28.960553724774613, -24.113660024990217 ], [ 28.960736771884523, -24.113458673978624 ], [ 28.961121170006038, -24.113239018166151 ], [ 28.961597091232822, -24.112946143150005 ], [ 28.961999793255924, -24.112580049829447 ], [ 28.962384191377438, -24.112268870911702 ], [ 28.962658760693344, -24.112012606396675 ], [ 28.962915026107659, -24.111792949684922 ], [ 28.963262814627235, -24.111591598673325 ], [ 28.963830258959295, -24.111371942860941 ], [ 28.964269570584332, -24.111060763943108 ], [ 28.964635663904787, -24.110822803329764 ], [ 28.965056670728853, -24.110676365821597 ], [ 28.965660724662751, -24.110584841817047 ], [ 28.965971903580492, -24.110584841817044 ], [ 28.96651503114386, -24.110583509021755 ], [ 28.965992001629584, -24.114294002965934 ], [ 28.965883983159326, -24.114889131128503 ], [ 28.965530343650457, -24.117288390147081 ], [ 28.965259022685828, -24.119175576991296 ], [ 28.965118780607252, -24.120151039239069 ], [ 28.964713314967611, -24.122992347418926 ], [ 28.964524315244983, -24.124321028292865 ], [ 28.964307849327881, -24.125842800804602 ], [ 28.964109690010211, -24.127217725717465 ], [ 28.96405176557661, -24.127586607835642 ], [ 28.963978599432892, -24.12793414994114 ], [ 28.963838362750266, -24.128479852263403 ], [ 28.963368876172744, -24.129787708436002 ], [ 28.962945119221878, -24.130900452194126 ], [ 28.962835368657419, -24.131162633348868 ], [ 28.96273781289981, -24.131461397125776 ], [ 28.962643305843944, -24.131787599218317 ], [ 28.962588431011358, -24.132025389859894 ], [ 28.962554896191541, -24.132238792686156 ], [ 28.962524410073467, -24.132497926038443 ], [ 28.962499518637888, -24.133128265357222 ], [ 28.962506075594913, -24.133259403598643 ], [ 28.962567998414404, -24.133678994889692 ], [ 28.962617997122962, -24.133959000607415 ], [ 28.962718002633761, -24.134389003349806 ], [ 28.962867999658521, -24.134818997099039 ], [ 28.963087991817407, -24.135298999449262 ], [ 28.963168001801911, -24.13543899691221 ], [ 28.963698001961319, -24.136349001105543 ], [ 28.963756249251599, -24.136460645642273 ], [ 28.963482584653597, -24.136417107663448 ], [ 28.963031014369847, -24.13624776891945 ], [ 28.962692335982556, -24.136067140985769 ], [ 28.962421392733123, -24.135863933773557 ], [ 28.962150451282334, -24.135604279713707 ], [ 28.961902086412241, -24.135423651780112 ], [ 28.961665011631013, -24.13529946979471 ], [ 28.961292464775429, -24.135186576998976 ], [ 28.960502216104395, -24.135186576998979 ], [ 28.960189601868741, -24.135113814650829 ], [ 28.959930071915302, -24.135091247063471 ], [ 28.959659258168319, -24.134921988359089 ], [ 28.959354592140713, -24.134831716210755 ], [ 28.959027357626471, -24.134617322331575 ], [ 28.958587285175099, -24.134357792378214 ], [ 28.958011803601863, -24.13412082911303 ], [ 28.957515312181975, -24.13400799027653 ], [ 28.957154226286566, -24.133985421789809 ], [ 28.956781855698161, -24.133996705583534 ], [ 28.95636435083415, -24.134041841657702 ], [ 28.95595812886457, -24.134109545319308 ], [ 28.955348796809538, -24.134188532774647 ], [ 28.95497642801978, -24.13429008781733 ], [ 28.954547637563486, -24.134425495140462 ], [ 28.954186552567446, -24.134639889919011 ], [ 28.953633640380207, -24.134639889919015 ], [ 28.953125864267324, -24.134628606125293 ], [ 28.952719642297744, -24.134459347420997 ], [ 28.952416127402394, -24.13433210144537 ], [ 28.952128002605221, -24.13420899594847 ], [ 28.951686565882397, -24.134016208281391 ], [ 28.951235289676926, -24.134046293301822 ], [ 28.950896834321455, -24.133956038240619 ], [ 28.950144707911949, -24.133775528118118 ], [ 28.949971718819828, -24.133587496066149 ], [ 28.949558049564352, -24.133587496066149 ], [ 28.949106775157627, -24.13361758108649 ], [ 28.948641467729566, -24.133960463804353 ], [ 28.948362227335029, -24.133988387753909 ], [ 28.947887514797038, -24.133988387753909 ], [ 28.947496576805637, -24.134128008400861 ], [ 28.947189411562178, -24.134239705997636 ], [ 28.946742624772384, -24.134351401795755 ], [ 28.946267914033051, -24.134658567938594 ], [ 28.945709429646488, -24.135217052325153 ], [ 28.945201118436923, -24.13601311331454 ], [ 28.944808515800386, -24.136362091637228 ], [ 28.944277777297639, -24.136471147925139 ], [ 28.943943339213746, -24.136580204213139 ], [ 28.943608900230657, -24.137023698584862 ], [ 28.943201758254617, -24.137394489064427 ], [ 28.942717339333818, -24.137545746938649 ], [ 28.942278272324494, -24.137545746938645 ], [ 28.942131916654684, -24.137809187144292 ], [ 28.942111198073434, -24.137839113884045 ], [ 28.942111198073434, -24.137925227567255 ], [ 28.942045764300637, -24.138092446609154 ], [ 28.941900355616962, -24.138208773915782 ], [ 28.941660432682816, -24.138397804215288 ], [ 28.941369617114127, -24.138586835414159 ], [ 28.94109334178431, -24.138754053556784 ], [ 28.94083160759266, -24.138870379964139 ], [ 28.940424464717335, -24.139066681282358 ], [ 28.940148190286806, -24.139204818947221 ], [ 28.940002781603127, -24.139335685593455 ], [ 28.939813752202912, -24.139626502061422 ], [ 28.939697424896277, -24.139859154876124 ], [ 28.939668344418607, -24.140091806791467 ], [ 28.939646532261722, -24.140237214575762 ], [ 28.939559288130699, -24.140368083020647 ], [ 28.939384798069984, -24.140455327151674 ], [ 28.939217579028078, -24.140498949666789 ], [ 28.939101251721453, -24.140586194697178 ], [ 28.938897681183068, -24.140789766134752 ], [ 28.938534160822947, -24.141146014576972 ], [ 28.938163371242656, -24.141473183440709 ], [ 28.937429060402881, -24.14217114188472 ], [ 28.93732727513369, -24.142272927153915 ], [ 28.93651331403828, -24.142952686916974 ], [ 28.935935427677911, -24.143567854672817 ], [ 28.935178031241232, -24.14426584908966 ], [ 28.93482160922995, -24.144666824414426 ], [ 28.934565779087546, -24.145084228554293 ], [ 28.934539440642698, -24.145127201758939 ], [ 28.934286974864019, -24.145602432306386 ], [ 28.934019658580418, -24.146062811449639 ], [ 28.933737490892536, -24.146374680147435 ], [ 28.933574130841535, -24.14658259261255 ], [ 28.933395920285534, -24.146864760300435 ], [ 28.933054348779262, -24.147028121250795 ], [ 28.93271277727289, -24.147057822260713 ], [ 28.932371205766607, -24.147057822260713 ], [ 28.931925678027643, -24.1471172260792 ], [ 28.931702915057528, -24.147354841352882 ], [ 28.931598957925644, -24.147607307131572 ], [ 28.931598957925644, -24.148037982566887 ], [ 28.931688063653244, -24.148483511205129 ], [ 28.931059808063736, -24.14810780143392 ], [ 28.930033988277998, -24.147792163677455 ], [ 28.929165986920808, -24.147594891091366 ], [ 28.927982347807152, -24.146963617377001 ], [ 28.927232710721061, -24.146174525234169 ], [ 28.926956528920698, -24.1459772517488 ], [ 28.926443618578141, -24.145661614891612 ], [ 28.926127981721041, -24.145306523876979 ], [ 28.925891254078223, -24.144714705219531 ], [ 28.925338889578132, -24.144162339820149 ], [ 28.924823656286804, -24.1435876568449 ], [ 28.921537000232469, -24.128924002240907 ], [ 28.920498000882095, -24.124289999883604 ], [ 28.919820995742413, -24.1212709991573 ], [ 28.91924299966475, -24.11869000334103 ], [ 28.918628002780125, -24.115946003605153 ], [ 28.917966996579686, -24.112996998013074 ], [ 28.917916922328185, -24.112779431325745 ], [ 28.918452356191299, -24.11265774136168 ], [ 28.919183618329342, -24.112448809065327 ], [ 28.919789521269429, -24.112156303670488 ], [ 28.920541675557974, -24.111613080779112 ], [ 28.921168472447118, -24.111195217085598 ], [ 28.92192062673557, -24.110902711690844 ], [ 28.922505636625875, -24.110672887243904 ], [ 28.92357119025823, -24.110422168847993 ], [ 28.924135307098847, -24.110317702699817 ], [ 28.92534711297893, -24.10994162510595 ], [ 28.926182841265152, -24.109649119711115 ], [ 28.926955888603381, -24.109189469918132 ], [ 28.925513878762516, -24.108193003104621 ], [ 28.925964674730004, -24.107636552984594 ], [ 28.926598605940992, -24.106861748370967 ], [ 28.926880352746171, -24.106375734952216 ], [ 28.927035314028554, -24.105967200825688 ], [ 28.928167695382932, -24.101605237092013 ], [ 28.929401988810838, -24.096725896982541 ], [ 28.929683735616013, -24.095634127213195 ], [ 28.930077001952128, -24.094091002098136 ], [ 28.930733244443768, -24.091379745778678 ], [ 28.930768462794404, -24.090654247395626 ], [ 28.931014991248947, -24.090583810694344 ], [ 28.931367174755302, -24.090365457100209 ], [ 28.93199000203705, -24.089739998402223 ], [ 28.932015001391282, -24.089714000800463 ], [ 28.933304185839543, -24.088470706957558 ], [ 28.934806996145962, -24.087042997236534 ], [ 28.935205999257494, -24.086738997606712 ], [ 28.93544170527051, -24.086572816382372 ], [ 28.935701001400144, -24.086390002196897 ], [ 28.935787010761999, -24.086329996732033 ], [ 28.936162003773489, -24.086046998969834 ], [ 28.93627299720109, -24.085972998255301 ], [ 28.936368489014654, -24.085909148188637 ], [ 28.938292003073538, -24.084623001650211 ], [ 28.93840700208154, -24.084539003172527 ], [ 28.940515003064998, -24.082998003155343 ], [ 28.940847002187507, -24.082760493102288 ], [ 28.945405024422353, -24.079499709643837 ], [ 28.945490164139848, -24.079438802159011 ], [ 28.946934453762058, -24.078421013319137 ], [ 28.947402504122305, -24.078949069144247 ], [ 28.951739581816266, -24.079819203693368 ], [ 28.951086980679666, -24.080295059269552 ], [ 28.95040718764163, -24.080743722045199 ], [ 28.949904141063282, -24.081219576722113 ], [ 28.949632223848049, -24.081899369760148 ], [ 28.949020410563573, -24.082837484062651 ], [ 28.948830607746373, -24.083079646308644 ], [ 28.948626130691441, -24.083340529741719 ], [ 28.948055105258995, -24.083993130878319 ], [ 28.947660825386862, -24.084632136963517 ], [ 28.947361716270187, -24.085216758346739 ], [ 28.947307333366759, -24.085774188727875 ], [ 28.947579249682715, -24.086086892895864 ], [ 28.948027913357549, -24.086318023158256 ], [ 28.948381405377653, -24.086508364669335 ], [ 28.948558151837247, -24.086970624294942 ], [ 28.948680513594866, -24.087731992137762 ], [ 28.949074794366275, -24.088330208572284 ], [ 28.949373902583577, -24.088833256049995 ], [ 28.949634839975982, -24.089164444883242 ], [ 28.949727394603681, -24.089281918825549 ], [ 28.950162463227208, -24.090016094766924 ], [ 28.949798057934068, -24.090399348950871 ], [ 28.949373902583577, -24.09084544326258 ], [ 28.948381405377653, -24.091593215154813 ], [ 28.948503768034545, -24.092585712360737 ], [ 28.948775685249689, -24.093673381221588 ], [ 28.948804046269707, -24.093775824794498 ], [ 28.949441882337052, -24.096079847407015 ], [ 28.949781779305752, -24.097548200189316 ], [ 28.950121675374998, -24.098989360170801 ], [ 28.950488763345778, -24.100403329150307 ], [ 28.950651912955511, -24.101110314089791 ] ] ] } },
{ "type": "Feature", "properties": { "Municipali": "Mogalakwena Local Municipality", "WardNo": "24", "WardLabel": "LIM367_24", "Province": "Limpopo", "CLASSIFICATION": "Service centre", "PopGBlack": 7281.5860823979583, "PopGColour": 7.3042720342651117, "PopGIndian": 36.18149465241865, "PopGWhite": 8.2527384912611748, "PopGOther": 5.1826625277883416, "PopGTotal": 7338.5072501036911 }, "geometry": { "type": "Polygon", "coordinates": [ [ [ 29.00508476834748, -24.114334440082345 ], [ 29.004947601051029, -24.114565459728162 ], [ 29.004731020919863, -24.114695408166572 ], [ 29.004654075824948, -24.11479153040483 ], [ 29.004472269779438, -24.114843474346866 ], [ 29.004173588740166, -24.114830488136537 ], [ 29.003835949969176, -24.114635695880697 ], [ 29.003436435143424, -24.114498363108964 ], [ 29.003420393936125, -24.114492847566904 ], [ 29.003082754265769, -24.114531807097254 ], [ 29.002836017168526, -24.114700626932436 ], [ 29.002745114595417, -24.114973334651687 ], [ 29.002550323238861, -24.115285002800654 ], [ 29.002420461135472, -24.115583683839937 ], [ 29.002212682669221, -24.115817433827573 ], [ 29.001978932681673, -24.116025212293739 ], [ 29.001680251642398, -24.116207018339249 ], [ 29.001199764557519, -24.116297920912363 ], [ 29.000810180945134, -24.116388824384753 ], [ 29.000394624012802, -24.116700490735081 ], [ 28.999979067979659, -24.117142020088163 ], [ 28.999641429208584, -24.117505631279894 ], [ 28.999472609373498, -24.117856257160582 ], [ 28.999459623163165, -24.118349729556417 ], [ 28.99955052573619, -24.118843202851536 ], [ 28.999745317992119, -24.119271745994286 ], [ 28.999992054189988, -24.119518482192241 ], [ 29.000251776598279, -24.119778204600536 ], [ 29.000459555064449, -24.120011954588083 ], [ 29.000511465731588, -24.12029478237833 ], [ 29.000451367636554, -24.120655370049338 ], [ 29.000170909559884, -24.120975893822468 ], [ 28.999730191395251, -24.121216286202689 ], [ 28.999009014254671, -24.121476710981408 ], [ 28.998047443834576, -24.121636971968737 ], [ 28.997166005706671, -24.121877365248238 ], [ 28.99705423256686, -24.121933251818099 ], [ 28.996725288441411, -24.122097724330512 ], [ 28.996504926661121, -24.122338116710729 ], [ 28.996224468584362, -24.122718737679609 ], [ 28.995883914211298, -24.122979163357783 ], [ 28.995583423736132, -24.123339751028716 ], [ 28.995122672273546, -24.123840569087029 ], [ 28.994942377988451, -24.124221190055898 ], [ 28.994441560829415, -24.124581778626194 ], [ 28.994060938961255, -24.124722007214839 ], [ 28.993540089403641, -24.125002465291605 ], [ 28.993119402738316, -24.125242856772463 ], [ 28.992638617977864, -24.125563379646302 ], [ 28.992217932211911, -24.12602413200808 ], [ 28.991977538932314, -24.12642478627491 ], [ 28.991657016058479, -24.126865506238101 ], [ 28.991116133202993, -24.127226093009831 ], [ 28.990635348442634, -24.127686845371606 ], [ 28.990374923663822, -24.128007368245449 ], [ 28.990054399890703, -24.128428054910859 ], [ 28.989413355042384, -24.128868773974776 ], [ 28.988872472186905, -24.12904906825996 ], [ 28.988291522735697, -24.129269428241507 ], [ 28.988052018885611, -24.129372078658477 ], [ 28.987953687013093, -24.129498506251053 ], [ 28.9879607098189, -24.129653026865668 ], [ 28.988052018885611, -24.129835644099717 ], [ 28.988157375362665, -24.130011236729214 ], [ 28.988178445578811, -24.130243019899471 ], [ 28.988241658925457, -24.130439683644493 ], [ 28.988361062812857, -24.13062230087845 ], [ 28.988480465800979, -24.13072063275105 ], [ 28.988599868789006, -24.130847060343537 ], [ 28.988557726557882, -24.131043724987922 ], [ 28.988410228749068, -24.131219317617429 ], [ 28.988199516694415, -24.13145110078769 ], [ 28.987869401651654, -24.13161264600684 ], [ 28.987651666791109, -24.131640740827539 ], [ 28.987440954736286, -24.131689906763835 ], [ 28.987181076745337, -24.131760143815569 ], [ 28.986865010012284, -24.131865500292623 ], [ 28.986640251446477, -24.131970855870314 ], [ 28.986324182914771, -24.13202704641105 ], [ 28.986085376039345, -24.132062164037645 ], [ 28.98595192564088, -24.132125378283568 ], [ 28.985874664883887, -24.132244781271691 ], [ 28.985776333011376, -24.132399302785583 ], [ 28.985607141756233, -24.132560845306813 ], [ 28.985453240774497, -24.132764537253589 ], [ 28.98522848220879, -24.132968224703788 ], [ 28.984968605117118, -24.133066556576384 ], [ 28.984708727126165, -24.133164889348173 ], [ 28.984483967661085, -24.133164889348176 ], [ 28.9842802802108, -24.133171913053346 ], [ 28.984125757797539, -24.133277267731753 ], [ 28.98393611685832, -24.13345988496571 ], [ 28.983753499624363, -24.133628454789324 ], [ 28.98356385958451, -24.133909403895878 ], [ 28.983423384581592, -24.134084997424655 ], [ 28.98320564972105, -24.134288684874939 ], [ 28.983008985975943, -24.134485348619965 ], [ 28.982770179100598, -24.134611776212544 ], [ 28.982580539060656, -24.134745226610921 ], [ 28.982404946431156, -24.134906771830071 ], [ 28.982285541644472, -24.135075341653682 ], [ 28.982109949014973, -24.135180697231458 ], [ 28.982011617142462, -24.13528605280905 ], [ 28.981913285269954, -24.135545930800092 ], [ 28.981702573215209, -24.135791761380695 ], [ 28.981505908570821, -24.135974377715364 ], [ 28.981344363351752, -24.136156994949417 ], [ 28.981288173710276, -24.136402824630647 ], [ 28.98114067590156, -24.136669727226142 ], [ 28.980972106077857, -24.136922580612634 ], [ 28.980887820716411, -24.137189482308756 ], [ 28.980775442332831, -24.137512572747081 ], [ 28.980656039344804, -24.137814592969153 ], [ 28.980536634558035, -24.138039353333514 ], [ 28.98038211304414, -24.138179827437146 ], [ 28.980122235952475, -24.138306254130359 ], [ 28.979653907701714, -24.1384064008348 ], [ 28.979685448724485, -24.138554646879474 ], [ 28.979875289313245, -24.139446893059716 ], [ 28.979951225368819, -24.139888270427431 ], [ 28.979971535657917, -24.140420133981959 ], [ 28.979466117567338, -24.140977839555681 ], [ 28.979211999734073, -24.141111989626648 ], [ 28.977845687628399, -24.141476432691174 ], [ 28.977682086559081, -24.141024582718355 ], [ 28.97715233191466, -24.140783076078076 ], [ 28.975751838376723, -24.141124315734601 ], [ 28.975236004338125, -24.141250002285812 ], [ 28.975082000833691, -24.141291997927443 ], [ 28.974774003717343, -24.14134799691254 ], [ 28.973348988365139, -24.143410291651694 ], [ 28.974031952412673, -24.143817966026393 ], [ 28.973626665738056, -24.144501885153858 ], [ 28.97344935360481, -24.144687641021889 ], [ 28.97293964035223, -24.145085990326187 ], [ 28.972190997916275, -24.145708001922721 ], [ 28.971227608167592, -24.14640058601822 ], [ 28.970140999607477, -24.14499299862802 ], [ 28.969515575983124, -24.144203769788135 ], [ 28.969236061295287, -24.14384127285647 ], [ 28.968935997098683, -24.143454002300398 ], [ 28.968218001759414, -24.142528000067195 ], [ 28.967638002891629, -24.141787998317454 ], [ 28.967227996574827, -24.141247998596242 ], [ 28.966337996901043, -24.140097998623755 ], [ 28.965168001402251, -24.138618002319042 ], [ 28.964888002879121, -24.138239003727058 ], [ 28.964628001680953, -24.137898012283443 ], [ 28.963987998247507, -24.136869002602428 ], [ 28.963817995803915, -24.136579000020831 ], [ 28.963756249251599, -24.136460645642273 ], [ 28.963698001961319, -24.136349001105543 ], [ 28.963168001801911, -24.13543899691221 ], [ 28.963087991817407, -24.135298999449262 ], [ 28.962867999658521, -24.134818997099039 ], [ 28.962718002633761, -24.134389003349806 ], [ 28.962617997122962, -24.133959000607415 ], [ 28.962567998414404, -24.133678994889692 ], [ 28.962506075594913, -24.133259403598643 ], [ 28.962499518637888, -24.133128265357222 ], [ 28.962524410073467, -24.132497926038443 ], [ 28.962554896191541, -24.132238792686156 ], [ 28.962588431011358, -24.132025389859894 ], [ 28.962643305843944, -24.131787599218317 ], [ 28.96273781289981, -24.131461397125776 ], [ 28.962835368657419, -24.131162633348868 ], [ 28.962945119221878, -24.130900452194126 ], [ 28.963368876172744, -24.129787708436002 ], [ 28.963838362750266, -24.128479852263403 ], [ 28.963978599432892, -24.12793414994114 ], [ 28.96405176557661, -24.127586607835642 ], [ 28.964109690010211, -24.127217725717465 ], [ 28.964307849327881, -24.125842800804602 ], [ 28.964524315244983, -24.124321028292865 ], [ 28.964713314967611, -24.122992347418926 ], [ 28.965118780607252, -24.120151039239069 ], [ 28.965259022685828, -24.119175576991296 ], [ 28.965530343650457, -24.117288390147081 ], [ 28.965883983159326, -24.114889131128503 ], [ 28.965992001629584, -24.114294002965934 ], [ 28.969233995552507, -24.113253999072796 ], [ 28.970990000987793, -24.11269100368693 ], [ 28.975774996818728, -24.111154999403698 ], [ 28.981672040332409, -24.109263046152655 ], [ 28.998971002609725, -24.103713004251759 ], [ 29.002087002413326, -24.102713000404645 ], [ 29.002149999023302, -24.102929003170988 ], [ 29.005209998942355, -24.113297996605354 ], [ 29.005298925704928, -24.113598125553089 ], [ 29.00508476834748, -24.114334440082345 ] ] ] } },
{ "type": "Feature", "properties": { "Municipali": "Mogalakwena Local Municipality", "WardNo": "25", "WardLabel": "LIM367_25", "Province": "Limpopo", "CLASSIFICATION": "Service centre", "PopGBlack": 11644.944325, "PopGColour": 38.806677164, "PopGIndian": 8.243993863, "PopGWhite": 8.943240537, "PopGOther": 18.1785763, "PopGTotal": 11719.116813000002 }, "geometry": { "type": "Polygon", "coordinates": [ [ [ 28.959847437709154, -24.135163997720355 ], [ 28.960502216104395, -24.135186576998979 ], [ 28.961292464775429, -24.135186576998976 ], [ 28.961665011631013, -24.13529946979471 ], [ 28.961902086412241, -24.135423651780112 ], [ 28.962150451282334, -24.135604279713707 ], [ 28.962421392733123, -24.135863933773557 ], [ 28.962692335982556, -24.136067140985769 ], [ 28.963031014369847, -24.13624776891945 ], [ 28.963482584653597, -24.136417107663448 ], [ 28.963756249251599, -24.136460645642273 ], [ 28.963817995803915, -24.136579000020831 ], [ 28.963987998247507, -24.136869002602428 ], [ 28.964628001680953, -24.137898012283443 ], [ 28.964888002879121, -24.138239003727058 ], [ 28.965168001402251, -24.138618002319042 ], [ 28.966337996901043, -24.140097998623755 ], [ 28.967227996574827, -24.141247998596242 ], [ 28.967638002891629, -24.141787998317454 ], [ 28.968218001759414, -24.142528000067195 ], [ 28.968935997098683, -24.143454002300398 ], [ 28.969236061295287, -24.14384127285647 ], [ 28.969515575983124, -24.144203769788135 ], [ 28.970140999607477, -24.14499299862802 ], [ 28.970138987824118, -24.144994165948042 ], [ 28.970091000899018, -24.145021996368044 ], [ 28.96891138175496, -24.14576369963503 ], [ 28.968621441226581, -24.145893409753054 ], [ 28.968320055026581, -24.146095606127364 ], [ 28.968358001021016, -24.146183878183429 ], [ 28.968523522142895, -24.146515404262558 ], [ 28.968551077370325, -24.146570594757218 ], [ 28.970927273275077, -24.149430440662364 ], [ 28.970973073948286, -24.149506775117572 ], [ 28.971116526606483, -24.149745865279463 ], [ 28.971063391962065, -24.149798400975435 ], [ 28.969735096897285, -24.151111701643746 ], [ 28.968777997007003, -24.152057998877556 ], [ 28.968757999681969, -24.152348003257799 ], [ 28.968749000166255, -24.152557000305297 ], [ 28.968842597108189, -24.152832316957884 ], [ 28.968878999865971, -24.152776999658872 ], [ 28.969148999726574, -24.152786998321389 ], [ 28.971832011937821, -24.153258543447006 ], [ 28.973267772389857, -24.155139468311841 ], [ 28.973316056990445, -24.155202411861858 ], [ 28.973505364281177, -24.155437792320274 ], [ 28.975256546652378, -24.157344634747169 ], [ 28.975658670411377, -24.157578125729891 ], [ 28.976005171101836, -24.15750236774015 ], [ 28.976089810796196, -24.157693691310815 ], [ 28.976277663883149, -24.157899724192948 ], [ 28.976380680324219, -24.158117876338903 ], [ 28.976447337174921, -24.158348146849558 ], [ 28.976574592143795, -24.158511761408615 ], [ 28.976629129730597, -24.158663254905296 ], [ 28.976695788379956, -24.158808689669261 ], [ 28.976756385598751, -24.158972304228492 ], [ 28.976804863553649, -24.159105618829273 ], [ 28.976827880802109, -24.159285152287953 ], [ 28.977513856679188, -24.15870567412756 ], [ 28.978618768241606, -24.157829675099403 ], [ 28.979574181003755, -24.157160431109045 ], [ 28.980343533926998, -24.158211510153116 ], [ 28.981053078336981, -24.159601035559408 ], [ 28.981910445210922, -24.161315769307286 ], [ 28.983418227869024, -24.164153947846494 ], [ 28.983891257775376, -24.165218265810299 ], [ 28.984275594742961, -24.166105196997286 ], [ 28.984512109246502, -24.167435592878395 ], [ 28.984624742138134, -24.167936180710193 ], [ 28.984778188962274, -24.16861816809401 ], [ 28.984926011426317, -24.169564227906815 ], [ 28.985339911807575, -24.17092418900015 ], [ 28.985931198965744, -24.17178155497481 ], [ 28.98656228831906, -24.17241264432803 ], [ 28.986936388303736, -24.172786744312798 ], [ 28.987882447217164, -24.173378030571683 ], [ 28.988946765181151, -24.173762368438641 ], [ 28.989474871368287, -24.173840265915558 ], [ 28.98936460639149, -24.174036292940567 ], [ 28.989217391869232, -24.174298006447881 ], [ 28.989031434553105, -24.174505419789316 ], [ 28.988773955953334, -24.174691377105347 ], [ 28.988509325045392, -24.17479865993019 ], [ 28.988216084904423, -24.174870182113221 ], [ 28.987901387838772, -24.174891639037902 ], [ 28.987343516789945, -24.174827269163131 ], [ 28.987198886919114, -24.174822104356586 ], [ 28.986942993824133, -24.174812965445991 ], [ 28.986599689324194, -24.17485587839607 ], [ 28.985863012368135, -24.175127660712981 ], [ 28.982158175159736, -24.176651078984079 ], [ 28.980724544302333, -24.174139703284681 ], [ 28.980060107188294, -24.172975769216432 ], [ 28.979000999896293, -24.171158989395906 ], [ 28.976106995941148, -24.166166999307578 ], [ 28.976113206659221, -24.166164645781844 ], [ 28.976097247290198, -24.166132727043703 ], [ 28.976415582113496, -24.166000432274171 ], [ 28.976419716296892, -24.165901210972148 ], [ 28.976378373563122, -24.165835064037022 ], [ 28.976312225728712, -24.165752378569479 ], [ 28.976287420627987, -24.165723440184635 ], [ 28.976246078793579, -24.165661425634344 ], [ 28.976200601876329, -24.165607682148856 ], [ 28.976136418161186, -24.165550137229094 ], [ 28.976080709657065, -24.165500191580591 ], [ 28.976006294355056, -24.165454714663426 ], [ 28.975898804686153, -24.165425776278582 ], [ 28.975687958632385, -24.165405105361334 ], [ 28.975460576744311, -24.165396836095081 ], [ 28.975249731589905, -24.165376165177925 ], [ 28.975063692435519, -24.165347225893804 ], [ 28.974877653281123, -24.165289347325551 ], [ 28.974720551612201, -24.165235602041424 ], [ 28.974642002126799, -24.165264541325541 ], [ 28.974624719855012, -24.165300546582991 ], [ 28.974285762677834, -24.165244582671434 ], [ 28.974190628794492, -24.165250478626717 ], [ 28.973933150194803, -24.164678303860658 ], [ 28.973604149412008, -24.163812888054355 ], [ 28.973072043040418, -24.163771645145356 ], [ 28.97267216398922, -24.164464885745918 ], [ 28.972231042029012, -24.164359016655279 ], [ 28.971860499762364, -24.164200212569749 ], [ 28.971472314595683, -24.163970830589403 ], [ 28.971242931715974, -24.163670868016137 ], [ 28.971066482032573, -24.163512064829984 ], [ 28.970731230961583, -24.16344148603579 ], [ 28.969954857930382, -24.163459129835012 ], [ 28.969531381568054, -24.163459129835012 ], [ 28.969037326411538, -24.163159168161112 ], [ 28.968578559752739, -24.162876851185718 ], [ 28.968359412057282, -24.16269276625815 ], [ 28.968137438691901, -24.16250630891907 ], [ 28.967819833218783, -24.162188701647299 ], [ 28.967608094138292, -24.161976964365454 ], [ 28.967255198368793, -24.161677000892912 ], [ 28.966972879594749, -24.161447618912561 ], [ 28.966725852915811, -24.161200591334264 ], [ 28.966531759433195, -24.1610947222437 ], [ 28.966037704276676, -24.160988853153043 ], [ 28.965596583215838, -24.161147657238576 ], [ 28.965049592164984, -24.16135939541979 ], [ 28.964432024118686, -24.161429974213974 ], [ 28.963990902158482, -24.161447618912561 ], [ 28.963654463982408, -24.161593897240596 ], [ 28.963179239730191, -24.161800514681971 ], [ 28.962667539875085, -24.16206518785815 ], [ 28.962067613829348, -24.162276926938638 ], [ 28.961697073361265, -24.162576888612531 ], [ 28.961344176692485, -24.162859205587935 ], [ 28.961026569420721, -24.163141524361894 ], [ 28.960708963048223, -24.163194457558205 ], [ 28.960444289872139, -24.163194457558205 ], [ 28.959897298821286, -24.163476776332161 ], [ 28.959738495635129, -24.163653224216912 ], [ 28.959438533061949, -24.163812028302438 ], [ 28.958997412900306, -24.163794381805289 ], [ 28.958468068346782, -24.16370615921188 ], [ 28.957762274109683, -24.163564998925583 ], [ 28.957162349862603, -24.16352971042777 ], [ 28.956668293806803, -24.163529710427763 ], [ 28.956244818343752, -24.163494420131389 ], [ 28.955838986679922, -24.163688512714721 ], [ 28.955503734709648, -24.163935541192313 ], [ 28.954903809563195, -24.163935541192316 ], [ 28.954427399105178, -24.163970830589406 ], [ 28.954039213039312, -24.16400612088578 ], [ 28.953101713873014, -24.164572116410092 ], [ 28.951978609025584, -24.164324651761227 ], [ 28.951331394828056, -24.164705366259653 ], [ 28.950151183030698, -24.16462922336002 ], [ 28.948853067415165, -24.165317834250725 ], [ 28.948183958323028, -24.164575575202637 ], [ 28.94576302564311, -24.16233228021056 ], [ 28.942732792384476, -24.159418013630418 ], [ 28.940658947652363, -24.157363220136574 ], [ 28.94101444426131, -24.157557426034419 ], [ 28.944445007131439, -24.159339536090755 ], [ 28.946063758036047, -24.155507997895842 ], [ 28.94619606629551, -24.155202733819166 ], [ 28.946316000782829, -24.154773999120749 ], [ 28.946487620207549, -24.154455198448666 ], [ 28.946492999952017, -24.154329002881163 ], [ 28.946626998037537, -24.153904003966613 ], [ 28.947365005990239, -24.153886999585421 ], [ 28.94726722000631, -24.153134999980345 ], [ 28.947484161664718, -24.153087543655257 ], [ 28.948738360686868, -24.151962155429178 ], [ 28.949776166636848, -24.151059372791828 ], [ 28.948166617595419, -24.148818039221169 ], [ 28.949572722003531, -24.148038675944143 ], [ 28.948744996784228, -24.146892002563895 ], [ 28.952273223330621, -24.145343218914473 ], [ 28.952559030574804, -24.145613984098091 ], [ 28.953028000042156, -24.146227996225008 ], [ 28.953238001632581, -24.146437997815436 ], [ 28.954243278204785, -24.14784024682994 ], [ 28.954650045163572, -24.147657202417957 ], [ 28.955172062940395, -24.147345347210077 ], [ 28.955788993367406, -24.14687756394844 ], [ 28.957839814555832, -24.145295999111035 ], [ 28.958282514826234, -24.144778568776015 ], [ 28.958738999005668, -24.144270997708439 ], [ 28.959684583077067, -24.143205804704145 ], [ 28.959951497363736, -24.142968548259873 ], [ 28.959712997157133, -24.141972011299281 ], [ 28.959705002184098, -24.141935999746607 ], [ 28.959018995730137, -24.139130000748921 ], [ 28.958827003963123, -24.138231000660152 ], [ 28.958819998244362, -24.138203997616433 ], [ 28.958424004264444, -24.136727002349275 ], [ 28.957861998132767, -24.136649003248944 ], [ 28.95771376377926, -24.135717173408889 ], [ 28.95870722056188, -24.135739751788151 ], [ 28.958808824167942, -24.135084973392829 ], [ 28.959847437709154, -24.135163997720355 ] ] ] } },
{ "type": "Feature", "properties": { "Municipali": "Mogalakwena Local Municipality", "WardNo": "26", "WardLabel": "LIM367_26", "Province": "Limpopo", "CLASSIFICATION": "Service centre", "PopGBlack": 11396.763965, "PopGColour": 52.30665987, "PopGIndian": 42.249652935, "PopGWhite": 19.56072195, "PopGOther": 18.5298468, "PopGTotal": 11529.410846000001 }, "geometry": { "type": "Polygon", "coordinates": [ [ [ 28.990015002390503, -24.133807000792459 ], [ 28.990032828752046, -24.134008162047046 ], [ 28.989749886747909, -24.133996612953364 ], [ 28.989276391892055, -24.134418138686172 ], [ 28.989414974721356, -24.13462024063157 ], [ 28.98943200158563, -24.135775999862556 ], [ 28.989320010809866, -24.135964999585099 ], [ 28.98881444523051, -24.136854905729336 ], [ 28.989371997020132, -24.13714899303158 ], [ 28.98987699782522, -24.136309998407757 ], [ 28.989951987794033, -24.136219729856638 ], [ 28.990587163666728, -24.13630634536154 ], [ 28.990281170239864, -24.136803992410357 ], [ 28.990182335646381, -24.137191510279969 ], [ 28.989571487334359, -24.138184803385965 ], [ 28.989236847802275, -24.138721287657276 ], [ 28.98904562585502, -24.138939068383355 ], [ 28.988317918737074, -24.139672086897328 ], [ 28.987802681848372, -24.140112959745341 ], [ 28.987510537081679, -24.140405105411311 ], [ 28.987339003092622, -24.140558003648927 ], [ 28.9880889963102, -24.141368008626781 ], [ 28.986122911043516, -24.142651152328828 ], [ 28.985187387687848, -24.143238239653094 ], [ 28.984566887851621, -24.143911243708963 ], [ 28.98445205611754, -24.143977192793194 ], [ 28.984233921058642, -24.144265441696785 ], [ 28.982699001357876, -24.145975998093842 ], [ 28.982845998244276, -24.146109997078728 ], [ 28.983571725954466, -24.146664923747259 ], [ 28.983253004422718, -24.147016002886264 ], [ 28.982929000273167, -24.147386000163792 ], [ 28.982544001404648, -24.147858005742414 ], [ 28.982011997555677, -24.148269001313416 ], [ 28.979972502429113, -24.149749973382566 ], [ 28.980346447730415, -24.150194033427926 ], [ 28.983292996374782, -24.15352199804185 ], [ 28.984888603226494, -24.15533037999306 ], [ 28.984974020834418, -24.1554292676466 ], [ 28.985427922160895, -24.155966655736535 ], [ 28.984331102698263, -24.156863501949111 ], [ 28.983313061148891, -24.155718205430869 ], [ 28.983029995038251, -24.155963001791122 ], [ 28.982487486208566, -24.155409908840213 ], [ 28.982230514826444, -24.155544513068861 ], [ 28.981852655675628, -24.155839400767743 ], [ 28.981325455105761, -24.156209047309666 ], [ 28.980713417890005, -24.156536274629385 ], [ 28.979574181003755, -24.157160431109045 ], [ 28.978618768241606, -24.157829675099403 ], [ 28.977513856679188, -24.15870567412756 ], [ 28.976827880802109, -24.159285152287953 ], [ 28.976804863553649, -24.159105618829273 ], [ 28.976756385598751, -24.158972304228492 ], [ 28.976695788379956, -24.158808689669261 ], [ 28.976629129730597, -24.158663254905296 ], [ 28.976574592143795, -24.158511761408615 ], [ 28.976447337174921, -24.158348146849558 ], [ 28.976380680324219, -24.158117876338903 ], [ 28.976277663883149, -24.157899724192948 ], [ 28.976089810796196, -24.157693691310815 ], [ 28.976005171101836, -24.15750236774015 ], [ 28.975658670411377, -24.157578125729891 ], [ 28.975256546652378, -24.157344634747169 ], [ 28.973505364281177, -24.155437792320274 ], [ 28.973316056990445, -24.155202411861858 ], [ 28.973267772389857, -24.155139468311841 ], [ 28.971832011937821, -24.153258543447006 ], [ 28.969148999726574, -24.152786998321389 ], [ 28.968878999865971, -24.152776999658872 ], [ 28.968842597108189, -24.152832316957884 ], [ 28.968749000166255, -24.152557000305297 ], [ 28.968757999681969, -24.152348003257799 ], [ 28.968777997007003, -24.152057998877556 ], [ 28.969735096897285, -24.151111701643746 ], [ 28.971063391962065, -24.149798400975435 ], [ 28.971116526606483, -24.149745865279463 ], [ 28.970973073948286, -24.149506775117572 ], [ 28.970927273275077, -24.149430440662364 ], [ 28.968551077370325, -24.146570594757218 ], [ 28.968523522142895, -24.146515404262558 ], [ 28.968358001021016, -24.146183878183429 ], [ 28.968320055026581, -24.146095606127364 ], [ 28.968621441226581, -24.145893409753054 ], [ 28.96891138175496, -24.14576369963503 ], [ 28.970091000899018, -24.145021996368044 ], [ 28.970138987824118, -24.144994165948042 ], [ 28.970140999607477, -24.14499299862802 ], [ 28.971227608167592, -24.14640058601822 ], [ 28.972190997916275, -24.145708001922721 ], [ 28.97293964035223, -24.145085990326187 ], [ 28.97344935360481, -24.144687641021889 ], [ 28.973626665738056, -24.144501885153858 ], [ 28.974031952412673, -24.143817966026393 ], [ 28.973348988365139, -24.143410291651694 ], [ 28.974774003717343, -24.14134799691254 ], [ 28.975082000833691, -24.141291997927443 ], [ 28.975236004338125, -24.141250002285812 ], [ 28.975751838376723, -24.141124315734601 ], [ 28.97715233191466, -24.140783076078076 ], [ 28.977682086559081, -24.141024582718355 ], [ 28.977845687628399, -24.141476432691174 ], [ 28.979211999734073, -24.141111989626648 ], [ 28.979466117567338, -24.140977839555681 ], [ 28.979971535657917, -24.140420133981959 ], [ 28.979951225368819, -24.139888270427431 ], [ 28.979875289313245, -24.139446893059716 ], [ 28.979685448724485, -24.138554646879474 ], [ 28.979653907701714, -24.1384064008348 ], [ 28.980122235952475, -24.138306254130359 ], [ 28.98038211304414, -24.138179827437146 ], [ 28.980536634558035, -24.138039353333514 ], [ 28.980656039344804, -24.137814592969153 ], [ 28.980775442332831, -24.137512572747081 ], [ 28.980887820716411, -24.137189482308756 ], [ 28.980972106077857, -24.136922580612634 ], [ 28.98114067590156, -24.136669727226142 ], [ 28.981288173710276, -24.136402824630647 ], [ 28.981344363351752, -24.136156994949417 ], [ 28.981505908570821, -24.135974377715364 ], [ 28.981702573215209, -24.135791761380695 ], [ 28.981913285269954, -24.135545930800092 ], [ 28.982011617142462, -24.13528605280905 ], [ 28.982109949014973, -24.135180697231458 ], [ 28.982285541644472, -24.135075341653682 ], [ 28.982404946431156, -24.134906771830071 ], [ 28.982580539060656, -24.134745226610921 ], [ 28.982770179100598, -24.134611776212544 ], [ 28.983008985975943, -24.134485348619965 ], [ 28.98320564972105, -24.134288684874939 ], [ 28.983423384581592, -24.134084997424655 ], [ 28.98356385958451, -24.133909403895878 ], [ 28.983753499624363, -24.133628454789324 ], [ 28.98393611685832, -24.13345988496571 ], [ 28.984125757797539, -24.133277267731753 ], [ 28.9842802802108, -24.133171913053346 ], [ 28.984483967661085, -24.133164889348176 ], [ 28.984708727126165, -24.133164889348173 ], [ 28.984968605117118, -24.133066556576384 ], [ 28.98522848220879, -24.132968224703788 ], [ 28.985453240774497, -24.132764537253589 ], [ 28.985607141756233, -24.132560845306813 ], [ 28.985776333011376, -24.132399302785583 ], [ 28.985874664883887, -24.132244781271691 ], [ 28.98595192564088, -24.132125378283568 ], [ 28.986085376039345, -24.132062164037645 ], [ 28.986324182914771, -24.13202704641105 ], [ 28.986640251446477, -24.131970855870314 ], [ 28.986865010012284, -24.131865500292623 ], [ 28.987181076745337, -24.131760143815569 ], [ 28.987440954736286, -24.131689906763835 ], [ 28.987651666791109, -24.131640740827539 ], [ 28.987869401651654, -24.13161264600684 ], [ 28.98822499718591, -24.132002002990124 ], [ 28.988683996769144, -24.132468998445496 ], [ 28.990015002390503, -24.133807000792459 ] ] ] } },
{ "type": "Feature", "properties": { "Municipali": "Mogalakwena Local Municipality", "WardNo": "27", "WardLabel": "LIM367_27", "Province": "Limpopo", "CLASSIFICATION": "Service centre", "PopGBlack": 7866.9697005999997, "PopGColour": 9.321397708, "PopGIndian": 0.786688275, "PopGWhite": 2.171259639, "PopGOther": 5.9845302, "PopGTotal": 7885.2335764 }, "geometry": { "type": "Polygon", "coordinates": [ [ [ 28.991327945128592, -24.128172517947359 ], [ 28.991540093400694, -24.128200804323711 ], [ 28.992247252808529, -24.12815837520883 ], [ 28.992600832962129, -24.12816544567881 ], [ 28.992961483585631, -24.12793208419836 ], [ 28.994651595694645, -24.129841415049299 ], [ 28.996943848879599, -24.132283273154531 ], [ 28.994126827790939, -24.134493205996669 ], [ 28.994796650045402, -24.135180350992417 ], [ 28.996199811871865, -24.136716322000666 ], [ 28.994519481688783, -24.1380328692216 ], [ 28.994017114997956, -24.138506364077461 ], [ 28.993942048586739, -24.138437072213112 ], [ 28.993387713672139, -24.138875920687219 ], [ 28.993884305816081, -24.139412933759893 ], [ 28.994006583037407, -24.139559686030669 ], [ 28.995362534053765, -24.140995100243675 ], [ 28.9937200005776, -24.142323997854295 ], [ 28.993468553730786, -24.142507973963838 ], [ 28.991435989679236, -24.143356799976338 ], [ 28.991106853998211, -24.143553127374943 ], [ 28.990653003933037, -24.143979000430519 ], [ 28.990601393639487, -24.144020977186369 ], [ 28.990185884371076, -24.144358928022132 ], [ 28.988690102266407, -24.1457144797395 ], [ 28.988591911587527, -24.145848377100965 ], [ 28.988433014871831, -24.146065054358786 ], [ 28.987271778769621, -24.149434710643369 ], [ 28.986687937098704, -24.151128896681225 ], [ 28.985620635184212, -24.154151620600835 ], [ 28.985285642218667, -24.155133227916174 ], [ 28.984974020834418, -24.1554292676466 ], [ 28.984888603226494, -24.15533037999306 ], [ 28.983292996374782, -24.15352199804185 ], [ 28.980346447730415, -24.150194033427926 ], [ 28.979972502429113, -24.149749973382566 ], [ 28.982011997555677, -24.148269001313416 ], [ 28.982544001404648, -24.147858005742414 ], [ 28.982929000273167, -24.147386000163792 ], [ 28.983253004422718, -24.147016002886264 ], [ 28.983571725954466, -24.146664923747259 ], [ 28.982845998244276, -24.146109997078728 ], [ 28.982699001357876, -24.145975998093842 ], [ 28.984233921058642, -24.144265441696785 ], [ 28.98445205611754, -24.143977192793194 ], [ 28.984566887851621, -24.143911243708963 ], [ 28.985187387687848, -24.143238239653094 ], [ 28.986122911043516, -24.142651152328828 ], [ 28.9880889963102, -24.141368008626781 ], [ 28.987339003092622, -24.140558003648927 ], [ 28.987510537081679, -24.140405105411311 ], [ 28.987802681848372, -24.140112959745341 ], [ 28.988317918737074, -24.139672086897328 ], [ 28.98904562585502, -24.138939068383355 ], [ 28.989236847802275, -24.138721287657276 ], [ 28.989571487334359, -24.138184803385965 ], [ 28.990182335646381, -24.137191510279969 ], [ 28.990281170239864, -24.136803992410357 ], [ 28.990587163666728, -24.13630634536154 ], [ 28.989951987794033, -24.136219729856638 ], [ 28.98987699782522, -24.136309998407757 ], [ 28.989371997020132, -24.13714899303158 ], [ 28.98881444523051, -24.136854905729336 ], [ 28.989320010809866, -24.135964999585099 ], [ 28.98943200158563, -24.135775999862556 ], [ 28.989414974721356, -24.13462024063157 ], [ 28.989276391892055, -24.134418138686172 ], [ 28.989749886747909, -24.133996612953364 ], [ 28.990032828752046, -24.134008162047046 ], [ 28.990015002390503, -24.133807000792459 ], [ 28.988683996769144, -24.132468998445496 ], [ 28.98822499718591, -24.132002002990124 ], [ 28.987869401651654, -24.13161264600684 ], [ 28.988199516694415, -24.13145110078769 ], [ 28.988410228749068, -24.131219317617429 ], [ 28.988557726557882, -24.131043724987922 ], [ 28.988599868789006, -24.130847060343537 ], [ 28.988480465800979, -24.13072063275105 ], [ 28.988361062812857, -24.13062230087845 ], [ 28.988241658925457, -24.130439683644493 ], [ 28.988178445578811, -24.130243019899471 ], [ 28.988157375362665, -24.130011236729214 ], [ 28.988052018885611, -24.129835644099717 ], [ 28.9879607098189, -24.129653026865668 ], [ 28.987953687013093, -24.129498506251053 ], [ 28.988052018885611, -24.129372078658477 ], [ 28.988291522735697, -24.129269428241507 ], [ 28.988872472186905, -24.12904906825996 ], [ 28.989413355042384, -24.128868773974776 ], [ 28.990054399890703, -24.128428054910859 ], [ 28.990374923663822, -24.128007368245449 ], [ 28.990635348442634, -24.127686845371606 ], [ 28.991116133202993, -24.127226093009831 ], [ 28.991243085999624, -24.127316855288672 ], [ 28.991292587383061, -24.127401714417651 ], [ 28.991236013731076, -24.127507787654331 ], [ 28.991158226870741, -24.127656290905094 ], [ 28.991151154602196, -24.127861367807931 ], [ 28.991193584616273, -24.128066443811399 ], [ 28.991327945128592, -24.128172517947359 ] ] ] } },
{ "type": "Feature", "properties": { "Municipali": "Mogalakwena Local Municipality", "WardNo": "28", "WardLabel": "LIM367_28", "Province": "Limpopo", "CLASSIFICATION": "Service centre", "PopGBlack": 11331.752397, "PopGColour": 40.773367301, "PopGIndian": 6.52024065, "PopGWhite": 36.925178463000002, "PopGOther": 7.9793736, "PopGTotal": 11423.950557 }, "geometry": { "type": "Polygon", "coordinates": [ [ [ 29.003121905351698, -24.132566138716342 ], [ 29.004565353208498, -24.133384541563348 ], [ 29.005185542778591, -24.133736177382652 ], [ 29.005634883643019, -24.133995710034021 ], [ 29.007893468009133, -24.135426014299092 ], [ 29.008897427074615, -24.136102716367343 ], [ 29.007867266261339, -24.137478285194724 ], [ 29.007149343767264, -24.13836547268841 ], [ 29.007121914444806, -24.138399370834303 ], [ 29.007194630927504, -24.138447848789198 ], [ 29.006973180068261, -24.138674489635996 ], [ 29.006418980051887, -24.139241678560623 ], [ 29.006045781187897, -24.139218354643425 ], [ 29.005837240995945, -24.139205320769005 ], [ 29.005775300190031, -24.139371788877014 ], [ 29.005643329176362, -24.139726460807498 ], [ 29.00535851928025, -24.139677982852604 ], [ 29.005146426766299, -24.140193064158662 ], [ 29.004369114842756, -24.13998106967065 ], [ 29.003546647060173, -24.139756759866589 ], [ 29.003392647153031, -24.14016156090727 ], [ 29.003334555445409, -24.140314258596174 ], [ 29.003025506122214, -24.140229422849565 ], [ 29.002669993325586, -24.14120100002614 ], [ 29.00210399780136, -24.14283199969702 ], [ 29.001955006218644, -24.143262998888286 ], [ 29.001910002344772, -24.143392002139219 ], [ 29.001541991669594, -24.144449999667739 ], [ 29.001188998773348, -24.145467997150401 ], [ 29.00065899861394, -24.146995998366709 ], [ 29.000528000666787, -24.14737000122464 ], [ 29.000431003388133, -24.147649998848394 ], [ 29.000342001082522, -24.147907997256276 ], [ 29.000304668425731, -24.148028351727103 ], [ 29.000236999837753, -24.14820900394243 ], [ 28.999620000162935, -24.149987996948592 ], [ 28.998940241299159, -24.151946150194707 ], [ 28.99844700272704, -24.15336699808854 ], [ 28.996365000244623, -24.15936599684327 ], [ 28.996156003197044, -24.159469992646084 ], [ 28.996063003404913, -24.159516001961993 ], [ 28.995984996210691, -24.159553001869575 ], [ 28.995470994990445, -24.161035999212022 ], [ 28.994930996168605, -24.162591999920917 ], [ 28.993923725799359, -24.165504740351459 ], [ 28.992687532103954, -24.164171589846983 ], [ 28.991608892436503, -24.162989933738462 ], [ 28.991257424790405, -24.162596048668743 ], [ 28.989845498171221, -24.161026567122423 ], [ 28.989485690883168, -24.160617079016056 ], [ 28.988958227939897, -24.1609642351114 ], [ 28.988515648178694, -24.160664422724924 ], [ 28.987944576880718, -24.160421718187756 ], [ 28.987459166907076, -24.160250396438688 ], [ 28.986788159346094, -24.159822093414896 ], [ 28.985888723086134, -24.159265298854471 ], [ 28.985374758738164, -24.159108254742186 ], [ 28.984943449280863, -24.158888945168751 ], [ 28.983960876992878, -24.158416158978554 ], [ 28.983086876258341, -24.158005934126599 ], [ 28.981819844810051, -24.157395042647156 ], [ 28.980481076240711, -24.156663569168384 ], [ 28.980713417890005, -24.156536274629385 ], [ 28.981325455105761, -24.156209047309666 ], [ 28.981852655675628, -24.155839400767743 ], [ 28.982230514826444, -24.155544513068861 ], [ 28.982487486208566, -24.155409908840213 ], [ 28.983029995038251, -24.155963001791122 ], [ 28.983313061148891, -24.155718205430869 ], [ 28.984331102698263, -24.156863501949111 ], [ 28.985427922160895, -24.155966655736535 ], [ 28.984974020834418, -24.1554292676466 ], [ 28.985285642218667, -24.155133227916174 ], [ 28.985620635184212, -24.154151620600835 ], [ 28.986687937098704, -24.151128896681225 ], [ 28.987271778769621, -24.149434710643369 ], [ 28.988433014871831, -24.146065054358786 ], [ 28.988591911587527, -24.145848377100965 ], [ 28.988690102266407, -24.1457144797395 ], [ 28.990185884371076, -24.144358928022132 ], [ 28.990601393639487, -24.144020977186369 ], [ 28.990653003933037, -24.143979000430519 ], [ 28.991106853998211, -24.143553127374943 ], [ 28.991435989679236, -24.143356799976338 ], [ 28.993468553730786, -24.142507973963838 ], [ 28.9937200005776, -24.142323997854295 ], [ 28.995362534053765, -24.140995100243675 ], [ 28.994006583037407, -24.139559686030669 ], [ 28.993884305816081, -24.139412933759893 ], [ 28.993387713672139, -24.138875920687219 ], [ 28.993942048586739, -24.138437072213112 ], [ 28.994017114997956, -24.138506364077461 ], [ 28.994519481688783, -24.1380328692216 ], [ 28.996199811871865, -24.136716322000666 ], [ 28.994796650045402, -24.135180350992417 ], [ 28.994126827790939, -24.134493205996669 ], [ 28.996943848879599, -24.132283273154531 ], [ 28.997291003377111, -24.132675427928685 ], [ 28.999264637553019, -24.131119663741522 ], [ 28.999463930016439, -24.131010373629902 ], [ 28.999663221580491, -24.130965373353323 ], [ 29.002524028860897, -24.130868940848945 ], [ 29.00284546814391, -24.130926799632132 ], [ 29.003047840785218, -24.130988392400447 ], [ 29.003584777415579, -24.13115180820941 ], [ 29.003121905351698, -24.132566138716342 ] ] ] } },
{ "type": "Feature", "properties": { "Municipali": "Mogalakwena Local Municipality", "WardNo": "29", "WardLabel": "LIM367_29", "Province": "Limpopo", "CLASSIFICATION": "Service centre", "PopGBlack": 21948.370468000001, "PopGColour": 102.23569929, "PopGIndian": 32.292989673000001, "PopGWhite": 45.616678752, "PopGOther": 36.689678, "PopGTotal": 22165.205514000005 }, "geometry": { "type": "Polygon", "coordinates": [ [ [ 28.988515648178694, -24.160664422724924 ], [ 28.988958227939897, -24.1609642351114 ], [ 28.989485691111788, -24.16061707881515 ], [ 28.989845498171221, -24.161026567122423 ], [ 28.991257424790405, -24.162596048668743 ], [ 28.991608892436503, -24.162989933738462 ], [ 28.992687532103954, -24.164171589846983 ], [ 28.993923725799359, -24.165504740351459 ], [ 28.995014484730714, -24.166686395560696 ], [ 28.99714146590599, -24.168976991295118 ], [ 28.998877570243707, -24.171051730852696 ], [ 29.001351074592513, -24.174065331150182 ], [ 29.001387739952328, -24.174110002274851 ], [ 29.001495865441864, -24.174241735867412 ], [ 29.001981387830824, -24.174833273936429 ], [ 29.002003002136902, -24.175051998950622 ], [ 29.00202599870094, -24.17551200307652 ], [ 29.002028002390414, -24.17554899578959 ], [ 29.002063000407166, -24.176233995902223 ], [ 29.002068991690727, -24.176377003395988 ], [ 29.00207199992288, -24.176449998668478 ], [ 29.001840697889975, -24.177184821222482 ], [ 28.999551998825751, -24.176473004225752 ], [ 28.996388927606937, -24.175617123031842 ], [ 28.994459452841557, -24.17511968012915 ], [ 28.992334016701577, -24.174577014817352 ], [ 28.99214899917699, -24.175655001577116 ], [ 28.99179800097706, -24.177363003000263 ], [ 28.991701992952681, -24.177634000209022 ], [ 28.991401998903171, -24.179100997712936 ], [ 28.99138200157822, -24.179289998334763 ], [ 28.991358997819503, -24.179512001377727 ], [ 28.991299885381444, -24.180077808044409 ], [ 28.991246998949944, -24.18058400314926 ], [ 28.991082001233387, -24.180905996414644 ], [ 28.990995000818693, -24.181077999849869 ], [ 28.990849998628526, -24.181726000054919 ], [ 28.990631452579532, -24.182660336305513 ], [ 28.990134025864695, -24.183820998640204 ], [ 28.988724648823577, -24.185727803295531 ], [ 28.987352127798477, -24.187164912730541 ], [ 28.986375687987692, -24.188187303401325 ], [ 28.982672618846323, -24.192111450183333 ], [ 28.982341001036492, -24.19269178180032 ], [ 28.981871208689331, -24.193299748684446 ], [ 28.981539590879493, -24.193355018319455 ], [ 28.981235608336714, -24.193520827224454 ], [ 28.980903989627418, -24.193824809767236 ], [ 28.980517102182585, -24.194294603013585 ], [ 28.980019674568375, -24.194653856090653 ], [ 28.979715692025593, -24.194874933731199 ], [ 28.976648225035579, -24.195731614422474 ], [ 28.971673954289603, -24.197058086561444 ], [ 28.970844908865473, -24.197279165101452 ], [ 28.968855200207376, -24.197914767252719 ], [ 28.968136694053246, -24.198163480160503 ], [ 28.967666901706178, -24.198495097970426 ], [ 28.967491418793973, -24.198553592574257 ], [ 28.966913652043441, -24.197269665562615 ], [ 28.962675738094873, -24.18798478057322 ], [ 28.962149856830468, -24.186763119022725 ], [ 28.961423627298583, -24.185076031333793 ], [ 28.962706010174294, -24.184560995893275 ], [ 28.96499799895857, -24.183661995804503 ], [ 28.966476000567049, -24.183044996129688 ], [ 28.970221000598734, -24.181477002961312 ], [ 28.970256995963645, -24.181462998718391 ], [ 28.973289453245727, -24.180220024134861 ], [ 28.975557996704229, -24.179288002739163 ], [ 28.976989997990046, -24.178668002926067 ], [ 28.979540998718129, -24.177634000209022 ], [ 28.980421997077546, -24.177320999264751 ], [ 28.982158175159736, -24.176651078984079 ], [ 28.985863012368135, -24.175127660712981 ], [ 28.986599689324194, -24.17485587839607 ], [ 28.986942993824133, -24.174812965445991 ], [ 28.987198886919114, -24.174822104356586 ], [ 28.987343516789945, -24.174827269163131 ], [ 28.987901387838772, -24.174891639037902 ], [ 28.988216084904423, -24.174870182113221 ], [ 28.988509325045392, -24.17479865993019 ], [ 28.988773955953334, -24.174691377105347 ], [ 28.989031434553105, -24.174505419789316 ], [ 28.989217391869232, -24.174298006447881 ], [ 28.98936460639149, -24.174036292940567 ], [ 28.989474871368287, -24.173840265915558 ], [ 28.988946765181151, -24.173762368438641 ], [ 28.987882447217164, -24.173378030571683 ], [ 28.986936388303736, -24.172786744312798 ], [ 28.98656228831906, -24.17241264432803 ], [ 28.985931198965744, -24.17178155497481 ], [ 28.985339911807575, -24.17092418900015 ], [ 28.984926011426317, -24.169564227906815 ], [ 28.984778188962274, -24.16861816809401 ], [ 28.984624742138134, -24.167936180710193 ], [ 28.984512109246502, -24.167435592878395 ], [ 28.984275594742961, -24.166105196997286 ], [ 28.983891257775376, -24.165218265810299 ], [ 28.983418227869024, -24.164153947846494 ], [ 28.981910445210922, -24.161315769307286 ], [ 28.981053078336981, -24.159601035559408 ], [ 28.980343533926998, -24.158211510153116 ], [ 28.979574181003755, -24.157160431109045 ], [ 28.980481076240711, -24.156663569168384 ], [ 28.981819844810051, -24.157395042647156 ], [ 28.983086876258341, -24.158005934126599 ], [ 28.983960876992878, -24.158416158978554 ], [ 28.984943449280863, -24.158888945168751 ], [ 28.985374758738164, -24.159108254742186 ], [ 28.985888723086134, -24.159265298854471 ], [ 28.986788159346094, -24.159822093414896 ], [ 28.987459166907076, -24.160250396438688 ], [ 28.987944576880718, -24.160421718187756 ], [ 28.988515648178694, -24.160664422724924 ] ] ] } },
{ "type": "Feature", "properties": { "Municipali": "Mogalakwena Local Municipality", "WardNo": "30", "WardLabel": "LIM367_30", "Province": "Limpopo", "CLASSIFICATION": "Service centre", "PopGBlack": 15007.24528, "PopGColour": 28.401076443000001, "PopGIndian": 32.940833837, "PopGWhite": 26.62237236, "PopGOther": 11.5928497, "PopGTotal": 15106.802412 }, "geometry": { "type": "Polygon", "coordinates": [ [ [ 28.969037326411538, -24.163159168161112 ], [ 28.969531381568054, -24.163459129835012 ], [ 28.969954857930382, -24.163459129835012 ], [ 28.970731230961583, -24.16344148603579 ], [ 28.971066482032573, -24.163512064829984 ], [ 28.971242931715974, -24.163670868016137 ], [ 28.971472314595683, -24.163970830589403 ], [ 28.971860499762364, -24.164200212569749 ], [ 28.972231042029012, -24.164359016655279 ], [ 28.97267216398922, -24.164464885745918 ], [ 28.973072043040418, -24.163771645145356 ], [ 28.973604149412008, -24.163812888054355 ], [ 28.973933150194803, -24.164678303860658 ], [ 28.974190628794492, -24.165250478626717 ], [ 28.974285762677834, -24.165244582671434 ], [ 28.974624719855012, -24.165300546582991 ], [ 28.974642002126799, -24.165264541325541 ], [ 28.974720551612201, -24.165235602041424 ], [ 28.974877653281123, -24.165289347325551 ], [ 28.975063692435519, -24.165347225893804 ], [ 28.975249731589905, -24.165376165177925 ], [ 28.975460576744311, -24.165396836095081 ], [ 28.975687958632385, -24.165405105361334 ], [ 28.975898804686153, -24.165425776278582 ], [ 28.976006294355056, -24.165454714663426 ], [ 28.976080709657065, -24.165500191580591 ], [ 28.976136418161186, -24.165550137229094 ], [ 28.976200601876329, -24.165607682148856 ], [ 28.976246078793579, -24.165661425634344 ], [ 28.976287420627987, -24.165723440184635 ], [ 28.976312225728712, -24.165752378569479 ], [ 28.976378373563122, -24.165835064037022 ], [ 28.976419716296892, -24.165901210972148 ], [ 28.976415582113496, -24.166000432274171 ], [ 28.976097247290198, -24.166132727043703 ], [ 28.976113206659221, -24.166164645781844 ], [ 28.976106995941148, -24.166166999307578 ], [ 28.979000999896293, -24.171158989395906 ], [ 28.980060107188294, -24.172975769216432 ], [ 28.980724544302333, -24.174139703284681 ], [ 28.982158175159736, -24.176651078984079 ], [ 28.980421997077546, -24.177320999264751 ], [ 28.979540998718129, -24.177634000209022 ], [ 28.976989997990046, -24.178668002926067 ], [ 28.975557996704229, -24.179288002739163 ], [ 28.973289453245727, -24.180220024134861 ], [ 28.970256995963645, -24.181462998718391 ], [ 28.970221000598734, -24.181477002961312 ], [ 28.966476000567049, -24.183044996129688 ], [ 28.96499799895857, -24.183661995804503 ], [ 28.962706010174294, -24.184560995893275 ], [ 28.961423627298583, -24.185076031333793 ], [ 28.960464828588997, -24.185666506404147 ], [ 28.95824789542413, -24.187031804074529 ], [ 28.956639334737527, -24.185726301427653 ], [ 28.955615379246378, -24.18464545842118 ], [ 28.954762081804692, -24.183422400223613 ], [ 28.954335434432767, -24.182142455410013 ], [ 28.953595910223171, -24.180435862325204 ], [ 28.952941716387176, -24.17889992818915 ], [ 28.952416586056668, -24.177681627405249 ], [ 28.952116862703157, -24.176482254652317 ], [ 28.951803986764574, -24.174974764273923 ], [ 28.951690215331233, -24.173268171189118 ], [ 28.951519554583829, -24.171931339759567 ], [ 28.951320452776699, -24.170082529685011 ], [ 28.95128656812064, -24.16873398998165 ], [ 28.950344370896044, -24.166972173127281 ], [ 28.948853067415165, -24.165317834250725 ], [ 28.950151183030698, -24.16462922336002 ], [ 28.951331394828056, -24.164705366259653 ], [ 28.951978609025584, -24.164324651761227 ], [ 28.953101713873014, -24.164572116410092 ], [ 28.954039213039312, -24.16400612088578 ], [ 28.954427399105178, -24.163970830589406 ], [ 28.954903809563195, -24.163935541192316 ], [ 28.955503734709648, -24.163935541192313 ], [ 28.955838986679922, -24.163688512714721 ], [ 28.956244818343752, -24.163494420131389 ], [ 28.956668293806803, -24.163529710427763 ], [ 28.957162349862603, -24.16352971042777 ], [ 28.957762274109683, -24.163564998925583 ], [ 28.958468068346782, -24.16370615921188 ], [ 28.958997412900306, -24.163794381805289 ], [ 28.959438533061949, -24.163812028302438 ], [ 28.959738495635129, -24.163653224216912 ], [ 28.959897298821286, -24.163476776332161 ], [ 28.960444289872139, -24.163194457558205 ], [ 28.960708963048223, -24.163194457558205 ], [ 28.961026569420721, -24.163141524361894 ], [ 28.961344176692485, -24.162859205587935 ], [ 28.961697073361265, -24.162576888612531 ], [ 28.962067613829348, -24.162276926938638 ], [ 28.962667539875085, -24.16206518785815 ], [ 28.963179239730191, -24.161800514681971 ], [ 28.963654463982408, -24.161593897240596 ], [ 28.963990902158482, -24.161447618912561 ], [ 28.964432024118686, -24.161429974213974 ], [ 28.965049592164984, -24.16135939541979 ], [ 28.965596583215838, -24.161147657238576 ], [ 28.966037704276676, -24.160988853153043 ], [ 28.966531759433195, -24.1610947222437 ], [ 28.966725852915811, -24.161200591334264 ], [ 28.966972879594749, -24.161447618912561 ], [ 28.967255198368793, -24.161677000892912 ], [ 28.967608094138292, -24.161976964365454 ], [ 28.967819833218783, -24.162188701647299 ], [ 28.968137438691901, -24.16250630891907 ], [ 28.968359412057282, -24.16269276625815 ], [ 28.968578559752739, -24.162876851185718 ], [ 28.969037326411538, -24.163159168161112 ] ] ] } },
{ "type": "Feature", "properties": { "Municipali": "Mogalakwena Local Municipality", "WardNo": "31", "WardLabel": "LIM367_31", "Province": "Limpopo", "CLASSIFICATION": "Service centre", "PopGBlack": 8917.0424256999995, "PopGColour": 60.355487857, "PopGIndian": 354.43703926000001, "PopGWhite": 8052.6528293000001, "PopGOther": 53.6936104, "PopGTotal": 17438.181393 }, "geometry": { "type": "Polygon", "coordinates": [ [ [ 28.997891305339557, -24.181842691587008 ], [ 28.996952601981047, -24.184385725221077 ], [ 28.995957133414976, -24.187127789615815 ], [ 28.997957121324131, -24.187743171410236 ], [ 28.996970701736515, -24.190376639070614 ], [ 29.000753484086101, -24.191535002738178 ], [ 29.00099874629522, -24.191610321858899 ], [ 29.005052663449725, -24.192855260561878 ], [ 29.008916329924741, -24.194041774808099 ], [ 29.014979641896982, -24.195924117004349 ], [ 29.018097997024967, -24.197009001564222 ], [ 29.019877158204324, -24.197289963261248 ], [ 29.01997781122704, -24.197922633622678 ], [ 29.02007846335048, -24.198512168002125 ], [ 29.020366041359708, -24.199475554153512 ], [ 29.021214395228199, -24.202020616658167 ], [ 29.021918960091977, -24.204335618194236 ], [ 29.022752935599566, -24.206909439219253 ], [ 29.022968619106535, -24.207441458356623 ], [ 29.023391129597037, -24.208160869228745 ], [ 29.02311800189436, -24.208307995617503 ], [ 29.022927996729692, -24.208411002166041 ], [ 29.022803007153133, -24.208477998061188 ], [ 29.021708000723695, -24.209068002786172 ], [ 29.0207539989979, -24.209581996811735 ], [ 29.017891002767588, -24.21112499871975 ], [ 29.014059003220485, -24.213189997720264 ], [ 29.008002001791006, -24.216460996577727 ], [ 29.006982002417509, -24.21700999581472 ], [ 29.006437998015272, -24.217303000333242 ], [ 29.006217997762501, -24.217421996827674 ], [ 29.00607899584897, -24.217497003883622 ], [ 29.005780000046986, -24.217657996019781 ], [ 29.005625000093755, -24.217740998048583 ], [ 29.005002996591095, -24.218077002751489 ], [ 29.002909000749838, -24.219206000856275 ], [ 29.002137001121792, -24.219622000255118 ], [ 29.001659999809206, -24.219879001314922 ], [ 29.001536996835004, -24.219944998063255 ], [ 28.999719000231703, -24.220924998290091 ], [ 28.997759001576679, -24.22198199757117 ], [ 28.985930996618276, -24.228355998330724 ], [ 28.982124005418569, -24.23038999680092 ], [ 28.981914002928949, -24.230503001112606 ], [ 28.98137099587478, -24.229325000748236 ], [ 28.978690002641496, -24.223460000078926 ], [ 28.977681806869917, -24.221021249131351 ], [ 28.974984952293731, -24.215088168883888 ], [ 28.971748726622462, -24.207960768274891 ], [ 28.969687559633201, -24.203433904850865 ], [ 28.967491418793973, -24.198553592574257 ], [ 28.967666901706178, -24.198495097970426 ], [ 28.968136694053246, -24.198163480160503 ], [ 28.968855200207376, -24.197914767252719 ], [ 28.970844908865473, -24.197279165101452 ], [ 28.971673954289603, -24.197058086561444 ], [ 28.976648225035579, -24.195731614422474 ], [ 28.979715692025593, -24.194874933731199 ], [ 28.980019674568375, -24.194653856090653 ], [ 28.980517102182585, -24.194294603013585 ], [ 28.980903989627418, -24.193824809767236 ], [ 28.981235608336714, -24.193520827224454 ], [ 28.981539590879493, -24.193355018319455 ], [ 28.981871208689331, -24.193299748684446 ], [ 28.982341001036492, -24.19269178180032 ], [ 28.982672618846323, -24.192111450183333 ], [ 28.986375687987692, -24.188187303401325 ], [ 28.987352127798477, -24.187164912730541 ], [ 28.988724648823577, -24.185727803295531 ], [ 28.990134025864695, -24.183820998640204 ], [ 28.990631452579532, -24.182660336305513 ], [ 28.990849998628526, -24.181726000054919 ], [ 28.99150799659682, -24.18180000076946 ], [ 28.992484995785926, -24.181911003190226 ], [ 28.99399215881115, -24.182088900782169 ], [ 28.994157973112017, -24.181928111892852 ], [ 28.994278999376402, -24.182001001944716 ], [ 28.994836999028308, -24.182147002382326 ], [ 28.99487499718342, -24.182157000145477 ], [ 28.995441997250413, -24.181930998716613 ], [ 28.996197989845424, -24.18161155682785 ], [ 28.996599964316911, -24.181561310805929 ], [ 28.99699188796529, -24.181576385242028 ], [ 28.997891305339557, -24.181842691587008 ] ] ] } },
{ "type": "Feature", "properties": { "Municipali": "Mogalakwena Local Municipality", "WardNo": "32", "WardLabel": "LIM367_32", "Province": "Limpopo", "CLASSIFICATION": "Service centre", "PopGBlack": 1927.1030782, "PopGColour": 19.907538041, "PopGIndian": 841.19724758999996, "PopGWhite": 3036.5503565, "PopGOther": 32.92220984, "PopGTotal": 5857.680430200001 }, "geometry": { "type": "Polygon", "coordinates": [ [ [ 29.055199000133797, -24.163130004046522 ], [ 29.051673003006723, -24.172242998915291 ], [ 29.049720002875862, -24.177289002285644 ], [ 29.049244997158969, -24.178519004148757 ], [ 29.045814001714859, -24.187387000309887 ], [ 29.044878001718505, -24.189788004013209 ], [ 29.041524998180218, -24.19838699766181 ], [ 29.03811799844695, -24.200218997608665 ], [ 29.037237000087526, -24.200693996131044 ], [ 29.031591001423649, -24.203739999901064 ], [ 29.026055997086647, -24.206725000858135 ], [ 29.024719995731321, -24.207445997234966 ], [ 29.02346699820346, -24.208120001337001 ], [ 29.023391129597037, -24.208160869228745 ], [ 29.022968619106535, -24.207441458356623 ], [ 29.022752935599566, -24.206909439219253 ], [ 29.021918960091977, -24.204335618194236 ], [ 29.021214395228199, -24.202020616658167 ], [ 29.020366041359708, -24.199475554153512 ], [ 29.02007846335048, -24.198512168002125 ], [ 29.01997781122704, -24.197922633622678 ], [ 29.019877158204324, -24.197289963261248 ], [ 29.018097997024967, -24.197009001564222 ], [ 29.014979641896982, -24.195924117004349 ], [ 29.008916329924741, -24.194041774808099 ], [ 29.005052663449725, -24.192855260561878 ], [ 29.00099874629522, -24.191610321858899 ], [ 29.000753484086101, -24.191535002738178 ], [ 28.996970701736515, -24.190376639070614 ], [ 28.997957121324131, -24.187743171410236 ], [ 28.995957133414976, -24.187127789615815 ], [ 28.996952601981047, -24.184385725221077 ], [ 28.997891305339557, -24.181842691587008 ], [ 28.99699188796529, -24.181576385242028 ], [ 28.996599964316911, -24.181561310805929 ], [ 28.996197989845424, -24.18161155682785 ], [ 28.995441997250413, -24.181930998716613 ], [ 28.99487499718342, -24.182157000145477 ], [ 28.994836999028308, -24.182147002382326 ], [ 28.994278999376402, -24.182001001944716 ], [ 28.994157973112017, -24.181928111892852 ], [ 28.99399215881115, -24.182088900782169 ], [ 28.992484995785926, -24.181911003190226 ], [ 28.99150799659682, -24.18180000076946 ], [ 28.990849998628526, -24.181726000054919 ], [ 28.990995000818693, -24.181077999849869 ], [ 28.991082001233387, -24.180905996414644 ], [ 28.991246998949944, -24.18058400314926 ], [ 28.991299885381444, -24.180077808044409 ], [ 28.991358997819503, -24.179512001377727 ], [ 28.99138200157822, -24.179289998334763 ], [ 28.991401998903171, -24.179100997712936 ], [ 28.991701992952681, -24.177634000209022 ], [ 28.99179800097706, -24.177363003000263 ], [ 28.99214899917699, -24.175655001577116 ], [ 28.992334016701577, -24.174577014817352 ], [ 28.994459452841557, -24.17511968012915 ], [ 28.996388927606937, -24.175617123031842 ], [ 28.999551998825751, -24.176473004225752 ], [ 29.001840697889975, -24.177184821222482 ], [ 29.00207199992288, -24.176449998668478 ], [ 29.002068991690727, -24.176377003395988 ], [ 29.002063000407166, -24.176233995902223 ], [ 29.002028002390414, -24.17554899578959 ], [ 29.00202599870094, -24.17551200307652 ], [ 29.002003002136902, -24.175051998950622 ], [ 29.001981387830824, -24.174833273936429 ], [ 29.001495865441864, -24.174241735867412 ], [ 29.001744928185893, -24.174070780142461 ], [ 29.001815997110594, -24.174021998216674 ], [ 29.002379414278629, -24.173559651356847 ], [ 29.002623522657473, -24.173521107313256 ], [ 29.002867631935686, -24.173533955028056 ], [ 29.00304750174087, -24.1734054760819 ], [ 29.003330155062685, -24.173405476081903 ], [ 29.003754134146082, -24.173611042215889 ], [ 29.004075329712759, -24.17386799920882 ], [ 29.004304827705724, -24.174106874432692 ], [ 29.004550700554475, -24.173919390067756 ], [ 29.00483335297692, -24.173867999208817 ], [ 29.005140318570923, -24.174118828221395 ], [ 29.005552833096843, -24.173983630440251 ], [ 29.005745550616737, -24.173996478154965 ], [ 29.005930155352416, -24.174130128202883 ], [ 29.006118138841106, -24.174330522335818 ], [ 29.006362248119313, -24.174291978292221 ], [ 29.00663735073325, -24.174140670955243 ], [ 29.006876162105261, -24.174009324970399 ], [ 29.00733868433289, -24.173855150594733 ], [ 29.007711271657882, -24.173713824833147 ], [ 29.008032468123929, -24.173649586259398 ], [ 29.008289425116946, -24.173739521161941 ], [ 29.008726251915053, -24.174035021299282 ], [ 29.009040661197577, -24.174176499945506 ], [ 29.009423998119072, -24.174348997108549 ], [ 29.009841002060583, -24.174550001881112 ], [ 29.010270996709181, -24.174694997775951 ], [ 29.010676001895987, -24.174586999990129 ], [ 29.011172996936313, -24.174539002273132 ], [ 29.01154029444907, -24.174464531213143 ], [ 29.011917001568438, -24.174358001120929 ], [ 29.01233767924051, -24.174225653291256 ], [ 29.013017435406358, -24.174343370050533 ], [ 29.013505653063504, -24.174497544426192 ], [ 29.013916784432098, -24.17452323895635 ], [ 29.014276524042465, -24.17444615176851 ], [ 29.014584871894428, -24.174214891104384 ], [ 29.014957839632629, -24.174036322618157 ], [ 29.015407134631616, -24.174124956201744 ], [ 29.015754027426464, -24.174124956201752 ], [ 29.01616515789577, -24.174073565342795 ], [ 29.016445711300637, -24.173937669687714 ], [ 29.016643172744281, -24.173842022291574 ], [ 29.017552726377307, -24.173598193601805 ], [ 29.017925313702303, -24.173431172410702 ], [ 29.018362141399695, -24.173238453991527 ], [ 29.018824662728047, -24.173097128229859 ], [ 29.019197250952406, -24.172955801569 ], [ 29.019518447418452, -24.172775931763894 ], [ 29.019852490699936, -24.172634605102946 ], [ 29.0201993825955, -24.172634605102949 ], [ 29.020482035917311, -24.172634605102946 ], [ 29.020918862715426, -24.172454735297855 ], [ 29.021419928986564, -24.172184930590117 ], [ 29.021933842972505, -24.171953669026614 ], [ 29.022344975240468, -24.171760950607439 ], [ 29.022589083619408, -24.171748103792009 ], [ 29.023004618968024, -24.171949112161872 ], [ 29.023416643363515, -24.17146171828373 ], [ 29.023723147605232, -24.17104467117462 ], [ 29.02400452928568, -24.170587425269474 ], [ 29.024295959990667, -24.170034710933216 ], [ 29.024547193698105, -24.169456874035507 ], [ 29.024738132358987, -24.168818740292682 ], [ 29.024858724250752, -24.168235877983417 ], [ 29.02487688066357, -24.168048255122883 ], [ 29.024949168169591, -24.167301289023239 ], [ 29.024979316142513, -24.166406897959988 ], [ 29.025069760061445, -24.165150729422614 ], [ 29.02510851544568, -24.164832946783037 ], [ 29.025143998196992, -24.164541999913329 ], [ 29.025387722565327, -24.163899068287353 ], [ 29.028541877006074, -24.162550355914188 ], [ 29.030462905338918, -24.16168848883266 ], [ 29.031760897747322, -24.161200443845399 ], [ 29.032788908281528, -24.160816239078194 ], [ 29.033681926080085, -24.160546256304716 ], [ 29.03446072188482, -24.160328193191553 ], [ 29.035405660243132, -24.16011013097776 ], [ 29.036184455148501, -24.159964755569067 ], [ 29.037181313167121, -24.159829763732603 ], [ 29.03819965868739, -24.159717191095528 ], [ 29.039470148928306, -24.159630170895682 ], [ 29.040914677770186, -24.15959536263594 ], [ 29.042219975371573, -24.159647574575864 ], [ 29.043734119833822, -24.159786806715818 ], [ 29.045082926635811, -24.15998695173646 ], [ 29.046118462696974, -24.160187097656475 ], [ 29.047345442838022, -24.160491666557157 ], [ 29.048798674419309, -24.160900661136605 ], [ 29.051008976882859, -24.161579414558339 ], [ 29.051163276264219, -24.161624491277315 ], [ 29.052557929604763, -24.162031918338378 ], [ 29.053489041785902, -24.162266871618861 ], [ 29.054420153966944, -24.162432210178419 ], [ 29.055422546413418, -24.162578713336998 ], [ 29.055199000133797, -24.163130004046522 ] ] ] } }
]
}
