{
"type": "FeatureCollection",
"name": "Drakenstein_Local_Municipality",
"crs": { "type": "name", "properties": { "name": "urn:ogc:def:crs:OGC:1.3:CRS84" } },
"features": [
{ "type": "Feature", "properties": { "Municipali": "Drakenstein Local Municipality", "WardNo": "1", "WardLabel": "WC023_1", "Province": "Western Cape", "CLASSIFICATION": "Manufacturing", "PopGBlack": 685.90046946000223, "PopGColour": 3898.5552190241283, "PopGIndian": 5.5784457080000021, "PopGWhite": 1148.4789025480011, "PopGOther": 31.6635546, "PopGTotal": 5770.1765913401323 }, "geometry": { "type": "Polygon", "coordinates": [ [ [ 18.910500794428081, -33.671404893264935 ], [ 18.908990310993005, -33.672300644995154 ], [ 18.908305323419803, -33.672809994019147 ], [ 18.907816433033545, -33.673252872353096 ], [ 18.906812403746439, -33.674162404397883 ], [ 18.907690592691861, -33.674777135988087 ], [ 18.908621472023796, -33.6770077343594 ], [ 18.910632411140831, -33.682219418049073 ], [ 18.910256893796642, -33.682502980583607 ], [ 18.910404896136576, -33.682630994581331 ], [ 18.911308891130215, -33.683405994353691 ], [ 18.911441891878432, -33.683739988173571 ], [ 18.911581891151396, -33.684143993315551 ], [ 18.912095892413106, -33.685400990132926 ], [ 18.911988895566854, -33.686489996286269 ], [ 18.91012889598316, -33.68496799533451 ], [ 18.910584894569876, -33.688192993875774 ], [ 18.910784891222061, -33.690393993755727 ], [ 18.912086891137783, -33.704769991234365 ], [ 18.912814893305242, -33.712824989487565 ], [ 18.912315892742704, -33.714620994068795 ], [ 18.908881889730544, -33.726762982925912 ], [ 18.907205903157436, -33.732433995330688 ], [ 18.905691889891969, -33.737556991457737 ], [ 18.907929898858967, -33.746954995895628 ], [ 18.913044891422551, -33.75300399429365 ], [ 18.913914893839177, -33.754031989545446 ], [ 18.914635890272127, -33.754757995150889 ], [ 18.916376893352258, -33.756508989575359 ], [ 18.917930891391514, -33.758071996013392 ], [ 18.919997893338625, -33.7584019923573 ], [ 18.924174891131496, -33.762260994975534 ], [ 18.925143894517131, -33.760389990535323 ], [ 18.927518894492156, -33.755801989407615 ], [ 18.931809893052506, -33.759701989420421 ], [ 18.93603989778466, -33.762173994625158 ], [ 18.936855895906309, -33.762629994074899 ], [ 18.937426895301677, -33.762950989995581 ], [ 18.937575894099428, -33.767490993420111 ], [ 18.937646894685319, -33.76962100171616 ], [ 18.938672895310617, -33.769337995865371 ], [ 18.939591891892999, -33.769083995847957 ], [ 18.940827534395137, -33.768743127617732 ], [ 18.943730529097234, -33.773049005152501 ], [ 18.94511464428756, -33.774418850703505 ], [ 18.945300143863037, -33.774704234368372 ], [ 18.945400029772976, -33.775417697125803 ], [ 18.94547137569641, -33.776530695393731 ], [ 18.949666528098021, -33.779727002883455 ], [ 18.954388934167913, -33.783108196599699 ], [ 18.954447891926801, -33.783039990217247 ], [ 18.954638895352591, -33.782851995038278 ], [ 18.95659390650745, -33.780906989888635 ], [ 18.95798289871502, -33.779525993658417 ], [ 18.958014895696412, -33.779488992851583 ], [ 18.959654986731131, -33.777900541912231 ], [ 18.960710909598749, -33.776687657749243 ], [ 18.961795370654663, -33.775317812211455 ], [ 18.962023678860362, -33.774918274004101 ], [ 18.962314622154405, -33.775064762775273 ], [ 18.964064177782038, -33.775945657722893 ], [ 18.964488894339148, -33.775234994557714 ], [ 18.965164655763861, -33.774249164028568 ], [ 18.965229894388287, -33.774153991474606 ], [ 18.965494898534697, -33.77429600162187 ], [ 18.966761305947355, -33.774881366751728 ], [ 18.968469311993982, -33.775913819047737 ], [ 18.969442928006103, -33.776616710279065 ], [ 18.973366533687965, -33.77944931304544 ], [ 18.973465867412592, -33.77952102588528 ], [ 18.972637897518961, -33.780299996155129 ], [ 18.971547894839837, -33.781230994117529 ], [ 18.970430904403532, -33.782154992656409 ], [ 18.969732898245848, -33.782817993550253 ], [ 18.969629899784028, -33.782988993341739 ], [ 18.972056809536124, -33.783411557804833 ], [ 18.971699897368865, -33.783679992843489 ], [ 18.971329897379633, -33.790199993146707 ], [ 18.968826562341466, -33.792847395792016 ], [ 18.966099173788272, -33.794945814487086 ], [ 18.964697296094446, -33.796571315697385 ], [ 18.963679897489332, -33.798219992438966 ], [ 18.961488665891537, -33.79964730914628 ], [ 18.958229896679804, -33.801769992446623 ], [ 18.957496518389252, -33.804744248303372 ], [ 18.956789896729966, -33.807609992861366 ], [ 18.956749896687175, -33.810529992622648 ], [ 18.95829989634284, -33.814829993080444 ], [ 18.960689897022039, -33.817559993085609 ], [ 18.960753456605566, -33.817952303712858 ], [ 18.960777893892882, -33.817952990525463 ], [ 18.961315898057958, -33.817967992119385 ], [ 18.961725896310885, -33.817990988685615 ], [ 18.962134897215577, -33.818012995997542 ], [ 18.962394898433061, -33.818183994891569 ], [ 18.962502898924971, -33.818257995606857 ], [ 18.962972886459934, -33.818551988483094 ], [ 18.963145896249696, -33.818813992472585 ], [ 18.963232894872665, -33.819038996553992 ], [ 18.963310893979134, -33.819242989774366 ], [ 18.963377897074544, -33.819608989566142 ], [ 18.963454897934298, -33.820195995053126 ], [ 18.963422900953834, -33.820670992676511 ], [ 18.963412895096436, -33.820847992745222 ], [ 18.963522899279031, -33.821429995303788 ], [ 18.963567895062734, -33.821673996663883 ], [ 18.963642893131844, -33.822077993711567 ], [ 18.964017894265968, -33.822709995879421 ], [ 18.964482886067113, -33.823265002590752 ], [ 18.964667888317216, -33.823484995650134 ], [ 18.965056899989811, -33.823790989978761 ], [ 18.965248901663713, -33.823940995098475 ], [ 18.9658308952711, -33.824261991019213 ], [ 18.966555896382335, -33.824416990976424 ], [ 18.967223900256649, -33.824518991187162 ], [ 18.967848895849453, -33.82454299319663 ], [ 18.967927900397626, -33.824561992274589 ], [ 18.968244898851619, -33.82463799578116 ], [ 18.968686901281036, -33.824935995136904 ], [ 18.969104894507911, -33.825227986122023 ], [ 18.969432896168211, -33.825418996730662 ], [ 18.96959489465797, -33.825688995693127 ], [ 18.969759900481293, -33.82610299230312 ], [ 18.969726897160083, -33.826927990778735 ], [ 18.9695788957223, -33.827923997139678 ], [ 18.969364895731808, -33.828523991533487 ], [ 18.969512897172521, -33.82889199501524 ], [ 18.970048898547496, -33.829134991835133 ], [ 18.970655908598154, -33.82960599197542 ], [ 18.971514899711089, -33.82994798976523 ], [ 18.972315897138312, -33.830356989745276 ], [ 18.972923887450012, -33.830827990784847 ], [ 18.973259893077135, -33.831028991962071 ], [ 18.973482901578635, -33.831161992700849 ], [ 18.973641899030195, -33.831281994638275 ], [ 18.973830899666137, -33.831423996691143 ], [ 18.974006900601108, -33.83163498753693 ], [ 18.974151894708179, -33.83183499226427 ], [ 18.974221898841012, -33.83201100217984 ], [ 18.974263893586631, -33.832114989889021 ], [ 18.974374896016091, -33.832373992840523 ], [ 18.974401898162569, -33.832459995008016 ], [ 18.974491897823469, -33.832741996322113 ], [ 18.974652906159797, -33.833085995999213 ], [ 18.974722902198696, -33.833233990234206 ], [ 18.974903898868018, -33.833501993601175 ], [ 18.975018897884723, -33.833670989704231 ], [ 18.975464898700992, -33.83440599032722 ], [ 18.975834896006347, -33.834872992080356 ], [ 18.976353901092939, -33.83527098885363 ], [ 18.976606895691564, -33.835423995011475 ], [ 18.976928897074686, -33.835618995012538 ], [ 18.977629897978677, -33.836929993421535 ], [ 18.980839898753789, -33.837649993367037 ], [ 18.982969898210726, -33.839039992728672 ], [ 18.984019899046327, -33.8404099929609 ], [ 18.986405016400109, -33.841516307479267 ], [ 18.98962989915864, -33.843409992843341 ], [ 18.992539899570673, -33.846609992941787 ], [ 18.993477897034481, -33.84941599194741 ], [ 18.993189896323429, -33.849559995888725 ], [ 18.993051900741595, -33.849613992982334 ], [ 18.992869898631088, -33.849719990675169 ], [ 18.992669901984431, -33.849859989935908 ], [ 18.992616903133893, -33.84990299101927 ], [ 18.992509899091338, -33.849989990534205 ], [ 18.992437901161907, -33.850027995883515 ], [ 18.992209896926816, -33.850149986220046 ], [ 18.991979897995204, -33.850289991775853 ], [ 18.991908898313316, -33.850338994035219 ], [ 18.991749899963008, -33.850449994656714 ], [ 18.991619899354994, -33.850609991242798 ], [ 18.991509903268035, -33.850799996407027 ], [ 18.991369896802222, -33.851019995760055 ], [ 18.991189897482453, -33.851319989808957 ], [ 18.991079901395494, -33.851509995872554 ], [ 18.990951895483825, -33.851653999814594 ], [ 18.990839895707019, -33.851779994832853 ], [ 18.990805895935353, -33.851823994163844 ], [ 18.990693897058051, -33.851968996353506 ], [ 18.990668897702104, -33.852007990957389 ], [ 18.990629902196503, -33.852239991763589 ], [ 18.990629902197, -33.852480005529515 ], [ 18.99070989599986, -33.852699988695811 ], [ 18.99074989694844, -33.852889994760261 ], [ 18.990719901858775, -33.853219991092693 ], [ 18.990679900910752, -33.853299992983111 ], [ 18.990485898245971, -33.853425988000943 ], [ 18.990349897360709, -33.853539989660213 ], [ 18.990335909304616, -33.853573990328755 ], [ 18.990259896801554, -33.853759989912767 ], [ 18.990209898089812, -33.853869994085947 ], [ 18.990219895853947, -33.853999993785933 ], [ 18.990269895465516, -33.854109982671176 ], [ 18.990389898310408, -33.854269993647719 ], [ 18.990280898671898, -33.854260985138197 ], [ 18.990019900106841, -33.854239991363002 ], [ 18.987129901523705, -33.854059992040384 ], [ 18.986249900448616, -33.853859996302404 ], [ 18.983659896834617, -33.853279995621968 ], [ 18.981979895681278, -33.852899993377513 ], [ 18.981939894733063, -33.852849993769418 ], [ 18.980419896469265, -33.850739990884904 ], [ 18.97986990074218, -33.849979991806514 ], [ 18.979829898894586, -33.849929993097781 ], [ 18.97977990018229, -33.849869995726479 ], [ 18.979269896410241, -33.849159996256184 ], [ 18.975769895726629, -33.846659991563669 ], [ 18.972879898037259, -33.844719998310367 ], [ 18.972419901071881, -33.844419996164248 ], [ 18.97102989533083, -33.846499995851659 ], [ 18.969719899579811, -33.848479990927743 ], [ 18.969079895202452, -33.849429996064131 ], [ 18.968979897778553, -33.849580000283034 ], [ 18.968084894214517, -33.850924993956419 ], [ 18.967238160865293, -33.852197540943877 ], [ 18.967238352420978, -33.852203205773471 ], [ 18.966992341059445, -33.852571909825045 ], [ 18.966919401539752, -33.852681217922914 ], [ 18.966622182777378, -33.853125871519723 ], [ 18.966567384383165, -33.853155228988278 ], [ 18.966435503292256, -33.853225880626951 ], [ 18.966371726066129, -33.853260047669906 ], [ 18.963184742544232, -33.854967397969119 ], [ 18.965841537918379, -33.857343686520537 ], [ 18.965867216262687, -33.857366654306482 ], [ 18.96587145206982, -33.857370630209218 ], [ 18.965869906135147, -33.857379992151749 ], [ 18.964969901449255, -33.862739992916516 ], [ 18.962109897058937, -33.86489999538616 ], [ 18.958459900245838, -33.866929996353115 ], [ 18.955079893419711, -33.868829988628448 ], [ 18.951689896923156, -33.870729989896752 ], [ 18.950309897929976, -33.869039991093238 ], [ 18.949449894178084, -33.86798999662583 ], [ 18.948479893439018, -33.866799995701548 ], [ 18.93153989342732, -33.879079994448851 ], [ 18.931309895393632, -33.878839989674937 ], [ 18.930819896142275, -33.878509992440364 ], [ 18.930309891470632, -33.878249992138635 ], [ 18.929769893507231, -33.877999989599822 ], [ 18.929149893647299, -33.877749995154538 ], [ 18.928549889315128, -33.877529993998941 ], [ 18.927859894316036, -33.877389995632875 ], [ 18.927189895743989, -33.877239990510482 ], [ 18.926859890393601, -33.877129994429147 ], [ 18.926359893378898, -33.877140001182894 ], [ 18.925629896532019, -33.876979990203132 ], [ 18.925069893148155, -33.87676999580416 ], [ 18.924559897469894, -33.876629996539663 ], [ 18.924119896931135, -33.876549994646595 ], [ 18.923749892430848, -33.876349990817282 ], [ 18.923339894176777, -33.876120000892797 ], [ 18.923009897819732, -33.876079991851768 ], [ 18.922559890524099, -33.87613998832105 ], [ 18.922109892221545, -33.876169991500738 ], [ 18.921929892000655, -33.875919988964029 ], [ 18.921899897808931, -33.875659995859259 ], [ 18.921689888106958, -33.874719989380999 ], [ 18.9213398953219, -33.874349993000443 ], [ 18.920929897067552, -33.874019995766282 ], [ 18.920449894680871, -33.873829989699544 ], [ 18.920019892805254, -33.873729991380813 ], [ 18.919379896517789, -33.873489995597943 ], [ 18.918719895709099, -33.873179987593524 ], [ 18.918189894609768, -33.872819997069122 ], [ 18.917859891057201, -33.87243999303297 ], [ 18.917589892075036, -33.872199989158105 ], [ 18.917449892802253, -33.871869991925479 ], [ 18.917449892801496, -33.871529989735656 ], [ 18.91756989474672, -33.871359995386378 ], [ 18.9174698964223, -33.871089988330326 ], [ 18.917209896103053, -33.870650004010542 ], [ 18.917019890923662, -33.870459990750838 ], [ 18.916759897799469, -33.870269992779249 ], [ 18.916499895682172, -33.870109989895774 ], [ 18.91614989570283, -33.869919991923602 ], [ 18.915819890351937, -33.869659990723441 ], [ 18.915559890032881, -33.869359988578296 ], [ 18.915329891999011, -33.869079991852345 ], [ 18.915039895690178, -33.86879999512589 ], [ 18.914769896708354, -33.868729990996975 ], [ 18.914339886738908, -33.868709994568945 ], [ 18.913909891158273, -33.868559989447824 ], [ 18.913589893463755, -33.868249989539194 ], [ 18.913249890348158, -33.867689994289094 ], [ 18.913019892314797, -33.867689994287858 ], [ 18.912749893333039, -33.867619991957575 ], [ 18.912419896076432, -33.86756999234791 ], [ 18.911949893252356, -33.867489990454665 ], [ 18.911579895946627, -33.867369996609924 ], [ 18.91120989144617, -33.867199995063409 ], [ 18.910779895865293, -33.866969997044812 ], [ 18.910559896494757, -33.866779990979438 ], [ 18.9103298894678, -33.866599991670441 ], [ 18.910039894058357, -33.866359986896278 ], [ 18.909739891891789, -33.866139994735498 ], [ 18.909539896142977, -33.865929992244538 ], [ 18.909389891012779, -33.865829986732713 ], [ 18.90925989130287, -33.865669991943911 ], [ 18.909219890354329, -33.865579991390462 ], [ 18.909059895553746, -33.86531999109048 ], [ 18.908859890811407, -33.86498999385752 ], [ 18.908679891489371, -33.86459999295819 ], [ 18.908519895789521, -33.864349989522196 ], [ 18.908319891946729, -33.864139996024399 ], [ 18.90822989318449, -33.8636799909982 ], [ 18.907585890415174, -33.862767992103976 ], [ 18.907412896814002, -33.863090990810832 ], [ 18.907359889869486, -33.863179992216985 ], [ 18.906758889087293, -33.862729993944328 ], [ 18.904799895722626, -33.861259995390405 ], [ 18.902989886757393, -33.859919989342529 ], [ 18.884849887878342, -33.846369995689642 ], [ 18.895429890045097, -33.84212999266893 ], [ 18.894379888291859, -33.834569989362663 ], [ 18.893939894939688, -33.831189992666744 ], [ 18.893339891496733, -33.826879994450429 ], [ 18.893325994271901, -33.826780176897714 ], [ 18.893229895407121, -33.826089992192109 ], [ 18.893859893925487, -33.823649993885347 ], [ 18.894279889940012, -33.821999995137212 ], [ 18.895189894194989, -33.818429991485253 ], [ 18.895349888983741, -33.81326999544293 ], [ 18.89546989092571, -33.811559992127485 ], [ 18.895729892134725, -33.807499989257288 ], [ 18.895799896265068, -33.80640999384935 ], [ 18.895879889165847, -33.805179991086014 ], [ 18.896579899017556, -33.805479993233533 ], [ 18.896959894087704, -33.805649995679516 ], [ 18.897259888159702, -33.805499990562346 ], [ 18.897289891344119, -33.805489991899982 ], [ 18.898689893957751, -33.804929989464831 ], [ 18.899399894377495, -33.804649991844641 ], [ 18.900099895234657, -33.804369994224416 ], [ 18.900809895654337, -33.804079990747098 ], [ 18.901509889316756, -33.803799993126759 ], [ 18.9022198897365, -33.803519995506583 ], [ 18.902269896541082, -33.80279998928264 ], [ 18.9023198952518, -33.802089989815208 ], [ 18.902358850287523, -33.801622497933572 ], [ 18.902379892625781, -33.801369991685313 ], [ 18.902459901714998, -33.800449989728072 ], [ 18.902499886474477, -33.799979994133913 ], [ 18.902579896463067, -33.79905999217678 ], [ 18.902619888417146, -33.798589989388006 ], [ 18.902739891259127, -33.797209990499155 ], [ 18.902789890869741, -33.796739995804401 ], [ 18.902759895779031, -33.796629991630709 ], [ 18.89636988930167, -33.798339994911608 ], [ 18.896389892923253, -33.798199996549315 ], [ 18.896409890249252, -33.797979995397021 ], [ 18.896729896028624, -33.793979989898119 ], [ 18.896779894739552, -33.793359989185191 ], [ 18.889439891142427, -33.794889993152893 ], [ 18.887479893237227, -33.79533999231073 ], [ 18.88546988852551, -33.795679994489305 ], [ 18.885249887356519, -33.79571499250487 ], [ 18.885209895402038, -33.79600999981372 ], [ 18.88445989403262, -33.795929989825034 ], [ 18.881089893948715, -33.796509989574105 ], [ 18.880597082516786, -33.796623716038759 ], [ 18.880593067043549, -33.796627617297787 ], [ 18.880161570494277, -33.796767853078812 ], [ 18.87937409257394, -33.796913482092137 ], [ 18.878656732101064, -33.797026750800647 ], [ 18.877604961397491, -33.797231710785951 ], [ 18.876515436252081, -33.797393521299263 ], [ 18.875679414722473, -33.797512182342025 ], [ 18.875118470646953, -33.797593087148869 ], [ 18.874692369130706, -33.797668599621602 ], [ 18.874271661748512, -33.7977279305926 ], [ 18.87402894550145, -33.797771079163759 ], [ 18.873662174063806, -33.79781422953284 ], [ 18.873403277213132, -33.797862772237565 ], [ 18.873079656149901, -33.797900528473235 ], [ 18.872675129371075, -33.797938283809145 ], [ 18.872286783195797, -33.797954464409202 ], [ 18.871887650551002, -33.797976039142931 ], [ 18.871569421823054, -33.797986827408323 ], [ 18.871380643319029, -33.797986827407264 ], [ 18.871164895943476, -33.797986827406064 ], [ 18.870956628229877, -33.797970805982729 ], [ 18.870759886228729, -33.798019988105636 ], [ 18.870529897188277, -33.798089991332546 ], [ 18.870269543435679, -33.798110881682881 ], [ 18.870210213357133, -33.798143244685782 ], [ 18.870086158166696, -33.798218755361468 ], [ 18.86997828357968, -33.798283480467909 ], [ 18.869859623422538, -33.798321235805446 ], [ 18.869719386729102, -33.798353598807815 ], [ 18.869649269281791, -33.798369779409711 ], [ 18.869573756801042, -33.79839135324589 ], [ 18.869503639353656, -33.798412927981403 ], [ 18.869406553034729, -33.798434503616114 ], [ 18.869320254084567, -33.798472258953737 ], [ 18.869244741603794, -33.798488440454975 ], [ 18.869147656184133, -33.798504621056736 ], [ 18.869093719340249, -33.798510015190004 ], [ 18.869050568965815, -33.798515408424095 ], [ 18.869039893112809, -33.798449989939627 ], [ 18.867289888718371, -33.79883999262681 ], [ 18.865879886539311, -33.799099992917895 ], [ 18.865029888644383, -33.799259988600582 ], [ 18.864259891746784, -33.799400003146502 ], [ 18.863499892613216, -33.799559982641838 ], [ 18.862729879527844, -33.799719993613351 ], [ 18.861989893009369, -33.79990999157949 ], [ 18.861319886342123, -33.800159994111574 ], [ 18.857199885784642, -33.801219994408399 ], [ 18.857089888797393, -33.801259995353057 ], [ 18.857039890085041, -33.801269993116023 ], [ 18.856919889038412, -33.801289990440303 ], [ 18.856799886193279, -33.801339989148239 ], [ 18.849847651394089, -33.803282233350338 ], [ 18.849823993826544, -33.803282199176039 ], [ 18.846999885859812, -33.804069992682813 ], [ 18.84476988896829, -33.804629995112919 ], [ 18.84452989227124, -33.804769993473947 ], [ 18.844239887868103, -33.804759994809771 ], [ 18.843539878915223, -33.805049991092396 ], [ 18.8429898894817, -33.805209993971346 ], [ 18.840529885562763, -33.805889983048331 ], [ 18.838729890547675, -33.806399994866283 ], [ 18.837469886302799, -33.806750003805234 ], [ 18.836629885271545, -33.806979994622125 ], [ 18.834447884301191, -33.807591991356631 ], [ 18.834349888767385, -33.807619990848693 ], [ 18.833079885853394, -33.805539990247205 ], [ 18.83295988390681, -33.805329987756629 ], [ 18.831209880400806, -33.802349989714394 ], [ 18.830749890625732, -33.801579992872838 ], [ 18.828909886558904, -33.798429994184723 ], [ 18.827689882356996, -33.796349994482838 ], [ 18.822049884424597, -33.798879993313783 ], [ 18.821659883508289, -33.804359995119164 ], [ 18.821419885919379, -33.807819995500886 ], [ 18.821169883372193, -33.811399980732062 ], [ 18.808349884705759, -33.81486999409239 ], [ 18.807679886130508, -33.815049993396258 ], [ 18.807239884690372, -33.815169996229685 ], [ 18.806869888282506, -33.81526999364457 ], [ 18.806359883608646, -33.815409992004021 ], [ 18.805989887200759, -33.815509990318283 ], [ 18.805169882595482, -33.815729983371931 ], [ 18.804729882054577, -33.815849993400072 ], [ 18.804519887642009, -33.815909989870534 ], [ 18.804299888270876, -33.8159699953342 ], [ 18.803799881361005, -33.816109993693679 ], [ 18.803539881041317, -33.816169991063227 ], [ 18.802389889070586, -33.816559992854174 ], [ 18.792569885089083, -33.819209993596871 ], [ 18.792468360615239, -33.819270723015443 ], [ 18.792272054784423, -33.819294517277051 ], [ 18.792224467154483, -33.819312362524109 ], [ 18.792159030678651, -33.819407542272558 ], [ 18.792069800837545, -33.819478925959537 ], [ 18.791974622879675, -33.819490823090355 ], [ 18.791802112212846, -33.819532462599469 ], [ 18.79093360896379, -33.819782306849632 ], [ 18.790100797111652, -33.820008355937901 ], [ 18.78974785994475, -33.820106194080623 ], [ 18.78924985672138, -33.819095720322025 ], [ 18.789212288438957, -33.819011549174121 ], [ 18.788052193476151, -33.816686715340232 ], [ 18.787971186136474, -33.816524715962785 ], [ 18.787765179315876, -33.815687761898253 ], [ 18.787699535095811, -33.815422764965476 ], [ 18.787526043266766, -33.814722444899822 ], [ 18.787471186415484, -33.814501009328346 ], [ 18.787471141449398, -33.814500824967382 ], [ 18.786698033785878, -33.811371969346546 ], [ 18.785113821199527, -33.805040296960115 ], [ 18.784938558605276, -33.804341068671427 ], [ 18.784875357843301, -33.804088776461199 ], [ 18.784792784783537, -33.803759182124992 ], [ 18.784758356933803, -33.803637893258212 ], [ 18.784761770760547, -33.803636359014924 ], [ 18.78476504609176, -33.803637523636951 ], [ 18.789239885894617, -33.801499991639155 ], [ 18.789289884607204, -33.801479995213754 ], [ 18.796239886406958, -33.798159995032648 ], [ 18.809769884574397, -33.7813299932874 ], [ 18.802379882218442, -33.77643998806812 ], [ 18.799079885348085, -33.774259990037336 ], [ 18.791869882310468, -33.769479988992181 ], [ 18.787650881652642, -33.766682989481467 ], [ 18.788939884542337, -33.766299995208989 ], [ 18.804949883096967, -33.761639988144147 ], [ 18.806309884768787, -33.76119999484056 ], [ 18.807499886680947, -33.7607199942954 ], [ 18.810919885486761, -33.758829990792194 ], [ 18.810989887821052, -33.758789990746621 ], [ 18.810099888972481, -33.757759992704045 ], [ 18.809889887352277, -33.752119995207707 ], [ 18.80945988364968, -33.740779993850659 ], [ 18.832999884702257, -33.738169993234266 ], [ 18.825619888208028, -33.731279989311908 ], [ 18.820609887883144, -33.725889994323488 ], [ 18.82085988324377, -33.725679991835072 ], [ 18.818199883563221, -33.722309984794954 ], [ 18.821079884393061, -33.716599992182516 ], [ 18.821989886842154, -33.708299994330702 ], [ 18.824115896915746, -33.706391989989896 ], [ 18.832198888082715, -33.699032996005648 ], [ 18.83569788965017, -33.704067995298139 ], [ 18.836644885735801, -33.705584992417414 ], [ 18.842204891677842, -33.710681990983737 ], [ 18.844295887550281, -33.712599994011647 ], [ 18.845770889140013, -33.71395199341714 ], [ 18.848961887261005, -33.715319990872459 ], [ 18.849832895121242, -33.715692988293839 ], [ 18.85169388576189, -33.716490992729966 ], [ 18.854563387916098, -33.717720239180558 ], [ 18.855433232939568, -33.71211928395865 ], [ 18.856264193973985, -33.707081587624643 ], [ 18.856731607649582, -33.706510303189361 ], [ 18.858289658928516, -33.703524039589524 ], [ 18.85867917062486, -33.703134527025249 ], [ 18.858653203588517, -33.698720050972462 ], [ 18.858924387877195, -33.698565558238158 ], [ 18.862703446425293, -33.69641264153347 ], [ 18.862937842144142, -33.696279104801313 ], [ 18.868174892496341, -33.693265990164065 ], [ 18.869533588347874, -33.692513816996687 ], [ 18.868675748361831, -33.691661658090666 ], [ 18.865612496248939, -33.688618692209303 ], [ 18.862655878557192, -33.685444988285077 ], [ 18.865557885802385, -33.683776989620519 ], [ 18.866421896034716, -33.683259995460837 ], [ 18.870946891912649, -33.680037988992389 ], [ 18.872006892312235, -33.679283991098927 ], [ 18.872563886564617, -33.678905989857817 ], [ 18.877796887265951, -33.675280993586718 ], [ 18.878272891266441, -33.674890990892514 ], [ 18.879542893271687, -33.673855989933998 ], [ 18.879847890272821, -33.673636987030775 ], [ 18.880877888386788, -33.672799995201899 ], [ 18.881158527248566, -33.67267118530664 ], [ 18.881380070755167, -33.672651920930406 ], [ 18.882117749612739, -33.672528974617514 ], [ 18.883329650014929, -33.672318209509442 ], [ 18.884155145878026, -33.672019625601251 ], [ 18.884734750886999, -33.671738604551898 ], [ 18.884927952257122, -33.671756168312619 ], [ 18.88656138202224, -33.671826423360194 ], [ 18.890003880059997, -33.671650785783925 ], [ 18.89523788260859, -33.671299510621807 ], [ 18.90358067173419, -33.670702342842972 ], [ 18.907819143584469, -33.670325431600865 ], [ 18.907869893230675, -33.670322995337699 ], [ 18.909043001372524, -33.670368631441519 ], [ 18.90976311556955, -33.670561832800956 ], [ 18.910254901774788, -33.671000926793205 ], [ 18.910328123682287, -33.671121218312024 ], [ 18.910500794428081, -33.671404893264935 ] ] ] } },
{ "type": "Feature", "properties": { "Municipali": "Drakenstein Local Municipality", "WardNo": "2", "WardLabel": "WC023_2", "Province": "Western Cape", "CLASSIFICATION": "Manufacturing", "PopGBlack": 79.547605116, "PopGColour": 415.02764094000003, "PopGIndian": 72.645094564000004, "PopGWhite": 5397.9199766000002, "PopGOther": 102.9507524, "PopGTotal": 6068.0910696000001 }, "geometry": { "type": "Polygon", "coordinates": [ [ [ 19.022333811137464, -33.629033868018354 ], [ 19.026382979267947, -33.634159742004989 ], [ 19.026091755394027, -33.638330086293919 ], [ 19.026072349821508, -33.63835663967663 ], [ 19.025911810932453, -33.638376099206155 ], [ 19.024957391853899, -33.638436505763764 ], [ 19.024280195110588, -33.63839504521534 ], [ 19.023773428900412, -33.638364017702685 ], [ 19.023259710030906, -33.63831974587427 ], [ 19.023073901092147, -33.639583991223368 ], [ 19.023072715785698, -33.63966879369508 ], [ 19.023616373088707, -33.639958744119141 ], [ 19.026780691895535, -33.642553022041945 ], [ 19.025424898166229, -33.643349993139196 ], [ 19.02538023603168, -33.643413984399231 ], [ 19.027523710029065, -33.645441594098948 ], [ 19.027615268214497, -33.645528203309183 ], [ 19.026829987343373, -33.64570942299283 ], [ 19.02612927422647, -33.645793990737907 ], [ 19.025825408574136, -33.645799833631663 ], [ 19.025501048270275, -33.645806072227003 ], [ 19.025029879027841, -33.645769828646777 ], [ 19.02460703485891, -33.645697340589649 ], [ 19.024160027703321, -33.645576529260737 ], [ 19.023772862340252, -33.645440681267594 ], [ 19.02347139697839, -33.645334903906239 ], [ 19.02264516457447, -33.644957503404889 ], [ 19.022349883850769, -33.644829645888507 ], [ 19.021577624265191, -33.645526223869965 ], [ 19.019614898728584, -33.646658990125133 ], [ 19.017891897392637, -33.647653990136497 ], [ 19.017715903653173, -33.6477559912421 ], [ 19.017187897253773, -33.648060996311642 ], [ 19.017132903706873, -33.64809199594233 ], [ 19.016779902691951, -33.648295990059736 ], [ 19.016372896485095, -33.648530991002438 ], [ 19.015857897880611, -33.648827993005106 ], [ 19.015192901341667, -33.6492129909713 ], [ 19.01459690349288, -33.649555994195616 ], [ 19.014675900846537, -33.649650988684499 ], [ 19.014827899773273, -33.649833997124553 ], [ 19.014341897112224, -33.650092991979072 ], [ 19.013967903221303, -33.650293994051879 ], [ 19.013711899491678, -33.650432995064769 ], [ 19.013103900189247, -33.650759991255889 ], [ 19.01275789769889, -33.650943996142139 ], [ 19.012115898624817, -33.651285993924162 ], [ 19.011694896267741, -33.651512983705992 ], [ 19.011572741345685, -33.651580422066992 ], [ 19.010070839243607, -33.6494951640286 ], [ 19.010194900728543, -33.649432564020181 ], [ 19.011778106040698, -33.648633698952096 ], [ 19.011004768164693, -33.647772812126583 ], [ 19.01094796698014, -33.647709580793176 ], [ 19.009826225423225, -33.64677722304414 ], [ 19.010655703479397, -33.646214146722926 ], [ 19.006777500974657, -33.640534457629926 ], [ 19.007587901711304, -33.640128992893281 ], [ 19.009449896877648, -33.639186991729687 ], [ 19.010744900030861, -33.638557990608263 ], [ 19.01123489927944, -33.638301995892149 ], [ 19.013035892527594, -33.637413982829266 ], [ 19.012701898685044, -33.63745498921493 ], [ 19.012380532224295, -33.637485128192942 ], [ 19.010260811125026, -33.637634891383016 ], [ 19.008509736547715, -33.637738573313314 ], [ 19.008256291389049, -33.63766945052015 ], [ 19.008037407178968, -33.637508168800963 ], [ 19.00793372523205, -33.637392966545534 ], [ 19.007933725231752, -33.637231683028958 ], [ 19.007956766759939, -33.635286444045384 ], [ 19.008036903554512, -33.635281996898264 ], [ 19.008117902799061, -33.635267992655756 ], [ 19.00815089802796, -33.635264992517556 ], [ 19.008305897992237, -33.635247996231051 ], [ 19.008425899937397, -33.635259989590445 ], [ 19.00852189987468, -33.635268990006047 ], [ 19.008655897969799, -33.635285994387949 ], [ 19.008925897849817, -33.635308990953526 ], [ 19.009138899593687, -33.635331995612589 ], [ 19.009181900680403, -33.635319995059433 ], [ 19.009409896821726, -33.635290990125966 ], [ 19.009652901749792, -33.635257994900662 ], [ 19.009741904061727, -33.635241995961884 ], [ 19.009792900121965, -33.635227991719205 ], [ 19.009975900480114, -33.635171992735017 ], [ 19.01002989667893, -33.635157996586251 ], [ 19.010070903069195, -33.635150990867679 ], [ 19.01019190326171, -33.635128991652437 ], [ 19.010299903753282, -33.63509099439721 ], [ 19.010390900761553, -33.635052996242536 ], [ 19.010414902769305, -33.635036989209532 ], [ 19.010482904111281, -33.63500299663523 ], [ 19.010563903355678, -33.634959995551938 ], [ 19.01094790400386, -33.634703991842102 ], [ 19.01113289815898, -33.634582992558236 ], [ 19.011353895775404, -33.634435995672831 ], [ 19.011677899947593, -33.634229991570493 ], [ 19.01188589966149, -33.634033993324664 ], [ 19.012082903364025, -33.633844992703573 ], [ 19.0121679000952, -33.633792983111412 ], [ 19.012206902795715, -33.633767991851244 ], [ 19.01233490151288, -33.633699990514671 ], [ 19.012395903430946, -33.633684989823152 ], [ 19.012516903623435, -33.633654994735572 ], [ 19.012853897604376, -33.633562003039088 ], [ 19.01309589709016, -33.633456993701493 ], [ 19.013189902330943, -33.633411000573879 ], [ 19.013244895877957, -33.633383991235107 ], [ 19.013296898279638, -33.63335299070512 ], [ 19.013470897322673, -33.633247990360424 ], [ 19.01353490027854, -33.633208993958171 ], [ 19.013693898628713, -33.63311198858635 ], [ 19.013964902151709, -33.632944995275523 ], [ 19.014280903256509, -33.632763990527401 ], [ 19.014434890583981, -33.632720990343863 ], [ 19.014609902263803, -33.632664982366364 ], [ 19.014730894362518, -33.632653993550917 ], [ 19.014905898847914, -33.63264199299838 ], [ 19.015013899339333, -33.632629991546217 ], [ 19.015148903775835, -33.632611990716825 ], [ 19.015242900023392, -33.632582993876618 ], [ 19.015282901870901, -33.63256999507594 ], [ 19.015335900721357, -33.632545993070018 ], [ 19.015443902112157, -33.632491995976267 ], [ 19.01568590159787, -33.632365993764218 ], [ 19.015874901333582, -33.632263992658601 ], [ 19.016088901324832, -33.632155992175761 ], [ 19.016280902098501, -33.632068991761976 ], [ 19.016581901611094, -33.631867001333774 ], [ 19.016877897295402, -33.63166799485618 ], [ 19.017146891732821, -33.631525992805635 ], [ 19.017402910750942, -33.631412996589027 ], [ 19.017692898963606, -33.631226997006173 ], [ 19.017875898422432, -33.631232989189975 ], [ 19.018007901821274, -33.631330991911376 ], [ 19.018202902733396, -33.631181993134916 ], [ 19.018376901776339, -33.63104899239832 ], [ 19.018455897331055, -33.630989992375852 ], [ 19.018536896575387, -33.630927992215021 ], [ 19.018616890377604, -33.63086599205419 ], [ 19.018695903019456, -33.630806992930985 ], [ 19.018794903095202, -33.630730996621303 ], [ 19.018854899571082, -33.630684995399527 ], [ 19.018933905018233, -33.630624998028992 ], [ 19.019014903363288, -33.630563996115598 ], [ 19.019173900814188, -33.630441991389525 ], [ 19.019332899164372, -33.630321995748979 ], [ 19.019492902057291, -33.630198993674846 ], [ 19.019523901690317, -33.630173994320671 ], [ 19.019673890631797, -33.630155992592066 ], [ 19.019794898918249, -33.630141997343031 ], [ 19.01995490181174, -33.63028799598289 ], [ 19.020233902106835, -33.630127993102285 ], [ 19.020578900054439, -33.62999199222822 ], [ 19.020944898971862, -33.629846990039908 ], [ 19.021346902249917, -33.629661995000305 ], [ 19.021615903881827, -33.629537994679282 ], [ 19.021732897594418, -33.629525994126446 ], [ 19.021711903818858, -33.629386993112099 ], [ 19.021994901600731, -33.629226000078056 ], [ 19.022201903067163, -33.629108990186836 ], [ 19.022333811137464, -33.629033868018354 ] ] ] } },
{ "type": "Feature", "properties": { "Municipali": "Drakenstein Local Municipality", "WardNo": "3", "WardLabel": "WC023_3", "Province": "Western Cape", "CLASSIFICATION": "Manufacturing", "PopGBlack": 407.3496238, "PopGColour": 3715.2482335999998, "PopGIndian": 0.606145104, "PopGWhite": 2313.6629074000002, "PopGOther": 375.103358, "PopGTotal": 6811.9702679000002 }, "geometry": { "type": "Polygon", "coordinates": [ [ [ 18.941488891852746, -33.551318994251361 ], [ 18.941690891291866, -33.551987995426764 ], [ 18.941726893855051, -33.552570995333134 ], [ 18.941538890568246, -33.553048993094016 ], [ 18.941030897681426, -33.5534669952808 ], [ 18.940541895779933, -33.553985991333441 ], [ 18.939744896740017, -33.555017992156429 ], [ 18.939177895733089, -33.555994991343589 ], [ 18.938864895666484, -33.556909990370841 ], [ 18.938760891763543, -33.557731989607099 ], [ 18.938645892748934, -33.558803990479873 ], [ 18.938266895029404, -33.559565992343543 ], [ 18.938116897994949, -33.560333994485212 ], [ 18.938503898784312, -33.560856988029258 ], [ 18.93928789183078, -33.561370990153776 ], [ 18.939506894751975, -33.561437993244716 ], [ 18.939725897673082, -33.56150399179301 ], [ 18.940381892900117, -33.561467996431794 ], [ 18.940448895994773, -33.561463990851763 ], [ 18.940768893687483, -33.56093999007097 ], [ 18.941261893975437, -33.560621995193756 ], [ 18.942006892413985, -33.560592990263238 ], [ 18.943364891287882, -33.560569993706736 ], [ 18.945011897215117, -33.560495992101899 ], [ 18.946240894627046, -33.560479993169473 ], [ 18.946897894396788, -33.56052798909154 ], [ 18.947513897668934, -33.560735989693889 ], [ 18.948367893048584, -33.561020989351981 ], [ 18.949198893661514, -33.561526995604403 ], [ 18.949810889555039, -33.562166992746661 ], [ 18.95017789481733, -33.563191995951215 ], [ 18.950339892408287, -33.56363899318378 ], [ 18.950601896416796, -33.56400799311502 ], [ 18.950923897800585, -33.564347996205896 ], [ 18.951202898097304, -33.56457699777485 ], [ 18.951367895826671, -33.564933995353535 ], [ 18.951601891347465, -33.565422990926081 ], [ 18.952183894848673, -33.566189994824384 ], [ 18.952756896136044, -33.567170991504291 ], [ 18.952759895377937, -33.568617993483521 ], [ 18.952983894035356, -33.569781981513749 ], [ 18.953027892470782, -33.570011996617325 ], [ 18.95307589648937, -33.57152099066424 ], [ 18.952594897656951, -33.572773988190832 ], [ 18.95229689918315, -33.57391099026146 ], [ 18.952196892766842, -33.574601999644308 ], [ 18.951919896161421, -33.575256989379504 ], [ 18.951469896960713, -33.575696989883156 ], [ 18.950357895062258, -33.57650999589336 ], [ 18.949692898521398, -33.576970990169677 ], [ 18.948949895679796, -33.577487991524706 ], [ 18.948483898438806, -33.57831998852221 ], [ 18.948413894307762, -33.579191994561057 ], [ 18.948605887888775, -33.579768993292284 ], [ 18.94873389290256, -33.580195995897618 ], [ 18.94857589279982, -33.580552994373804 ], [ 18.948091893827193, -33.580929989273969 ], [ 18.947201894088455, -33.581568988160477 ], [ 18.946560892361269, -33.5823049933203 ], [ 18.945871894712806, -33.583340992529706 ], [ 18.945659905606583, -33.584148994717033 ], [ 18.945736906466678, -33.584934982401471 ], [ 18.946114899645522, -33.585396990219593 ], [ 18.946604897997343, -33.585742993588028 ], [ 18.94716789432519, -33.586089994305041 ], [ 18.947684895723189, -33.586646988518496 ], [ 18.948189888473586, -33.587534993499773 ], [ 18.949050898567027, -33.588523993248131 ], [ 18.950038901935049, -33.58906399117685 ], [ 18.950889898075427, -33.589388992679545 ], [ 18.951888895655731, -33.589627992914956 ], [ 18.953075896523185, -33.589660995342598 ], [ 18.954187899322491, -33.589781994633583 ], [ 18.955871897965189, -33.590009990768181 ], [ 18.957662900650718, -33.590240994236325 ], [ 18.9586318950461, -33.590357996939268 ], [ 18.959648895255157, -33.590144994316702 ], [ 18.960522888859085, -33.589897991923998 ], [ 18.961355898555972, -33.589800993750515 ], [ 18.962045893553899, -33.589638995276616 ], [ 18.963425884448611, -33.589219989451266 ], [ 18.964088893487883, -33.589137992867855 ], [ 18.965130893053367, -33.589206990659683 ], [ 18.965746895425379, -33.589253989233185 ], [ 18.966363896044893, -33.589300996799963 ], [ 18.967534897970761, -33.589132989958081 ], [ 18.968110899394389, -33.589138990237942 ], [ 18.968598895854445, -33.589332993791288 ], [ 18.968839897993188, -33.589600989963941 ], [ 18.969050897847243, -33.590038995774897 ], [ 18.969226898783209, -33.590746992453425 ], [ 18.96918589329356, -33.591518992981484 ], [ 18.969255897427246, -33.592154991734915 ], [ 18.969375899373727, -33.592760995400404 ], [ 18.969660899049465, -33.593740994730624 ], [ 18.970111896499489, -33.594486989565702 ], [ 18.97099889520177, -33.595124991113778 ], [ 18.971880899068573, -33.595590996420924 ], [ 18.972694894398479, -33.595955990774804 ], [ 18.973062897007384, -33.596377989553474 ], [ 18.973262899950601, -33.596794993496715 ], [ 18.973098900470518, -33.59730299443985 ], [ 18.972794899919819, -33.597696993722252 ], [ 18.972491898515976, -33.59807799510321 ], [ 18.972487900130609, -33.598469983503151 ], [ 18.972645901134154, -33.59902699390237 ], [ 18.973007894473593, -33.599910992403018 ], [ 18.973398893648863, -33.600644994778285 ], [ 18.973751895565599, -33.601418990004809 ], [ 18.973917898737476, -33.602085995584339 ], [ 18.973788895478105, -33.602614998395403 ], [ 18.973165895482722, -33.603489988381853 ], [ 18.97268889413683, -33.604330994787588 ], [ 18.972634897040024, -33.605091990311628 ], [ 18.972796895530649, -33.60583899148655 ], [ 18.972756894583842, -33.606562994297647 ], [ 18.972625896627925, -33.607049994272515 ], [ 18.972601894620272, -33.60714099127442 ], [ 18.972410899289258, -33.607728994108122 ], [ 18.971546897157374, -33.609530991769567 ], [ 18.971164898401252, -33.610695993332392 ], [ 18.971220898291225, -33.611400982677281 ], [ 18.971394897335529, -33.61184798890303 ], [ 18.971743899966604, -33.612450992431413 ], [ 18.972058895631161, -33.612989993907476 ], [ 18.972207895320214, -33.613776995128305 ], [ 18.972245901574126, -33.614923994964023 ], [ 18.972268897241779, -33.615577995446579 ], [ 18.972332900198694, -33.616081990810642 ], [ 18.972599899042184, -33.616621989634623 ], [ 18.97266490024667, -33.617105996666773 ], [ 18.972628896786947, -33.618016990115215 ], [ 18.97253689433898, -33.619430996867322 ], [ 18.972418894286186, -33.620271994281744 ], [ 18.972415894147669, -33.62030399216016 ], [ 18.972363900739925, -33.620752993081091 ], [ 18.972505894709482, -33.621419991465885 ], [ 18.972592893332251, -33.621615989713192 ], [ 18.972726907615986, -33.621917994647859 ], [ 18.972945894349149, -33.622081995916901 ], [ 18.973146896438745, -33.622230994695393 ], [ 18.973437897289365, -33.622449989508041 ], [ 18.973874897689591, -33.622951991077052 ], [ 18.974307900603044, -33.623526995113231 ], [ 18.974637896960822, -33.624309989855334 ], [ 18.975010894405674, -33.625193988356138 ], [ 18.975100893167674, -33.625738991006912 ], [ 18.97538889477979, -33.626348993059089 ], [ 18.975778896606286, -33.626813002768102 ], [ 18.976166895642532, -33.627335990016746 ], [ 18.976225894770611, -33.62746199312987 ], [ 18.976332898813808, -33.627688991008355 ], [ 18.976327895885731, -33.628143993105461 ], [ 18.976388898704275, -33.628715997001351 ], [ 18.976542900421965, -33.62907199003719 ], [ 18.976695897597008, -33.629437988930164 ], [ 18.97669389570601, -33.62947198959877 ], [ 18.976680896904611, -33.629700991166189 ], [ 18.976658897687859, -33.630089994716151 ], [ 18.976476895578042, -33.630727997157777 ], [ 18.97647790102021, -33.630761996927063 ], [ 18.976492893620055, -33.631250990699741 ], [ 18.97657189726969, -33.631664994503872 ], [ 18.976703901568204, -33.631836990745406 ], [ 18.976868899297106, -33.632054988209205 ], [ 18.977181899365373, -33.632344991692079 ], [ 18.97790889607338, -33.633095989457182 ], [ 18.977941898496994, -33.633127994530298 ], [ 18.978956895916959, -33.634104993726055 ], [ 18.979413899938585, -33.634544987040023 ], [ 18.979847901099056, -33.634918989900704 ], [ 18.979996899887457, -33.635046994905132 ], [ 18.980138901949822, -33.635170995228407 ], [ 18.980772897959078, -33.6357169934317 ], [ 18.980849898817663, -33.63576498935042 ], [ 18.981423898350563, -33.636117991243395 ], [ 18.981815893973533, -33.636358993366343 ], [ 18.982064899179395, -33.636510993182704 ], [ 18.982777899736597, -33.636947993554386 ], [ 18.983040901092398, -33.637136994177823 ], [ 18.983434900405221, -33.637417997246118 ], [ 18.983585894789343, -33.637552991781398 ], [ 18.983772899829948, -33.637987990259319 ], [ 18.983881899469608, -33.638573989405153 ], [ 18.983930899934538, -33.638761992679285 ], [ 18.984017900356179, -33.639099992079366 ], [ 18.984191899400177, -33.639389995561395 ], [ 18.984287899337929, -33.639548993901208 ], [ 18.984521894858286, -33.640007992586831 ], [ 18.984679894962419, -33.6405849922172 ], [ 18.984611895419363, -33.640849995444398 ], [ 18.984523898550137, -33.641193996918837 ], [ 18.984085899905605, -33.642236984761311 ], [ 18.983668895934738, -33.642764991122043 ], [ 18.983298899530094, -33.643005993240827 ], [ 18.982579898696528, -33.642976995497001 ], [ 18.982024899142132, -33.642735992473831 ], [ 18.981486894977092, -33.642501996968242 ], [ 18.981470896036775, -33.642549992886458 ], [ 18.981175897699874, -33.642548995536721 ], [ 18.980897894752058, -33.642505994451518 ], [ 18.980811900672389, -33.64247998965476 ], [ 18.980633896048118, -33.642424988016721 ], [ 18.98038889552371, -33.642308001505555 ], [ 18.980221895004764, -33.642235995486359 ], [ 18.980117900093706, -33.642207995993189 ], [ 18.980041895684039, -33.642188988821268 ], [ 18.979855896086292, -33.642168992394581 ], [ 18.979666896350015, -33.642175990917742 ], [ 18.979628898192153, -33.642182995736931 ], [ 18.979483895991574, -33.642210996128142 ], [ 18.979273901580612, -33.642240991215246 ], [ 18.979104898271448, -33.64223899561874 ], [ 18.979061897184646, -33.642238995618506 ], [ 18.978852900121872, -33.642202993057836 ], [ 18.978655889223976, -33.64213598996696 ], [ 18.978476894446061, -33.642038991787956 ], [ 18.978282898975166, -33.641937997021714 ], [ 18.978062898706359, -33.641929993054326 ], [ 18.977653897801574, -33.641763989893434 ], [ 18.977332894666297, -33.641729990122457 ], [ 18.977300896785572, -33.641725991736394 ], [ 18.976995899785202, -33.641687993579687 ], [ 18.976851895832056, -33.641677995815655 ], [ 18.976565897910611, -33.641614990210847 ], [ 18.976442894927487, -33.641638992216272 ], [ 18.975959901396909, -33.641621995926357 ], [ 18.975743898614802, -33.641614990206421 ], [ 18.975460900832076, -33.641627997099668 ], [ 18.975200899615061, -33.641646996175815 ], [ 18.974896900862547, -33.641758995044022 ], [ 18.974605899113154, -33.641888994742338 ], [ 18.974383896953665, -33.642099994579155 ], [ 18.974282900382828, -33.642244995869582 ], [ 18.974206896872751, -33.642354992848027 ], [ 18.97400690022609, -33.642585995405881 ], [ 18.973230895861004, -33.642983003817449 ], [ 18.972845896065291, -33.643189989979028 ], [ 18.972406893775812, -33.643557991659115 ], [ 18.972114895577775, -33.64381999564602 ], [ 18.971733894168242, -33.64408199153867 ], [ 18.971487905289433, -33.64427599508803 ], [ 18.971262901192567, -33.644430995040224 ], [ 18.971212895285916, -33.644464995708589 ], [ 18.970858896022797, -33.64469199358458 ], [ 18.970489896066713, -33.644836995772849 ], [ 18.970135898602077, -33.645029993879582 ], [ 18.969838896575702, -33.645237992678354 ], [ 18.969635907884328, -33.645481994936382 ], [ 18.969406425163577, -33.645714570408416 ], [ 18.969406425164326, -33.64610807236744 ], [ 18.969626856209441, -33.646616757696748 ], [ 18.969694680386123, -33.647142398843172 ], [ 18.969660767849575, -33.647634128353204 ], [ 18.969457294423957, -33.648108901145179 ], [ 18.969067301592641, -33.648668454824175 ], [ 18.968733792484674, -33.649047966028299 ], [ 18.968575572947238, -33.649228007603341 ], [ 18.968151668477482, -33.649719738010624 ], [ 18.967948892925797, -33.650127989749436 ], [ 18.967840899629017, -33.650371992007983 ], [ 18.967846900805601, -33.650444995374542 ], [ 18.959289896776824, -33.651949992787593 ], [ 18.959101742485018, -33.651942645291143 ], [ 18.959164897298727, -33.652093601028007 ], [ 18.958266219101546, -33.652364898605803 ], [ 18.957553600756746, -33.652609225516372 ], [ 18.957079288382449, -33.652771848120921 ], [ 18.953501535909755, -33.654331814822363 ], [ 18.946852898797687, -33.657346992497892 ], [ 18.944643895692426, -33.658323991676063 ], [ 18.943053141465608, -33.659110092666076 ], [ 18.940821894526945, -33.660190486000552 ], [ 18.937204922614374, -33.66181107690015 ], [ 18.93612452918914, -33.662327786872986 ], [ 18.935044134864235, -33.662633114795945 ], [ 18.934104662515374, -33.662750549163 ], [ 18.932906833808836, -33.662774035850987 ], [ 18.931286243669184, -33.662750549147482 ], [ 18.929524732451927, -33.662633114765519 ], [ 18.928139009275203, -33.662609628962578 ], [ 18.92715256263395, -33.662680088141556 ], [ 18.926025195814979, -33.662844496796069 ], [ 18.924827367108541, -33.663149824718332 ], [ 18.923962568172644, -33.66343218845401 ], [ 18.923966714946907, -33.66343595121748 ], [ 18.9256963802721, -33.665005283487687 ], [ 18.926729800307857, -33.66585080989433 ], [ 18.927035253265608, -33.666083712722553 ], [ 18.927739891028427, -33.666620988401789 ], [ 18.929046893845065, -33.667820996983984 ], [ 18.929513897430585, -33.668388994402385 ], [ 18.929813891503553, -33.668863992926887 ], [ 18.929983893061099, -33.669107994287764 ], [ 18.930801893975225, -33.67046498942301 ], [ 18.931212897672552, -33.671286995856718 ], [ 18.931535896405517, -33.67195699438092 ], [ 18.931640889564882, -33.672263994150128 ], [ 18.931699896787066, -33.672434985848518 ], [ 18.932052897805082, -33.673113993781143 ], [ 18.932239895651104, -33.673312991268105 ], [ 18.932982897596617, -33.674204993737114 ], [ 18.934081893503286, -33.675424989750674 ], [ 18.934290890566867, -33.67560899463998 ], [ 18.93451189627849, -33.675752991389302 ], [ 18.935049892351081, -33.676072989961789 ], [ 18.936506885007223, -33.676622994649385 ], [ 18.937419896602361, -33.67695699656737 ], [ 18.938061895679741, -33.677211994840818 ], [ 18.938223894169361, -33.677239994334329 ], [ 18.938849894306419, -33.677518994613678 ], [ 18.939487895896917, -33.677720992241539 ], [ 18.940278894662104, -33.678012999416552 ], [ 18.941622899185536, -33.678558990429288 ], [ 18.942072897488355, -33.678789994789277 ], [ 18.942924899071407, -33.67933198741342 ], [ 18.943826891273112, -33.680026994288284 ], [ 18.943992895343676, -33.68020199066838 ], [ 18.945021903304365, -33.681139993461613 ], [ 18.945518893885861, -33.681608991710618 ], [ 18.94676489478304, -33.682785994734978 ], [ 18.947272895765401, -33.683408994689998 ], [ 18.947485897510354, -33.683680988349025 ], [ 18.948331898818658, -33.68546999711139 ], [ 18.94840589953894, -33.685603994298198 ], [ 18.948566891687634, -33.685954992499582 ], [ 18.949134899039805, -33.68716999367539 ], [ 18.949351899170953, -33.687461991854093 ], [ 18.949810889796041, -33.688069991117032 ], [ 18.950458898144547, -33.688834993124665 ], [ 18.950702538894497, -33.689090905106958 ], [ 18.950875894023994, -33.689272990842774 ], [ 18.951405894223292, -33.689661986301942 ], [ 18.952233893798137, -33.690174991078301 ], [ 18.955036891968099, -33.691668991642906 ], [ 18.955854892879604, -33.69221399339844 ], [ 18.956266893923559, -33.692481989572002 ], [ 18.956893892308173, -33.693060991995033 ], [ 18.957486898116006, -33.693822992964719 ], [ 18.957816894473918, -33.694522994671026 ], [ 18.958136893068623, -33.695529996145794 ], [ 18.958379898898254, -33.696382995014908 ], [ 18.958556905275898, -33.696843989295857 ], [ 18.958844898795096, -33.697775992707761 ], [ 18.95894889370685, -33.698107991831115 ], [ 18.959073899481307, -33.698538991922845 ], [ 18.959482121575924, -33.699966823056258 ], [ 18.960056636423907, -33.701829890987639 ], [ 18.959423297820056, -33.702047633938989 ], [ 18.960120003564043, -33.704229123928997 ], [ 18.959594618686992, -33.704354758316853 ], [ 18.959754518159503, -33.704880144056247 ], [ 18.959092076592537, -33.704982936562701 ], [ 18.959995174965655, -33.708648767485137 ], [ 18.958389896686349, -33.708629992330067 ], [ 18.958307350607736, -33.70868236075183 ], [ 18.958311677246339, -33.708612889922321 ], [ 18.95657971055428, -33.708609996936651 ], [ 18.956484439077428, -33.709769167154171 ], [ 18.956482459670099, -33.7100979934688 ], [ 18.956766570815155, -33.710759532969561 ], [ 18.958532822356375, -33.710652680929329 ], [ 18.958662552269296, -33.710750960641967 ], [ 18.958941668577992, -33.710766686188883 ], [ 18.959236509533842, -33.710766686190475 ], [ 18.959629632007346, -33.710691992999898 ], [ 18.959940197610049, -33.71057405590836 ], [ 18.960098716621658, -33.710340448913591 ], [ 18.961470634301971, -33.710081972073354 ], [ 18.961771823574484, -33.711045779110172 ], [ 18.961880401430982, -33.711018002650015 ], [ 18.961971134938224, -33.710994792947083 ], [ 18.962203529664343, -33.710935344163779 ], [ 18.962846069232889, -33.710824906520529 ], [ 18.962876187535532, -33.713405101043982 ], [ 18.962764255213212, -33.716267384114545 ], [ 18.962735632489792, -33.716999302758332 ], [ 18.962735632492823, -33.718525331763054 ], [ 18.96282599008461, -33.719157830355279 ], [ 18.963197456884554, -33.720613583639249 ], [ 18.963317932773499, -33.721055328830857 ], [ 18.963307893645851, -33.723625484222083 ], [ 18.963307893649912, -33.725663535939084 ], [ 18.96336813204573, -33.726717701457972 ], [ 18.963377354594414, -33.726913679919797 ], [ 18.962724893704266, -33.726985990804856 ], [ 18.962709901105494, -33.727065992695501 ], [ 18.962518897679569, -33.72712298992716 ], [ 18.961675896514109, -33.72717599686343 ], [ 18.961080904105497, -33.727209988535613 ], [ 18.960279899483975, -33.727259996233116 ], [ 18.958950896555166, -33.727294993343484 ], [ 18.959077897024361, -33.726859995766617 ], [ 18.959136896151321, -33.726443990072291 ], [ 18.959137894398772, -33.726366995514553 ], [ 18.958137906665982, -33.726431996708087 ], [ 18.957696884498166, -33.726470992209038 ], [ 18.955949896436685, -33.726649994159246 ], [ 18.953814894051042, -33.726859995738359 ], [ 18.953643895146023, -33.726893995506714 ], [ 18.953627896205671, -33.726928993523423 ], [ 18.953579892190227, -33.727048995459761 ], [ 18.948671893023363, -33.727544995824083 ], [ 18.948504757606038, -33.727561632381729 ], [ 18.948652043185408, -33.727392527462037 ], [ 18.948915362001244, -33.727030464004642 ], [ 18.949156739156173, -33.726646457089096 ], [ 18.94932131330328, -33.726240505815859 ], [ 18.949321313302768, -33.725988158747434 ], [ 18.949145766525231, -33.725746782507656 ], [ 18.949014107566384, -33.725604151828932 ], [ 18.948970220646753, -33.725351804760287 ], [ 18.948915361997557, -33.72519820145363 ], [ 18.948663014910345, -33.72500071212928 ], [ 18.948520384221538, -33.724847109721651 ], [ 18.948465525572338, -33.724649619499068 ], [ 18.948410667822049, -33.724309499497856 ], [ 18.948454553841252, -33.72403520897165 ], [ 18.94853135505014, -33.723914520852702 ], [ 18.948728844387194, -33.723793832734401 ], [ 18.948849532515112, -33.723629257699756 ], [ 18.948915361994011, -33.723442741005449 ], [ 18.949376171944717, -33.722543066426553 ], [ 18.949606575571075, -33.722038372290875 ], [ 18.949705320239062, -33.721709223120165 ], [ 18.949771149717872, -33.721478818610741 ], [ 18.949639490758859, -33.721292301016106 ], [ 18.949507830900576, -33.721116755150405 ], [ 18.949540746089617, -33.720996067930585 ], [ 18.949891837844792, -33.720864408084061 ], [ 18.950385561187868, -33.720754691696307 ], [ 18.950637909173658, -33.720568174103732 ], [ 18.951087744697059, -33.71992084749256 ], [ 18.95129620666274, -33.719558784034774 ], [ 18.951296206662427, -33.71940518072843 ], [ 18.951142604243817, -33.719218664033022 ], [ 18.951142604243486, -33.719054088997716 ], [ 18.951373007870444, -33.718900485692622 ], [ 18.951976446711939, -33.718505507050089 ], [ 18.952536000433238, -33.718253159984677 ], [ 18.953106525883943, -33.717836237883937 ], [ 18.953446645908741, -33.717375429765497 ], [ 18.953655106075328, -33.716848790373128 ], [ 18.953775794202596, -33.716366039694769 ], [ 18.953753852541006, -33.71604786135309 ], [ 18.953677050432088, -33.715784542555291 ], [ 18.95318332708792, -33.715268875787388 ], [ 18.952930979101478, -33.715115273379027 ], [ 18.952854177891926, -33.714851954581164 ], [ 18.952843207060987, -33.714621550970612 ], [ 18.952740607897674, -33.714583931429551 ], [ 18.952514056966212, -33.714500861950093 ], [ 18.95230559589881, -33.71431434435511 ], [ 18.952261709878712, -33.714182684506468 ], [ 18.952119078290757, -33.714040053827681 ], [ 18.952130050020099, -33.713831593675152 ], [ 18.952146072342867, -33.713819076910973 ], [ 18.952481142674333, -33.713557303150623 ], [ 18.952612801632586, -33.71337078465811 ], [ 18.952667660280344, -33.712811231876586 ], [ 18.952667660279605, -33.712438196688787 ], [ 18.952722518927757, -33.712120018347463 ], [ 18.952645716819038, -33.711911557295174 ], [ 18.952419914123464, -33.711815761509477 ], [ 18.952283653333474, -33.711757954886174 ], [ 18.952086163996075, -33.711692124511337 ], [ 18.952031306246322, -33.711571436391594 ], [ 18.952108107455022, -33.711406863155354 ], [ 18.952364701140048, -33.710969704508287 ], [ 18.952404341459918, -33.710902169020109 ], [ 18.952415313189238, -33.71068273444061 ], [ 18.952305595890994, -33.710397473983264 ], [ 18.952053248803466, -33.710068323911308 ], [ 18.952053248803029, -33.709848892029761 ], [ 18.952053248802702, -33.709684316994547 ], [ 18.951875897085696, -33.709419992754093 ], [ 18.951675894142696, -33.709219997019559 ], [ 18.951404458942555, -33.708482195009218 ], [ 18.951377894765855, -33.70840999113998 ], [ 18.950906893694146, -33.707901989293951 ], [ 18.950479537623746, -33.707344045396972 ], [ 18.950114867002906, -33.706963520653261 ], [ 18.949591644994317, -33.706551284014452 ], [ 18.949480657852838, -33.70610733638329 ], [ 18.94927453951918, -33.70575852173566 ], [ 18.949226973472911, -33.705536548369835 ], [ 18.949372589910347, -33.705362269650443 ], [ 18.950482631286679, -33.704736610408915 ], [ 18.95001843088744, -33.703586203938983 ], [ 18.950044259417172, -33.702901765002586 ], [ 18.949749896001471, -33.703043990084787 ], [ 18.949216894765474, -33.703300991142008 ], [ 18.948473891923829, -33.703642997017177 ], [ 18.942741891571842, -33.706285992067322 ], [ 18.938707893204686, -33.708145991486965 ], [ 18.937790891318961, -33.708568996600071 ], [ 18.937740891706632, -33.708144995032917 ], [ 18.937437897490973, -33.705577994461599 ], [ 18.937207892259387, -33.703637992228813 ], [ 18.936971893045754, -33.701644992048401 ], [ 18.936786897987332, -33.700100992789423 ], [ 18.943030897699362, -33.692948993050209 ], [ 18.944490898584032, -33.69181699391433 ], [ 18.945834893211483, -33.690773989889031 ], [ 18.942930891273971, -33.689043989232225 ], [ 18.941977894916079, -33.687412990453609 ], [ 18.940544896170483, -33.684938990567645 ], [ 18.93986589718083, -33.683759992850035 ], [ 18.938112891754866, -33.684599993806664 ], [ 18.937926892161911, -33.687155989371377 ], [ 18.936799896772037, -33.691559992812358 ], [ 18.935510894800771, -33.697009003974571 ], [ 18.931185895578096, -33.697214991867185 ], [ 18.927635896167335, -33.691615992646611 ], [ 18.924858893792937, -33.687235990290944 ], [ 18.924873895384366, -33.686848989531143 ], [ 18.925148897280575, -33.679767990335542 ], [ 18.92518489264631, -33.67883399222913 ], [ 18.925189895574992, -33.678706992667635 ], [ 18.925233885915759, -33.678506996934438 ], [ 18.925689892585265, -33.676429996481282 ], [ 18.925592936667659, -33.676166419577818 ], [ 18.924744892097493, -33.673860993116257 ], [ 18.923039891586924, -33.675455989320774 ], [ 18.922643897577966, -33.675847994805693 ], [ 18.920601894991592, -33.677860991399221 ], [ 18.920893893192858, -33.678873993150667 ], [ 18.921510892916395, -33.679963988562371 ], [ 18.921639897076794, -33.680192989231202 ], [ 18.922344892771246, -33.681329991307429 ], [ 18.924063896638245, -33.685535993726994 ], [ 18.926247901327237, -33.703581993183548 ], [ 18.924077892825796, -33.703999994461761 ], [ 18.918242894882439, -33.695995993136606 ], [ 18.915167893144009, -33.698021989424618 ], [ 18.912824891034219, -33.695857989440398 ], [ 18.911988895566854, -33.686489996286269 ], [ 18.912095892413106, -33.685400990132926 ], [ 18.911581891151396, -33.684143993315551 ], [ 18.911441891878432, -33.683739988173571 ], [ 18.911308891130215, -33.683405994353691 ], [ 18.910404896136576, -33.682630994581331 ], [ 18.910256893796642, -33.682502980583607 ], [ 18.910632411140831, -33.682219418049073 ], [ 18.908621472023796, -33.6770077343594 ], [ 18.907690592691861, -33.674777135988087 ], [ 18.906812403746439, -33.674162404397883 ], [ 18.907816433033545, -33.673252872353096 ], [ 18.908305323419803, -33.672809994019147 ], [ 18.908990310993005, -33.672300644995154 ], [ 18.910500794428081, -33.671404893264935 ], [ 18.910328123682287, -33.671121218312024 ], [ 18.910254901774788, -33.671000926793205 ], [ 18.90976311556955, -33.670561832800956 ], [ 18.909043001372524, -33.670368631441519 ], [ 18.907869893230675, -33.670322995337699 ], [ 18.907819143584469, -33.670325431600865 ], [ 18.90358067173419, -33.670702342842972 ], [ 18.89523788260859, -33.671299510621807 ], [ 18.890003880059997, -33.671650785783925 ], [ 18.88656138202224, -33.671826423360194 ], [ 18.884927952257122, -33.671756168312619 ], [ 18.884734750886999, -33.671738604551898 ], [ 18.884155145878026, -33.672019625601251 ], [ 18.883329650014929, -33.672318209509442 ], [ 18.882117749612739, -33.672528974617514 ], [ 18.881380070755167, -33.672651920930406 ], [ 18.881158527248566, -33.67267118530664 ], [ 18.880877888386788, -33.672799995201899 ], [ 18.879847890272821, -33.673636987030775 ], [ 18.879542893271687, -33.673855989933998 ], [ 18.878272891266441, -33.674890990892514 ], [ 18.877796887265951, -33.675280993586718 ], [ 18.872563886564617, -33.678905989857817 ], [ 18.872006892312235, -33.679283991098927 ], [ 18.870946891912649, -33.680037988992389 ], [ 18.866421896034716, -33.683259995460837 ], [ 18.865557885802385, -33.683776989620519 ], [ 18.862655878557192, -33.685444988285077 ], [ 18.865612496248939, -33.688618692209303 ], [ 18.868675748361831, -33.691661658090666 ], [ 18.869533588347874, -33.692513816996687 ], [ 18.868174892496341, -33.693265990164065 ], [ 18.862937842144142, -33.696279104801313 ], [ 18.862703446425293, -33.69641264153347 ], [ 18.858924387877195, -33.698565558238158 ], [ 18.858653203588517, -33.698720050972462 ], [ 18.85867917062486, -33.703134527025249 ], [ 18.858289658928516, -33.703524039589524 ], [ 18.856731607649582, -33.706510303189361 ], [ 18.856264193973985, -33.707081587624643 ], [ 18.855433232939568, -33.71211928395865 ], [ 18.854563387916098, -33.717720239180558 ], [ 18.85169388576189, -33.716490992729966 ], [ 18.849832895121242, -33.715692988293839 ], [ 18.848961887261005, -33.715319990872459 ], [ 18.845770889140013, -33.71395199341714 ], [ 18.844295887550281, -33.712599994011647 ], [ 18.842204891677842, -33.710681990983737 ], [ 18.836644885735801, -33.705584992417414 ], [ 18.83569788965017, -33.704067995298139 ], [ 18.832198888082715, -33.699032996005648 ], [ 18.824115896915746, -33.706391989989896 ], [ 18.821989886842154, -33.708299994330702 ], [ 18.818799886964442, -33.7069899905566 ], [ 18.814319887749843, -33.706399992998996 ], [ 18.813375600424827, -33.70644271978383 ], [ 18.813229133227274, -33.706449346887183 ], [ 18.813024654357122, -33.706409335148791 ], [ 18.810610113862463, -33.70595320258937 ], [ 18.808276722799189, -33.705331546210395 ], [ 18.804481357731376, -33.706975023954222 ], [ 18.804360516717654, -33.707028552501122 ], [ 18.804349886730257, -33.707009994990663 ], [ 18.804019882275032, -33.705999992477686 ], [ 18.803989887184187, -33.705899995060435 ], [ 18.803819886525218, -33.705829991831322 ], [ 18.803639886303522, -33.705749989939619 ], [ 18.803409888268671, -33.705629988001427 ], [ 18.803199878567149, -33.705509994157438 ], [ 18.802959881868823, -33.705369994894312 ], [ 18.802709878413385, -33.705229987537152 ], [ 18.802509882663731, -33.705139988781355 ], [ 18.802359885626707, -33.705099995929046 ], [ 18.802219879159157, -33.705069992746118 ], [ 18.802039887031579, -33.705059994981788 ], [ 18.801929883748574, -33.705049989124078 ], [ 18.801749883527247, -33.70509999592543 ], [ 18.80161988291772, -33.705149994633175 ], [ 18.801359882598121, -33.705289992994047 ], [ 18.8010998813794, -33.705499994583107 ], [ 18.800899885630344, -33.70567999478898 ], [ 18.800860269591801, -33.705728750634201 ], [ 18.800857670550879, -33.705729335193531 ], [ 18.800641915080792, -33.705791295783293 ], [ 18.80058801061227, -33.705809749871392 ], [ 18.80039991109599, -33.705871763521351 ], [ 18.800141547542587, -33.705998955536259 ], [ 18.799971758224778, -33.706132611878587 ], [ 18.799809356838178, -33.706256536657108 ], [ 18.799660689898808, -33.706380465932362 ], [ 18.799302244384606, -33.706719436597581 ], [ 18.79927745187247, -33.706743677823205 ], [ 18.798978944378732, -33.70703560854983 ], [ 18.798820356117989, -33.707200952504508 ], [ 18.798658471841524, -33.707329831648124 ], [ 18.798442621942794, -33.707486658123464 ], [ 18.798404195707317, -33.707514433684679 ], [ 18.798379726051856, -33.70753129147635 ], [ 18.798271463856619, -33.707604523269936 ], [ 18.798271418890543, -33.707604551148968 ], [ 18.798055522226928, -33.707731015612602 ], [ 18.798055480858146, -33.707731035397657 ], [ 18.7979405402968, -33.707778369414285 ], [ 18.797907167352239, -33.7077737477981 ], [ 18.797907126882748, -33.70777374510007 ], [ 18.797826370454445, -33.707772670409824 ], [ 18.797826329085574, -33.707772672208485 ], [ 18.797766104181214, -33.707776091430539 ], [ 18.797766064611078, -33.707776086933883 ], [ 18.7976377394385, -33.707736120162004 ], [ 18.797637698968913, -33.707736104873526 ], [ 18.797438785103829, -33.707646286881484 ], [ 18.797438746432984, -33.707646264398498 ], [ 18.797366756596475, -33.707598949266448 ], [ 18.797366708932465, -33.707598934877353 ], [ 18.797159106716229, -33.707524532164463 ], [ 18.797159067146104, -33.707524515976701 ], [ 18.796730062615818, -33.707349769606481 ], [ 18.796521909115132, -33.707256168166516 ], [ 18.796521869545003, -33.707256156475324 ], [ 18.796435581386287, -33.707275442436114 ], [ 18.796435540017505, -33.707275450529991 ], [ 18.796219957217115, -33.707312143767609 ], [ 18.796219907754363, -33.707312149163485 ], [ 18.796004316860003, -33.707313686103596 ], [ 18.795815505979725, -33.707312800270252 ], [ 18.795815464610854, -33.707312798471591 ], [ 18.795680680506905, -33.707308240706666 ], [ 18.795680640037411, -33.707308236210089 ], [ 18.795533180887357, -33.70727958470809 ], [ 18.795533139518579, -33.707279580211491 ], [ 18.795385665080094, -33.707273401868157 ], [ 18.795385623711319, -33.707273399170212 ], [ 18.795331737229237, -33.707267295471091 ], [ 18.795331677873953, -33.707267285578574 ], [ 18.795237409130646, -33.707245737821687 ], [ 18.795237367761867, -33.707245734224486 ], [ 18.795174355858279, -33.707247477110208 ], [ 18.794589880116575, -33.706829994725226 ], [ 18.79613987974955, -33.69526999402612 ], [ 18.795649880484596, -33.69044999297472 ], [ 18.793709887065326, -33.679429990177802 ], [ 18.802149883948772, -33.673724991534321 ], [ 18.802219879088444, -33.673619991189106 ], [ 18.803189887023507, -33.672159990414634 ], [ 18.805979888198117, -33.667909989588992 ], [ 18.809099884831092, -33.663189994070187 ], [ 18.812669888760496, -33.657774991684114 ], [ 18.813869888433587, -33.655949988467682 ], [ 18.814699882706339, -33.654529981443012 ], [ 18.815499882787741, -33.653149990652118 ], [ 18.81584230867638, -33.652558958003397 ], [ 18.815950298377143, -33.65260946752749 ], [ 18.817711162085374, -33.649586002573159 ], [ 18.81778625728067, -33.649457060476443 ], [ 18.817961872406649, -33.649155524989673 ], [ 18.819054268188015, -33.647279657016824 ], [ 18.821760263680886, -33.642633206253883 ], [ 18.821858782619934, -33.642463777578101 ], [ 18.822226517231421, -33.641832605488531 ], [ 18.821899879840654, -33.641789993809326 ], [ 18.821749882803811, -33.641769989288854 ], [ 18.813979892582708, -33.640739991205272 ], [ 18.813399885573965, -33.640659990210366 ], [ 18.806089884224455, -33.639699994458105 ], [ 18.801689877910238, -33.639109989705865 ], [ 18.801169884464887, -33.639044988503834 ], [ 18.793259879674569, -33.638219989980044 ], [ 18.78753987982638, -33.637629992414134 ], [ 18.794599886700038, -33.6291999948997 ], [ 18.79621988149454, -33.626999991479224 ], [ 18.801619882729604, -33.620419995633277 ], [ 18.803539880589195, -33.617539987835038 ], [ 18.808809882109742, -33.60973999598064 ], [ 18.810409888569382, -33.607369991914787 ], [ 18.815909888122516, -33.599359989477982 ], [ 18.815989881925365, -33.599279987587828 ], [ 18.81667288739424, -33.59804399354438 ], [ 18.81824988109868, -33.595189990540455 ], [ 18.828029885039268, -33.600099992200512 ], [ 18.836309887130536, -33.604409989563678 ], [ 18.837489890368573, -33.599339993181111 ], [ 18.83830988597305, -33.59592999331003 ], [ 18.838309885960179, -33.589729991573499 ], [ 18.841559483008066, -33.588789800754469 ], [ 18.841868086291818, -33.58871652939186 ], [ 18.843466000030723, -33.588321943759226 ], [ 18.847410126461799, -33.587402938273584 ], [ 18.847409937604144, -33.587402735026842 ], [ 18.847409784719403, -33.587402573148871 ], [ 18.844817935673653, -33.584620909787027 ], [ 18.844817663179072, -33.584620618406682 ], [ 18.844321900151531, -33.575274477879987 ], [ 18.844307145872261, -33.57499632386596 ], [ 18.851339894284688, -33.57143998275086 ], [ 18.855879891761219, -33.569149995881403 ], [ 18.862299893360603, -33.575409994127213 ], [ 18.876679890319814, -33.573579988058938 ], [ 18.892779888478263, -33.571519992077313 ], [ 18.892859889475204, -33.57128000349293 ], [ 18.892969895455028, -33.5709649925642 ], [ 18.895209889199478, -33.566539995355853 ], [ 18.895639884778454, -33.565539992409278 ], [ 18.897889893363189, -33.55565999094938 ], [ 18.898329894797996, -33.553659993147804 ], [ 18.898869892760029, -33.552649991539433 ], [ 18.899719891550628, -33.551069987928052 ], [ 18.910759891591102, -33.551349994608472 ], [ 18.9127698971988, -33.549989991256886 ], [ 18.913469890864572, -33.551429995615251 ], [ 18.926969893904065, -33.548449989565782 ], [ 18.93676989330736, -33.54628998713617 ], [ 18.937909895601599, -33.546039992700557 ], [ 18.938089895821726, -33.545999991756226 ], [ 18.938020898030505, -33.545950998489367 ], [ 18.938689891159886, -33.54580299616449 ], [ 18.939028896926164, -33.546001994551681 ], [ 18.9398008957135, -33.546504992571549 ], [ 18.940329890470931, -33.546791996816644 ], [ 18.940516896412134, -33.547675994417126 ], [ 18.940599897549106, -33.548300990864739 ], [ 18.940755895762642, -33.548908989226774 ], [ 18.940887891069501, -33.549816990631705 ], [ 18.941191898816911, -33.550307994390735 ], [ 18.941488891852746, -33.551318994251361 ] ] ] } },
{ "type": "Feature", "properties": { "Municipali": "Drakenstein Local Municipality", "WardNo": "4", "WardLabel": "WC023_4", "Province": "Western Cape", "CLASSIFICATION": "Manufacturing", "PopGBlack": 151.91093126000001, "PopGColour": 535.93166825000003, "PopGIndian": 3.675950112, "PopGWhite": 6020.9594214, "PopGOther": 112.5028101, "PopGTotal": 6824.9807811000001 }, "geometry": { "type": "Polygon", "coordinates": [ [ [ 18.959077897024361, -33.726859995766617 ], [ 18.958950896555166, -33.727294993343484 ], [ 18.960279899483975, -33.727259996233116 ], [ 18.961080904105497, -33.727209988535613 ], [ 18.961675896514109, -33.72717599686343 ], [ 18.962518897679569, -33.72712298992716 ], [ 18.962709901105494, -33.727065992695501 ], [ 18.962724893704266, -33.726985990804856 ], [ 18.963377354594414, -33.726913679919797 ], [ 18.963448449607629, -33.728424444731864 ], [ 18.963498647072072, -33.72948865118137 ], [ 18.963518727139409, -33.731084957707587 ], [ 18.96618927943932, -33.731064877659222 ], [ 18.968542657017817, -33.7309895711414 ], [ 18.968776639955891, -33.735512093544372 ], [ 18.969299164090394, -33.736031595021487 ], [ 18.968967259373443, -33.736526205957823 ], [ 18.968797928711865, -33.736988613971192 ], [ 18.968791834870895, -33.738021960607789 ], [ 18.968829901413628, -33.738014709850127 ], [ 18.968905356337267, -33.737920390752898 ], [ 18.969010693935967, -33.737788716515929 ], [ 18.969453890664386, -33.737733990973069 ], [ 18.969766898826109, -33.737722995863386 ], [ 18.970125907313744, -33.737706988832173 ], [ 18.970581907691166, -33.737695992823902 ], [ 18.973882192312196, -33.737556421656947 ], [ 18.975819508407714, -33.737624397823446 ], [ 18.976131940103929, -33.737657634969366 ], [ 18.976079722764748, -33.737949326477768 ], [ 18.97596817444893, -33.738780863923623 ], [ 18.975947893838274, -33.739906481477988 ], [ 18.975958449182535, -33.740244243456551 ], [ 18.975444894888042, -33.740263990767332 ], [ 18.975079982350817, -33.740280630021971 ], [ 18.974701366846283, -33.742134543749216 ], [ 18.974371481110538, -33.744100111006723 ], [ 18.973986614417672, -33.745845756252002 ], [ 18.973381824797368, -33.747426457738776 ], [ 18.972557110451191, -33.748910941657918 ], [ 18.971814867539024, -33.750051795522566 ], [ 18.970793751135428, -33.751196549745522 ], [ 18.968615457187266, -33.75321913760839 ], [ 18.96816463061074, -33.753652565866609 ], [ 18.967969793374287, -33.753504455618334 ], [ 18.967950886923411, -33.752477205009903 ], [ 18.96201989716527, -33.752419992807766 ], [ 18.962049896755694, -33.754129992526536 ], [ 18.961955891514819, -33.754227327949792 ], [ 18.958308028788249, -33.754347918023683 ], [ 18.955639730188803, -33.754424592408526 ], [ 18.955553686646077, -33.754292995512216 ], [ 18.955379034694065, -33.754025881574854 ], [ 18.955301365638924, -33.753935267683644 ], [ 18.955276925659998, -33.753335805687215 ], [ 18.95502632955338, -33.753335805685886 ], [ 18.951943984850168, -33.752722404181384 ], [ 18.951816796421472, -33.752616412782167 ], [ 18.951667955014312, -33.752492377385316 ], [ 18.951330171427117, -33.752289707965666 ], [ 18.951207903189861, -33.752216346668327 ], [ 18.95082452666945, -33.751986321670337 ], [ 18.950441151947587, -33.751756295773056 ], [ 18.950272466098792, -33.751664284334822 ], [ 18.950272466098507, -33.751526270776218 ], [ 18.950379810984153, -33.751357584041095 ], [ 18.950594500755894, -33.751204234344762 ], [ 18.950977878174655, -33.750974208451517 ], [ 18.951214189448596, -33.750824959663817 ], [ 18.951269243250294, -33.750790189175817 ], [ 18.95142259385791, -33.75060616810071 ], [ 18.951928650502971, -33.749885420837884 ], [ 18.952112670692429, -33.749609390124341 ], [ 18.952158676414005, -33.749394699468887 ], [ 18.952147066164944, -33.74910444237883 ], [ 18.952128005931129, -33.748627947383966 ], [ 18.952020661044628, -33.748413256727659 ], [ 18.9517752998917, -33.74822923565042 ], [ 18.951606614942133, -33.748106555531756 ], [ 18.951637285423129, -33.747953205834456 ], [ 18.951775299890823, -33.747799854338993 ], [ 18.952434707144711, -33.747447148329627 ], [ 18.952710736979498, -33.747201788994879 ], [ 18.952833417105808, -33.74706377273899 ], [ 18.952910093308873, -33.746941092621647 ], [ 18.953140118321091, -33.746726402866507 ], [ 18.95322490011435, -33.746635565044983 ], [ 18.953354808991939, -33.746496376972345 ], [ 18.953446819536143, -33.746281685417863 ], [ 18.953554164421753, -33.74614367006118 ], [ 18.953722851169424, -33.745959650784805 ], [ 18.953876200877534, -33.745714289650827 ], [ 18.954029551485043, -33.745484263756438 ], [ 18.954029551484826, -33.745376918878264 ], [ 18.954014216243788, -33.745208233041744 ], [ 18.954060221066204, -33.745054881545869 ], [ 18.954167565951423, -33.744686842092534 ], [ 18.954218899256436, -33.744100985040447 ], [ 18.954206897802173, -33.743778991774732 ], [ 18.95421889925532, -33.743550995649343 ], [ 18.954265325859215, -33.743176742779688 ], [ 18.954236252573565, -33.74295868776008 ], [ 18.954178104203887, -33.742711559457149 ], [ 18.954061808364603, -33.742551652801993 ], [ 18.954047270821906, -33.742173691127881 ], [ 18.953974585809675, -33.741926561925574 ], [ 18.953785604957623, -33.741301471048608 ], [ 18.95369838240325, -33.740996193481273 ], [ 18.953712919944802, -33.740763601820319 ], [ 18.953916437437652, -33.740516472619497 ], [ 18.954047270818055, -33.740269343418184 ], [ 18.954047270817522, -33.74000767757466 ], [ 18.953930974978057, -33.73976054837221 ], [ 18.953814679138443, -33.739440735062409 ], [ 18.953741994125831, -33.739048235847079 ], [ 18.953698382397022, -33.737914349925475 ], [ 18.9536983823957, -33.737260185766416 ], [ 18.953625698282519, -33.736853149010145 ], [ 18.953407643246234, -33.736402501429204 ], [ 18.953305884049151, -33.736024539754638 ], [ 18.953262273221501, -33.735821023175099 ], [ 18.953102366555143, -33.735748336369134 ], [ 18.952753478138536, -33.735544818888599 ], [ 18.952404589722242, -33.735501208062765 ], [ 18.952084776389892, -33.735544818885018 ], [ 18.951677739604676, -33.735632040530874 ], [ 18.951227092891319, -33.735588430603748 ], [ 18.950921816201401, -33.735530281337972 ], [ 18.950747371993096, -33.735413985506433 ], [ 18.950427558660284, -33.735195930485254 ], [ 18.950107743529173, -33.735152319659463 ], [ 18.949933300220465, -33.73519593048259 ], [ 18.949787930197388, -33.735443060583101 ], [ 18.949584412704343, -33.735661115601459 ], [ 18.949308209300273, -33.735835558896063 ], [ 18.948924152892836, -33.735895090416257 ], [ 18.948795356476428, -33.735895090415568 ], [ 18.948610681579872, -33.735833532719738 ], [ 18.948364448983192, -33.735423142390708 ], [ 18.948213923145627, -33.735272616563591 ], [ 18.947892501824665, -33.734951197063559 ], [ 18.947729518577376, -33.734886003408839 ], [ 18.947379515900661, -33.734746001447334 ], [ 18.947030685040655, -33.734622886055874 ], [ 18.947010164308391, -33.73447924903634 ], [ 18.947071723806037, -33.734315093984719 ], [ 18.947482112364234, -33.733925223490331 ], [ 18.94772834585854, -33.733514834962691 ], [ 18.947851463054377, -33.732837694025207 ], [ 18.947954060418066, -33.732386265834414 ], [ 18.947913020752321, -33.732201590951121 ], [ 18.947584709725014, -33.732037434998119 ], [ 18.947441073593946, -33.731811720451972 ], [ 18.946887048903594, -33.731401331919926 ], [ 18.94627146471537, -33.731093540744581 ], [ 18.945717440025732, -33.731052501978667 ], [ 18.944978739540158, -33.731011461413004 ], [ 18.944445234682803, -33.73082678742643 ], [ 18.94389120909354, -33.730683151303381 ], [ 18.943665495430796, -33.730560035013212 ], [ 18.943665495430423, -33.730375360130147 ], [ 18.943891209092619, -33.730231723111956 ], [ 18.944219520119571, -33.730149645587794 ], [ 18.945183934266566, -33.729657178638639 ], [ 18.945778998620892, -33.729349387469924 ], [ 18.945881595985053, -33.729123673824404 ], [ 18.945840557218631, -33.72891847911 ], [ 18.945799517553048, -33.728774842989715 ], [ 18.945922634750151, -33.728672245633277 ], [ 18.94635354224236, -33.728610687940751 ], [ 18.94655873787049, -33.728426013058801 ], [ 18.946702374000779, -33.728302895871352 ], [ 18.94686652906455, -33.728261857109217 ], [ 18.947276917623551, -33.728220817449234 ], [ 18.947666788148211, -33.728077181331194 ], [ 18.947870619504901, -33.72799379529279 ], [ 18.948118215472824, -33.727892506450587 ], [ 18.948504757606038, -33.727561632381729 ], [ 18.948671893023363, -33.727544995824083 ], [ 18.953579892190227, -33.727048995459761 ], [ 18.953627896205671, -33.726928993523423 ], [ 18.953643895146023, -33.726893995506714 ], [ 18.953814894051042, -33.726859995738359 ], [ 18.955949896436685, -33.726649994159246 ], [ 18.957696884498166, -33.726470992209038 ], [ 18.958137906665982, -33.726431996708087 ], [ 18.959137894398772, -33.726366995514553 ], [ 18.959136896151321, -33.726443990072291 ], [ 18.959077897024361, -33.726859995766617 ] ] ] } },
{ "type": "Feature", "properties": { "Municipali": "Drakenstein Local Municipality", "WardNo": "5", "WardLabel": "WC023_5", "Province": "Western Cape", "CLASSIFICATION": "Manufacturing", "PopGBlack": 7439.9403826999996, "PopGColour": 3099.1643564000001, "PopGIndian": 5.960426856, "PopGWhite": 10.708563504000001, "PopGOther": 434.7866776, "PopGTotal": 10990.560407000001 }, "geometry": { "type": "Polygon", "coordinates": [ [ [ 18.987444896804963, -33.661203991622365 ], [ 18.987858900638191, -33.66121799586751 ], [ 18.98787289678819, -33.661188990932921 ], [ 18.988919898381955, -33.661254995780766 ], [ 18.989246147262854, -33.661281509595177 ], [ 18.98941009998353, -33.663683576300734 ], [ 18.989575115702046, -33.665648056280531 ], [ 18.98960138580097, -33.666022842448534 ], [ 18.989687724323204, -33.66725460158878 ], [ 18.989692984458365, -33.667329651812274 ], [ 18.989900563294448, -33.669641650515729 ], [ 18.989920864592275, -33.669867761662175 ], [ 18.989941380827528, -33.669865069991396 ], [ 18.989965117536237, -33.670331888281126 ], [ 18.989590371811147, -33.670336515291062 ], [ 18.989488588333192, -33.670304129804308 ], [ 18.989160107334872, -33.670267118203661 ], [ 18.988604928815867, -33.670197720216301 ], [ 18.98820242371519, -33.670202347226102 ], [ 18.987730521524579, -33.670239358822506 ], [ 18.987240113083754, -33.670382780001916 ], [ 18.986934764449003, -33.670549333544159 ], [ 18.986268549327416, -33.670720514096303 ], [ 18.986370332804121, -33.670132949232055 ], [ 18.986342573427763, -33.66971193791079 ], [ 18.985332531274949, -33.669760244989142 ], [ 18.985299840013454, -33.667978556712711 ], [ 18.985292547409742, -33.667581105830514 ], [ 18.985261116092818, -33.662787771480147 ], [ 18.985245399536552, -33.661161182082608 ], [ 18.985380894103763, -33.661137993963706 ], [ 18.985881898358045, -33.661166991706423 ], [ 18.987444896804963, -33.661203991622365 ] ] ] } },
{ "type": "Feature", "properties": { "Municipali": "Drakenstein Local Municipality", "WardNo": "6", "WardLabel": "WC023_6", "Province": "Western Cape", "CLASSIFICATION": "Manufacturing", "PopGBlack": 7204.8255523000007, "PopGColour": 62.128160668, "PopGIndian": 5.359686512, "PopGWhite": 3.737894808, "PopGOther": 99.554422, "PopGTotal": 7375.6057162999996 }, "geometry": { "type": "Polygon", "coordinates": [ [ [ 18.986290898381725, -33.671020994679495 ], [ 18.990338585326018, -33.671108438481532 ], [ 18.99043657816112, -33.671083011949861 ], [ 18.990400555814173, -33.671203082234818 ], [ 18.99036489769264, -33.671288990872505 ], [ 18.990316506069306, -33.671353170090818 ], [ 18.990190432800635, -33.671401197484791 ], [ 18.990268511949676, -33.673174720816625 ], [ 18.990283586386987, -33.673237958445064 ], [ 18.989869908108453, -33.673229060550582 ], [ 18.989844347575414, -33.673229779108709 ], [ 18.989754210321841, -33.674836731808782 ], [ 18.991276822011166, -33.674883648548644 ], [ 18.991919403847294, -33.674903424643837 ], [ 18.991860244643377, -33.676602858227454 ], [ 18.991857034063674, -33.676684031035386 ], [ 18.989708612895502, -33.676591355887105 ], [ 18.98956334809289, -33.676584305201494 ], [ 18.989531792680449, -33.67749109971524 ], [ 18.989530105552284, -33.677581560721315 ], [ 18.985651889562668, -33.676506740452879 ], [ 18.985191036443062, -33.676343321043866 ], [ 18.985248420385947, -33.675115299486897 ], [ 18.985374665421801, -33.673256052778584 ], [ 18.985355410031733, -33.671007159504164 ], [ 18.985580897964056, -33.67100999057115 ], [ 18.986290898381725, -33.671020994679495 ] ] ] } },
{ "type": "Feature", "properties": { "Municipali": "Drakenstein Local Municipality", "WardNo": "7", "WardLabel": "WC023_7", "Province": "Western Cape", "CLASSIFICATION": "Manufacturing", "PopGBlack": 372.97475346, "PopGColour": 8141.5278439000003, "PopGIndian": 11.97074272, "PopGWhite": 24.445040916, "PopGOther": 85.1164981, "PopGTotal": 8636.0348790999997 }, "geometry": { "type": "Polygon", "coordinates": [ [ [ 19.002589067454988, -33.656670717905875 ], [ 19.001661964393488, -33.661188534150227 ], [ 19.001475898246142, -33.661170989275504 ], [ 19.001209896752197, -33.661136996699348 ], [ 19.001127900159428, -33.661119993216886 ], [ 19.001114901357756, -33.661196994069904 ], [ 19.000974902087275, -33.66182198871762 ], [ 19.000813910838986, -33.661799989500871 ], [ 19.000555896224657, -33.661756989315165 ], [ 19.000394895083733, -33.661729995263741 ], [ 19.000091901773406, -33.661688996069344 ], [ 18.999985903172853, -33.661680993001859 ], [ 18.99988990233626, -33.661718991156505 ], [ 18.999097898132401, -33.662096991497187 ], [ 18.998501900282996, -33.662374993522512 ], [ 18.9984198964958, -33.662409991538865 ], [ 18.998009898243868, -33.662607992573825 ], [ 18.997986901678118, -33.662569995317924 ], [ 18.997918901235387, -33.662604993334355 ], [ 18.99771289621766, -33.662701989712659 ], [ 18.997344902603476, -33.662874992292949 ], [ 18.997275903912904, -33.662775991324338 ], [ 18.995268899350606, -33.66371399500062 ], [ 18.994519896233214, -33.664064985103181 ], [ 18.993554897528796, -33.664529993052341 ], [ 18.99338582407281, -33.664612006725527 ], [ 18.993711681749659, -33.665206739188882 ], [ 18.994482062653475, -33.665183393691933 ], [ 18.99466882218201, -33.667179382319119 ], [ 18.994913944118135, -33.669105335342827 ], [ 18.99493728872169, -33.669233731551692 ], [ 18.995006193882709, -33.669321839931584 ], [ 18.994817928894019, -33.669999595105644 ], [ 18.994475118100585, -33.671793885579994 ], [ 18.993145897537165, -33.671560004284061 ], [ 18.992596898260476, -33.671460995219036 ], [ 18.992447898573179, -33.671436993212147 ], [ 18.992419894581893, -33.6714319875855 ], [ 18.992212896712211, -33.671394989475345 ], [ 18.991996894829587, -33.671356992218428 ], [ 18.991779902793336, -33.671318994062112 ], [ 18.991604027763994, -33.671288867671954 ], [ 18.991885342911605, -33.669613483759782 ], [ 18.991657465480671, -33.669639881558545 ], [ 18.989941380827528, -33.669865069991396 ], [ 18.989920864592275, -33.669867761662175 ], [ 18.989900563294448, -33.669641650515729 ], [ 18.989692984458365, -33.667329651812274 ], [ 18.989687724323204, -33.66725460158878 ], [ 18.98960138580097, -33.666022842448534 ], [ 18.989575115702046, -33.665648056280531 ], [ 18.98941009998353, -33.663683576300734 ], [ 18.989246147262854, -33.661281509595177 ], [ 18.98927641394792, -33.660971729122956 ], [ 18.989925941248774, -33.660956625012616 ], [ 18.989959194583083, -33.660955852495192 ], [ 18.992005104719315, -33.659763747173272 ], [ 18.99277224716344, -33.659272374697885 ], [ 18.994469863335866, -33.658185012513663 ], [ 18.996918512395041, -33.656493511862529 ], [ 18.997495003947545, -33.656006697150275 ], [ 18.997643441558328, -33.655881349644233 ], [ 19.000012407080952, -33.654251694470439 ], [ 19.000280901495316, -33.654066992609131 ], [ 19.000817018881065, -33.653658234553795 ], [ 19.001944686968212, -33.653029962781687 ], [ 19.00204620334782, -33.653290376769405 ], [ 19.002310113919105, -33.653967363924835 ], [ 19.002315204981549, -33.653980424778958 ], [ 19.002476300552551, -33.654689245236256 ], [ 19.002605177010352, -33.655800802790566 ], [ 19.002589067454988, -33.656670717905875 ] ] ] } },
{ "type": "Feature", "properties": { "Municipali": "Drakenstein Local Municipality", "WardNo": "8", "WardLabel": "WC023_8", "Province": "Western Cape", "CLASSIFICATION": "Manufacturing", "PopGBlack": 4400.5423795999995, "PopGColour": 62.16145822, "PopGIndian": 3.266448616, "PopGWhite": 7.004343424, "PopGOther": 112.6477309, "PopGTotal": 4585.6223608 }, "geometry": { "type": "Polygon", "coordinates": [ [ [ 18.991885342911605, -33.669613483759782 ], [ 18.991604027763994, -33.671288867671954 ], [ 18.991779902793336, -33.671318994062112 ], [ 18.991996894829587, -33.671356992218428 ], [ 18.992212896712211, -33.671394989475345 ], [ 18.992419894581893, -33.6714319875855 ], [ 18.992447898573179, -33.671436993212147 ], [ 18.992596898260476, -33.671460995219036 ], [ 18.993145897537165, -33.671560004284061 ], [ 18.994475118100585, -33.671793885579994 ], [ 18.994651898747243, -33.671824992231187 ], [ 18.995663896026382, -33.672002996847958 ], [ 18.995852895762678, -33.672036988524326 ], [ 18.998984901926541, -33.672803994234442 ], [ 18.99944090140437, -33.67291399031641 ], [ 18.999626967551773, -33.672959275679119 ], [ 18.999271244290981, -33.674406890994028 ], [ 18.997052895432926, -33.673997992629914 ], [ 18.997006902302154, -33.674313992813275 ], [ 18.996958898286866, -33.674478990529678 ], [ 18.996832895165397, -33.674561992558004 ], [ 18.99667490315635, -33.674573994009918 ], [ 18.996321902140682, -33.674588995599144 ], [ 18.996211717195763, -33.674589794196557 ], [ 18.996333603219448, -33.673902795790177 ], [ 18.994261529102552, -33.673548216478437 ], [ 18.992094527040063, -33.673211594828771 ], [ 18.991978921880641, -33.673193637165575 ], [ 18.991978370596275, -33.673209471528828 ], [ 18.99185301228853, -33.673196099508665 ], [ 18.991375612541933, -33.673222508997384 ], [ 18.991351234619032, -33.6740472925351 ], [ 18.991316698851431, -33.6740879230057 ], [ 18.991276822011166, -33.674883648548644 ], [ 18.989754210321841, -33.674836731808782 ], [ 18.989844347575414, -33.673229779108709 ], [ 18.989869908108453, -33.673229060550582 ], [ 18.990283586386987, -33.673237958445064 ], [ 18.990268511949676, -33.673174720816625 ], [ 18.990190432800635, -33.671401197484791 ], [ 18.990316506069306, -33.671353170090818 ], [ 18.99036489769264, -33.671288990872505 ], [ 18.990400555814173, -33.671203082234818 ], [ 18.99043657816112, -33.671083011949861 ], [ 18.990338585326018, -33.671108438481532 ], [ 18.986290898381725, -33.671020994679495 ], [ 18.985580897964056, -33.67100999057115 ], [ 18.985355410031733, -33.671007159504164 ], [ 18.985332531274949, -33.669760244989142 ], [ 18.986342573427763, -33.66971193791079 ], [ 18.986370332804121, -33.670132949232055 ], [ 18.986268549327416, -33.670720514096303 ], [ 18.986934764449003, -33.670549333544159 ], [ 18.987240113083754, -33.670382780001916 ], [ 18.987730521524579, -33.670239358822506 ], [ 18.98820242371519, -33.670202347226102 ], [ 18.988604928815867, -33.670197720216301 ], [ 18.989160107334872, -33.670267118203661 ], [ 18.989488588333192, -33.670304129804308 ], [ 18.989590371811147, -33.670336515291062 ], [ 18.989965117536237, -33.670331888281126 ], [ 18.989941380827528, -33.669865069991396 ], [ 18.991657465480671, -33.669639881558545 ], [ 18.991885342911605, -33.669613483759782 ] ] ] } },
{ "type": "Feature", "properties": { "Municipali": "Drakenstein Local Municipality", "WardNo": "9", "WardLabel": "WC023_9", "Province": "Western Cape", "CLASSIFICATION": "Manufacturing", "PopGBlack": 11674.930449, "PopGColour": 381.64770706000002, "PopGIndian": 8.496840976, "PopGWhite": 3.832922028, "PopGOther": 64.5412984, "PopGTotal": 12133.449218 }, "geometry": { "type": "Polygon", "coordinates": [ [ [ 18.991978921880641, -33.673193637165575 ], [ 18.992094527040063, -33.673211594828771 ], [ 18.994261529102552, -33.673548216478437 ], [ 18.996333603219448, -33.673902795790177 ], [ 18.996211717195763, -33.674589794196557 ], [ 18.996321902140682, -33.674588995599144 ], [ 18.99667490315635, -33.674573994009918 ], [ 18.996832895165397, -33.674561992558004 ], [ 18.996958898286866, -33.674478990529678 ], [ 18.997006902302154, -33.674313992813275 ], [ 18.997052895432926, -33.673997992629914 ], [ 18.999271244290981, -33.674406890994028 ], [ 18.999089727815406, -33.675084558034541 ], [ 18.998020753090316, -33.677847534362272 ], [ 18.996875206483843, -33.680808428089833 ], [ 18.996131004850284, -33.682713585185361 ], [ 18.99566508585206, -33.683906335329546 ], [ 18.994116973891778, -33.687600869001209 ], [ 18.993453902800198, -33.687665994303124 ], [ 18.991635897972298, -33.687842992563539 ], [ 18.992160478857663, -33.689274367925613 ], [ 18.98846781550764, -33.690581863452124 ], [ 18.988070486903624, -33.689833649989829 ], [ 18.986848154371291, -33.690222807317625 ], [ 18.987599411186022, -33.687781602121305 ], [ 18.98760850153392, -33.687787738195688 ], [ 18.987635319319086, -33.687664918683247 ], [ 18.988433125046381, -33.685249345064896 ], [ 18.988355560312801, -33.685205022876723 ], [ 18.988444205593215, -33.684806120489277 ], [ 18.988466366688051, -33.684484782829443 ], [ 18.988710139637163, -33.684329654274244 ], [ 18.988847898697486, -33.684362993042583 ], [ 18.989782898714918, -33.684165992955862 ], [ 18.990081899034958, -33.684059992565665 ], [ 18.990406898757211, -33.683960992498498 ], [ 18.990641898818573, -33.683495992639372 ], [ 18.991184898715311, -33.682479992552778 ], [ 18.991313899277085, -33.682202993269001 ], [ 18.991441898893306, -33.681960992901409 ], [ 18.991571457934295, -33.681800231891629 ], [ 18.991553388754287, -33.681740528598766 ], [ 18.991849198279187, -33.681463209157315 ], [ 18.993499965164197, -33.679668526585466 ], [ 18.993651783326744, -33.679503474910305 ], [ 18.994391304890112, -33.678671512088407 ], [ 18.994354330159791, -33.678098382241515 ], [ 18.994504892868903, -33.678077177127825 ], [ 18.995010655436147, -33.678005941831152 ], [ 18.995089897405133, -33.677945996621197 ], [ 18.995137901420637, -33.677896995261094 ], [ 18.995190900271265, -33.67784299007306 ], [ 18.995213844676133, -33.677817040135501 ], [ 18.994539210099198, -33.676952122549082 ], [ 18.994428281414159, -33.676647069812198 ], [ 18.994368664451684, -33.676381491018127 ], [ 18.991857034063674, -33.676684031035386 ], [ 18.991860244643377, -33.676602858227454 ], [ 18.991919403847294, -33.674903424643837 ], [ 18.991276822011166, -33.674883648548644 ], [ 18.991316698851431, -33.6740879230057 ], [ 18.991351234619032, -33.6740472925351 ], [ 18.991375612541933, -33.673222508997384 ], [ 18.99185301228853, -33.673196099508665 ], [ 18.991978370596275, -33.673209471528828 ], [ 18.991978921880641, -33.673193637165575 ] ] ] } },
{ "type": "Feature", "properties": { "Municipali": "Drakenstein Local Municipality", "WardNo": "10", "WardLabel": "WC023_10", "Province": "Western Cape", "CLASSIFICATION": "Manufacturing", "PopGBlack": 2660.9245276000001, "PopGColour": 6910.3745199000005, "PopGIndian": 3.19343326, "PopGWhite": 17.000450348000001, "PopGOther": 66.2120769, "PopGTotal": 9657.705008000001 }, "geometry": { "type": "Polygon", "coordinates": [ [ [ 18.992005104719315, -33.659763747173272 ], [ 18.989959194583083, -33.660955852495192 ], [ 18.989925941248774, -33.660956625012616 ], [ 18.98927641394792, -33.660971729122956 ], [ 18.989246147262854, -33.661281509595177 ], [ 18.988919898381955, -33.661254995780766 ], [ 18.98787289678819, -33.661188990932921 ], [ 18.987858900638191, -33.66121799586751 ], [ 18.987444896804963, -33.661203991622365 ], [ 18.985881898358045, -33.661166991706423 ], [ 18.985783466653711, -33.661161294500708 ], [ 18.985380894103763, -33.661137993963706 ], [ 18.985245399536552, -33.661161182082608 ], [ 18.985484521188422, -33.65926290299938 ], [ 18.986832499812923, -33.659513807562448 ], [ 18.989240128996801, -33.659963879589014 ], [ 18.98937531053538, -33.659959489992502 ], [ 18.989492017426617, -33.658764955597817 ], [ 18.990909655732324, -33.653336044284096 ], [ 18.990958115703958, -33.653149756017548 ], [ 18.992150090711135, -33.648567622959824 ], [ 18.992451497615793, -33.647751747208389 ], [ 18.992633899025702, -33.647753995514478 ], [ 18.993331087700753, -33.648027862463863 ], [ 19.000242239631543, -33.650722777242002 ], [ 18.999017897115341, -33.651331995077364 ], [ 18.998505898649057, -33.651586985250489 ], [ 18.99931390179604, -33.652708993829883 ], [ 18.999813899709903, -33.653425991824442 ], [ 19.000280901495316, -33.654066992609131 ], [ 19.000012407080952, -33.654251694470439 ], [ 18.997643441558328, -33.655881349644233 ], [ 18.997495003947545, -33.656006697150275 ], [ 18.996918512395041, -33.656493511862529 ], [ 18.994469863335866, -33.658185012513663 ], [ 18.99277224716344, -33.659272374697885 ], [ 18.992005104719315, -33.659763747173272 ] ] ] } },
{ "type": "Feature", "properties": { "Municipali": "Drakenstein Local Municipality", "WardNo": "11", "WardLabel": "WC023_11", "Province": "Western Cape", "CLASSIFICATION": "Manufacturing", "PopGBlack": 867.78320183000005, "PopGColour": 7932.131374, "PopGIndian": 41.782843567999997, "PopGWhite": 521.68021116, "PopGOther": 62.8705199, "PopGTotal": 9426.2481504000007 }, "geometry": { "type": "Polygon", "coordinates": [ [ [ 19.004854898719714, -33.656211993526732 ], [ 19.005059897396471, -33.6564229942651 ], [ 19.006214901277943, -33.655564991575552 ], [ 19.007441903092307, -33.656585997297938 ], [ 19.007571464831642, -33.656696262275446 ], [ 19.007629898285813, -33.656745992087103 ], [ 19.007756905950419, -33.656853992571648 ], [ 19.009603900428417, -33.658360992830879 ], [ 19.016962903075836, -33.662315993596415 ], [ 19.017638901929438, -33.666249987063232 ], [ 19.017358904285782, -33.666286986969411 ], [ 19.017754898300673, -33.670006995746959 ], [ 19.010633898561089, -33.670922001933462 ], [ 19.010505907937709, -33.670938991025515 ], [ 19.010336897436019, -33.671874991022108 ], [ 19.010320067522255, -33.672022309865888 ], [ 19.007113586697962, -33.671561248119978 ], [ 19.006983527633647, -33.67154254671734 ], [ 19.008291973860111, -33.674290284944718 ], [ 19.009131561199645, -33.675620537839471 ], [ 19.010320067532341, -33.677441459945506 ], [ 19.010408047315394, -33.677574724184879 ], [ 19.010885161078573, -33.678297412189764 ], [ 19.011061519943514, -33.678564544113605 ], [ 19.01190110638273, -33.679447744918043 ], [ 19.013089611814564, -33.680505406107592 ], [ 19.01446348192232, -33.681552163018196 ], [ 19.014783286261334, -33.681936479303438 ], [ 19.001058902413728, -33.685275992943033 ], [ 18.997678861418624, -33.687315333370741 ], [ 18.996386401546999, -33.687520950759442 ], [ 18.996371747093256, -33.687559050537956 ], [ 18.996337444250212, -33.687648239902465 ], [ 18.995028917093901, -33.690170188927127 ], [ 18.994988023119074, -33.690249004611715 ], [ 18.993331041913315, -33.689379330505908 ], [ 18.994116973891778, -33.687600869001209 ], [ 18.99566508585206, -33.683906335329546 ], [ 18.996131004850284, -33.682713585185361 ], [ 18.996875206483843, -33.680808428089833 ], [ 18.998020753090316, -33.677847534362272 ], [ 18.999089727815406, -33.675084558034541 ], [ 18.999271244290981, -33.674406890994028 ], [ 18.999626967551773, -33.672959275679119 ], [ 18.99944090140437, -33.67291399031641 ], [ 18.998984901926541, -33.672803994234442 ], [ 18.995852895762678, -33.672036988524326 ], [ 18.995663896026382, -33.672002996847958 ], [ 18.994651898747243, -33.671824992231187 ], [ 18.994475118100585, -33.671793885579994 ], [ 18.994817928894019, -33.669999595105644 ], [ 18.995006193882709, -33.669321839931584 ], [ 18.99493728872169, -33.669233731551692 ], [ 18.994913944118135, -33.669105335342827 ], [ 18.99466882218201, -33.667179382319119 ], [ 18.994482062653475, -33.665183393691933 ], [ 18.993711681749659, -33.665206739188882 ], [ 18.99338582407281, -33.664612006725527 ], [ 18.993554897528796, -33.664529993052341 ], [ 18.994519896233214, -33.664064985103181 ], [ 18.995268899350606, -33.66371399500062 ], [ 18.997275903912904, -33.662775991324338 ], [ 18.997344902603476, -33.662874992292949 ], [ 18.99771289621766, -33.662701989712659 ], [ 18.997918901235387, -33.662604993334355 ], [ 18.997986901678118, -33.662569995317924 ], [ 18.998009898243868, -33.662607992573825 ], [ 18.9984198964958, -33.662409991538865 ], [ 18.998501900282996, -33.662374993522512 ], [ 18.999097898132401, -33.662096991497187 ], [ 18.99988990233626, -33.661718991156505 ], [ 18.999985903172853, -33.661680993001859 ], [ 19.000091901773406, -33.661688996069344 ], [ 19.000394895083733, -33.661729995263741 ], [ 19.000555896224657, -33.661756989315165 ], [ 19.000813910838986, -33.661799989500871 ], [ 19.000974902087275, -33.66182198871762 ], [ 19.001114901357756, -33.661196994069904 ], [ 19.001127900159428, -33.661119993216886 ], [ 19.001209896752197, -33.661136996699348 ], [ 19.001475898246142, -33.661170989275504 ], [ 19.001661964393488, -33.661188534150227 ], [ 19.002589067454988, -33.656670717905875 ], [ 19.002605177010352, -33.655800802790566 ], [ 19.002476300552551, -33.654689245236256 ], [ 19.002315204981549, -33.653980424778958 ], [ 19.002310113919105, -33.653967363924835 ], [ 19.002497900469667, -33.653979994004679 ], [ 19.002920897523754, -33.654007993499519 ], [ 19.003017902903355, -33.654117989579596 ], [ 19.004854898719714, -33.656211993526732 ] ] ] } },
{ "type": "Feature", "properties": { "Municipali": "Drakenstein Local Municipality", "WardNo": "12", "WardLabel": "WC023_12", "Province": "Western Cape", "CLASSIFICATION": "Manufacturing", "PopGBlack": 10623.745482, "PopGColour": 126.20857958000001, "PopGIndian": 1.51536276, "PopGWhite": 3.03072552, "PopGOther": 209.9322918, "PopGTotal": 10964.432442 }, "geometry": { "type": "Polygon", "coordinates": [ [ [ 18.985651889562668, -33.676506740452879 ], [ 18.989530105552284, -33.677581560721315 ], [ 18.989531792680449, -33.67749109971524 ], [ 18.98956334809289, -33.676584305201494 ], [ 18.989708612895502, -33.676591355887105 ], [ 18.991857034063674, -33.676684031035386 ], [ 18.994368664451684, -33.676381491018127 ], [ 18.994428281414159, -33.676647069812198 ], [ 18.994539210099198, -33.676952122549082 ], [ 18.995213844676133, -33.677817040135501 ], [ 18.995190900271265, -33.67784299007306 ], [ 18.995137901420637, -33.677896995261094 ], [ 18.995089897405133, -33.677945996621197 ], [ 18.995010655436147, -33.678005941831152 ], [ 18.994504892868903, -33.678077177127825 ], [ 18.994354330159791, -33.678098382241515 ], [ 18.994391304890112, -33.678671512088407 ], [ 18.993651783326744, -33.679503474910305 ], [ 18.993499965164197, -33.679668526585466 ], [ 18.991849198279187, -33.681463209157315 ], [ 18.991553388754287, -33.681740528598766 ], [ 18.991571457934295, -33.681800231891629 ], [ 18.991441898893306, -33.681960992901409 ], [ 18.991313899277085, -33.682202993269001 ], [ 18.991184898715311, -33.682479992552778 ], [ 18.990641898818573, -33.683495992639372 ], [ 18.990406898757211, -33.683960992498498 ], [ 18.990081899034958, -33.684059992565665 ], [ 18.989782898714918, -33.684165992955862 ], [ 18.988847898697486, -33.684362993042583 ], [ 18.988710139637163, -33.684329654274244 ], [ 18.988665817446162, -33.684274250640009 ], [ 18.987723965489401, -33.682357306121482 ], [ 18.987480191639385, -33.6816703068138 ], [ 18.987291821427256, -33.680950066765007 ], [ 18.987369385260919, -33.680706292933984 ], [ 18.987646400751881, -33.680196585078164 ], [ 18.987383548683624, -33.68007616225745 ], [ 18.987063680492835, -33.679908025905121 ], [ 18.98637063229604, -33.679424122291628 ], [ 18.985865129631865, -33.67900595822146 ], [ 18.985370493476921, -33.678705402992101 ], [ 18.984939025707504, -33.678656592285662 ], [ 18.985131824176289, -33.676524457094374 ], [ 18.985191036443062, -33.676343321043866 ], [ 18.985651889562668, -33.676506740452879 ] ] ] } },
{ "type": "Feature", "properties": { "Municipali": "Drakenstein Local Municipality", "WardNo": "13", "WardLabel": "WC023_13", "Province": "Western Cape", "CLASSIFICATION": "Manufacturing", "PopGBlack": 647.87007869000001, "PopGColour": 5350.1722134000001, "PopGIndian": 30.839079248000001, "PopGWhite": 20.041997692, "PopGOther": 45.5636523, "PopGTotal": 6094.4870213000004 }, "geometry": { "type": "Polygon", "coordinates": [ [ [ 18.993371059367373, -33.698983877728864 ], [ 18.993737608372353, -33.699792292708082 ], [ 18.994696659859887, -33.699485998912323 ], [ 18.994887933083202, -33.699909900655506 ], [ 18.994965897115542, -33.699878990057805 ], [ 18.995657902996296, -33.699657991560898 ], [ 18.99575790131933, -33.699422001362478 ], [ 18.995896902343297, -33.699364996036572 ], [ 18.9959686898314, -33.699344156946466 ], [ 18.99580989922346, -33.698909993039599 ], [ 18.996379899466909, -33.697399992654681 ], [ 18.996690870663141, -33.697162866613517 ], [ 18.997066824178347, -33.697505082036848 ], [ 18.997160535341447, -33.697793420873396 ], [ 18.997193259874411, -33.697779944532719 ], [ 18.997275573028745, -33.697890137564244 ], [ 18.997667518289997, -33.698414838920712 ], [ 18.998187673609664, -33.699110926778424 ], [ 18.998700177497021, -33.699952353172733 ], [ 18.99916989613466, -33.700650989708855 ], [ 18.999709887801728, -33.701176244149188 ], [ 18.999732030910824, -33.701211161227114 ], [ 18.999690445357135, -33.701227810375904 ], [ 18.999112033751743, -33.701508693829226 ], [ 18.997959826761278, -33.702068219625239 ], [ 18.998016749354509, -33.702213192138288 ], [ 18.998796323132645, -33.704198579560192 ], [ 18.996043494556012, -33.704974397696091 ], [ 18.994748905090024, -33.705428995990928 ], [ 18.993089683675809, -33.706118537671969 ], [ 18.992434899838027, -33.706421993208849 ], [ 18.991608895862225, -33.706798996201215 ], [ 18.991442899886493, -33.706874991611365 ], [ 18.991216427196722, -33.706953816288241 ], [ 18.991131629215595, -33.706971087767712 ], [ 18.990981730206222, -33.70700856251667 ], [ 18.989567058748804, -33.704197958080172 ], [ 18.98847092178811, -33.701986947841988 ], [ 18.988283548925299, -33.701827680604453 ], [ 18.988209858471429, -33.701802677652495 ], [ 18.987818394348047, -33.70166985947526 ], [ 18.98889247002964, -33.699484125593919 ], [ 18.98892889976949, -33.699409991779838 ], [ 18.989308411899597, -33.698288980554864 ], [ 18.990006567342579, -33.696742646660695 ], [ 18.992405179023425, -33.697308603527354 ], [ 18.992870170823117, -33.697414010369002 ], [ 18.992784924979716, -33.697491838597813 ], [ 18.993416757221194, -33.698919586994613 ], [ 18.993371059367373, -33.698983877728864 ] ] ] } },
{ "type": "Feature", "properties": { "Municipali": "Drakenstein Local Municipality", "WardNo": "14", "WardLabel": "WC023_14", "Province": "Western Cape", "CLASSIFICATION": "Manufacturing", "PopGBlack": 3432.3799257000001, "PopGColour": 6986.9811292000004, "PopGIndian": 46.474843495999998, "PopGWhite": 34.797762368000001, "PopGOther": 342.6826091, "PopGTotal": 10843.31627 }, "geometry": { "type": "Polygon", "coordinates": [ [ [ 19.001157096715108, -33.694827149214973 ], [ 19.004517045962842, -33.69732982669187 ], [ 19.004546505956512, -33.697307382311699 ], [ 19.004816780129847, -33.697411359230252 ], [ 19.005000440590894, -33.697595018779687 ], [ 19.003582173651942, -33.698666372133708 ], [ 19.003918884347382, -33.69899287909854 ], [ 19.004163766161106, -33.699196946064184 ], [ 19.004337222913474, -33.699370402804917 ], [ 19.004378035949614, -33.699462232579336 ], [ 19.004429052695222, -33.699941790665271 ], [ 19.004224985717816, -33.700635619422172 ], [ 19.004020918739428, -33.700809076160937 ], [ 19.003602581074414, -33.70139066682728 ], [ 19.001796586695189, -33.702074291867788 ], [ 19.001082352269552, -33.702043681639552 ], [ 19.00036849645905, -33.702313790314733 ], [ 18.999908770189123, -33.701489865627018 ], [ 18.999732030910824, -33.701211161227114 ], [ 18.999709887801728, -33.701176244149188 ], [ 18.99916989613466, -33.700650989708855 ], [ 18.998700177497021, -33.699952353172733 ], [ 18.998187673609664, -33.699110926778424 ], [ 18.997667518289997, -33.698414838920712 ], [ 18.997275573028745, -33.697890137564244 ], [ 18.997193259874411, -33.697779944532719 ], [ 18.997160535341447, -33.697793420873396 ], [ 18.997066824178347, -33.697505082036848 ], [ 18.996690870663141, -33.697162866613517 ], [ 18.996379899466909, -33.697399992654681 ], [ 18.99580989922346, -33.698909993039599 ], [ 18.9959686898314, -33.699344156946466 ], [ 18.995896902343297, -33.699364996036572 ], [ 18.99575790131933, -33.699422001362478 ], [ 18.995657902996296, -33.699657991560898 ], [ 18.994965897115542, -33.699878990057805 ], [ 18.994887933083202, -33.699909900655506 ], [ 18.994696659859887, -33.699485998912323 ], [ 18.993737608372353, -33.699792292708082 ], [ 18.993371059517298, -33.698983877728871 ], [ 18.993416757221194, -33.698919586994613 ], [ 18.992784924979716, -33.697491838597813 ], [ 18.992870170823117, -33.697414010369002 ], [ 18.992405179023425, -33.697308603527354 ], [ 18.990006567342579, -33.696742646660695 ], [ 18.991213891982955, -33.694068568318038 ], [ 18.993331041913315, -33.689379330505908 ], [ 18.994988023119074, -33.690249004611715 ], [ 18.995045584230791, -33.690278083291076 ], [ 18.997396164918079, -33.692061759081476 ], [ 19.00070119256511, -33.694491926020156 ], [ 19.001157096715108, -33.694827149214973 ] ] ] } },
{ "type": "Feature", "properties": { "Municipali": "Drakenstein Local Municipality", "WardNo": "15", "WardLabel": "WC023_15", "Province": "Western Cape", "CLASSIFICATION": "Manufacturing", "PopGBlack": 154.40063318, "PopGColour": 736.78413178999995, "PopGIndian": 33.364422708, "PopGWhite": 6113.1465856000004, "PopGOther": 123.7973422, "PopGTotal": 7161.4931155000004 }, "geometry": { "type": "Polygon", "coordinates": [ [ [ 18.951404458942569, -33.70848219500926 ], [ 18.951675894142713, -33.709219997019524 ], [ 18.951875897085678, -33.70941999275405 ], [ 18.952053248802745, -33.709684316994512 ], [ 18.952053248803075, -33.709848892029761 ], [ 18.952053248803509, -33.710068323911322 ], [ 18.952305595890987, -33.710397473983299 ], [ 18.952415313189267, -33.71068273444061 ], [ 18.952404341459935, -33.710902169020073 ], [ 18.952364701140006, -33.710969704508308 ], [ 18.952108107455008, -33.711406863155347 ], [ 18.952031306246301, -33.711571436391594 ], [ 18.95208616399605, -33.711692124511309 ], [ 18.952283653333438, -33.711757954886181 ], [ 18.952419914123425, -33.711815761509506 ], [ 18.952645716818999, -33.71191155729516 ], [ 18.952722518927775, -33.71212001834742 ], [ 18.952667660279591, -33.712438196688758 ], [ 18.95266766028033, -33.712811231876593 ], [ 18.952612801632565, -33.71337078465811 ], [ 18.952481142674333, -33.713557303150644 ], [ 18.952146072342853, -33.713819076910987 ], [ 18.952130050020124, -33.713831593675138 ], [ 18.952119078290771, -33.714040053827681 ], [ 18.952261709878744, -33.714182684506447 ], [ 18.952305595898803, -33.714314344355074 ], [ 18.952514056966198, -33.714500861950114 ], [ 18.952740607897685, -33.714583931429523 ], [ 18.95284320706098, -33.714621550970598 ], [ 18.95285417789189, -33.714851954581178 ], [ 18.952930979101506, -33.715115273379013 ], [ 18.953183327087935, -33.715268875787395 ], [ 18.95367705043207, -33.715784542555269 ], [ 18.953753852541006, -33.716047861353097 ], [ 18.953775794202588, -33.716366039694798 ], [ 18.953655106075352, -33.716848790373128 ], [ 18.95344664590872, -33.717375429765504 ], [ 18.953106525883982, -33.717836237883994 ], [ 18.952536000433234, -33.71825315998467 ], [ 18.951976446711967, -33.718505507050125 ], [ 18.951373007870487, -33.718900485692622 ], [ 18.951142604243504, -33.719054088997723 ], [ 18.951142604243834, -33.719218664033036 ], [ 18.951296206662402, -33.719405180728465 ], [ 18.951296206662711, -33.719558784034795 ], [ 18.951087744697094, -33.719920847492546 ], [ 18.950637909173619, -33.720568174103747 ], [ 18.950385561187844, -33.720754691696278 ], [ 18.949891837844831, -33.720864408084033 ], [ 18.949540746089625, -33.720996067930535 ], [ 18.949507830900561, -33.721116755150419 ], [ 18.949639490758859, -33.721292301016078 ], [ 18.9497711497179, -33.721478818610713 ], [ 18.949705320239026, -33.7217092231202 ], [ 18.949606575571053, -33.722038372290896 ], [ 18.949376171944756, -33.722543066426574 ], [ 18.948915361994032, -33.723442741005492 ], [ 18.948849532515073, -33.72362925769972 ], [ 18.948728844387229, -33.723793832734373 ], [ 18.948531355050136, -33.723914520852695 ], [ 18.948454553841273, -33.72403520897165 ], [ 18.948410667822074, -33.724309499497856 ], [ 18.948465525572331, -33.724649619499047 ], [ 18.948520384221567, -33.724847109721608 ], [ 18.94866301491032, -33.725000712129336 ], [ 18.948915361997575, -33.725198201453637 ], [ 18.948970220646711, -33.72535180476028 ], [ 18.949014107566345, -33.725604151828911 ], [ 18.949145766525255, -33.72574678250767 ], [ 18.9493213133028, -33.725988158747434 ], [ 18.949321313303312, -33.726240505815888 ], [ 18.949156739156216, -33.726646457089068 ], [ 18.948915362001266, -33.727030464004628 ], [ 18.94865204318538, -33.727392527462058 ], [ 18.948504757606017, -33.727561632381708 ], [ 18.948118215472839, -33.727892506450594 ], [ 18.94787061950489, -33.727993795292761 ], [ 18.947666788148254, -33.72807718133123 ], [ 18.94727691762354, -33.728220817449191 ], [ 18.946866529064582, -33.728261857109239 ], [ 18.946702374000779, -33.728302895871373 ], [ 18.946558737870483, -33.728426013058808 ], [ 18.946353542242324, -33.728610687940765 ], [ 18.945922634750115, -33.728672245633241 ], [ 18.945799517553052, -33.728774842989694 ], [ 18.945840557218663, -33.728918479109979 ], [ 18.945881595985025, -33.729123673824375 ], [ 18.945778998620931, -33.729349387469924 ], [ 18.945183934266613, -33.729657178638682 ], [ 18.944219520119574, -33.730149645587765 ], [ 18.943891209092659, -33.730231723111956 ], [ 18.943665495430423, -33.730375360130182 ], [ 18.943665495430803, -33.730560035013191 ], [ 18.943891209093572, -33.730683151303367 ], [ 18.944445234682842, -33.730826787426423 ], [ 18.94497873954019, -33.731011461413004 ], [ 18.945717440025717, -33.731052501978652 ], [ 18.946271464715409, -33.73109354074461 ], [ 18.946887048903601, -33.731401331919891 ], [ 18.947441073593954, -33.731811720451972 ], [ 18.947584709725, -33.732037434998105 ], [ 18.94791302075236, -33.732201590951092 ], [ 18.947954060418052, -33.732386265834393 ], [ 18.94785146305437, -33.732837694025207 ], [ 18.94772834585854, -33.733514834962655 ], [ 18.947482112364234, -33.733925223490374 ], [ 18.94707172380599, -33.734315093984726 ], [ 18.947010164308406, -33.734479249036298 ], [ 18.947030685040673, -33.734622886055867 ], [ 18.947379515900614, -33.73474600144732 ], [ 18.947729518577347, -33.73488600340886 ], [ 18.947892501824651, -33.734951197063587 ], [ 18.948213923145623, -33.735272616563627 ], [ 18.948364448983209, -33.735423142390701 ], [ 18.948610681579854, -33.735833532719745 ], [ 18.948795356476452, -33.735895090415539 ], [ 18.948924152892825, -33.735895090416236 ], [ 18.949308209300245, -33.735835558896106 ], [ 18.949584412704354, -33.735661115601467 ], [ 18.949787930197353, -33.735443060583094 ], [ 18.949933300220437, -33.735195930482583 ], [ 18.95010774352917, -33.735152319659505 ], [ 18.950427558660294, -33.735195930485254 ], [ 18.950747371993078, -33.735413985506447 ], [ 18.950921816201436, -33.735530281337937 ], [ 18.951227092891354, -33.735588430603777 ], [ 18.95167773960469, -33.735632040530909 ], [ 18.952084776389935, -33.735544818885039 ], [ 18.952404589722221, -33.735501208062729 ], [ 18.952753478138543, -33.735544818888634 ], [ 18.953102366555186, -33.735748336369113 ], [ 18.953262273221537, -33.735821023175092 ], [ 18.953305884049151, -33.736024539754638 ], [ 18.953407643246273, -33.736402501429183 ], [ 18.95362569828249, -33.73685314901018 ], [ 18.953698382395743, -33.737260185766388 ], [ 18.953698382397068, -33.737914349925475 ], [ 18.95374199412587, -33.739048235847129 ], [ 18.953814679138418, -33.739440735062431 ], [ 18.953930974978064, -33.739760548372161 ], [ 18.954047270817515, -33.740007677574688 ], [ 18.954047270818045, -33.740269343418198 ], [ 18.953916437437627, -33.740516472619468 ], [ 18.953712919944788, -33.740763601820291 ], [ 18.953698382403296, -33.740996193481251 ], [ 18.953785604957627, -33.741301471048573 ], [ 18.953974585809643, -33.741926561925553 ], [ 18.954047270821892, -33.74217369112791 ], [ 18.954061808364617, -33.742551652801986 ], [ 18.954178104203887, -33.742711559457156 ], [ 18.954236252573548, -33.742958687760094 ], [ 18.954265325859222, -33.743176742779717 ], [ 18.954218899255284, -33.743550995649343 ], [ 18.954206897802141, -33.74377899177469 ], [ 18.954218899256396, -33.744100985040461 ], [ 18.954167565951405, -33.74468684209257 ], [ 18.954060221066158, -33.74505488154589 ], [ 18.954014216243781, -33.745208233041772 ], [ 18.954029551484791, -33.745376918878222 ], [ 18.954029551485007, -33.745484263756417 ], [ 18.953876200877531, -33.745714289650856 ], [ 18.953722851169399, -33.745959650784805 ], [ 18.953554164421782, -33.74614367006118 ], [ 18.953446819536126, -33.746281685417877 ], [ 18.953354808991914, -33.746496376972409 ], [ 18.953224900114364, -33.746635565044954 ], [ 18.953140118321077, -33.746726402866514 ], [ 18.952910093308901, -33.746941092621633 ], [ 18.952833417105801, -33.747063772738983 ], [ 18.952710736979469, -33.747201788994893 ], [ 18.952434707144665, -33.747447148329591 ], [ 18.951775299890798, -33.747799854339036 ], [ 18.951637285423089, -33.747953205834406 ], [ 18.951606614942115, -33.748106555531741 ], [ 18.951775299891679, -33.748229235650392 ], [ 18.952020661044656, -33.748413256727638 ], [ 18.952128005931094, -33.74862794738393 ], [ 18.95214706616494, -33.74910444237883 ], [ 18.952158676413998, -33.749394699468887 ], [ 18.952112670692426, -33.749609390124341 ], [ 18.951928650503003, -33.74988542083792 ], [ 18.951422593857899, -33.750606168100703 ], [ 18.951269243250255, -33.75079018917581 ], [ 18.951214189448589, -33.750824959663845 ], [ 18.95097787817469, -33.750974208451524 ], [ 18.950594500755873, -33.751204234344726 ], [ 18.95037981098417, -33.751357584041088 ], [ 18.950272466098507, -33.751526270776182 ], [ 18.950272466098792, -33.751664284334851 ], [ 18.950441151947615, -33.751756295773049 ], [ 18.950824526669418, -33.751986321670316 ], [ 18.951207903189854, -33.752216346668327 ], [ 18.951330171427131, -33.752289707965652 ], [ 18.951667955014354, -33.752492377385344 ], [ 18.951816796421507, -33.752616412782203 ], [ 18.951943984850136, -33.75272240418137 ], [ 18.955026329553348, -33.753335805685857 ], [ 18.955276925659977, -33.753335805687186 ], [ 18.955301365638899, -33.753935267683602 ], [ 18.95537903469404, -33.754025881574847 ], [ 18.955553686646063, -33.754292995512245 ], [ 18.955639730188764, -33.754424592408562 ], [ 18.958308028788252, -33.754347918023669 ], [ 18.961955891514844, -33.754227327949806 ], [ 18.962049896755676, -33.754129992526522 ], [ 18.962019897165224, -33.752419992807731 ], [ 18.967950886923404, -33.752477205009882 ], [ 18.967969793374245, -33.753504455618291 ], [ 18.96816463061074, -33.753652565866588 ], [ 18.968615457187219, -33.753219137608376 ], [ 18.9707937511354, -33.751196549745544 ], [ 18.971066465170431, -33.751482249072865 ], [ 18.974759893856621, -33.755501995610992 ], [ 18.97756389836853, -33.758824988791105 ], [ 18.9781668938457, -33.759560993957649 ], [ 18.97882397005808, -33.760336728474478 ], [ 18.982627678103096, -33.757516292676861 ], [ 18.983688576025283, -33.75912057799372 ], [ 18.983895580191241, -33.759663964563458 ], [ 18.983869705796554, -33.760543733550485 ], [ 18.98319694002744, -33.768125273811286 ], [ 18.982938185275792, -33.770557576621172 ], [ 18.982860558491833, -33.771903107194056 ], [ 18.982912308185334, -33.772524119644835 ], [ 18.983041687363492, -33.77317101008785 ], [ 18.983403945103291, -33.77394727610249 ], [ 18.985137608811783, -33.776638334560126 ], [ 18.984720863845233, -33.77684429999119 ], [ 18.984478683595331, -33.776857046081254 ], [ 18.983038349986415, -33.776793314717537 ], [ 18.982808916728171, -33.776857046072536 ], [ 18.982630467839378, -33.777060988030208 ], [ 18.982503004218817, -33.777188449842562 ], [ 18.982401034581482, -33.777303167362376 ], [ 18.982273570960775, -33.777328659544445 ], [ 18.977595673252939, -33.776563880547712 ], [ 18.976486744337883, -33.776296208126404 ], [ 18.973848257368438, -33.775888325994025 ], [ 18.973504106581363, -33.775862833809455 ], [ 18.973070732249244, -33.775964804336844 ], [ 18.973440376121218, -33.776512896160398 ], [ 18.973513204125382, -33.776629422217688 ], [ 18.973759032926068, -33.77702274791087 ], [ 18.974026705361563, -33.777456123112863 ], [ 18.974154168983276, -33.77790224350619 ], [ 18.974166915076594, -33.77839935006304 ], [ 18.974064944540707, -33.778909202710686 ], [ 18.973797272106633, -33.779202368206782 ], [ 18.973555091857126, -33.779470040620936 ], [ 18.97346586741256, -33.779521025885288 ], [ 18.973366533687955, -33.779449313045426 ], [ 18.969442928006067, -33.776616710279093 ], [ 18.968469311993971, -33.775913819047716 ], [ 18.966761305947319, -33.7748813667517 ], [ 18.965494898534658, -33.774296001621842 ], [ 18.965229894388301, -33.774153991474591 ], [ 18.965164655763854, -33.774249164028561 ], [ 18.964488894339155, -33.775234994557749 ], [ 18.964064177782053, -33.775945657722872 ], [ 18.962314622154441, -33.775064762775273 ], [ 18.962023678860383, -33.774918274004094 ], [ 18.96179537065462, -33.775317812211455 ], [ 18.960710909598767, -33.776687657749207 ], [ 18.959654986731131, -33.777900541912231 ], [ 18.958014895696412, -33.779488992851611 ], [ 18.957982898715045, -33.779525993658446 ], [ 18.956593906507457, -33.780906989888607 ], [ 18.954638895352591, -33.782851995038264 ], [ 18.95444789192679, -33.783039990217304 ], [ 18.954388934167913, -33.783108196599713 ], [ 18.949666528098028, -33.779727002883469 ], [ 18.945471375696382, -33.776530695393717 ], [ 18.945400029772944, -33.775417697125796 ], [ 18.94530014386304, -33.774704234368365 ], [ 18.945114644287546, -33.774418850703498 ], [ 18.943730529097202, -33.773049005152529 ], [ 18.940827534395101, -33.768743127617704 ], [ 18.939591891892974, -33.769083995847929 ], [ 18.938672895310631, -33.769337995865378 ], [ 18.937646894685365, -33.769621001716189 ], [ 18.937575894099432, -33.767490993420104 ], [ 18.937426895301648, -33.762950989995595 ], [ 18.936855895906302, -33.762629994074871 ], [ 18.936039897784664, -33.762173994625137 ], [ 18.931809893052524, -33.759701989420449 ], [ 18.927518894492138, -33.755801989407594 ], [ 18.925143894517117, -33.760389990535373 ], [ 18.924174891131454, -33.76226099497557 ], [ 18.91999789333866, -33.758401992357314 ], [ 18.917930891391478, -33.758071996013364 ], [ 18.916376893352243, -33.756508989575401 ], [ 18.914635890272113, -33.754757995150896 ], [ 18.91391489383922, -33.754031989545418 ], [ 18.913044891422508, -33.753003994293628 ], [ 18.907929898858931, -33.74695499589567 ], [ 18.905691889891958, -33.737556991457737 ], [ 18.907205903157443, -33.732433995330695 ], [ 18.908881889730505, -33.726762982925912 ], [ 18.912315892742679, -33.714620994068831 ], [ 18.912814893305228, -33.712824989487522 ], [ 18.912086891137815, -33.704769991234365 ], [ 18.910784891222068, -33.690393993755713 ], [ 18.91058489456984, -33.688192993875774 ], [ 18.910128895983153, -33.684967995334553 ], [ 18.911988895566825, -33.686489996286305 ], [ 18.912824891034237, -33.695857989440448 ], [ 18.915167893144041, -33.698021989424618 ], [ 18.918242894882464, -33.695995993136577 ], [ 18.924077892825768, -33.70399999446181 ], [ 18.926247901327244, -33.703581993183505 ], [ 18.924063896638195, -33.685535993726994 ], [ 18.922344892771228, -33.681329991307429 ], [ 18.921639897076787, -33.680192989231166 ], [ 18.921510892916395, -33.679963988562349 ], [ 18.920893893192829, -33.678873993150674 ], [ 18.920601894991616, -33.677860991399236 ], [ 18.922643897577949, -33.675847994805679 ], [ 18.923039891586964, -33.675455989320724 ], [ 18.924744892097539, -33.6738609931162 ], [ 18.925689892585275, -33.676429996481275 ], [ 18.925233885915738, -33.678506996934402 ], [ 18.925189895574956, -33.678706992667614 ], [ 18.925184892646275, -33.678833992229094 ], [ 18.925148897280554, -33.679767990335542 ], [ 18.924873895384337, -33.686848989531114 ], [ 18.924858893792926, -33.687235990290958 ], [ 18.927635896167374, -33.691615992646611 ], [ 18.931185895578057, -33.697214991867163 ], [ 18.935510894800743, -33.697009003974571 ], [ 18.936799896772005, -33.691559992812344 ], [ 18.937926892161919, -33.687155989371377 ], [ 18.938112891754873, -33.68459999380665 ], [ 18.939865897180869, -33.683759992850021 ], [ 18.940544896170483, -33.684938990567645 ], [ 18.941977894916061, -33.687412990453574 ], [ 18.942930891273981, -33.689043989232211 ], [ 18.945834893211462, -33.690773989889045 ], [ 18.944490898584036, -33.691816993914372 ], [ 18.943030897699352, -33.692948993050187 ], [ 18.936786897987325, -33.700100992789402 ], [ 18.936971893045776, -33.701644992048394 ], [ 18.937207892259401, -33.703637992228806 ], [ 18.937437897491005, -33.705577994461606 ], [ 18.937740891706635, -33.70814499503291 ], [ 18.937790891318986, -33.70856899660005 ], [ 18.938707893204715, -33.70814599148698 ], [ 18.942741891571814, -33.706285992067336 ], [ 18.948473891923811, -33.703642997017205 ], [ 18.949216894765478, -33.70330099114198 ], [ 18.949749896001514, -33.703043990084801 ], [ 18.950044259417137, -33.702901765002622 ], [ 18.950018430887447, -33.703586203938976 ], [ 18.950482631286651, -33.704736610408894 ], [ 18.949372589910368, -33.705362269650401 ], [ 18.949226973472879, -33.705536548369821 ], [ 18.949274539519166, -33.705758521735682 ], [ 18.949480657852817, -33.70610733638329 ], [ 18.949591644994275, -33.706551284014466 ], [ 18.950114867002931, -33.706963520653204 ], [ 18.950479537623792, -33.707344045396994 ], [ 18.950906893694135, -33.70790198929398 ], [ 18.951377894765844, -33.708409991139945 ], [ 18.951404458942569, -33.70848219500926 ] ] ] } },
{ "type": "Feature", "properties": { "Municipali": "Drakenstein Local Municipality", "WardNo": "16", "WardLabel": "WC023_16", "Province": "Western Cape", "CLASSIFICATION": "Manufacturing", "PopGBlack": 12505.289223, "PopGColour": 702.97984869000004, "PopGIndian": 17.224000288, "PopGWhite": 13.683791736, "PopGOther": 164.8944972, "PopGTotal": 13404.071361 }, "geometry": { "type": "Polygon", "coordinates": [ [ [ 18.987635319319086, -33.687664918683247 ], [ 18.98760850153392, -33.687787738195688 ], [ 18.987599411164965, -33.687781602172031 ], [ 18.986848154371291, -33.690222807317625 ], [ 18.988070486903624, -33.689833649989829 ], [ 18.98846781550764, -33.690581863452124 ], [ 18.992160478857663, -33.689274367925613 ], [ 18.991635897972298, -33.687842992563539 ], [ 18.993453902800198, -33.687665994303124 ], [ 18.994116973891778, -33.687600869001209 ], [ 18.993331041913315, -33.689379330505908 ], [ 18.991213891982955, -33.694068568318038 ], [ 18.989308411899597, -33.698288980554864 ], [ 18.98892889976949, -33.699409991779838 ], [ 18.98889247002964, -33.699484125593919 ], [ 18.988068622630642, -33.701160648944395 ], [ 18.983721054925361, -33.698931917548066 ], [ 18.981806089682031, -33.698413631047529 ], [ 18.982514195223192, -33.695923964983265 ], [ 18.982529898285737, -33.695499993094067 ], [ 18.983166912414795, -33.69335825404503 ], [ 18.983649898746581, -33.691299992765558 ], [ 18.984059897892536, -33.688239992845233 ], [ 18.984456943203639, -33.685549264449925 ], [ 18.98454758767598, -33.684559470605329 ], [ 18.984447315058837, -33.684365193660369 ], [ 18.984497097932032, -33.683543783479749 ], [ 18.984939025707504, -33.678656592285662 ], [ 18.985370493476921, -33.678705402992101 ], [ 18.985865129631865, -33.67900595822146 ], [ 18.98637063229604, -33.679424122291628 ], [ 18.987063680492835, -33.679908025905121 ], [ 18.987383548683624, -33.68007616225745 ], [ 18.987646400751881, -33.680196585078164 ], [ 18.987369385260919, -33.680706292933984 ], [ 18.987291821427256, -33.680950066765007 ], [ 18.987480191639385, -33.6816703068138 ], [ 18.987723965489401, -33.682357306121482 ], [ 18.988665817446162, -33.684274250640009 ], [ 18.988710139637163, -33.684329654274244 ], [ 18.988466366688051, -33.684484782829443 ], [ 18.988444205593215, -33.684806120489277 ], [ 18.988355560312801, -33.685205022876723 ], [ 18.988433125046381, -33.685249345064896 ], [ 18.987635319319086, -33.687664918683247 ] ] ] } },
{ "type": "Feature", "properties": { "Municipali": "Drakenstein Local Municipality", "WardNo": "17", "WardLabel": "WC023_17", "Province": "Western Cape", "CLASSIFICATION": "Manufacturing", "PopGBlack": 60.338203835999998, "PopGColour": 1024.0043703, "PopGIndian": 10.530255528, "PopGWhite": 4374.3804246, "PopGOther": 45.2907167, "PopGTotal": 5514.543971000001 }, "geometry": { "type": "Polygon", "coordinates": [ [ [ 18.96748289568686, -33.651819991333468 ], [ 18.967007898029909, -33.652325989484723 ], [ 18.966956892976601, -33.652436991905432 ], [ 18.966818897395033, -33.652745993564132 ], [ 18.966769896031252, -33.652851993056295 ], [ 18.966701902783921, -33.653353003569663 ], [ 18.96677389441955, -33.653957994598251 ], [ 18.966905896920323, -33.654573988832425 ], [ 18.967031900042915, -33.655029995473008 ], [ 18.966890896229245, -33.65547699450255 ], [ 18.966598897132219, -33.655971988550228 ], [ 18.966193893715356, -33.65649399373509 ], [ 18.965725893684493, -33.657371992853911 ], [ 18.965462901323669, -33.658238995063854 ], [ 18.965457896597098, -33.658760992157013 ], [ 18.96545589470653, -33.659022996145481 ], [ 18.96559489573233, -33.659769996420984 ], [ 18.965947896750443, -33.660854996996449 ], [ 18.966504899996067, -33.66167399429925 ], [ 18.96702589888082, -33.6624599909794 ], [ 18.967610886331645, -33.66288799003587 ], [ 18.968310895282222, -33.663399988470282 ], [ 18.969098893908576, -33.66411499177002 ], [ 18.969388897411513, -33.66454998934924 ], [ 18.969541895485637, -33.664779987366245 ], [ 18.969844896891786, -33.665611984367942 ], [ 18.970428894189595, -33.666351995114809 ], [ 18.971003898265547, -33.666726996223709 ], [ 18.971562895306654, -33.666822996157308 ], [ 18.972331895751989, -33.666824990857755 ], [ 18.973306899416663, -33.666811002807819 ], [ 18.97433189459888, -33.666788995503531 ], [ 18.975601889405581, -33.666592990068807 ], [ 18.976314898055804, -33.666481995745528 ], [ 18.97699788643494, -33.666540995772152 ], [ 18.977977885833983, -33.666657989481749 ], [ 18.979643898931478, -33.666754994863304 ], [ 18.981160896153362, -33.66669599574778 ], [ 18.981672887426221, -33.666811002852533 ], [ 18.982173897976054, -33.66696499017204 ], [ 18.982244899456838, -33.66701199593718 ], [ 18.982536896756226, -33.667205991395441 ], [ 18.982952896186145, -33.667629993863905 ], [ 18.98329388855473, -33.668130997184939 ], [ 18.983422899009948, -33.668351993887519 ], [ 18.983664899396299, -33.668763994902299 ], [ 18.984016894072084, -33.669484991281834 ], [ 18.984087895553053, -33.669628995224997 ], [ 18.984443896709298, -33.670653989436218 ], [ 18.984574218376448, -33.671015292968683 ], [ 18.985355410031733, -33.671007159504164 ], [ 18.985374665421801, -33.673256052778584 ], [ 18.985248420385947, -33.675115299486897 ], [ 18.985191036443062, -33.676343321043866 ], [ 18.985131824176289, -33.676524457094374 ], [ 18.984939025707504, -33.678656592285662 ], [ 18.984497097932032, -33.683543783479749 ], [ 18.984447315058837, -33.684365193660369 ], [ 18.98454758767598, -33.684559470605329 ], [ 18.984456943203639, -33.685549264449925 ], [ 18.984059897892536, -33.688239992845233 ], [ 18.983649898746581, -33.691299992765558 ], [ 18.983166912414795, -33.69335825404503 ], [ 18.982529898285737, -33.695499993094067 ], [ 18.982514195223192, -33.695923964983265 ], [ 18.981599755513368, -33.699139080866935 ], [ 18.981321088869009, -33.700674826145594 ], [ 18.980821154813967, -33.703773303559288 ], [ 18.980081858086681, -33.707684715042134 ], [ 18.979123470309048, -33.713530116787609 ], [ 18.976778520279865, -33.71396436791543 ], [ 18.976491598754897, -33.714044705251659 ], [ 18.975343915353221, -33.714469348029134 ], [ 18.973359843502575, -33.715226676107669 ], [ 18.971705760813389, -33.715858045141964 ], [ 18.971625423469131, -33.715536693092382 ], [ 18.971602469170932, -33.715215341942582 ], [ 18.971613945419598, -33.714790699159067 ], [ 18.971671330263302, -33.714320148683377 ], [ 18.971843483896695, -33.71375778462177 ], [ 18.972073019677012, -33.713310187543513 ], [ 18.972394370849091, -33.712862592264415 ], [ 18.97251614715648, -33.712651821754179 ], [ 18.972692768622672, -33.712346134996736 ], [ 18.972908326239303, -33.711840401244743 ], [ 18.972991165496598, -33.711646047858245 ], [ 18.973082980887561, -33.711278789915674 ], [ 18.973140364831977, -33.71085414713253 ], [ 18.973209225924304, -33.70993599957734 ], [ 18.973450238851338, -33.708444011712032 ], [ 18.973576483889811, -33.707984939283847 ], [ 18.973734004653949, -33.707774912513187 ], [ 18.973851927366198, -33.707617680443079 ], [ 18.974230663383256, -33.707411098076925 ], [ 18.974262735008413, -33.707384372923869 ], [ 18.972373533544413, -33.707065520080604 ], [ 18.971286279191496, -33.70697574705013 ], [ 18.970825769612944, -33.706965056806432 ], [ 18.970115893301593, -33.707135990944174 ], [ 18.969490890514496, -33.707256991124986 ], [ 18.968350896316121, -33.707485991787003 ], [ 18.967758887858551, -33.707599992544452 ], [ 18.963429899250528, -33.708319990651582 ], [ 18.962222893863412, -33.70856799039084 ], [ 18.96209412532631, -33.70866780434541 ], [ 18.960101386705688, -33.708650973522651 ], [ 18.960099896528966, -33.708649992362261 ], [ 18.959995174965655, -33.708648767485137 ], [ 18.959092076592537, -33.704982936562701 ], [ 18.959754518159503, -33.704880144056247 ], [ 18.959594618686992, -33.704354758316853 ], [ 18.960120003564043, -33.704229123928997 ], [ 18.959423297820056, -33.702047633938989 ], [ 18.960056636337484, -33.701829891014285 ], [ 18.959482121575924, -33.699966823056258 ], [ 18.959073899481307, -33.698538991922845 ], [ 18.95894889370685, -33.698107991831115 ], [ 18.958844898795096, -33.697775992707761 ], [ 18.958556905275898, -33.696843989295857 ], [ 18.958379898898254, -33.696382995014908 ], [ 18.958136893068623, -33.695529996145794 ], [ 18.957816894473918, -33.694522994671026 ], [ 18.957486898116006, -33.693822992964719 ], [ 18.956893892308173, -33.693060991995033 ], [ 18.956266893923559, -33.692481989572002 ], [ 18.955854892879604, -33.69221399339844 ], [ 18.955036891968099, -33.691668991642906 ], [ 18.952233893798137, -33.690174991078301 ], [ 18.951405894223292, -33.689661986301942 ], [ 18.950875894023994, -33.689272990842774 ], [ 18.950458898144547, -33.688834993124665 ], [ 18.949810889796041, -33.688069991117032 ], [ 18.949351899170953, -33.687461991854093 ], [ 18.949134899039805, -33.68716999367539 ], [ 18.948566891687634, -33.685954992499582 ], [ 18.94840589953894, -33.685603994298198 ], [ 18.948331898818658, -33.68546999711139 ], [ 18.947485897510354, -33.683680988349025 ], [ 18.947272895765401, -33.683408994689998 ], [ 18.94676489478304, -33.682785994734978 ], [ 18.945518893885861, -33.681608991710618 ], [ 18.945021903304365, -33.681139993461613 ], [ 18.943992895343676, -33.68020199066838 ], [ 18.943826891273112, -33.680026994288284 ], [ 18.942924899071407, -33.67933198741342 ], [ 18.942072897488355, -33.678789994789277 ], [ 18.941622899185536, -33.678558990429288 ], [ 18.940278894662104, -33.678012999416552 ], [ 18.939487895896917, -33.677720992241539 ], [ 18.938849894306419, -33.677518994613678 ], [ 18.938223894169361, -33.677239994334329 ], [ 18.938061895679741, -33.677211994840818 ], [ 18.937419896602361, -33.67695699656737 ], [ 18.936506885007223, -33.676622994649385 ], [ 18.935049892351081, -33.676072989961789 ], [ 18.93451189627849, -33.675752991389302 ], [ 18.934290890566867, -33.67560899463998 ], [ 18.934081893503286, -33.675424989750674 ], [ 18.932982897596617, -33.674204993737114 ], [ 18.932239895651104, -33.673312991268105 ], [ 18.932052897805082, -33.673113993781143 ], [ 18.931699896787066, -33.672434985848518 ], [ 18.931640889564882, -33.672263994150128 ], [ 18.931535896405517, -33.67195699438092 ], [ 18.931212897672552, -33.671286995856718 ], [ 18.930801893975225, -33.67046498942301 ], [ 18.929983893061099, -33.669107994287764 ], [ 18.929813891503553, -33.668863992926887 ], [ 18.929513897430585, -33.668388994402385 ], [ 18.929046893845065, -33.667820996983984 ], [ 18.927739891028427, -33.666620988401789 ], [ 18.926729800307857, -33.66585080989433 ], [ 18.9256963802721, -33.665005283487687 ], [ 18.923962568172644, -33.66343218845401 ], [ 18.924827367108541, -33.663149824718332 ], [ 18.926025195814979, -33.662844496796069 ], [ 18.92715256263395, -33.662680088141556 ], [ 18.928139009275203, -33.662609628962578 ], [ 18.929524732451927, -33.662633114765519 ], [ 18.931286243669184, -33.662750549147482 ], [ 18.932906833808836, -33.662774035850987 ], [ 18.934104662515374, -33.662750549163 ], [ 18.935044134864235, -33.662633114795945 ], [ 18.93612452918914, -33.662327786872986 ], [ 18.937204922614374, -33.66181107690015 ], [ 18.940821894526945, -33.660190486000552 ], [ 18.943053141465608, -33.659110092666076 ], [ 18.944643895692426, -33.658323991676063 ], [ 18.946852898797687, -33.657346992497892 ], [ 18.953501535909755, -33.654331814822363 ], [ 18.957079288382449, -33.652771848120921 ], [ 18.957553600756746, -33.652609225516372 ], [ 18.958266219101546, -33.652364898605803 ], [ 18.959164897298727, -33.652093601028007 ], [ 18.959101742403131, -33.651942645325427 ], [ 18.959289896776824, -33.651949992787593 ], [ 18.967846900805601, -33.650444995374542 ], [ 18.967890899241596, -33.650936990185031 ], [ 18.96775089997066, -33.651424994702616 ], [ 18.96748289568686, -33.651819991333468 ] ] ] } },
{ "type": "Feature", "properties": { "Municipali": "Drakenstein Local Municipality", "WardNo": "18", "WardLabel": "WC023_18", "Province": "Western Cape", "CLASSIFICATION": "Manufacturing", "PopGBlack": 117.93886242000001, "PopGColour": 2729.7992525999998, "PopGIndian": 87.471634912, "PopGWhite": 2518.4964521000002, "PopGOther": 68.2822438, "PopGTotal": 5521.9884459000004 }, "geometry": { "type": "Polygon", "coordinates": [ [ [ 18.96074332416898, -33.461276209907382 ], [ 18.963666234363831, -33.469721411418213 ], [ 18.96512768946106, -33.473971902398617 ], [ 18.966142900024373, -33.476816720641395 ], [ 18.96890962313913, -33.479817724153619 ], [ 18.972780806439424, -33.484112839507361 ], [ 18.977566793682801, -33.489434321440619 ], [ 18.979307152844218, -33.491676706330871 ], [ 18.979753397376676, -33.492468792320189 ], [ 18.980322360708541, -33.494365337514886 ], [ 18.980445078607772, -33.495045862602481 ], [ 18.980590109588341, -33.495916043018745 ], [ 18.980690513513196, -33.499954566483005 ], [ 18.98065189752305, -33.501160989022551 ], [ 18.98071489505109, -33.509193995250264 ], [ 18.980715900494491, -33.509982992065893 ], [ 18.980696901422974, -33.514195992100476 ], [ 18.980671893973984, -33.514735997218111 ], [ 18.980537895879568, -33.515231982319555 ], [ 18.975906886149968, -33.527783983782143 ], [ 18.974460897609855, -33.531862993817221 ], [ 18.97435389356778, -33.532268993654164 ], [ 18.974327895964766, -33.532584993837631 ], [ 18.974207019003369, -33.546228786679229 ], [ 18.974312895309495, -33.553578994334174 ], [ 18.974288901397095, -33.554434985246246 ], [ 18.974136571534945, -33.562808955037873 ], [ 18.974103881181751, -33.565832813005777 ], [ 18.974282900242748, -33.566643991600678 ], [ 18.974474901019221, -33.567837990906689 ], [ 18.974717898754875, -33.568782991320525 ], [ 18.975172425145523, -33.569952432840914 ], [ 18.976354273800837, -33.572993181882033 ], [ 18.976874319403869, -33.573757954561856 ], [ 18.977883819267952, -33.574828637034614 ], [ 18.982288912118598, -33.579631411592274 ], [ 18.986527946938242, -33.583983404570247 ], [ 18.990226224767103, -33.588130215421344 ], [ 18.991468252457011, -33.589563323780972 ], [ 18.991892898868119, -33.589587992186949 ], [ 18.999755325845616, -33.590027697757478 ], [ 18.998314339336105, -33.593685241414619 ], [ 18.997876570019265, -33.594929425585441 ], [ 18.997761367757061, -33.595447837080904 ], [ 18.997761367757747, -33.595828002993244 ], [ 18.997792897991548, -33.596144990632581 ], [ 18.997853530289163, -33.596645939093492 ], [ 18.998187615864708, -33.597682758490073 ], [ 18.999293558134319, -33.600205687788623 ], [ 18.999442717901616, -33.60056367102414 ], [ 18.999599494027265, -33.600597965771883 ], [ 19.000558678629393, -33.60857026956468 ], [ 19.003802360844187, -33.625976503911467 ], [ 19.004835997616208, -33.628671957352289 ], [ 19.005783975754071, -33.63046511918435 ], [ 19.007542872637949, -33.631744316671963 ], [ 19.00790207717829, -33.632275984176907 ], [ 19.015839959064639, -33.628021506551868 ], [ 19.018850453315824, -33.626982159178596 ], [ 19.020814937027968, -33.626274031210343 ], [ 19.021945656514944, -33.626079866686958 ], [ 19.023339068890028, -33.626171238713525 ], [ 19.024161410825634, -33.62610271037785 ], [ 19.024326841127621, -33.626058060837714 ], [ 19.025783041478629, -33.62858657582705 ], [ 19.027435382180808, -33.629935683911974 ], [ 19.030030709778138, -33.630936970206932 ], [ 19.034719902063241, -33.632309993379202 ], [ 19.035143409929205, -33.630929042709532 ], [ 19.034405366845789, -33.62800186005925 ], [ 19.037978753084023, -33.61912650025814 ], [ 19.052500962418129, -33.611519733186206 ], [ 19.059635895335276, -33.606258243291357 ], [ 19.066391224404356, -33.610325447068519 ], [ 19.064783212196861, -33.612350879490208 ], [ 19.068781386952644, -33.614810718663449 ], [ 19.070949402539043, -33.612276800565851 ], [ 19.067949872822883, -33.609308528779216 ], [ 19.066743899849975, -33.601953993581695 ], [ 19.074211901200297, -33.595631995251367 ], [ 19.0747499044626, -33.595136993110906 ], [ 19.075174904304902, -33.59468599659639 ], [ 19.075694807810564, -33.594245907060042 ], [ 19.0769160800367, -33.593365871879861 ], [ 19.077784140807953, -33.593036607599828 ], [ 19.078155311725958, -33.592880955639721 ], [ 19.078223907519565, -33.592800996916878 ], [ 19.078650753670033, -33.592307670212818 ], [ 19.079717822732462, -33.591947041178038 ], [ 19.080340431521492, -33.592030853499338 ], [ 19.081118694081795, -33.592180520476987 ], [ 19.081567691435669, -33.592114665823686 ], [ 19.082142407724589, -33.591839280825369 ], [ 19.082842843848002, -33.591456564439241 ], [ 19.083865702236771, -33.59186793233517 ], [ 19.087912663413494, -33.593468927946631 ], [ 19.093371616051321, -33.592468305392288 ], [ 19.102399453823633, -33.590818390324188 ], [ 19.106469908883994, -33.590079994783139 ], [ 19.101959906572979, -33.606759999556239 ], [ 19.105139908649491, -33.61089999534051 ], [ 19.105790201271549, -33.611746732231971 ], [ 19.126819908076865, -33.639119997327164 ], [ 19.14737291117719, -33.656003995441182 ], [ 19.147489913882485, -33.656099995372266 ], [ 19.148746909954209, -33.702101989920259 ], [ 19.147265907210425, -33.701520992797342 ], [ 19.107211905540243, -33.685809991127094 ], [ 19.123834906982378, -33.675404994304316 ], [ 19.115315897548967, -33.662766991508484 ], [ 19.104414907639995, -33.668754994205379 ], [ 19.101435914850672, -33.667232986054977 ], [ 19.089949906010421, -33.672182996637815 ], [ 19.08969190758469, -33.671973992394143 ], [ 19.079273903073311, -33.663509993219286 ], [ 19.074913905852725, -33.659965995236618 ], [ 19.069444905974926, -33.655446991855079 ], [ 19.068381905445449, -33.655827993232201 ], [ 19.058880005299564, -33.657251873593381 ], [ 19.047032267490401, -33.655540533824677 ], [ 19.044459273659147, -33.653829193203812 ], [ 19.044016479827736, -33.653518041263141 ], [ 19.043418109566275, -33.652883768306026 ], [ 19.040186907274446, -33.648695174056662 ], [ 19.038415730147889, -33.646313659549698 ], [ 19.037542109764843, -33.646050375821375 ], [ 19.036512912053539, -33.646158083121044 ], [ 19.036117565558008, -33.646383339010072 ], [ 19.035483715242243, -33.646744486056519 ], [ 19.035016985954055, -33.647151378019039 ], [ 19.034736613293845, -33.647476971269398 ], [ 19.034645995799668, -33.64758220543834 ], [ 19.034107462833934, -33.647067606165677 ], [ 19.033640732644873, -33.64660087690654 ], [ 19.032838916836106, -33.646002505783862 ], [ 19.032108904703627, -33.645595613815161 ], [ 19.031426761688735, -33.645368233721861 ], [ 19.030648880439333, -33.645188721842679 ], [ 19.029870998290939, -33.64514085272468 ], [ 19.029045247025291, -33.645176755455189 ], [ 19.028363105809561, -33.645332331870492 ], [ 19.027615268214497, -33.645528203309183 ], [ 19.027523710029065, -33.645441594098948 ], [ 19.02538023603168, -33.643413984399231 ], [ 19.025424898166229, -33.643349993139196 ], [ 19.026780691895535, -33.642553022041945 ], [ 19.023616373088707, -33.639958744119141 ], [ 19.023072715785698, -33.63966879369508 ], [ 19.023073901092147, -33.639583991223368 ], [ 19.023259710030906, -33.63831974587427 ], [ 19.023773428900412, -33.638364017702685 ], [ 19.024280195110588, -33.63839504521534 ], [ 19.024957391853899, -33.638436505763764 ], [ 19.025911810932453, -33.638376099206155 ], [ 19.026072349821508, -33.63835663967663 ], [ 19.026091755394027, -33.638330086293919 ], [ 19.026382979267947, -33.634159742004989 ], [ 19.022333811137464, -33.629033868018354 ], [ 19.022201903067163, -33.629108990186836 ], [ 19.021994901600731, -33.629226000078056 ], [ 19.021711903818858, -33.629386993112099 ], [ 19.021732897594418, -33.629525994126446 ], [ 19.021615903881827, -33.629537994679282 ], [ 19.021346902249917, -33.629661995000305 ], [ 19.020944898971862, -33.629846990039908 ], [ 19.020578900054439, -33.62999199222822 ], [ 19.020233902106835, -33.630127993102285 ], [ 19.01995490181174, -33.63028799598289 ], [ 19.019794898918249, -33.630141997343031 ], [ 19.019673890631797, -33.630155992592066 ], [ 19.019523901690317, -33.630173994320671 ], [ 19.019492902057291, -33.630198993674846 ], [ 19.019332899164372, -33.630321995748979 ], [ 19.019173900814188, -33.630441991389525 ], [ 19.019014903363288, -33.630563996115598 ], [ 19.018933905018233, -33.630624998028992 ], [ 19.018854899571082, -33.630684995399527 ], [ 19.018794903095202, -33.630730996621303 ], [ 19.018695903019456, -33.630806992930985 ], [ 19.018616890377604, -33.63086599205419 ], [ 19.018536896575387, -33.630927992215021 ], [ 19.018455897331055, -33.630989992375852 ], [ 19.018376901776339, -33.63104899239832 ], [ 19.018202902733396, -33.631181993134916 ], [ 19.018007901821274, -33.631330991911376 ], [ 19.017875898422432, -33.631232989189975 ], [ 19.017692898963606, -33.631226997006173 ], [ 19.017402910750942, -33.631412996589027 ], [ 19.017146891732821, -33.631525992805635 ], [ 19.016877897295402, -33.63166799485618 ], [ 19.016581901611094, -33.631867001333774 ], [ 19.016280902098501, -33.632068991761976 ], [ 19.016088901324832, -33.632155992175761 ], [ 19.015874901333582, -33.632263992658601 ], [ 19.01568590159787, -33.632365993764218 ], [ 19.015443902112157, -33.632491995976267 ], [ 19.015335900721357, -33.632545993070018 ], [ 19.015282901870901, -33.63256999507594 ], [ 19.015242900023392, -33.632582993876618 ], [ 19.015148903775835, -33.632611990716825 ], [ 19.015013899339333, -33.632629991546217 ], [ 19.014905898847914, -33.63264199299838 ], [ 19.014730894362518, -33.632653993550917 ], [ 19.014609902263803, -33.632664982366364 ], [ 19.014434890583981, -33.632720990343863 ], [ 19.014280903256509, -33.632763990527401 ], [ 19.013964902151709, -33.632944995275523 ], [ 19.013693898628713, -33.63311198858635 ], [ 19.01353490027854, -33.633208993958171 ], [ 19.013470897322673, -33.633247990360424 ], [ 19.013296898279638, -33.63335299070512 ], [ 19.013244895877957, -33.633383991235107 ], [ 19.013189902330943, -33.633411000573879 ], [ 19.01309589709016, -33.633456993701493 ], [ 19.012853897604376, -33.633562003039088 ], [ 19.012516903623435, -33.633654994735572 ], [ 19.012395903430946, -33.633684989823152 ], [ 19.01233490151288, -33.633699990514671 ], [ 19.012206902795715, -33.633767991851244 ], [ 19.0121679000952, -33.633792983111412 ], [ 19.012082903364025, -33.633844992703573 ], [ 19.01188589966149, -33.634033993324664 ], [ 19.011677899947593, -33.634229991570493 ], [ 19.011353895775404, -33.634435995672831 ], [ 19.01113289815898, -33.634582992558236 ], [ 19.01094790400386, -33.634703991842102 ], [ 19.010563903355678, -33.634959995551938 ], [ 19.010482904111281, -33.63500299663523 ], [ 19.010414902769305, -33.635036989209532 ], [ 19.010390900761553, -33.635052996242536 ], [ 19.010299903753282, -33.63509099439721 ], [ 19.01019190326171, -33.635128991652437 ], [ 19.010070903069195, -33.635150990867679 ], [ 19.01002989667893, -33.635157996586251 ], [ 19.009975900480114, -33.635171992735017 ], [ 19.009792900121965, -33.635227991719205 ], [ 19.009741904061727, -33.635241995961884 ], [ 19.009652901749792, -33.635257994900662 ], [ 19.009409896821726, -33.635290990125966 ], [ 19.009181900680403, -33.635319995059433 ], [ 19.009138899593687, -33.635331995612589 ], [ 19.008925897849817, -33.635308990953526 ], [ 19.008655897969799, -33.635285994387949 ], [ 19.00852189987468, -33.635268990006047 ], [ 19.008425899937397, -33.635259989590445 ], [ 19.008305897992237, -33.635247996231051 ], [ 19.00815089802796, -33.635264992517556 ], [ 19.008117902799061, -33.635267992655756 ], [ 19.008036903554512, -33.635281996898264 ], [ 19.007956766759939, -33.635286444045384 ], [ 19.007933725231752, -33.637231683028958 ], [ 19.00793372523205, -33.637392966545534 ], [ 19.008037407178968, -33.637508168800963 ], [ 19.008256291389049, -33.63766945052015 ], [ 19.008509736547715, -33.637738573313314 ], [ 19.010260811125026, -33.637634891383016 ], [ 19.012380532224295, -33.637485128192942 ], [ 19.012701898685044, -33.63745498921493 ], [ 19.013035892527594, -33.637413982829266 ], [ 19.01123489927944, -33.638301995892149 ], [ 19.010744900030861, -33.638557990608263 ], [ 19.009449896877648, -33.639186991729687 ], [ 19.007587901711304, -33.640128992893281 ], [ 19.006777500974657, -33.640534457629926 ], [ 19.00604690248478, -33.640899995165931 ], [ 19.004611901858507, -33.64163199384199 ], [ 19.004390896148074, -33.64174698565445 ], [ 19.004275526611082, -33.641773302514821 ], [ 19.003804588492873, -33.641125762759486 ], [ 19.003774311015253, -33.641084131343192 ], [ 19.002458618956641, -33.64178896599735 ], [ 19.002333314608624, -33.641961259013804 ], [ 19.003553335885947, -33.643459259754067 ], [ 19.003570691903409, -33.643480570089373 ], [ 19.00136220861209, -33.644608305535542 ], [ 19.000469417377243, -33.643840819599347 ], [ 18.99800930824993, -33.641857357616935 ], [ 18.997608901268201, -33.64199799359649 ], [ 18.99728089960875, -33.642070989766601 ], [ 18.996996896384264, -33.642123996705955 ], [ 18.996832085714843, -33.642129601280033 ], [ 18.996941405512342, -33.64230138977809 ], [ 18.997144427479128, -33.642465368563947 ], [ 18.996331899845771, -33.64310899086567 ], [ 18.996186898544742, -33.643218995038353 ], [ 18.996035615478764, -33.64330088190728 ], [ 18.996324530801367, -33.643628841277014 ], [ 18.995380898192245, -33.644393995261488 ], [ 18.995059547919535, -33.644706417940306 ], [ 18.99356811752498, -33.643722542525701 ], [ 18.991077195823344, -33.642090558981529 ], [ 18.990788278704699, -33.643199370903332 ], [ 18.990757044349277, -33.64366788351542 ], [ 18.990835130690407, -33.644120778501502 ], [ 18.991131854827266, -33.64460490694335 ], [ 18.991475430947812, -33.64493286541402 ], [ 18.991483238864173, -33.645869889739366 ], [ 18.992146964665462, -33.647533107628007 ], [ 18.992451497615793, -33.647751747208389 ], [ 18.992150090711135, -33.648567622959824 ], [ 18.990958115703958, -33.653149756017548 ], [ 18.990909655732324, -33.653336044284096 ], [ 18.990556643927334, -33.654687922270526 ], [ 18.989535012217853, -33.658600304120426 ], [ 18.989492017426617, -33.658764955597817 ], [ 18.989375310599861, -33.659959489998805 ], [ 18.989240128996801, -33.659963879589014 ], [ 18.986832499812923, -33.659513807562448 ], [ 18.985484521188422, -33.65926290299938 ], [ 18.985245399536552, -33.661161182082608 ], [ 18.985261116092818, -33.662787771480147 ], [ 18.985292547409742, -33.667581105830514 ], [ 18.985299840013454, -33.667978556712711 ], [ 18.985332531274949, -33.669760244989142 ], [ 18.985355410031733, -33.671007159504164 ], [ 18.984574218376448, -33.671015292968683 ], [ 18.984443896709298, -33.670653989436218 ], [ 18.984087895553053, -33.669628995224997 ], [ 18.984016894072084, -33.669484991281834 ], [ 18.983664899396299, -33.668763994902299 ], [ 18.983422899009948, -33.668351993887519 ], [ 18.98329388855473, -33.668130997184939 ], [ 18.982952896186145, -33.667629993863905 ], [ 18.982536896756226, -33.667205991395441 ], [ 18.982244899456838, -33.66701199593718 ], [ 18.982173897976054, -33.66696499017204 ], [ 18.981672887426221, -33.666811002852533 ], [ 18.981160896153362, -33.66669599574778 ], [ 18.979643898931478, -33.666754994863304 ], [ 18.977977885833983, -33.666657989481749 ], [ 18.97699788643494, -33.666540995772152 ], [ 18.976314898055804, -33.666481995745528 ], [ 18.975601889405581, -33.666592990068807 ], [ 18.97433189459888, -33.666788995503531 ], [ 18.973306899416663, -33.666811002807819 ], [ 18.972331895751989, -33.666824990857755 ], [ 18.971562895306654, -33.666822996157308 ], [ 18.971003898265547, -33.666726996223709 ], [ 18.970428894189595, -33.666351995114809 ], [ 18.969844896891786, -33.665611984367942 ], [ 18.969541895485637, -33.664779987366245 ], [ 18.969388897411513, -33.66454998934924 ], [ 18.969098893908576, -33.66411499177002 ], [ 18.968310895282222, -33.663399988470282 ], [ 18.967610886331645, -33.66288799003587 ], [ 18.96702589888082, -33.6624599909794 ], [ 18.966504899996067, -33.66167399429925 ], [ 18.965947896750443, -33.660854996996449 ], [ 18.96559489573233, -33.659769996420984 ], [ 18.96545589470653, -33.659022996145481 ], [ 18.965457896597098, -33.658760992157013 ], [ 18.965462901323669, -33.658238995063854 ], [ 18.965725893684493, -33.657371992853911 ], [ 18.966193893715356, -33.65649399373509 ], [ 18.966598897132219, -33.655971988550228 ], [ 18.966890896229245, -33.65547699450255 ], [ 18.967031900042915, -33.655029995473008 ], [ 18.966905896920323, -33.654573988832425 ], [ 18.96677389441955, -33.653957994598251 ], [ 18.966701902783921, -33.653353003569663 ], [ 18.966769896031252, -33.652851993056295 ], [ 18.966818897395033, -33.652745993564132 ], [ 18.966956892976601, -33.652436991905432 ], [ 18.967007898029909, -33.652325989484723 ], [ 18.96748289568686, -33.651819991333468 ], [ 18.96775089997066, -33.651424994702616 ], [ 18.967890899241596, -33.650936990185031 ], [ 18.967846900805601, -33.650444995374542 ], [ 18.967840899629017, -33.650371992007983 ], [ 18.967948892925797, -33.650127989749436 ], [ 18.968151668477482, -33.649719738010624 ], [ 18.968575572947238, -33.649228007603341 ], [ 18.968733792484674, -33.649047966028299 ], [ 18.969067301592641, -33.648668454824175 ], [ 18.969457294423957, -33.648108901145179 ], [ 18.969660767849575, -33.647634128353204 ], [ 18.969694680386123, -33.647142398843172 ], [ 18.969626856209441, -33.646616757696748 ], [ 18.969406425164326, -33.64610807236744 ], [ 18.969406425163577, -33.645714570408416 ], [ 18.969635907884328, -33.645481994936382 ], [ 18.969838896575702, -33.645237992678354 ], [ 18.970135898602077, -33.645029993879582 ], [ 18.970489896066713, -33.644836995772849 ], [ 18.970858896022797, -33.64469199358458 ], [ 18.971212895285916, -33.644464995708589 ], [ 18.971262901192567, -33.644430995040224 ], [ 18.971487905289433, -33.64427599508803 ], [ 18.971733894168242, -33.64408199153867 ], [ 18.972114895577775, -33.64381999564602 ], [ 18.972406893775812, -33.643557991659115 ], [ 18.972845896065291, -33.643189989979028 ], [ 18.973230895861004, -33.642983003817449 ], [ 18.97400690022609, -33.642585995405881 ], [ 18.974206896872751, -33.642354992848027 ], [ 18.974282900382828, -33.642244995869582 ], [ 18.974383896953665, -33.642099994579155 ], [ 18.974605899113154, -33.641888994742338 ], [ 18.974896900862547, -33.641758995044022 ], [ 18.975200899615061, -33.641646996175815 ], [ 18.975460900832076, -33.641627997099668 ], [ 18.975743898614802, -33.641614990206421 ], [ 18.975959901396909, -33.641621995926357 ], [ 18.976442894927487, -33.641638992216272 ], [ 18.976565897910611, -33.641614990210847 ], [ 18.976851895832056, -33.641677995815655 ], [ 18.976995899785202, -33.641687993579687 ], [ 18.977300896785572, -33.641725991736394 ], [ 18.977332894666297, -33.641729990122457 ], [ 18.977653897801574, -33.641763989893434 ], [ 18.978062898706359, -33.641929993054326 ], [ 18.978282898975166, -33.641937997021714 ], [ 18.978476894446061, -33.642038991787956 ], [ 18.978655889223976, -33.64213598996696 ], [ 18.978852900121872, -33.642202993057836 ], [ 18.979061897184646, -33.642238995618506 ], [ 18.979104898271448, -33.64223899561874 ], [ 18.979273901580612, -33.642240991215246 ], [ 18.979483895991574, -33.642210996128142 ], [ 18.979628898192153, -33.642182995736931 ], [ 18.979666896350015, -33.642175990917742 ], [ 18.979855896086292, -33.642168992394581 ], [ 18.980041895684039, -33.642188988821268 ], [ 18.980117900093706, -33.642207995993189 ], [ 18.980221895004764, -33.642235995486359 ], [ 18.98038889552371, -33.642308001505555 ], [ 18.980633896048118, -33.642424988016721 ], [ 18.980811900672389, -33.64247998965476 ], [ 18.980897894752058, -33.642505994451518 ], [ 18.981175897699874, -33.642548995536721 ], [ 18.981470896036775, -33.642549992886458 ], [ 18.981486894977092, -33.642501996968242 ], [ 18.982024899142132, -33.642735992473831 ], [ 18.982579898696528, -33.642976995497001 ], [ 18.983298899530094, -33.643005993240827 ], [ 18.983668895934738, -33.642764991122043 ], [ 18.984085899905605, -33.642236984761311 ], [ 18.984523898550137, -33.641193996918837 ], [ 18.984611895419363, -33.640849995444398 ], [ 18.984679894962419, -33.6405849922172 ], [ 18.984521894858286, -33.640007992586831 ], [ 18.984287899337929, -33.639548993901208 ], [ 18.984191899400177, -33.639389995561395 ], [ 18.984017900356179, -33.639099992079366 ], [ 18.983930899934538, -33.638761992679285 ], [ 18.983881899469608, -33.638573989405153 ], [ 18.983772899829948, -33.637987990259319 ], [ 18.983585894789343, -33.637552991781398 ], [ 18.983434900405221, -33.637417997246118 ], [ 18.983040901092398, -33.637136994177823 ], [ 18.982777899736597, -33.636947993554386 ], [ 18.982064899179395, -33.636510993182704 ], [ 18.981815893973533, -33.636358993366343 ], [ 18.981423898350563, -33.636117991243395 ], [ 18.980849898817663, -33.63576498935042 ], [ 18.980772897959078, -33.6357169934317 ], [ 18.980138901949822, -33.635170995228407 ], [ 18.979996899887457, -33.635046994905132 ], [ 18.979847901099056, -33.634918989900704 ], [ 18.979413899938585, -33.634544987040023 ], [ 18.978956895916959, -33.634104993726055 ], [ 18.977941898496994, -33.633127994530298 ], [ 18.97790889607338, -33.633095989457182 ], [ 18.977181899365373, -33.632344991692079 ], [ 18.976868899297106, -33.632054988209205 ], [ 18.976703901568204, -33.631836990745406 ], [ 18.97657189726969, -33.631664994503872 ], [ 18.976492893620055, -33.631250990699741 ], [ 18.97647790102021, -33.630761996927063 ], [ 18.976476895578042, -33.630727997157777 ], [ 18.976658897687859, -33.630089994716151 ], [ 18.976680896904611, -33.629700991166189 ], [ 18.97669389570601, -33.62947198959877 ], [ 18.976695897597008, -33.629437988930164 ], [ 18.976542900421965, -33.62907199003719 ], [ 18.976388898704275, -33.628715997001351 ], [ 18.976327895885731, -33.628143993105461 ], [ 18.976332898813808, -33.627688991008355 ], [ 18.976225894770611, -33.62746199312987 ], [ 18.976166895642532, -33.627335990016746 ], [ 18.975778896606286, -33.626813002768102 ], [ 18.97538889477979, -33.626348993059089 ], [ 18.975100893167674, -33.625738991006912 ], [ 18.975010894405674, -33.625193988356138 ], [ 18.974637896960822, -33.624309989855334 ], [ 18.974307900603044, -33.623526995113231 ], [ 18.973874897689591, -33.622951991077052 ], [ 18.973437897289365, -33.622449989508041 ], [ 18.973146896438745, -33.622230994695393 ], [ 18.972945894349149, -33.622081995916901 ], [ 18.972726907615986, -33.621917994647859 ], [ 18.972592893332251, -33.621615989713192 ], [ 18.972505894709482, -33.621419991465885 ], [ 18.972363900739925, -33.620752993081091 ], [ 18.972415894147669, -33.62030399216016 ], [ 18.972418894286186, -33.620271994281744 ], [ 18.97253689433898, -33.619430996867322 ], [ 18.972628896786947, -33.618016990115215 ], [ 18.97266490024667, -33.617105996666773 ], [ 18.972599899042184, -33.616621989634623 ], [ 18.972332900198694, -33.616081990810642 ], [ 18.972268897241779, -33.615577995446579 ], [ 18.972245901574126, -33.614923994964023 ], [ 18.972207895320214, -33.613776995128305 ], [ 18.972058895631161, -33.612989993907476 ], [ 18.971743899966604, -33.612450992431413 ], [ 18.971394897335529, -33.61184798890303 ], [ 18.971220898291225, -33.611400982677281 ], [ 18.971164898401252, -33.610695993332392 ], [ 18.971546897157374, -33.609530991769567 ], [ 18.972410899289258, -33.607728994108122 ], [ 18.972601894620272, -33.60714099127442 ], [ 18.972625896627925, -33.607049994272515 ], [ 18.972756894583842, -33.606562994297647 ], [ 18.972796895530649, -33.60583899148655 ], [ 18.972634897040024, -33.605091990311628 ], [ 18.97268889413683, -33.604330994787588 ], [ 18.973165895482722, -33.603489988381853 ], [ 18.973788895478105, -33.602614998395403 ], [ 18.973917898737476, -33.602085995584339 ], [ 18.973751895565599, -33.601418990004809 ], [ 18.973398893648863, -33.600644994778285 ], [ 18.973007894473593, -33.599910992403018 ], [ 18.972645901134154, -33.59902699390237 ], [ 18.972487900130609, -33.598469983503151 ], [ 18.972491898515976, -33.59807799510321 ], [ 18.972794899919819, -33.597696993722252 ], [ 18.973098900470518, -33.59730299443985 ], [ 18.973262899950601, -33.596794993496715 ], [ 18.973062897007384, -33.596377989553474 ], [ 18.972694894398479, -33.595955990774804 ], [ 18.971880899068573, -33.595590996420924 ], [ 18.97099889520177, -33.595124991113778 ], [ 18.970111896499489, -33.594486989565702 ], [ 18.969660899049465, -33.593740994730624 ], [ 18.969375899373727, -33.592760995400404 ], [ 18.969255897427246, -33.592154991734915 ], [ 18.96918589329356, -33.591518992981484 ], [ 18.969226898783209, -33.590746992453425 ], [ 18.969050897847243, -33.590038995774897 ], [ 18.968839897993188, -33.589600989963941 ], [ 18.968598895854445, -33.589332993791288 ], [ 18.968110899394389, -33.589138990237942 ], [ 18.967534897970761, -33.589132989958081 ], [ 18.966363896044893, -33.589300996799963 ], [ 18.965746895425379, -33.589253989233185 ], [ 18.965130893053367, -33.589206990659683 ], [ 18.964088893487883, -33.589137992867855 ], [ 18.963425884448611, -33.589219989451266 ], [ 18.962045893553899, -33.589638995276616 ], [ 18.961355898555972, -33.589800993750515 ], [ 18.960522888859085, -33.589897991923998 ], [ 18.959648895255157, -33.590144994316702 ], [ 18.9586318950461, -33.590357996939268 ], [ 18.957662900650718, -33.590240994236325 ], [ 18.955871897965189, -33.590009990768181 ], [ 18.954187899322491, -33.589781994633583 ], [ 18.953075896523185, -33.589660995342598 ], [ 18.951888895655731, -33.589627992914956 ], [ 18.950889898075427, -33.589388992679545 ], [ 18.950038901935049, -33.58906399117685 ], [ 18.949050898567027, -33.588523993248131 ], [ 18.948189888473586, -33.587534993499773 ], [ 18.947684895723189, -33.586646988518496 ], [ 18.94716789432519, -33.586089994305041 ], [ 18.946604897997343, -33.585742993588028 ], [ 18.946114899645522, -33.585396990219593 ], [ 18.945736906466678, -33.584934982401471 ], [ 18.945659905606583, -33.584148994717033 ], [ 18.945871894712806, -33.583340992529706 ], [ 18.946560892361269, -33.5823049933203 ], [ 18.947201894088455, -33.581568988160477 ], [ 18.948091893827193, -33.580929989273969 ], [ 18.94857589279982, -33.580552994373804 ], [ 18.94873389290256, -33.580195995897618 ], [ 18.948605887888775, -33.579768993292284 ], [ 18.948413894307762, -33.579191994561057 ], [ 18.948483898438806, -33.57831998852221 ], [ 18.948949895679796, -33.577487991524706 ], [ 18.949692898521398, -33.576970990169677 ], [ 18.950357895062258, -33.57650999589336 ], [ 18.951469896960713, -33.575696989883156 ], [ 18.951919896161421, -33.575256989379504 ], [ 18.952196892766842, -33.574601999644308 ], [ 18.95229689918315, -33.57391099026146 ], [ 18.952594897656951, -33.572773988190832 ], [ 18.95307589648937, -33.57152099066424 ], [ 18.953027892470782, -33.570011996617325 ], [ 18.952983894035356, -33.569781981513749 ], [ 18.952759895377937, -33.568617993483521 ], [ 18.952756896136044, -33.567170991504291 ], [ 18.952183894848673, -33.566189994824384 ], [ 18.951601891347465, -33.565422990926081 ], [ 18.951367895826671, -33.564933995353535 ], [ 18.951202898097304, -33.56457699777485 ], [ 18.950923897800585, -33.564347996205896 ], [ 18.950601896416796, -33.56400799311502 ], [ 18.950339892408287, -33.56363899318378 ], [ 18.95017789481733, -33.563191995951215 ], [ 18.949810889555039, -33.562166992746661 ], [ 18.949198893661514, -33.561526995604403 ], [ 18.948367893048584, -33.561020989351981 ], [ 18.947513897668934, -33.560735989693889 ], [ 18.946897894396788, -33.56052798909154 ], [ 18.946240894627046, -33.560479993169473 ], [ 18.945011897215117, -33.560495992101899 ], [ 18.943364891287882, -33.560569993706736 ], [ 18.942006892413985, -33.560592990263238 ], [ 18.941261893975437, -33.560621995193756 ], [ 18.940768893687483, -33.56093999007097 ], [ 18.940448895994773, -33.561463990851763 ], [ 18.940381892900117, -33.561467996431794 ], [ 18.939725897673082, -33.56150399179301 ], [ 18.939506894751975, -33.561437993244716 ], [ 18.93928789183078, -33.561370990153776 ], [ 18.938503898784312, -33.560856988029258 ], [ 18.938116897994949, -33.560333994485212 ], [ 18.938266895029404, -33.559565992343543 ], [ 18.938645892748934, -33.558803990479873 ], [ 18.938760891763543, -33.557731989607099 ], [ 18.938864895666484, -33.556909990370841 ], [ 18.939177895733089, -33.555994991343589 ], [ 18.939744896740017, -33.555017992156429 ], [ 18.940541895779933, -33.553985991333441 ], [ 18.941030897681426, -33.5534669952808 ], [ 18.941538890568246, -33.553048993094016 ], [ 18.941726893855051, -33.552570995333134 ], [ 18.941690891291866, -33.551987995426764 ], [ 18.941488891852746, -33.551318994251361 ], [ 18.941191898816911, -33.550307994390735 ], [ 18.940887891069501, -33.549816990631705 ], [ 18.940755895762642, -33.548908989226774 ], [ 18.940599897549106, -33.548300990864739 ], [ 18.940516896412134, -33.547675994417126 ], [ 18.940329890470931, -33.546791996816644 ], [ 18.9398008957135, -33.546504992571549 ], [ 18.939028896926164, -33.546001994551681 ], [ 18.938689891159886, -33.54580299616449 ], [ 18.938020898030505, -33.545950998489367 ], [ 18.93742989501315, -33.545529988064182 ], [ 18.936809894253077, -33.544939991429004 ], [ 18.936459893373701, -33.544239989722499 ], [ 18.93632989276367, -33.543589995719024 ], [ 18.936299898571654, -33.543079991085243 ], [ 18.936239893101206, -33.542489993553914 ], [ 18.936239893099181, -33.541399990051673 ], [ 18.936059893776779, -33.540659995494735 ], [ 18.935949897687863, -33.539999995634219 ], [ 18.935739895181577, -33.539499989661962 ], [ 18.935599896807794, -33.53892999664977 ], [ 18.935389894301188, -33.538259989132989 ], [ 18.935269892353979, -33.537369990356872 ], [ 18.935109897552319, -33.536419993310091 ], [ 18.935029895654402, -33.535719991605099 ], [ 18.9348798905229, -33.534799990545984 ], [ 18.934759896669792, -33.534029992807191 ], [ 18.934599893774354, -33.533139993131464 ], [ 18.93441989355194, -33.532059988290897 ], [ 18.934299891605367, -33.531469991658426 ], [ 18.934149894568936, -33.531239992742037 ], [ 18.934029892622526, -33.530789993572675 ], [ 18.933959896582888, -33.530309992120785 ], [ 18.933869896921401, -33.529739991014978 ], [ 18.933719892690174, -33.529409995580806 ], [ 18.933559896990293, -33.529089988017219 ], [ 18.933369890911578, -33.528819989054611 ], [ 18.933069896838941, -33.528449992674233 ], [ 18.9327698955716, -33.528069989537435 ], [ 18.932439891119568, -33.527499995624801 ], [ 18.932119893424886, -33.526989990989378 ], [ 18.931899892255267, -33.526479996247069 ], [ 18.931669895120312, -33.52596999251152 ], [ 18.931489885905961, -33.525519993341909 ], [ 18.931409893001867, -33.525139997400871 ], [ 18.931409893001504, -33.524939994472916 ], [ 18.931509891324712, -33.52465998875541 ], [ 18.931629893269637, -33.5242999892413 ], [ 18.931869898059333, -33.523889991019331 ], [ 18.932189895752398, -33.523469995034652 ], [ 18.932489897917648, -33.523099990563786 ], [ 18.932809896510392, -33.522899994832038 ], [ 18.933379897657559, -33.522699990108634 ], [ 18.933929894283839, -33.522699990111725 ], [ 18.934549895042874, -33.522719994634798 ], [ 18.934969898255215, -33.52279999652788 ], [ 18.935319891039569, -33.522919990372593 ], [ 18.935739895151215, -33.52301998869136 ], [ 18.936439897806835, -33.523049990978123 ], [ 18.937209894702139, -33.522919990383215 ], [ 18.937929892884963, -33.522649999519594 ], [ 18.938669894689557, -33.522399987994646 ], [ 18.939239895836565, -33.522200000358268 ], [ 18.939669897711351, -33.521929993305164 ], [ 18.93983989207328, -33.521609995636055 ], [ 18.939939897591199, -33.521409991809271 ], [ 18.939939897589706, -33.520589995362627 ], [ 18.939929891731559, -33.520439990243759 ], [ 18.939849897928035, -33.519949991028653 ], [ 18.939799898316164, -33.519739988538497 ], [ 18.939729895981117, -33.519199990614844 ], [ 18.939679896368766, -33.518719989163131 ], [ 18.939679896368176, -33.518399990593601 ], [ 18.93968989503103, -33.518169992577484 ], [ 18.939739893742992, -33.518039991079242 ], [ 18.939779894690936, -33.517889994054535 ], [ 18.939779894690354, -33.517569988290496 ], [ 18.939729895977695, -33.517319993848247 ], [ 18.939659891844641, -33.51707998907515 ], [ 18.939579898940945, -33.516849982065175 ], [ 18.939529892134541, -33.516719990458895 ], [ 18.939319897722338, -33.516309992234504 ], [ 18.939089890695168, -33.515879989490223 ], [ 18.938829897570525, -33.515339999659446 ], [ 18.938559898587954, -33.51476999045866 ], [ 18.938379890272909, -33.514299995762656 ], [ 18.938219895472276, -33.51388998944455 ], [ 18.938159890901634, -33.513579989537227 ], [ 18.938079896198985, -33.51322999677847 ], [ 18.937999895200939, -33.512789995372593 ], [ 18.937999895200232, -33.512399986380373 ], [ 18.937899889680626, -33.511679996343446 ], [ 18.937779895828147, -33.511239995836654 ], [ 18.937519894609714, -33.510759994383676 ], [ 18.937409897622317, -33.510519981516467 ], [ 18.937189897352205, -33.510099993622646 ], [ 18.936969897081852, -33.509499981240026 ], [ 18.936739890054465, -33.509009982024061 ], [ 18.936579895253946, -33.508669995121906 ], [ 18.936459893307873, -33.508389990302547 ], [ 18.936339891361474, -33.507929993369935 ], [ 18.936289892648556, -33.507539983478232 ], [ 18.93625989755731, -33.50709999016653 ], [ 18.936249891698747, -33.506669988322777 ], [ 18.936299898503822, -33.506109993074901 ], [ 18.936339891357438, -33.505709993514323 ], [ 18.936459893301983, -33.505149990172782 ], [ 18.936499894249664, -33.504799990220093 ], [ 18.936579895246428, -33.504529990359636 ], [ 18.936779891893298, -33.504189996264913 ], [ 18.937059897631546, -33.503929995068091 ], [ 18.937289895664303, -33.50365999520848 ], [ 18.937639896541825, -33.503349995303452 ], [ 18.938109891270781, -33.502959994407846 ], [ 18.938379890251785, -33.502659992265635 ], [ 18.938709895601477, -33.502389993305933 ], [ 18.93895989905473, -33.502169992154947 ], [ 18.93920989351464, -33.501899993194719 ], [ 18.939399890598985, -33.501579995525702 ], [ 18.939589896676537, -33.501239992437682 ], [ 18.939729895947938, -33.500909996105776 ], [ 18.939799898281418, -33.50058999034222 ], [ 18.939799898280917, -33.500309992718044 ], [ 18.939729895946297, -33.499999992810743 ], [ 18.939769895994889, -33.499809995740058 ], [ 18.939829893370216, -33.499679994241866 ], [ 18.939829893369694, -33.499389990760648 ], [ 18.939609893099398, -33.498849992836128 ], [ 18.939459896063155, -33.49870999357362 ], [ 18.93923989579374, -33.498609995255961 ], [ 18.939169892560233, -33.49852000369556 ], [ 18.939149895233456, -33.498339996293907 ], [ 18.939109896083298, -33.498059990575626 ], [ 18.939059896471328, -33.497839990322326 ], [ 18.938989892338377, -33.497659983819567 ], [ 18.938889894913711, -33.497519992651199 ], [ 18.938689891071292, -33.497329994679873 ], [ 18.938539894035085, -33.497209992742327 ], [ 18.938369892477755, -33.497049988960008 ], [ 18.938199891819632, -33.496849993225602 ], [ 18.937869894562784, -33.496549991080009 ], [ 18.937609893344799, -33.496369992670154 ], [ 18.937319898835067, -33.49615999017864 ], [ 18.937159895941086, -33.496049993198788 ], [ 18.9370098989049, -33.495949995780919 ], [ 18.936759895451008, -33.495829992943513 ], [ 18.936219896587936, -33.495469994324949 ], [ 18.935929893084769, -33.49516998408567 ], [ 18.935679898623963, -33.494969988350803 ], [ 18.935469896118263, -33.494789989041941 ], [ 18.935419897405708, -33.494599991071375 ], [ 18.935369890599119, -33.494329992109449 ], [ 18.935309893223263, -33.49411999051862 ], [ 18.93522989132634, -33.493959995730073 ], [ 18.935109897474561, -33.493859989319013 ], [ 18.934999885198987, -33.493799991947419 ], [ 18.934919900389399, -33.493749993238367 ], [ 18.934759896596137, -33.493699986435047 ], [ 18.934649892414281, -33.493599996211984 ], [ 18.934529897662966, -33.493409990147136 ], [ 18.93435989610543, -33.493109988002409 ], [ 18.934239894159191, -33.49278999033168 ], [ 18.934159892262144, -33.492509992707063 ], [ 18.934049896173786, -33.492150001285516 ], [ 18.933989891603009, -33.491719991347686 ], [ 18.933999897460232, -33.491409991440825 ], [ 18.934019886692273, -33.491069988351839 ], [ 18.934029892549528, -33.490769995201376 ], [ 18.934109893546029, -33.490349990222107 ], [ 18.934189895442252, -33.490119992206274 ], [ 18.934259890580954, -33.489739989071573 ], [ 18.934389891189188, -33.48939999407709 ], [ 18.934459894422169, -33.489239991195504 ], [ 18.93460989145769, -33.488959993572273 ], [ 18.93475989658743, -33.488869994818536 ], [ 18.934999885189722, -33.488659992330021 ], [ 18.935189890368061, -33.48837999470701 ], [ 18.935349893261503, -33.4881299912727 ], [ 18.935509896154706, -33.487849994548782 ], [ 18.935679898610687, -33.487599991114521 ], [ 18.935849891174055, -33.487299988971841 ], [ 18.936029891394025, -33.48709999323939 ], [ 18.936289892611317, -33.486929992595634 ], [ 18.936449895504943, -33.486789993334774 ], [ 18.936479897789571, -33.48655999531875 ], [ 18.9364998942164, -33.486369989254598 ], [ 18.936499894216077, -33.486189989946929 ], [ 18.936529896500815, -33.486019988402596 ], [ 18.936589894775224, -33.485820000763361 ], [ 18.936709896720263, -33.485529989188954 ], [ 18.936759895432242, -33.485399988589997 ], [ 18.936929896089627, -33.48517999643181 ], [ 18.93704989084036, -33.485049994933959 ], [ 18.937289895630375, -33.48482999558157 ], [ 18.937409897575574, -33.484629991754922 ], [ 18.937399891717277, -33.484389994176766 ], [ 18.937309892056216, -33.484089992931786 ], [ 18.937289895628759, -33.483929990049717 ], [ 18.937039892174379, -33.483539996344547 ], [ 18.936979895697714, -33.483279995145828 ], [ 18.936939894748956, -33.482979993001848 ], [ 18.936869891515332, -33.482829988782001 ], [ 18.93677989185457, -33.482699996276139 ], [ 18.936769893191176, -33.482579993440091 ], [ 18.936739890006287, -33.482310002572248 ], [ 18.936769893190352, -33.482119988414276 ], [ 18.936839904517228, -33.481969991389839 ], [ 18.936929896083427, -33.481719989753763 ], [ 18.936929896081548, -33.480669994391569 ], [ 18.936989893456566, -33.480409993193426 ], [ 18.937049890831673, -33.480199991603271 ], [ 18.93710989630075, -33.48003999681552 ], [ 18.937249894673016, -33.479779995617818 ], [ 18.937429894892947, -33.479509995757937 ], [ 18.93767989744677, -33.479289995506313 ], [ 18.937979883424404, -33.479009990689335 ], [ 18.938169896696813, -33.478849995002939 ], [ 18.9382898914475, -33.478699990784179 ], [ 18.938359894680367, -33.478429998118159 ], [ 18.938409893392162, -33.478149993299773 ], [ 18.938459893902042, -33.477649995422851 ], [ 18.938459893002371, -33.477429995169814 ], [ 18.938419891154247, -33.477129993025841 ], [ 18.938379890205617, -33.476949994617144 ], [ 18.938319893729165, -33.476759996646607 ], [ 18.938259896352907, -33.476369993949341 ], [ 18.938239892730689, -33.476069993604142 ], [ 18.938169896691573, -33.475909989822398 ], [ 18.93808989569407, -33.475769991459543 ], [ 18.93799989513386, -33.475539992543474 ], [ 18.937939898657305, -33.475289989107907 ], [ 18.937999895132712, -33.47489999630389 ], [ 18.938149892168166, -33.474589996397725 ], [ 18.938289891439801, -33.474379994808011 ], [ 18.938409893384986, -33.474119993610323 ], [ 18.938469882666119, -33.473909991120792 ], [ 18.938499893943842, -33.47363999125993 ], [ 18.938529895329086, -33.473349996772249 ], [ 18.93849989394295, -33.473139993382837 ], [ 18.938449894331175, -33.472979990500583 ], [ 18.938359894670324, -33.472789993429053 ], [ 18.938249898582381, -33.472649994166758 ], [ 18.938149892164393, -33.472470002053029 ], [ 18.938009893791062, -33.472129992667888 ], [ 18.937990898309277, -33.472047675022822 ], [ 18.937949896415113, -33.471869991469184 ], [ 18.937929892792653, -33.47147998967143 ], [ 18.937939898650075, -33.471229994330152 ], [ 18.937939898649777, -33.471059993684918 ], [ 18.937979883409881, -33.470859988958537 ], [ 18.937979883409007, -33.470369990643142 ], [ 18.938009893787395, -33.470069996593544 ], [ 18.938129895732565, -33.46984999544182 ], [ 18.938309903147097, -33.46962999518982 ], [ 18.938519897557782, -33.469179987928442 ], [ 18.938719893305322, -33.468809991550906 ], [ 18.93887988900385, -33.46843999427383 ], [ 18.939099896466811, -33.467889989595392 ], [ 18.93928990254415, -33.467459994947447 ], [ 18.939559893430573, -33.466809991952964 ], [ 18.939789892362487, -33.466419991056 ], [ 18.939999894867459, -33.46620998946662 ], [ 18.940249897421388, -33.466009993734581 ], [ 18.940539892829808, -33.465849989954876 ], [ 18.940819898568382, -33.465789992585421 ], [ 18.941029892979639, -33.46572999521554 ], [ 18.941259891012791, -33.465689987076971 ], [ 18.941879890872347, -33.465689987080481 ], [ 18.942389894644059, -33.465649986138004 ], [ 18.94308989729943, -33.465629989716248 ], [ 18.943629895262156, -33.465529991402889 ], [ 18.943899895142859, -33.465489991358432 ], [ 18.944169894124311, -33.465469994034912 ], [ 18.944249896020821, -33.465469994035352 ], [ 18.944279898305837, -33.465459988178388 ], [ 18.944359892108377, -33.465409989470409 ], [ 18.944439893105422, -33.465309991154442 ], [ 18.944539891428978, -33.465189989218295 ], [ 18.944669892037645, -33.465120001279409 ], [ 18.944859897216215, -33.465009989013076 ], [ 18.945059892964256, -33.464949992542429 ], [ 18.945209890899367, -33.464879989315179 ], [ 18.945279894132501, -33.464769993236011 ], [ 18.945329884750386, -33.464579995266 ], [ 18.945429898362327, -33.464409994621327 ], [ 18.945599891825161, -33.464249991740317 ], [ 18.94572989243381, -33.464169989850333 ], [ 18.946019895936193, -33.464099994717756 ], [ 18.94620989392045, -33.464109992481987 ], [ 18.946519893850009, -33.464049995112688 ], [ 18.946649894458691, -33.464039988357001 ], [ 18.946689895406887, -33.463989989648709 ], [ 18.946839884348844, -33.463929992278516 ], [ 18.94756989648365, -33.463929992282623 ], [ 18.947679892571259, -33.463909996756819 ], [ 18.947839896364055, -33.463749992976389 ], [ 18.948029894348139, -33.463719990694706 ], [ 18.948179898578672, -33.463719990695552 ], [ 18.948499896272153, -33.463639989706017 ], [ 18.948859894913884, -33.463589990100139 ], [ 18.949399894675103, -33.463479993124331 ], [ 18.94990989844656, -33.463399992135862 ], [ 18.950479899593496, -33.463289996059494 ], [ 18.950929898794939, -33.463189990551015 ], [ 18.951389895760329, -33.463120002613884 ], [ 18.951759892166006, -33.463079994476111 ], [ 18.952029907335127, -33.463059989058678 ], [ 18.952329893312822, -33.462979996162908 ], [ 18.952609899051211, -33.46289999427384 ], [ 18.952829899320204, -33.462829991046888 ], [ 18.953109896964701, -33.46274999725172 ], [ 18.953329896334338, -33.462639993079414 ], [ 18.953449900078251, -33.462569990751277 ], [ 18.953779895535359, -33.462379992782921 ], [ 18.953989898939653, -33.462219997096632 ], [ 18.954074894771704, -33.462105987343243 ], [ 18.955734215115861, -33.461912110606306 ], [ 18.96074332416898, -33.461276209907382 ] ] ] } },
{ "type": "Feature", "properties": { "Municipali": "Drakenstein Local Municipality", "WardNo": "19", "WardLabel": "WC023_19", "Province": "Western Cape", "CLASSIFICATION": "Manufacturing", "PopGBlack": 116.86220133, "PopGColour": 709.8932128, "PopGIndian": 57.850310164, "PopGWhite": 5175.9252233999996, "PopGOther": 119.5151456, "PopGTotal": 6180.0460933000004 }, "geometry": { "type": "Polygon", "coordinates": [ [ [ 18.973450238851338, -33.708444011712032 ], [ 18.973209225924304, -33.70993599957734 ], [ 18.973140364831977, -33.71085414713253 ], [ 18.973082980887561, -33.711278789915674 ], [ 18.972991165496598, -33.711646047858245 ], [ 18.972908326239303, -33.711840401244743 ], [ 18.972692768622672, -33.712346134996736 ], [ 18.97251614715648, -33.712651821754179 ], [ 18.972394370849091, -33.712862592264415 ], [ 18.972073019677012, -33.713310187543513 ], [ 18.971843483896695, -33.71375778462177 ], [ 18.971671330263302, -33.714320148683377 ], [ 18.971613945419598, -33.714790699159067 ], [ 18.971602469170932, -33.715215341942582 ], [ 18.971625423469131, -33.715536693092382 ], [ 18.971705760813389, -33.715858045141964 ], [ 18.973359843502575, -33.715226676107669 ], [ 18.975343915353221, -33.714469348029134 ], [ 18.976491598754897, -33.714044705251659 ], [ 18.976778520279865, -33.71396436791543 ], [ 18.979123470309048, -33.713530116787609 ], [ 18.979257515169063, -33.713505293701161 ], [ 18.981977523887377, -33.713172467216459 ], [ 18.982478922044862, -33.713199542208677 ], [ 18.9810330773959, -33.716301320129155 ], [ 18.980419595827481, -33.717844043245897 ], [ 18.980374486730089, -33.718042521822738 ], [ 18.980365464732831, -33.719161220892694 ], [ 18.980428617830562, -33.71970252822905 ], [ 18.980518836026807, -33.720099486283146 ], [ 18.980699271519608, -33.720595683626357 ], [ 18.980987968307787, -33.721245252251265 ], [ 18.981908188869799, -33.723013519949568 ], [ 18.982106668361215, -33.723419499103592 ], [ 18.98224199565519, -33.723753304965143 ], [ 18.98235927805117, -33.72417732811644 ], [ 18.982431452248729, -33.724592330168043 ], [ 18.982440474248968, -33.724998310220435 ], [ 18.982431452250314, -33.725404290272827 ], [ 18.982404387152286, -33.725837334522687 ], [ 18.982314168957334, -33.726189185279935 ], [ 18.982177896477221, -33.726531987058472 ], [ 18.981251480491828, -33.728153411644492 ], [ 18.979517420190096, -33.729603531564045 ], [ 18.979469127492123, -33.729646190905129 ], [ 18.978908978420812, -33.730140988899265 ], [ 18.978543912999456, -33.730485771883004 ], [ 18.978353610145899, -33.730700071332599 ], [ 18.978191217754254, -33.731042899191365 ], [ 18.977929586067557, -33.731728554009905 ], [ 18.977595780184163, -33.732405186829162 ], [ 18.977063495709974, -33.733334430217283 ], [ 18.976865017119298, -33.733695301174116 ], [ 18.976720667827635, -33.734227584712002 ], [ 18.97635979774714, -33.736176288781678 ], [ 18.976131940103929, -33.737657634969366 ], [ 18.975819508407714, -33.737624397823446 ], [ 18.973882192312196, -33.737556421656947 ], [ 18.970581907691166, -33.737695992823902 ], [ 18.970125907313744, -33.737706988832173 ], [ 18.969766898826109, -33.737722995863386 ], [ 18.969453890664386, -33.737733990973069 ], [ 18.969010693935967, -33.737788716515929 ], [ 18.968905356337267, -33.737920390752898 ], [ 18.968829901413628, -33.738014709850127 ], [ 18.968791834907307, -33.738021960633908 ], [ 18.968797928711865, -33.736988613971192 ], [ 18.968967259373443, -33.736526205957823 ], [ 18.969299164090394, -33.736031595021487 ], [ 18.968776639955891, -33.735512093544372 ], [ 18.96854265698957, -33.730989570699904 ], [ 18.96618927943932, -33.731064877659222 ], [ 18.963518727139409, -33.731084957707587 ], [ 18.963498647072072, -33.72948865118137 ], [ 18.963448449607629, -33.728424444731864 ], [ 18.963377354594414, -33.726913679919797 ], [ 18.96336813204573, -33.726717701457972 ], [ 18.963307893649912, -33.725663535939084 ], [ 18.963307893645851, -33.723625484222083 ], [ 18.963317932773499, -33.721055328830857 ], [ 18.963197456884554, -33.720613583639249 ], [ 18.96282599008461, -33.719157830355279 ], [ 18.962735632492823, -33.718525331763054 ], [ 18.962735632489792, -33.716999302758332 ], [ 18.962764255213212, -33.716267384114545 ], [ 18.962876187535532, -33.713405101043982 ], [ 18.962846069232889, -33.710824906520529 ], [ 18.962203529664343, -33.710935344163779 ], [ 18.961971134938224, -33.710994792947083 ], [ 18.961880401430982, -33.711018002650015 ], [ 18.961771823574484, -33.711045779110172 ], [ 18.961470634301971, -33.710081972073354 ], [ 18.960098716621658, -33.710340448913591 ], [ 18.959940197610049, -33.71057405590836 ], [ 18.959629632007346, -33.710691992999898 ], [ 18.959236509533842, -33.710766686190475 ], [ 18.958941668577992, -33.710766686188883 ], [ 18.958662552269296, -33.710750960641967 ], [ 18.958532822356375, -33.710652680929329 ], [ 18.956766570815155, -33.710759532969561 ], [ 18.956482459670099, -33.7100979934688 ], [ 18.956484439077428, -33.709769167154171 ], [ 18.956579710561744, -33.708609996793911 ], [ 18.958311677246339, -33.708612889922321 ], [ 18.958307350607736, -33.70868236075183 ], [ 18.958389896686349, -33.708629992330067 ], [ 18.960099896528966, -33.708649992362261 ], [ 18.960101386705688, -33.708650973522651 ], [ 18.96209412532631, -33.70866780434541 ], [ 18.962222893863412, -33.70856799039084 ], [ 18.962279549357802, -33.708556349566479 ], [ 18.963429899250528, -33.708319990651582 ], [ 18.967758887858551, -33.707599992544452 ], [ 18.968350896316121, -33.707485991787003 ], [ 18.969490890514496, -33.707256991124986 ], [ 18.970115893301593, -33.707135990944174 ], [ 18.970825769612944, -33.706965056806432 ], [ 18.971286279191496, -33.70697574705013 ], [ 18.972373533544413, -33.707065520080604 ], [ 18.974262735008413, -33.707384372923869 ], [ 18.974230663383256, -33.707411098076925 ], [ 18.973851927366198, -33.707617680443079 ], [ 18.973734004653949, -33.707774912513187 ], [ 18.973576483889811, -33.707984939283847 ], [ 18.973450238851338, -33.708444011712032 ] ] ] } },
{ "type": "Feature", "properties": { "Municipali": "Drakenstein Local Municipality", "WardNo": "20", "WardLabel": "WC023_20", "Province": "Western Cape", "CLASSIFICATION": "Manufacturing", "PopGBlack": 109.48089206, "PopGColour": 8379.1177281, "PopGIndian": 24.682531064, "PopGWhite": 28.294187827999998, "PopGOther": 52.4464605, "PopGTotal": 8594.0217995000003 }, "geometry": { "type": "Polygon", "coordinates": [ [ [ 18.998759899726082, -33.724139992847761 ], [ 19.000309899371409, -33.724799992715703 ], [ 19.000311079281975, -33.724801815641435 ], [ 19.000271230319228, -33.724787900431252 ], [ 19.000101685619171, -33.725196804178651 ], [ 18.999952086984539, -33.725785225197377 ], [ 18.99992717036659, -33.726050995546544 ], [ 18.999922166538493, -33.72610436941067 ], [ 18.999922166539474, -33.726613004376837 ], [ 19.000131605169219, -33.726622977859456 ], [ 19.000580401975888, -33.726622977861787 ], [ 19.001976655310777, -33.726802496938838 ], [ 19.002415478635296, -33.726862335132111 ], [ 19.002804435448539, -33.727071772849733 ], [ 19.002405506053691, -33.727510596141215 ], [ 19.00217612135976, -33.727949419433592 ], [ 19.002002690689377, -33.728617075221052 ], [ 19.002795644578306, -33.728840461425726 ], [ 19.002370901041722, -33.729323998109933 ], [ 19.000880897875625, -33.730252992380898 ], [ 19.000855898519635, -33.730268991320024 ], [ 18.997376899717434, -33.732424995400599 ], [ 18.99729393995074, -33.732478398042538 ], [ 18.995995895290061, -33.733313988726657 ], [ 18.995868053954236, -33.733430646983294 ], [ 18.993151271104239, -33.732775198578231 ], [ 18.992928364226408, -33.732721420917258 ], [ 18.990317591667782, -33.732104702715873 ], [ 18.990336897415336, -33.731970990614705 ], [ 18.992074901238009, -33.727637996746402 ], [ 18.99231088605676, -33.727047196122022 ], [ 18.993489422502417, -33.72729118489756 ], [ 18.994815863261081, -33.727550489128312 ], [ 18.996770619909022, -33.727889581214292 ], [ 18.996780647350377, -33.727789312202042 ], [ 18.996840432484497, -33.727191452798017 ], [ 18.996750674740269, -33.726363673617918 ], [ 18.996800539452192, -33.725755304736445 ], [ 18.996876524076644, -33.725775567361865 ], [ 18.996899899256736, -33.725639992764698 ], [ 18.997239899669793, -33.724579993345934 ], [ 18.997769898966343, -33.723779993327817 ], [ 18.998759899726082, -33.724139992847761 ] ] ] } },
{ "type": "Feature", "properties": { "Municipali": "Drakenstein Local Municipality", "WardNo": "21", "WardLabel": "WC023_21", "Province": "Western Cape", "CLASSIFICATION": "Manufacturing", "PopGBlack": 182.36975185, "PopGColour": 5581.1362695999997, "PopGIndian": 37.500748352000002, "PopGWhite": 15.079174816, "PopGOther": 43.2937912, "PopGTotal": 5859.3797358000002 }, "geometry": { "type": "Polygon", "coordinates": [ [ [ 18.999375901187793, -33.71902099330309 ], [ 18.998975901602165, -33.720778991635896 ], [ 18.998952896043388, -33.720856990736294 ], [ 18.998943896526999, -33.720886993918356 ], [ 18.998875895185353, -33.721103994032745 ], [ 18.998844895552455, -33.721202994101461 ], [ 18.998810903874801, -33.721312990180841 ], [ 18.99877589776187, -33.721424989050441 ], [ 18.998742894439278, -33.721530995737176 ], [ 18.998694898517869, -33.721684991147754 ], [ 18.998676897686614, -33.721739992784734 ], [ 18.998633896600126, -33.721880996588951 ], [ 18.998482901318027, -33.722361995387715 ], [ 18.998461899448927, -33.722426995687215 ], [ 18.999717898105708, -33.723086997352269 ], [ 19.000025895244267, -33.72310799022835 ], [ 19.000509642406264, -33.723149208858288 ], [ 19.000779866217368, -33.72317223420206 ], [ 19.001557779843147, -33.723242046778012 ], [ 19.001920381122282, -33.723317813763067 ], [ 19.002225986963332, -33.723381671925274 ], [ 19.002624916359437, -33.723591111441571 ], [ 19.002973981042381, -33.723770627815135 ], [ 19.003176900486352, -33.723916990680756 ], [ 19.003482902928617, -33.72409899278022 ], [ 19.003745897089786, -33.724323995963161 ], [ 19.003858900510462, -33.724465989921839 ], [ 19.00384890274665, -33.724495993103886 ], [ 19.003794897554958, -33.724659992572732 ], [ 19.003776896723618, -33.724713989667052 ], [ 19.003749901772004, -33.724791996861292 ], [ 19.003712901861995, -33.72490399573087 ], [ 19.003636897452878, -33.72512799436938 ], [ 19.003601899433807, -33.725222996951551 ], [ 19.003552898969563, -33.725371995728693 ], [ 19.003543897654612, -33.725398001424317 ], [ 19.00351690360235, -33.725462992730534 ], [ 19.003490111897452, -33.725513334979929 ], [ 19.001667485453162, -33.725156911160212 ], [ 19.000899545309458, -33.725007311631622 ], [ 19.000372442727592, -33.724823243788151 ], [ 19.000311079281975, -33.724801815641435 ], [ 19.000309899371409, -33.724799992715703 ], [ 18.998759899726082, -33.724139992847761 ], [ 18.997769898966343, -33.723779993327817 ], [ 18.997239899669793, -33.724579993345934 ], [ 18.996899899256736, -33.725639992764698 ], [ 18.996876524076644, -33.725775567361865 ], [ 18.996800539452192, -33.725755304736445 ], [ 18.996750674740269, -33.726363673617918 ], [ 18.996840432484497, -33.727191452798017 ], [ 18.996780647350377, -33.727789312202042 ], [ 18.996770619909022, -33.727889581214292 ], [ 18.994815863261081, -33.727550489128312 ], [ 18.993489422502417, -33.72729118489756 ], [ 18.99231088605676, -33.727047196122022 ], [ 18.992913024474777, -33.725324343295839 ], [ 18.993308682134774, -33.72429715294426 ], [ 18.993407596774237, -33.723855842126419 ], [ 18.993392380240532, -33.722044943869967 ], [ 18.993374864141927, -33.721050936701076 ], [ 18.993361944479037, -33.720317743717779 ], [ 18.993451765174161, -33.720313705762223 ], [ 18.994039129531796, -33.720287307965229 ], [ 18.994038569254005, -33.720213371102489 ], [ 18.994031520365521, -33.719282944203741 ], [ 18.994116895711429, -33.719279997125795 ], [ 18.994252897496303, -33.719279997126499 ], [ 18.994332905687905, -33.719275990647233 ], [ 18.994433902258912, -33.719275990647773 ], [ 18.994492902285966, -33.719271993161556 ], [ 18.994738899258824, -33.719271993162835 ], [ 18.994862906784704, -33.719267995676965 ], [ 18.995053902116585, -33.71926799567796 ], [ 18.995123897255834, -33.719264994640696 ], [ 18.995213896916077, -33.71926399009849 ], [ 18.995303897475598, -33.719260989960596 ], [ 18.995329902273625, -33.719203992727948 ], [ 18.995392890793955, -33.719050995565091 ], [ 18.996003898330173, -33.719214995936781 ], [ 18.996247901506059, -33.719283993724098 ], [ 18.996930897978533, -33.719416995364554 ], [ 18.99705289551952, -33.719443996610373 ], [ 18.997161042599881, -33.719058720750681 ], [ 18.998131954348196, -33.719238809995737 ], [ 18.998397491789898, -33.718230304857578 ], [ 18.999506458475445, -33.71844478597702 ], [ 18.999375901187793, -33.71902099330309 ] ] ] } },
{ "type": "Feature", "properties": { "Municipali": "Drakenstein Local Municipality", "WardNo": "22", "WardLabel": "WC023_22", "Province": "Western Cape", "CLASSIFICATION": "Manufacturing", "PopGBlack": 174.17057571000001, "PopGColour": 6045.0623502999988, "PopGIndian": 196.2315513, "PopGWhite": 97.263741675999995, "PopGOther": 138.8921801, "PopGTotal": 6651.6203991000002 }, "geometry": { "type": "Polygon", "coordinates": [ [ [ 18.989567058748804, -33.704197958080172 ], [ 18.990981730206222, -33.70700856251667 ], [ 18.991131629215595, -33.706971087767712 ], [ 18.992321452157849, -33.709266415743514 ], [ 18.992883573445226, -33.710325076975934 ], [ 18.993089683684964, -33.71087782908544 ], [ 18.993155264052792, -33.711299418670919 ], [ 18.993187018219007, -33.712271057002582 ], [ 18.991831896281138, -33.712828995494156 ], [ 18.991581481838129, -33.712906758970988 ], [ 18.99092712247975, -33.712944802088778 ], [ 18.98821046733422, -33.713033148774407 ], [ 18.988119470325721, -33.713036107543502 ], [ 18.988149906983967, -33.713408941283348 ], [ 18.988180341842948, -33.713462201833053 ], [ 18.988271647322623, -33.715402448680663 ], [ 18.988218385870471, -33.71563832286688 ], [ 18.987990120832116, -33.715935066765596 ], [ 18.988385779393891, -33.716148114361978 ], [ 18.988014719092, -33.716720041813169 ], [ 18.989078181878483, -33.71725139096182 ], [ 18.989314056081813, -33.717289435882947 ], [ 18.991649960728605, -33.717251390975328 ], [ 18.993255420668312, -33.71717530294265 ], [ 18.993319938036493, -33.717174963448869 ], [ 18.993361944479037, -33.720317743717779 ], [ 18.993374864141927, -33.721050936701076 ], [ 18.993392380240532, -33.722044943869967 ], [ 18.993407596774237, -33.723855842126419 ], [ 18.993308682134774, -33.72429715294426 ], [ 18.992913024474777, -33.725324343295839 ], [ 18.99231088605676, -33.727047196122022 ], [ 18.992074901238009, -33.727637996746402 ], [ 18.990336897415336, -33.731970990614705 ], [ 18.990317591667782, -33.732104702715873 ], [ 18.988843217817568, -33.731857641854674 ], [ 18.988953299334568, -33.728757015059301 ], [ 18.988464345097437, -33.728808815107371 ], [ 18.981251480491828, -33.728153410745207 ], [ 18.982177896477221, -33.726531987058472 ], [ 18.982314168957334, -33.726189185279935 ], [ 18.982404387152286, -33.725837334522687 ], [ 18.982431452250314, -33.725404290272827 ], [ 18.982440474248968, -33.724998310220435 ], [ 18.982431452248729, -33.724592330168043 ], [ 18.98235927805117, -33.72417732811644 ], [ 18.98224199565519, -33.723753304965143 ], [ 18.982106668361215, -33.723419499103592 ], [ 18.981908188869799, -33.723013519949568 ], [ 18.980987968307787, -33.721245252251265 ], [ 18.980699271519608, -33.720595683626357 ], [ 18.980518836026807, -33.720099486283146 ], [ 18.980428617830562, -33.71970252822905 ], [ 18.980365464732831, -33.719161220892694 ], [ 18.980374486730089, -33.718042521822738 ], [ 18.980419595827481, -33.717844043245897 ], [ 18.9810330773959, -33.716301320129155 ], [ 18.982478922044862, -33.713199542208677 ], [ 18.981977523887377, -33.713172467216459 ], [ 18.979257515169063, -33.713505293701161 ], [ 18.979123470309048, -33.713530116787609 ], [ 18.980081858086681, -33.707684715042134 ], [ 18.980821154813967, -33.703773303559288 ], [ 18.981321088869009, -33.700674826145594 ], [ 18.981599755513368, -33.699139080866935 ], [ 18.981806089682031, -33.698413631047529 ], [ 18.983721054925361, -33.698931917548066 ], [ 18.988068622630642, -33.701160648944395 ], [ 18.987818394348047, -33.70166985947526 ], [ 18.988209858471429, -33.701802677652495 ], [ 18.988283548925299, -33.701827680604453 ], [ 18.98847092178811, -33.701986947841988 ], [ 18.989567058748804, -33.704197958080172 ] ] ] } },
{ "type": "Feature", "properties": { "Municipali": "Drakenstein Local Municipality", "WardNo": "23", "WardLabel": "WC023_23", "Province": "Western Cape", "CLASSIFICATION": "Manufacturing", "PopGBlack": 306.14987122000002, "PopGColour": 4821.2877121999991, "PopGIndian": 119.85388414000001, "PopGWhite": 2513.9441192, "PopGOther": 320.017262, "PopGTotal": 8081.2528487999998 }, "geometry": { "type": "Polygon", "coordinates": [ [ [ 18.981251480491828, -33.728153411194803 ], [ 18.988464345097437, -33.728808815107371 ], [ 18.988953299334568, -33.728757015059301 ], [ 18.988843217743938, -33.7318576422945 ], [ 18.990317591667782, -33.732104702715873 ], [ 18.992928364226408, -33.732721420917258 ], [ 18.993151271104239, -33.732775198578231 ], [ 18.993012045250563, -33.733276230674932 ], [ 18.993005644775582, -33.733564246654375 ], [ 18.992840609279924, -33.73570337497403 ], [ 18.992839236015069, -33.735721165362747 ], [ 18.992736830206475, -33.735785169213038 ], [ 18.992514905388489, -33.735784786100638 ], [ 18.992383454173549, -33.73578455767219 ], [ 18.991917312141233, -33.735846124357735 ], [ 18.990263823904719, -33.736171544931125 ], [ 18.990307799857685, -33.736708048089064 ], [ 18.990457316655789, -33.737033467772513 ], [ 18.991407193262948, -33.738590208630114 ], [ 18.991869898987574, -33.739599992608049 ], [ 18.992040520177881, -33.740028732703699 ], [ 18.993323382490694, -33.743164710956762 ], [ 18.994126994249473, -33.745004867760784 ], [ 18.994300100266763, -33.745427067986455 ], [ 18.994562179818029, -33.745990054381146 ], [ 18.994879211547889, -33.746696169678621 ], [ 18.995311527378892, -33.747315822356413 ], [ 18.995657380582962, -33.747661674637875 ], [ 18.996024991986118, -33.747953601770867 ], [ 18.99614733846423, -33.748050759129477 ], [ 18.982627677653493, -33.757516293126443 ], [ 18.978823970058045, -33.760336728474442 ], [ 18.97816689384571, -33.759560993957663 ], [ 18.977563898368544, -33.758824988791069 ], [ 18.974759893856636, -33.755501995611027 ], [ 18.971066465170466, -33.751482249072822 ], [ 18.970793751135428, -33.751196549745522 ], [ 18.971814867539024, -33.750051795522566 ], [ 18.972557110451191, -33.748910941657918 ], [ 18.973381824797368, -33.747426457738776 ], [ 18.973986614417672, -33.745845756252002 ], [ 18.974371481110538, -33.744100111006723 ], [ 18.974701366846283, -33.742134543749216 ], [ 18.975079982350817, -33.740280630021971 ], [ 18.975444894888042, -33.740263990767332 ], [ 18.975958449182535, -33.740244243456551 ], [ 18.975947893838274, -33.739906481477988 ], [ 18.97596817444893, -33.738780863923623 ], [ 18.976079722764748, -33.737949326477768 ], [ 18.976131940103929, -33.737657634969366 ], [ 18.97635979774714, -33.736176288781678 ], [ 18.976720667827635, -33.734227584712002 ], [ 18.976865017119298, -33.733695301174116 ], [ 18.977063495709974, -33.733334430217283 ], [ 18.977595780184163, -33.732405186829162 ], [ 18.977929586067557, -33.731728554009905 ], [ 18.978191217754254, -33.731042899191365 ], [ 18.978353610145899, -33.730700071332599 ], [ 18.978543912999456, -33.730485771883004 ], [ 18.978908978420812, -33.730140988899265 ], [ 18.979469127492123, -33.729646190905129 ], [ 18.979517420190096, -33.729603531564045 ], [ 18.981251480491828, -33.728153411194803 ] ] ] } },
{ "type": "Feature", "properties": { "Municipali": "Drakenstein Local Municipality", "WardNo": "24", "WardLabel": "WC023_24", "Province": "Western Cape", "CLASSIFICATION": "Manufacturing", "PopGBlack": 127.63517037, "PopGColour": 8599.3454459000004, "PopGIndian": 18.952220936, "PopGWhite": 17.016607008000001, "PopGOther": 57.3834082, "PopGTotal": 8820.3328524000008 }, "geometry": { "type": "Polygon", "coordinates": [ [ [ 18.999840901077075, -33.716976996170473 ], [ 18.999794900751414, -33.717176991903756 ], [ 18.999770897844538, -33.717283995039345 ], [ 18.999757899942217, -33.717343993309612 ], [ 18.999745898488733, -33.717394996560834 ], [ 18.999598901593028, -33.718035991047145 ], [ 18.999582345073158, -33.718109241727063 ], [ 18.99952589822195, -33.718358988855172 ], [ 18.999506458475445, -33.71844478597702 ], [ 18.998397491789898, -33.718230304857578 ], [ 18.998131954348196, -33.719238809995737 ], [ 18.997161042599881, -33.719058720750681 ], [ 18.99705289551952, -33.719443996610373 ], [ 18.996930897978533, -33.719416995364554 ], [ 18.996247901506059, -33.719283993724098 ], [ 18.996003898330173, -33.719214995936781 ], [ 18.995392890793955, -33.719050995565091 ], [ 18.995329902273625, -33.719203992727948 ], [ 18.995303897475598, -33.719260989960596 ], [ 18.995213896916077, -33.71926399009849 ], [ 18.995123897255834, -33.719264994640696 ], [ 18.995053902116585, -33.71926799567796 ], [ 18.994862906784704, -33.719267995676965 ], [ 18.994738899258824, -33.719271993162835 ], [ 18.994492902285966, -33.719271993161556 ], [ 18.994433902258912, -33.719275990647773 ], [ 18.994332905687905, -33.719275990647233 ], [ 18.994252897496303, -33.719279997126499 ], [ 18.994116895711429, -33.719279997125795 ], [ 18.994031520365521, -33.719282944203741 ], [ 18.994038569254005, -33.720213371102489 ], [ 18.994039129531796, -33.720287307965229 ], [ 18.993451765174161, -33.720313705762223 ], [ 18.993361944479037, -33.720317743717779 ], [ 18.993319938035519, -33.717174963419303 ], [ 18.993255420668312, -33.71717530294265 ], [ 18.991649960728605, -33.717251390975328 ], [ 18.989314056081813, -33.717289435882947 ], [ 18.989078181878483, -33.71725139096182 ], [ 18.988014719092, -33.716720041813169 ], [ 18.988385779393891, -33.716148114361978 ], [ 18.987990120832116, -33.715935066765596 ], [ 18.988218385870471, -33.71563832286688 ], [ 18.988271647322623, -33.715402448680663 ], [ 18.988180341842948, -33.713462201833053 ], [ 18.988149906983967, -33.713408941283348 ], [ 18.988119470325721, -33.713036107543502 ], [ 18.98821046733422, -33.713033148774407 ], [ 18.99092712247975, -33.712944802088778 ], [ 18.991581481838129, -33.712906758970988 ], [ 18.991831896281138, -33.712828995494156 ], [ 18.993187018219007, -33.712271057002582 ], [ 18.993209768371269, -33.712670885692333 ], [ 18.993498903127925, -33.712693712286054 ], [ 18.994061955211894, -33.712807844350706 ], [ 18.994731531100889, -33.713081760762556 ], [ 18.996489769680995, -33.714006780946427 ], [ 18.996627896564132, -33.714092989958559 ], [ 18.996722899153411, -33.714153992772133 ], [ 18.996940896631902, -33.714289993649153 ], [ 18.997185896256891, -33.714442990813723 ], [ 18.997277899606861, -33.714499996140859 ], [ 18.997375902334621, -33.714560989961214 ], [ 18.997471902272132, -33.714621992774809 ], [ 18.997566897666797, -33.714679994550657 ], [ 18.997652898940963, -33.714733991645517 ], [ 18.997756903744623, -33.714798991945678 ], [ 18.99786590158449, -33.714866993283508 ], [ 18.997966897256319, -33.714930995336125 ], [ 18.998055899568424, -33.714985989779066 ], [ 18.998757896019693, -33.715423994693253 ], [ 18.999470896576288, -33.715869996379112 ], [ 18.999593898660095, -33.715945991790697 ], [ 18.999709903118593, -33.71601899605713 ], [ 18.999905901379591, -33.71614299638064 ], [ 19.000014900118906, -33.716209991377163 ], [ 18.999961901268641, -33.71644399497346 ], [ 18.999916889298134, -33.716641996010431 ], [ 18.999890900687976, -33.716753994880065 ], [ 18.999865900432795, -33.716864997300831 ], [ 18.999840901077075, -33.716976996170473 ] ] ] } },
{ "type": "Feature", "properties": { "Municipali": "Drakenstein Local Municipality", "WardNo": "25", "WardLabel": "WC023_25", "Province": "Western Cape", "CLASSIFICATION": "Manufacturing", "PopGBlack": 463.61203863999998, "PopGColour": 12387.708515, "PopGIndian": 40.9763087, "PopGWhite": 233.24564169000001, "PopGOther": 247.5986739, "PopGTotal": 13373.141178 }, "geometry": { "type": "Polygon", "coordinates": [ [ [ 19.068507908622749, -33.687582992659912 ], [ 19.086660904330262, -33.688933994799001 ], [ 19.090380906151641, -33.684476991624585 ], [ 19.107211905540243, -33.685809991127094 ], [ 19.147265907210425, -33.701520992797342 ], [ 19.148746909954209, -33.702101989920259 ], [ 19.148749917287461, -33.702209991303491 ], [ 19.18398990971636, -33.71538999583499 ], [ 19.185169904860178, -33.720179994604436 ], [ 19.185209913902121, -33.720299996541229 ], [ 19.185243306631371, -33.720442474334632 ], [ 19.18535991093739, -33.720939993680737 ], [ 19.18604991402708, -33.723719995981796 ], [ 19.188099912515888, -33.753869993344686 ], [ 19.188129915700046, -33.753979996618881 ], [ 19.214026912953425, -33.856936991801895 ], [ 19.156401908436894, -33.821637995056108 ], [ 19.116437906383126, -33.769858996514436 ], [ 19.115292908358899, -33.767197990705469 ], [ 19.113561903054773, -33.763176999517256 ], [ 19.096747908036772, -33.75173599522531 ], [ 19.087865907897463, -33.732540992215164 ], [ 19.076727905194819, -33.717225993655838 ], [ 19.073040906665515, -33.705592996759997 ], [ 19.071445902241177, -33.700560990424741 ], [ 19.075032902422429, -33.698050995199893 ], [ 19.075005908369803, -33.697922989296856 ], [ 19.075000905440945, -33.697896992594416 ], [ 19.074999908092643, -33.697856992548452 ], [ 19.074973902394376, -33.69737799653889 ], [ 19.07486690644533, -33.697016991581577 ], [ 19.074596899371134, -33.696723995155381 ], [ 19.073795902846573, -33.696197993377211 ], [ 19.073612902488779, -33.696152997596364 ], [ 19.073305903598722, -33.696077990538811 ], [ 19.072646612360145, -33.696052952510321 ], [ 19.072406828804638, -33.696099362023368 ], [ 19.072236659974852, -33.696161242573929 ], [ 19.072086075682662, -33.696243204985933 ], [ 19.071625596683607, -33.696493845138754 ], [ 19.071285257225327, -33.696594400133847 ], [ 19.070581375798184, -33.696694955127022 ], [ 19.070129702061429, -33.696669145481344 ], [ 19.070039926332665, -33.696664015747984 ], [ 19.069343779075638, -33.696741365534436 ], [ 19.068887416273604, -33.696880594074869 ], [ 19.068431052572642, -33.697228668576919 ], [ 19.068206737357983, -33.697654091071513 ], [ 19.067928279358718, -33.700090608104304 ], [ 19.067943749498291, -33.700438682608805 ], [ 19.068135034412158, -33.700937820735064 ], [ 19.068327429089774, -33.701544603213648 ], [ 19.068371828623143, -33.702062588431282 ], [ 19.068253431070218, -33.70272856968144 ], [ 19.068164634704864, -33.703616543183053 ], [ 19.068179433051053, -33.704134529299893 ], [ 19.068312629851523, -33.705096502617963 ], [ 19.068327429098197, -33.70623606955666 ], [ 19.068505024530925, -33.706694856901244 ], [ 19.068771417229605, -33.706961250482074 ], [ 19.069274603238117, -33.707360838155779 ], [ 19.069511395649268, -33.707834425643576 ], [ 19.069496596405283, -33.708189615583905 ], [ 19.069392998995905, -33.708648402027727 ], [ 19.069363400507886, -33.709284782992441 ], [ 19.069378200652658, -33.709817568352825 ], [ 19.069481797164276, -33.710202358579643 ], [ 19.069733390618566, -33.71060194625209 ], [ 19.069748188964436, -33.710942336949124 ], [ 19.069674191843056, -33.711460322166054 ], [ 19.069555795189451, -33.712141103559155 ], [ 19.069496596413412, -33.712703487406394 ], [ 19.069629793213132, -33.713251071111685 ], [ 19.069659392602539, -33.713739458741266 ], [ 19.069629793214869, -33.714213044429101 ], [ 19.069526195806258, -33.715101019729296 ], [ 19.069363400519457, -33.715707802206175 ], [ 19.069008209657522, -33.716728973395561 ], [ 19.068608621061543, -33.717661347324452 ], [ 19.068371828652385, -33.718297729187498 ], [ 19.068312629876104, -33.718726917144295 ], [ 19.068386626999121, -33.719067306942165 ], [ 19.068623421209065, -33.71961489154728 ], [ 19.068919412396884, -33.719866484085948 ], [ 19.069348600383488, -33.720147676011919 ], [ 19.070044180169038, -33.720458468224997 ], [ 19.070473368155533, -33.720739660150855 ], [ 19.07076936114214, -33.721035651319696 ], [ 19.070872957653592, -33.721376041117722 ], [ 19.070902556143718, -33.721864428747388 ], [ 19.071006153554698, -33.722293616704981 ], [ 19.071183748088004, -33.72273760300731 ], [ 19.071405742153694, -33.723107593091733 ], [ 19.071390943809192, -33.723521981805206 ], [ 19.071390943810769, -33.724395156063729 ], [ 19.071420542300622, -33.724779945390729 ], [ 19.071598137733165, -33.725149935475024 ], [ 19.071982925288356, -33.725623522064161 ], [ 19.072397314929802, -33.725993511250266 ], [ 19.072466848716896, -33.726262955330554 ], [ 19.067215906580817, -33.72710499593294 ], [ 19.052460901426702, -33.72946999700541 ], [ 19.049499902271034, -33.729922996297482 ], [ 19.047893901840467, -33.728683993110508 ], [ 19.047715906209913, -33.728576989074526 ], [ 19.046838905274761, -33.727910996128237 ], [ 19.044136909082358, -33.725784994298664 ], [ 19.037370904164806, -33.727271989094895 ], [ 19.033259148625021, -33.728183119219516 ], [ 19.033137292277779, -33.728090803810765 ], [ 19.032991053509264, -33.727955816470072 ], [ 19.032957306446576, -33.727640843312045 ], [ 19.031101218928331, -33.728023310580035 ], [ 19.03060626261675, -33.728248290376719 ], [ 19.029683841419811, -33.728642006369661 ], [ 19.029177636387622, -33.729069469424481 ], [ 19.028924494301425, -33.729303138472105 ], [ 19.028885162449033, -33.729339445002239 ], [ 19.028626434672947, -33.729440686180304 ], [ 19.028131477461805, -33.72954192735731 ], [ 19.027920851727085, -33.72953926086636 ], [ 19.027242805124757, -33.729530677733202 ], [ 19.027221156643218, -33.729703874568813 ], [ 19.027209058063075, -33.729800654211573 ], [ 19.027096567256972, -33.730138125708422 ], [ 19.026930454370103, -33.730476506419656 ], [ 19.026792844598063, -33.730756822403094 ], [ 19.026252891605115, -33.731600497996411 ], [ 19.025634195766951, -33.732477921548451 ], [ 19.024925506564337, -33.733546578738761 ], [ 19.02458803594363, -33.73400778795493 ], [ 19.024014335887863, -33.734547740909058 ], [ 19.023735814032371, -33.734774957320752 ], [ 19.023586874600046, -33.734896460225194 ], [ 19.023294398862475, -33.73502019974282 ], [ 19.022849903514196, -33.735172991858335 ], [ 19.021143890372471, -33.73569698453823 ], [ 19.019101903080877, -33.736164991721076 ], [ 19.018534902074787, -33.736389995799016 ], [ 19.018217903621881, -33.736519988302632 ], [ 19.018047902964938, -33.736589992429309 ], [ 19.017816706136568, -33.736737828382175 ], [ 19.017835212386657, -33.736586159517699 ], [ 19.015116326922428, -33.734967843869143 ], [ 19.015040902576096, -33.73516698434694 ], [ 19.014362899139766, -33.734650994721633 ], [ 19.013576873628182, -33.734096410690093 ], [ 19.013138364166629, -33.733715599961606 ], [ 19.012861410727794, -33.733473265943417 ], [ 19.012653696098297, -33.733254012126558 ], [ 19.012434440468176, -33.733034757410358 ], [ 19.012295964647691, -33.732757803990644 ], [ 19.012192106433407, -33.732492389772375 ], [ 19.012042090511688, -33.732226977352504 ], [ 19.011822836679727, -33.731800007122303 ], [ 19.011730517667193, -33.731465354999003 ], [ 19.011534342239546, -33.731188402478367 ], [ 19.011416902462795, -33.731005814921204 ], [ 19.011298658692542, -33.731036761491517 ], [ 19.010930537374776, -33.731136793080928 ], [ 19.010748504687172, -33.731170925049618 ], [ 19.010674099272428, -33.731184876232128 ], [ 19.010401634351169, -33.731409259779504 ], [ 19.009472044657748, -33.732296108224915 ], [ 19.008742580213816, -33.732973467694407 ], [ 19.00872410004385, -33.732990629456992 ], [ 19.008018893912176, -33.732461724667651 ], [ 19.007957417151928, -33.73241418200724 ], [ 19.006416156219103, -33.731222272718746 ], [ 19.007030538909355, -33.730554464948128 ], [ 19.007025196036494, -33.730452959367945 ], [ 19.007009169217042, -33.730383507424143 ], [ 19.006896977884285, -33.730298026863053 ], [ 19.003879132120492, -33.729699304993119 ], [ 19.004051078459764, -33.72910805111016 ], [ 19.004041118467462, -33.729106317217173 ], [ 19.002854301963627, -33.72885698467006 ], [ 19.002795644578306, -33.728840461425726 ], [ 19.002002690689377, -33.728617075221052 ], [ 19.00217612135976, -33.727949419433592 ], [ 19.002405506053691, -33.727510596141215 ], [ 19.002804435448539, -33.727071772849733 ], [ 19.002415478635296, -33.726862335132111 ], [ 19.001976655310777, -33.726802496938838 ], [ 19.000580401975888, -33.726622977861787 ], [ 19.000131605169219, -33.726622977859456 ], [ 18.999922166539474, -33.726613004376837 ], [ 18.999922166538493, -33.72610436941067 ], [ 18.99992717036659, -33.726050995546544 ], [ 18.999952086984539, -33.725785225197377 ], [ 19.000101685619171, -33.725196804178651 ], [ 19.000271230319228, -33.724787900431252 ], [ 19.000311079281975, -33.724801815641435 ], [ 19.000372442727592, -33.724823243788151 ], [ 19.000899545309458, -33.725007311631622 ], [ 19.001667485453162, -33.725156911160212 ], [ 19.003490111897452, -33.725513334979929 ], [ 19.00351690360235, -33.725462992730534 ], [ 19.003543897654612, -33.725398001424317 ], [ 19.003552898969563, -33.725371995728693 ], [ 19.003601899433807, -33.725222996951551 ], [ 19.003636897452878, -33.72512799436938 ], [ 19.003712901861995, -33.72490399573087 ], [ 19.003749901772004, -33.724791996861292 ], [ 19.003776896723618, -33.724713989667052 ], [ 19.003794897554958, -33.724659992572732 ], [ 19.00384890274665, -33.724495993103886 ], [ 19.003858900510462, -33.724465989921839 ], [ 19.003745897089786, -33.724323995963161 ], [ 19.003482902928617, -33.72409899278022 ], [ 19.003176900486352, -33.723916990680756 ], [ 19.002973981042381, -33.723770627815135 ], [ 19.002624916359437, -33.723591111441571 ], [ 19.002225986963332, -33.723381671925274 ], [ 19.001920381122282, -33.723317813763067 ], [ 19.001557779843147, -33.723242046778012 ], [ 19.000779866217368, -33.72317223420206 ], [ 19.000509642406264, -33.723149208858288 ], [ 19.000025895244267, -33.72310799022835 ], [ 18.999717898105708, -33.723086997352269 ], [ 18.998461899448927, -33.722426995687215 ], [ 18.998482901318027, -33.722361995387715 ], [ 18.998633896600126, -33.721880996588951 ], [ 18.998676897686614, -33.721739992784734 ], [ 18.998694898517869, -33.721684991147754 ], [ 18.998742894439278, -33.721530995737176 ], [ 18.99877589776187, -33.721424989050441 ], [ 18.998810903874801, -33.721312990180841 ], [ 18.998844895552455, -33.721202994101461 ], [ 18.998875895185353, -33.721103994032745 ], [ 18.998943896526999, -33.720886993918356 ], [ 18.998952896043388, -33.720856990736294 ], [ 18.998975901602165, -33.720778991635896 ], [ 18.999375901187793, -33.71902099330309 ], [ 18.999506458475445, -33.71844478597702 ], [ 18.99952589822195, -33.718358988855172 ], [ 18.999582345073158, -33.718109241727063 ], [ 18.999598901593028, -33.718035991047145 ], [ 18.999745898488733, -33.717394996560834 ], [ 18.999757899942217, -33.717343993309612 ], [ 18.999770897844538, -33.717283995039345 ], [ 18.999794900751414, -33.717176991903756 ], [ 18.999840901077075, -33.716976996170473 ], [ 18.999865900432795, -33.716864997300831 ], [ 18.999890900687976, -33.716753994880065 ], [ 18.999916889298134, -33.716641996010431 ], [ 18.999961901268641, -33.71644399497346 ], [ 19.000014900118906, -33.716209991377163 ], [ 18.999905901379591, -33.71614299638064 ], [ 18.999709903118593, -33.71601899605713 ], [ 18.999593898660095, -33.715945991790697 ], [ 18.999470896576288, -33.715869996379112 ], [ 18.998757896019693, -33.715423994693253 ], [ 18.998055899568424, -33.714985989779066 ], [ 18.997966897256319, -33.714930995336125 ], [ 18.99786590158449, -33.714866993283508 ], [ 18.997756903744623, -33.714798991945678 ], [ 18.997652898940963, -33.714733991645517 ], [ 18.997566897666797, -33.714679994550657 ], [ 18.997471902272132, -33.714621992774809 ], [ 18.997375902334621, -33.714560989961214 ], [ 18.997277899606861, -33.714499996140859 ], [ 18.997185896256891, -33.714442990813723 ], [ 18.996940896631902, -33.714289993649153 ], [ 18.996722899153411, -33.714153992772133 ], [ 18.996627896564132, -33.714092989958559 ], [ 18.996489769680995, -33.714006780946427 ], [ 18.994731531100889, -33.713081760762556 ], [ 18.994061955211894, -33.712807844350706 ], [ 18.993498903127925, -33.712693712286054 ], [ 18.993209768371269, -33.712670885692333 ], [ 18.993187018219007, -33.712271057002582 ], [ 18.993155264052792, -33.711299418670919 ], [ 18.993089683684964, -33.71087782908544 ], [ 18.992883573445226, -33.710325076975934 ], [ 18.992321452157849, -33.709266415743514 ], [ 18.991131629215595, -33.706971087767712 ], [ 18.991216427196722, -33.706953816288241 ], [ 18.991442899886493, -33.706874991611365 ], [ 18.991608895862225, -33.706798996201215 ], [ 18.992434899838027, -33.706421993208849 ], [ 18.993089683675809, -33.706118537671969 ], [ 18.994748905090024, -33.705428995990928 ], [ 18.996043494556012, -33.704974397696091 ], [ 18.998796323132645, -33.704198579560192 ], [ 18.998811900290924, -33.704194995761938 ], [ 18.99889690511608, -33.704175988590883 ], [ 19.000392920251869, -33.703843746658954 ], [ 19.000517906240027, -33.703815989983973 ], [ 19.001024799254871, -33.703667288884802 ], [ 19.001059899796825, -33.703656991647506 ], [ 19.001294901657332, -33.703560991718234 ], [ 19.002370900991799, -33.703256992992976 ], [ 19.005225901552532, -33.702449995362102 ], [ 19.007144902049671, -33.701648989909174 ], [ 19.009427897774589, -33.700714991814515 ], [ 19.010316900162831, -33.700317993296018 ], [ 19.010929517483635, -33.699651333060352 ], [ 19.011144051671458, -33.699166112844125 ], [ 19.011144051670676, -33.698752825800149 ], [ 19.01098406946085, -33.698232882757765 ], [ 19.010477457931859, -33.697166335370753 ], [ 19.010610777037364, -33.696446414582951 ], [ 19.010784091695612, -33.696006464439769 ], [ 19.011122305156963, -33.695678930452615 ], [ 19.012050616913609, -33.694779933964995 ], [ 19.013122318385932, -33.693777055889129 ], [ 19.013503789240577, -33.693420084393665 ], [ 19.014052797509756, -33.693405325622379 ], [ 19.015983514376014, -33.693353424857833 ], [ 19.01796996133443, -33.693540071065051 ], [ 19.019180834703327, -33.693482714109848 ], [ 19.020503013572412, -33.693420084429938 ], [ 19.020547523722019, -33.693635213955005 ], [ 19.020583004677516, -33.693806708374311 ], [ 19.025502459395458, -33.694259990993181 ], [ 19.026462353547331, -33.694406640746358 ], [ 19.026462353547242, -33.694358025195072 ], [ 19.026462353546915, -33.694179999899312 ], [ 19.0275289010054, -33.694166668354782 ], [ 19.030221935452509, -33.694859924258438 ], [ 19.031266530458705, -33.695204838550474 ], [ 19.031635113128811, -33.695326539308454 ], [ 19.031928413545131, -33.695419862858053 ], [ 19.032035067751469, -33.695486521508037 ], [ 19.034488128884522, -33.695913141014039 ], [ 19.035914637211878, -33.696153115217037 ], [ 19.046513462132378, -33.698019573643357 ], [ 19.048302588825752, -33.699080920257494 ], [ 19.049495247324497, -33.699788429508381 ], [ 19.054336899853247, -33.68440899100635 ], [ 19.054646900679177, -33.683588995460653 ], [ 19.065724905996291, -33.686780990734363 ], [ 19.068507908622749, -33.687582992659912 ] ] ] } },
{ "type": "Feature", "properties": { "Municipali": "Drakenstein Local Municipality", "WardNo": "26", "WardLabel": "WC023_26", "Province": "Western Cape", "CLASSIFICATION": "Manufacturing", "PopGBlack": 116.87674068, "PopGColour": 6030.7583898000003, "PopGIndian": 2.250540876, "PopGWhite": 37.678814812, "PopGOther": 156.8667682, "PopGTotal": 6344.4312542999996 }, "geometry": { "type": "Polygon", "coordinates": [ [ [ 19.008018893912176, -33.732461724667651 ], [ 19.00872410004385, -33.732990629456992 ], [ 19.008742580213816, -33.732973467694407 ], [ 19.009472044657748, -33.732296108224915 ], [ 19.010401634351169, -33.731409259779504 ], [ 19.010674099272428, -33.731184876232128 ], [ 19.010748504687172, -33.731170925049618 ], [ 19.010930537374776, -33.731136793080928 ], [ 19.011298658692542, -33.731036761491517 ], [ 19.011416902462795, -33.731005814921204 ], [ 19.011534342239546, -33.731188402478367 ], [ 19.011730517667193, -33.731465354999003 ], [ 19.011822836679727, -33.731800007122303 ], [ 19.012042090511688, -33.732226977352504 ], [ 19.012192106433407, -33.732492389772375 ], [ 19.012295964647691, -33.732757803990644 ], [ 19.012434440468176, -33.733034757410358 ], [ 19.012653696098297, -33.733254012126558 ], [ 19.012861410727794, -33.733473265943417 ], [ 19.013138364166629, -33.733715599961606 ], [ 19.013576873628182, -33.734096410690093 ], [ 19.014362899139766, -33.734650994721633 ], [ 19.015040902576096, -33.73516698434694 ], [ 19.015116326922428, -33.734967843869143 ], [ 19.017835212386657, -33.736586159517699 ], [ 19.017816706136568, -33.736737828382175 ], [ 19.01712990373472, -33.737176997011865 ], [ 19.01692745373769, -33.737393741717959 ], [ 19.016702473024115, -33.737719964494197 ], [ 19.016642853364154, -33.737751760924134 ], [ 19.016442981724083, -33.738226343059878 ], [ 19.015735057845216, -33.739744788078198 ], [ 19.015442583905781, -33.739699791397385 ], [ 19.015015119919191, -33.7396885417756 ], [ 19.0143851753582, -33.739744788071242 ], [ 19.012472841535807, -33.74011600481991 ], [ 19.011690968195765, -33.740297836941963 ], [ 19.010399902270127, -33.738374992869218 ], [ 19.009692901992729, -33.738801995470155 ], [ 19.009419902873375, -33.738637995100255 ], [ 19.009337906280457, -33.738565996275966 ], [ 19.00906690185635, -33.737775994916198 ], [ 19.008319901529582, -33.737967995672811 ], [ 19.008167707450287, -33.737975230717922 ], [ 19.007726025178584, -33.736729835155678 ], [ 19.007675340283384, -33.736541577373409 ], [ 19.00770430295119, -33.736150580925745 ], [ 19.006972993996019, -33.736027488914722 ], [ 19.006687896296402, -33.735966972633371 ], [ 19.005437971662253, -33.735701659133206 ], [ 19.005244576938953, -33.735658926046469 ], [ 19.002882012787989, -33.735136885773713 ], [ 19.003053898423847, -33.734930993186509 ], [ 19.003169902881947, -33.734804990074402 ], [ 19.003258897999238, -33.734713984978946 ], [ 19.00358689875863, -33.734362993974855 ], [ 19.003571906159589, -33.734287995911991 ], [ 19.003624896916207, -33.734229994136825 ], [ 19.004015760740682, -33.733815739424315 ], [ 19.00509040974115, -33.73268776205439 ], [ 19.002924781843358, -33.731919608814586 ], [ 19.002929899885519, -33.731909993263322 ], [ 19.003249899375557, -33.731289993451121 ], [ 19.00333989993441, -33.730959992622331 ], [ 19.003689899910842, -33.730349993271474 ], [ 19.003879132120492, -33.729699304993119 ], [ 19.006896977884285, -33.730298026863053 ], [ 19.007009169217042, -33.730383507424143 ], [ 19.007025196036494, -33.730452959367945 ], [ 19.007030538909355, -33.730554464948128 ], [ 19.006416156219103, -33.731222272718746 ], [ 19.007957417151928, -33.73241418200724 ], [ 19.008018893912176, -33.732461724667651 ] ] ] } },
{ "type": "Feature", "properties": { "Municipali": "Drakenstein Local Municipality", "WardNo": "27", "WardLabel": "WC023_27", "Province": "Western Cape", "CLASSIFICATION": "Manufacturing", "PopGBlack": 164.9953975, "PopGColour": 6573.2602545, "PopGIndian": 8.395816792, "PopGWhite": 2.424580416, "PopGOther": 73.8936619, "PopGTotal": 6822.9697110999996 }, "geometry": { "type": "Polygon", "coordinates": [ [ [ 19.00770430295119, -33.736150580925745 ], [ 19.007675340283384, -33.736541577373409 ], [ 19.007726025178584, -33.736729835155678 ], [ 19.008167707450287, -33.737975230717922 ], [ 19.008319901529582, -33.737967995672811 ], [ 19.00906690185635, -33.737775994916198 ], [ 19.009337906280457, -33.738565996275966 ], [ 19.009419902873375, -33.738637995100255 ], [ 19.009692901992729, -33.738801995470155 ], [ 19.010399902270127, -33.738374992869218 ], [ 19.011690968195765, -33.740297836941963 ], [ 19.011505426353285, -33.740340986412789 ], [ 19.009806824524095, -33.740745950222504 ], [ 19.009733917380117, -33.74080714009429 ], [ 19.00917687906459, -33.74127465445622 ], [ 19.008490688200787, -33.741330898952718 ], [ 19.007624514204583, -33.741510883866866 ], [ 19.006522109873909, -33.741803357780086 ], [ 19.00545345440413, -33.74212957965252 ], [ 19.004463539981085, -33.742512046025475 ], [ 19.004160492711605, -33.742516383454145 ], [ 19.003628902512933, -33.742523990816615 ], [ 19.001031421937899, -33.742658462831557 ], [ 19.000986817356541, -33.740963512367777 ], [ 19.00099772703074, -33.739719812029954 ], [ 19.001064603319101, -33.738873074242633 ], [ 19.001137009538418, -33.737562512908234 ], [ 19.001187510072214, -33.737576784250138 ], [ 19.001470081576066, -33.737656641351393 ], [ 19.001473368598159, -33.737566257687 ], [ 19.002381196497709, -33.7378308139563 ], [ 19.002328123899158, -33.736049977337764 ], [ 19.003793982966901, -33.736400361308746 ], [ 19.003731916250302, -33.735784486684892 ], [ 19.00379622992115, -33.735338897342153 ], [ 19.005244576938953, -33.735658926046469 ], [ 19.005437971662253, -33.735701659133206 ], [ 19.006687896296402, -33.735966972633371 ], [ 19.006972993996019, -33.736027488914722 ], [ 19.00770430295119, -33.736150580925745 ] ] ] } },
{ "type": "Feature", "properties": { "Municipali": "Drakenstein Local Municipality", "WardNo": "28", "WardLabel": "WC023_28", "Province": "Western Cape", "CLASSIFICATION": "Manufacturing", "PopGBlack": 864.56330336999997, "PopGColour": 2020.6082888000001, "PopGIndian": 74.924877268000003, "PopGWhite": 5772.7302665999996, "PopGOther": 115.7751317, "PopGTotal": 8848.6018676999993 }, "geometry": { "type": "Polygon", "coordinates": [ [ [ 19.073795902846573, -33.696197993377211 ], [ 19.074596899371134, -33.696723995155381 ], [ 19.07486690644533, -33.697016991581577 ], [ 19.074973902394376, -33.69737799653889 ], [ 19.074999908092643, -33.697856992548452 ], [ 19.075000905440945, -33.697896992594416 ], [ 19.075005908369803, -33.697922989296856 ], [ 19.075032902422429, -33.698050995199893 ], [ 19.071445902241177, -33.700560990424741 ], [ 19.073040906665515, -33.705592996759997 ], [ 19.076727905194819, -33.717225993655838 ], [ 19.087865907897463, -33.732540992215164 ], [ 19.096747908036772, -33.75173599522531 ], [ 19.113561903054773, -33.763176999517256 ], [ 19.115292908358899, -33.767197990705469 ], [ 19.116437906383126, -33.769858996514436 ], [ 19.156401908436894, -33.821637995056108 ], [ 19.214026912953425, -33.856936991801895 ], [ 19.214048920264766, -33.857067989749275 ], [ 19.17912991576188, -33.862369995780831 ], [ 19.164569910699306, -33.868519989747547 ], [ 19.146199906823824, -33.861399994964238 ], [ 19.142709912931675, -33.863409993212812 ], [ 19.141209911108337, -33.862439999734576 ], [ 19.141281909037247, -33.862367993716518 ], [ 19.143193911895374, -33.860465997743155 ], [ 19.132128911708776, -33.85397098954715 ], [ 19.122179905499944, -33.848129990831495 ], [ 19.120699916290199, -33.847259995669411 ], [ 19.106389907422276, -33.838859992235662 ], [ 19.094159914567772, -33.831669994249658 ], [ 19.089769906982703, -33.833869997658212 ], [ 19.084099905934409, -33.836699990543515 ], [ 19.059487904242793, -33.854034992150623 ], [ 19.055905907894584, -33.859534002010193 ], [ 19.055849899912456, -33.859619996083381 ], [ 19.051259904647033, -33.851439992947483 ], [ 19.050319906195995, -33.849529992994263 ], [ 19.05030990033821, -33.849499991610763 ], [ 19.049069900620029, -33.846469993965059 ], [ 19.046629892239245, -33.840479995606948 ], [ 19.041879901288333, -33.839859995769515 ], [ 19.034301903830478, -33.838859991883531 ], [ 19.031176904302374, -33.84391799489773 ], [ 19.031119899871335, -33.844009990146922 ], [ 19.027119900382534, -33.840189992028364 ], [ 19.019635900977079, -33.844761994191721 ], [ 19.019539901039927, -33.844819995966688 ], [ 19.020140901818763, -33.84519099059581 ], [ 19.020219898272927, -33.845239991956568 ], [ 19.020087902968271, -33.845272995276368 ], [ 19.016849898210943, -33.846079992006409 ], [ 18.995689901174615, -33.849769990297517 ], [ 18.994554909007476, -33.849969994119014 ], [ 18.994529902456794, -33.849939990936704 ], [ 18.994508900587501, -33.84990499381918 ], [ 18.994416898136624, -33.849756992389381 ], [ 18.994169895721161, -33.849489992665575 ], [ 18.994087899128054, -33.849355993680113 ], [ 18.994059899633363, -33.849309993357259 ], [ 18.994016898546658, -33.849289996931347 ], [ 18.993889898076699, -33.849229992365039 ], [ 18.993789900652704, -33.849279991073139 ], [ 18.993739901041309, -33.849297991902887 ], [ 18.993649901381239, -33.849329989780841 ], [ 18.993477897034481, -33.84941599194741 ], [ 18.992539899570673, -33.846609992941787 ], [ 18.98962989915864, -33.843409992843341 ], [ 18.986405016400109, -33.841516307479267 ], [ 18.984019899046327, -33.8404099929609 ], [ 18.982969898210726, -33.839039992728672 ], [ 18.980839898753789, -33.837649993367037 ], [ 18.977629897978677, -33.836929993421535 ], [ 18.976928897074686, -33.835618995012538 ], [ 18.976606895691564, -33.835423995011475 ], [ 18.976353901092939, -33.83527098885363 ], [ 18.975834896006347, -33.834872992080356 ], [ 18.975464898700992, -33.83440599032722 ], [ 18.975018897884723, -33.833670989704231 ], [ 18.974903898868018, -33.833501993601175 ], [ 18.974722902198696, -33.833233990234206 ], [ 18.974652906159797, -33.833085995999213 ], [ 18.974491897823469, -33.832741996322113 ], [ 18.974401898162569, -33.832459995008016 ], [ 18.974374896016091, -33.832373992840523 ], [ 18.974263893586631, -33.832114989889021 ], [ 18.974221898841012, -33.83201100217984 ], [ 18.974151894708179, -33.83183499226427 ], [ 18.974006900601108, -33.83163498753693 ], [ 18.973830899666137, -33.831423996691143 ], [ 18.973641899030195, -33.831281994638275 ], [ 18.973482901578635, -33.831161992700849 ], [ 18.973259893077135, -33.831028991962071 ], [ 18.972923887450012, -33.830827990784847 ], [ 18.972315897138312, -33.830356989745276 ], [ 18.971514899711089, -33.82994798976523 ], [ 18.970655908598154, -33.82960599197542 ], [ 18.970048898547496, -33.829134991835133 ], [ 18.969512897172521, -33.82889199501524 ], [ 18.969364895731808, -33.828523991533487 ], [ 18.9695788957223, -33.827923997139678 ], [ 18.969726897160083, -33.826927990778735 ], [ 18.969759900481293, -33.82610299230312 ], [ 18.96959489465797, -33.825688995693127 ], [ 18.969432896168211, -33.825418996730662 ], [ 18.969104894507911, -33.825227986122023 ], [ 18.968686901281036, -33.824935995136904 ], [ 18.968244898851619, -33.82463799578116 ], [ 18.967927900397626, -33.824561992274589 ], [ 18.967848895849453, -33.82454299319663 ], [ 18.967223900256649, -33.824518991187162 ], [ 18.966555896382335, -33.824416990976424 ], [ 18.9658308952711, -33.824261991019213 ], [ 18.965248901663713, -33.823940995098475 ], [ 18.965056899989811, -33.823790989978761 ], [ 18.964667888317216, -33.823484995650134 ], [ 18.964482886067113, -33.823265002590752 ], [ 18.964017894265968, -33.822709995879421 ], [ 18.963642893131844, -33.822077993711567 ], [ 18.963567895062734, -33.821673996663883 ], [ 18.963522899279031, -33.821429995303788 ], [ 18.963412895096436, -33.820847992745222 ], [ 18.963422900953834, -33.820670992676511 ], [ 18.963454897934298, -33.820195995053126 ], [ 18.963377897074544, -33.819608989566142 ], [ 18.963310893979134, -33.819242989774366 ], [ 18.963232894872665, -33.819038996553992 ], [ 18.963145896249696, -33.818813992472585 ], [ 18.962972886459934, -33.818551988483094 ], [ 18.962502898924971, -33.818257995606857 ], [ 18.962394898433061, -33.818183994891569 ], [ 18.962134897215577, -33.818012995997542 ], [ 18.961725896310885, -33.817990988685615 ], [ 18.961315898057958, -33.817967992119385 ], [ 18.960777893892882, -33.817952990525463 ], [ 18.960753456613112, -33.817952303443285 ], [ 18.960689897022039, -33.817559993085609 ], [ 18.95829989634284, -33.814829993080444 ], [ 18.956749896687175, -33.810529992622648 ], [ 18.956789896729966, -33.807609992861366 ], [ 18.957496518389252, -33.804744248303372 ], [ 18.958229896679804, -33.801769992446623 ], [ 18.961488665891537, -33.79964730914628 ], [ 18.963679897489332, -33.798219992438966 ], [ 18.964697296094446, -33.796571315697385 ], [ 18.966099173788272, -33.794945814487086 ], [ 18.968826562341466, -33.792847395792016 ], [ 18.971329897379633, -33.790199993146707 ], [ 18.971699897368865, -33.783679992843489 ], [ 18.972056809457342, -33.783411558257441 ], [ 18.969629899784028, -33.782988993341739 ], [ 18.969732898245848, -33.782817993550253 ], [ 18.970430904403532, -33.782154992656409 ], [ 18.971547894839837, -33.781230994117529 ], [ 18.972637897518961, -33.780299996155129 ], [ 18.973465867412592, -33.77952102588528 ], [ 18.973555091857129, -33.77947004062095 ], [ 18.973797272106623, -33.779202368206761 ], [ 18.974064944540675, -33.778909202710722 ], [ 18.974166915076591, -33.778399350063033 ], [ 18.974154168983276, -33.777902243506219 ], [ 18.974026705361521, -33.777456123112856 ], [ 18.97375903292609, -33.77702274791087 ], [ 18.973513204125354, -33.77662942221766 ], [ 18.97344037612125, -33.776512896160433 ], [ 18.973070732249244, -33.775964804336866 ], [ 18.973504106581395, -33.775862833809512 ], [ 18.973848257368434, -33.775888325994025 ], [ 18.976486744337851, -33.776296208126382 ], [ 18.977595673252953, -33.77656388054767 ], [ 18.982273570960736, -33.777328659544501 ], [ 18.982401034581489, -33.777303167362376 ], [ 18.982503004218803, -33.777188449842562 ], [ 18.982630467839353, -33.777060988030179 ], [ 18.982808916728157, -33.776857046072543 ], [ 18.983038349986376, -33.776793314717551 ], [ 18.984478683595327, -33.776857046081254 ], [ 18.984720863845212, -33.776844299991218 ], [ 18.985137608811794, -33.776638334560097 ], [ 18.983403945103273, -33.773947276102447 ], [ 18.983041687363496, -33.77317101008785 ], [ 18.982912308185369, -33.772524119644785 ], [ 18.982860558491847, -33.771903107194078 ], [ 18.982938185275774, -33.770557576621158 ], [ 18.983196940027451, -33.768125273811272 ], [ 18.983869705796586, -33.760543733550428 ], [ 18.983895580191248, -33.759663964563487 ], [ 18.983688576025273, -33.759120577993713 ], [ 18.982627677803325, -33.757516292976618 ], [ 18.99614733846423, -33.748050759129477 ], [ 18.996024991986118, -33.747953601770867 ], [ 18.996752270178504, -33.747342493557845 ], [ 18.998179899061043, -33.746299993153052 ], [ 18.999877995470506, -33.745093451012309 ], [ 19.001429899876285, -33.743929992692259 ], [ 19.001910490416986, -33.743645699908498 ], [ 19.004160492711605, -33.742516383454145 ], [ 19.004463539981085, -33.742512046025475 ], [ 19.00545345440413, -33.74212957965252 ], [ 19.006522109873909, -33.741803357780086 ], [ 19.007624514204583, -33.741510883866866 ], [ 19.008490688200787, -33.741330898952718 ], [ 19.00917687906459, -33.74127465445622 ], [ 19.009733917380117, -33.74080714009429 ], [ 19.009806824524095, -33.740745950222504 ], [ 19.011505426353285, -33.740340986412789 ], [ 19.011690968195765, -33.740297836941963 ], [ 19.012472841535807, -33.74011600481991 ], [ 19.0143851753582, -33.739744788071242 ], [ 19.015015119919191, -33.7396885417756 ], [ 19.015442583905781, -33.739699791397385 ], [ 19.015735057845216, -33.739744788078198 ], [ 19.016442981724083, -33.738226343059878 ], [ 19.016642853364154, -33.737751760924134 ], [ 19.016702473024115, -33.737719964494197 ], [ 19.01692745373769, -33.737393741717959 ], [ 19.01712990373472, -33.737176997011865 ], [ 19.017816706136568, -33.736737828382175 ], [ 19.018047902964938, -33.736589992429309 ], [ 19.018217903621881, -33.736519988302632 ], [ 19.018534902074787, -33.736389995799016 ], [ 19.019101903080877, -33.736164991721076 ], [ 19.021143890372471, -33.73569698453823 ], [ 19.022849903514196, -33.735172991858335 ], [ 19.023294398862475, -33.73502019974282 ], [ 19.023586874600046, -33.734896460225194 ], [ 19.023735814032371, -33.734774957320752 ], [ 19.024014335887863, -33.734547740909058 ], [ 19.02458803594363, -33.73400778795493 ], [ 19.024925506564337, -33.733546578738761 ], [ 19.025634195766951, -33.732477921548451 ], [ 19.026252891605115, -33.731600497996411 ], [ 19.026792844598063, -33.730756822403094 ], [ 19.026930454370103, -33.730476506419656 ], [ 19.027096567256972, -33.730138125708422 ], [ 19.027209058063075, -33.729800654211573 ], [ 19.027221156643218, -33.729703874568813 ], [ 19.027242805124757, -33.729530677733202 ], [ 19.027920851727085, -33.72953926086636 ], [ 19.028131477461805, -33.72954192735731 ], [ 19.028626434672947, -33.729440686180304 ], [ 19.028885162449033, -33.729339445002239 ], [ 19.028924494301425, -33.729303138472105 ], [ 19.029177636387622, -33.729069469424481 ], [ 19.029683841419811, -33.728642006369661 ], [ 19.03060626261675, -33.728248290376719 ], [ 19.031101218928331, -33.728023310580035 ], [ 19.032957306446576, -33.727640843312045 ], [ 19.032991053509264, -33.727955816470072 ], [ 19.033137292277779, -33.728090803810765 ], [ 19.033259148625021, -33.728183119219516 ], [ 19.037370904164806, -33.727271989094895 ], [ 19.044136909082358, -33.725784994298664 ], [ 19.046838905274761, -33.727910996128237 ], [ 19.047715906209913, -33.728576989074526 ], [ 19.047893901840467, -33.728683993110508 ], [ 19.049499902271034, -33.729922996297482 ], [ 19.052460901426702, -33.72946999700541 ], [ 19.067215906580817, -33.72710499593294 ], [ 19.072466848716896, -33.726262955330554 ], [ 19.072397314929802, -33.725993511250266 ], [ 19.071982925288356, -33.725623522064161 ], [ 19.071598137733165, -33.725149935475024 ], [ 19.071420542300622, -33.724779945390729 ], [ 19.071390943810769, -33.724395156063729 ], [ 19.071390943809192, -33.723521981805206 ], [ 19.071405742153694, -33.723107593091733 ], [ 19.071183748088004, -33.72273760300731 ], [ 19.071006153554698, -33.722293616704981 ], [ 19.070902556143718, -33.721864428747388 ], [ 19.070872957653592, -33.721376041117722 ], [ 19.07076936114214, -33.721035651319696 ], [ 19.070473368155533, -33.720739660150855 ], [ 19.070044180169038, -33.720458468224997 ], [ 19.069348600383488, -33.720147676011919 ], [ 19.068919412396884, -33.719866484085948 ], [ 19.068623421209065, -33.71961489154728 ], [ 19.068386626999121, -33.719067306942165 ], [ 19.068312629876104, -33.718726917144295 ], [ 19.068371828652385, -33.718297729187498 ], [ 19.068608621061543, -33.717661347324452 ], [ 19.069008209657522, -33.716728973395561 ], [ 19.069363400519457, -33.715707802206175 ], [ 19.069526195806258, -33.715101019729296 ], [ 19.069629793214869, -33.714213044429101 ], [ 19.069659392602539, -33.713739458741266 ], [ 19.069629793213132, -33.713251071111685 ], [ 19.069496596413412, -33.712703487406394 ], [ 19.069555795189451, -33.712141103559155 ], [ 19.069674191843056, -33.711460322166054 ], [ 19.069748188964436, -33.710942336949124 ], [ 19.069733390618566, -33.71060194625209 ], [ 19.069481797164276, -33.710202358579643 ], [ 19.069378200652658, -33.709817568352825 ], [ 19.069363400507886, -33.709284782992441 ], [ 19.069392998995905, -33.708648402027727 ], [ 19.069496596405283, -33.708189615583905 ], [ 19.069511395649268, -33.707834425643576 ], [ 19.069274603238117, -33.707360838155779 ], [ 19.068771417229605, -33.706961250482074 ], [ 19.068505024530925, -33.706694856901244 ], [ 19.068327429098197, -33.70623606955666 ], [ 19.068312629851523, -33.705096502617963 ], [ 19.068179433051053, -33.704134529299893 ], [ 19.068164634704864, -33.703616543183053 ], [ 19.068253431070218, -33.70272856968144 ], [ 19.068371828623143, -33.702062588431282 ], [ 19.068327429089774, -33.701544603213648 ], [ 19.068135034412158, -33.700937820735064 ], [ 19.067943749498291, -33.700438682608805 ], [ 19.067928279358718, -33.700090608104304 ], [ 19.068206737357983, -33.697654091071513 ], [ 19.068431052572642, -33.697228668576919 ], [ 19.068887416273604, -33.696880594074869 ], [ 19.069343779075638, -33.696741365534436 ], [ 19.070039926332665, -33.696664015747984 ], [ 19.070129702061429, -33.696669145481344 ], [ 19.070581375798184, -33.696694955127022 ], [ 19.071285257225327, -33.696594400133847 ], [ 19.071625596683607, -33.696493845138754 ], [ 19.072086075682662, -33.696243204985933 ], [ 19.072236659974852, -33.696161242573929 ], [ 19.072406828804638, -33.696099362023368 ], [ 19.072646612360145, -33.696052952510321 ], [ 19.073305903598722, -33.696077990538811 ], [ 19.073612902488779, -33.696152997596364 ], [ 19.073795902846573, -33.696197993377211 ] ] ] } },
{ "type": "Feature", "properties": { "Municipali": "Drakenstein Local Municipality", "WardNo": "29", "WardLabel": "WC023_29", "Province": "Western Cape", "CLASSIFICATION": "Manufacturing", "PopGBlack": 138.76061842, "PopGColour": 3789.6876773, "PopGIndian": 57.846765616, "PopGWhite": 3053.552243, "PopGOther": 79.6958307, "PopGTotal": 7119.543135 }, "geometry": { "type": "Polygon", "coordinates": [ [ [ 19.006777500974657, -33.640534457629926 ], [ 19.010655703479397, -33.646214146722926 ], [ 19.009826225423225, -33.64677722304414 ], [ 19.01094796698014, -33.647709580793176 ], [ 19.011004768164693, -33.647772812126583 ], [ 19.011778106040698, -33.648633698952096 ], [ 19.010194900728543, -33.649432564020181 ], [ 19.010070839243607, -33.6494951640286 ], [ 19.011572741345685, -33.651580422066992 ], [ 19.011694896267741, -33.651512983705992 ], [ 19.012115898624817, -33.651285993924162 ], [ 19.01275789769889, -33.650943996142139 ], [ 19.013103900189247, -33.650759991255889 ], [ 19.013711899491678, -33.650432995064769 ], [ 19.013967903221303, -33.650293994051879 ], [ 19.014341897112224, -33.650092991979072 ], [ 19.014827899773273, -33.649833997124553 ], [ 19.014675900846537, -33.649650988684499 ], [ 19.01459690349288, -33.649555994195616 ], [ 19.015192901341667, -33.6492129909713 ], [ 19.015857897880611, -33.648827993005106 ], [ 19.016372896485095, -33.648530991002438 ], [ 19.016779902691951, -33.648295990059736 ], [ 19.017132903706873, -33.64809199594233 ], [ 19.017187897253773, -33.648060996311642 ], [ 19.017715903653173, -33.6477559912421 ], [ 19.017891897392637, -33.647653990136497 ], [ 19.019614898728584, -33.646658990125133 ], [ 19.021577624265191, -33.645526223869965 ], [ 19.022349883850769, -33.644829645888507 ], [ 19.02264516457447, -33.644957503404889 ], [ 19.02347139697839, -33.645334903906239 ], [ 19.023772862340252, -33.645440681267594 ], [ 19.024160027703321, -33.645576529260737 ], [ 19.02460703485891, -33.645697340589649 ], [ 19.025029879027841, -33.645769828646777 ], [ 19.025501048270275, -33.645806072227003 ], [ 19.025825408574136, -33.645799833631663 ], [ 19.02612927422647, -33.645793990737907 ], [ 19.026829987343373, -33.64570942299283 ], [ 19.027615268214497, -33.645528203309183 ], [ 19.028363105809561, -33.645332331870492 ], [ 19.029045247025291, -33.645176755455189 ], [ 19.029870998290939, -33.64514085272468 ], [ 19.030648880439333, -33.645188721842679 ], [ 19.031426761688735, -33.645368233721861 ], [ 19.032108904703627, -33.645595613815161 ], [ 19.032838916836106, -33.646002505783862 ], [ 19.033640732644873, -33.64660087690654 ], [ 19.034107462833934, -33.647067606165677 ], [ 19.034645995799668, -33.64758220543834 ], [ 19.034736613293845, -33.647476971269398 ], [ 19.035016985954055, -33.647151378019039 ], [ 19.035483715242243, -33.646744486056519 ], [ 19.036117565558008, -33.646383339010072 ], [ 19.036512912053539, -33.646158083121044 ], [ 19.037542109764843, -33.646050375821375 ], [ 19.038415730147889, -33.646313659549698 ], [ 19.040186907274446, -33.648695174056662 ], [ 19.043418109566275, -33.652883768306026 ], [ 19.044016479827736, -33.653518041263141 ], [ 19.044459273659147, -33.653829193203812 ], [ 19.047032267490401, -33.655540533824677 ], [ 19.058880005299564, -33.657251873593381 ], [ 19.068381905445449, -33.655827993232201 ], [ 19.069444905974926, -33.655446991855079 ], [ 19.074913905852725, -33.659965995236618 ], [ 19.079273903073311, -33.663509993219286 ], [ 19.08969190758469, -33.671973992394143 ], [ 19.089949906010421, -33.672182996637815 ], [ 19.101435914850672, -33.667232986054977 ], [ 19.104414907639995, -33.668754994205379 ], [ 19.115315897548967, -33.662766991508484 ], [ 19.123834906982378, -33.675404994304316 ], [ 19.107211905540243, -33.685809991127094 ], [ 19.090380906151641, -33.684476991624585 ], [ 19.086660904330262, -33.688933994799001 ], [ 19.068507908622749, -33.687582992659912 ], [ 19.065724905996291, -33.686780990734363 ], [ 19.054646900679177, -33.683588995460653 ], [ 19.054336899853247, -33.68440899100635 ], [ 19.049495247324497, -33.699788429508381 ], [ 19.048302588825752, -33.699080920257494 ], [ 19.046513462132378, -33.698019573643357 ], [ 19.035914637211878, -33.696153115217037 ], [ 19.034488128884522, -33.695913141014039 ], [ 19.032035067751469, -33.695486521508037 ], [ 19.031928413545131, -33.695419862858053 ], [ 19.031635113128811, -33.695326539308454 ], [ 19.031266530458705, -33.695204838550474 ], [ 19.030221935452509, -33.694859924258438 ], [ 19.0275289010054, -33.694166668354782 ], [ 19.026462353546915, -33.694179999899312 ], [ 19.026462353547242, -33.694358025195072 ], [ 19.026462353547331, -33.694406640746358 ], [ 19.025502459395458, -33.694259990993181 ], [ 19.020583004677516, -33.693806708374311 ], [ 19.020547523722019, -33.693635213955005 ], [ 19.020503013572412, -33.693420084429938 ], [ 19.019180834703327, -33.693482714109848 ], [ 19.01796996133443, -33.693540071065051 ], [ 19.015983514376014, -33.693353424857833 ], [ 19.014052797509756, -33.693405325622379 ], [ 19.013503789240577, -33.693420084393665 ], [ 19.013122318385932, -33.693777055889129 ], [ 19.012050616913609, -33.694779933964995 ], [ 19.011122305156963, -33.695678930452615 ], [ 19.010784091695612, -33.696006464439769 ], [ 19.010610777037364, -33.696446414582951 ], [ 19.010477457931859, -33.697166335370753 ], [ 19.01098406946085, -33.698232882757765 ], [ 19.011144051670676, -33.698752825800149 ], [ 19.011144051671458, -33.699166112844125 ], [ 19.010929517483635, -33.699651333060352 ], [ 19.010376897536016, -33.699218996573855 ], [ 19.009787897310826, -33.698698995073336 ], [ 19.009281899120662, -33.698250990598368 ], [ 19.008106898808695, -33.69721298858888 ], [ 19.006655899238631, -33.695932996102222 ], [ 19.005484933289232, -33.696762921957415 ], [ 19.005388143746902, -33.696666134220315 ], [ 19.004546505956512, -33.697307382311699 ], [ 19.004517045962842, -33.69732982669187 ], [ 19.001157096715108, -33.694827149214973 ], [ 19.00070119256511, -33.694491926020156 ], [ 18.997396164918079, -33.692061759081476 ], [ 18.995045584230791, -33.690278083291076 ], [ 18.994988023119074, -33.690249004611715 ], [ 18.995028917093901, -33.690170188927127 ], [ 18.996337444250212, -33.687648239902465 ], [ 18.996371747093256, -33.687559050537956 ], [ 18.996386401546999, -33.687520950759442 ], [ 18.997678861418624, -33.687315333370741 ], [ 19.001058902413728, -33.685275992943033 ], [ 19.014783286261334, -33.681936479303438 ], [ 19.01446348192232, -33.681552163018196 ], [ 19.013089611814564, -33.680505406107592 ], [ 19.01190110638273, -33.679447744918043 ], [ 19.011061519943514, -33.678564544113605 ], [ 19.010885161078573, -33.678297412189764 ], [ 19.010408047315394, -33.677574724184879 ], [ 19.010320067532341, -33.677441459945506 ], [ 19.009131561199645, -33.675620537839471 ], [ 19.008291973860111, -33.674290284944718 ], [ 19.006983527633647, -33.67154254671734 ], [ 19.007113586697962, -33.671561248119978 ], [ 19.010320067522255, -33.672022309865888 ], [ 19.010336897436019, -33.671874991022108 ], [ 19.010505907937709, -33.670938991025515 ], [ 19.010633898561089, -33.670922001933462 ], [ 19.017754898300673, -33.670006995746959 ], [ 19.017358904285782, -33.666286986969411 ], [ 19.017638901929438, -33.666249987063232 ], [ 19.016962903075836, -33.662315993596415 ], [ 19.009603900428417, -33.658360992830879 ], [ 19.007756905950419, -33.656853992571648 ], [ 19.007629898285813, -33.656745992087103 ], [ 19.007571464831642, -33.656696262275446 ], [ 19.007441903092307, -33.656585997297938 ], [ 19.006214901277943, -33.655564991575552 ], [ 19.005059897396471, -33.6564229942651 ], [ 19.004854898719714, -33.656211993526732 ], [ 19.003017902903355, -33.654117989579596 ], [ 19.002920897523754, -33.654007993499519 ], [ 19.002497900469667, -33.653979994004679 ], [ 19.002310113919105, -33.653967363924835 ], [ 19.00204620334782, -33.653290376769405 ], [ 19.001944686968212, -33.653029962781687 ], [ 19.000817018881065, -33.653658234553795 ], [ 19.000280901495316, -33.654066992609131 ], [ 18.999813899709903, -33.653425991824442 ], [ 18.99931390179604, -33.652708993829883 ], [ 18.998505898649057, -33.651586985250489 ], [ 18.999017897115341, -33.651331995077364 ], [ 19.000242239631543, -33.650722777242002 ], [ 18.993331087700753, -33.648027862463863 ], [ 18.992633899025702, -33.647753995514478 ], [ 18.992451497615793, -33.647751747208389 ], [ 18.992146964665462, -33.647533107628007 ], [ 18.991483238864173, -33.645869889739366 ], [ 18.991475430947812, -33.64493286541402 ], [ 18.991131854827266, -33.64460490694335 ], [ 18.990835130690407, -33.644120778501502 ], [ 18.990757044349277, -33.64366788351542 ], [ 18.990788278704699, -33.643199370903332 ], [ 18.991077195823344, -33.642090558981529 ], [ 18.99356811752498, -33.643722542525701 ], [ 18.995059547919535, -33.644706417940306 ], [ 18.995380898192245, -33.644393995261488 ], [ 18.996324530801367, -33.643628841277014 ], [ 18.996035615478764, -33.64330088190728 ], [ 18.996186898544742, -33.643218995038353 ], [ 18.996331899845771, -33.64310899086567 ], [ 18.997144427479128, -33.642465368563947 ], [ 18.996941405512342, -33.64230138977809 ], [ 18.996832085714843, -33.642129601280033 ], [ 18.996996896384264, -33.642123996705955 ], [ 18.99728089960875, -33.642070989766601 ], [ 18.997608901268201, -33.64199799359649 ], [ 18.99800930824993, -33.641857357616935 ], [ 19.000469417377243, -33.643840819599347 ], [ 19.00136220861209, -33.644608305535542 ], [ 19.003570691903409, -33.643480570089373 ], [ 19.003553335885947, -33.643459259754067 ], [ 19.002333314608624, -33.641961259013804 ], [ 19.002458618956641, -33.64178896599735 ], [ 19.003774311015253, -33.641084131343192 ], [ 19.003804588492873, -33.641125762759486 ], [ 19.004275526611082, -33.641773302514821 ], [ 19.004390896148074, -33.64174698565445 ], [ 19.004611901858507, -33.64163199384199 ], [ 19.00604690248478, -33.640899995165931 ], [ 19.006777500974657, -33.640534457629926 ] ] ] } },
{ "type": "Feature", "properties": { "Municipali": "Drakenstein Local Municipality", "WardNo": "30", "WardLabel": "WC023_30", "Province": "Western Cape", "CLASSIFICATION": "Manufacturing", "PopGBlack": 611.98753735000003, "PopGColour": 13268.463823, "PopGIndian": 23.621676328, "PopGWhite": 57.769772636, "PopGOther": 233.2372818, "PopGTotal": 14195.080091 }, "geometry": { "type": "Polygon", "coordinates": [ [ [ 19.0740298975084, -33.131689992136913 ], [ 19.065739905865488, -33.14955998881382 ], [ 19.082359914443117, -33.165359992688096 ], [ 19.079975905981769, -33.179513996094812 ], [ 19.079959907940914, -33.179609996025327 ], [ 19.077441901365631, -33.178990992646774 ], [ 19.057807902918462, -33.200056991859213 ], [ 19.057729903812696, -33.200139993887781 ], [ 19.075098908313571, -33.213041994522648 ], [ 19.054955901619071, -33.214139993787882 ], [ 19.022395897876429, -33.215914989129942 ], [ 19.00925590162036, -33.216628994104532 ], [ 19.005389901129572, -33.219309996312155 ], [ 19.005240937415213, -33.2194266923402 ], [ 18.99245664371222, -33.208832230690611 ], [ 18.989526589317016, -33.206734928023188 ], [ 18.98534740528525, -33.203804872918006 ], [ 18.983820692684226, -33.202771643607932 ], [ 18.982633249348034, -33.200504706329248 ], [ 18.979795722600901, -33.194660018623949 ], [ 18.983430203405611, -33.188591558946335 ], [ 18.978035081924549, -33.190525658896171 ], [ 18.977527617839307, -33.190707580951603 ], [ 18.972493515725962, -33.190619703668595 ], [ 18.972518623001839, -33.191347827173736 ], [ 18.971740282196052, -33.190996319952511 ], [ 18.970635541422695, -33.190632257294389 ], [ 18.967032580047078, -33.189615393834771 ], [ 18.956603401403857, -33.186524873559094 ], [ 18.956525070447807, -33.18650166115728 ], [ 18.956529895310666, -33.186339988234231 ], [ 18.956749895573871, -33.18217999514146 ], [ 18.956849893893832, -33.179629984564457 ], [ 18.956879895278675, -33.179009991046044 ], [ 18.957189895203371, -33.175590001502947 ], [ 18.956464894083652, -33.170219993972616 ], [ 18.956229893119946, -33.169089990423089 ], [ 18.956139893458595, -33.168489995128311 ], [ 18.95596989279932, -33.16739999072589 ], [ 18.956053899377256, -33.167345995430608 ], [ 18.973489898927188, -33.156229991918877 ], [ 18.977909900730793, -33.153479992828139 ], [ 18.980099897560908, -33.152109992613973 ], [ 18.988259896739937, -33.149309993037548 ], [ 18.990589900036067, -33.148449989363755 ], [ 18.990919897291594, -33.148349991049336 ], [ 19.000119900435223, -33.145529995952167 ], [ 19.002489896585416, -33.145459992737528 ], [ 19.006189901104843, -33.145359994442302 ], [ 19.006229902052958, -33.145359994442515 ], [ 19.006499901033695, -33.145289991215968 ], [ 19.008179902185582, -33.144839992056859 ], [ 19.012379895622033, -33.143709988532557 ], [ 19.019829903366425, -33.141709990770892 ], [ 19.029079898019255, -33.141649992552615 ], [ 19.038079898208593, -33.141479991957766 ], [ 19.039399899818822, -33.141459995539336 ], [ 19.050949903564256, -33.142039994471958 ], [ 19.05511990280068, -33.14020998834318 ], [ 19.05605990124862, -33.140099992268716 ], [ 19.06148990471506, -33.135959996529962 ], [ 19.063939902752601, -33.134059995257331 ], [ 19.07241990048804, -33.127659990640431 ], [ 19.0740298975084, -33.131689992136913 ] ] ] } },
{ "type": "Feature", "properties": { "Municipali": "Drakenstein Local Municipality", "WardNo": "31", "WardLabel": "WC023_31", "Province": "Western Cape", "CLASSIFICATION": "Manufacturing", "PopGBlack": 1282.5822526, "PopGColour": 8803.417284, "PopGIndian": 39.964206648000001, "PopGWhite": 541.23290654000004, "PopGOther": 85.7807936, "PopGTotal": 10752.977443 }, "geometry": { "type": "Polygon", "coordinates": [ [ [ 18.971740282196052, -33.190996319952511 ], [ 18.972518623001839, -33.191347827173736 ], [ 18.972493515725962, -33.190619703668595 ], [ 18.977527617839307, -33.190707580951603 ], [ 18.978035081924549, -33.190525658896171 ], [ 18.983430203405611, -33.188591558946335 ], [ 18.979795722600901, -33.194660018623949 ], [ 18.982633249348034, -33.200504706329248 ], [ 18.983820692684226, -33.202771643607932 ], [ 18.98534740528525, -33.203804872918006 ], [ 18.989526589317016, -33.206734928023188 ], [ 18.99245664371222, -33.208832230690611 ], [ 19.005240937415213, -33.2194266923402 ], [ 19.005389901129572, -33.219309996312155 ], [ 19.00925590162036, -33.216628994104532 ], [ 19.022395897876429, -33.215914989129942 ], [ 19.054955901619071, -33.214139993787882 ], [ 19.075098908313571, -33.213041994522648 ], [ 19.075189905321881, -33.2131099958604 ], [ 19.078679907346231, -33.229149995442555 ], [ 19.078599905451892, -33.230429988820553 ], [ 19.077989911462634, -33.237012992926559 ], [ 19.077979905604966, -33.237119996961681 ], [ 19.064014900948681, -33.231693990375767 ], [ 19.063099902755894, -33.231338994683888 ], [ 19.062999905331949, -33.231299991985537 ], [ 19.064359898918127, -33.247909992661711 ], [ 19.065219904477349, -33.258489994943005 ], [ 19.065883902779635, -33.266597992041703 ], [ 19.06588990305687, -33.26666998996614 ], [ 19.05777890706732, -33.267439994855032 ], [ 19.057669906529792, -33.267449993516962 ], [ 19.067797899481601, -33.291864989952622 ], [ 19.066649902220984, -33.292829994878588 ], [ 19.063779908170066, -33.295239991789614 ], [ 19.062519903038751, -33.296269989819912 ], [ 19.061719903863448, -33.296949995993678 ], [ 19.061799904860433, -33.297069989836913 ], [ 19.062889900345354, -33.298619990276606 ], [ 19.06345990239009, -33.299409991637994 ], [ 19.063999900350822, -33.299869995767267 ], [ 19.065019900695368, -33.300529996531829 ], [ 19.066469902913163, -33.301379996168244 ], [ 19.068139905399079, -33.302429989740681 ], [ 19.069039902899153, -33.302999990850708 ], [ 19.069389903775882, -33.303449990021214 ], [ 19.069739904653058, -33.304219994955623 ], [ 19.069949907159675, -33.305949994698302 ], [ 19.070289900380605, -33.306879995320131 ], [ 19.070559901160102, -33.307479990615832 ], [ 19.07111990364201, -33.308169993660734 ], [ 19.071729904835767, -33.308889991794146 ], [ 19.072029915094152, -33.309089995623033 ], [ 19.072579903624117, -33.309699989582661 ], [ 19.072799903892715, -33.310079992718897 ], [ 19.073059905109037, -33.310279989352985 ], [ 19.073139907005555, -33.31053998965249 ], [ 19.073189905717641, -33.310719989859777 ], [ 19.07340990598637, -33.3111999913124 ], [ 19.073539899400185, -33.311449993848903 ], [ 19.073839900665302, -33.311719992812108 ], [ 19.073969901274371, -33.312429993179691 ], [ 19.074189900643475, -33.312740001181702 ], [ 19.074669903027626, -33.313309986101721 ], [ 19.07510990356425, -33.313829995695372 ], [ 19.075589905049103, -33.314399988709276 ], [ 19.076339905514033, -33.315149990025581 ], [ 19.076999906318701, -33.31564999600009 ], [ 19.078249904695198, -33.316809993743668 ], [ 19.078679907467798, -33.317249995151322 ], [ 19.079079906156803, -33.317569992823557 ], [ 19.079429907033195, -33.317899989157979 ], [ 19.079819901663207, -33.318339989666129 ], [ 19.080119903827654, -33.318639991811423 ], [ 19.080689904971845, -33.318919988539193 ], [ 19.081349905775799, -33.319009997189795 ], [ 19.081829914454328, -33.319089990989063 ], [ 19.082039900770731, -33.319179989744661 ], [ 19.082609901914484, -33.319179989747681 ], [ 19.082999903738276, -33.319089990995217 ], [ 19.083639908114357, -33.3186999972949 ], [ 19.083729907774259, -33.318669994113272 ], [ 19.083849901625818, -33.319189995611332 ], [ 19.08386989895239, -33.319299992590366 ], [ 19.083949908043248, -33.319469994135275 ], [ 19.083969904470489, -33.319609993397052 ], [ 19.086689902404984, -33.332609990377378 ], [ 19.083079904780654, -33.350949990768484 ], [ 19.083219904071331, -33.364409991861564 ], [ 19.083479904400036, -33.37266998877292 ], [ 19.083599907245997, -33.373959996102883 ], [ 19.084029901931434, -33.378989992447728 ], [ 19.084119901592778, -33.379999994059531 ], [ 19.084809912804936, -33.400149996105284 ], [ 19.086149902773034, -33.418699990918057 ], [ 19.086349906632499, -33.431069990308089 ], [ 19.095012904763081, -33.458155989400453 ], [ 19.111329902975104, -33.509169993928602 ], [ 19.099529904840782, -33.529869993395927 ], [ 19.107039909948085, -33.541139990657854 ], [ 19.107589905675717, -33.544189991021007 ], [ 19.104509909146792, -33.558599990042602 ], [ 19.106465910497821, -33.590015991831685 ], [ 19.106469908883994, -33.590079994783139 ], [ 19.102399453823633, -33.590818390324188 ], [ 19.093371616051321, -33.592468305392288 ], [ 19.087912663413494, -33.593468927946631 ], [ 19.083865702236771, -33.59186793233517 ], [ 19.082842843848002, -33.591456564439241 ], [ 19.082142407724589, -33.591839280825369 ], [ 19.081567691435669, -33.592114665823686 ], [ 19.081118694081795, -33.592180520476987 ], [ 19.080340431521492, -33.592030853499338 ], [ 19.079717822732462, -33.591947041178038 ], [ 19.078650753670033, -33.592307670212818 ], [ 19.078223907519565, -33.592800996916878 ], [ 19.078155311725958, -33.592880955639721 ], [ 19.077784140807953, -33.593036607599828 ], [ 19.0769160800367, -33.593365871879861 ], [ 19.075694807810564, -33.594245907060042 ], [ 19.075174904304902, -33.59468599659639 ], [ 19.0747499044626, -33.595136993110906 ], [ 19.074211901200297, -33.595631995251367 ], [ 19.066743899849975, -33.601953993581695 ], [ 19.067949872822883, -33.609308528779216 ], [ 19.070949402539043, -33.612276800565851 ], [ 19.068781386952644, -33.614810718663449 ], [ 19.064783212196861, -33.612350879490208 ], [ 19.066391224404356, -33.610325447068519 ], [ 19.059635895335276, -33.606258243291357 ], [ 19.052500962418129, -33.611519733186206 ], [ 19.037978753084023, -33.61912650025814 ], [ 19.034405366845789, -33.62800186005925 ], [ 19.035143409929205, -33.630929042709532 ], [ 19.034719902063241, -33.632309993379202 ], [ 19.030030709778138, -33.630936970206932 ], [ 19.027435382180808, -33.629935683911974 ], [ 19.025783041478629, -33.62858657582705 ], [ 19.024326841262084, -33.626058060760265 ], [ 19.024161410825634, -33.62610271037785 ], [ 19.023339068890028, -33.626171238713525 ], [ 19.021945656514944, -33.626079866686958 ], [ 19.020814937027968, -33.626274031210343 ], [ 19.018850453315824, -33.626982159178596 ], [ 19.015839959064639, -33.628021506551868 ], [ 19.00790207717829, -33.632275984176907 ], [ 19.007542872637949, -33.631744316671963 ], [ 19.005783975754071, -33.63046511918435 ], [ 19.004835997616208, -33.628671957352289 ], [ 19.003802360844187, -33.625976503911467 ], [ 19.000558678629393, -33.60857026956468 ], [ 18.999599494027265, -33.600597965771883 ], [ 18.999442717901616, -33.60056367102414 ], [ 18.999293558134319, -33.600205687788623 ], [ 18.998187615864708, -33.597682758490073 ], [ 18.997853530289163, -33.596645939093492 ], [ 18.997792897991548, -33.596144990632581 ], [ 18.997761367757747, -33.595828002993244 ], [ 18.997761367757061, -33.595447837080904 ], [ 18.997876570019265, -33.594929425585441 ], [ 18.998314339336105, -33.593685241414619 ], [ 18.999755325845616, -33.590027697757478 ], [ 18.991892898868119, -33.589587992186949 ], [ 18.991468252457011, -33.589563323780972 ], [ 18.990226224767103, -33.588130215421344 ], [ 18.986527946938242, -33.583983404570247 ], [ 18.982288912118598, -33.579631411592274 ], [ 18.977883819267952, -33.574828637034614 ], [ 18.976874319403869, -33.573757954561856 ], [ 18.976354273800837, -33.572993181882033 ], [ 18.975172425145523, -33.569952432840914 ], [ 18.974717898754875, -33.568782991320525 ], [ 18.974474901019221, -33.567837990906689 ], [ 18.974282900242748, -33.566643991600678 ], [ 18.974103881181751, -33.565832813005777 ], [ 18.974136571534945, -33.562808955037873 ], [ 18.974288901397095, -33.554434985246246 ], [ 18.974312895309495, -33.553578994334174 ], [ 18.974207019003369, -33.546228786679229 ], [ 18.974327895964766, -33.532584993837631 ], [ 18.97435389356778, -33.532268993654164 ], [ 18.974460897609855, -33.531862993817221 ], [ 18.975906886149968, -33.527783983782143 ], [ 18.980537895879568, -33.515231982319555 ], [ 18.980671893973984, -33.514735997218111 ], [ 18.980696901422974, -33.514195992100476 ], [ 18.980715900494491, -33.509982992065893 ], [ 18.98071489505109, -33.509193995250264 ], [ 18.98065189752305, -33.501160989022551 ], [ 18.980690513513196, -33.499954566483005 ], [ 18.980590109588341, -33.495916043018745 ], [ 18.980445078607772, -33.495045862602481 ], [ 18.980322360708541, -33.494365337514886 ], [ 18.979753397376676, -33.492468792320189 ], [ 18.979307152844218, -33.491676706330871 ], [ 18.977566793682801, -33.489434321440619 ], [ 18.972780806439424, -33.484112839507361 ], [ 18.96890962313913, -33.479817724153619 ], [ 18.966142900024373, -33.476816720641395 ], [ 18.96512768946106, -33.473971902398617 ], [ 18.963666234363831, -33.469721411418213 ], [ 18.96074332416898, -33.461276209907382 ], [ 18.955734215115861, -33.461912110606306 ], [ 18.954074894771704, -33.462105987343243 ], [ 18.954189885694003, -33.461949990042235 ], [ 18.954279893447865, -33.461679990181828 ], [ 18.954359894444423, -33.461319984372253 ], [ 18.954409894055395, -33.460989995234449 ], [ 18.954399895391663, -33.460719996272843 ], [ 18.954349896679016, -33.460449989217054 ], [ 18.954279893445406, -33.460269989009618 ], [ 18.954089895461017, -33.46008999060016 ], [ 18.953899897476632, -33.459969995856994 ], [ 18.953669899443319, -33.459839995256466 ], [ 18.953439892416899, -33.45973998974425 ], [ 18.953229898904667, -33.459639991426677 ], [ 18.952969897687069, -33.459519988589207 ], [ 18.952709896469564, -33.459459991216711 ], [ 18.952389898775845, -33.459369992460303 ], [ 18.952169898506604, -33.459299988331608 ], [ 18.951759892159163, -33.459159989067622 ], [ 18.951449892229352, -33.459029989365916 ], [ 18.951009891690564, -33.458779994022194 ], [ 18.950669896669993, -33.458519993721175 ], [ 18.950489897348863, -33.458409989546723 ], [ 18.950179897418909, -33.458209993811522 ], [ 18.949899892579332, -33.457989993556907 ], [ 18.949639898556093, -33.4577599946399 ], [ 18.949339897289192, -33.457499993439725 ], [ 18.949099892498392, -33.45719999129463 ], [ 18.948889898086559, -33.456939990095066 ], [ 18.948699892008097, -33.456679989794885 ], [ 18.948599895482722, -33.456519994106948 ], [ 18.948599894582674, -33.456079993600802 ], [ 18.94858989591885, -33.455759995031222 ], [ 18.948689894242065, -33.455509992496026 ], [ 18.948819895749661, -33.455249991298274 ], [ 18.948869893562271, -33.455079990653338 ], [ 18.948859894898533, -33.454809991691732 ], [ 18.948809896185825, -33.454509989547716 ], [ 18.948789892563774, -33.454339988003092 ], [ 18.948769896136085, -33.454039994852387 ], [ 18.948759897472371, -33.453779993653953 ], [ 18.94870989786034, -33.453509993792842 ], [ 18.948749891613545, -33.453229988074924 ], [ 18.948799898419161, -33.452919988168304 ], [ 18.948909894506325, -33.452649989207373 ], [ 18.949059891541804, -33.4524399957116 ], [ 18.94912989567414, -33.452289990593101 ], [ 18.949219894435053, -33.452129995805507 ], [ 18.949319892758602, -33.452019991632625 ], [ 18.949439895603145, -33.451879992371516 ], [ 18.949649897208925, -33.451769996293137 ], [ 18.949789895581304, -33.451659991221199 ], [ 18.949949898474742, -33.451459996387939 ], [ 18.950049896798077, -33.451229989378966 ], [ 18.950079890988889, -33.451089990117445 ], [ 18.950289893493949, -33.450979994039052 ], [ 18.950489897335725, -33.450859992103474 ], [ 18.950649892135381, -33.450719993741991 ], [ 18.950839898213328, -33.450639992751704 ], [ 18.950999893012963, -33.450539994436198 ], [ 18.951269892893542, -33.450479988972873 ], [ 18.951529893211337, -33.450329992848687 ], [ 18.951709894330655, -33.450179995824769 ], [ 18.951959897783983, -33.450069991652725 ], [ 18.952179896254389, -33.450029990708607 ], [ 18.952339891953628, -33.450069991654857 ], [ 18.952459893899238, -33.450139993984344 ], [ 18.952549893559802, -33.450199991355923 ], [ 18.952709896453598, -33.450269994585 ], [ 18.952859893489467, -33.450249990066169 ], [ 18.952979895434716, -33.450169989075512 ], [ 18.953299894926545, -33.449899989216391 ], [ 18.953489892011042, -33.449769989517605 ], [ 18.953699886422203, -33.44966999120237 ], [ 18.954299897947468, -33.449279989408126 ], [ 18.954779898534238, -33.449029994069562 ], [ 18.955219891877363, -33.448709988308003 ], [ 18.95550989537935, -33.448479990293357 ], [ 18.955689894699884, -33.448269994999109 ], [ 18.955799898881011, -33.448059993409125 ], [ 18.955859897155463, -33.447859990481433 ], [ 18.955859897155065, -33.447629991565861 ], [ 18.955889898540075, -33.447259994288082 ], [ 18.955959893679072, -33.447069980130422 ], [ 18.956199898468796, -33.446789991500843 ], [ 18.95646989744974, -33.446559992586813 ], [ 18.956819899226325, -33.446269989107563 ], [ 18.957039898595742, -33.446049996050291 ], [ 18.957189895631256, -33.445839994460641 ], [ 18.957309898475508, -33.445559997736517 ], [ 18.957469894174061, -33.445219994648305 ], [ 18.95765990025124, -33.444729995434713 ], [ 18.957819895050317, -33.444329995874824 ], [ 18.958039895318802, -33.443939993179093 ], [ 18.958239899160198, -33.443639991036555 ], [ 18.958499900376928, -33.44333999069292 ], [ 18.958719891652585, -33.44319999143238 ], [ 18.958829895833993, -33.443109983685325 ], [ 18.959089897051165, -33.44301999122743 ], [ 18.959339892410458, -33.442869994203988 ], [ 18.959569899436257, -33.442639996188909 ], [ 18.959669896860209, -33.442419996835731 ], [ 18.959719896471093, -33.442039992801632 ], [ 18.959669896859111, -33.441779991602992 ], [ 18.959519899822901, -33.441519990403741 ], [ 18.959419894304144, -33.441249991441559 ], [ 18.95936989469201, -33.440899990589095 ], [ 18.959279895031109, -33.44062999162697 ], [ 18.959179896707077, -33.440379996285159 ], [ 18.959039898334083, -33.44014999017412 ], [ 18.958679898791974, -33.439519991695775 ], [ 18.958419897573869, -33.439070000619516 ], [ 18.958239899151671, -33.438669993863122 ], [ 18.958099891785047, -33.43821999469376 ], [ 18.957879899609122, -33.437789992848906 ], [ 18.957649892582172, -33.437409988813158 ], [ 18.957439899069715, -33.437099988005777 ], [ 18.957229896563927, -33.436749995246224 ], [ 18.956959897581942, -33.43636999210964 ], [ 18.956799894687709, -33.43602998901963 ], [ 18.956559889896941, -33.435699993584961 ], [ 18.95639989509684, -33.435509995613771 ], [ 18.956289899008933, -33.435329996305491 ], [ 18.956169897063141, -33.435139990240636 ], [ 18.956108894245268, -33.434949992270006 ], [ 18.956089895166158, -33.434889995798208 ], [ 18.95606989064466, -33.434620004031075 ], [ 18.956009892369398, -33.434299990172818 ], [ 18.955959894555988, -33.434049995730554 ], [ 18.955929899465229, -33.433849991003704 ], [ 18.955869894894839, -33.433589990704256 ], [ 18.95575989880701, -33.433459989205204 ], [ 18.955649893725901, -33.433309992179652 ], [ 18.95559989501352, -33.43318999024266 ], [ 18.955569892728199, -33.433009991834105 ], [ 18.955569892727702, -33.432719995547487 ], [ 18.9554898989241, -33.432129989022727 ], [ 18.955389892505636, -33.431619993381801 ], [ 18.955309899601506, -33.431139992829216 ], [ 18.955249895030754, -33.430719996842406 ], [ 18.955279896415973, -33.430419994698745 ], [ 18.955349892454205, -33.43019999444612 ], [ 18.955549895396373, -33.429909990066669 ], [ 18.955729895616198, -33.429699988477182 ], [ 18.955869894887989, -33.429579994635141 ], [ 18.95608989515684, -33.429439995374707 ], [ 18.956269894477401, -33.429239991548386 ], [ 18.956489894746113, -33.428969992588002 ], [ 18.956669894066515, -33.428729995010919 ], [ 18.956929895283409, -33.42845999605084 ], [ 18.957119893267294, -33.428299993169844 ], [ 18.957379893585149, -33.428169992572165 ], [ 18.957569899662889, -33.428049990636531 ], [ 18.957969901051378, -33.427979995504472 ], [ 18.958279900081507, -33.427919982846781 ], [ 18.958569894590806, -33.427979995507854 ], [ 18.958759892575028, -33.428079993825328 ], [ 18.95887989541988, -33.428149996154822 ], [ 18.959129897974172, -33.428229990852344 ], [ 18.959299898631787, -33.428279989561823 ], [ 18.959509893942599, -33.428369996411476 ], [ 18.959719896447879, -33.428439992446151 ], [ 18.959909893532846, -33.428559994383924 ], [ 18.960069896426642, -33.428659992701213 ], [ 18.960229900219925, -33.42882999334735 ], [ 18.960409899541062, -33.428989988136458 ], [ 18.96060989528933, -33.429139993256385 ], [ 18.960699894949876, -33.429209989290491 ], [ 18.960829895558632, -33.429239991574043 ], [ 18.960929892983021, -33.429279992519952 ], [ 18.960989898452368, -33.429309987608512 ], [ 18.961099895439389, -33.429349995749014 ], [ 18.961199891964487, -33.429439995403449 ], [ 18.961409895369144, -33.429519989201374 ], [ 18.961649899260081, -33.429609988856583 ], [ 18.961879898192493, -33.429629993377468 ], [ 18.962289896445547, -33.429579994671251 ], [ 18.962729896084273, -33.429549991491605 ], [ 18.963109900146179, -33.42949999278521 ], [ 18.963519898399312, -33.42950999055067 ], [ 18.963759894196276, -33.429559989260618 ], [ 18.963929896652623, -33.429629993388957 ], [ 18.964079893688602, -33.42972000023827 ], [ 18.964399891382154, -33.429809992699354 ], [ 18.964529899185479, -33.429889994590788 ], [ 18.964709899405673, -33.429939993300316 ], [ 18.964839899115088, -33.429949991064206 ], [ 18.965269894694558, -33.429929995540299 ], [ 18.965939893265602, -33.429929995544043 ], [ 18.966159893534655, -33.429969995591271 ], [ 18.966409896988107, -33.430019994301183 ], [ 18.966769895629874, -33.430159993564864 ], [ 18.967099899181296, -33.430279995503419 ], [ 18.967449892864519, -33.430389992484223 ], [ 18.967789895978356, -33.43049999665967 ], [ 18.968209900988594, -33.430489990804887 ], [ 18.968609899679002, -33.430499996664246 ], [ 18.968939896035526, -33.430459995720739 ], [ 18.969369897910038, -33.430319988367486 ], [ 18.969699895165586, -33.430139989061672 ], [ 18.970009895094559, -33.42991998881029 ], [ 18.970279894075041, -33.429509990588478 ], [ 18.970519898864406, -33.429099992366517 ], [ 18.970519898864136, -33.428939989484533 ], [ 18.97042989920363, -33.428869994349817 ], [ 18.970379899591968, -33.428779986601697 ], [ 18.970279894073546, -33.428619991813036 ], [ 18.970279894073244, -33.42843999250529 ], [ 18.970269895409718, -33.42827998962327 ], [ 18.970209898933373, -33.42813999036116 ], [ 18.970099894751673, -33.427969988816045 ], [ 18.96996989414275, -33.427809993127951 ], [ 18.969839893533891, -33.42762999471875 ], [ 18.969649895549381, -33.427349996194259 ], [ 18.969439893943264, -33.42709999365723 ], [ 18.969169894961585, -33.426809990174526 ], [ 18.968889890122206, -33.426559995730969 ], [ 18.968639893863134, -33.426359991902252 ], [ 18.968459894542139, -33.426239989065273 ], [ 18.968139896848466, -33.425989994621503 ], [ 18.967909889821872, -33.425749989847532 ], [ 18.967729898594701, -33.425549993213707 ], [ 18.967479896040182, -33.425279994250666 ], [ 18.967309893583604, -33.425059994896067 ], [ 18.967169895210638, -33.424759992751547 ], [ 18.967139892925285, -33.424549990261525 ], [ 18.967139892924965, -33.42435999229123 ], [ 18.967169895208684, -33.423599993215831 ], [ 18.967159896544725, -33.423179989135406 ], [ 18.967159896543865, -33.422669993494964 ], [ 18.967169895206624, -33.422369999445266 ], [ 18.967199897490826, -33.42194999536499 ], [ 18.96723989843877, -33.421759990200329 ], [ 18.967309893577671, -33.421529991285155 ], [ 18.967449892849203, -33.421299993269763 ], [ 18.967669892218495, -33.421059996592199 ], [ 18.967899899244252, -33.420799995395093 ], [ 18.96804989627968, -33.420629994750719 ], [ 18.968119899512807, -33.420549992860394 ], [ 18.968249901020357, -33.420319994844924 ], [ 18.968419893583519, -33.42001999270213 ], [ 18.968569899612007, -33.41973999417953 ], [ 18.968729893512062, -33.419529992589851 ], [ 18.968909893731752, -33.419299994574672 ], [ 18.969059897961774, -33.419129992131644 ], [ 18.969219893660561, -33.418919990541944 ], [ 18.969419896602538, -33.418639993818275 ], [ 18.969649895534154, -33.418279994304775 ], [ 18.969949897698907, -33.417859990226091 ], [ 18.970319903096733, -33.417329989168863 ], [ 18.970649898553017, -33.416779993484283 ], [ 18.97085989296345, -33.416389991687851 ], [ 18.971109895516829, -33.415999997086232 ], [ 18.971409897681585, -33.415589984475474 ], [ 18.971649895276482, -33.415259995338744 ], [ 18.971889899166623, -33.414939989576055 ], [ 18.972289898755665, -33.414489990409621 ], [ 18.972669894723182, -33.414229989213368 ], [ 18.973019894701007, -33.414009989861569 ], [ 18.973289895480502, -33.413829989656044 ], [ 18.973519892613773, -33.413679992632403 ], [ 18.973659899979289, -33.413529995608272 ], [ 18.97383989929968, -33.413309995356244 ], [ 18.974169896554788, -33.412949988648698 ], [ 18.974469897820274, -33.41256998551529 ], [ 18.974699895852641, -33.412259993703536 ], [ 18.974909898357261, -33.41201998893213 ], [ 18.974969894832999, -33.411849995481738 ], [ 18.975029901201211, -33.411599992946229 ], [ 18.975029901200912, -33.411419992739191 ], [ 18.974939901540122, -33.411169990202758 ], [ 18.974839895121903, -33.4107399955532 ], [ 18.974839895121644, -33.410579992671224 ], [ 18.974859898742992, -33.410349994655064 ], [ 18.974949899302384, -33.410189990874237 ], [ 18.975149895049942, -33.409939996433387 ], [ 18.975379893082497, -33.409799989079019 ], [ 18.97559989425045, -33.40960999110996 ], [ 18.975789899428694, -33.409399989520523 ], [ 18.976069897072502, -33.409119992797301 ], [ 18.976269900913884, -33.408889993882852 ], [ 18.976369899236989, -33.408579993077154 ], [ 18.976529894035977, -33.408189992179786 ], [ 18.976679899165124, -33.407899996793311 ], [ 18.97690989719753, -33.407629989739078 ], [ 18.977169898414381, -33.407459995390624 ], [ 18.977509901527831, -33.407369996637925 ], [ 18.977949893072324, -33.40730999027614 ], [ 18.978299894849179, -33.407319989839912 ], [ 18.978629899299481, -33.407349991225203 ], [ 18.979069899837331, -33.407369996646608 ], [ 18.979649898747628, -33.407379994413084 ], [ 18.980199887279021, -33.407369996652889 ], [ 18.981239899341961, -33.407379994421937 ], [ 18.981759894581543, -33.407349991242626 ], [ 18.982059895847385, -33.407299992535769 ], [ 18.982169900927989, -33.407219983451164 ], [ 18.98229990063701, -33.407109994566909 ], [ 18.982429902144656, -33.406979994867768 ], [ 18.982519900905203, -33.406669994961291 ], [ 18.982549895995096, -33.406369992817808 ], [ 18.982589896942791, -33.406099993856415 ], [ 18.982649901512424, -33.405899989130035 ], [ 18.982729888119952, -33.405679989776743 ], [ 18.982729888119248, -33.405249994228377 ], [ 18.982699901122476, -33.405029994874461 ], [ 18.982659899274303, -33.404679993122713 ], [ 18.982499896380112, -33.404239985421178 ], [ 18.98232989572243, -33.404089996489191 ], [ 18.982149895502232, -33.403949989132549 ], [ 18.981929895233215, -33.403839993951024 ], [ 18.98170988776949, -33.403719991113825 ], [ 18.981549907358815, -33.403599988276952 ], [ 18.981439895982728, -33.403469996670353 ], [ 18.98126989442552, -33.403229991896715 ], [ 18.98107989644117, -33.40292998975201 ], [ 18.980849898407975, -33.402699991734373 ], [ 18.980659901323151, -33.40254999470848 ], [ 18.980489899766077, -33.402399989588737 ], [ 18.98027989726091, -33.402279987650864 ], [ 18.980059896092627, -33.402189995190348 ], [ 18.979859901244016, -33.402159992906419 ], [ 18.979669903260053, -33.402159992905354 ], [ 18.979299898760932, -33.402200001942539 ], [ 18.978999896595589, -33.402200001940862 ], [ 18.978769897663458, -33.402189995183164 ], [ 18.978589898342825, -33.402189995182169 ], [ 18.978329897125565, -33.402149994235366 ], [ 18.978219901037988, -33.402099995526228 ], [ 18.978079894571373, -33.401949990406635 ], [ 18.977959900719792, -33.401829996563229 ], [ 18.977839896975549, -33.401679991443665 ], [ 18.977789898263048, -33.401449992527837 ], [ 18.977789898262031, -33.400829992713945 ], [ 18.977819901445656, -33.40043999181588 ], [ 18.977919899768434, -33.399929995276722 ], [ 18.978089900425314, -33.399569996662251 ], [ 18.978279898408761, -33.399299996802398 ], [ 18.978589898337603, -33.399009993322927 ], [ 18.978959895641811, -33.398769988552303 ], [ 18.979349897467266, -33.398619991529543 ], [ 18.979689899681301, -33.398519993215118 ], [ 18.979969897325418, -33.398449990887777 ], [ 18.980749900976772, -33.398449990892111 ], [ 18.981079896433751, -33.398409989948689 ], [ 18.981339897650805, -33.398389993524439 ], [ 18.981669903000181, -33.398269990690217 ], [ 18.982119894107065, -33.398119994567161 ], [ 18.982479900842147, -33.398009989496337 ], [ 18.98275989758671, -33.397849994709794 ], [ 18.983079896178978, -33.397759994158335 ], [ 18.983359901917119, -33.397749988302849 ], [ 18.98377989793363, -33.397619996699206 ], [ 18.984299899468219, -33.397539994811389 ], [ 18.984669896772893, -33.397589993522047 ], [ 18.985009899886261, -33.397569989903637 ], [ 18.985439893666676, -33.397479989352796 ], [ 18.985939899673394, -33.397349989655694 ], [ 18.986279894692789, -33.397229994915484 ], [ 18.986519898583143, -33.397129988506606 ], [ 18.986859901696405, -33.397059993374206 ], [ 18.98706989610724, -33.396939991438664 ], [ 18.987409899220559, -33.396859989549924 ], [ 18.987779896524927, -33.396809990843465 ], [ 18.988189901972138, -33.396769989900378 ], [ 18.988509900564342, -33.396689997004671 ], [ 18.988949900202435, -33.396589990596837 ], [ 18.989259900131483, -33.396509988707834 ], [ 18.989779895370678, -33.396409990394389 ], [ 18.990239900429195, -33.396299994317374 ], [ 18.990559898121958, -33.396189990145608 ], [ 18.990919897662238, -33.396039994022033 ], [ 18.991249901212758, -33.395879990242527 ], [ 18.991509902429538, -33.395719995455885 ], [ 18.991759897788235, -33.395459994258879 ], [ 18.99195989353548, -33.395159993015625 ], [ 18.992169895140488, -33.39480999126517 ], [ 18.992449893683254, -33.394389995280164 ], [ 18.992529886585974, -33.394109990461935 ], [ 18.992529886585455, -33.393789991892504 ], [ 18.99247989506738, -33.393479991985345 ], [ 18.992359901215561, -33.393159993415246 ], [ 18.992249897033872, -33.392979993207604 ], [ 18.992189900557626, -33.392809992562057 ], [ 18.991939897104185, -33.392579994544406 ], [ 18.991759897783432, -33.39248999488953 ], [ 18.991549887184441, -33.39233998976956 ], [ 18.991269898533179, -33.392129995372031 ], [ 18.99099989865265, -33.391929991543215 ], [ 18.990759901956398, -33.391749992234125 ], [ 18.990559898114412, -33.391529991980015 ], [ 18.99034989740786, -33.391329995346034 ], [ 18.990149899861269, -33.391209993408303 ], [ 18.990019899252697, -33.391129992416239 ], [ 18.989849898595235, -33.391079993706782 ], [ 18.989669898375197, -33.390999991815072 ], [ 18.989529900002601, -33.390890003828602 ], [ 18.989449898105921, -33.390739990615479 ], [ 18.989419895820781, -33.390579995827224 ], [ 18.989349899781928, -33.390419992944786 ], [ 18.98907990080038, -33.390049994765953 ], [ 18.988879896958235, -33.389739994857955 ], [ 18.988759895012457, -33.389439993612932 ], [ 18.988719894063735, -33.389129993705815 ], [ 18.988729899921228, -33.388909992553479 ], [ 18.988839896008166, -33.388599992647102 ], [ 18.988989901137224, -33.388239993133233 ], [ 18.98918989688438, -33.387919995464195 ], [ 18.98949989681282, -33.387519995905137 ], [ 18.989719897080988, -33.38709999182592 ], [ 18.989899897300418, -33.38679998968319 ], [ 18.990129895332704, -33.386529990722849 ], [ 18.990259895940895, -33.386369995935475 ], [ 18.990499901629835, -33.386199994392307 ], [ 18.990669902286967, -33.386039990611899 ], [ 18.990779898374086, -33.385849993541612 ], [ 18.990949899030955, -33.385589992344173 ], [ 18.991139897014396, -33.385319992484305 ], [ 18.99140989599487, -33.385039995761012 ], [ 18.991619898499259, -33.384739993618453 ], [ 18.991929898427742, -33.384389992767915 ], [ 18.992169895123208, -33.384089991524895 ], [ 18.992379897627828, -33.383939994501127 ], [ 18.992589899233046, -33.383769992957696 ], [ 18.99283989459169, -33.383429990769358 ], [ 18.993039898432784, -33.383109991301758 ], [ 18.993199901325678, -33.382799991395757 ], [ 18.99321989865188, -33.382619992987394 ], [ 18.99321989865161, -33.38244999144289 ], [ 18.993139896754958, -33.382249995708996 ], [ 18.992999897482893, -33.382059989644048 ], [ 18.992799901734919, -33.381909992618127 ], [ 18.992569887514282, -33.38179999653719 ], [ 18.992359901197158, -33.381729993307943 ], [ 18.992129894170962, -33.38157998818776 ], [ 18.991899896138065, -33.381459993444388 ], [ 18.99162989715683, -33.381209983712438 ], [ 18.991249901188649, -33.38092999328088 ], [ 18.990869898026098, -33.380739995308495 ], [ 18.990569888666311, -33.380689988504422 ], [ 18.990319901401133, -33.380729989448305 ], [ 18.990049902420203, -33.380739995303919 ], [ 18.989849898578566, -33.380739995302818 ], [ 18.989769895782832, -33.38072998944525 ], [ 18.989599895125284, -33.380629991127982 ], [ 18.989289895196045, -33.380529993709217 ], [ 18.988979895266869, -33.380479994099616 ], [ 18.988499901874878, -33.380469988239895 ], [ 18.988109900948668, -33.380449992711313 ], [ 18.987619900799633, -33.380449992708591 ], [ 18.987089899702287, -33.380459990468808 ], [ 18.986599901351859, -33.380449992702921 ], [ 18.985859897749645, -33.380449992698807 ], [ 18.985549905914333, -33.380419989514877 ], [ 18.98530990202368, -33.380399993087856 ], [ 18.985189900078332, -33.380379988567626 ], [ 18.985089900855382, -33.380329989858453 ], [ 18.984979896673892, -33.380239990204046 ], [ 18.984879899249435, -33.380089993178565 ], [ 18.98477990092551, -33.379879991587423 ], [ 18.984749898640256, -33.379709989143393 ], [ 18.984679894507302, -33.379419994655045 ], [ 18.984679894506787, -33.379099995186252 ], [ 18.984699899926536, -33.378709994288116 ], [ 18.984709897689903, -33.378389996618033 ], [ 18.984819893776805, -33.378039995766393 ], [ 18.98496989890603, -33.377769995906391 ], [ 18.985119895941175, -33.377479992426018 ], [ 18.985259895212526, -33.377249993511164 ], [ 18.985469896817772, -33.376999991875778 ], [ 18.985699894850157, -33.376759994298979 ], [ 18.985829895458497, -33.376619995937304 ], [ 18.986049895726932, -33.376389989828382 ], [ 18.986289900516443, -33.376150000345504 ], [ 18.986779899765526, -33.375709991748224 ], [ 18.987289896341064, -33.375249994819242 ], [ 18.987709900450966, -33.374909992631849 ], [ 18.988439897295002, -33.374229987357083 ], [ 18.988889894696477, -33.373809990473774 ], [ 18.989369897080973, -33.373409991814952 ], [ 18.989759898006678, -33.373069988728112 ], [ 18.990129895310556, -33.372729993735049 ], [ 18.990429897475401, -33.372509993483618 ], [ 18.990729899640169, -33.372239994523738 ], [ 18.99086989801215, -33.372029992933946 ], [ 18.99097990219326, -33.371839994964354 ], [ 18.991039899568374, -33.371700003796811 ], [ 18.991059887901439, -33.371589991529582 ], [ 18.991059887901283, -33.371489993213174 ], [ 18.991049897331681, -33.37133998899359 ], [ 18.991009897282556, -33.371170003636642 ], [ 18.990949899007592, -33.37100999266044 ], [ 18.990869898010221, -33.370819994689725 ], [ 18.990769900585757, -33.370589996672891 ], [ 18.990689898688995, -33.370389992845126 ], [ 18.990629901313159, -33.370079992937889 ], [ 18.990609896791785, -33.369849993122877 ], [ 18.990629901312566, -33.36970999565996 ], [ 18.990639899076207, -33.369559990541113 ], [ 18.990669902260109, -33.3692799929172 ], [ 18.990729899635209, -33.369129995892607 ], [ 18.990769900583199, -33.368989989436564 ], [ 18.990839894822873, -33.36887998526349 ], [ 18.990969896330466, -33.368739994995721 ], [ 18.991149895650771, -33.368539990270008 ], [ 18.991399898204232, -33.368319990917747 ], [ 18.991719895896601, -33.367959991404653 ], [ 18.991949895727544, -33.367699990207562 ], [ 18.992239899229016, -33.367409994821934 ], [ 18.992619902390729, -33.367079989498109 ], [ 18.993239902247911, -33.366459989687776 ], [ 18.993519899891606, -33.36621999390988 ], [ 18.993869900768253, -33.365849995734521 ], [ 18.993959892334335, -33.365689992852957 ], [ 18.994029895567291, -33.365549994490962 ], [ 18.994059898751221, -33.365349990663795 ], [ 18.994059898751011, -33.365219989165283 ], [ 18.994049900087603, -33.365059994377134 ], [ 18.994009899139183, -33.364929994677048 ], [ 18.993879906624382, -33.364819989603518 ], [ 18.993739900157994, -33.364749994468525 ], [ 18.99356989860118, -33.364639990294044 ], [ 18.99339989704438, -33.364539992876054 ], [ 18.993169899011523, -33.364439994558474 ], [ 18.992929902315421, -33.364339988146753 ], [ 18.992719900709648, -33.364219994302857 ], [ 18.992379897596113, -33.364069989182163 ], [ 18.991839899634094, -33.363909994390987 ], [ 18.991429893287457, -33.363820002828788 ], [ 18.991009897270761, -33.363759989267571 ], [ 18.990529902979507, -33.363739992839186 ], [ 18.990059900156851, -33.363699992790593 ], [ 18.989529899958892, -33.363629988660186 ], [ 18.98899989886149, -33.36352999034083 ], [ 18.988489895989684, -33.36337999331306 ], [ 18.987969900750048, -33.363239995847138 ], [ 18.98776989870699, -33.363209992663819 ], [ 18.987389893745796, -33.363069993400032 ], [ 18.987099891142968, -33.36299998207636 ], [ 18.986819900693103, -33.362859991806275 ], [ 18.986569890045288, -33.362759993488474 ], [ 18.986369894297376, -33.362689990259284 ], [ 18.98622989592479, -33.362589992841443 ], [ 18.985969894707331, -33.362329991641616 ], [ 18.985859897720307, -33.362149992333244 ], [ 18.985809899907256, -33.362009993071297 ], [ 18.985759900295438, -33.361799991480439 ], [ 18.985729898010113, -33.361579990327883 ], [ 18.985729898009776, -33.361369988737287 ], [ 18.98575990029445, -33.361179991666546 ], [ 18.985819897669447, -33.360949992751337 ], [ 18.985889900902411, -33.360799995726808 ], [ 18.985989899225746, -33.360639992845385 ], [ 18.986119899833731, -33.360339990702393 ], [ 18.986199900830478, -33.360119990449803 ], [ 18.986329900539488, -33.359949989805308 ], [ 18.986679894221687, -33.359599996149612 ], [ 18.986889895826888, -33.359379996796946 ], [ 18.986999900907328, -33.359209994353797 ], [ 18.98712990061637, -33.359119995599912 ], [ 18.987259902124034, -33.359009990527817 ], [ 18.987399899597033, -33.358969990482613 ], [ 18.987709900425415, -33.358899994450773 ], [ 18.987929900694148, -33.358809994798101 ], [ 18.988039904875404, -33.3587599960902 ], [ 18.988079889635689, -33.358649991916977 ], [ 18.988139895104702, -33.358509985461033 ], [ 18.988179896052603, -33.358359996530218 ], [ 18.98819989967409, -33.35820999141152 ], [ 18.98825989704925, -33.358089989475232 ], [ 18.988349896709355, -33.357949990213974 ], [ 18.988509900501885, -33.357779989569643 ], [ 18.988619895689883, -33.357669992591411 ], [ 18.988779899482441, -33.357569994275885 ], [ 18.988889894670368, -33.357419989157698 ], [ 18.988979895229949, -33.357349994923275 ], [ 18.989069894889958, -33.357209995662004 ], [ 18.989159895449514, -33.357119996908004 ], [ 18.989259900068234, -33.357069989206877 ], [ 18.989409897103872, -33.357049992781931 ], [ 18.989579899559633, -33.35692999084619 ], [ 18.989809897592135, -33.356779993822606 ], [ 18.989969900485352, -33.356649992324904 ], [ 18.990059900145582, -33.356589995853724 ], [ 18.990199899417206, -33.356489989444221 ], [ 18.990319901362412, -33.356439990736384 ], [ 18.990399896064194, -33.356399990690832 ], [ 18.990449893876811, -33.356329994657521 ], [ 18.990499901581952, -33.35619999495794 ], [ 18.990639899054774, -33.356059987603082 ], [ 18.990849901559425, -33.355909990579306 ], [ 18.99104989730705, -33.35582998958909 ], [ 18.99123989529064, -33.355649981289233 ], [ 18.991379902655918, -33.355409992705084 ], [ 18.991479900079892, -33.355269994343331 ], [ 18.991639894879167, -33.355109991462164 ], [ 18.991879906863485, -33.355029989572806 ], [ 18.992169895076859, -33.354979990865885 ], [ 18.992499900426211, -33.354929991259937 ], [ 18.99276989940692, -33.354789992899043 ], [ 18.992869897730156, -33.354589996266782 ], [ 18.992949898726806, -33.354329995968136 ], [ 18.992959897389667, -33.354139982709512 ], [ 18.992939891968913, -33.353899993225212 ], [ 18.992779897169012, -33.353659988451611 ], [ 18.992529886521165, -33.353499993662147 ], [ 18.992309902439857, -33.353349988542121 ], [ 18.992209896022349, -33.353249990225152 ], [ 18.991869901002442, -33.353000003875167 ], [ 18.99154988712128, -33.352769989669362 ], [ 18.991159901483154, -33.352469995617341 ], [ 18.990529902960969, -33.35202999510777 ], [ 18.989889899479778, -33.351209991463008 ], [ 18.989719897023388, -33.350989990309657 ], [ 18.989559894129478, -33.350739995866803 ], [ 18.989439900277883, -33.350569994321546 ], [ 18.989269898720767, -33.350349994067578 ], [ 18.989089899399836, -33.350109989293891 ], [ 18.989029893930383, -33.349969990931157 ], [ 18.988819900418285, -33.349689985212045 ], [ 18.988649898861077, -33.349409996580178 ], [ 18.988509900488395, -33.349249992798072 ], [ 18.988309895747147, -33.349109994434563 ], [ 18.988079889620408, -33.348989991597279 ], [ 18.987909896157319, -33.348869989659626 ], [ 18.987709900409314, -33.348729990396755 ], [ 18.987569902036626, -33.348569995607868 ], [ 18.987469895619085, -33.34845999143387 ], [ 18.987389893722444, -33.348339989496729 ], [ 18.987339895010198, -33.348249989842571 ], [ 18.987339895009754, -33.347969992218502 ], [ 18.987359899530642, -33.347889990327985 ], [ 18.987369898193631, -33.347729995539858 ], [ 18.987369898193474, -33.34762998912958 ], [ 18.98732989724515, -33.347509995286622 ], [ 18.987189897973128, -33.34736999692344 ], [ 18.987019904510138, -33.347259992748953 ], [ 18.986829899331553, -33.347160002525449 ], [ 18.986719895149932, -33.347039991594961 ], [ 18.98657989587802, -33.346919989657493 ], [ 18.986399896557145, -33.346789981862727 ], [ 18.986189894951394, -33.346669986220093 ], [ 18.985879895022048, -33.346599991084133 ], [ 18.98569989570148, -33.346609989745659 ], [ 18.985519895481524, -33.346669986216348 ], [ 18.985309901969998, -33.346769992625461 ], [ 18.98514989907645, -33.346769992624559 ], [ 18.985019905662451, -33.346749996198128 ], [ 18.984879899196052, -33.346649990686338 ], [ 18.984779900872216, -33.346499993660942 ], [ 18.984679894454541, -33.346369992161769 ], [ 18.984429899994424, -33.346249990223761 ], [ 18.984149895155504, -33.346169989230852 ], [ 18.983889893938304, -33.34614000223506 ], [ 18.98366990176325, -33.346079989574292 ], [ 18.983439894737199, -33.346029990864494 ], [ 18.983339896413586, -33.346019992201391 ], [ 18.98322990032608, -33.345999995775081 ], [ 18.983139900665684, -33.345969993491742 ], [ 18.983069897432326, -33.345879993837478 ], [ 18.983019898720038, -33.345769997757635 ], [ 18.982959901344476, -33.345650002115818 ], [ 18.982889899010459, -33.345539990747376 ], [ 18.982799898450747, -33.345489991139075 ], [ 18.982669897842118, -33.345459989754787 ], [ 18.982149895407744, -33.345329988253454 ], [ 18.981849893242291, -33.345249995354209 ], [ 18.981529895549105, -33.345189989887494 ], [ 18.981379898513222, -33.345149989840664 ], [ 18.98116989690752, -33.345089992468424 ], [ 18.98111989729604, -33.345039993759634 ], [ 18.980989897586444, -33.344859993551871 ], [ 18.980919893453684, -33.344699990669412 ], [ 18.980769896417726, -33.344559991406911 ], [ 18.980649902566114, -33.344409994381287 ], [ 18.980559895710908, -33.34424999149882 ], [ 18.980349900400174, -33.34402999124454 ], [ 18.980199888075784, -33.343919995164107 ], [ 18.980089899182648, -33.343769998138569 ], [ 18.979949900809896, -33.343599989398676 ], [ 18.979809894343148, -33.343359992719165 ], [ 18.979789897016307, -33.3431499902292 ], [ 18.979789897015959, -33.342929989076715 ], [ 18.979739898303507, -33.342719995579841 ], [ 18.979659897306142, -33.342559992697417 ], [ 18.979559898982242, -33.342379993389102 ], [ 18.979439896137311, -33.342189995418124 ], [ 18.97931989419169, -33.342019994772237 ], [ 18.979279893243341, -33.341899991036755 ], [ 18.979209898103743, -33.341739988154281 ], [ 18.979169897155373, -33.341659995256698 ], [ 18.979169897154932, -33.341379989538659 ], [ 18.979219888672322, -33.341239991176522 ], [ 18.979279893242015, -33.34105999186913 ], [ 18.979269895477792, -33.340899996181705 ], [ 18.979249899050416, -33.340749991062665 ], [ 18.979249899050178, -33.340599994037845 ], [ 18.979299898661264, -33.340399990210798 ], [ 18.979419900606334, -33.340219991803004 ], [ 18.97955989897865, -33.340109995724205 ], [ 18.979959899467133, -33.339799995819575 ], [ 18.980229898447938, -33.339619995614044 ], [ 18.980369898618708, -33.339449994070236 ], [ 18.980479901900619, -33.339329991234877 ], [ 18.980639896700012, -33.339189993772749 ], [ 18.980899897916917, -33.339059992275693 ], [ 18.981199899182801, -33.338949980009964 ], [ 18.981339897555152, -33.338869994307885 ], [ 18.981449894541839, -33.338759990135053 ], [ 18.981589892914048, -33.338649994056276 ], [ 18.981829897703719, -33.338459981698222 ], [ 18.982069894399537, -33.338300001300603 ], [ 18.982349899238013, -33.338079993854549 ], [ 18.982689886163357, -33.337849987746303 ], [ 18.982869893577728, -33.337709996579498 ], [ 18.983099892509582, -33.337559991461902 ], [ 18.983289897687882, -33.337399996674883 ], [ 18.98346989790759, -33.337229995131395 ], [ 18.983669901748975, -33.337019992642567 ], [ 18.983869897496586, -33.336889992044554 ], [ 18.984009895868844, -33.336759991446179 ], [ 18.984229897036847, -33.336629991747465 ], [ 18.984409895457933, -33.336479994723639 ], [ 18.984719895386974, -33.336339987369733 ], [ 18.985069897163378, -33.336159996157903 ], [ 18.985339896143998, -33.3359599923321 ], [ 18.985539899985586, -33.33583999039643 ], [ 18.985729897969119, -33.335639994664135 ], [ 18.985969894664635, -33.335309989339542 ], [ 18.986179897169112, -33.335019994852765 ], [ 18.986439897486513, -33.334790003133186 ], [ 18.986579895858579, -33.334549990267412 ], [ 18.986789897463655, -33.334239990361695 ], [ 18.987049898680358, -33.333969983307639 ], [ 18.987419896883598, -33.333629989213875 ], [ 18.987809897809267, -33.333279996457776 ], [ 18.988209898297615, -33.332969996553103 ], [ 18.988579894702386, -33.332699988600311 ], [ 18.989209902216672, -33.332419999073636 ], [ 18.989559894100548, -33.332289990382485 ], [ 18.989659900517815, -33.332169988446338 ], [ 18.989719896993648, -33.332019991421845 ], [ 18.989729896556018, -33.33191999310548 ], [ 18.989769895705486, -33.331849990776895 ], [ 18.989879900786075, -33.331779994743918 ], [ 18.989929900397176, -33.331599995436463 ], [ 18.989899897212698, -33.331459988080738 ], [ 18.989849899399776, -33.331389993845434 ], [ 18.989839899837126, -33.33130999105547 ], [ 18.989829902073105, -33.331219992300809 ], [ 18.989679896943226, -33.331069995275044 ], [ 18.989659900515974, -33.330989985290437 ], [ 18.989599895046666, -33.330939994675454 ], [ 18.989479901195125, -33.330859993683447 ], [ 18.9893598983505, -33.330829990500668 ], [ 18.98923989640528, -33.3308299905 ], [ 18.989109895796709, -33.330809994073476 ], [ 18.988939894239987, -33.330789989552962 ], [ 18.98880990172535, -33.330749988606875 ], [ 18.988679901116715, -33.330699989897631 ], [ 18.988569888841404, -33.33063999252596 ], [ 18.988469898611616, -33.330579995154338 ], [ 18.988409910229361, -33.330479989642996 ], [ 18.988359895329268, -33.330389989089568 ], [ 18.988319894380915, -33.330309996191978 ], [ 18.988259897005552, -33.330299990334503 ], [ 18.988089896348093, -33.33026999524531 ], [ 18.987939899312497, -33.330269995244485 ], [ 18.987829895131036, -33.330249991623589 ], [ 18.987759899092353, -33.330199992914579 ], [ 18.987729896807405, -33.330159991069777 ], [ 18.987679898094978, -33.330009986850051 ], [ 18.987669900330861, -33.329859989825053 ], [ 18.987629899382522, -33.329729989225612 ], [ 18.987529901058785, -33.329629991808012 ], [ 18.987399899550706, -33.329529993490965 ], [ 18.98728989626867, -33.329489992545 ], [ 18.987129900569691, -33.329469995219036 ], [ 18.986979896339342, -33.329429995172212 ], [ 18.984989894357092, -33.329429995161036 ], [ 18.984359896734741, -33.329409990637828 ], [ 18.984039907135561, -33.329409990636037 ], [ 18.983709886497355, -33.329369990588198 ], [ 18.983299897237625, -33.329249995843796 ], [ 18.982979897745757, -33.329219993559178 ], [ 18.982699901000835, -33.329169994849074 ], [ 18.982479900731967, -33.329159995286027 ], [ 18.982069894385006, -33.329049991110267 ], [ 18.981599898756706, -33.328979996872597 ], [ 18.981229893358119, -33.328909993642412 ], [ 18.981039896273497, -33.32889999407945 ], [ 18.980829893768348, -33.328849995369744 ], [ 18.980609893499373, -33.328779992140419 ], [ 18.98045989646354, -33.328719995667797 ], [ 18.980369897702431, -33.32864999243921 ], [ 18.980279897142513, -33.328529989602622 ], [ 18.980269899378303, -33.328319995206591 ], [ 18.980269899377866, -33.328039990387914 ], [ 18.980239888099344, -33.327859990180713 ], [ 18.980169901053753, -33.327719991817929 ], [ 18.980069895535401, -33.327579993454961 ], [ 18.980019896822984, -33.327449992855442 ], [ 18.980009897260167, -33.327269993547738 ], [ 18.979969897210957, -33.327049992395104 ], [ 18.979869899786376, -33.326839990803961 ], [ 18.979819900174689, -33.326659991496015 ], [ 18.979789896990052, -33.326479991288814 ], [ 18.9797898969898, -33.326319988406759 ], [ 18.979649898616746, -33.325959989790547 ], [ 18.979489895722725, -33.325629993456964 ], [ 18.979476896920787, -33.325562982273183 ], [ 18.979449896572817, -33.325429989629413 ], [ 18.979449895673238, -33.325239991659124 ], [ 18.979479897058685, -33.325129995579722 ], [ 18.97954990838555, -33.32502998916992 ], [ 18.979639899951835, -33.324899989470474 ], [ 18.979739898275337, -33.324829993437547 ], [ 18.979799895650562, -33.324729995121459 ], [ 18.979829897935332, -33.32458998956465 ], [ 18.979869899782429, -33.324319989703959 ], [ 18.979909900729957, -33.323919990143402 ], [ 18.9799298962572, -33.323529996439788 ], [ 18.97996989720491, -33.323189993351015 ], [ 18.979999899489304, -33.322809990216093 ], [ 18.979999899488949, -33.322579999394328 ], [ 18.979979894967681, -33.322419988418361 ], [ 18.979959899439699, -33.322339995520785 ], [ 18.979909900727343, -33.322249995866727 ], [ 18.979869899779086, -33.322179992638311 ], [ 18.979799895646448, -33.322099990747212 ], [ 18.979689899558764, -33.32197999600448 ], [ 18.979489895716544, -33.321679994758973 ], [ 18.979339898680436, -33.321449995842578 ], [ 18.979169897123196, -33.321199993305683 ], [ 18.979029898750415, -33.321019993097863 ], [ 18.978949897753111, -33.320839994689031 ], [ 18.978879894519626, -33.32067999000801 ], [ 18.978789893959714, -33.320509989362272 ], [ 18.978689904628968, -33.320329990053949 ], [ 18.978589898211119, -33.320049992429219 ], [ 18.978459897601656, -33.319509994505331 ], [ 18.978419897552364, -33.319239994644185 ], [ 18.978379896603606, -33.318909990217485 ], [ 18.978379896603276, -33.318699996720788 ], [ 18.978389894366764, -33.318449993285633 ], [ 18.978439901172525, -33.31822999303288 ], [ 18.978719897916616, -33.317709991537072 ], [ 18.978919894563482, -33.317459996196867 ], [ 18.979109900641038, -33.317259992370523 ], [ 18.979449895660178, -33.316879989237457 ], [ 18.979859901107034, -33.316539994244557 ], [ 18.980219900647253, -33.31619999115749 ], [ 18.98055989476709, -33.315869995726096 ], [ 18.980919893407886, -33.315509996213422 ], [ 18.981359894844573, -33.315179991789357 ], [ 18.981709887627602, -33.314879990546949 ], [ 18.982119893973877, -33.314539995554057 ], [ 18.982429901996557, -33.314269996594255 ], [ 18.982809896165225, -33.313879994798782 ], [ 18.983179885375328, -33.313559996231447 ], [ 18.983509898818596, -33.313369990169136 ], [ 18.984019894495251, -33.31312999439249 ], [ 18.984489897317772, -33.312979989276421 ], [ 18.98486990137933, -33.312899995481715 ], [ 18.985199897735697, -33.312879991863362 ], [ 18.985539899949895, -33.312909993248738 ], [ 18.985839902115263, -33.31295999285831 ], [ 18.986229895846993, -33.31300999156894 ], [ 18.986719895096947, -33.313089993462405 ], [ 18.987069895974471, -33.313179992218899 ], [ 18.987469895564118, -33.313229999023619 ], [ 18.987969900671818, -33.313319991485699 ], [ 18.988349896639647, -33.313379988858891 ], [ 18.988619895620733, -33.313439994325343 ], [ 18.988879896837865, -33.313509989461004 ], [ 18.989159895381515, -33.313599989116454 ], [ 18.98952989988074, -33.313699995528822 ], [ 18.98996990041848, -33.313809991610853 ], [ 18.990479896994938, -33.313949990875393 ], [ 18.99082989697304, -33.313989990923432 ], [ 18.991059889609875, -33.314019993207545 ], [ 18.99166989710012, -33.314019993210962 ], [ 18.992039887210019, -33.314009995449794 ], [ 18.992719900631233, -33.313989990934026 ], [ 18.993289901777342, -33.313979992274689 ], [ 18.993789899690249, -33.313969994514309 ], [ 18.99427989804051, -33.313949990896674 ], [ 18.994699894057074, -33.313949990899033 ], [ 18.995169898678078, -33.313899991293837 ], [ 18.995529897319205, -33.31384999258735 ], [ 18.995829898584841, -33.313749994272612 ], [ 18.996089899801504, -33.313569994067031 ], [ 18.996219900409884, -33.313489993076423 ], [ 18.996279897785044, -33.313379988903307 ], [ 18.99632989649691, -33.313229999073243 ], [ 18.996299901406374, -33.313119995798921 ], [ 18.996209902645212, -33.312969990679612 ], [ 18.996039900189071, -33.312879991924142 ], [ 18.995889896858071, -33.312789991370074 ], [ 18.995689900210781, -33.312659990769717 ], [ 18.995559899602206, -33.312559992452577 ], [ 18.995459901278565, -33.312499995081062 ], [ 18.995329901569221, -33.312369995380472 ], [ 18.995299898384744, -33.312279995726435 ], [ 18.995299898384559, -33.312159993789734 ], [ 18.995329901568546, -33.311929994874347 ], [ 18.995429891797787, -33.3117099946218 ], [ 18.995469899940264, -33.311489994369005 ], [ 18.995469899940097, -33.311379989296192 ], [ 18.995479898603083, -33.311209988651015 ], [ 18.995509900887825, -33.311059991626259 ], [ 18.995529897314707, -33.310909994601538 ], [ 18.995589902783642, -33.31071998943699 ], [ 18.99569989887069, -33.310479992758808 ], [ 18.995819900815739, -33.310329987640749 ], [ 18.995929896902968, -33.310209993798544 ], [ 18.996059897511287, -33.310079992300764 ], [ 18.996199896782919, -33.310059996775131 ], [ 18.996269899116641, -33.30999999131059 ], [ 18.996329896491829, -33.309909991657051 ], [ 18.99636990553368, -33.309749996869179 ], [ 18.996399899724633, -33.3096599963161 ], [ 18.99645989799895, -33.309469990252367 ], [ 18.996479901620294, -33.309219995810516 ], [ 18.996479901619981, -33.309019992882483 ], [ 18.996539898995014, -33.308819988156124 ], [ 18.996669899603276, -33.308659993368735 ], [ 18.996789901548283, -33.308489991824914 ], [ 18.996879901208231, -33.30831999028085 ], [ 18.996949896347388, -33.308229990627346 ], [ 18.997139902424863, -33.308129992312082 ], [ 18.997259896276059, -33.308009990376064 ], [ 18.997349904929365, -33.30790999295953 ], [ 18.997389889689718, -33.30784999558869 ], [ 18.997419900068348, -33.307709988233221 ], [ 18.997409901404989, -33.307629994436418 ], [ 18.997349904928772, -33.307519990262634 ], [ 18.997209897563028, -33.307389998655871 ], [ 18.997059901426564, -33.30730998867044 ], [ 18.99679989931025, -33.307239993534779 ], [ 18.996649894180681, -33.307199992588586 ], [ 18.996409890290089, -33.307159991641875 ], [ 18.996149897167019, -33.307149993877267 ], [ 18.995859901758937, -33.307109992930293 ], [ 18.995609898305801, -33.30705999332109 ], [ 18.99539989670026, -33.307019993273848 ], [ 18.995209898716329, -33.306969994564255 ], [ 18.995029899395689, -33.30688999267263 ], [ 18.994889900123752, -33.306780004686161 ], [ 18.994819897789746, -33.306649995093373 ], [ 18.994719899466112, -33.306539991818553 ], [ 18.994589898857395, -33.306409999312557 ], [ 18.994469896012731, -33.306339995184508 ], [ 18.994319898977061, -33.306319991563292 ], [ 18.994219901552857, -33.306309993799573 ], [ 18.99392989715156, -33.306309993797953 ], [ 18.993639902642908, -33.306329989322741 ], [ 18.993449896565096, -33.306289988376307 ], [ 18.993329902713782, -33.306289988375632 ], [ 18.993089897024461, -33.306219993239999 ], [ 18.992919896366931, -33.306119995822009 ], [ 18.992729898383022, -33.306039994829597 ], [ 18.992519895878008, -33.305949994275245 ], [ 18.992339896557329, -33.305919983897553 ], [ 18.992129894052507, -33.305959984841721 ], [ 18.99189989601982, -33.305989995217139 ], [ 18.991729895362447, -33.305999993878707 ], [ 18.991579898326904, -33.306019989404206 ], [ 18.991419895433559, -33.306129993576768 ], [ 18.991129899126303, -33.306199989608793 ], [ 18.990779898248988, -33.306199989606831 ], [ 18.990609896692227, -33.306149990897282 ], [ 18.990449893798665, -33.30611999580816 ], [ 18.990219894866478, -33.306019989396567 ], [ 18.989999902691469, -33.305949994261105 ], [ 18.98982990203401, -33.305909993314813 ], [ 18.989619900428348, -33.305889989693341 ], [ 18.989449897972225, -33.305849996840998 ], [ 18.989299900936583, -33.305809995894791 ], [ 18.989159895369426, -33.305729993104009 ], [ 18.989019904191483, -33.305659990774416 ], [ 18.988869899061736, -33.305599993402517 ], [ 18.988779899401329, -33.3055499946935 ], [ 18.988689899740983, -33.305479991464793 ], [ 18.98857989466018, -33.305419993193844 ], [ 18.9884599008086, -33.30531999577606 ], [ 18.988349896626968, -33.305129990610638 ], [ 18.98820989825424, -33.304939984545783 ], [ 18.988159898642621, -33.304789995614456 ], [ 18.988159898642451, -33.304679991441006 ], [ 18.988299897913805, -33.304439994762973 ], [ 18.988359895288944, -33.304299996400914 ], [ 18.988409910188643, -33.304129994856623 ], [ 18.988459900806653, -33.304049993865547 ], [ 18.988459900806255, -33.303789992667255 ], [ 18.988509900417395, -33.303569991515069 ], [ 18.988549901365293, -33.303359989025438 ], [ 18.988579894656734, -33.303169992854059 ], [ 18.988659896552775, -33.302959990364634 ], [ 18.988719893927978, -33.302859992048568 ], [ 18.988789897160984, -33.302729991449816 ], [ 18.988929896432541, -33.302569980474665 ], [ 18.989069894804608, -33.302389989261584 ], [ 18.989299900931055, -33.302199991292603 ], [ 18.989529899862877, -33.30205999203222 ], [ 18.989639895950212, -33.301979991041492 ], [ 18.989739902367468, -33.301849990442904 ], [ 18.989989896827108, -33.301689995656126 ], [ 18.990209897095781, -33.301559994158843 ], [ 18.990449893791538, -33.301459988649277 ], [ 18.99059989892082, -33.301279989342369 ], [ 18.990679899917783, -33.301209994208612 ], [ 18.990719900865901, -33.301139990081367 ], [ 18.990739897292862, -33.301029994901192 ], [ 18.990769900477002, -33.300900001496821 ], [ 18.990719900865351, -33.300779991465859 ], [ 18.990689898580122, -33.300609990820476 ], [ 18.990629901204528, -33.300449987038803 ], [ 18.990519897022995, -33.300319994532913 ], [ 18.990409909029278, -33.300219988122016 ], [ 18.990219894857447, -33.300109992041378 ], [ 18.990129895196965, -33.300009994623828 ], [ 18.99002989777264, -33.299929993631942 ], [ 18.989939898112073, -33.299769990749439 ], [ 18.989879900736522, -33.299639989250508 ], [ 18.989739902363915, -33.299519995406996 ], [ 18.989619900418532, -33.29946998860391 ], [ 18.989439900198491, -33.29939999256932 ], [ 18.989239896356754, -33.299349993859671 ], [ 18.989149895797038, -33.299289988394236 ], [ 18.988819900339543, -33.298949994296542 ], [ 18.988679900168282, -33.29888998883083 ], [ 18.988499901746831, -33.298789990513399 ], [ 18.988249899192901, -33.298689993094861 ], [ 18.988039904781761, -33.298629995722635 ], [ 18.987699893574316, -33.298579988019043 ], [ 18.987419896829412, -33.298569982160345 ], [ 18.987049898625528, -33.298509993780435 ], [ 18.986489897041608, -33.298410003554757 ], [ 18.986179897112304, -33.298319995805251 ], [ 18.985839902092646, -33.298249992575151 ], [ 18.985489900315724, -33.298149994256775 ], [ 18.984889896884255, -33.297999989134674 ], [ 18.984189896028493, -33.297819990722338 ], [ 18.983719900400036, -33.297689989221176 ], [ 18.983349895900698, -33.297579993139507 ], [ 18.98302989640878, -33.297469989863451 ], [ 18.982649901340064, -33.297359993781726 ], [ 18.982249893656416, -33.297239990044197 ], [ 18.981879896351558, -33.297129994861812 ], [ 18.981589892849307, -33.297029988449893 ], [ 18.981379898438071, -33.296949995551238 ], [ 18.980859896003789, -33.296919992366199 ], [ 18.980649902491976, -33.296879991419644 ], [ 18.97963989990836, -33.296879991413924 ], [ 18.979549908341856, -33.296869993650262 ], [ 18.979509900199112, -33.296869993650027 ], [ 18.97945990148693, -33.296839991366923 ], [ 18.979459901486852, -33.296789992658418 ], [ 18.979499894340975, -33.296689994342209 ], [ 18.979559898910921, -33.296669989822988 ], [ 18.979669903092262, -33.296639995634671 ], [ 18.979719894609836, -33.296609984358867 ], [ 18.97985990107599, -33.296469993191863 ], [ 18.979929896215104, -33.296369995775223 ], [ 18.980009897211954, -33.296199994231188 ], [ 18.980089899108119, -33.295989992641047 ], [ 18.980219900615687, -33.295779990151914 ], [ 18.980299893518612, -33.295579994418922 ], [ 18.98036989765086, -33.295409993774186 ], [ 18.980479901831849, -33.295149992576356 ], [ 18.980619899304553, -33.294819995345172 ], [ 18.98080989728788, -33.29444998997441 ], [ 18.980879900520616, -33.294129992304661 ], [ 18.980949896558965, -33.293949992098028 ], [ 18.981009901128669, -33.293769993689978 ], [ 18.981079896267712, -33.293629986334722 ], [ 18.981169896827147, -33.293489995167349 ], [ 18.981239899160819, -33.293369993231138 ], [ 18.981299897435182, -33.293179995261198 ], [ 18.98129989743471, -33.292869995354287 ], [ 18.981289898771116, -33.292649995101215 ], [ 18.981229893301602, -33.292419988990709 ], [ 18.981059908831597, -33.292229991019475 ], [ 18.980799899520211, -33.292039993047716 ], [ 18.98053989830316, -33.29202999528308 ], [ 18.980439899979544, -33.292029995282512 ], [ 18.979999900341017, -33.292069996225372 ], [ 18.979879897496335, -33.292039993042494 ], [ 18.979709888744907, -33.291999992096265 ], [ 18.979549908334327, -33.291959992049364 ], [ 18.979399896009998, -33.291839989212463 ], [ 18.97927989316522, -33.291749982363378 ], [ 18.979159899313583, -33.291649992140172 ], [ 18.979019900940923, -33.291550001017576 ], [ 18.97884989938408, -33.291499995113497 ], [ 18.978629899115024, -33.291459994166985 ], [ 18.978399900182804, -33.291419993220316 ], [ 18.978219900862005, -33.291389990037189 ], [ 18.978029894784044, -33.291339991327497 ], [ 18.977919899595804, -33.291279993955904 ], [ 18.977849895463176, -33.291209991626602 ], [ 18.977759895802581, -33.291069992364434 ], [ 18.977559900054413, -33.290889993055544 ], [ 18.977389899396737, -33.290779989780482 ], [ 18.97723989426698, -33.290709993745956 ], [ 18.977069899904706, -33.290649988280073 ], [ 18.976839893777669, -33.2905399921992 ], [ 18.976639898029692, -33.29048999348953 ], [ 18.9763498936281, -33.290399992934731 ], [ 18.97616989520656, -33.290309993279834 ], [ 18.975899896225314, -33.290249988712645 ], [ 18.975729893769156, -33.29019999719776 ], [ 18.975549895347591, -33.290149990394248 ], [ 18.975339900936387, -33.290129993967355 ], [ 18.975019894249769, -33.290029996548498 ], [ 18.974849884598836, -33.289929990137246 ], [ 18.974639899180726, -33.289809996293222 ], [ 18.974429896675531, -33.289719996638247 ], [ 18.974259896017887, -33.289649993409093 ], [ 18.973959893852182, -33.289429992254981 ], [ 18.973569900119809, -33.289169991054386 ], [ 18.973389900798708, -33.288969995319924 ], [ 18.973289895280356, -33.288849993382655 ], [ 18.973149896008106, -33.288570002952362 ], [ 18.97309989639626, -33.288349995504376 ], [ 18.973049897683701, -33.288079988448665 ], [ 18.973079900867766, -33.28793998918708 ], [ 18.973159893770891, -33.28784999043301 ], [ 18.973279896615423, -33.287759990779826 ], [ 18.973369896275777, -33.287729995692104 ], [ 18.973499896884125, -33.287589989236565 ], [ 18.973619898829245, -33.287409989030131 ], [ 18.973709906583178, -33.287189989676904 ], [ 18.973819894576589, -33.287029993990153 ], [ 18.973949896084317, -33.28689999339165 ], [ 18.974169896353075, -33.286769985599172 ], [ 18.97426989377724, -33.286639992195099 ], [ 18.97430989472516, -33.286479989313349 ], [ 18.974339897009855, -33.286279985486189 ], [ 18.974449893097063, -33.286009994619057 ], [ 18.974579893705069, -33.285649995105018 ], [ 18.974759893025144, -33.285189990080333 ], [ 18.974999897814467, -33.284709988630198 ], [ 18.975099896137788, -33.284499994234793 ], [ 18.975149894849512, -33.284229995273535 ], [ 18.975229895846265, -33.283979992738132 ], [ 18.975329894169406, -33.283710000971595 ], [ 18.975369895117407, -33.283549989995976 ], [ 18.975419893829304, -33.283389995208147 ], [ 18.975499895725562, -33.283229992326554 ], [ 18.975589895385635, -33.283079995302209 ], [ 18.975689892809662, -33.282919992420737 ], [ 18.975769894705866, -33.282719996687732 ], [ 18.975849896601996, -33.282539988387285 ], [ 18.975919899835027, -33.282399981931313 ], [ 18.975999892737956, -33.28218999562975 ], [ 18.976059899106147, -33.281949991756683 ], [ 18.976079894633717, -33.281759993786608 ], [ 18.976109897817757, -33.281549991296913 ], [ 18.976099899154111, -33.281289990098486 ], [ 18.976079894632662, -33.281069990744612 ], [ 18.975999892735761, -33.280749991275371 ], [ 18.975969899443758, -33.280639995195614 ], [ 18.975919899832085, -33.280469994550096 ], [ 18.975819894313762, -33.280359998469969 ], [ 18.975739899611629, -33.280209993350702 ], [ 18.975639894093021, -33.27990998311251 ], [ 18.975629896328631, -33.279639992244803 ], [ 18.975609899901343, -33.279539993928282 ], [ 18.975609899901173, -33.279429990654108 ], [ 18.975549895330875, -33.27922999402103 ], [ 18.975419893822433, -33.278889983736605 ], [ 18.975269896786198, -33.278589989685962 ], [ 18.975119899749998, -33.278319990723482 ], [ 18.975019894231476, -33.278079993144821 ], [ 18.974909898143668, -33.277899994735719 ], [ 18.97474989524969, -33.277679994481794 ], [ 18.974609895977604, -33.27749999427396 ], [ 18.974469897604781, -33.277309988208984 ], [ 18.974309894710817, -33.277099994711456 ], [ 18.974099900299439, -33.276919995402515 ], [ 18.973889897794113, -33.276809991227857 ], [ 18.973629896576902, -33.276749994754695 ], [ 18.973479899540905, -33.276679990626299 ], [ 18.973309898883297, -33.276629991017515 ], [ 18.973179899173942, -33.276529993599659 ], [ 18.97304989766587, -33.276439986750532 ], [ 18.972959898005346, -33.276360000147768 ], [ 18.972849885729822, -33.276269992399385 ], [ 18.972729908066, -33.27616999408238 ], [ 18.972519897466913, -33.276089993089847 ], [ 18.972149900161945, -33.275969990251639 ], [ 18.971739894714183, -33.275889989258054 ], [ 18.971489899354591, -33.275809995459781 ], [ 18.971319897797724, -33.275789990939238 ], [ 18.971109895292532, -33.275729994466275 ], [ 18.970839896311251, -33.275689993519464 ], [ 18.970599899615017, -33.275629996146954 ], [ 18.970419900294061, -33.27553999649205 ], [ 18.970259897400386, -33.275479991026195 ], [ 18.969739895865139, -33.275479991023218 ], [ 18.969579899266829, -33.275509993305121 ], [ 18.969409898609335, -33.275559992012681 ], [ 18.969159896954636, -33.275579989336322 ], [ 18.968899894837978, -33.275569991571579 ], [ 18.968689892332858, -33.275569991570379 ], [ 18.968379892403348, -33.275519991960806 ], [ 18.968199893082446, -33.275479991014414 ], [ 18.967989899570515, -33.275439990067937 ], [ 18.967739896117006, -33.275369994932205 ], [ 18.967589899081119, -33.275279995277536 ], [ 18.967299895578442, -33.275089989211644 ], [ 18.967159896306455, -33.275009996313457 ], [ 18.966989895648666, -33.274879995713256 ], [ 18.966869893703066, -33.27476999153911 ], [ 18.966659899291528, -33.274589991330778 ], [ 18.966559894672422, -33.274469989393594 ], [ 18.966429892264806, -33.274229992714027 ], [ 18.966349899361159, -33.273999994697398 ], [ 18.966329893940507, -33.273829993152681 ], [ 18.96629990064854, -33.273699992553361 ], [ 18.96626989746407, -33.273579990616483 ], [ 18.966259899699818, -33.273399990409303 ], [ 18.96625990059897, -33.273259992046988 ], [ 18.966169899139249, -33.272839995160624 ], [ 18.966149895517226, -33.272659995852756 ], [ 18.966079899478181, -33.272419991079673 ], [ 18.966039899429141, -33.272329992324948 ], [ 18.965999898480746, -33.272249990434084 ], [ 18.965939893910679, -33.272159989880493 ], [ 18.965889894299067, -33.272109991171682 ], [ 18.965709894078529, -33.271910003531083 ], [ 18.965559897042585, -33.271789993499631 ], [ 18.965399894148643, -33.27163998837991 ], [ 18.965309894487969, -33.271479993591285 ], [ 18.965269894438666, -33.27121999239268 ], [ 18.965299895824032, -33.271039992185813 ], [ 18.965319893150294, -33.270869991540707 ], [ 18.96539989414719, -33.270689992233407 ], [ 18.965469898279473, -33.270509992026767 ], [ 18.965529895654516, -33.270259989491272 ], [ 18.965529895653813, -33.269799992559335 ], [ 18.965509898327031, -33.269629991014718 ], [ 18.965479896041845, -33.269459990369313 ], [ 18.965459899614423, -33.269339995627107 ], [ 18.965299895820959, -33.269029995719286 ], [ 18.965139892926917, -33.268759988662843 ], [ 18.96505990002327, -33.268529990646108 ], [ 18.96491989355647, -33.268319995350048 ], [ 18.964779894284302, -33.268129990184441 ], [ 18.96458989629987, -33.267929994449894 ], [ 18.964449897927086, -33.267809992512376 ], [ 18.964209893136662, -33.267649987830374 ], [ 18.9640598961007, -33.267529993986692 ], [ 18.963789897119266, -33.267449992993804 ], [ 18.963619896461569, -33.267399994284297 ], [ 18.963369893008032, -33.267339987918653 ], [ 18.963199898645652, -33.267289989209075 ], [ 18.963129897210926, -33.267239990500137 ], [ 18.963029897987877, -33.26718999089168 ], [ 18.962779895433634, -33.267089986278677 ], [ 18.962609893876557, -33.267039995663076 ], [ 18.962509896452129, -33.266979989298186 ], [ 18.962359906610683, -33.266869993217767 ], [ 18.962149896910756, -33.266779993562672 ], [ 18.961929896641617, -33.266739993515415 ], [ 18.961519899287651, -33.266739993513056 ], [ 18.961159899746562, -33.266729994848454 ], [ 18.960929892720323, -33.266729994847118 ], [ 18.960519887272689, -33.266879990970324 ], [ 18.960189899009926, -33.266919991913781 ], [ 18.959979896504624, -33.266919991912566 ], [ 18.959719897086007, -33.266939989236135 ], [ 18.959469892733189, -33.266969991517527 ], [ 18.958719891365934, -33.266969991513186 ], [ 18.958519903711917, -33.267029987983726 ], [ 18.958299895348905, -33.267079995684213 ], [ 18.958169894740248, -33.267079995683474 ], [ 18.958039895030851, -33.267069988926316 ], [ 18.95788989799486, -33.267069988925435 ], [ 18.957759896486948, -33.267089986249765 ], [ 18.957659899962003, -33.267179993097564 ], [ 18.95744989655757, -33.267289989175929 ], [ 18.957249893614971, -33.267349995539085 ], [ 18.957119893006322, -33.267359993301497 ], [ 18.956919896358833, -33.267339987881485 ], [ 18.956639899613446, -33.267229991800193 ], [ 18.956409893486395, -33.267199990415413 ], [ 18.956189884223914, -33.267199990414142 ], [ 18.95598990466376, -33.267259994978552 ], [ 18.955639895691938, -33.267299995921981 ], [ 18.955439891849938, -33.267289989164318 ], [ 18.955289894814037, -33.267249989117452 ], [ 18.955039892259741, -33.267229991790948 ], [ 18.954809893327273, -33.267199990406169 ], [ 18.954609897579083, -33.267149990797115 ], [ 18.954459892449194, -33.267099992087822 ], [ 18.954399895073621, -33.267019990196758 ], [ 18.954289898985866, -33.266949995061822 ], [ 18.954079897379831, -33.266859995406719 ], [ 18.953869895773643, -33.266729994806354 ], [ 18.953569893607764, -33.266649992913898 ], [ 18.953219892729688, -33.266569991021257 ], [ 18.952959891512226, -33.266569991019743 ], [ 18.952689892530856, -33.266629989288603 ], [ 18.952499894546616, -33.266629989287502 ], [ 18.952289892041321, -33.266619990623759 ], [ 18.952089896293167, -33.266609991960067 ], [ 18.951969894347716, -33.266599986102229 ], [ 18.951849892402073, -33.266520000398685 ], [ 18.951749894078301, -33.266449989076023 ], [ 18.951659902511555, -33.266359989421716 ], [ 18.951579892520922, -33.266259991104839 ], [ 18.951529892909125, -33.266109994079628 ], [ 18.951419896821264, -33.265919988914085 ], [ 18.9512998948755, -33.265819991496443 ], [ 18.951189898787707, -33.265729990942546 ], [ 18.951089893269351, -33.265679992233466 ], [ 18.951029895893878, -33.26566999446986 ], [ 18.950959891761251, -33.265659995807006 ], [ 18.950859894336624, -33.265509991586896 ], [ 18.950839897909216, -33.265349995899314 ], [ 18.950859894336226, -33.265249990388504 ], [ 18.950879898857099, -33.26513999430906 ], [ 18.950969898517453, -33.265050001850298 ], [ 18.951109896889957, -33.264929991820516 ], [ 18.951269893488213, -33.264769988040108 ], [ 18.951349894485258, -33.264649994197732 ], [ 18.951429895482246, -33.264499989079404 ], [ 18.951599897038921, -33.264289995583766 ], [ 18.951739895411308, -33.264039992149364 ], [ 18.951829895071445, -33.263809994133581 ], [ 18.951929893394819, -33.263619988069991 ], [ 18.951959896578977, -33.26351999065313 ], [ 18.952109893614601, -33.263309996258016 ], [ 18.952249891087789, -33.263169996997142 ], [ 18.952459893592891, -33.263050003155534 ], [ 18.952669895198603, -33.262919994463729 ], [ 18.952869890946488, -33.262759991582904 ], [ 18.953039893402675, -33.262649995504241 ], [ 18.953219892723475, -33.262539991331806 ], [ 18.953649895497449, -33.262229983333434 ], [ 18.95387989353026, -33.262009991175624 ], [ 18.954169897032553, -33.261879990578144 ], [ 18.954379899537621, -33.261749989980132 ], [ 18.954479896961761, -33.261540002779313 ], [ 18.954609897569966, -33.2612299947792 ], [ 18.954639900753932, -33.261009995425638 ], [ 18.954679885514032, -33.260729990607174 ], [ 18.954729892319591, -33.260399993375501 ], [ 18.954729892318696, -33.259809995844513 ], [ 18.954619896230437, -33.259409988189113 ], [ 18.954539894333454, -33.259149995084158 ], [ 18.954449894672667, -33.258949991256294 ], [ 18.954239892166814, -33.258509991648204 ], [ 18.954019892796225, -33.258049993815817 ], [ 18.953799891626954, -33.257629988834815 ], [ 18.953679897774919, -33.257309991163957 ], [ 18.953559894929683, -33.25701999577602 ], [ 18.953399892035403, -33.256709994968709 ], [ 18.953049907344329, -33.256079989295834 ], [ 18.952879897693066, -33.255879993561393 ], [ 18.952679886656199, -33.255659993307113 ], [ 18.952379892583966, -33.255439993052264 ], [ 18.952119899460136, -33.255289996025901 ], [ 18.951719898970367, -33.255139990904773 ], [ 18.951459897752841, -33.255119995376837 ], [ 18.951149897823107, -33.255089992192936 ], [ 18.95085989432048, -33.255029994820113 ], [ 18.950589895338915, -33.254979996110109 ], [ 18.95020989217571, -33.25486999193437 ], [ 18.949919895867769, -33.254869991932679 ], [ 18.949669893313558, -33.254889988357 ], [ 18.949389895668798, -33.254899994212423 ], [ 18.949079895739185, -33.254969990244206 ], [ 18.948679904243022, -33.255089992178569 ], [ 18.948389891747432, -33.255179991830772 ], [ 18.947959897966161, -33.255259992819617 ], [ 18.947589892566942, -33.255239989197065 ], [ 18.947339898106456, -33.255179991824676 ], [ 18.947079896888827, -33.255119995351379 ], [ 18.946879893046585, -33.25506999574241 ], [ 18.946769896958845, -33.25502999479631 ], [ 18.946679904492772, -33.254869991913829 ], [ 18.946539898025851, -33.25472000298204 ], [ 18.946449897465666, -33.254469992351687 ], [ 18.946369896468056, -33.254229987578533 ], [ 18.9463198977556, -33.25406999189078 ], [ 18.946209893573851, -33.253949989953504 ], [ 18.946089890728572, -33.253719991037251 ], [ 18.94590989140708, -33.253419989791745 ], [ 18.94579989531913, -33.253189990875526 ], [ 18.945739890748815, -33.253039993850251 ], [ 18.945739890748523, -33.252849987786078 ], [ 18.94574989660607, -33.2526999907613 ], [ 18.945839895367062, -33.252539987879757 ], [ 18.945949892353894, -33.252449989125793 ], [ 18.946059896535427, -33.252369995329687 ], [ 18.946339894179999, -33.252269988921029 ], [ 18.946619891824447, -33.252029992243948 ], [ 18.9470198914143, -33.25175999328463 ], [ 18.947229893919282, -33.251529995269571 ], [ 18.947449894188189, -33.251309994118557 ], [ 18.947629892609363, -33.250999994212584 ], [ 18.947829896450997, -33.250719989395073 ], [ 18.948019895334301, -33.250489990480524 ], [ 18.948329895263548, -33.250169991912898 ], [ 18.948569891959636, -33.24996998808696 ], [ 18.948819895412882, -33.249719992747075 ], [ 18.949109898015809, -33.249489994732578 ], [ 18.94946989665738, -33.249259989523779 ], [ 18.949849892625398, -33.248979991002535 ], [ 18.950149901985508, -33.248779995270844 ], [ 18.95032989411142, -33.248459989507843 ], [ 18.950519892095073, -33.248119994513807 ], [ 18.950639902134057, -33.247779992324773 ], [ 18.95072989370011, -33.247469992418381 ], [ 18.950759896883959, -33.247109992903781 ], [ 18.950749898220131, -33.24673999562566 ], [ 18.950719887840911, -33.246539991798159 ], [ 18.950609890853478, -33.246279991498398 ], [ 18.950549894377172, -33.246139992236373 ], [ 18.950289893159145, -33.245860001805376 ], [ 18.950089897410706, -33.245679995301849 ], [ 18.949849892620009, -33.245449996384899 ], [ 18.949609895923366, -33.245279994838995 ], [ 18.949439895265325, -33.24507999101057 ], [ 18.94934989470519, -33.244909990364917 ], [ 18.949239898617257, -33.244679991448635 ], [ 18.9491898918108, -33.24448999437741 ], [ 18.949139893098245, -33.244259995461555 ], [ 18.949129895333829, -33.243979997837329 ], [ 18.949109898006942, -33.243689994355996 ], [ 18.949079895721507, -33.243429993157434 ], [ 18.949069897057935, -33.243229989330032 ], [ 18.949019898345448, -33.243039984164866 ], [ 18.948899896399674, -33.242889995233206 ], [ 18.948739892606213, -33.242669994079861 ], [ 18.948599894233457, -33.242579995324547 ], [ 18.948449897197158, -33.242429990204762 ], [ 18.948139897267058, -33.242189993524242 ], [ 18.947859891528097, -33.241949987850532 ], [ 18.947629892595032, -33.241639987942285 ], [ 18.947559897455093, -33.241269991563271 ], [ 18.947509891547849, -33.240979995276284 ], [ 18.947489895120132, -33.240619988566856 ], [ 18.947489895119734, -33.240359995462349 ], [ 18.947479895556789, -33.240099994263822 ], [ 18.947399894559023, -33.239759992073616 ], [ 18.947399894558675, -33.239529985064173 ], [ 18.947459891933679, -33.239279989723173 ], [ 18.947529895166692, -33.239059990369839 ], [ 18.94775989409883, -33.238819992793083 ], [ 18.948029893079998, -33.238579988921259 ], [ 18.94843989133329, -33.238429991898805 ], [ 18.94881989539531, -33.238209990748608 ], [ 18.94927989056206, -33.237949990452179 ], [ 18.949789895232691, -33.237669992831087 ], [ 18.950349897716258, -33.237349995164202 ], [ 18.950779893295827, -33.2370599907862 ], [ 18.95108989322511, -33.236779994063106 ], [ 18.95151989509991, -33.236499988347653 ], [ 18.952209898192088, -33.236149995593287 ], [ 18.952819892193265, -33.23581999117026 ], [ 18.953339895527023, -33.235499993503225 ], [ 18.954069891473576, -33.23515998232449 ], [ 18.954679885474661, -33.234869994135302 ], [ 18.955129899065113, -33.234639988027759 ], [ 18.955589896030375, -33.23442999453372 ], [ 18.95592989914401, -33.23422998980908 ], [ 18.95601589322375, -33.234143996635382 ], [ 18.956219895451532, -33.233939994423437 ], [ 18.956439895720173, -33.233599992234979 ], [ 18.956629893703692, -33.233139995304157 ], [ 18.956799895259859, -33.232609994245848 ], [ 18.956949899489597, -33.232089991849946 ], [ 18.95705989557619, -33.231399988808583 ], [ 18.957089897860257, -33.230759993468439 ], [ 18.957069893338705, -33.230419990379303 ], [ 18.956999898198752, -33.230069989526633 ], [ 18.956919896301994, -33.229949994784057 ], [ 18.956839895304586, -33.229819994184439 ], [ 18.956669893747456, -33.22970999000993 ], [ 18.956529895374647, -33.229609992592067 ], [ 18.956299896442065, -33.229499996511151 ], [ 18.956118891678834, -33.229384989408068 ], [ 18.956009892039894, -33.229219990791414 ], [ 18.956009892039521, -33.228969996349448 ], [ 18.956069890313952, -33.228769992522459 ], [ 18.956119897119748, -33.228589992315705 ], [ 18.956239899064972, -33.228399995245411 ], [ 18.956429897948077, -33.228140001242707 ], [ 18.956499892187701, -33.2278499905674 ], [ 18.956529895371542, -33.227539989761198 ], [ 18.956559889562175, -33.227199987571744 ], [ 18.95671989245519, -33.226739989741468 ], [ 18.956919896296547, -33.226319993756071 ], [ 18.957069893331919, -33.225889991913412 ], [ 18.957149895227939, -33.225579992006871 ], [ 18.957229896224593, -33.225209993830013 ], [ 18.957319896783879, -33.224899993923628 ], [ 18.957379893259574, -33.224579988159924 ], [ 18.957429892870444, -33.224179988599445 ], [ 18.957429892869886, -33.223809999415359 ], [ 18.957339892309491, -33.223379989477351 ], [ 18.957269897169581, -33.222999993536455 ], [ 18.95725989940517, -33.222709990055094 ], [ 18.957179897507988, -33.222249993122887 ], [ 18.957119892937211, -33.22175999300849 ], [ 18.957009904942922, -33.221399994392343 ], [ 18.956889894903128, -33.221119989572955 ], [ 18.956719892446312, -33.220799991002536 ], [ 18.956529895361001, -33.220489991094517 ], [ 18.956269894143013, -33.22011999291567 ], [ 18.955839891367944, -33.219689991069551 ], [ 18.955589896007925, -33.219459993051913 ], [ 18.95529989340443, -33.21920999051428 ], [ 18.954819891017912, -33.218859988759839 ], [ 18.954419892326634, -33.218579991133439 ], [ 18.954139894681653, -33.218409990486563 ], [ 18.953789892904112, -33.218209993851808 ], [ 18.953399891976844, -33.218019989584008 ], [ 18.952989894622469, -33.217810002380247 ], [ 18.952599891896647, -33.217639992739471 ], [ 18.952249891018514, -33.217539995320394 ], [ 18.951709893055359, -33.217419993380624 ], [ 18.951209887047334, -33.217239993170566 ], [ 18.951029895819939, -33.217049996098595 ], [ 18.950869892026443, -33.216799993561814 ], [ 18.950629896228701, -33.216369989918142 ], [ 18.950469893334489, -33.216059990010294 ], [ 18.950379892774134, -33.2157399923396 ], [ 18.950319896297533, -33.215459994715175 ], [ 18.950319896297305, -33.215309990495633 ], [ 18.95024989216439, -33.215109993862484 ], [ 18.950219897973255, -33.215059995153716 ], [ 18.949849894372228, -33.214659994691473 ], [ 18.949419897892245, -33.214279992453143 ], [ 18.948939897304015, -33.213779994573223 ], [ 18.948519893191978, -33.213349991827783 ], [ 18.948159893650157, -33.213019995492971 ], [ 18.947879896005063, -33.212769992056202 ], [ 18.947419890944939, -33.212439995720906 ], [ 18.947149891963107, -33.212249990554426 ], [ 18.947009892690922, -33.212129995811488 ], [ 18.94665989181221, -33.211709991728974 ], [ 18.946299893169499, -33.211289995740401 ], [ 18.945879896252023, -33.210869990758198 ], [ 18.945479896661205, -33.2105299894654 ], [ 18.945029898358055, -33.210119991239438 ], [ 18.944619892909238, -33.209709993013696 ], [ 18.944209894655149, -33.209389995341205 ], [ 18.94382989059223, -33.209079995432077 ], [ 18.943589894794684, -33.208839989758602 ], [ 18.943449895522274, -33.208639994024317 ], [ 18.943369893625391, -33.208419993770818 ], [ 18.943369893625079, -33.208209992180223 ], [ 18.943419892337072, -33.208059995155587 ], [ 18.943559891608952, -33.207899992274342 ], [ 18.943769893214665, -33.207689989785706 ], [ 18.944409898494236, -33.207309993849066 ], [ 18.94478989356309, -33.207079995834938 ], [ 18.945139894441013, -33.206949995237842 ], [ 18.945589893642527, -33.206689994042101 ], [ 18.946009897753612, -33.206439991508695 ], [ 18.946359898631364, -33.20626998996616 ], [ 18.946749891464286, -33.206059996471829 ], [ 18.947149891953476, -33.20579999527579 ], [ 18.947509890595125, -33.205519988660569 ], [ 18.947899892421059, -33.205219995512273 ], [ 18.948139897211131, -33.205069991294245 ], [ 18.94822988877754, -33.204919994269837 ], [ 18.948219899107283, -33.204759991387796 ], [ 18.948139898109879, -33.204649994408385 ], [ 18.948036890654105, -33.204546987859118 ], [ 18.948017891575144, -33.204527988781386 ], [ 18.94795989788927, -33.204449991479272 ], [ 18.947909899176871, -33.204379995445386 ], [ 18.947889893756376, -33.204269991271822 ], [ 18.947859891470923, -33.203989994546838 ], [ 18.94781988242821, -33.203699990166115 ], [ 18.947729890861158, -33.203359995170366 ], [ 18.947509890591316, -33.20295999470892 ], [ 18.947279892557585, -33.202629991180359 ], [ 18.947099892336869, -33.202359992217744 ], [ 18.946839883924405, -33.202159996482678 ], [ 18.946579898894345, -33.201989994936739 ], [ 18.946399890579929, -33.201909993044964 ], [ 18.946337890414171, -33.201892988663282 ], [ 18.945852894991347, -33.201759979829042 ], [ 18.945779898813985, -33.201739992396085 ], [ 18.945743895352482, -33.201732993871701 ], [ 18.945039897008613, -33.201600001223937 ], [ 18.944479893624894, -33.201459993864979 ], [ 18.944246894553665, -33.201400994740098 ], [ 18.944009898894983, -33.201339991925607 ], [ 18.943659897117339, -33.201249992269673 ], [ 18.943219896578466, -33.201119991667838 ], [ 18.943183893116963, -33.201113991390983 ], [ 18.942849891179083, -33.201059994294603 ], [ 18.942639897666911, -33.201039989773783 ], [ 18.9423998937758, -33.201019994245975 ], [ 18.942229891319339, -33.201019994244959 ], [ 18.941869892677346, -33.201069992951346 ], [ 18.941679895592433, -33.201119991658764 ], [ 18.941079891260848, -33.201339991908334 ], [ 18.940449893637428, -33.20153999573197 ], [ 18.939979897109147, -33.201729993699402 ], [ 18.939489897858433, -33.201909993004264 ], [ 18.93904989731994, -33.202089993208702 ], [ 18.938619895444692, -33.202259993851399 ], [ 18.938249898139468, -33.202379987691948 ], [ 18.937879892740252, -33.202489991863303 ], [ 18.937499896771705, -33.202589990177401 ], [ 18.936879888818197, -33.202729989435497 ], [ 18.936399896324463, -33.202839992706849 ], [ 18.936368895791905, -33.202846991230814 ], [ 18.935859904656574, -33.202959994640253 ], [ 18.93550589100311, -33.203031994361325 ], [ 18.935269891793354, -33.203079990278248 ], [ 18.93474989745194, -33.203169989929044 ], [ 18.934189894967698, -33.203279994099191 ], [ 18.933699894817309, -33.203339991467359 ], [ 18.93338989488733, -33.203339991465512 ], [ 18.933279890705606, -33.203339991464858 ], [ 18.932949894348351, -33.203279994091844 ], [ 18.932719895415644, -33.20325998867154 ], [ 18.932449896433685, -33.203116990169171 ], [ 18.932379894099604, -33.203079990261131 ], [ 18.932179897451689, -33.202889992289734 ], [ 18.932009895894041, -33.202629991090248 ], [ 18.931919896233012, -33.202329988946055 ], [ 18.931849892999288, -33.202059989983994 ], [ 18.931769892001562, -33.201779993258704 ], [ 18.93178989562276, -33.201389991461191 ], [ 18.931879895282776, -33.201069992892265 ], [ 18.932019886460804, -33.200879994922829 ], [ 18.932539896989699, -33.200559989161938 ], [ 18.932899895631699, -33.200349994768104 ], [ 18.93322989198855, -33.200139993179462 ], [ 18.933559896439263, -33.199859994657956 ], [ 18.933899891459298, -33.199539988896021 ], [ 18.934269895959066, -33.199329995401506 ], [ 18.934549893603787, -33.199209993466447 ], [ 18.934989894142486, -33.199099988396227 ], [ 18.935489883962802, -33.198989992319625 ], [ 18.935979884112967, -33.198859991723374 ], [ 18.936339890848888, -33.198769992071611 ], [ 18.93656989697601, -33.198629992811199 ], [ 18.936729891775798, -33.198509990875536 ], [ 18.936879888811607, -33.198329990669301 ], [ 18.937019896177457, -33.198199990970252 ], [ 18.937219891925444, -33.19804999394659 ], [ 18.937569892803452, -33.197889991066589 ], [ 18.93786989406988, -33.197689995334912 ], [ 18.938169896235532, -33.197509995129643 ], [ 18.938389889309992, -33.197259993494356 ], [ 18.938619895436872, -33.1970299936808 ], [ 18.938789896094427, -33.196839987617707 ], [ 18.938939893130136, -33.196609989602308 ], [ 18.939004894333532, -33.196389990248946 ], [ 18.939569892552381, -33.196489995763216 ], [ 18.939949894816397, -33.196569988662908 ], [ 18.94050989820018, -33.196679992839769 ], [ 18.940584896268401, -33.19659899450069 ], [ 18.943234898159705, -33.193737992978868 ], [ 18.95646989703847, -33.188079993832673 ], [ 18.956471892634148, -33.188032995262553 ], [ 18.95650989888448, -33.187009994850442 ], [ 18.956525070447807, -33.18650166115728 ], [ 18.956603401403857, -33.186524873559094 ], [ 18.967032580047078, -33.189615393834771 ], [ 18.970635541422695, -33.190632257294389 ], [ 18.971740282196052, -33.190996319952511 ] ] ] } },
{ "type": "Feature", "properties": { "Municipali": "Drakenstein Local Municipality", "WardNo": "32", "WardLabel": "WC023_32", "Province": "Western Cape", "CLASSIFICATION": "Manufacturing", "PopGBlack": 3475.5169944999998, "PopGColour": 5707.6547248999996, "PopGIndian": 23.397427108, "PopGWhite": 70.008902976000002, "PopGOther": 98.6824203, "PopGTotal": 9375.2604697999996 }, "geometry": { "type": "Polygon", "coordinates": [ [ [ 19.006655899238631, -33.695932996102222 ], [ 19.008106898808695, -33.69721298858888 ], [ 19.009281899120662, -33.698250990598368 ], [ 19.009787897310826, -33.698698995073336 ], [ 19.010376897536016, -33.699218996573855 ], [ 19.010929517483635, -33.699651333060352 ], [ 19.010316900162831, -33.700317993296018 ], [ 19.009427897774589, -33.700714991814515 ], [ 19.007144902049671, -33.701648989909174 ], [ 19.005225901552532, -33.702449995362102 ], [ 19.002370900991799, -33.703256992992976 ], [ 19.001294901657332, -33.703560991718234 ], [ 19.001059899796825, -33.703656991647506 ], [ 19.001024799254871, -33.703667288884802 ], [ 19.000517906240027, -33.703815989983973 ], [ 19.000392920251869, -33.703843746658954 ], [ 18.99889690511608, -33.704175988590883 ], [ 18.998811900290924, -33.704194995761938 ], [ 18.998796323132645, -33.704198579560192 ], [ 18.998016749354509, -33.702213192138288 ], [ 18.997959826761278, -33.702068219625239 ], [ 18.999112033751743, -33.701508693829226 ], [ 18.999690445357135, -33.701227810375904 ], [ 18.999732030910824, -33.701211161227114 ], [ 18.999908770189123, -33.701489865627018 ], [ 19.00036849645905, -33.702313790314733 ], [ 19.001082352269552, -33.702043681639552 ], [ 19.001796586695189, -33.702074291867788 ], [ 19.003602581074414, -33.70139066682728 ], [ 19.004020918739428, -33.700809076160937 ], [ 19.004224985717816, -33.700635619422172 ], [ 19.004429052695222, -33.699941790665271 ], [ 19.004378035949614, -33.699462232579336 ], [ 19.004337222913474, -33.699370402804917 ], [ 19.004163766161106, -33.699196946064184 ], [ 19.003918884347382, -33.69899287909854 ], [ 19.003582173651942, -33.698666372133708 ], [ 19.005000440590894, -33.697595018779687 ], [ 19.004816780129847, -33.697411359230252 ], [ 19.004546505956512, -33.697307382311699 ], [ 19.005388143746902, -33.696666134220315 ], [ 19.005484933289232, -33.696762921957415 ], [ 19.006655899238631, -33.695932996102222 ] ] ] } },
{ "type": "Feature", "properties": { "Municipali": "Drakenstein Local Municipality", "WardNo": "33", "WardLabel": "WC023_33", "Province": "Western Cape", "CLASSIFICATION": "Manufacturing", "PopGBlack": 134.38387738, "PopGColour": 7297.1725012999996, "PopGIndian": 57.098395488000001, "PopGWhite": 368.56237671999997, "PopGOther": 139.3602064, "PopGTotal": 7996.5773572999997 }, "geometry": { "type": "Polygon", "coordinates": [ [ [ 19.00509040974115, -33.73268776205439 ], [ 19.004015760318349, -33.733815739235382 ], [ 19.003624896916207, -33.734229994136825 ], [ 19.003571906159589, -33.734287995911991 ], [ 19.00358689875863, -33.734362993974855 ], [ 19.003258897999238, -33.734713984978946 ], [ 19.003169902881947, -33.734804990074402 ], [ 19.003053898423847, -33.734930993186509 ], [ 19.002882012787989, -33.735136885773713 ], [ 19.00379622992115, -33.735338897342153 ], [ 19.003731916250302, -33.735784486684892 ], [ 19.003793982966901, -33.736400361308746 ], [ 19.002328123899158, -33.736049977337764 ], [ 19.002381196497709, -33.7378308139563 ], [ 19.001473368421323, -33.737566257680633 ], [ 19.001470081576066, -33.737656641351393 ], [ 19.001187510072214, -33.737576784250138 ], [ 19.001137009538418, -33.737562512908234 ], [ 19.001064603319101, -33.738873074242633 ], [ 19.00099772703074, -33.739719812029954 ], [ 19.000986817356541, -33.740963512367777 ], [ 19.001031421937899, -33.742658462831557 ], [ 19.003628902512933, -33.742523990816615 ], [ 19.004160492711605, -33.742516383454145 ], [ 19.001910490416986, -33.743645699908498 ], [ 19.001429899876285, -33.743929992692259 ], [ 18.999877995470506, -33.745093451012309 ], [ 18.998179899061043, -33.746299993153052 ], [ 18.996752270178504, -33.747342493557845 ], [ 18.996024991986118, -33.747953601770867 ], [ 18.995657380582962, -33.747661674637875 ], [ 18.995311527378892, -33.747315822356413 ], [ 18.994879211547889, -33.746696169678621 ], [ 18.994562179818029, -33.745990054381146 ], [ 18.994300100266763, -33.745427067986455 ], [ 18.994126994249473, -33.745004867760784 ], [ 18.993323382490694, -33.743164710956762 ], [ 18.992040520177881, -33.740028732703699 ], [ 18.991869898987574, -33.739599992608049 ], [ 18.991407193262948, -33.738590208630114 ], [ 18.990457316655789, -33.737033467772513 ], [ 18.990307799857685, -33.736708048089064 ], [ 18.990263823904719, -33.736171544931125 ], [ 18.991917312141233, -33.735846124357735 ], [ 18.992383454173549, -33.73578455767219 ], [ 18.992514905388489, -33.735784786100638 ], [ 18.992736830206475, -33.735785169213038 ], [ 18.992839236015069, -33.735721165362747 ], [ 18.992840609279924, -33.73570337497403 ], [ 18.993005644775582, -33.733564246654375 ], [ 18.993012045250563, -33.733276230674932 ], [ 18.993151271104239, -33.732775198578231 ], [ 18.995868053954236, -33.733430646983294 ], [ 18.995995895290061, -33.733313988726657 ], [ 18.99729393995074, -33.732478398042538 ], [ 18.997376899717434, -33.732424995400599 ], [ 19.000855898519635, -33.730268991320024 ], [ 19.000880897875625, -33.730252992380898 ], [ 19.002370901041722, -33.729323998109933 ], [ 19.002795644578306, -33.728840461425726 ], [ 19.002854301963627, -33.72885698467006 ], [ 19.004041118467462, -33.729106317217173 ], [ 19.004051078459764, -33.72910805111016 ], [ 19.003689899910842, -33.730349993271474 ], [ 19.00333989993441, -33.730959992622331 ], [ 19.003249899375557, -33.731289993451121 ], [ 19.002929899885519, -33.731909993263322 ], [ 19.002924781877379, -33.731919608832705 ], [ 19.00509040974115, -33.73268776205439 ] ] ] } }
]
}
