{
"type": "FeatureCollection",
"name": "Emalahleni_Local_Municipality",
"crs": { "type": "name", "properties": { "name": "urn:ogc:def:crs:OGC:1.3:CRS84" } },
"features": [
{ "type": "Feature", "properties": { "Municipali": "Emalahleni Local Municipality", "WardNo": "1", "WardLabel": "MP312_1", "Province": "Mpumalanga", "CLASSIFICATION": "Mining", "PopGBlack": 14871.145219, "PopGColour": 33.4266367, "PopGIndian": 28.486609508000001, "PopGWhite": 12.936564604000001, "PopGOther": 0.40657062, "PopGTotal": 14946.401601 }, "geometry": { "type": "Polygon", "coordinates": [ [ [ 29.106852004316568, -25.829788998263705 ], [ 29.107786998870971, -25.833766995550491 ], [ 29.109881200657, -25.833376758130946 ], [ 29.110056997432533, -25.833344000325411 ], [ 29.113664000992905, -25.832670999866853 ], [ 29.11384851579643, -25.833338101672116 ], [ 29.113710000416198, -25.833509999886623 ], [ 29.114379999837205, -25.836389999598847 ], [ 29.113510000186402, -25.836839999666367 ], [ 29.11441999988315, -25.840699999605338 ], [ 29.115389999648816, -25.840690000043541 ], [ 29.116153842043747, -25.844592845146277 ], [ 29.116309997108722, -25.844699002357125 ], [ 29.115766998148523, -25.845858002744691 ], [ 29.115645000616354, -25.846118003942784 ], [ 29.115502010209639, -25.846423000920854 ], [ 29.115720996926584, -25.846528998614502 ], [ 29.115909000200237, -25.846563996631247 ], [ 29.116119001790583, -25.846659996561655 ], [ 29.116420997730927, -25.846810999927733 ], [ 29.116795998836292, -25.847045992778423 ], [ 29.11696999786712, -25.847102000756855 ], [ 29.117074999111978, -25.847257000710087 ], [ 29.117290003630874, -25.847436002669475 ], [ 29.117321004161017, -25.847462996719937 ], [ 29.117505999202528, -25.847583996904028 ], [ 29.117974995649629, -25.847951002137076 ], [ 29.118026998047572, -25.848026998447303 ], [ 29.118172000237646, -25.848132996140944 ], [ 29.118603000328285, -25.848439005755566 ], [ 29.119045002724746, -25.848708998421571 ], [ 29.119499006573925, -25.848969006814261 ], [ 29.119632998364217, -25.849238001232816 ], [ 29.119750000162416, -25.849429003745556 ], [ 29.119834995988263, -25.849511997680658 ], [ 29.119944002813522, -25.849617996273587 ], [ 29.120140999307747, -25.849744995834936 ], [ 29.120382001428226, -25.849910001645373 ], [ 29.120449330072578, -25.849955885056133 ], [ 29.12090000013491, -25.850263004434154 ], [ 29.120976526145778, -25.850314724445091 ], [ 29.120996584624741, -25.850268734914248 ], [ 29.121339999741263, -25.850700000304844 ], [ 29.121994991275873, -25.854678002088196 ], [ 29.122034999415785, -25.85492099890509 ], [ 29.122009001814025, -25.855166996759618 ], [ 29.121979000430606, -25.855146002985702 ], [ 29.120712213597837, -25.855029781799072 ], [ 29.119799000623441, -25.854945999158602 ], [ 29.119058998873786, -25.854865997267982 ], [ 29.118389000352146, -25.854825997222036 ], [ 29.114838326727426, -25.854571135649476 ], [ 29.113978628810749, -25.854513228302924 ], [ 29.113831836070386, -25.854503040782756 ], [ 29.113775249828027, -25.854410046386572 ], [ 29.112649321109323, -25.852516311578583 ], [ 29.112608255366784, -25.85244883814347 ], [ 29.110770603180899, -25.849429459701895 ], [ 29.109789519270958, -25.847799862973403 ], [ 29.109257405704771, -25.846901922285909 ], [ 29.108935920556316, -25.846353181154445 ], [ 29.108220893879249, -25.844939755365498 ], [ 29.107694323734076, -25.843908786061707 ], [ 29.107128954137959, -25.842872274236086 ], [ 29.107037459810993, -25.842692182298464 ], [ 29.106253184437023, -25.841148449241608 ], [ 29.104595874200331, -25.837939142077762 ], [ 29.104058218112318, -25.836913716195067 ], [ 29.102872049205754, -25.834563550267692 ], [ 29.102572735943046, -25.834025894179678 ], [ 29.102278965202164, -25.833477152148934 ], [ 29.102073879306161, -25.83311132412835 ], [ 29.101624908962414, -25.832573668040432 ], [ 29.101198109605132, -25.832091440767474 ], [ 29.100549963709874, -25.831472262934636 ], [ 29.101521000393912, -25.831213002777922 ], [ 29.106852004316568, -25.829788998263705 ] ] ] } },
{ "type": "Feature", "properties": { "Municipali": "Emalahleni Local Municipality", "WardNo": "2", "WardLabel": "MP312_2", "Province": "Mpumalanga", "CLASSIFICATION": "Mining", "PopGBlack": 13525.230068000001, "PopGColour": 81.112973212, "PopGIndian": 17.57908856, "PopGWhite": 6.91170054, "PopGOther": 1.21971186, "PopGTotal": 13632.053542 }, "geometry": { "type": "Polygon", "coordinates": [ [ [ 29.126659999559362, -25.833827001015347 ], [ 29.126880000711502, -25.841302996835886 ], [ 29.127921001952803, -25.843322002708337 ], [ 29.127671996765308, -25.843364995698032 ], [ 29.127199001033127, -25.843446003030689 ], [ 29.126341996585982, -25.843586998741003 ], [ 29.126067001890704, -25.843632002614964 ], [ 29.125752997303039, -25.843683996918941 ], [ 29.124719000881221, -25.843856001253535 ], [ 29.124019997424949, -25.843980998924064 ], [ 29.123768996641946, -25.84402600999244 ], [ 29.123708999270963, -25.844036000561079 ], [ 29.123627002684106, -25.844051002152071 ], [ 29.122819997844623, -25.844197999038467 ], [ 29.122899002387083, -25.844625998091473 ], [ 29.122928995676627, -25.844876000626936 ], [ 29.122409002273713, -25.845015999888552 ], [ 29.122264885016474, -25.845039747386558 ], [ 29.122133348375339, -25.845050270353767 ], [ 29.122001810834924, -25.845084469772537 ], [ 29.121859750327211, -25.845105515707036 ], [ 29.121754520654591, -25.845134454091877 ], [ 29.121712428785578, -25.845171284027604 ], [ 29.12164665956573, -25.845205484345648 ], [ 29.121617722080256, -25.8452081148627 ], [ 29.121524623362724, -25.845234831922021 ], [ 29.121472343074267, -25.845097905643883 ], [ 29.121422551209861, -25.84494853184939 ], [ 29.121340396342241, -25.844766794152328 ], [ 29.121320479056905, -25.844659741553894 ], [ 29.121285624931719, -25.844577586686363 ], [ 29.121188532324965, -25.844458088370143 ], [ 29.121083970848691, -25.844336098931858 ], [ 29.120984388019146, -25.844211621069526 ], [ 29.120919659314886, -25.844092121854029 ], [ 29.120882315866282, -25.843992539024494 ], [ 29.120815097838516, -25.843905403711474 ], [ 29.120742900264734, -25.843800843134481 ], [ 29.120573992295967, -25.843809579148886 ], [ 29.120165320573193, -25.843830716814189 ], [ 29.120660204904574, -25.847218953991597 ], [ 29.120711881748001, -25.848392798588851 ], [ 29.120879538759741, -25.849497504206504 ], [ 29.120996584624741, -25.850268734914248 ], [ 29.120976526145778, -25.850314724445091 ], [ 29.12090000013491, -25.850263004434154 ], [ 29.120449330072578, -25.849955885056133 ], [ 29.120382001428226, -25.849910001645373 ], [ 29.120140999307747, -25.849744995834936 ], [ 29.119944002813522, -25.849617996273587 ], [ 29.119834995988263, -25.849511997680658 ], [ 29.119750000162416, -25.849429003745556 ], [ 29.119632998364217, -25.849238001232816 ], [ 29.119499006573925, -25.848969006814261 ], [ 29.119045002724746, -25.848708998421571 ], [ 29.118603000328285, -25.848439005755566 ], [ 29.118172000237646, -25.848132996140944 ], [ 29.118026998047572, -25.848026998447303 ], [ 29.117974995649629, -25.847951002137076 ], [ 29.117505999202528, -25.847583996904028 ], [ 29.117321004161017, -25.847462996719937 ], [ 29.117290003630874, -25.847436002669475 ], [ 29.117074999111978, -25.847257000710087 ], [ 29.11696999786712, -25.847102000756855 ], [ 29.116795998836292, -25.847045992778423 ], [ 29.116420997730927, -25.846810999927733 ], [ 29.116119001790583, -25.846659996561655 ], [ 29.115909000200237, -25.846563996631247 ], [ 29.115720996926584, -25.846528998614502 ], [ 29.115502010209639, -25.846423000920854 ], [ 29.115645000616354, -25.846118003942784 ], [ 29.115766998148523, -25.845858002744691 ], [ 29.116309997108722, -25.844699002357125 ], [ 29.116153842425938, -25.844592844584152 ], [ 29.115389999648816, -25.840690000043541 ], [ 29.11441999988315, -25.840699999605338 ], [ 29.113510000186402, -25.836839999666367 ], [ 29.114379999837205, -25.836389999598847 ], [ 29.113710000416198, -25.833509999886623 ], [ 29.11384851579643, -25.833338101672116 ], [ 29.113884998593832, -25.833470003437984 ], [ 29.11955599571267, -25.833523002284803 ], [ 29.121501000870495, -25.83359100182334 ], [ 29.121867998009744, -25.83360799811074 ], [ 29.122671511680991, -25.833644720127808 ], [ 29.126659999559362, -25.833827001015347 ] ] ] } },
{ "type": "Feature", "properties": { "Municipali": "Emalahleni Local Municipality", "WardNo": "3", "WardLabel": "MP312_3", "Province": "Mpumalanga", "CLASSIFICATION": "Mining", "PopGBlack": 9067.1977052999991, "PopGColour": 53.979384007999997, "PopGIndian": 14.318904712, "PopGWhite": 15.124427064000001, "PopGOther": 0.650512992, "PopGTotal": 9151.270934 }, "geometry": { "type": "Polygon", "coordinates": [ [ [ 29.10362138591826, -25.854411619300816 ], [ 29.103626046205171, -25.854565406968042 ], [ 29.104053740387908, -25.854546398897284 ], [ 29.104590733675522, -25.854560654950333 ], [ 29.105503148051845, -25.854598671991219 ], [ 29.106253989330149, -25.854631937014304 ], [ 29.107646340406358, -25.854733686310585 ], [ 29.109960670148872, -25.854902810116656 ], [ 29.110744775550994, -25.854959836127595 ], [ 29.111006144617917, -25.854959836127595 ], [ 29.111146357018807, -25.85495482870245 ], [ 29.11098103284845, -25.855475237592213 ], [ 29.110871948681599, -25.855738542899552 ], [ 29.110710204712273, -25.856171115004972 ], [ 29.110296441027977, -25.857137818755447 ], [ 29.110226890158909, -25.857268104439552 ], [ 29.110029374755854, -25.857638097220502 ], [ 29.109724694339224, -25.858096999676889 ], [ 29.109705885917915, -25.85816470693571 ], [ 29.109694602124286, -25.85820608294447 ], [ 29.109649464251465, -25.858266267374439 ], [ 29.109416251159164, -25.858909482286787 ], [ 29.109160469580047, -25.859503798361718 ], [ 29.109149184887045, -25.859661781366182 ], [ 29.108761750654345, -25.860628485116557 ], [ 29.108517253768326, -25.861226563055471 ], [ 29.108110807867565, -25.862196697719444 ], [ 29.107728363972875, -25.863082708000675 ], [ 29.107198034661657, -25.86420286666899 ], [ 29.107026924253233, -25.864535077132217 ], [ 29.1069423133371, -25.86473506657012 ], [ 29.106896161029077, -25.86486967619463 ], [ 29.106857700622399, -25.8649427488089 ], [ 29.106804910418273, -25.865037772974947 ], [ 29.10678078160786, -25.865081203934484 ], [ 29.106734631098401, -25.865154277448042 ], [ 29.106134660086507, -25.86636575597495 ], [ 29.105903902143442, -25.866804196156806 ], [ 29.105864730373082, -25.866893222744153 ], [ 29.105561314403218, -25.866970440333628 ], [ 29.105262808731752, -25.867085249584623 ], [ 29.105163808662898, -25.867123326880073 ], [ 29.105058972893321, -25.86714516781527 ], [ 29.104897350332568, -25.867193217692861 ], [ 29.104818722606016, -25.867236899563327 ], [ 29.104761935814743, -25.867319895296994 ], [ 29.104678940980449, -25.867389786109783 ], [ 29.104587209232388, -25.867376681188986 ], [ 29.103523066636299, -25.867058507344293 ], [ 29.102518004102659, -25.866757997983346 ], [ 29.103573000593531, -25.864488996769847 ], [ 29.103704333088551, -25.86454340215635 ], [ 29.104033431897374, -25.863860644952869 ], [ 29.104057992382486, -25.863752582415813 ], [ 29.104062903580154, -25.863654344072849 ], [ 29.103876002875289, -25.862299998346344 ], [ 29.103856602700134, -25.862180767128823 ], [ 29.103792748136893, -25.86139485858595 ], [ 29.103778011845776, -25.861237676877337 ], [ 29.10372889267429, -25.861159086023065 ], [ 29.103640477626026, -25.861070671874078 ], [ 29.103507856402516, -25.861006817310844 ], [ 29.102854569982444, -25.860741573065255 ], [ 29.10318366879136, -25.85978866041842 ], [ 29.103281908033697, -25.859606918224767 ], [ 29.103414530156499, -25.859435001124481 ], [ 29.103615918939571, -25.859209052755663 ], [ 29.103888343372361, -25.858554518975957 ], [ 29.104013978662259, -25.857777863557583 ], [ 29.103778088288184, -25.857686835978768 ], [ 29.101448953906111, -25.856577724582355 ], [ 29.101370663425431, -25.856479861256652 ], [ 29.100834325743524, -25.855593077558538 ], [ 29.102374360788168, -25.854825398273587 ], [ 29.10362138591826, -25.854411619300816 ] ] ] } },
{ "type": "Feature", "properties": { "Municipali": "Emalahleni Local Municipality", "WardNo": "4", "WardLabel": "MP312_4", "Province": "Mpumalanga", "CLASSIFICATION": "Mining", "PopGBlack": 11513.572838000002, "PopGColour": 52.117439847999997, "PopGIndian": 9.60268552, "PopGWhite": 7.891279472, "PopGOther": 0.325256496, "PopGTotal": 11583.509499 }, "geometry": { "type": "Polygon", "coordinates": [ [ [ 29.127921001952803, -25.843322002708337 ], [ 29.129031999227422, -25.845478996958207 ], [ 29.130879998113429, -25.849060003816188 ], [ 29.133308933860278, -25.853837829352372 ], [ 29.133282680851089, -25.854500467822422 ], [ 29.133294643632958, -25.854551310994314 ], [ 29.131920000207916, -25.85448999971382 ], [ 29.131089999703768, -25.853880000361812 ], [ 29.126269999560847, -25.855349999802733 ], [ 29.125897863695517, -25.855716707360216 ], [ 29.125649990754503, -25.855413009902545 ], [ 29.122009001814025, -25.855166996759618 ], [ 29.122034999415785, -25.85492099890509 ], [ 29.121994991275873, -25.854678002088196 ], [ 29.121339999741263, -25.850700000304844 ], [ 29.120996584624741, -25.850268734914248 ], [ 29.120879538759741, -25.849497504206504 ], [ 29.120711881748001, -25.848392798588851 ], [ 29.120660204904574, -25.847218953991597 ], [ 29.120165320573193, -25.843830716814189 ], [ 29.120573992295967, -25.843809579148886 ], [ 29.120742900264734, -25.843800843134481 ], [ 29.120815097838516, -25.843905403711474 ], [ 29.120882315866282, -25.843992539024494 ], [ 29.120919659314886, -25.844092121854029 ], [ 29.120984388019146, -25.844211621069526 ], [ 29.121083970848691, -25.844336098931858 ], [ 29.121188532324965, -25.844458088370143 ], [ 29.121285624931719, -25.844577586686363 ], [ 29.121320479056905, -25.844659741553894 ], [ 29.121340396342241, -25.844766794152328 ], [ 29.121422551209861, -25.84494853184939 ], [ 29.121472343074267, -25.845097905643883 ], [ 29.121524623362724, -25.845234831922021 ], [ 29.121617722080256, -25.8452081148627 ], [ 29.12164665956573, -25.845205484345648 ], [ 29.121712428785578, -25.845171284027604 ], [ 29.121754520654591, -25.845134454091877 ], [ 29.121859750327211, -25.845105515707036 ], [ 29.122001810834924, -25.845084469772537 ], [ 29.122133348375339, -25.845050270353767 ], [ 29.122264885016474, -25.845039747386558 ], [ 29.122409002273713, -25.845015999888552 ], [ 29.122928995676627, -25.844876000626936 ], [ 29.122899002387083, -25.844625998091473 ], [ 29.122819997844623, -25.844197999038467 ], [ 29.123627002684106, -25.844051002152071 ], [ 29.123708999270963, -25.844036000561079 ], [ 29.123768996641946, -25.84402600999244 ], [ 29.124019997424949, -25.843980998924064 ], [ 29.124719000881221, -25.843856001253535 ], [ 29.125752997303039, -25.843683996918941 ], [ 29.126067001890704, -25.843632002614964 ], [ 29.126341996585982, -25.843586998741003 ], [ 29.127199001033127, -25.843446003030689 ], [ 29.127671996765308, -25.843364995698032 ], [ 29.127921001952803, -25.843322002708337 ] ] ] } },
{ "type": "Feature", "properties": { "Municipali": "Emalahleni Local Municipality", "WardNo": "5", "WardLabel": "MP312_5", "Province": "Mpumalanga", "CLASSIFICATION": "Mining", "PopGBlack": 12599.520456, "PopGColour": 63.15448114, "PopGIndian": 12.940374048000001, "PopGWhite": 10.741083256, "PopGOther": 1.162628248, "PopGTotal": 12687.519023000001 }, "geometry": { "type": "Polygon", "coordinates": [ [ [ 29.133862489062658, -25.855504526712586 ], [ 29.133968552406813, -25.855723722971504 ], [ 29.134081685321583, -25.855978273378661 ], [ 29.134208960075519, -25.85635302717057 ], [ 29.134364519407072, -25.856784349218429 ], [ 29.134463511382037, -25.857272235925013 ], [ 29.13447058095257, -25.858071241294791 ], [ 29.134534218779223, -25.858898529443621 ], [ 29.134611273591442, -25.859998480345631 ], [ 29.134629992979882, -25.860317579592657 ], [ 29.134597487883841, -25.860780778110509 ], [ 29.134564982787811, -25.861187091810883 ], [ 29.134451214951682, -25.861495890223239 ], [ 29.134288688572124, -25.861764057265496 ], [ 29.134126163991308, -25.862032224307761 ], [ 29.133914880867067, -25.862300391350018 ], [ 29.133817364679675, -25.862503548200298 ], [ 29.133796546273654, -25.862588909150958 ], [ 29.133736102838952, -25.862836726333903 ], [ 29.133646713824803, -25.863169902668876 ], [ 29.133557324810752, -25.863592468917357 ], [ 29.133516693440654, -25.864031287713861 ], [ 29.133378545883261, -25.864486359957567 ], [ 29.133240400124436, -25.864713894730546 ], [ 29.133037243274249, -25.864900799932087 ], [ 29.132809706702616, -25.865055199138222 ], [ 29.132444025271614, -25.865290861084432 ], [ 29.132045836945835, -25.865664669688865 ], [ 29.13177766990357, -25.865932836731037 ], [ 29.131321032839413, -25.866426769579881 ], [ 29.130993003324484, -25.867160000333772 ], [ 29.129521999340881, -25.870040000046089 ], [ 29.129035996713938, -25.869720002376209 ], [ 29.128127996210093, -25.86910200535333 ], [ 29.126451004310436, -25.867758998279239 ], [ 29.125649000600944, -25.867111996321629 ], [ 29.124614996984619, -25.866267001420997 ], [ 29.124459997031298, -25.866140000060991 ], [ 29.124365276836144, -25.866052691178826 ], [ 29.124487757304227, -25.865832172916509 ], [ 29.124646377028778, -25.865647116721082 ], [ 29.124752122912206, -25.865435624054935 ], [ 29.124857868795718, -25.865171258446868 ], [ 29.125069362361224, -25.864765897128489 ], [ 29.125377789353532, -25.864245978369336 ], [ 29.125624530947352, -25.863884676636626 ], [ 29.125827211156945, -25.86366437331224 ], [ 29.125183004292204, -25.863275999288007 ], [ 29.122818999597179, -25.861697999363237 ], [ 29.122865000819129, -25.861380003584379 ], [ 29.122422998422664, -25.857931000115599 ], [ 29.12228699664767, -25.857001996844748 ], [ 29.122168996601932, -25.856031996179716 ], [ 29.122009001814025, -25.855166996759618 ], [ 29.125649990754503, -25.855413009902545 ], [ 29.125897864232957, -25.855716706921637 ], [ 29.126269999560847, -25.855349999802733 ], [ 29.131089999703768, -25.853880000361812 ], [ 29.131920000207916, -25.85448999971382 ], [ 29.133294643632958, -25.854551310994314 ], [ 29.133339247308466, -25.854740876390412 ], [ 29.133417026974293, -25.85497421358922 ], [ 29.133530159888966, -25.855136843390671 ], [ 29.133714001999657, -25.855341897810419 ], [ 29.133862489062658, -25.855504526712586 ] ] ] } },
{ "type": "Feature", "properties": { "Municipali": "Emalahleni Local Municipality", "WardNo": "6", "WardLabel": "MP312_6", "Province": "Mpumalanga", "CLASSIFICATION": "Mining", "PopGBlack": 9505.8948825999996, "PopGColour": 37.924470452000001, "PopGIndian": 23.92920912, "PopGWhite": 8.86704896, "PopGOther": 0.162628248, "PopGTotal": 9576.7782394000023 }, "geometry": { "type": "Polygon", "coordinates": [ [ [ 29.122818999597179, -25.861697999363237 ], [ 29.125183004292204, -25.863275999288007 ], [ 29.125827211156945, -25.86366437331224 ], [ 29.125624530947352, -25.863884676636626 ], [ 29.125377789353532, -25.864245978369336 ], [ 29.125069362361224, -25.864765897128489 ], [ 29.124857868795718, -25.865171258446868 ], [ 29.124752122912206, -25.865435624054935 ], [ 29.124646377028778, -25.865647116721082 ], [ 29.124487757304227, -25.865832172916509 ], [ 29.124365276836144, -25.866052691178826 ], [ 29.124459997031298, -25.866140000060991 ], [ 29.124614996984619, -25.866267001420997 ], [ 29.124512217964561, -25.866262183752873 ], [ 29.124447082766707, -25.866270679648235 ], [ 29.124350795053171, -25.866347143605893 ], [ 29.123263313251321, -25.867338338593488 ], [ 29.123212336979851, -25.867397809861131 ], [ 29.123169856603653, -25.867468609888572 ], [ 29.123032441094285, -25.867694112193576 ], [ 29.122948962424708, -25.867831104122221 ], [ 29.122899998835877, -25.867810003329023 ], [ 29.12085000142654, -25.866830004001557 ], [ 29.120739997253121, -25.86675000211093 ], [ 29.119390000648046, -25.86612000363532 ], [ 29.119369996128494, -25.866210004188378 ], [ 29.119301058597074, -25.866177508984958 ], [ 29.117099997566836, -25.86513999711325 ], [ 29.117139999411517, -25.865060003316515 ], [ 29.116724608853652, -25.864856543394801 ], [ 29.116649999298058, -25.864819999443469 ], [ 29.116289999783678, -25.864654999928348 ], [ 29.116171003289153, -25.864599998291332 ], [ 29.116147001283171, -25.864587000389818 ], [ 29.116079998193431, -25.864549998683589 ], [ 29.115979999877133, -25.864530003157203 ], [ 29.115509997088711, -25.864309994810458 ], [ 29.115249995890625, -25.864199998731007 ], [ 29.115030003731739, -25.864109999077236 ], [ 29.114759996676625, -25.863989997140763 ], [ 29.114780001196177, -25.863950004289332 ], [ 29.11460999965178, -25.863870002398798 ], [ 29.114380000736489, -25.863790001407455 ], [ 29.112057004227474, -25.862745999128606 ], [ 29.109915964757839, -25.861760602249046 ], [ 29.109322794511407, -25.862832871839672 ], [ 29.110114679049264, -25.863167899878757 ], [ 29.109977622369485, -25.863548613477811 ], [ 29.109581679650873, -25.864279584235508 ], [ 29.10907913759215, -25.864812582734626 ], [ 29.107997910575161, -25.864431869135494 ], [ 29.107627148873821, -25.865267126176978 ], [ 29.107427080295583, -25.865147083771006 ], [ 29.107186997282113, -25.865087063916942 ], [ 29.107037513770326, -25.865051188161861 ], [ 29.106804910418273, -25.865037772974947 ], [ 29.106857700622399, -25.8649427488089 ], [ 29.106896161029077, -25.86486967619463 ], [ 29.1069423133371, -25.86473506657012 ], [ 29.107026924253233, -25.864535077132217 ], [ 29.107198034661657, -25.86420286666899 ], [ 29.107728363972875, -25.863082708000675 ], [ 29.108110807867565, -25.862196697719444 ], [ 29.108517253768326, -25.861226563055471 ], [ 29.108761750654345, -25.860628485116557 ], [ 29.109149184887045, -25.859661781366182 ], [ 29.109160469580047, -25.859503798361718 ], [ 29.109416251159164, -25.858909482286787 ], [ 29.109649464251465, -25.858266267374439 ], [ 29.109694602124286, -25.85820608294447 ], [ 29.109705885917915, -25.85816470693571 ], [ 29.109724694339224, -25.858096999676889 ], [ 29.110029374755854, -25.857638097220502 ], [ 29.110226890158909, -25.857268104439552 ], [ 29.110296441027977, -25.857137818755447 ], [ 29.110710204712273, -25.856171115004972 ], [ 29.110871948681599, -25.855738542899552 ], [ 29.11098103284845, -25.855475237592213 ], [ 29.111146357018807, -25.85495482870245 ], [ 29.111272265702553, -25.854950332092251 ], [ 29.111423143163567, -25.854933739600522 ], [ 29.111645515827934, -25.854400918267867 ], [ 29.11177632401817, -25.854116551737548 ], [ 29.111946943396799, -25.853752563729902 ], [ 29.112205716120936, -25.853271985813588 ], [ 29.112299556779202, -25.853072929871907 ], [ 29.112376336398842, -25.85293074705643 ], [ 29.112390553781132, -25.852871030273889 ], [ 29.112416146687863, -25.852774345959375 ], [ 29.112455957876168, -25.85260088202514 ], [ 29.112484395338679, -25.852546852555268 ], [ 29.112532736596524, -25.85250704226624 ], [ 29.112608255366784, -25.85244883814347 ], [ 29.112649321109323, -25.852516311578583 ], [ 29.113775249828027, -25.854410046386572 ], [ 29.113831836070386, -25.854503040782756 ], [ 29.113978628810749, -25.854513228302924 ], [ 29.114838326727426, -25.854571135649476 ], [ 29.118389000352146, -25.854825997222036 ], [ 29.119058998873786, -25.854865997267982 ], [ 29.119799000623441, -25.854945999158602 ], [ 29.120712213597837, -25.855029781799072 ], [ 29.121979000430606, -25.855146002985702 ], [ 29.122009001814025, -25.855166996759618 ], [ 29.122168996601932, -25.856031996179716 ], [ 29.12228699664767, -25.857001996844748 ], [ 29.122422998422664, -25.857931000115599 ], [ 29.122865000819129, -25.861380003584379 ], [ 29.122818999597179, -25.861697999363237 ] ] ] } },
{ "type": "Feature", "properties": { "Municipali": "Emalahleni Local Municipality", "WardNo": "7", "WardLabel": "MP312_7", "Province": "Mpumalanga", "CLASSIFICATION": "Mining", "PopGBlack": 14585.826478000001, "PopGColour": 120.67370044, "PopGIndian": 36.621831352000001, "PopGWhite": 21.795994676, "PopGOther": 0.569198868, "PopGTotal": 14765.487204 }, "geometry": { "type": "Polygon", "coordinates": [ [ [ 29.116289999783678, -25.864654999928348 ], [ 29.116649999298058, -25.864819999443469 ], [ 29.116724608853652, -25.864856543394801 ], [ 29.117139999411517, -25.865060003316515 ], [ 29.117099997566836, -25.86513999711325 ], [ 29.119301058597074, -25.866177508984958 ], [ 29.119369996128494, -25.866210004188378 ], [ 29.119390000648046, -25.86612000363532 ], [ 29.120739997253121, -25.86675000211093 ], [ 29.12085000142654, -25.866830004001557 ], [ 29.122899998835877, -25.867810003329023 ], [ 29.122948962424708, -25.867831104122221 ], [ 29.123032441094285, -25.867694112193576 ], [ 29.123169856603653, -25.867468609888572 ], [ 29.123212336979851, -25.867397809861131 ], [ 29.123263313251321, -25.867338338593488 ], [ 29.124350795053171, -25.866347143605893 ], [ 29.124447082766707, -25.866270679648235 ], [ 29.124512217964561, -25.866262183752873 ], [ 29.124614996984619, -25.866267001420997 ], [ 29.125649000600944, -25.867111996321629 ], [ 29.126451004310436, -25.867758998279239 ], [ 29.128127996210093, -25.86910200535333 ], [ 29.129035996713938, -25.869720002376209 ], [ 29.129521999340881, -25.870040000046089 ], [ 29.129629854134514, -25.870096698703765 ], [ 29.129556868754548, -25.87024266676567 ], [ 29.129564167652305, -25.870454322209333 ], [ 29.129520376963892, -25.870600291170515 ], [ 29.129389004898666, -25.870811944815436 ], [ 29.129301424421314, -25.870979808671315 ], [ 29.129126261667675, -25.871227955905546 ], [ 29.12906787408313, -25.87151989382809 ], [ 29.128958397811882, -25.871775339060708 ], [ 29.128819726848995, -25.872147558563043 ], [ 29.128666459889246, -25.872527077862397 ], [ 29.128564281616377, -25.872782523095012 ], [ 29.128449472365293, -25.872839927720594 ], [ 29.128330732177567, -25.872899298264102 ], [ 29.128221255906318, -25.872972281845414 ], [ 29.128177465217913, -25.873132847702824 ], [ 29.128140973427168, -25.873308009557089 ], [ 29.128077717812463, -25.873668354411134 ], [ 29.127215489203515, -25.873649977664432 ], [ 29.12338429095233, -25.87340894226897 ], [ 29.120938274381889, -25.87324304523046 ], [ 29.119362800652809, -25.873136191382201 ], [ 29.116226648840872, -25.872901479120042 ], [ 29.116165924817643, -25.872896933946471 ], [ 29.114681501150461, -25.872785838895453 ], [ 29.107412506781806, -25.872241821902573 ], [ 29.10361206624389, -25.871969900190841 ], [ 29.103488943659851, -25.871961091331332 ], [ 29.103630936718407, -25.871677033268572 ], [ 29.104361670055095, -25.870134801180228 ], [ 29.104473203075958, -25.869984808652053 ], [ 29.104619350102968, -25.869704052899802 ], [ 29.104700114618666, -25.869507908962891 ], [ 29.104923180660304, -25.869007933569364 ], [ 29.10498471677127, -25.868884863145997 ], [ 29.105057790284818, -25.86876948372478 ], [ 29.105134709299449, -25.868661797104362 ], [ 29.105169323305681, -25.868542572182065 ], [ 29.105180860708273, -25.868392578754612 ], [ 29.10521353217878, -25.86831906996915 ], [ 29.105503922368186, -25.867665691818285 ], [ 29.105646222994846, -25.867331092755784 ], [ 29.105734680311247, -25.867188792129124 ], [ 29.10577668944271, -25.867093317402773 ], [ 29.105864730373082, -25.866893222744153 ], [ 29.105903902143442, -25.866804196156806 ], [ 29.106134660086507, -25.86636575597495 ], [ 29.106734631098401, -25.865154277448042 ], [ 29.10678078160786, -25.865081203934484 ], [ 29.106804910418273, -25.865037772974947 ], [ 29.107037513770326, -25.865051188161861 ], [ 29.107186997282113, -25.865087063916942 ], [ 29.107427080295583, -25.865147083771006 ], [ 29.107627148873821, -25.865267126176978 ], [ 29.107997910575161, -25.864431869135494 ], [ 29.10907913759215, -25.864812582734626 ], [ 29.109581679650873, -25.864279584235508 ], [ 29.109977622369485, -25.863548613477811 ], [ 29.110114679049264, -25.863167899878757 ], [ 29.109322794511407, -25.862832871839672 ], [ 29.109915964849947, -25.861760602070166 ], [ 29.112057004227474, -25.862745999128606 ], [ 29.114380000736489, -25.863790001407455 ], [ 29.11460999965178, -25.863870002398798 ], [ 29.114780001196177, -25.863950004289332 ], [ 29.114759996676625, -25.863989997140763 ], [ 29.115030003731739, -25.864109999077236 ], [ 29.115249995890625, -25.864199998731007 ], [ 29.115509997088711, -25.864309994810458 ], [ 29.115979999877133, -25.864530003157203 ], [ 29.116079998193431, -25.864549998683589 ], [ 29.116147001283171, -25.864587000389818 ], [ 29.116171003289153, -25.864599998291332 ], [ 29.116289999783678, -25.864654999928348 ] ] ] } },
{ "type": "Feature", "properties": { "Municipali": "Emalahleni Local Municipality", "WardNo": "8", "WardLabel": "MP312_8", "Province": "Mpumalanga", "CLASSIFICATION": "Mining", "PopGBlack": 14346.464917, "PopGColour": 45.659218952000003, "PopGIndian": 31.742983912, "PopGWhite": 14.318904712, "PopGOther": 0.731827116, "PopGTotal": 14438.917851 }, "geometry": { "type": "Polygon", "coordinates": [ [ [ 29.134611273591442, -25.859998480345631 ], [ 29.139321997112479, -25.863399002262213 ], [ 29.139801625344813, -25.86281255525526 ], [ 29.140097685759663, -25.863140931908593 ], [ 29.140327189148582, -25.863370436196792 ], [ 29.140666454793138, -25.863749615552347 ], [ 29.140806152781781, -25.86399907579672 ], [ 29.141055613026239, -25.86432836256391 ], [ 29.141354965858987, -25.864607759440659 ], [ 29.141654317792629, -25.864857218785655 ], [ 29.141963648603546, -25.864966981940675 ], [ 29.142342828858478, -25.864947025085208 ], [ 29.142602267081028, -25.864907111374205 ], [ 29.142801835636217, -25.864787371140306 ], [ 29.143011382169583, -25.864577823707656 ], [ 29.143230907580321, -25.864587801685829 ], [ 29.14346041096924, -25.864697564840835 ], [ 29.14371985009107, -25.864817305974025 ], [ 29.14408905056926, -25.865076744196482 ], [ 29.144428317113189, -25.865266333874306 ], [ 29.144707713090561, -25.865406031862957 ], [ 29.144897302768385, -25.8656155792956 ], [ 29.145116828179127, -25.865755277284247 ], [ 29.14555587810132, -25.86591493122916 ], [ 29.145845252056784, -25.866044651239712 ], [ 29.146154582867791, -25.866264175751169 ], [ 29.14628430197898, -25.86654357082918 ], [ 29.146357058931176, -25.866772764851337 ], [ 29.14660737083349, -25.867561275132754 ], [ 29.146250997385678, -25.867730998786651 ], [ 29.145807995842407, -25.867879001115082 ], [ 29.144884321953917, -25.868129064804574 ], [ 29.144054878130163, -25.868117545388486 ], [ 29.142747351109374, -25.868152105435399 ], [ 29.141534329345895, -25.868192046126065 ], [ 29.141484002384892, -25.868440999152881 ], [ 29.14144299599754, -25.868864999819994 ], [ 29.14144299599754, -25.869208003046964 ], [ 29.14171000291438, -25.869221999196011 ], [ 29.142293002819887, -25.869330997927293 ], [ 29.142771998828703, -25.869400003807147 ], [ 29.142744995784991, -25.870126002213258 ], [ 29.142762103588254, -25.870684140360858 ], [ 29.142763459765913, -25.870728363623158 ], [ 29.142752137301343, -25.870830269401459 ], [ 29.142613433063563, -25.871294503938238 ], [ 29.142520000697544, -25.871479996304856 ], [ 29.142169999845684, -25.872510002434751 ], [ 29.142120001137219, -25.872659998560145 ], [ 29.141770000285366, -25.873659995212645 ], [ 29.141599998741057, -25.874049996110539 ], [ 29.141630001923129, -25.874470000190399 ], [ 29.139540002669019, -25.874309997308615 ], [ 29.135035035038886, -25.874020965994887 ], [ 29.135020002870842, -25.874020001921622 ], [ 29.133120001586889, -25.873880002660105 ], [ 29.129737003859695, -25.873679998832916 ], [ 29.128249003588696, -25.873672003859973 ], [ 29.128077717812463, -25.873668354411134 ], [ 29.128140973427168, -25.873308009557089 ], [ 29.128177465217913, -25.873132847702824 ], [ 29.128221255906318, -25.872972281845414 ], [ 29.128330732177567, -25.872899298264102 ], [ 29.128449472365293, -25.872839927720594 ], [ 29.128564281616377, -25.872782523095012 ], [ 29.128666459889246, -25.872527077862397 ], [ 29.128819726848995, -25.872147558563043 ], [ 29.128958397811882, -25.871775339060708 ], [ 29.12906787408313, -25.87151989382809 ], [ 29.129126261667675, -25.871227955905546 ], [ 29.129301424421314, -25.870979808671315 ], [ 29.129389004898666, -25.870811944815436 ], [ 29.129520376963892, -25.870600291170515 ], [ 29.129564167652305, -25.870454322209333 ], [ 29.129556868754548, -25.87024266676567 ], [ 29.129629854134514, -25.870096698703765 ], [ 29.129521999340881, -25.870040000046089 ], [ 29.130993003324484, -25.867160000333772 ], [ 29.131321032839413, -25.866426769579881 ], [ 29.13177766990357, -25.865932836731037 ], [ 29.132045836945835, -25.865664669688865 ], [ 29.132444025271614, -25.865290861084432 ], [ 29.132809706702616, -25.865055199138222 ], [ 29.133037243274249, -25.864900799932087 ], [ 29.133240400124436, -25.864713894730546 ], [ 29.133378545883261, -25.864486359957567 ], [ 29.133516693440654, -25.864031287713861 ], [ 29.133557324810752, -25.863592468917357 ], [ 29.133646713824803, -25.863169902668876 ], [ 29.133736102838952, -25.862836726333903 ], [ 29.133796546273654, -25.862588909150958 ], [ 29.133817364679675, -25.862503548200298 ], [ 29.133914880867067, -25.862300391350018 ], [ 29.134126163991308, -25.862032224307761 ], [ 29.134288688572124, -25.861764057265496 ], [ 29.134451214951682, -25.861495890223239 ], [ 29.134564982787811, -25.861187091810883 ], [ 29.134597487883841, -25.860780778110509 ], [ 29.134629992979882, -25.860317579592657 ], [ 29.134611273591442, -25.859998480345631 ] ] ] } },
{ "type": "Feature", "properties": { "Municipali": "Emalahleni Local Municipality", "WardNo": "9", "WardLabel": "MP312_9", "Province": "Mpumalanga", "CLASSIFICATION": "Mining", "PopGBlack": 8694.0102893999992, "PopGColour": 87.046925572000006, "PopGIndian": 49.792850307999998, "PopGWhite": 95.71683648, "PopGOther": 10.162628248000001, "PopGTotal": 8936.72953 }, "geometry": { "type": "Polygon", "coordinates": [ [ [ 29.150165998062388, -25.864012003551146 ], [ 29.15378272599207, -25.866077043021146 ], [ 29.157633998909976, -25.868275999637682 ], [ 29.162397010813439, -25.870995997367476 ], [ 29.162445988791376, -25.871023996860067 ], [ 29.162498995732086, -25.871053001794706 ], [ 29.165371001370637, -25.872712000958167 ], [ 29.165551998026345, -25.872793000196868 ], [ 29.165652725692819, -25.872837870970983 ], [ 29.165175700098501, -25.875520553131047 ], [ 29.16508415001357, -25.876066033320861 ], [ 29.165045161704899, -25.876298337198602 ], [ 29.164961197401389, -25.876771340125295 ], [ 29.164555648124651, -25.879055934683716 ], [ 29.16440865123834, -25.879843656259862 ], [ 29.16489099272518, -25.879958499685113 ], [ 29.165890131424515, -25.880107796138002 ], [ 29.167302705555514, -25.88028006127589 ], [ 29.172475667118437, -25.880958225641717 ], [ 29.173699919615682, -25.881117641266236 ], [ 29.176881791161836, -25.881531965228039 ], [ 29.177328008680686, -25.881873998086604 ], [ 29.179269001063592, -25.885351991201539 ], [ 29.180016997786289, -25.886690999889822 ], [ 29.180236000690901, -25.887087001963621 ], [ 29.179336004153338, -25.888008998616428 ], [ 29.179557999102428, -25.888314002789102 ], [ 29.179934994004835, -25.888829002256703 ], [ 29.180028999239013, -25.888942995822674 ], [ 29.180069000184321, -25.888991998082343 ], [ 29.17987199739477, -25.889404996443442 ], [ 29.17881499631504, -25.889871999093508 ], [ 29.177806996595702, -25.890280999968283 ], [ 29.17668699980528, -25.890736999413061 ], [ 29.169490992615341, -25.898031000330459 ], [ 29.168902001426272, -25.898628003579599 ], [ 29.167805000300604, -25.899252999126738 ], [ 29.165467001301135, -25.90058299930606 ], [ 29.159528997265454, -25.90407500385842 ], [ 29.146862983340032, -25.91152678363424 ], [ 29.146457003288145, -25.911509194693622 ], [ 29.146192822940503, -25.911504115322742 ], [ 29.145835698558702, -25.911497247200227 ], [ 29.141193843321272, -25.911551013168797 ], [ 29.138982003017116, -25.911594998110704 ], [ 29.133737002160991, -25.911416004245289 ], [ 29.133579001170038, -25.911413004106926 ], [ 29.132532997000265, -25.911395002377482 ], [ 29.132550001381546, -25.911361990963172 ], [ 29.125931001014894, -25.911330002078031 ], [ 29.125777995757993, -25.911331996774351 ], [ 29.108241002720149, -25.91158299665798 ], [ 29.107364001847252, -25.9101580019903 ], [ 29.106750999658953, -25.90916099918083 ], [ 29.106595003256849, -25.909095000633851 ], [ 29.118878998666865, -25.902076001606254 ], [ 29.119563002330707, -25.901682999670722 ], [ 29.119864999170424, -25.901509000639894 ], [ 29.120660002557099, -25.901062003408846 ], [ 29.125755997441399, -25.898225003880924 ], [ 29.125894001107316, -25.898148002128664 ], [ 29.126316997231662, -25.897913997632973 ], [ 29.12706500294761, -25.898406997884699 ], [ 29.127192003408251, -25.898490997261749 ], [ 29.127721006219488, -25.898840000765542 ], [ 29.127921001952803, -25.898970998712695 ], [ 29.127975996395133, -25.89900799862037 ], [ 29.128497004233427, -25.89934999730459 ], [ 29.133949995795724, -25.890258003404163 ], [ 29.132772004424517, -25.888856005300415 ], [ 29.130178001713396, -25.885773998071617 ], [ 29.127956997317625, -25.883132996790479 ], [ 29.12562400214599, -25.880359003765065 ], [ 29.126518987661207, -25.876862011572623 ], [ 29.126939998082481, -25.875220000602575 ], [ 29.12726000384615, -25.875059997720793 ], [ 29.128259998700091, -25.874759988382792 ], [ 29.128669996922937, -25.874460002427256 ], [ 29.129615995581805, -25.873766999247707 ], [ 29.129737003859695, -25.873679998832916 ], [ 29.133120001586889, -25.873880002660105 ], [ 29.135020002870842, -25.874020001921622 ], [ 29.135035035038886, -25.874020965994887 ], [ 29.139540002669019, -25.874309997308615 ], [ 29.141630001923129, -25.874470000190399 ], [ 29.141599998741057, -25.874049996110539 ], [ 29.141770000285366, -25.873659995212645 ], [ 29.142120001137219, -25.872659998560145 ], [ 29.142169999845684, -25.872510002434751 ], [ 29.142520000697544, -25.871479996304856 ], [ 29.142613433063563, -25.871294503938238 ], [ 29.142752137301343, -25.870830269401459 ], [ 29.142763459765913, -25.870728363623158 ], [ 29.142762103588254, -25.870684140360858 ], [ 29.142744995784991, -25.870126002213258 ], [ 29.142771998828703, -25.869400003807147 ], [ 29.142293002819887, -25.869330997927293 ], [ 29.14171000291438, -25.869221999196011 ], [ 29.14144299599754, -25.869208003046964 ], [ 29.14144299599754, -25.868864999819994 ], [ 29.141484002384892, -25.868440999152881 ], [ 29.141534329345895, -25.868192046126065 ], [ 29.142747351109374, -25.868152105435399 ], [ 29.144054878130163, -25.868117545388486 ], [ 29.144884321953917, -25.868129064804574 ], [ 29.145807995842407, -25.867879001115082 ], [ 29.146250997385678, -25.867730998786651 ], [ 29.14660737083349, -25.867561275132754 ], [ 29.146357058931176, -25.866772764851337 ], [ 29.14628430197898, -25.86654357082918 ], [ 29.146154582867791, -25.866264175751169 ], [ 29.145845252056784, -25.866044651239712 ], [ 29.14555587810132, -25.86591493122916 ], [ 29.145116828179127, -25.865755277284247 ], [ 29.144897302768385, -25.8656155792956 ], [ 29.144707713090561, -25.865406031862957 ], [ 29.144428317113189, -25.865266333874306 ], [ 29.14408905056926, -25.865076744196482 ], [ 29.14371985009107, -25.864817305974025 ], [ 29.14346041096924, -25.864697564840835 ], [ 29.143230907580321, -25.864587801685829 ], [ 29.143011382169583, -25.864577823707656 ], [ 29.142801835636217, -25.864787371140306 ], [ 29.142602267081028, -25.864907111374205 ], [ 29.142342828858478, -25.864947025085208 ], [ 29.141963648603546, -25.864966981940675 ], [ 29.141654317792629, -25.864857218785655 ], [ 29.141354965858987, -25.864607759440659 ], [ 29.141055613026239, -25.86432836256391 ], [ 29.140806152781781, -25.86399907579672 ], [ 29.140666454793138, -25.863749615552347 ], [ 29.140327189148582, -25.863370436196792 ], [ 29.140097685759663, -25.863140931908593 ], [ 29.139801625344813, -25.86281255525526 ], [ 29.140669000773801, -25.861752003652107 ], [ 29.14206400215204, -25.860157000245412 ], [ 29.142166999707324, -25.860029002436619 ], [ 29.142486000928226, -25.859626001838567 ], [ 29.145654001331128, -25.861433999779262 ], [ 29.150165998062388, -25.864012003551146 ] ] ] } },
{ "type": "Feature", "properties": { "Municipali": "Emalahleni Local Municipality", "WardNo": "10", "WardLabel": "MP312_10", "Province": "Mpumalanga", "CLASSIFICATION": "Mining", "PopGBlack": 6215.5779632000003, "PopGColour": 60.53436334, "PopGIndian": 25.373816132000002, "PopGWhite": 39.193407768, "PopGOther": 1.0, "PopGTotal": 6341.6795504000002 }, "geometry": { "type": "Polygon", "coordinates": [ [ [ 29.179247861599642, -25.865963152877249 ], [ 29.180221446062909, -25.866284435678239 ], [ 29.180401996654901, -25.86596000075345 ], [ 29.182055619671189, -25.866364692076925 ], [ 29.182097549662227, -25.866603692306658 ], [ 29.18186912186253, -25.867151919925252 ], [ 29.181739678843119, -25.867220449164421 ], [ 29.181107187446791, -25.869017417819634 ], [ 29.179107002586118, -25.868520002795975 ], [ 29.178547996592801, -25.868356002427575 ], [ 29.178506014441002, -25.868343696104773 ], [ 29.178334000213962, -25.868859999589361 ], [ 29.178171999937923, -25.869334999910393 ], [ 29.179136000326238, -25.869626999886147 ], [ 29.179062916920152, -25.869696728821037 ], [ 29.178668977891025, -25.870844168423751 ], [ 29.178100012805402, -25.870681416314369 ], [ 29.177937824571003, -25.871145138237626 ], [ 29.177912629164535, -25.871240844989035 ], [ 29.176959999804161, -25.87098000022689 ], [ 29.171110641559988, -25.869361117056354 ], [ 29.171109814566403, -25.869365943783365 ], [ 29.166360183675589, -25.868006316338509 ], [ 29.167379710005619, -25.862211278427822 ], [ 29.169024134756032, -25.862635258410503 ], [ 29.170420759410536, -25.862886214227508 ], [ 29.171795562015632, -25.8631917274163 ], [ 29.173464965435841, -25.863540882006173 ], [ 29.174741566570066, -25.863737282249893 ], [ 29.175188922630795, -25.863900949868981 ], [ 29.175996346554161, -25.864326483880212 ], [ 29.177207482439432, -25.864828396413436 ], [ 29.178331327428857, -25.865232106576507 ], [ 29.178680483817374, -25.865428507719518 ], [ 29.178743934584947, -25.865495690673637 ], [ 29.179051462255206, -25.865821308206847 ], [ 29.179247861599642, -25.865963152877249 ] ] ] } },
{ "type": "Feature", "properties": { "Municipali": "Emalahleni Local Municipality", "WardNo": "11", "WardLabel": "MP312_11", "Province": "Mpumalanga", "CLASSIFICATION": "Mining", "PopGBlack": 8481.9379669000009, "PopGColour": 73.301902264000006, "PopGIndian": 17.157280164, "PopGWhite": 33.176162591999997, "PopGOther": 0.162628248, "PopGTotal": 8605.7359402000002 }, "geometry": { "type": "Polygon", "coordinates": [ [ [ 29.191261123302208, -25.869002992694003 ], [ 29.191362360884259, -25.869028891370277 ], [ 29.191769667436215, -25.869130128952328 ], [ 29.19192741032181, -25.8691677988549 ], [ 29.192054998039797, -25.869206000256771 ], [ 29.192011996956129, -25.869216996267447 ], [ 29.191970998662747, -25.869236999887722 ], [ 29.191920009800636, -25.869277999080477 ], [ 29.19189000032333, -25.869295002562378 ], [ 29.191840998063658, -25.869321996612932 ], [ 29.191774200918687, -25.869352197645899 ], [ 29.191768001891798, -25.869354999933364 ], [ 29.19166600168467, -25.869374996359038 ], [ 29.191552997372987, -25.869380996635755 ], [ 29.191498002930569, -25.869391999841035 ], [ 29.191403997696391, -25.869674001154266 ], [ 29.191244002908395, -25.870051004150561 ], [ 29.191163003669701, -25.870152997163174 ], [ 29.191042004385064, -25.870284003204208 ], [ 29.19102451706787, -25.870310758934469 ], [ 29.191002778655378, -25.870344031152161 ], [ 29.190926997283174, -25.870459996032075 ], [ 29.190634998206615, -25.870768002141673 ], [ 29.19063895252571, -25.870858216733378 ], [ 29.190717925591837, -25.870940480418842 ], [ 29.190870741091913, -25.870996786972217 ], [ 29.190649115764138, -25.871635209397457 ], [ 29.190525002127174, -25.87160999690385 ], [ 29.190296000560043, -25.872591000774168 ], [ 29.189284994407021, -25.87240699588622 ], [ 29.188907001257174, -25.873593000216875 ], [ 29.188672000312604, -25.874330001828167 ], [ 29.187843002552565, -25.874086996917487 ], [ 29.186939000434602, -25.873819998094522 ], [ 29.185932068252701, -25.873524668684528 ], [ 29.185914413619304, -25.873632198067618 ], [ 29.185662634023373, -25.874908229930988 ], [ 29.18547014223331, -25.874930004316312 ], [ 29.185306284857202, -25.874994375989719 ], [ 29.185183392499571, -25.87501193255472 ], [ 29.185048795465608, -25.875058748562502 ], [ 29.184873235211725, -25.87512897302377 ], [ 29.184709377835606, -25.875234309715676 ], [ 29.184574781700839, -25.875333793619721 ], [ 29.184498705350997, -25.875398166192504 ], [ 29.184405072436242, -25.875462538765284 ], [ 29.18435825642846, -25.875503502884403 ], [ 29.18426462351362, -25.875573727345671 ], [ 29.184030542575517, -25.87559713579925 ], [ 29.183867758989969, -25.875543355441568 ], [ 29.183647077051027, -25.875583190911609 ], [ 29.183628165207736, -25.875586604738075 ], [ 29.182447219563617, -25.875787119380114 ], [ 29.182439999806206, -25.875740000300812 ], [ 29.181953243835384, -25.873778075449611 ], [ 29.180292141768994, -25.874081196290305 ], [ 29.180398742008389, -25.874538052788985 ], [ 29.179926657289428, -25.87475125236848 ], [ 29.179431631764416, -25.874903358303449 ], [ 29.178256025395271, -25.875359642833331 ], [ 29.175990702409006, -25.875080504062037 ], [ 29.175960004051017, -25.875024999704038 ], [ 29.176036996810033, -25.87484899788301 ], [ 29.176070000130466, -25.874439997907611 ], [ 29.176101997109484, -25.874038992905252 ], [ 29.176110998423937, -25.873953996180042 ], [ 29.176313994295423, -25.872681997776098 ], [ 29.176506999598459, -25.872145998239343 ], [ 29.176752996553617, -25.871463000017542 ], [ 29.176786629399455, -25.871472736077944 ], [ 29.176959999804161, -25.87098000022689 ], [ 29.177912629164535, -25.871240844989035 ], [ 29.177937824571003, -25.871145138237626 ], [ 29.178100012805402, -25.870681416314369 ], [ 29.178668977891025, -25.870844168423751 ], [ 29.179062916920152, -25.869696728821037 ], [ 29.179136000326238, -25.869626999886147 ], [ 29.178171999937923, -25.869334999910393 ], [ 29.178334000213962, -25.868859999589361 ], [ 29.178506014441002, -25.868343696104773 ], [ 29.178547996592801, -25.868356002427575 ], [ 29.179107002586118, -25.868520002795975 ], [ 29.181107187446791, -25.869017417819634 ], [ 29.181739678843119, -25.867220449164421 ], [ 29.18186912186253, -25.867151919925252 ], [ 29.182097549662227, -25.866603692306658 ], [ 29.182055619671189, -25.866364692076925 ], [ 29.186710996215542, -25.867504000009621 ], [ 29.191223742082041, -25.868608634580916 ], [ 29.19134880270515, -25.868639248402612 ], [ 29.19129643877968, -25.868762847627416 ], [ 29.191275248953612, -25.868857021934083 ], [ 29.191261123302208, -25.869002992694003 ] ] ] } },
{ "type": "Feature", "properties": { "Municipali": "Emalahleni Local Municipality", "WardNo": "12", "WardLabel": "MP312_12", "Province": "Mpumalanga", "CLASSIFICATION": "Mining", "PopGBlack": 28807.256804000001, "PopGColour": 403.01604942, "PopGIndian": 482.00601937, "PopGWhite": 325.74434158999998, "PopGOther": 17.276795472, "PopGTotal": 30035.30001 }, "geometry": { "type": "Polygon", "coordinates": [ [ [ 29.192280001221135, -25.705399996113012 ], [ 29.191580000416792, -25.708910008689969 ], [ 29.190889995576857, -25.712410001920141 ], [ 29.190200000629634, -25.715920001007341 ], [ 29.189499998925829, -25.719420001432024 ], [ 29.188810003978613, -25.722929997821208 ], [ 29.19360000273802, -25.725790002007042 ], [ 29.197840004912358, -25.728500001074238 ], [ 29.219490000563095, -25.741760000123946 ], [ 29.235180000156962, -25.71967000396759 ], [ 29.240760001173143, -25.711140000011081 ], [ 29.242520003195665, -25.708759998175378 ], [ 29.266519998399211, -25.727599996442706 ], [ 29.289129996052548, -25.745359997965554 ], [ 29.289479996904408, -25.750579998568085 ], [ 29.290099996717494, -25.756860002187434 ], [ 29.290499997177182, -25.761659990616117 ], [ 29.291010000910912, -25.765329999779709 ], [ 29.291970002913345, -25.783360001163164 ], [ 29.292640002334263, -25.791059994723081 ], [ 29.292009995764772, -25.795050003355016 ], [ 29.289450001816217, -25.796520000997301 ], [ 29.287268001017502, -25.79750399781128 ], [ 29.270385997715621, -25.805114998058833 ], [ 29.267208995998455, -25.806546998445285 ], [ 29.26342800060177, -25.808251000583251 ], [ 29.262284000905996, -25.808766998298385 ], [ 29.261413997657971, -25.809158993892503 ], [ 29.259531999002572, -25.81000699792466 ], [ 29.257652002238171, -25.810853995615481 ], [ 29.256838996222772, -25.81122000260109 ], [ 29.255768997241528, -25.811701999647635 ], [ 29.255699592961875, -25.811633295040654 ], [ 29.255211254795615, -25.811861540277935 ], [ 29.25469106893776, -25.812079169018478 ], [ 29.254415051713309, -25.812217178080346 ], [ 29.254160266583067, -25.812312722054589 ], [ 29.253746241196115, -25.812477271009321 ], [ 29.253364064400127, -25.812668358957712 ], [ 29.252859801938385, -25.812891296396277 ], [ 29.25129924256608, -25.813576031208946 ], [ 29.250773748909399, -25.813804276446231 ], [ 29.2505614279676, -25.813910436917226 ], [ 29.250423418905729, -25.813984748797168 ], [ 29.250317259334107, -25.81406967717394 ], [ 29.250195174567722, -25.814133372557212 ], [ 29.249186649644233, -25.814547398843452 ], [ 29.249021660920931, -25.814649392755339 ], [ 29.248894709023666, -25.814727872093659 ], [ 29.248729331793271, -25.814873624318352 ], [ 29.24832034620707, -25.815375167230265 ], [ 29.247959617342516, -25.815813891597855 ], [ 29.24766713443076, -25.816252615965531 ], [ 29.247316154217156, -25.816681590782888 ], [ 29.246409456831007, -25.817871022429845 ], [ 29.244956791822545, -25.81974291270534 ], [ 29.243601621417763, -25.82159530477956 ], [ 29.243474878163205, -25.821702548034278 ], [ 29.243382786686272, -25.821730883873293 ], [ 29.243348135807842, -25.821741546235486 ], [ 29.242334195167061, -25.823067468888667 ], [ 29.240403806690345, -25.825563323188877 ], [ 29.239399615599797, -25.826889245842064 ], [ 29.239165629989888, -25.827230475606061 ], [ 29.238005446993814, -25.828683140614526 ], [ 29.237958625590078, -25.828795513602149 ], [ 29.237920468255105, -25.828786790178299 ], [ 29.237681164054553, -25.828732082619545 ], [ 29.233139254972656, -25.83461851503252 ], [ 29.233028998989113, -25.834752996054039 ], [ 29.230817003102299, -25.839493004198864 ], [ 29.230270995909773, -25.840662003248877 ], [ 29.227342002031847, -25.846940999627535 ], [ 29.221675999747603, -25.85003100182929 ], [ 29.220500002173438, -25.85067000071998 ], [ 29.220146003835062, -25.850862998828408 ], [ 29.21903199922739, -25.851021997167528 ], [ 29.217881998355612, -25.851187002977873 ], [ 29.217800001768673, -25.851229995967671 ], [ 29.217896985557495, -25.850933484992421 ], [ 29.217857500823079, -25.850637351732466 ], [ 29.217758790335917, -25.850281991820484 ], [ 29.21692961720807, -25.846432257642643 ], [ 29.215468691926613, -25.839186859685839 ], [ 29.215152815849848, -25.837804903873298 ], [ 29.214698744551505, -25.836284751939811 ], [ 29.214244674152454, -25.834981764696732 ], [ 29.2139287980756, -25.834310529607269 ], [ 29.213652406733253, -25.833738005004967 ], [ 29.213139108782887, -25.832750893838739 ], [ 29.212764006054101, -25.832000689280438 ], [ 29.212073028147735, -25.83089512391096 ], [ 29.211880433834974, -25.830617789179698 ], [ 29.211579473014268, -25.830184404087085 ], [ 29.210947720860741, -25.829276260591033 ], [ 29.210355455240109, -25.828565540767151 ], [ 29.209348601256981, -25.82740074964493 ], [ 29.209032725180226, -25.827163843037003 ], [ 29.209127570381071, -25.826905386874127 ], [ 29.209958886593384, -25.826242948952984 ], [ 29.210017443250511, -25.825271885289379 ], [ 29.208526885307567, -25.822024698680977 ], [ 29.20801939877628, -25.820777683443414 ], [ 29.205431000640186, -25.822444000390327 ], [ 29.201953988685656, -25.824685001211858 ], [ 29.201037003055291, -25.825277000633172 ], [ 29.201138408810554, -25.83147532872351 ], [ 29.200792350586518, -25.831367930785508 ], [ 29.199364471793004, -25.831484491915845 ], [ 29.197455402644817, -25.837321574930833 ], [ 29.197122999726734, -25.837811997725559 ], [ 29.193760000223858, -25.838109999776773 ], [ 29.19217139819154, -25.838389348989335 ], [ 29.189481170719461, -25.838855151943768 ], [ 29.192439999606339, -25.841080000042055 ], [ 29.195175003423717, -25.843200006075538 ], [ 29.195888003028941, -25.843716001992014 ], [ 29.194980998973971, -25.845744001084849 ], [ 29.186061998662332, -25.848326002343164 ], [ 29.183594997311307, -25.84904000019592 ], [ 29.180650005393513, -25.849901002129666 ], [ 29.177911001391596, -25.850701009344185 ], [ 29.178454000351877, -25.854558000151634 ], [ 29.178943998666689, -25.858045999123686 ], [ 29.178964004085611, -25.858188997624193 ], [ 29.178977001987121, -25.858277002581733 ], [ 29.17909699672909, -25.859127002209483 ], [ 29.179334997811928, -25.86081900289474 ], [ 29.179426002907746, -25.861465000309583 ], [ 29.17950500025561, -25.862026000999222 ], [ 29.17951000318417, -25.862063999154334 ], [ 29.179511997880486, -25.862100999061916 ], [ 29.179526998572197, -25.862187998577337 ], [ 29.179696002768345, -25.863384998019296 ], [ 29.180045996425598, -25.865872003889962 ], [ 29.180326997692831, -25.865941001675932 ], [ 29.180401996654901, -25.86596000075345 ], [ 29.180221446062909, -25.866284435678239 ], [ 29.179247861599642, -25.865963152877249 ], [ 29.179051462255206, -25.865821308206847 ], [ 29.178743934584947, -25.865495690673637 ], [ 29.178680483817374, -25.865428507719518 ], [ 29.178331327428857, -25.865232106576507 ], [ 29.177207482439432, -25.864828396413436 ], [ 29.175996346554161, -25.864326483880212 ], [ 29.175188922630795, -25.863900949868981 ], [ 29.174741566570066, -25.863737282249893 ], [ 29.173464965435841, -25.863540882006173 ], [ 29.171795562015632, -25.8631917274163 ], [ 29.170420759410536, -25.862886214227508 ], [ 29.169024134756032, -25.862635258410503 ], [ 29.167379710005619, -25.862211278427822 ], [ 29.166360183675589, -25.868006316338509 ], [ 29.166040508862487, -25.870478554441814 ], [ 29.165725043775808, -25.8724311732601 ], [ 29.165652725692819, -25.872837870970983 ], [ 29.165551998026345, -25.872793000196868 ], [ 29.165371001370637, -25.872712000958167 ], [ 29.162498995732086, -25.871053001794706 ], [ 29.162445988791376, -25.871023996860067 ], [ 29.162397010813439, -25.870995997367476 ], [ 29.157633998909976, -25.868275999637682 ], [ 29.15378272599207, -25.866077043021146 ], [ 29.150165998062388, -25.864012003551146 ], [ 29.145654001331128, -25.861433999779262 ], [ 29.142486000928226, -25.859626001838567 ], [ 29.142166999707324, -25.860029002436619 ], [ 29.14206400215204, -25.860157000245412 ], [ 29.140669000773801, -25.861752003652107 ], [ 29.139801625344813, -25.86281255525526 ], [ 29.139321997112479, -25.863399002262213 ], [ 29.134611273591442, -25.859998480345631 ], [ 29.134534218779223, -25.858898529443621 ], [ 29.13447058095257, -25.858071241294791 ], [ 29.134463511382037, -25.857272235925013 ], [ 29.134364519407072, -25.856784349218429 ], [ 29.134208960075519, -25.85635302717057 ], [ 29.134081685321583, -25.855978273378661 ], [ 29.133968552406813, -25.855723722971504 ], [ 29.133862489062658, -25.855504526712586 ], [ 29.133714001999657, -25.855341897810419 ], [ 29.133530159888966, -25.855136843390671 ], [ 29.133417026974293, -25.85497421358922 ], [ 29.133339247308466, -25.854740876390412 ], [ 29.133282680851089, -25.854500467822422 ], [ 29.133308933860278, -25.853837829352372 ], [ 29.130879998113429, -25.849060003816188 ], [ 29.129031999227422, -25.845478996958207 ], [ 29.127921001952803, -25.843322002708337 ], [ 29.126880000711502, -25.841302996835886 ], [ 29.126659999559362, -25.833827001015347 ], [ 29.122671511680991, -25.833644720127808 ], [ 29.121867998009744, -25.83360799811074 ], [ 29.121501000870495, -25.83359100182334 ], [ 29.11955599571267, -25.833523002284803 ], [ 29.113884998593832, -25.833470003437984 ], [ 29.113664000992905, -25.832670999866853 ], [ 29.110056997432533, -25.833344000325411 ], [ 29.109881200657, -25.833376758130946 ], [ 29.107786998870971, -25.833766995550491 ], [ 29.106852004316568, -25.829788998263705 ], [ 29.101521000393912, -25.831213002777922 ], [ 29.100549963709874, -25.831472262934636 ], [ 29.099931969384912, -25.831091957627759 ], [ 29.096469210785497, -25.831772142770273 ], [ 29.096067283078735, -25.832297739848933 ], [ 29.095912695914247, -25.8330706765705 ], [ 29.095850861228339, -25.833472604277343 ], [ 29.095418015728896, -25.834369211270172 ], [ 29.094985171128734, -25.834925726141428 ], [ 29.09455232742803, -25.835420406326772 ], [ 29.088152407307774, -25.83368902702702 ], [ 29.087039377565262, -25.833967283563325 ], [ 29.079650098872964, -25.835791416240937 ], [ 29.079469281182448, -25.835828883796044 ], [ 29.06378567576834, -25.8396492596057 ], [ 29.060852036891987, -25.84634544158892 ], [ 29.060836957959307, -25.846365248257662 ], [ 29.060837002925378, -25.846363004449152 ], [ 29.051678996088864, -25.845368002631325 ], [ 29.049696000869812, -25.845152000764266 ], [ 29.044754002295438, -25.84459600300319 ], [ 29.038921826880919, -25.843991760211651 ], [ 29.033919999108686, -25.843453000655487 ], [ 29.024157998592742, -25.842390998445847 ], [ 29.019168003200829, -25.841874004281919 ], [ 29.016927999727457, -25.841631995820034 ], [ 29.013546996696576, -25.841283001309495 ], [ 29.003175002224665, -25.838673007753201 ], [ 28.995484998334103, -25.836784003379119 ], [ 28.9943479971624, -25.836797001280715 ], [ 28.991283009603272, -25.836830003701785 ], [ 28.988624000297467, -25.836872000242689 ], [ 28.988238004080699, -25.836869989358604 ], [ 28.983889002275699, -25.836915001326265 ], [ 28.979229004115282, -25.836992998628038 ], [ 28.974926004431605, -25.83704200088772 ], [ 28.964721002372389, -25.83717599897323 ], [ 28.953839004166745, -25.837339001993467 ], [ 28.950448999821589, -25.837352998142425 ], [ 28.949720002176409, -25.836029994688516 ], [ 28.949410002269779, -25.83546000167777 ], [ 28.948969999965584, -25.834639998037584 ], [ 28.947400004007015, -25.831759999224644 ], [ 28.944029996087529, -25.825549998833388 ], [ 28.943340001140225, -25.824369995678822 ], [ 28.941439999856183, -25.82396999701778 ], [ 28.938429998645592, -25.823349998103975 ], [ 28.938169999246071, -25.823284996005874 ], [ 28.940060000968309, -25.818469997892141 ], [ 28.941160003131706, -25.815719989785748 ], [ 28.942890001972074, -25.81145000241575 ], [ 28.945489996865852, -25.804939999881196 ], [ 28.9470399981974, -25.801109995929696 ], [ 28.947240001125223, -25.800579995770207 ], [ 28.948600002687968, -25.797050002056075 ], [ 28.949729999040279, -25.7942799984232 ], [ 28.94995999705629, -25.79378999830983 ], [ 28.95124999808904, -25.790540001320078 ], [ 28.952640001934579, -25.786959999004775 ], [ 28.954209997893148, -25.783029995837694 ], [ 28.955910004343249, -25.778840001365076 ], [ 28.957030001133759, -25.775919999808167 ], [ 28.957219999103739, -25.775560002092536 ], [ 28.957587004336876, -25.77464600041268 ], [ 28.958769998636548, -25.773009996913871 ], [ 28.959339999741264, -25.772190002266843 ], [ 28.961299999295569, -25.769530001008825 ], [ 28.961390006143947, -25.769400002208386 ], [ 28.963209998342759, -25.766899995738289 ], [ 28.964600003087664, -25.765039997198201 ], [ 28.965149998773459, -25.764239997178194 ], [ 28.966470002088908, -25.762429996447207 ], [ 28.967509996988795, -25.760999997052313 ], [ 28.96967999813344, -25.75806999773226 ], [ 28.969780002744965, -25.757949995795698 ], [ 28.97109999706726, -25.756150009015716 ], [ 28.97259999789161, -25.754060001667817 ], [ 28.972710002065021, -25.753890001022782 ], [ 28.975529998110943, -25.750729994693558 ], [ 28.975860000738475, -25.750270005856141 ], [ 28.975959999054773, -25.750160001682811 ], [ 28.976290005279608, -25.749810000830951 ], [ 28.976939999281605, -25.748909997098707 ], [ 28.979010002109955, -25.745939987840256 ], [ 28.98062999587771, -25.743569999955564 ], [ 28.981310002055032, -25.742540001919636 ], [ 28.976030004081441, -25.739959997156202 ], [ 28.975789999309111, -25.739829994758473 ], [ 28.967019996875425, -25.735839996019067 ], [ 28.959029999834726, -25.732230000414212 ], [ 28.954550000981769, -25.730149998923348 ], [ 28.950780000696476, -25.728330000429217 ], [ 28.950672997560886, -25.728273003196588 ], [ 28.954929996022535, -25.71575000036232 ], [ 28.955759999224608, -25.712980003024771 ], [ 28.960440001005299, -25.698519998099496 ], [ 28.965249997089757, -25.684100002213423 ], [ 28.968829999404971, -25.67330999835778 ], [ 28.988739995754262, -25.666820001242154 ], [ 29.008290003380981, -25.660570001704244 ], [ 29.008430000843937, -25.660780004193857 ], [ 29.026169998746425, -25.686199999230688 ], [ 29.026690001142683, -25.686949997844213 ], [ 29.035159999634324, -25.699020004069993 ], [ 29.036510004333287, -25.700950000442226 ], [ 29.038570000405237, -25.703940004327769 ], [ 29.039459999179641, -25.705240001325116 ], [ 29.041549998433752, -25.708030001383474 ], [ 29.052030002382761, -25.702000002098515 ], [ 29.058150001321582, -25.698450002065997 ], [ 29.064090000952863, -25.694990004385271 ], [ 29.07002999968477, -25.691540000870404 ], [ 29.077640001684795, -25.687120000287798 ], [ 29.07872999709171, -25.686490000912912 ], [ 29.081000003747242, -25.685170000295305 ], [ 29.081909998947324, -25.684640000135982 ], [ 29.08322000270098, -25.683880009155168 ], [ 29.085720007372519, -25.682429998046025 ], [ 29.093309996759029, -25.678020003320544 ], [ 29.098929998720514, -25.671160000833414 ], [ 29.106999997651844, -25.661219994806963 ], [ 29.107969991122189, -25.660769998336825 ], [ 29.108930001218674, -25.660310001405517 ], [ 29.109890004120473, -25.659860002237377 ], [ 29.110859996691534, -25.659410003069226 ], [ 29.111819998694049, -25.658959994907921 ], [ 29.112790008352249, -25.658499997976609 ], [ 29.113750003160156, -25.658049999707735 ], [ 29.114720003825109, -25.657600002338334 ], [ 29.115570001654294, -25.657229996067556 ], [ 29.116420001282133, -25.656869998351823 ], [ 29.117270000010517, -25.656500000174923 ], [ 29.121479999002784, -25.657979997379105 ], [ 29.126070002928344, -25.659699999355588 ], [ 29.131970001614306, -25.661869989708325 ], [ 29.145340003938063, -25.66688999727565 ], [ 29.153620005359006, -25.669949996295333 ], [ 29.165120000587635, -25.674340002689028 ], [ 29.170279996624579, -25.676099998416237 ], [ 29.172250001136721, -25.676759999174724 ], [ 29.174299999445424, -25.677710003413999 ], [ 29.175140000410742, -25.678020003320547 ], [ 29.1801999900376, -25.679869996003593 ], [ 29.19617000344298, -25.685709999117226 ], [ 29.195209999641818, -25.69124999918818 ], [ 29.194980001625812, -25.692589997130749 ], [ 29.194360001812719, -25.694889997075819 ], [ 29.193660000109009, -25.698389998399787 ], [ 29.192969997067724, -25.701899994788974 ], [ 29.192280001221135, -25.705399996113012 ] ] ] } },
{ "type": "Feature", "properties": { "Municipali": "Emalahleni Local Municipality", "WardNo": "13", "WardLabel": "MP312_13", "Province": "Mpumalanga", "CLASSIFICATION": "Mining", "PopGBlack": 12992.714661, "PopGColour": 77.145688703999994, "PopGIndian": 31.825756196, "PopGWhite": 19.596703884, "PopGOther": 1.569198868, "PopGTotal": 13122.852009 }, "geometry": { "type": "Polygon", "coordinates": [ [ [ 29.166360183675589, -25.868006316338509 ], [ 29.171109814566403, -25.869365943783365 ], [ 29.171110641942615, -25.869361117121898 ], [ 29.176959999804161, -25.87098000022689 ], [ 29.176786629399455, -25.871472736077944 ], [ 29.176752996553617, -25.871463000017542 ], [ 29.176506999598459, -25.872145998239343 ], [ 29.176313994295423, -25.872681997776098 ], [ 29.176110998423937, -25.873953996180042 ], [ 29.176101997109484, -25.874038992905252 ], [ 29.176070000130466, -25.874439997907611 ], [ 29.176036996810033, -25.87484899788301 ], [ 29.175960004051017, -25.875024999704038 ], [ 29.175990702409006, -25.875080504062037 ], [ 29.178256025395271, -25.875359642833331 ], [ 29.179431631764416, -25.874903358303449 ], [ 29.179926657289428, -25.87475125236848 ], [ 29.180398742008389, -25.874538052788985 ], [ 29.180292141768994, -25.874081196290305 ], [ 29.181953244446717, -25.873778075298002 ], [ 29.182439999806206, -25.875740000300812 ], [ 29.182485780694261, -25.876038800050647 ], [ 29.182514003218756, -25.876222997393437 ], [ 29.182674200354136, -25.876941221160482 ], [ 29.182753999897194, -25.877298995752124 ], [ 29.18249399779975, -25.877399998611089 ], [ 29.181903003820569, -25.879556003606776 ], [ 29.179848999931465, -25.881246003300483 ], [ 29.179877996772213, -25.88172899589653 ], [ 29.179889850736068, -25.881868058064441 ], [ 29.176881791161836, -25.881531965228039 ], [ 29.173699919615682, -25.881117641266236 ], [ 29.172475667118437, -25.880958225641717 ], [ 29.167302705555514, -25.88028006127589 ], [ 29.165890131424515, -25.880107796138002 ], [ 29.16489099272518, -25.879958499685113 ], [ 29.16440865123834, -25.879843656259862 ], [ 29.164555648124651, -25.879055934683716 ], [ 29.164961197401389, -25.876771340125295 ], [ 29.165045161704899, -25.876298337198602 ], [ 29.16508415001357, -25.876066033320861 ], [ 29.165175700098501, -25.875520553131047 ], [ 29.165652725692819, -25.872837870970983 ], [ 29.165725043775808, -25.8724311732601 ], [ 29.166040508862487, -25.870478554441814 ], [ 29.166360183675589, -25.868006316338509 ] ] ] } },
{ "type": "Feature", "properties": { "Municipali": "Emalahleni Local Municipality", "WardNo": "14", "WardLabel": "MP312_14", "Province": "Mpumalanga", "CLASSIFICATION": "Mining", "PopGBlack": 20637.032925, "PopGColour": 158.99668908000001, "PopGIndian": 52.129972371999997, "PopGWhite": 90.750371828, "PopGOther": 14.360041772000001, "PopGTotal": 20953.27 }, "geometry": { "type": "Polygon", "coordinates": [ [ [ 29.201390000448207, -25.862128229634113 ], [ 29.201494614085245, -25.862198145627993 ], [ 29.202072840389327, -25.861355187691832 ], [ 29.202456241162682, -25.860760108991915 ], [ 29.202847556869276, -25.860975567668419 ], [ 29.203391156576654, -25.860105988900315 ], [ 29.203837561154586, -25.860704937383034 ], [ 29.207583053115428, -25.865641851190571 ], [ 29.208821625517668, -25.865368336779369 ], [ 29.209182409240839, -25.865283897633823 ], [ 29.209581574230345, -25.865230164040877 ], [ 29.209919329013861, -25.865191782774613 ], [ 29.210126587671919, -25.865237840653908 ], [ 29.21022637914416, -25.865222487427921 ], [ 29.210379904209265, -25.865322278900162 ], [ 29.210433637802129, -25.865491156291885 ], [ 29.210425853270621, -25.865688186060996 ], [ 29.20989800069226, -25.866508999990362 ], [ 29.20982732926791, -25.866709098246371 ], [ 29.209796989739328, -25.866794997890921 ], [ 29.209823999977729, -25.866934997152438 ], [ 29.209883000000463, -25.867054001740851 ], [ 29.210102002905163, -25.867234999295835 ], [ 29.209910002144891, -25.867579996319854 ], [ 29.210419997784658, -25.867929997171707 ], [ 29.209210001340548, -25.869860000738537 ], [ 29.20831100125169, -25.871609996903857 ], [ 29.208079996894448, -25.872012996602521 ], [ 29.207735997218592, -25.872610998099201 ], [ 29.207191002662704, -25.872470002388717 ], [ 29.206884002894434, -25.872389999598813 ], [ 29.206419003034661, -25.873295998211837 ], [ 29.205957003313159, -25.87419900388101 ], [ 29.204446296959105, -25.876645925169353 ], [ 29.204002320550753, -25.877620336109736 ], [ 29.203950667089689, -25.877784689911596 ], [ 29.203910426924708, -25.877912724592672 ], [ 29.203835241803027, -25.878180051668085 ], [ 29.20380182569377, -25.878522563865349 ], [ 29.203851949408016, -25.878990385797746 ], [ 29.204010675252484, -25.880469039414713 ], [ 29.203960550638953, -25.88084496682179 ], [ 29.203860303210462, -25.881254311237576 ], [ 29.203643099849213, -25.881521638312982 ], [ 29.2033757727738, -25.881772256884211 ], [ 29.203034001617894, -25.881966001429859 ], [ 29.202990004085429, -25.881836998179025 ], [ 29.202877997121906, -25.881677999839916 ], [ 29.202777008652145, -25.881535997788188 ], [ 29.20273000288735, -25.881430000094458 ], [ 29.202570997353718, -25.881235997443451 ], [ 29.202499995878174, -25.881100002862958 ], [ 29.202359000167778, -25.880934997052528 ], [ 29.20222299929198, -25.880794001342128 ], [ 29.202147002981839, -25.880611000996939 ], [ 29.201993997724848, -25.880440003003841 ], [ 29.20189900323648, -25.880376000052461 ], [ 29.201710999962732, -25.880264001182727 ], [ 29.20167499740322, -25.880215997170581 ], [ 29.20167000166926, -25.880128000307007 ], [ 29.201621997657117, -25.880056998831463 ], [ 29.201546002246264, -25.879944999961818 ], [ 29.201500001024232, -25.879886998186439 ], [ 29.201505003952793, -25.879821996987616 ], [ 29.201451997012093, -25.879798003075422 ], [ 29.201317000679044, -25.879805998947745 ], [ 29.201246998350396, -25.879764003306111 ], [ 29.201186002731884, -25.879674002753148 ], [ 29.201073995768361, -25.879657996619311 ], [ 29.200929001672165, -25.879569999755731 ], [ 29.200898002041214, -25.879486000378677 ], [ 29.200808999735603, -25.879439001808574 ], [ 29.200725997706705, -25.879446996781517 ], [ 29.200685000312518, -25.879368001232407 ], [ 29.200609004002377, -25.879291000379418 ], [ 29.200489002065908, -25.879303998281014 ], [ 29.200331999322387, -25.879296999756772 ], [ 29.2002489972934, -25.879380001785663 ], [ 29.200142998700478, -25.87934999860359 ], [ 29.200014002644156, -25.879220996252037 ], [ 29.199896004397161, -25.879167997405212 ], [ 29.199772004074791, -25.879126000864304 ], [ 29.199606998264443, -25.879091003746915 ], [ 29.19954799824162, -25.879179000610488 ], [ 29.199472001931401, -25.879167997405212 ], [ 29.199388999902411, -25.879132002040304 ], [ 29.199283002208855, -25.879067001740761 ], [ 29.199271000756141, -25.879008001717935 ], [ 29.199215000871583, -25.878953997429072 ], [ 29.199168999649643, -25.878944988920196 ], [ 29.199094000687669, -25.878990998236112 ], [ 29.198994004170025, -25.878990998236112 ], [ 29.198887996583849, -25.878955002871201 ], [ 29.198728999144102, -25.878943998766637 ], [ 29.198670000020467, -25.878872998190381 ], [ 29.198613002787937, -25.87869800181139 ], [ 29.198511001681446, -25.878565991227592 ], [ 29.198368999629636, -25.878528001166362 ], [ 29.198313997992702, -25.878490003011251 ], [ 29.198192998707977, -25.87848400183525 ], [ 29.198170002143947, -25.878389996601168 ], [ 29.197997997809438, -25.8782550011674 ], [ 29.197928001775935, -25.878254003819244 ], [ 29.197851000922949, -25.87819500379651 ], [ 29.19782200408229, -25.878116996602202 ], [ 29.19759600265343, -25.877939000984131 ], [ 29.197368996681899, -25.877761003567507 ], [ 29.19730800196276, -25.877712999555357 ], [ 29.197085009665507, -25.87770000075448 ], [ 29.196914002679161, -25.877793001445898 ], [ 29.196593996915492, -25.877592000270635 ], [ 29.196753773168162, -25.877502816301988 ], [ 29.196738811147299, -25.877432992938363 ], [ 29.19663407700105, -25.877378131595517 ], [ 29.196544303976484, -25.877273398348724 ], [ 29.196479469152219, -25.877173650943284 ], [ 29.196454531851199, -25.877083878818084 ], [ 29.196359772085916, -25.876944232990027 ], [ 29.196022997563336, -25.876271997854463 ], [ 29.195702003444762, -25.876082000783772 ], [ 29.19546799894907, -25.87584499614972 ], [ 29.195488002569341, -25.875759002076339 ], [ 29.194983187024508, -25.87546727639371 ], [ 29.194846004439658, -25.875388000256059 ], [ 29.194680996830574, -25.875270000210406 ], [ 29.194515999114106, -25.875258996105849 ], [ 29.194192003058518, -25.875024003255163 ], [ 29.193792002598926, -25.874776002610513 ], [ 29.193676996396317, -25.874776002610517 ], [ 29.19344200264635, -25.874731996084808 ], [ 29.193296003108109, -25.874616997076796 ], [ 29.192934001702902, -25.874516002311715 ], [ 29.192386997162217, -25.874426999106824 ], [ 29.192388002604257, -25.874318997723687 ], [ 29.192361710924313, -25.874313241163222 ], [ 29.192663607939167, -25.873171717300945 ], [ 29.192967516737561, -25.872097557156646 ], [ 29.192937009935143, -25.872098998769875 ], [ 29.191991999631085, -25.87190800435102 ], [ 29.190649115764138, -25.871635209397457 ], [ 29.190870741091913, -25.870996786972217 ], [ 29.190717925591837, -25.870940480418842 ], [ 29.19063895252571, -25.870858216733378 ], [ 29.190634998206615, -25.870768002141673 ], [ 29.190926997283174, -25.870459996032075 ], [ 29.191002778655378, -25.870344031152161 ], [ 29.19102451706787, -25.870310758934469 ], [ 29.191042004385064, -25.870284003204208 ], [ 29.191163003669701, -25.870152997163174 ], [ 29.191244002908395, -25.870051004150561 ], [ 29.191403997696391, -25.869674001154266 ], [ 29.191498002930569, -25.869391999841035 ], [ 29.191552997372987, -25.869380996635755 ], [ 29.19166600168467, -25.869374996359038 ], [ 29.191768001891798, -25.869354999933364 ], [ 29.191774200918687, -25.869352197645899 ], [ 29.191840998063658, -25.869321996612932 ], [ 29.19189000032333, -25.869295002562378 ], [ 29.191920009800636, -25.869277999080477 ], [ 29.191970998662747, -25.869236999887722 ], [ 29.192011996956129, -25.869216996267447 ], [ 29.192054998039797, -25.869206000256771 ], [ 29.19192741032181, -25.8691677988549 ], [ 29.191769667436215, -25.869130128952328 ], [ 29.191362360884259, -25.869028891370277 ], [ 29.191261123302208, -25.869002992694003 ], [ 29.191275248953612, -25.868857021934083 ], [ 29.19129643877968, -25.868762847627416 ], [ 29.19134880270515, -25.868639248402612 ], [ 29.191223742082041, -25.868608634580916 ], [ 29.186710996215542, -25.867504000009621 ], [ 29.180401996654901, -25.86596000075345 ], [ 29.180326997692831, -25.865941001675932 ], [ 29.180045996425598, -25.865872003889962 ], [ 29.179696002768345, -25.863384998019296 ], [ 29.179526998572197, -25.862187998577337 ], [ 29.179511997880486, -25.862100999061916 ], [ 29.17951000318417, -25.862063999154334 ], [ 29.17950500025561, -25.862026000999222 ], [ 29.179426002907746, -25.861465000309583 ], [ 29.179334997811928, -25.86081900289474 ], [ 29.17909699672909, -25.859127002209483 ], [ 29.178977001987121, -25.858277002581733 ], [ 29.178964004085611, -25.858188997624193 ], [ 29.178943998666689, -25.858045999123686 ], [ 29.178454000351877, -25.854558000151634 ], [ 29.177911001391596, -25.850701009344185 ], [ 29.180650005393513, -25.849901002129666 ], [ 29.183594997311307, -25.84904000019592 ], [ 29.186061998662332, -25.848326002343164 ], [ 29.194980998973971, -25.845744001084849 ], [ 29.196047997816848, -25.845903995872764 ], [ 29.196087998762248, -25.84590999704885 ], [ 29.196323997954167, -25.845970998962507 ], [ 29.196967999773424, -25.846138997716604 ], [ 29.197014998343523, -25.846159999584319 ], [ 29.198074998662335, -25.846636002649461 ], [ 29.198282998361748, -25.846810999927733 ], [ 29.198800997967716, -25.84724700204756 ], [ 29.199298002900573, -25.847896996948936 ], [ 29.19924399771234, -25.849601997334432 ], [ 29.199181001102364, -25.851562003183965 ], [ 29.199034818102433, -25.853090479242308 ], [ 29.199634647021416, -25.858385676657786 ], [ 29.201390000448207, -25.861500000124991 ], [ 29.201390000448207, -25.862128229634113 ] ] ] } },
{ "type": "Feature", "properties": { "Municipali": "Emalahleni Local Municipality", "WardNo": "15", "WardLabel": "MP312_15", "Province": "Mpumalanga", "CLASSIFICATION": "Mining", "PopGBlack": 9294.7743265000026, "PopGColour": 136.59486943, "PopGIndian": 26.357204508, "PopGWhite": 160.9802867, "PopGOther": 12.114167224, "PopGTotal": 9630.8208543000001 }, "geometry": { "type": "Polygon", "coordinates": [ [ [ 29.212073028147735, -25.83089512391096 ], [ 29.212764006054101, -25.832000689280438 ], [ 29.213139108782887, -25.832750893838739 ], [ 29.213652406733253, -25.833738005004967 ], [ 29.2139287980756, -25.834310529607269 ], [ 29.214244674152454, -25.834981764696732 ], [ 29.214698744551505, -25.836284751939811 ], [ 29.215152815849848, -25.837804903873298 ], [ 29.215468691926613, -25.839186859685839 ], [ 29.21692961720807, -25.846432257642643 ], [ 29.217758790335917, -25.850281991820484 ], [ 29.217857500823079, -25.850637351732466 ], [ 29.217896985557495, -25.850933484992421 ], [ 29.217800001768673, -25.851229995967671 ], [ 29.217608001008493, -25.851903010815342 ], [ 29.217070005876138, -25.853860001238125 ], [ 29.21667500115041, -25.855016002386709 ], [ 29.216315998984189, -25.855993998923971 ], [ 29.21598700000014, -25.856576997930198 ], [ 29.215349995805674, -25.857705996934264 ], [ 29.214189998070033, -25.859710998563788 ], [ 29.212920003355489, -25.861809998232879 ], [ 29.211480996350904, -25.864047000668617 ], [ 29.211125003316297, -25.864601003733366 ], [ 29.210425853270621, -25.865688186060996 ], [ 29.210433637802129, -25.865491156291885 ], [ 29.210379904209265, -25.865322278900162 ], [ 29.21022637914416, -25.865222487427921 ], [ 29.210126587671919, -25.865237840653908 ], [ 29.209919329013861, -25.865191782774613 ], [ 29.209581574230345, -25.865230164040877 ], [ 29.209182409240839, -25.865283897633823 ], [ 29.208821625517668, -25.865368336779369 ], [ 29.207583053115428, -25.865641851190571 ], [ 29.203837561154586, -25.860704937383034 ], [ 29.203391156576654, -25.860105988900315 ], [ 29.202847556869276, -25.860975567668419 ], [ 29.202456241162682, -25.860760108991915 ], [ 29.202072840389327, -25.861355187691832 ], [ 29.201494614085245, -25.862198145627993 ], [ 29.201390000448207, -25.862128229634113 ], [ 29.201390000448207, -25.861500000124991 ], [ 29.199634647021416, -25.858385676657786 ], [ 29.199034818102433, -25.853090479242308 ], [ 29.199181001102364, -25.851562003183965 ], [ 29.19924399771234, -25.849601997334432 ], [ 29.199298002900573, -25.847896996948936 ], [ 29.198800997967716, -25.84724700204756 ], [ 29.198282998361748, -25.846810999927733 ], [ 29.198074998662335, -25.846636002649461 ], [ 29.197014998343523, -25.846159999584319 ], [ 29.196967999773424, -25.846138997716604 ], [ 29.196323997954167, -25.845970998962507 ], [ 29.196087998762248, -25.84590999704885 ], [ 29.196047997816848, -25.845903995872764 ], [ 29.194980998973971, -25.845744001084849 ], [ 29.195888003028941, -25.843716001992014 ], [ 29.195175003423717, -25.843200006075538 ], [ 29.192439999606339, -25.841080000042055 ], [ 29.189481170719461, -25.838855151943768 ], [ 29.19217139819154, -25.838389348989335 ], [ 29.193760000223858, -25.838109999776773 ], [ 29.197122999726734, -25.837811997725559 ], [ 29.197455402644817, -25.837321574930833 ], [ 29.199364471793004, -25.831484491915845 ], [ 29.200792350586518, -25.831367930785508 ], [ 29.201138408810554, -25.83147532872351 ], [ 29.201037003055291, -25.825277000633172 ], [ 29.201953988685656, -25.824685001211858 ], [ 29.205431000640186, -25.822444000390327 ], [ 29.20801939877628, -25.820777683443414 ], [ 29.208526885307567, -25.822024698680977 ], [ 29.210017443250511, -25.825271885289379 ], [ 29.209958886593384, -25.826242948952984 ], [ 29.209127570381071, -25.826905386874127 ], [ 29.209032725180226, -25.827163843037003 ], [ 29.209348601256981, -25.82740074964493 ], [ 29.210355455240109, -25.828565540767151 ], [ 29.210947720860741, -25.829276260591033 ], [ 29.211579473014268, -25.830184404087085 ], [ 29.211880433834974, -25.830617789179698 ], [ 29.212073028147735, -25.83089512391096 ] ] ] } },
{ "type": "Feature", "properties": { "Municipali": "Emalahleni Local Municipality", "WardNo": "16", "WardLabel": "MP312_16", "Province": "Mpumalanga", "CLASSIFICATION": "Mining", "PopGBlack": 7431.1239482000001, "PopGColour": 59.15048458, "PopGIndian": 19.693255784000002, "PopGWhite": 24.9091582, "PopGOther": 0.0, "PopGTotal": 7534.8768467 }, "geometry": { "type": "Polygon", "coordinates": [ [ [ 29.191991999631085, -25.87190800435102 ], [ 29.192937009935143, -25.872098998769875 ], [ 29.192967516737561, -25.872097557156646 ], [ 29.192663607939167, -25.873171717300945 ], [ 29.192361710924313, -25.874313241163222 ], [ 29.192388002604257, -25.874318997723687 ], [ 29.192386997162217, -25.874426999106824 ], [ 29.192934001702902, -25.874516002311715 ], [ 29.193296003108109, -25.874616997076796 ], [ 29.19344200264635, -25.874731996084808 ], [ 29.193676996396317, -25.874776002610517 ], [ 29.193792002598926, -25.874776002610513 ], [ 29.194192003058518, -25.875024003255163 ], [ 29.194515999114106, -25.875258996105849 ], [ 29.194680996830574, -25.875270000210406 ], [ 29.194846004439658, -25.875388000256059 ], [ 29.194983187024508, -25.87546727639371 ], [ 29.195488002569341, -25.875759002076339 ], [ 29.19546799894907, -25.87584499614972 ], [ 29.195702003444762, -25.876082000783772 ], [ 29.196022997563336, -25.876271997854463 ], [ 29.196359772085916, -25.876944232990027 ], [ 29.196454531851199, -25.877083878818084 ], [ 29.196479469152219, -25.877173650943284 ], [ 29.196544303976484, -25.877273398348724 ], [ 29.19663407700105, -25.877378131595517 ], [ 29.196738811147299, -25.877432992938363 ], [ 29.196753773168162, -25.877502816301988 ], [ 29.196593996915492, -25.877592000270635 ], [ 29.196468999244967, -25.877669999371058 ], [ 29.196155999200059, -25.877514999417745 ], [ 29.195963999339163, -25.8774200040301 ], [ 29.195908996802771, -25.877483998887516 ], [ 29.19503799620659, -25.8769840010109 ], [ 29.194689998144934, -25.876782999835644 ], [ 29.194354000636714, -25.876588996285172 ], [ 29.194925997336945, -25.877508990147863 ], [ 29.194454997200456, -25.877730003936644 ], [ 29.19393800303644, -25.877973000753443 ], [ 29.192513000274786, -25.87864399662325 ], [ 29.191560003091659, -25.879092001095078 ], [ 29.190633836282547, -25.87952756704372 ], [ 29.189406001785628, -25.880105002843699 ], [ 29.187617002023078, -25.882174000230002 ], [ 29.187556000109421, -25.882242998015965 ], [ 29.187598002945567, -25.882617000873996 ], [ 29.187602510347656, -25.882715845360014 ], [ 29.183004575301002, -25.882216068716659 ], [ 29.179889850736068, -25.881868058064441 ], [ 29.179877996772213, -25.88172899589653 ], [ 29.179848999931465, -25.881246003300483 ], [ 29.181903003820569, -25.879556003606776 ], [ 29.18249399779975, -25.877399998611089 ], [ 29.182753999897194, -25.877298995752124 ], [ 29.182674200354136, -25.876941221160482 ], [ 29.182550153267041, -25.876385072313333 ], [ 29.182514003218756, -25.876222997393437 ], [ 29.182485780694261, -25.876038800050647 ], [ 29.182447219563617, -25.875787119380114 ], [ 29.183628165207736, -25.875586604738075 ], [ 29.183647077051027, -25.875583190911609 ], [ 29.183867758989969, -25.875543355441568 ], [ 29.184030542575517, -25.87559713579925 ], [ 29.18426462351362, -25.875573727345671 ], [ 29.18435825642846, -25.875503502884403 ], [ 29.184405072436242, -25.875462538765284 ], [ 29.184498705350997, -25.875398166192504 ], [ 29.184574781700839, -25.875333793619721 ], [ 29.184709377835606, -25.875234309715676 ], [ 29.184873235211725, -25.87512897302377 ], [ 29.185048795465608, -25.875058748562502 ], [ 29.185183392499571, -25.87501193255472 ], [ 29.185306284857202, -25.874994375989719 ], [ 29.18547014223331, -25.874930004316312 ], [ 29.185662634023373, -25.874908229930988 ], [ 29.185914413619304, -25.873632198067618 ], [ 29.185932068210423, -25.873524668828416 ], [ 29.186939000434602, -25.873819998094522 ], [ 29.187843002552565, -25.874086996917487 ], [ 29.188672000312604, -25.874330001828167 ], [ 29.188907001257174, -25.873593000216875 ], [ 29.189284994407021, -25.87240699588622 ], [ 29.190296000560043, -25.872591000774168 ], [ 29.190525002127174, -25.87160999690385 ], [ 29.191991999631085, -25.87190800435102 ] ] ] } },
{ "type": "Feature", "properties": { "Municipali": "Emalahleni Local Municipality", "WardNo": "17", "WardLabel": "MP312_17", "Province": "Mpumalanga", "CLASSIFICATION": "Mining", "PopGBlack": 8568.4264425000001, "PopGColour": 2161.8825034000001, "PopGIndian": 66.742342227999998, "PopGWhite": 50.050090144000002, "PopGOther": 17.057083612, "PopGTotal": 10864.158462 }, "geometry": { "type": "Polygon", "coordinates": [ [ [ 29.19503799620659, -25.8769840010109 ], [ 29.195908996802771, -25.877483998887516 ], [ 29.195963999339163, -25.8774200040301 ], [ 29.196155999200059, -25.877514999417745 ], [ 29.196468999244967, -25.877669999371058 ], [ 29.196593996915492, -25.877592000270635 ], [ 29.196914002679161, -25.877793001445898 ], [ 29.197085009665507, -25.87770000075448 ], [ 29.19730800196276, -25.877712999555357 ], [ 29.197368996681899, -25.877761003567507 ], [ 29.19759600265343, -25.877939000984131 ], [ 29.19782200408229, -25.878116996602202 ], [ 29.197851000922949, -25.87819500379651 ], [ 29.197928001775935, -25.878254003819244 ], [ 29.197997997809438, -25.8782550011674 ], [ 29.198170002143947, -25.878389996601168 ], [ 29.198192998707977, -25.87848400183525 ], [ 29.198313997992702, -25.878490003011251 ], [ 29.198368999629636, -25.878528001166362 ], [ 29.198511001681446, -25.878565991227592 ], [ 29.198613002787937, -25.87869800181139 ], [ 29.198670000020467, -25.878872998190381 ], [ 29.198728999144102, -25.878943998766637 ], [ 29.198887996583849, -25.878955002871201 ], [ 29.198994004170025, -25.878990998236112 ], [ 29.199094000687669, -25.878990998236112 ], [ 29.199168999649643, -25.878944988920196 ], [ 29.199215000871583, -25.878953997429072 ], [ 29.199271000756141, -25.879008001717935 ], [ 29.199283002208855, -25.879067001740761 ], [ 29.199388999902411, -25.879132002040304 ], [ 29.199472001931401, -25.879167997405212 ], [ 29.19954799824162, -25.879179000610488 ], [ 29.199606998264443, -25.879091003746915 ], [ 29.199772004074791, -25.879126000864304 ], [ 29.199896004397161, -25.879167997405212 ], [ 29.200014002644156, -25.879220996252037 ], [ 29.200142998700478, -25.87934999860359 ], [ 29.2002489972934, -25.879380001785663 ], [ 29.200331999322387, -25.879296999756772 ], [ 29.200489002065908, -25.879303998281014 ], [ 29.200609004002377, -25.879291000379418 ], [ 29.200685000312518, -25.879368001232407 ], [ 29.200725997706705, -25.879446996781517 ], [ 29.200808999735603, -25.879439001808574 ], [ 29.200898002041214, -25.879486000378677 ], [ 29.200929001672165, -25.879569999755731 ], [ 29.201073995768361, -25.879657996619311 ], [ 29.201186002731884, -25.879674002753148 ], [ 29.201246998350396, -25.879764003306111 ], [ 29.201317000679044, -25.879805998947745 ], [ 29.201451997012093, -25.879798003075422 ], [ 29.201505003952793, -25.879821996987616 ], [ 29.201500001024232, -25.879886998186439 ], [ 29.201546002246264, -25.879944999961818 ], [ 29.201621997657117, -25.880056998831463 ], [ 29.20167000166926, -25.880128000307007 ], [ 29.20167499740322, -25.880215997170581 ], [ 29.201710999962732, -25.880264001182727 ], [ 29.20189900323648, -25.880376000052461 ], [ 29.201993997724848, -25.880440003003841 ], [ 29.202147002981839, -25.880611000996939 ], [ 29.20222299929198, -25.880794001342128 ], [ 29.202359000167778, -25.880934997052528 ], [ 29.202499995878174, -25.881100002862958 ], [ 29.202570997353718, -25.881235997443451 ], [ 29.20273000288735, -25.881430000094458 ], [ 29.202777008652145, -25.881535997788188 ], [ 29.202877997121906, -25.881677999839916 ], [ 29.202990004085429, -25.881836998179025 ], [ 29.203034001617894, -25.881966001429859 ], [ 29.2033757727738, -25.881772256884211 ], [ 29.203643099849213, -25.881521638312982 ], [ 29.203860303210462, -25.881254311237576 ], [ 29.203960550638953, -25.88084496682179 ], [ 29.204010675252484, -25.880469039414713 ], [ 29.20427567578183, -25.880187506648198 ], [ 29.204626683874466, -25.880313328997005 ], [ 29.205250556168284, -25.880770983194388 ], [ 29.205370800022454, -25.881440493384069 ], [ 29.205237239906769, -25.88219388244179 ], [ 29.205391676884467, -25.882216736912909 ], [ 29.20539079015289, -25.882406792439603 ], [ 29.205047106139109, -25.883955791926322 ], [ 29.204947081742525, -25.884461609315899 ], [ 29.204919497736689, -25.884773812561463 ], [ 29.205586000593502, -25.884719998029524 ], [ 29.207358004068656, -25.884576998629644 ], [ 29.207363528603974, -25.884577384438813 ], [ 29.210800999166835, -25.884817004301425 ], [ 29.216508997092618, -25.885215001071543 ], [ 29.218494999644545, -25.885785002176171 ], [ 29.22047200268085, -25.886347996662757 ], [ 29.221774003367578, -25.886718999382325 ], [ 29.221713997902715, -25.887153996959483 ], [ 29.220737996061679, -25.89115499170957 ], [ 29.219562988641073, -25.896009002413617 ], [ 29.220026001898496, -25.897671999063611 ], [ 29.220345002220121, -25.898632001066034 ], [ 29.221862996680031, -25.904129998300846 ], [ 29.221815000761772, -25.904466003003666 ], [ 29.220380997585032, -25.905087998412448 ], [ 29.220197951374399, -25.905170355627533 ], [ 29.220277690662993, -25.905280629597403 ], [ 29.221653450146665, -25.907449421153959 ], [ 29.221767014735946, -25.907628449193648 ], [ 29.223308512078258, -25.909084572095459 ], [ 29.223497394888891, -25.909261269092404 ], [ 29.223602583192736, -25.909359670212638 ], [ 29.22367372855976, -25.909440301628663 ], [ 29.223711672755545, -25.909530419992993 ], [ 29.22375436087507, -25.909753343941716 ], [ 29.223877681309997, -25.910469547831426 ], [ 29.224100605258812, -25.911882981714335 ], [ 29.224152779427264, -25.912181795853282 ], [ 29.224171750625835, -25.912547012334784 ], [ 29.224143293378344, -25.912656102796959 ], [ 29.224100605258812, -25.912731992087899 ], [ 29.224095862234353, -25.912807881378665 ], [ 29.224114834332198, -25.912893255819149 ], [ 29.224195465748231, -25.913040291376394 ], [ 29.224261868990158, -25.913158867887496 ], [ 29.224295071060762, -25.913263216224482 ], [ 29.22430455710969, -25.913377048811842 ], [ 29.22430455710969, -25.913462425050991 ], [ 29.224276098962825, -25.913557286439691 ], [ 29.224271355938363, -25.913618945757875 ], [ 29.22430455710969, -25.913685348999707 ], [ 29.224366217327148, -25.913808669434644 ], [ 29.224413647571865, -25.913894043875047 ], [ 29.224423133620785, -25.914026850358901 ], [ 29.224413647571865, -25.914192857114799 ], [ 29.224370960351525, -25.914320919674736 ], [ 29.224236079131821, -25.914895867950033 ], [ 29.224143999346154, -25.915103998950467 ], [ 29.223895990607542, -25.915664002291944 ], [ 29.223326005690677, -25.916951001387691 ], [ 29.223211995936953, -25.917059999219685 ], [ 29.223051002901517, -25.917212997282093 ], [ 29.222984998059211, -25.917276010079913 ], [ 29.222927002579155, -25.917329999080284 ], [ 29.22277600101172, -25.917474003022935 ], [ 29.222005996079911, -25.918206999053822 ], [ 29.221731002283995, -25.918467997600068 ], [ 29.221601000785633, -25.918590999674993 ], [ 29.221570001154674, -25.918621002857069 ], [ 29.221347000763458, -25.918833997391165 ], [ 29.221297999403156, -25.918879998613104 ], [ 29.221056997282677, -25.919109000180327 ], [ 29.220923995645947, -25.919235003292805 ], [ 29.220823000880859, -25.919331003223302 ], [ 29.220649999198109, -25.919341999233975 ], [ 29.220420997630978, -25.919354997135482 ], [ 29.220321997562209, -25.919360998311497 ], [ 29.220243999361152, -25.919368003130877 ], [ 29.220230003212112, -25.919419000086876 ], [ 29.22021599896928, -25.919471001585535 ], [ 29.220150002220862, -25.919707998125702 ], [ 29.220141998254661, -25.919737003060337 ], [ 29.220014001345145, -25.920193999853279 ], [ 29.219186999180707, -25.923170000395281 ], [ 29.219077003101262, -25.923566999817233 ], [ 29.218908996253187, -25.923598000347553 ], [ 29.218836008175291, -25.923611995597224 ], [ 29.218684997614616, -25.923641001431132 ], [ 29.218588000336048, -25.923659002261211 ], [ 29.21834399807712, -25.923706000831313 ], [ 29.217856008847733, -25.923798004174657 ], [ 29.217788001215325, -25.923812000323608 ], [ 29.217611999394293, -25.923846000092915 ], [ 29.217405995290477, -25.92388399824803 ], [ 29.217366998887922, -25.923891003966702 ], [ 29.217307999764468, -25.923901999078101 ], [ 29.217122996628994, -25.923936997094852 ], [ 29.217035989919065, -25.92395399338216 ], [ 29.216878995269429, -25.923984003758836 ], [ 29.216613000989227, -25.924034003366579 ], [ 29.216390997946259, -25.924075998108925 ], [ 29.21625300237422, -25.924103001152638 ], [ 29.216145998339162, -25.924122996679035 ], [ 29.215978988839339, -25.924153997209263 ], [ 29.21590099783279, -25.924168997900974 ], [ 29.215853001914621, -25.924177999215331 ], [ 29.215658001015992, -25.924215000022283 ], [ 29.215481001846804, -25.924248999791601 ], [ 29.215413998757061, -25.924261001244322 ], [ 29.215313003991977, -25.924280000321836 ], [ 29.215168999150055, -25.924308997162584 ], [ 29.215079000395569, -25.924323997854287 ], [ 29.214924988797243, -25.92435400103636 ], [ 29.214651997791538, -25.924406003434392 ], [ 29.214436999567866, -25.924446002581057 ], [ 29.214281999614638, -25.924475997669244 ], [ 29.214139001114042, -25.92450399806112 ], [ 29.21123997804257, -25.929053545984399 ], [ 29.211043556215234, -25.929124971939956 ], [ 29.210722139415221, -25.929178540957 ], [ 29.210490003710689, -25.929339249806599 ], [ 29.209507896372394, -25.92973209256208 ], [ 29.212646633735208, -25.93370490076067 ], [ 29.212227091906819, -25.934029950821675 ], [ 29.211090999949775, -25.934760999820355 ], [ 29.209892999562356, -25.935704000139513 ], [ 29.207366999987155, -25.937844999946819 ], [ 29.20576900003941, -25.939240000425777 ], [ 29.204209000045342, -25.940588999682603 ], [ 29.201371999618139, -25.943043000434194 ], [ 29.200318999622226, -25.944090000153473 ], [ 29.1996680001781, -25.94486700001206 ], [ 29.198892000365596, -25.945999000053853 ], [ 29.198547999790463, -25.94655100032849 ], [ 29.198110000276383, -25.947399999910157 ], [ 29.197524000232512, -25.948890000273334 ], [ 29.197179999657294, -25.950182999645797 ], [ 29.196998000257565, -25.951252000379593 ], [ 29.196881000258006, -25.953818000000734 ], [ 29.197065999796092, -25.956772999574394 ], [ 29.196728000396956, -25.958824999774027 ], [ 29.196331000075634, -25.960293000021963 ], [ 29.196205999707175, -25.96110699978831 ], [ 29.195434000079128, -25.961713999901235 ], [ 29.19439199969111, -25.962644999667056 ], [ 29.191539000324667, -25.964955000073203 ], [ 29.188652000289633, -25.967311999948929 ], [ 29.186765999651215, -25.968621000059187 ], [ 29.182052999946045, -25.97159599965573 ], [ 29.177980000077028, -25.973707999924347 ], [ 29.174849999627803, -25.975868999754638 ], [ 29.171426000009919, -25.977842999954561 ], [ 29.168381999929384, -25.979318999672209 ], [ 29.163145000341533, -25.982664000143576 ], [ 29.157311000202554, -25.986062000361041 ], [ 29.153262052701628, -25.988416304069204 ], [ 29.153039000149732, -25.988545999798113 ], [ 29.150037000207409, -25.990009999861694 ], [ 29.146548000289993, -25.992315000037316 ], [ 29.143358999818027, -25.994056000284299 ], [ 29.141619507734148, -25.994537285967077 ], [ 29.137536791589696, -25.995883909215102 ], [ 29.118464183675179, -26.001886352373351 ], [ 29.107931680902389, -26.005160704802719 ], [ 29.10052239769054, -26.007464108681734 ], [ 29.098695046339323, -26.008032197827767 ], [ 29.080614000335874, -26.013898998939709 ], [ 29.078627996884581, -26.009610001700299 ], [ 29.077721999171018, -26.007652996888321 ], [ 29.07231400158998, -25.995967997625112 ], [ 29.071573999840236, -25.994401001804903 ], [ 29.065259000002957, -25.980730998237032 ], [ 29.063550998579821, -25.977009002863262 ], [ 29.062896001649257, -25.975593997864749 ], [ 29.060871002694693, -25.971278000279561 ], [ 29.060271000206555, -25.969976996940989 ], [ 29.059696003367876, -25.96868300022037 ], [ 29.069851995972915, -25.965000000349775 ], [ 29.072504996908119, -25.964045001275824 ], [ 29.078753999997144, -25.958498002680798 ], [ 29.085716999140189, -25.952313004341789 ], [ 29.085871999093509, -25.952174002428347 ], [ 29.087659004159743, -25.950566000220782 ], [ 29.090286001198049, -25.948230004011521 ], [ 29.094924000142591, -25.944105000845184 ], [ 29.099394998580379, -25.939991000884042 ], [ 29.099688003098894, -25.939721001922717 ], [ 29.106586001942489, -25.942329997231667 ], [ 29.107725996057951, -25.942756998936428 ], [ 29.109357011017305, -25.94336700098636 ], [ 29.111949002844256, -25.944358004418472 ], [ 29.118822999681775, -25.946929998920385 ], [ 29.120906997759796, -25.947723000416232 ], [ 29.123869010246636, -25.948851001172859 ], [ 29.129689997195715, -25.939185997935471 ], [ 29.130075004158197, -25.938546999044881 ], [ 29.130464996962118, -25.937899006933705 ], [ 29.130869003002122, -25.937229000318176 ], [ 29.132298003250295, -25.934879998113527 ], [ 29.137953999677418, -25.92558100276111 ], [ 29.141285003999744, -25.920057000730122 ], [ 29.144615391387301, -25.914646897836089 ], [ 29.145017250745621, -25.913862980392327 ], [ 29.145805827576929, -25.912572580060587 ], [ 29.146164273062844, -25.91198712140854 ], [ 29.146380944025434, -25.911633373081727 ], [ 29.146457003288145, -25.911509194693622 ], [ 29.146862983340032, -25.91152678363424 ], [ 29.159528997265454, -25.90407500385842 ], [ 29.165467001301135, -25.90058299930606 ], [ 29.167805000300604, -25.899252999126738 ], [ 29.168902001426272, -25.898628003579599 ], [ 29.169490992615341, -25.898031000330459 ], [ 29.17668699980528, -25.890736999413061 ], [ 29.177806996595702, -25.890280999968283 ], [ 29.17881499631504, -25.889871999093508 ], [ 29.17987199739477, -25.889404996443442 ], [ 29.180069000184321, -25.888991998082343 ], [ 29.180028999239013, -25.888942995822674 ], [ 29.179934994004835, -25.888829002256703 ], [ 29.179557999102428, -25.888314002789102 ], [ 29.179336004153338, -25.888008998616428 ], [ 29.180236000690901, -25.887087001963621 ], [ 29.180016997786289, -25.886690999889822 ], [ 29.179269001063592, -25.885351991201539 ], [ 29.177328008680686, -25.881873998086604 ], [ 29.176881791161836, -25.881531965228039 ], [ 29.179889850736068, -25.881868058064441 ], [ 29.183004575301002, -25.882216068716659 ], [ 29.187602510347656, -25.882715845360014 ], [ 29.187598002945567, -25.882617000873996 ], [ 29.187556000109421, -25.882242998015965 ], [ 29.187617002023078, -25.882174000230002 ], [ 29.189406001785628, -25.880105002843699 ], [ 29.190633836282547, -25.87952756704372 ], [ 29.191560003091659, -25.879092001095078 ], [ 29.192513000274786, -25.87864399662325 ], [ 29.19393800303644, -25.877973000753443 ], [ 29.194454997200456, -25.877730003936644 ], [ 29.194925997336945, -25.877508990147863 ], [ 29.194354000636714, -25.876588996285172 ], [ 29.194689998144934, -25.876782999835644 ], [ 29.19503799620659, -25.8769840010109 ] ] ] } },
{ "type": "Feature", "properties": { "Municipali": "Emalahleni Local Municipality", "WardNo": "18", "WardLabel": "MP312_18", "Province": "Mpumalanga", "CLASSIFICATION": "Mining", "PopGBlack": 4453.9720251, "PopGColour": 99.729058996000006, "PopGIndian": 131.53695492, "PopGWhite": 3320.4756335000002, "PopGOther": 5.313458016, "PopGTotal": 8011.0271304999997 }, "geometry": { "type": "Polygon", "coordinates": [ [ [ 29.261153000011014, -25.900471999583225 ], [ 29.262065999846037, -25.900755000043269 ], [ 29.263048000165146, -25.900692999882086 ], [ 29.263985000207676, -25.900805999697191 ], [ 29.266785999874017, -25.901619000316643 ], [ 29.267559000447608, -25.901841999808575 ], [ 29.268244999706969, -25.902033999669396 ], [ 29.269150000072457, -25.901929000223273 ], [ 29.269411999564159, -25.902820999989242 ], [ 29.270564999675099, -25.902690000243432 ], [ 29.271163000272324, -25.903268999964393 ], [ 29.271805000200654, -25.904003999684864 ], [ 29.272505000105713, -25.904279999822187 ], [ 29.273468000447938, -25.904713000005003 ], [ 29.274546999844254, -25.905040999842342 ], [ 29.275086999565374, -25.905250999634031 ], [ 29.275523999932734, -25.905382000279118 ], [ 29.275500856779114, -25.905529291243873 ], [ 29.274182215037182, -25.908526204620717 ], [ 29.271175999073108, -25.913736997964193 ], [ 29.27522600417684, -25.916209003143067 ], [ 29.274369006924211, -25.917057996429396 ], [ 29.273966997379095, -25.91745799598981 ], [ 29.273333001416869, -25.918256997762285 ], [ 29.272312003796024, -25.919541004813635 ], [ 29.271891002367905, -25.920072999669266 ], [ 29.268680998229492, -25.924113996264044 ], [ 29.267104002847574, -25.926099009561685 ], [ 29.264616996976908, -25.925039999396517 ], [ 29.257243998711562, -25.921930998117173 ], [ 29.252534000943491, -25.919896001399451 ], [ 29.248234998746245, -25.917918001014989 ], [ 29.246728011988282, -25.917294629643493 ], [ 29.246580890995379, -25.917233772520689 ], [ 29.246615728033436, -25.91717457374769 ], [ 29.248219009699621, -25.914166572629284 ], [ 29.248217962888717, -25.91402929201822 ], [ 29.248846141136532, -25.912982329171221 ], [ 29.247875321189166, -25.912506436722758 ], [ 29.249721782234566, -25.909213263281615 ], [ 29.248217962888717, -25.908547014033573 ], [ 29.249188782836082, -25.906948015838299 ], [ 29.247111356104288, -25.905837995227401 ], [ 29.247282293842829, -25.905671576582055 ], [ 29.249116962977492, -25.903781124299513 ], [ 29.250667565056141, -25.902183375262613 ], [ 29.252200087164375, -25.900593669762138 ], [ 29.253561057297052, -25.899232699629462 ], [ 29.25432731835113, -25.898466438575291 ], [ 29.255150762797538, -25.897768799390647 ], [ 29.255722599418529, -25.89734563958968 ], [ 29.255989873433975, -25.897581991315949 ], [ 29.256200409221538, -25.898043881320156 ], [ 29.256202000122279, -25.898154999753537 ], [ 29.256638000443466, -25.898265000329566 ], [ 29.25635199984497, -25.898926000234777 ], [ 29.257128999703646, -25.899306999818219 ], [ 29.257607000162949, -25.899441999748561 ], [ 29.258124999769006, -25.899637999793907 ], [ 29.261153000011014, -25.900471999583225 ] ] ] } },
{ "type": "Feature", "properties": { "Municipali": "Emalahleni Local Municipality", "WardNo": "19", "WardLabel": "MP312_19", "Province": "Mpumalanga", "CLASSIFICATION": "Mining", "PopGBlack": 7523.8145851999998, "PopGColour": 93.070757232000005, "PopGIndian": 70.165154324, "PopGWhite": 828.73526856000001, "PopGOther": 9.081314124, "PopGTotal": 8524.8670794000009 }, "geometry": { "type": "Polygon", "coordinates": [ [ [ 29.350047821349857, -25.926716457098873 ], [ 29.355043236056549, -25.928589403178524 ], [ 29.35405890379543, -25.938446019568271 ], [ 29.361140001010327, -25.94138000198555 ], [ 29.34950000112423, -25.948079998892961 ], [ 29.347200000279791, -25.959379999287567 ], [ 29.348545999398439, -25.959442995897636 ], [ 29.325893997110313, -25.982221997747018 ], [ 29.32564598927107, -25.982465002657786 ], [ 29.325709002968175, -25.989370998273074 ], [ 29.325781000892505, -25.99720399257026 ], [ 29.326597997199912, -25.997545990355285 ], [ 29.32511100237096, -26.000604002772615 ], [ 29.324206001106095, -26.003031004077606 ], [ 29.322142996801912, -26.008625997691716 ], [ 29.317600000439697, -26.020994002371413 ], [ 29.316889002725397, -26.02285799929729 ], [ 29.315866003213536, -26.025597003299115 ], [ 29.315253001025237, -26.027276996236509 ], [ 29.307552999371435, -26.048225002681804 ], [ 29.30630000004501, -26.050584002649703 ], [ 29.305528000416963, -26.052172991390556 ], [ 29.302595999206076, -26.057666998333367 ], [ 29.299758999678151, -26.057951000638237 ], [ 29.2706269998362, -26.056915002325585 ], [ 29.254375999552778, -26.056539994025616 ], [ 29.232799287856864, -26.056041399990676 ], [ 29.232541319126664, -26.056035439284166 ], [ 29.231397001970077, -26.056008995618679 ], [ 29.228986327856774, -26.053159927188972 ], [ 29.228961014639115, -26.053130011241123 ], [ 29.224276001836071, -26.047593002315274 ], [ 29.223253002324306, -26.047977002936442 ], [ 29.221505998203295, -26.046738998006489 ], [ 29.216991002233041, -26.04306300385467 ], [ 29.215956000369182, -26.042090003051268 ], [ 29.200942997821112, -26.029892997264128 ], [ 29.199907996856627, -26.029150002570628 ], [ 29.200052478339316, -26.02900969034496 ], [ 29.200055679026406, -26.029006581388664 ], [ 29.200080700863722, -26.028982280807657 ], [ 29.204911687124707, -26.024290655289615 ], [ 29.204917100144069, -26.024285397852914 ], [ 29.177498169405041, -26.000897430871859 ], [ 29.17689798615314, -25.998657279010256 ], [ 29.175306002669878, -25.998906998259443 ], [ 29.175095003731471, -25.998939003332431 ], [ 29.154248000145138, -25.996412003711058 ], [ 29.149675998848291, -25.995733994028704 ], [ 29.141619507734148, -25.994537285967077 ], [ 29.143358999818027, -25.994056000284299 ], [ 29.146548000289993, -25.992315000037316 ], [ 29.150037000207409, -25.990009999861694 ], [ 29.153039000149732, -25.988545999798113 ], [ 29.153262052701628, -25.988416304069204 ], [ 29.157311000202554, -25.986062000361041 ], [ 29.163145000341533, -25.982664000143576 ], [ 29.168381999929384, -25.979318999672209 ], [ 29.171426000009919, -25.977842999954561 ], [ 29.174849999627803, -25.975868999754638 ], [ 29.177980000077028, -25.973707999924347 ], [ 29.182052999946045, -25.97159599965573 ], [ 29.186765999651215, -25.968621000059187 ], [ 29.188652000289633, -25.967311999948929 ], [ 29.191539000324667, -25.964955000073203 ], [ 29.19439199969111, -25.962644999667056 ], [ 29.195434000079128, -25.961713999901235 ], [ 29.196205999707175, -25.96110699978831 ], [ 29.196331000075634, -25.960293000021963 ], [ 29.196728000396956, -25.958824999774027 ], [ 29.197065999796092, -25.956772999574394 ], [ 29.196881000258006, -25.953818000000734 ], [ 29.196998000257565, -25.951252000379593 ], [ 29.197179999657294, -25.950182999645797 ], [ 29.197524000232512, -25.948890000273334 ], [ 29.198110000276383, -25.947399999910157 ], [ 29.198547999790463, -25.94655100032849 ], [ 29.198892000365596, -25.945999000053853 ], [ 29.1996680001781, -25.94486700001206 ], [ 29.200318999622226, -25.944090000153473 ], [ 29.201371999618139, -25.943043000434194 ], [ 29.204209000045342, -25.940588999682603 ], [ 29.20576900003941, -25.939240000425777 ], [ 29.207366999987155, -25.937844999946819 ], [ 29.209892999562356, -25.935704000139513 ], [ 29.211090999949775, -25.934760999820355 ], [ 29.212227091906819, -25.934029950821675 ], [ 29.212646633735208, -25.93370490076067 ], [ 29.214614857589684, -25.936196149632675 ], [ 29.220511221215929, -25.943565306893429 ], [ 29.220694704743686, -25.944172214301677 ], [ 29.221514049833587, -25.943884549132655 ], [ 29.221306544761266, -25.94349395108506 ], [ 29.221703885925681, -25.94335244455981 ], [ 29.222147027763221, -25.943336345795792 ], [ 29.222836520888837, -25.943291133279306 ], [ 29.223526014014364, -25.943161146170052 ], [ 29.224277675474369, -25.94298029610384 ], [ 29.224950213681542, -25.942748581282029 ], [ 29.22562275278781, -25.942499911541766 ], [ 29.226035318575125, -25.942273848059692 ], [ 29.226283988315476, -25.942109952012729 ], [ 29.226397019606825, -25.941912146128708 ], [ 29.226351807090246, -25.941782159918819 ], [ 29.226399999960126, -25.94167999963237 ], [ 29.225404983753009, -25.937928787983235 ], [ 29.238476011858488, -25.942159002835783 ], [ 29.238509999037245, -25.942170002443767 ], [ 29.239250000786988, -25.941450004314376 ], [ 29.240390003895616, -25.940720000327783 ], [ 29.24141000326911, -25.940300004341797 ], [ 29.241606002415182, -25.940183000744938 ], [ 29.241561283626336, -25.940112886900256 ], [ 29.241480995751406, -25.939987003397523 ], [ 29.238573858996435, -25.935767310613002 ], [ 29.238015548179032, -25.934956927020593 ], [ 29.237728998094845, -25.934541001366224 ], [ 29.237688998048899, -25.934430997192898 ], [ 29.236770998882523, -25.931795997087676 ], [ 29.239113138360711, -25.932790574425589 ], [ 29.238973481740842, -25.933059909687145 ], [ 29.240069681570599, -25.933694552261812 ], [ 29.24268552072024, -25.934794393446612 ], [ 29.244320419851515, -25.935507804042011 ], [ 29.245687791358563, -25.936221214637413 ], [ 29.246757907251702, -25.936815724066474 ], [ 29.247917199019618, -25.937439957887818 ], [ 29.249284568727919, -25.938242545257271 ], [ 29.250206058163077, -25.938658701138227 ], [ 29.250146606680588, -25.93922348437636 ], [ 29.251543702579824, -25.940055797037463 ], [ 29.25371365965767, -25.941363716162648 ], [ 29.254367619669946, -25.941898774109212 ], [ 29.254664874384481, -25.942314929990079 ], [ 29.254665370810219, -25.94231617285314 ], [ 29.256220001851631, -25.939649003099102 ], [ 29.257492996704542, -25.937464998610906 ], [ 29.258813267118605, -25.935158910255527 ], [ 29.263821003436576, -25.926412002412082 ], [ 29.264616996976908, -25.925039999396517 ], [ 29.267104002847574, -25.926099009561685 ], [ 29.268680998229492, -25.924113996264044 ], [ 29.271891002367905, -25.920072999669266 ], [ 29.272912702359356, -25.920577603873376 ], [ 29.273906036834212, -25.921536685869423 ], [ 29.274693854637739, -25.922598527999732 ], [ 29.275515925819352, -25.92366036923077 ], [ 29.275753454758188, -25.92438832366226 ], [ 29.27616096905356, -25.924988871139515 ], [ 29.276718619768499, -25.925546521854542 ], [ 29.277469303665498, -25.925996932012868 ], [ 29.278155642868661, -25.9263615504453 ], [ 29.278563157164033, -25.92668327211539 ], [ 29.278949222628608, -25.927198026068105 ], [ 29.279399633686214, -25.927605540363487 ], [ 29.279721355356322, -25.927648437125711 ], [ 29.280128868752325, -25.927498299806778 ], [ 29.280579279809931, -25.927433956012308 ], [ 29.280901000580755, -25.927669885057238 ], [ 29.281115481694158, -25.928141743146995 ], [ 29.281222723150226, -25.928399120123345 ], [ 29.281565892751857, -25.928442016885665 ], [ 29.281823269728203, -25.928549257442363 ], [ 29.282080646704472, -25.92882808324952 ], [ 29.282488160999844, -25.929085460225874 ], [ 29.282788434738524, -25.929428629827498 ], [ 29.282981467920493, -25.929814695291984 ], [ 29.283367534284348, -25.930372346007015 ], [ 29.283817944442674, -25.930758412370867 ], [ 29.284997589667018, -25.930929996722039 ], [ 29.285705376801697, -25.930908548790605 ], [ 29.286498956561655, -25.930865652927569 ], [ 29.287120951970433, -25.930715515608632 ], [ 29.287678602685368, -25.930608275051927 ], [ 29.288193358436818, -25.930479586563806 ], [ 29.288579423901393, -25.930200760756556 ], [ 29.288858248809174, -25.929793247360561 ], [ 29.289072729922669, -25.929171251951772 ], [ 29.289158521648481, -25.928506360680046 ], [ 29.289265763104549, -25.927798572646079 ], [ 29.289437348355001, -25.92724092283034 ], [ 29.289759069125825, -25.926661824183881 ], [ 29.290166584320481, -25.926297205751457 ], [ 29.290702786204708, -25.925954036149925 ], [ 29.291260436919647, -25.925761002967949 ], [ 29.291989672885126, -25.92565376331061 ], [ 29.292997733758479, -25.925632315379094 ], [ 29.293898554075039, -25.925782450899469 ], [ 29.294928062879915, -25.926168517263328 ], [ 29.29668680765009, -25.926747615909775 ], [ 29.29887451464716, -25.927391059250077 ], [ 29.300311537747319, -25.927584092431964 ], [ 29.30187725023498, -25.927648437125708 ], [ 29.30327137657282, -25.927541195669736 ], [ 29.304365230970721, -25.927326714556237 ], [ 29.305308947150241, -25.926919201160239 ], [ 29.306402800648772, -25.92629720575146 ], [ 29.30743231035293, -25.925160456390056 ], [ 29.308311681838692, -25.923830673846602 ], [ 29.308826436690765, -25.923294471063091 ], [ 29.309791601701168, -25.922758268279587 ], [ 29.311148762305599, -25.922105294823567 ], [ 29.317546003345434, -25.92443500027515 ], [ 29.325935002598293, -25.92664500056636 ], [ 29.330065717359023, -25.927889217113755 ], [ 29.336242026448438, -25.919989495818687 ], [ 29.345786650033883, -25.923043050296574 ], [ 29.350047821349857, -25.926716457098873 ] ] ] } },
{ "type": "Feature", "properties": { "Municipali": "Emalahleni Local Municipality", "WardNo": "20", "WardLabel": "MP312_20", "Province": "Mpumalanga", "CLASSIFICATION": "Mining", "PopGBlack": 5009.5707005000004, "PopGColour": 147.8672454, "PopGIndian": 174.7604681, "PopGWhite": 2043.3314993, "PopGOther": 7.487884744, "PopGTotal": 7383.0177980999997 }, "geometry": { "type": "Polygon", "coordinates": [ [ [ 29.322129998001028, -25.80840000115921 ], [ 29.320939997083226, -25.811779997848685 ], [ 29.320589996231366, -25.812780001695788 ], [ 29.31975999392866, -25.81515999633681 ], [ 29.319020000272879, -25.817260001448034 ], [ 29.31838000313466, -25.819079999942076 ], [ 29.31724999868856, -25.822300002743006 ], [ 29.313870001999003, -25.831909996249397 ], [ 29.311549989440493, -25.838509996639079 ], [ 29.309979999777241, -25.842979997728797 ], [ 29.309400000909374, -25.844619997814757 ], [ 29.3046560033719, -25.844643999820821 ], [ 29.302263999184287, -25.844655003026013 ], [ 29.286514999567601, -25.840394996332044 ], [ 29.286499000628449, -25.840427998753185 ], [ 29.280835999381932, -25.841639002438068 ], [ 29.271851001422682, -25.843524998579909 ], [ 29.269203001617303, -25.842929999020328 ], [ 29.266394003380618, -25.842232000106822 ], [ 29.266092165720956, -25.842172292317528 ], [ 29.266113664014412, -25.842104725352883 ], [ 29.266146130439598, -25.841953219265744 ], [ 29.266232703676362, -25.841790891636442 ], [ 29.266340922695438, -25.841639387347954 ], [ 29.266206584666204, -25.841605284156657 ], [ 29.265842503129111, -25.841546015236492 ], [ 29.26535988285239, -25.84137667469383 ], [ 29.264631718878736, -25.84118193280003 ], [ 29.261363448564353, -25.840436836390921 ], [ 29.261316922138263, -25.840430188602376 ], [ 29.261346515229533, -25.840970257571389 ], [ 29.261260004045976, -25.841214002624234 ], [ 29.260571994801737, -25.843313002293339 ], [ 29.26064799920584, -25.843524998579916 ], [ 29.261529512876784, -25.845417629919737 ], [ 29.261674362182138, -25.845728622677857 ], [ 29.262157997793427, -25.846767000596714 ], [ 29.262246002750889, -25.846962998843406 ], [ 29.26227700328112, -25.847031996629383 ], [ 29.262309001159512, -25.847093996790566 ], [ 29.262390000398202, -25.847251000433367 ], [ 29.262638000143649, -25.847710000016505 ], [ 29.2624880031189, -25.847898003290343 ], [ 29.262452997008268, -25.847942000822719 ], [ 29.258127990014739, -25.849638998141291 ], [ 29.258115000207201, -25.849743001138712 ], [ 29.25783299889379, -25.849734000723629 ], [ 29.2565420032109, -25.850249000191326 ], [ 29.253120000987273, -25.851615002930071 ], [ 29.252311000552275, -25.852100996563845 ], [ 29.251223998089031, -25.852855999904495 ], [ 29.250500999821288, -25.853352997642748 ], [ 29.248728996346134, -25.854433999829354 ], [ 29.248402998399719, -25.854673997407172 ], [ 29.24759099692708, -25.855199999180684 ], [ 29.247026936743804, -25.855574750274574 ], [ 29.24907881283702, -25.856006724330928 ], [ 29.248937648953412, -25.856331402072588 ], [ 29.248796485069718, -25.856500799272503 ], [ 29.248683552703863, -25.85667019557313 ], [ 29.248570622136565, -25.85689605940566 ], [ 29.248429457353588, -25.857107805680748 ], [ 29.248189477762285, -25.857319552855124 ], [ 29.24800596390422, -25.857488950055128 ], [ 29.247737750996421, -25.85763011393864 ], [ 29.247427189912901, -25.857870094429323 ], [ 29.24728602513002, -25.85799714165486 ], [ 29.247102512171239, -25.8580818407045 ], [ 29.246806065947222, -25.858152423095898 ], [ 29.246566087255193, -25.858335936953964 ], [ 29.246326106764421, -25.858420635104331 ], [ 29.246100243831179, -25.858505334153879 ], [ 29.246029324193994, -25.858576253791149 ], [ 29.244108000883585, -25.857664997741505 ], [ 29.244009998162898, -25.85763099797229 ], [ 29.244006249788661, -25.857634255316725 ], [ 29.243864995972817, -25.857757001084764 ], [ 29.243306996320911, -25.858356007124112 ], [ 29.242790002156895, -25.859016998036065 ], [ 29.242354997385316, -25.859700002553193 ], [ 29.242406000636453, -25.859803001007762 ], [ 29.242741998144755, -25.860138997616691 ], [ 29.243053004392618, -25.860578999021602 ], [ 29.242561000589763, -25.861016995837762 ], [ 29.24196699837826, -25.861715002845148 ], [ 29.241399000063833, -25.862594995762528 ], [ 29.241032002924662, -25.863232998204342 ], [ 29.237003997036897, -25.8613539987881 ], [ 29.235582999855637, -25.860708002272531 ], [ 29.234290001382547, -25.860085998769868 ], [ 29.233463995666902, -25.859698998010433 ], [ 29.233083011371942, -25.860724997660565 ], [ 29.232439998806974, -25.862379001989439 ], [ 29.235306999718318, -25.862683998967416 ], [ 29.234727999097892, -25.864186999930133 ], [ 29.234652002787755, -25.864481000897527 ], [ 29.234183005441466, -25.865675000201222 ], [ 29.233223001640297, -25.868124000722091 ], [ 29.232318998622969, -25.870490995662934 ], [ 29.230446000382642, -25.869695002122697 ], [ 29.229872999139655, -25.869001000695711 ], [ 29.228781000942451, -25.870040998293526 ], [ 29.226981006068591, -25.868273996847563 ], [ 29.225142996851943, -25.869736997764242 ], [ 29.22463699869861, -25.870136000875775 ], [ 29.22399899715608, -25.86939400263115 ], [ 29.22290099868216, -25.869039997098259 ], [ 29.222116000253234, -25.869648003552605 ], [ 29.221625010885585, -25.869755996841835 ], [ 29.221738997256946, -25.86926200014123 ], [ 29.221056997282677, -25.869109002978202 ], [ 29.219868000907542, -25.868843998851556 ], [ 29.21811482114218, -25.868438122221651 ], [ 29.217876552960632, -25.868450662368176 ], [ 29.216497106256487, -25.868112071215194 ], [ 29.216409323431559, -25.86787380303365 ], [ 29.215556574576301, -25.868350339396734 ], [ 29.214879392270156, -25.867510130688078 ], [ 29.211719206076541, -25.866406574403953 ], [ 29.210578027554014, -25.867384727423332 ], [ 29.20982732926791, -25.866709098246371 ], [ 29.20989800069226, -25.866508999990362 ], [ 29.211125003316297, -25.864601003733366 ], [ 29.211480996350904, -25.864047000668617 ], [ 29.212920003355489, -25.861809998232879 ], [ 29.214189998070033, -25.859710998563788 ], [ 29.215349995805674, -25.857705996934264 ], [ 29.21598700000014, -25.856576997930198 ], [ 29.216315998984189, -25.855993998923971 ], [ 29.21667500115041, -25.855016002386709 ], [ 29.217070005876138, -25.853860001238125 ], [ 29.217608001008493, -25.851903010815342 ], [ 29.217800001768673, -25.851229995967671 ], [ 29.217881998355612, -25.851187002977873 ], [ 29.21903199922739, -25.851021997167528 ], [ 29.220146003835062, -25.850862998828408 ], [ 29.220500002173438, -25.85067000071998 ], [ 29.221675999747603, -25.85003100182929 ], [ 29.227342002031847, -25.846940999627535 ], [ 29.230270995909773, -25.840662003248877 ], [ 29.230817003102299, -25.839493004198864 ], [ 29.233028998989113, -25.834752996054039 ], [ 29.233139254972656, -25.83461851503252 ], [ 29.237681164054553, -25.828732082619545 ], [ 29.237920468255105, -25.828786790178299 ], [ 29.237958625590078, -25.828795513602149 ], [ 29.238005446993814, -25.828683140614526 ], [ 29.239165629989888, -25.827230475606061 ], [ 29.239399615599797, -25.826889245842064 ], [ 29.240403806690345, -25.825563323188877 ], [ 29.242334195167061, -25.823067468888667 ], [ 29.243348135807842, -25.821741546235486 ], [ 29.243382786686272, -25.821730883873293 ], [ 29.243474878163205, -25.821702548034278 ], [ 29.243601621417763, -25.82159530477956 ], [ 29.244956791822545, -25.81974291270534 ], [ 29.246409456831007, -25.817871022429845 ], [ 29.247316154217156, -25.816681590782888 ], [ 29.24766713443076, -25.816252615965531 ], [ 29.247959617342516, -25.815813891597855 ], [ 29.24832034620707, -25.815375167230265 ], [ 29.248729331793271, -25.814873624318352 ], [ 29.248894709023666, -25.814727872093659 ], [ 29.249021660920931, -25.814649392755339 ], [ 29.249186649644233, -25.814547398843452 ], [ 29.250195174567722, -25.814133372557212 ], [ 29.250317259334107, -25.81406967717394 ], [ 29.250423418905729, -25.813984748797168 ], [ 29.2505614279676, -25.813910436917226 ], [ 29.250773748909399, -25.813804276446231 ], [ 29.25129924256608, -25.813576031208946 ], [ 29.252859801938385, -25.812891296396277 ], [ 29.253364064400127, -25.812668358957712 ], [ 29.253746241196115, -25.812477271009321 ], [ 29.254160266583067, -25.812312722054589 ], [ 29.254415051713309, -25.812217178080346 ], [ 29.25469106893776, -25.812079169018478 ], [ 29.255211254795615, -25.811861540277935 ], [ 29.255699592961875, -25.811633295040654 ], [ 29.255768997241528, -25.811701999647635 ], [ 29.256838996222772, -25.81122000260109 ], [ 29.257652002238171, -25.810853995615481 ], [ 29.259531999002572, -25.81000699792466 ], [ 29.261413997657971, -25.809158993892503 ], [ 29.262284000905996, -25.808766998298385 ], [ 29.26342800060177, -25.808251000583251 ], [ 29.267208995998455, -25.806546998445285 ], [ 29.270385997715621, -25.805114998058833 ], [ 29.287268001017502, -25.79750399781128 ], [ 29.289450001816217, -25.796520000997301 ], [ 29.292009995764772, -25.795050003355016 ], [ 29.295560002991799, -25.794710000266399 ], [ 29.303240001025326, -25.794030003082238 ], [ 29.311429993799251, -25.793200000779528 ], [ 29.327979997978531, -25.791719996380763 ], [ 29.327579998418216, -25.792880003109659 ], [ 29.326949999942599, -25.794690003840639 ], [ 29.322659999059713, -25.806890000772981 ], [ 29.322610000351251, -25.807039997797737 ], [ 29.322529997561347, -25.807250000287354 ], [ 29.322129998001028, -25.80840000115921 ] ] ] } },
{ "type": "Feature", "properties": { "Municipali": "Emalahleni Local Municipality", "WardNo": "21", "WardLabel": "MP312_21", "Province": "Mpumalanga", "CLASSIFICATION": "Mining", "PopGBlack": 13981.478448, "PopGColour": 330.24103171000002, "PopGIndian": 95.806447767999998, "PopGWhite": 2375.0521388000002, "PopGOther": 0.325256496, "PopGTotal": 16782.903321999998 }, "geometry": { "type": "Polygon", "coordinates": [ [ [ 29.230616001926951, -25.919421002877073 ], [ 29.23069799761452, -25.919710000915906 ], [ 29.232359996916351, -25.918489988722055 ], [ 29.233863601324174, -25.91730817343349 ], [ 29.23362031132838, -25.918265455886178 ], [ 29.233503154846716, -25.918750817296441 ], [ 29.233413892637088, -25.919236177807424 ], [ 29.233369262881197, -25.919715958924396 ], [ 29.233385999264495, -25.92028500315045 ], [ 29.23343062991967, -25.92088194074908 ], [ 29.233475260574934, -25.921344986382113 ], [ 29.233586837662504, -25.921813609610432 ], [ 29.233804414242368, -25.922566755851179 ], [ 29.234035904233632, -25.923307466266671 ], [ 29.234297996355501, -25.923247998596334 ], [ 29.237728998094845, -25.923826002767871 ], [ 29.237814659419008, -25.923844711364417 ], [ 29.238109592983427, -25.923386031040557 ], [ 29.238240185336355, -25.923568517872866 ], [ 29.239655020362914, -25.924029531937393 ], [ 29.243247748085171, -25.925507955327955 ], [ 29.243126300938073, -25.925762166690756 ], [ 29.243198478726885, -25.925789076205021 ], [ 29.245877041092665, -25.92695553916689 ], [ 29.246325467346484, -25.926111236744241 ], [ 29.246352107064116, -25.926072945410137 ], [ 29.247410327624536, -25.926537146672015 ], [ 29.248915076869391, -25.927185794388976 ], [ 29.249553248383688, -25.927125016406507 ], [ 29.251182862199315, -25.926585610237794 ], [ 29.25122084866333, -25.926657784429302 ], [ 29.251242385627638, -25.926747508890504 ], [ 29.251563409433214, -25.926782584163405 ], [ 29.251728080686384, -25.926082900005856 ], [ 29.252537841048614, -25.91989765974926 ], [ 29.257243998711562, -25.921930998117173 ], [ 29.264616996976908, -25.925039999396517 ], [ 29.263821003436576, -25.926412002412082 ], [ 29.258813267118605, -25.935158910255527 ], [ 29.257492996704542, -25.937464998610906 ], [ 29.256220001851631, -25.939649003099102 ], [ 29.254665370810219, -25.94231617285314 ], [ 29.254664874384481, -25.942314929990079 ], [ 29.254367619669946, -25.941898774109212 ], [ 29.25371365965767, -25.941363716162648 ], [ 29.251543702579824, -25.940055797037463 ], [ 29.250146606680588, -25.93922348437636 ], [ 29.250206058163077, -25.938658701138227 ], [ 29.249284568727919, -25.938242545257271 ], [ 29.247917199019618, -25.937439957887818 ], [ 29.246757907251702, -25.936815724066474 ], [ 29.245687791358563, -25.936221214637413 ], [ 29.244320419851515, -25.935507804042011 ], [ 29.24268552072024, -25.934794393446612 ], [ 29.240069681570599, -25.933694552261812 ], [ 29.238973481740842, -25.933059909687145 ], [ 29.239113138360711, -25.932790574425589 ], [ 29.236770998882523, -25.931795997087676 ], [ 29.237688998048899, -25.934430997192898 ], [ 29.237728998094845, -25.934541001366224 ], [ 29.238015548179032, -25.934956927020593 ], [ 29.238573858996435, -25.935767310613002 ], [ 29.241480995751406, -25.939987003397523 ], [ 29.241561283626336, -25.940112886900256 ], [ 29.241606002415182, -25.940183000744938 ], [ 29.24141000326911, -25.940300004341797 ], [ 29.240390003895616, -25.940720000327783 ], [ 29.239250000786988, -25.941450004314376 ], [ 29.238509999037245, -25.942170002443767 ], [ 29.238476011858488, -25.942159002835783 ], [ 29.22540498381429, -25.937928787793791 ], [ 29.226399999960126, -25.94167999963237 ], [ 29.226351807090246, -25.941782159918819 ], [ 29.226397019606825, -25.941912146128708 ], [ 29.226283988315476, -25.942109952012729 ], [ 29.226035318575125, -25.942273848059692 ], [ 29.22562275278781, -25.942499911541766 ], [ 29.224950213681542, -25.942748581282029 ], [ 29.224277675474369, -25.94298029610384 ], [ 29.223526014014364, -25.943161146170052 ], [ 29.222836520888837, -25.943291133279306 ], [ 29.222147027763221, -25.943336345795792 ], [ 29.221703885925681, -25.94335244455981 ], [ 29.221306544761266, -25.94349395108506 ], [ 29.221514049833587, -25.943884549132655 ], [ 29.220694704497031, -25.944172214376273 ], [ 29.220569053019457, -25.943756597189303 ], [ 29.220511221215929, -25.943565306893429 ], [ 29.214614857589684, -25.936196149632675 ], [ 29.212646633735208, -25.93370490076067 ], [ 29.209507896372394, -25.92973209256208 ], [ 29.210490003710689, -25.929339249806599 ], [ 29.210722139415221, -25.929178540957 ], [ 29.211043556215234, -25.929124971939956 ], [ 29.21123997804257, -25.929053545984399 ], [ 29.214139001114042, -25.92450399806112 ], [ 29.214281999614638, -25.924475997669244 ], [ 29.214436999567866, -25.924446002581057 ], [ 29.214651997791538, -25.924406003434392 ], [ 29.214924988797243, -25.92435400103636 ], [ 29.215079000395569, -25.924323997854287 ], [ 29.215168999150055, -25.924308997162584 ], [ 29.215313003991977, -25.924280000321836 ], [ 29.215413998757061, -25.924261001244322 ], [ 29.215481001846804, -25.924248999791601 ], [ 29.215658001015992, -25.924215000022283 ], [ 29.215853001914621, -25.924177999215331 ], [ 29.21590099783279, -25.924168997900974 ], [ 29.215978988839339, -25.924153997209263 ], [ 29.216145998339162, -25.924122996679035 ], [ 29.21625300237422, -25.924103001152638 ], [ 29.216390997946259, -25.924075998108925 ], [ 29.216613000989227, -25.924034003366579 ], [ 29.216878995269429, -25.923984003758836 ], [ 29.217035989919065, -25.92395399338216 ], [ 29.217122996628994, -25.923936997094852 ], [ 29.217307999764468, -25.923901999078101 ], [ 29.217366998887922, -25.923891003966702 ], [ 29.217405995290477, -25.92388399824803 ], [ 29.217611999394293, -25.923846000092915 ], [ 29.217788001215325, -25.923812000323608 ], [ 29.217856008847733, -25.923798004174657 ], [ 29.21834399807712, -25.923706000831313 ], [ 29.218588000336048, -25.923659002261211 ], [ 29.218684997614616, -25.923641001431132 ], [ 29.218836008175291, -25.923611995597224 ], [ 29.218908996253187, -25.923598000347553 ], [ 29.219077003101262, -25.923566999817233 ], [ 29.219186999180707, -25.923170000395281 ], [ 29.220014001345145, -25.920193999853279 ], [ 29.220141998254661, -25.919737003060337 ], [ 29.220150002220862, -25.919707998125702 ], [ 29.22021599896928, -25.919471001585535 ], [ 29.220230003212112, -25.919419000086876 ], [ 29.220243999361152, -25.919368003130877 ], [ 29.220321997562209, -25.919360998311497 ], [ 29.220420997630978, -25.919354997135482 ], [ 29.220649999198109, -25.919341999233975 ], [ 29.220823000880859, -25.919331003223302 ], [ 29.220923995645947, -25.919235003292805 ], [ 29.221056997282677, -25.919109000180327 ], [ 29.221297999403156, -25.918879998613104 ], [ 29.221347000763458, -25.918833997391165 ], [ 29.221570001154674, -25.918621002857069 ], [ 29.221601000785633, -25.918590999674993 ], [ 29.221731002283995, -25.918467997600068 ], [ 29.222005996079911, -25.918206999053822 ], [ 29.22277600101172, -25.917474003022935 ], [ 29.222927002579155, -25.917329999080284 ], [ 29.222984998059211, -25.917276010079913 ], [ 29.223051002901517, -25.917212997282093 ], [ 29.223211995936953, -25.917059999219685 ], [ 29.223326005690677, -25.916951001387691 ], [ 29.223895990607542, -25.915664002291944 ], [ 29.224143999346154, -25.915103998950467 ], [ 29.224236079131821, -25.914895867950033 ], [ 29.224435000175191, -25.914811003425111 ], [ 29.224952002433081, -25.914566993072395 ], [ 29.227472999979003, -25.91337300186267 ], [ 29.228570991258231, -25.912793002095434 ], [ 29.228948999696652, -25.912594003710375 ], [ 29.229098995822039, -25.912539999421508 ], [ 29.229425002761705, -25.913981001122316 ], [ 29.229580002715025, -25.914675009744002 ], [ 29.229714000800534, -25.915299997197167 ], [ 29.229962001445266, -25.916461001274318 ], [ 29.22998600255206, -25.916622002403628 ], [ 29.230008002667304, -25.916773003970967 ], [ 29.230216998815511, -25.9176450019154 ], [ 29.230616001926951, -25.919421002877073 ] ] ] } },
{ "type": "Feature", "properties": { "Municipali": "Emalahleni Local Municipality", "WardNo": "22", "WardLabel": "MP312_22", "Province": "Mpumalanga", "CLASSIFICATION": "Mining", "PopGBlack": 1636.5979367, "PopGColour": 37.836401195999997, "PopGIndian": 77.734986743999997, "PopGWhite": 374.78683014000001, "PopGOther": 47.975769487999997, "PopGTotal": 2174.9319242000001 }, "geometry": { "type": "Polygon", "coordinates": [ [ [ 29.211719206076541, -25.866406574403953 ], [ 29.214879392270156, -25.867510130688078 ], [ 29.215556574576301, -25.868350339396734 ], [ 29.216409323431559, -25.86787380303365 ], [ 29.216497106256487, -25.868112071215194 ], [ 29.217876552960632, -25.868450662368176 ], [ 29.21811482114218, -25.868438122221651 ], [ 29.219868000907542, -25.868843998851556 ], [ 29.221056997282677, -25.869109002978202 ], [ 29.221738997256946, -25.86926200014123 ], [ 29.221625010885585, -25.869755996841835 ], [ 29.222116000253234, -25.869648003552605 ], [ 29.22290099868216, -25.869039997098259 ], [ 29.22399899715608, -25.86939400263115 ], [ 29.22463699869861, -25.870136000875775 ], [ 29.225142996851943, -25.869736997764242 ], [ 29.226981006068591, -25.868273996847563 ], [ 29.228781000942451, -25.870040998293526 ], [ 29.229872999139655, -25.869001000695711 ], [ 29.230446000382642, -25.869695002122697 ], [ 29.232318998622969, -25.870490995662934 ], [ 29.232408009022464, -25.870609003802549 ], [ 29.233397998918569, -25.871071004423339 ], [ 29.23333200127087, -25.871422001724067 ], [ 29.233282001663127, -25.871692000685393 ], [ 29.233142003300888, -25.87205899782456 ], [ 29.233115997605246, -25.872098001421708 ], [ 29.233025000603309, -25.872234003196713 ], [ 29.233025000603309, -25.872414001604977 ], [ 29.232639005285915, -25.874058000076737 ], [ 29.232430998391894, -25.874945996060948 ], [ 29.232352001943404, -25.875075996659941 ], [ 29.231248659697922, -25.875149425405692 ], [ 29.229034964991712, -25.875295063416495 ], [ 29.227607714824238, -25.875353317901386 ], [ 29.226471739779008, -25.87541157328554 ], [ 29.22536489287554, -25.875528083154581 ], [ 29.224258045072798, -25.875586339438112 ], [ 29.223122070027568, -25.875731975650265 ], [ 29.222015223124103, -25.875790231933706 ], [ 29.221607437233537, -25.875819359176099 ], [ 29.220816389065146, -25.87583648496587 ], [ 29.220839534017323, -25.876310944794366 ], [ 29.220816389065146, -25.876588677925259 ], [ 29.220538655934249, -25.877618604015446 ], [ 29.219762962790494, -25.880171927692381 ], [ 29.219869995603858, -25.88028000012196 ], [ 29.223049998358757, -25.881050004154414 ], [ 29.226210003788704, -25.882329996632105 ], [ 29.224270001559354, -25.88635000035233 ], [ 29.223821997986892, -25.887301001939761 ], [ 29.223821604083849, -25.887300890423809 ], [ 29.222990000987778, -25.887065002747761 ], [ 29.221774003367578, -25.886718999382325 ], [ 29.22047200268085, -25.886347996662757 ], [ 29.218494999644545, -25.885785002176171 ], [ 29.216508997092618, -25.885215001071543 ], [ 29.210800999166835, -25.884817004301425 ], [ 29.207363528603974, -25.884577384438813 ], [ 29.207358004068656, -25.884576998629644 ], [ 29.205586000593502, -25.884719998029524 ], [ 29.204919497736689, -25.884773812561463 ], [ 29.204947081742525, -25.884461609315899 ], [ 29.205047106139109, -25.883955791926322 ], [ 29.20539079015289, -25.882406792439603 ], [ 29.205391676884467, -25.882216736912909 ], [ 29.205237239906769, -25.88219388244179 ], [ 29.205370800022454, -25.881440493384069 ], [ 29.205250556168284, -25.880770983194388 ], [ 29.204626683874466, -25.880313328997005 ], [ 29.20427567578183, -25.880187506648198 ], [ 29.204010675252484, -25.880469039414713 ], [ 29.203851949408016, -25.878990385797746 ], [ 29.20380182569377, -25.878522563865349 ], [ 29.203835241803027, -25.878180051668085 ], [ 29.203910426924708, -25.877912724592672 ], [ 29.203950667089689, -25.877784689911596 ], [ 29.204002320550753, -25.877620336109736 ], [ 29.204446296959105, -25.876645925169353 ], [ 29.205957003313159, -25.87419900388101 ], [ 29.206419003034661, -25.873295998211837 ], [ 29.206884002894434, -25.872389999598813 ], [ 29.207191002662704, -25.872470002388717 ], [ 29.207735997218592, -25.872610998099201 ], [ 29.208079996894448, -25.872012996602521 ], [ 29.20831100125169, -25.871609996903857 ], [ 29.209210001340548, -25.869860000738537 ], [ 29.210419997784658, -25.867929997171707 ], [ 29.209910002144891, -25.867579996319854 ], [ 29.210102002905163, -25.867234999295835 ], [ 29.209883000000463, -25.867054001740851 ], [ 29.209823999977729, -25.866934997152438 ], [ 29.209796989739328, -25.866794997890921 ], [ 29.20982732926791, -25.866709098246371 ], [ 29.210578027554014, -25.867384727423332 ], [ 29.211719206076541, -25.866406574403953 ] ] ] } },
{ "type": "Feature", "properties": { "Municipali": "Emalahleni Local Municipality", "WardNo": "23", "WardLabel": "MP312_23", "Province": "Mpumalanga", "CLASSIFICATION": "Mining", "PopGBlack": 30235.365142, "PopGColour": 147.78545877, "PopGIndian": 55.908516516, "PopGWhite": 46.859792088, "PopGOther": 1.057083612, "PopGTotal": 30486.975993 }, "geometry": { "type": "Polygon", "coordinates": [ [ [ 29.102872049205754, -25.834563550267692 ], [ 29.104058218112318, -25.836913716195067 ], [ 29.104595874200331, -25.837939142077762 ], [ 29.106253184437023, -25.841148449241608 ], [ 29.107037459810993, -25.842692182298464 ], [ 29.107128954137959, -25.842872274236086 ], [ 29.107694323734076, -25.843908786061707 ], [ 29.108220893879249, -25.844939755365498 ], [ 29.108935920556316, -25.846353181154445 ], [ 29.109257405704771, -25.846901922285909 ], [ 29.109789519270958, -25.847799862973403 ], [ 29.110770603180899, -25.849429459701895 ], [ 29.112608255366784, -25.85244883814347 ], [ 29.112532736596524, -25.85250704226624 ], [ 29.112484395338679, -25.852546852555268 ], [ 29.112455957876168, -25.85260088202514 ], [ 29.112416146687863, -25.852774345959375 ], [ 29.112390553781132, -25.852871030273889 ], [ 29.112376336398842, -25.85293074705643 ], [ 29.112299556779202, -25.853072929871907 ], [ 29.112205716120936, -25.853271985813588 ], [ 29.111946943396799, -25.853752563729902 ], [ 29.11177632401817, -25.854116551737548 ], [ 29.111645515827934, -25.854400918267867 ], [ 29.111423143163567, -25.854933739600522 ], [ 29.111272265702553, -25.854950332092251 ], [ 29.111146357018807, -25.85495482870245 ], [ 29.111006144617917, -25.854959836127595 ], [ 29.110744775550994, -25.854959836127595 ], [ 29.109960670148872, -25.854902810116656 ], [ 29.107646340406358, -25.854733686310585 ], [ 29.106253989330149, -25.854631937014304 ], [ 29.105503148051845, -25.854598671991219 ], [ 29.104590733675522, -25.854560654950333 ], [ 29.104053740387908, -25.854546398897284 ], [ 29.103626046205171, -25.854565406968042 ], [ 29.103621385776954, -25.854411619331461 ], [ 29.102395844692516, -25.854818269347696 ], [ 29.102203039938395, -25.854425649624115 ], [ 29.094465032035693, -25.852227027555358 ], [ 29.091514501193288, -25.85174047544271 ], [ 29.090478959736259, -25.849852134768302 ], [ 29.090486281991772, -25.849655962152461 ], [ 29.090260003596285, -25.84960000173875 ], [ 29.085089004354153, -25.848671000266549 ], [ 29.084080000091966, -25.848490002711472 ], [ 29.081628996780811, -25.84813299614094 ], [ 29.080328002435397, -25.84794400361292 ], [ 29.079981999070068, -25.847893996810569 ], [ 29.07986652072336, -25.847416390254313 ], [ 29.080453954286572, -25.841696655276486 ], [ 29.079773769144229, -25.837430042162826 ], [ 29.079650098872964, -25.835791416240937 ], [ 29.087039377565262, -25.833967283563325 ], [ 29.088152407307774, -25.83368902702702 ], [ 29.09455232742803, -25.835420406326772 ], [ 29.094985171128734, -25.834925726141428 ], [ 29.095418015728896, -25.834369211270172 ], [ 29.095850861228339, -25.833472604277343 ], [ 29.095912695914247, -25.8330706765705 ], [ 29.096067283078735, -25.832297739848933 ], [ 29.096469210785497, -25.831772142770273 ], [ 29.099931969384912, -25.831091957627759 ], [ 29.100549963709874, -25.831472262934636 ], [ 29.101198109605132, -25.832091440767474 ], [ 29.101624908962414, -25.832573668040432 ], [ 29.102073879306161, -25.83311132412835 ], [ 29.102278965202164, -25.833477152148934 ], [ 29.102572735943046, -25.834025894179678 ], [ 29.102872049205754, -25.834563550267692 ] ] ] } },
{ "type": "Feature", "properties": { "Municipali": "Emalahleni Local Municipality", "WardNo": "24", "WardLabel": "MP312_24", "Province": "Mpumalanga", "CLASSIFICATION": "Mining", "PopGBlack": 2133.5444766000001, "PopGColour": 108.85194368000001, "PopGIndian": 269.60707972, "PopGWhite": 3422.459887, "PopGOther": 6.138397736, "PopGTotal": 5940.6017848000001 }, "geometry": { "type": "Polygon", "coordinates": [ [ [ 29.246029324193994, -25.858576253791149 ], [ 29.247529995013341, -25.859288002439438 ], [ 29.247657002668571, -25.859266999672354 ], [ 29.251617000024559, -25.861107993738969 ], [ 29.257076000856824, -25.863743010031953 ], [ 29.257603998226031, -25.863957999262286 ], [ 29.257705001984274, -25.863998000207594 ], [ 29.25785000327507, -25.864078001198852 ], [ 29.258170999192291, -25.864255997716196 ], [ 29.25819800133673, -25.864333996816615 ], [ 29.259463997665389, -25.864939004031875 ], [ 29.260489999114249, -25.865408998726327 ], [ 29.260556558838207, -25.866030550769405 ], [ 29.260495606387213, -25.866350555633705 ], [ 29.260358460674468, -25.866548653797359 ], [ 29.25971845094579, -25.867904863818445 ], [ 29.25971845094579, -25.868209630570014 ], [ 29.259748928070611, -25.868362014395572 ], [ 29.259962265246362, -25.868590588784762 ], [ 29.260023217697352, -25.868849640298688 ], [ 29.259992740572532, -25.8691848832758 ], [ 29.259855595759163, -25.869550603377739 ], [ 29.259566068019687, -25.869824893004481 ], [ 29.258453671399892, -25.87073919235991 ], [ 29.258148904648323, -25.870861098161274 ], [ 29.25792033025904, -25.870876337173279 ], [ 29.257737470208117, -25.870830621935731 ], [ 29.257521072639452, -25.87080898244864 ], [ 29.257280319631079, -25.870784906698091 ], [ 29.257066984253981, -25.870815382923638 ], [ 29.256914601327789, -25.871043958212198 ], [ 29.256655548914495, -25.871501107889955 ], [ 29.256183161124095, -25.872110639594442 ], [ 29.25593934772272, -25.872217309081641 ], [ 29.2556041047457, -25.872369692007741 ], [ 29.25499457214184, -25.872613505409035 ], [ 29.254720283414372, -25.872781126447862 ], [ 29.254385040437352, -25.873162083763241 ], [ 29.254156465148789, -25.87351256575236 ], [ 29.253958366985135, -25.873984954442133 ], [ 29.25380598405895, -25.874457342232603 ], [ 29.25380598405895, -25.874868775773443 ], [ 29.25380598405895, -25.875371640688751 ], [ 29.25385169839722, -25.875798314140965 ], [ 29.253836460284404, -25.876057364755617 ], [ 29.253830998701662, -25.876422002973101 ], [ 29.251995000369007, -25.877009000365135 ], [ 29.251895002052798, -25.877028996790802 ], [ 29.25083624459705, -25.879315840553694 ], [ 29.250757002633662, -25.879486997726836 ], [ 29.249081998235724, -25.882856996653157 ], [ 29.248017878122628, -25.88519239571254 ], [ 29.246904308786863, -25.887489131118574 ], [ 29.246765112619919, -25.887816821589158 ], [ 29.245802340705456, -25.88974816694444 ], [ 29.245596446319031, -25.890183154628982 ], [ 29.24482506812242, -25.891772309744308 ], [ 29.244654998229674, -25.892070996179626 ], [ 29.244021002267541, -25.893387000209906 ], [ 29.243869009647099, -25.893657000070597 ], [ 29.236612001442776, -25.89147000263856 ], [ 29.236147998031793, -25.892103998600685 ], [ 29.235861002783075, -25.893133996636706 ], [ 29.235230997112861, -25.894223002789428 ], [ 29.23511700264762, -25.89479499859037 ], [ 29.235230997112861, -25.894967002924876 ], [ 29.2390689960374, -25.895539996973362 ], [ 29.241817549040729, -25.895845127950377 ], [ 29.241718187444452, -25.896408182691605 ], [ 29.241634583769088, -25.897043563609614 ], [ 29.241266732273957, -25.897913033559789 ], [ 29.240932320270446, -25.898615297058342 ], [ 29.24074839362347, -25.898949708162572 ], [ 29.240447423809599, -25.899668691856757 ], [ 29.240046131024194, -25.900638484778284 ], [ 29.239745160310953, -25.901541395119342 ], [ 29.239659873104678, -25.901726931552766 ], [ 29.239639566412883, -25.901721271219763 ], [ 29.237746001576753, -25.901196997943146 ], [ 29.237716996642124, -25.901190997666522 ], [ 29.236423000820874, -25.901673999255731 ], [ 29.234722844183977, -25.90253770994741 ], [ 29.232039761825639, -25.898935244366097 ], [ 29.22984141674802, -25.896056458738617 ], [ 29.229736733863174, -25.895794750627353 ], [ 29.22967276058947, -25.895556307078003 ], [ 29.229678577404499, -25.89532367674629 ], [ 29.229707655184239, -25.895143389655793 ], [ 29.22978907620492, -25.894934023886176 ], [ 29.230702145287836, -25.892782205234653 ], [ 29.23084753778366, -25.892305315438023 ], [ 29.230899880125406, -25.891950556273219 ], [ 29.230952220668513, -25.891619058972491 ], [ 29.23102200985787, -25.891386430439439 ], [ 29.23113832367476, -25.891118907311789 ], [ 29.231411663617436, -25.890450097693972 ], [ 29.231616959055511, -25.889987542191353 ], [ 29.231699346847478, -25.889801912228581 ], [ 29.231263081226249, -25.889661976818829 ], [ 29.230006872219388, -25.889280344112684 ], [ 29.228607551397417, -25.888819204143005 ], [ 29.227017414222324, -25.88832626144789 ], [ 29.2261587397341, -25.888071838744455 ], [ 29.225029741629317, -25.887706107850622 ], [ 29.224139265314854, -25.887451686046553 ], [ 29.223839878307761, -25.887306005767606 ], [ 29.223821997986892, -25.887301001939761 ], [ 29.224270001559354, -25.88635000035233 ], [ 29.226210003788704, -25.882329996632105 ], [ 29.223049998358757, -25.881050004154414 ], [ 29.219869995603858, -25.88028000012196 ], [ 29.219762962790494, -25.880171927692381 ], [ 29.220538655934249, -25.877618604015446 ], [ 29.220816389065146, -25.876588677925259 ], [ 29.220839534017323, -25.876310944794366 ], [ 29.220816389065146, -25.87583648496587 ], [ 29.221607437233537, -25.875819359176099 ], [ 29.222015223124103, -25.875790231933706 ], [ 29.223122070027568, -25.875731975650265 ], [ 29.224258045072798, -25.875586339438112 ], [ 29.22536489287554, -25.875528083154581 ], [ 29.226471739779008, -25.87541157328554 ], [ 29.227607714824238, -25.875353317901386 ], [ 29.229034964991712, -25.875295063416495 ], [ 29.231248659697922, -25.875149425405692 ], [ 29.232352001943404, -25.875075996659941 ], [ 29.232430998391894, -25.874945996060948 ], [ 29.232639005285915, -25.874058000076737 ], [ 29.233025000603309, -25.872414001604977 ], [ 29.233025000603309, -25.872234003196713 ], [ 29.233115997605246, -25.872098001421708 ], [ 29.233142003300888, -25.87205899782456 ], [ 29.233282001663127, -25.871692000685393 ], [ 29.23333200127087, -25.871422001724067 ], [ 29.233397998918569, -25.871071004423339 ], [ 29.232408009022464, -25.870609003802549 ], [ 29.232318998622969, -25.870490995662934 ], [ 29.233223001640297, -25.868124000722091 ], [ 29.234183005441466, -25.865675000201222 ], [ 29.234652002787755, -25.864481000897527 ], [ 29.234727999097892, -25.864186999930133 ], [ 29.235306999718318, -25.862683998967416 ], [ 29.232439998806974, -25.862379001989439 ], [ 29.233083011371942, -25.860724997660565 ], [ 29.233463995666902, -25.859698998010433 ], [ 29.234290001382547, -25.860085998769868 ], [ 29.235582999855637, -25.860708002272531 ], [ 29.237003997036897, -25.8613539987881 ], [ 29.241032002924662, -25.863232998204342 ], [ 29.241399000063833, -25.862594995762528 ], [ 29.24196699837826, -25.861715002845148 ], [ 29.242561000589763, -25.861016995837762 ], [ 29.243053004392618, -25.860578999021602 ], [ 29.242741998144755, -25.860138997616691 ], [ 29.242406000636453, -25.859803001007762 ], [ 29.242354997385316, -25.859700002553193 ], [ 29.242790002156895, -25.859016998036065 ], [ 29.243306996320911, -25.858356007124112 ], [ 29.243864995972817, -25.857757001084764 ], [ 29.244006249788661, -25.857634255316725 ], [ 29.244009998162898, -25.85763099797229 ], [ 29.244108000883585, -25.857664997741505 ], [ 29.246029324193994, -25.858576253791149 ] ] ] } },
{ "type": "Feature", "properties": { "Municipali": "Emalahleni Local Municipality", "WardNo": "25", "WardLabel": "MP312_25", "Province": "Mpumalanga", "CLASSIFICATION": "Mining", "PopGBlack": 20060.993584, "PopGColour": 87.449858144000004, "PopGIndian": 62.721796024, "PopGWhite": 77.746683148000002, "PopGOther": 25.243942372, "PopGTotal": 20314.155864 }, "geometry": { "type": "Polygon", "coordinates": [ [ [ 29.343430000893871, -26.103969998616581 ], [ 29.347319995021753, -26.107469999041356 ], [ 29.34976000232232, -26.109619994766984 ], [ 29.354550001081726, -26.113930001068791 ], [ 29.362790001557364, -26.121450003415045 ], [ 29.367390003246076, -26.125580001415958 ], [ 29.373309998357804, -26.130590001327608 ], [ 29.379900000984335, -26.136309999806738 ], [ 29.382039998047532, -26.13798000307477 ], [ 29.391039996698577, -26.14419000166728 ], [ 29.396970006660503, -26.142619996715553 ], [ 29.399690004390305, -26.141849999877699 ], [ 29.405160000333794, -26.140370002673542 ], [ 29.407039997098273, -26.139649997349551 ], [ 29.4040100003613, -26.14985000367481 ], [ 29.402540000920364, -26.155119995791274 ], [ 29.401510002884351, -26.158789997760273 ], [ 29.397719998978797, -26.171189991325111 ], [ 29.394470001989042, -26.182709999167173 ], [ 29.390229999814704, -26.196790000957886 ], [ 29.387969999915658, -26.204900000834424 ], [ 29.374999997152226, -26.196350001351618 ], [ 29.370259997101272, -26.202370001974057 ], [ 29.361410002669494, -26.213239998727072 ], [ 29.35950454070208, -26.213411174786003 ], [ 29.359492136353065, -26.21341228904598 ], [ 29.344490001212684, -26.214759996876467 ], [ 29.345449996020509, -26.215860006234379 ], [ 29.351672656168198, -26.221453403551781 ], [ 29.351714912613204, -26.221491388217068 ], [ 29.353459997580938, -26.22306000191768 ], [ 29.348160003181668, -26.231779995750291 ], [ 29.340812125679133, -26.244862563056927 ], [ 29.340690000443164, -26.245080002939915 ], [ 29.346130001298548, -26.248779999097721 ], [ 29.348870002648535, -26.250630000774024 ], [ 29.352349997654294, -26.253089997305658 ], [ 29.354209998892397, -26.254610009844161 ], [ 29.356930003816707, -26.256730004186458 ], [ 29.363479997403957, -26.260940004077998 ], [ 29.367339996443736, -26.263749999662839 ], [ 29.367090001102685, -26.271760002122463 ], [ 29.367180000756456, -26.274359997016337 ], [ 29.367059998819986, -26.280140000960341 ], [ 29.366870000849914, -26.283230003162178 ], [ 29.366572998844877, -26.292107997086468 ], [ 29.359628998779343, -26.290894002256472 ], [ 29.357281999364794, -26.290482001243436 ], [ 29.345630004321304, -26.288597001550464 ], [ 29.344841000311977, -26.288428994702482 ], [ 29.33933400266217, -26.28759900139293 ], [ 29.333625995743134, -26.286532001650684 ], [ 29.330725999605239, -26.28619599784707 ], [ 29.316007996272091, -26.28371299665751 ], [ 29.314703011634759, -26.283492997304023 ], [ 29.306697000366338, -26.281991000884069 ], [ 29.300633997760855, -26.281012996252844 ], [ 29.295749002714338, -26.276457001089838 ], [ 29.290644001119823, -26.271459002630909 ], [ 29.290216999415069, -26.27076899958972 ], [ 29.287439997258129, -26.268419000036904 ], [ 29.282285004149657, -26.263291000978988 ], [ 29.276898001241818, -26.258088002958996 ], [ 29.27694299702172, -26.257958999708165 ], [ 29.277044998128218, -26.257664008587206 ], [ 29.277086993769757, -26.257543002107969 ], [ 29.277666003383345, -26.255870996049655 ], [ 29.278396996624128, -26.25376100126925 ], [ 29.278420002181413, -26.253693998179497 ], [ 29.279871998993617, -26.249502000017397 ], [ 29.281095999680737, -26.245970001714323 ], [ 29.282472001082091, -26.242631003318241 ], [ 29.281382995828647, -26.239730000838936 ], [ 29.280782999635829, -26.237692003982868 ], [ 29.280591006969441, -26.236784992733281 ], [ 29.28191598803253, -26.235798002975535 ], [ 29.28296232774953, -26.235018532813701 ], [ 29.281730000139444, -26.232050000107566 ], [ 29.278770000335243, -26.231419999833218 ], [ 29.273480000102005, -26.215630000124484 ], [ 29.265913173654095, -26.221140432285186 ], [ 29.265182202896394, -26.222584288434234 ], [ 29.265370656730447, -26.220102986963362 ], [ 29.265465834680583, -26.218389774868321 ], [ 29.266798333176574, -26.218865667316798 ], [ 29.267750118073515, -26.217818703570437 ], [ 29.268416367321556, -26.215344064277218 ], [ 29.265941727129057, -26.213535674232048 ], [ 29.262800838587893, -26.212393533434902 ], [ 29.261753875740805, -26.210394785690877 ], [ 29.260897269693292, -26.207920146397758 ], [ 29.261373162141759, -26.206587647901678 ], [ 29.262420124988846, -26.206016576603869 ], [ 29.263181553086309, -26.203732295009505 ], [ 29.263181553086309, -26.202494975362857 ], [ 29.262515303838271, -26.201067298017438 ], [ 29.261849054590233, -26.199068551172783 ], [ 29.261849054590233, -26.196879446629286 ], [ 29.261658697790757, -26.195451770183148 ], [ 29.260802091743148, -26.194119271687072 ], [ 29.260700893731311, -26.192196524749853 ], [ 29.269789999908607, -26.188454997899907 ], [ 29.27792784459437, -26.187646389569302 ], [ 29.278123000176375, -26.187626999286682 ], [ 29.284630990028198, -26.187151003416133 ], [ 29.284384002919481, -26.186708001872866 ], [ 29.28249600308807, -26.183081999234989 ], [ 29.292668001826854, -26.171754996695871 ], [ 29.293295998411633, -26.170894002856002 ], [ 29.294922478089951, -26.135667555163572 ], [ 29.302437998215115, -26.125555002061823 ], [ 29.302436002619434, -26.125505999802158 ], [ 29.302436002619434, -26.124882999850609 ], [ 29.315365997243042, -26.108682989328582 ], [ 29.317079000695376, -26.106657997568622 ], [ 29.321862019816407, -26.103224242105192 ], [ 29.322160118994372, -26.103581880899142 ], [ 29.322562314699109, -26.103811707144647 ], [ 29.322715532196113, -26.104309663560215 ], [ 29.322734685057718, -26.104845924799633 ], [ 29.322715532196113, -26.105497099611469 ], [ 29.322715532196113, -26.106014208888741 ], [ 29.322715532196113, -26.106493013341982 ], [ 29.32298366326555, -26.106933513870658 ], [ 29.323232640573917, -26.107144188153836 ], [ 29.323481619681029, -26.1069526658329 ], [ 29.326622579268651, -26.102375292885558 ], [ 29.326775795866372, -26.102088009853876 ], [ 29.326890709438722, -26.101475139865872 ], [ 29.327171395043877, -26.099412611302998 ], [ 29.32923100170936, -26.097934007148773 ], [ 29.334995000418974, -26.096688995600786 ], [ 29.3352480030929, -26.096625998091348 ], [ 29.338969997567389, -26.099939998032582 ], [ 29.339679997933626, -26.10055999784576 ], [ 29.341753980261988, -26.102445938229526 ], [ 29.343430000893871, -26.103969998616581 ] ] ] } },
{ "type": "Feature", "properties": { "Municipali": "Emalahleni Local Municipality", "WardNo": "26", "WardLabel": "MP312_26", "Province": "Mpumalanga", "CLASSIFICATION": "Mining", "PopGBlack": 5434.6628134000002, "PopGColour": 61.737557271999997, "PopGIndian": 57.814400212000002, "PopGWhite": 2711.8195169000001, "PopGOther": 1.788910728, "PopGTotal": 8267.8231985000002 }, "geometry": { "type": "Polygon", "coordinates": [ [ [ 29.243317002177942, -26.25160699996313 ], [ 29.248343998376896, -26.252527001919695 ], [ 29.248539610814433, -26.252407918190954 ], [ 29.249294948703028, -26.252797795881619 ], [ 29.25014774792022, -26.253970394917889 ], [ 29.250817804897856, -26.254244509176825 ], [ 29.252325431073846, -26.253117595700513 ], [ 29.257494452706887, -26.254227699049139 ], [ 29.257457998687791, -26.254260001797704 ], [ 29.257724998410033, -26.254289995986611 ], [ 29.258220997900757, -26.254388006801186 ], [ 29.258483001889129, -26.254440001105255 ], [ 29.258570001404546, -26.254456997392651 ], [ 29.258672999859108, -26.254477999260359 ], [ 29.259190998565792, -26.254580000366769 ], [ 29.259475009863916, -26.254636996700107 ], [ 29.259760003221626, -26.254693003779174 ], [ 29.260042010830183, -26.254750001011789 ], [ 29.260327003288619, -26.254805002648816 ], [ 29.260608995608688, -26.254861003432652 ], [ 29.261177002017085, -26.254973998751087 ], [ 29.262311003949712, -26.255197997389747 ], [ 29.262877995922814, -26.255311000802145 ], [ 29.263483003138163, -26.255431003638002 ], [ 29.26408999695586, -26.255550998379956 ], [ 29.264804002003125, -26.255692002184233 ], [ 29.271178998312191, -26.256988496322148 ], [ 29.27122393113952, -26.257168229430278 ], [ 29.271406990840067, -26.25758665160274 ], [ 29.271406990840067, -26.258083528831882 ], [ 29.271563899154682, -26.258580405161656 ], [ 29.271590051439819, -26.258815767633656 ], [ 29.271590051439819, -26.259129585162242 ], [ 29.271616201926211, -26.259626462391378 ], [ 29.271694656083611, -26.259940278121402 ], [ 29.271694656083611, -26.260306398421612 ], [ 29.271720808368659, -26.260646366436781 ], [ 29.271799261626679, -26.260934031680314 ], [ 29.271825413012451, -26.261143242766558 ], [ 29.271825413012451, -26.26135245385278 ], [ 29.271851565297499, -26.261640119995597 ], [ 29.271851565297499, -26.261875483366879 ], [ 29.271851565297499, -26.262293904640064 ], [ 29.27187771578398, -26.262607722168738 ], [ 29.271903868069117, -26.262947690183807 ], [ 29.271930018555608, -26.263496870184483 ], [ 29.271956170840657, -26.263967595128499 ], [ 29.272060776383817, -26.264386018200245 ], [ 29.272060776383817, -26.264699834829628 ], [ 29.272243836084197, -26.265013652358217 ], [ 29.272269986570681, -26.265353620373368 ], [ 29.27234700091341, -26.265738243325348 ], [ 29.272111999968924, -26.266127999607619 ], [ 29.270697003064299, -26.268503995862741 ], [ 29.269167007151758, -26.271072999219637 ], [ 29.269142997051716, -26.271113996613739 ], [ 29.266649000750856, -26.270505000905114 ], [ 29.261477993414672, -26.26942699885705 ], [ 29.255612002591892, -26.268145010783748 ], [ 29.251135003877387, -26.267166000710468 ], [ 29.250978001133866, -26.267122999626803 ], [ 29.249949997794172, -26.26684300290232 ], [ 29.249926003881981, -26.266860995638517 ], [ 29.249877998970558, -26.26685000142658 ], [ 29.249816997056818, -26.266837001726326 ], [ 29.249747001023309, -26.266822001034615 ], [ 29.249676997795298, -26.266806002095372 ], [ 29.249616003076159, -26.266793004193868 ], [ 29.249486003376443, -26.266763999259229 ], [ 29.249093001440912, -26.266676998844542 ], [ 29.248962992747945, -26.266648999351947 ], [ 29.248439000959227, -26.266533002995782 ], [ 29.248309000360145, -26.266503998061157 ], [ 29.248178002412899, -26.266475997669197 ], [ 29.247958998609004, -26.266425998960724 ], [ 29.247648002253491, -26.26635700117475 ], [ 29.241734996672768, -26.265008001917835 ], [ 29.242238002781715, -26.263892001714559 ], [ 29.243305998972751, -26.261521997642188 ], [ 29.243122991432962, -26.261024999903935 ], [ 29.242561998837207, -26.260173995733425 ], [ 29.242976999988603, -26.259648999401861 ], [ 29.244340999937236, -26.258715001296338 ], [ 29.245555002861121, -26.258088002958999 ], [ 29.245881999055058, -26.257798000377498 ], [ 29.242955998120895, -26.256942997821184 ], [ 29.24320999814298, -26.252341998784317 ], [ 29.243317002177942, -26.25160699996313 ] ] ] } },
{ "type": "Feature", "properties": { "Municipali": "Emalahleni Local Municipality", "WardNo": "27", "WardLabel": "MP312_27", "Province": "Mpumalanga", "CLASSIFICATION": "Mining", "PopGBlack": 5089.8705047000003, "PopGColour": 65.916271323999993, "PopGIndian": 65.522630367999994, "PopGWhite": 1949.2273156000001, "PopGOther": 0.0, "PopGTotal": 7170.536722 }, "geometry": { "type": "Polygon", "coordinates": [ [ [ 29.103329102656044, -26.187730269336527 ], [ 29.10497633239186, -26.191238344773868 ], [ 29.107829313771891, -26.190080062944656 ], [ 29.108930630744084, -26.189591115937336 ], [ 29.109732883565766, -26.189263569358321 ], [ 29.110416460051585, -26.189016721644496 ], [ 29.110924395344611, -26.188902792829751 ], [ 29.11138485992343, -26.188812598023016 ], [ 29.111968748359075, -26.188779368972753 ], [ 29.115130288032425, -26.188769874829948 ], [ 29.11828708108392, -26.188693921687236 ], [ 29.119013380762983, -26.188641704351276 ], [ 29.119502327770224, -26.188527774637166 ], [ 29.119991274777551, -26.188418593343478 ], [ 29.120366292070766, -26.188276181200859 ], [ 29.12105936269948, -26.187967622008266 ], [ 29.121510333135404, -26.18771602767259 ], [ 29.122417020629026, -26.187070427758087 ], [ 29.122915929426679, -26.186778032979916 ], [ 29.123054998789197, -26.186943003716713 ], [ 29.126179000760349, -26.189799002322154 ], [ 29.128728996945668, -26.192130001898189 ], [ 29.132574999836411, -26.195643997572535 ], [ 29.132968001771939, -26.196132002989582 ], [ 29.136125007063434, -26.199050999104362 ], [ 29.140617989428701, -26.202962002294647 ], [ 29.147238998880781, -26.208963003839667 ], [ 29.152967998674193, -26.214266996624644 ], [ 29.154821002287498, -26.215973003351557 ], [ 29.166466997054361, -26.220949999043302 ], [ 29.168472996031952, -26.221994001322152 ], [ 29.169779002299176, -26.222673999405675 ], [ 29.170818000750181, -26.22287899806738 ], [ 29.175375001355317, -26.229301999287863 ], [ 29.177992997079254, -26.233278001878418 ], [ 29.18001900057649, -26.236035996863873 ], [ 29.186640002833968, -26.245738998256272 ], [ 29.187051995753038, -26.246342001782054 ], [ 29.20563500195389, -26.243283998357974 ], [ 29.207995998416674, -26.242895001103467 ], [ 29.216031995780039, -26.241431002838535 ], [ 29.216841993563197, -26.237668999324949 ], [ 29.21903499936575, -26.221933987763407 ], [ 29.220450002565606, -26.214303000083518 ], [ 29.225569002107818, -26.211425999610288 ], [ 29.234876997875208, -26.206193997555047 ], [ 29.241098997920439, -26.20272000282592 ], [ 29.249703999939729, -26.197844999247405 ], [ 29.250113000814409, -26.197633002061465 ], [ 29.260302003934381, -26.192360998161629 ], [ 29.26057099835295, -26.19224999664014 ], [ 29.260700893731311, -26.192196524749853 ], [ 29.260802091743148, -26.194119271687072 ], [ 29.261658697790757, -26.195451770183148 ], [ 29.261849054590233, -26.196879446629286 ], [ 29.261849054590233, -26.199068551172783 ], [ 29.262515303838271, -26.201067298017438 ], [ 29.263181553086309, -26.202494975362857 ], [ 29.263181553086309, -26.203732295009505 ], [ 29.262420124988846, -26.206016576603869 ], [ 29.261373162141759, -26.206587647901678 ], [ 29.260897269693292, -26.207920146397758 ], [ 29.261753875740805, -26.210394785690877 ], [ 29.262800838587893, -26.212393533434902 ], [ 29.265941727129057, -26.213535674232048 ], [ 29.268416367321556, -26.215344064277218 ], [ 29.267750118073515, -26.217818703570437 ], [ 29.266798333176574, -26.218865667316798 ], [ 29.265465834680583, -26.218389774868321 ], [ 29.265370656730447, -26.220102986963362 ], [ 29.265182202896394, -26.222584288434234 ], [ 29.265913173654095, -26.221140432285186 ], [ 29.273480000102005, -26.215630000124484 ], [ 29.278770000335243, -26.231419999833218 ], [ 29.281730000139444, -26.232050000107566 ], [ 29.282962327649351, -26.235018532679234 ], [ 29.28191598803253, -26.235798002975535 ], [ 29.280591006969441, -26.236784992733281 ], [ 29.280782999635829, -26.237692003982868 ], [ 29.281382995828647, -26.239730000838936 ], [ 29.282472001082091, -26.242631003318241 ], [ 29.281095999680737, -26.245970001714323 ], [ 29.279871998993617, -26.249502000017397 ], [ 29.278420002181413, -26.253693998179497 ], [ 29.278396996624128, -26.25376100126925 ], [ 29.277666003383345, -26.255870996049655 ], [ 29.277086993769757, -26.257543002107969 ], [ 29.277044998128218, -26.257664008587206 ], [ 29.27694299702172, -26.257958999708165 ], [ 29.276898001241818, -26.258088002958996 ], [ 29.282285004149657, -26.263291000978988 ], [ 29.287439997258129, -26.268419000036904 ], [ 29.290216999415069, -26.27076899958972 ], [ 29.290644001119823, -26.271459002630909 ], [ 29.295749002714338, -26.276457001089838 ], [ 29.300633997760855, -26.281012996252844 ], [ 29.306697000366338, -26.281991000884069 ], [ 29.314703011634759, -26.283492997304023 ], [ 29.316007996272091, -26.28371299665751 ], [ 29.330725999605239, -26.28619599784707 ], [ 29.333625995743134, -26.286532001650684 ], [ 29.33933400266217, -26.28759900139293 ], [ 29.344841000311977, -26.288428994702482 ], [ 29.345630004321304, -26.288597001550464 ], [ 29.357281999364794, -26.290482001243436 ], [ 29.359628998779343, -26.290894002256472 ], [ 29.366572998844877, -26.292107997086468 ], [ 29.35564999515125, -26.311590003376008 ], [ 29.351220002201352, -26.319880002560094 ], [ 29.344559997246094, -26.331540001569881 ], [ 29.345079998742978, -26.331890002421748 ], [ 29.345759995927136, -26.331879995665343 ], [ 29.346520003095716, -26.332120001337039 ], [ 29.347200000279791, -26.333180000756478 ], [ 29.348620000112973, -26.33366000310679 ], [ 29.34932999957984, -26.334420002181481 ], [ 29.349509998887388, -26.334919999158721 ], [ 29.349959998055535, -26.335409999272191 ], [ 29.350899996437782, -26.335499998925872 ], [ 29.351599998141491, -26.33565000404451 ], [ 29.352029999984516, -26.336110000975903 ], [ 29.350899996437782, -26.339700008248865 ], [ 29.348899996837449, -26.345550000132487 ], [ 29.347349997304629, -26.34866999742253 ], [ 29.346469996293372, -26.350450003964603 ], [ 29.345229357249078, -26.353955306792063 ], [ 29.345225841799188, -26.353965238005426 ], [ 29.345220219237753, -26.353981125428724 ], [ 29.34520999934206, -26.354010000860889 ], [ 29.33546999804199, -26.34833000242779 ], [ 29.325914001629954, -26.347499002776832 ], [ 29.312670002418677, -26.346089998954419 ], [ 29.297870001599307, -26.344290004080552 ], [ 29.285104001048861, -26.342675003348827 ], [ 29.283789999808686, -26.34381000083096 ], [ 29.260619998813876, -26.362360003711299 ], [ 29.250150000721995, -26.360129998900447 ], [ 29.248720004025024, -26.360020002820907 ], [ 29.237730004436251, -26.357280002370292 ], [ 29.230929999320011, -26.356029986994361 ], [ 29.223929991276133, -26.354589998829489 ], [ 29.221729995942582, -26.353420011424483 ], [ 29.219199997082217, -26.352010002159933 ], [ 29.217400002208354, -26.350999998751021 ], [ 29.217369999925648, -26.351059997021292 ], [ 29.217080003639289, -26.351229997666312 ], [ 29.216790000158415, -26.351340001839734 ], [ 29.216540004817457, -26.351409996973867 ], [ 29.21627999642477, -26.351480002000621 ], [ 29.216099997117222, -26.351569999855649 ], [ 29.215969995618856, -26.35169000269158 ], [ 29.215869998201931, -26.351780003244642 ], [ 29.215729999839695, -26.351939998032542 ], [ 29.215530004106476, -26.352169996048556 ], [ 29.215419999933065, -26.352569997407524 ], [ 29.215349995805674, -26.35281999904381 ], [ 29.215299997097215, -26.35318999722071 ], [ 29.215289999334065, -26.354260004295824 ], [ 29.215280000671545, -26.354959997006375 ], [ 29.215299997097215, -26.355459993983619 ], [ 29.215299997097215, -26.355699998756037 ], [ 29.215280000671545, -26.355929996771959 ], [ 29.215230001963086, -26.356199998431297 ], [ 29.215140002309308, -26.356620000712606 ], [ 29.215070007175179, -26.35697000066509 ], [ 29.215020000372739, -26.357169998196962 ], [ 29.21497999942752, -26.357359996166942 ], [ 29.214929999819688, -26.357470000340363 ], [ 29.21445999703127, -26.358199996232894 ], [ 29.214129992605169, -26.358660001258155 ], [ 29.214000000099965, -26.35902999943497 ], [ 29.213969996917889, -26.359400003007817 ], [ 29.213980003674294, -26.35977000118471 ], [ 29.214089991659858, -26.360110004273331 ], [ 29.214269999061287, -26.360420004179876 ], [ 29.214709999566917, -26.360929990826474 ], [ 29.215439996358825, -26.3614799964048 ], [ 29.215810000830949, -26.361739995804239 ], [ 29.216309998707469, -26.362189994972383 ], [ 29.213720003375496, -26.362129999400057 ], [ 29.21191000084595, -26.362079998892941 ], [ 29.207939997632838, -26.362089996656092 ], [ 29.207937438162251, -26.362089997555461 ], [ 29.20618000370429, -26.362089996656096 ], [ 29.205606179581586, -26.362062040331015 ], [ 29.20146000007901, -26.361860000438732 ], [ 29.197910000945861, -26.361870006295856 ], [ 29.195300998442313, -26.361956000369233 ], [ 29.195169999595873, -26.361959996956383 ], [ 29.189869996203445, -26.354389995002379 ], [ 29.188040007140678, -26.351939998032545 ], [ 29.1850299978362, -26.347790002706489 ], [ 29.184949996844949, -26.34768000033182 ], [ 29.184669999221104, -26.347750001761273 ], [ 29.184369997077713, -26.347819996895407 ], [ 29.184059997171165, -26.347999998001605 ], [ 29.183749997264623, -26.348159999984112 ], [ 29.183439997358079, -26.348349997954184 ], [ 29.183129996552164, -26.348489997215705 ], [ 29.182880002110391, -26.348599994194426 ], [ 29.182740003748243, -26.348709998367831 ], [ 29.182599997292044, -26.348770002034048 ], [ 29.182249996440273, -26.3488300003044 ], [ 29.181860001837705, -26.3488300003044 ], [ 29.181749997664294, -26.348789999359091 ], [ 29.181550010024949, -26.348690001042794 ], [ 29.181359996766489, -26.348550001781277 ], [ 29.181079999142739, -26.348300000144995 ], [ 29.180909997598338, -26.348150003120246 ], [ 29.180790003755742, -26.348070009323497 ], [ 29.180580002165406, -26.3479599970563 ], [ 29.180289997785252, -26.347899998786026 ], [ 29.180149999423016, -26.34789000102279 ], [ 29.179929999170156, -26.347909998347831 ], [ 29.179520000947317, -26.348049995810786 ], [ 29.179210001040769, -26.348259999199684 ], [ 29.179040000395744, -26.348380001136256 ], [ 29.178789996960901, -26.348510000835965 ], [ 29.17867000221894, -26.34853999502479 ], [ 29.178360002312303, -26.348629994678564 ], [ 29.178130004296296, -26.348669997422526 ], [ 29.177929999569912, -26.348789999359091 ], [ 29.177839999916134, -26.348879999012865 ], [ 29.177740001599844, -26.349019998274386 ], [ 29.177660000608586, -26.349040000995373 ], [ 29.177369997127716, -26.349059999219694 ], [ 29.177200003677289, -26.349059999219694 ], [ 29.177120001786665, -26.3490800019406 ], [ 29.176980003424518, -26.349130002447797 ], [ 29.1768699992511, -26.349229998965349 ], [ 29.176559999344562, -26.349540006965871 ], [ 29.176519999298616, -26.349559996196934 ], [ 29.176500001973572, -26.349599997142249 ], [ 29.176500001973572, -26.349800000069987 ], [ 29.176540003818168, -26.349989998040051 ], [ 29.17660000028987, -26.350089997255626 ], [ 29.176640001235093, -26.35017999601012 ], [ 29.176630002572573, -26.350280002420206 ], [ 29.176630002572573, -26.350360004310829 ], [ 29.176559999344562, -26.350439997208202 ], [ 29.176339999091702, -26.350470000390267 ], [ 29.175880002160397, -26.350489995017288 ], [ 29.175109997228581, -26.35046000082847 ], [ 29.17496000020391, -26.350439997208202 ], [ 29.174739999951139, -26.350339997992624 ], [ 29.174590002926301, -26.350219996056058 ], [ 29.174569999306115, -26.350109999976613 ], [ 29.174569999306115, -26.350010001660316 ], [ 29.174650000297369, -26.349859998340332 ], [ 29.174780000896362, -26.349619999863236 ], [ 29.174780000896362, -26.349249996290389 ], [ 29.17475999637681, -26.349120002885911 ], [ 29.174690009336562, -26.349050006852401 ], [ 29.174569999306115, -26.348979997329078 ], [ 29.174359988722522, -26.348960000004123 ], [ 29.174100002812924, -26.348900001733764 ], [ 29.173959997256176, -26.348860001687825 ], [ 29.173700004151886, -26.348730001088825 ], [ 29.173580001316036, -26.348650000996855 ], [ 29.173509998087937, -26.348629994678561 ], [ 29.173390004245341, -26.348629994678561 ], [ 29.173220009895637, -26.348709998367834 ], [ 29.173069996683026, -26.348889995876732 ], [ 29.173019997974567, -26.349180001156174 ], [ 29.173000002448173, -26.349440002354342 ], [ 29.17293999698331, -26.349670000370264 ], [ 29.17286000318666, -26.349859998340332 ], [ 29.172780003094683, -26.349980000276897 ], [ 29.172700000304779, -26.350060002167432 ], [ 29.172510003234084, -26.350190000967864 ], [ 29.172279996224912, -26.350230001913179 ], [ 29.172099996917364, -26.350200001429034 ], [ 29.172049998208895, -26.350190000967864 ], [ 29.172009997263586, -26.350150000921932 ], [ 29.171949999892604, -26.35010000311274 ], [ 29.171869989908188, -26.349920002006538 ], [ 29.171789997010816, -26.349779997349078 ], [ 29.171739998302357, -26.34975000226089 ], [ 29.171609996803983, -26.349710001315572 ], [ 29.171410001070768, -26.349750002260887 ], [ 29.171289999134199, -26.349809997833219 ], [ 29.17122001119467, -26.349920002006545 ], [ 29.171130004346292, -26.350050004404284 ], [ 29.171079996644586, -26.350140004058051 ], [ 29.170960001902618, -26.35026999476452 ], [ 29.170839999966049, -26.350349996655144 ], [ 29.17078000259507, -26.350370002073976 ], [ 29.170710000266332, -26.350389996701082 ], [ 29.170549995585898, -26.35045000306523 ], [ 29.170399992265821, -26.350520007192699 ], [ 29.170239995679349, -26.350680001081241 ], [ 29.170149996924863, -26.350699998406281 ], [ 29.170080000891442, -26.350829999005374 ], [ 29.169999999900103, -26.350950000042559 ], [ 29.169919998009572, -26.35103000193309 ], [ 29.169810001930124, -26.351089992109571 ], [ 29.169689999993558, -26.351279998173425 ], [ 29.169590001677264, -26.351380002785046 ], [ 29.169509999786733, -26.35154999713475 ], [ 29.169439996558626, -26.351610000800967 ], [ 29.169399995613315, -26.351650001746275 ], [ 29.169259997251078, -26.351819996096072 ], [ 29.169180004353791, -26.351899997087322 ], [ 29.169110000226407, -26.35196000165282 ], [ 29.169050002855428, -26.351979998078495 ], [ 29.169010001910117, -26.352030004880927 ], [ 29.168970001864089, -26.352109998677577 ], [ 29.168850007122121, -26.352209996993871 ], [ 29.168650003295021, -26.352349997154757 ], [ 29.168570002303763, -26.352410000820978 ], [ 29.168360007908024, -26.352529994663655 ], [ 29.168069996333273, -26.352609998352836 ], [ 29.167909992552111, -26.352710002964365 ], [ 29.167839998317355, -26.352779998997871 ], [ 29.167820000992311, -26.35298000192569 ], [ 29.167820000992311, -26.353149996275402 ], [ 29.167869991606889, -26.353309999157183 ], [ 29.167889997025814, -26.35339999791168 ], [ 29.167950001591304, -26.353459996181943 ], [ 29.167940003828157, -26.353619999063817 ], [ 29.167879998363293, -26.353749998763529 ], [ 29.167869991606889, -26.353929998070985 ], [ 29.167900002882934, -26.354220003350516 ], [ 29.167960000253824, -26.354400008953295 ], [ 29.168160004080924, -26.354609997053803 ], [ 29.168270000160462, -26.354670000720017 ], [ 29.168440000805489, -26.354670000720017 ], [ 29.168539999121698, -26.354649997099749 ], [ 29.168700002003568, -26.354570004202468 ], [ 29.168889991879666, -26.354570004202468 ], [ 29.16909000380074, -26.354580001066243 ], [ 29.169150001171637, -26.354649997099745 ], [ 29.169249998588644, -26.354840003163694 ], [ 29.169340007235579, -26.355049987666895 ], [ 29.169500002023575, -26.355900004381787 ], [ 29.169559999394476, -26.356320000367862 ], [ 29.169519998449246, -26.35662000071261 ], [ 29.169479998403219, -26.356750002210891 ], [ 29.169410002369805, -26.356890007767728 ], [ 29.169330001378551, -26.356980001126264 ], [ 29.169119998888927, -26.357060002117525 ], [ 29.168809998982301, -26.357100003062833 ], [ 29.168689996146448, -26.357100003062829 ], [ 29.168480001750712, -26.356980001126267 ], [ 29.168399993564854, -26.356890007767728 ], [ 29.168320006962805, -26.356849998728535 ], [ 29.16822000055263, -26.356750002210887 ], [ 29.168049999907602, -26.356649994901431 ], [ 29.167799997372036, -26.356599997092239 ], [ 29.167389999149197, -26.356630000274407 ], [ 29.167020001871677, -26.356729996792044 ], [ 29.166689997445488, -26.356929994323831 ], [ 29.166459999429481, -26.357060002117517 ], [ 29.166329997931111, -26.357179995960113 ], [ 29.166149998623652, -26.357359996166938 ], [ 29.16602998859312, -26.357419991739274 ], [ 29.165860003236663, -26.357579996419798 ], [ 29.165619997564878, -26.357619997365109 ], [ 29.165550003330026, -26.357630003222148 ], [ 29.165579998418217, -26.357680001031326 ], [ 29.165539996573624, -26.357860002137436 ], [ 29.165439999156696, -26.357929997271665 ], [ 29.165189995721764, -26.357990000937868 ], [ 29.16438999660113, -26.35804999920822 ], [ 29.163480001401048, -26.358109995679836 ], [ 29.163020003570377, -26.358130001098765 ], [ 29.16264999909825, -26.358130001098761 ], [ 29.162389997900078, -26.358090000153542 ], [ 29.162159998984791, -26.358090000153538 ], [ 29.162079997993533, -26.358109995679843 ], [ 29.16201000196012, -26.358130001098754 ], [ 29.161930000968862, -26.358229999415055 ], [ 29.161849999078242, -26.358300000844505 ], [ 29.161830002652572, -26.358380002735046 ], [ 29.16180999813302, -26.358480001051333 ], [ 29.16202999119119, -26.358610000751046 ], [ 29.16214000255912, -26.358650001696269 ], [ 29.162199999930099, -26.358709999067337 ], [ 29.162199999930099, -26.358899997037327 ], [ 29.162169996748027, -26.358929993024883 ], [ 29.16214000255912, -26.358979998927861 ], [ 29.16202999119119, -26.359000004346782 ], [ 29.161949997394533, -26.359019998973888 ], [ 29.161830002652572, -26.359180001855684 ], [ 29.161750000761952, -26.359329998880437 ], [ 29.161700002053482, -26.359490001762307 ], [ 29.161639996588622, -26.359599998741032 ], [ 29.16153999107782, -26.359739998002556 ], [ 29.161440000855404, -26.35983999631884 ], [ 29.161199996082992, -26.359990001437485 ], [ 29.161030002632565, -26.360030002382796 ], [ 29.160869999750687, -26.359990001437488 ], [ 29.160770002333759, -26.359940000930376 ], [ 29.160720002726016, -26.359779998048587 ], [ 29.16064000173477, -26.359699997057326 ], [ 29.160559991750265, -26.35967999973229 ], [ 29.160320003165701, -26.359699997057323 ], [ 29.160100002912841, -26.359779998048587 ], [ 29.159959995557447, -26.359929995073333 ], [ 29.15985999814043, -26.359959999154697 ], [ 29.159779997149172, -26.359959999154697 ], [ 29.154080002290311, -26.363970003313106 ], [ 29.1508599985901, -26.365999996202987 ], [ 29.145090001402504, -26.369959999854206 ], [ 29.141190001417502, -26.372310001205669 ], [ 29.136739995854171, -26.375440004352825 ], [ 29.13650998974428, -26.375509997688305 ], [ 29.136140000560633, -26.375620001861634 ], [ 29.123590001877155, -26.384289996985871 ], [ 29.118940002379262, -26.375550000432273 ], [ 29.116770002133901, -26.370819998144469 ], [ 29.116496404085773, -26.370337431827082 ], [ 29.116490188871207, -26.370326469990747 ], [ 29.114229995617848, -26.366339999291601 ], [ 29.113429997396494, -26.364709996069514 ], [ 29.103440007950063, -26.345159999234603 ], [ 29.103439233633804, -26.345149714587702 ], [ 29.102980002924784, -26.339049998059018 ], [ 29.102230003411982, -26.329760003121695 ], [ 29.099220002201392, -26.328480001650835 ], [ 29.067569995958625, -26.315039996099063 ], [ 29.065800004266837, -26.314290003780769 ], [ 29.059309999956596, -26.300120002336293 ], [ 29.058029999385024, -26.297519992154029 ], [ 29.05416000078344, -26.289469996842961 ], [ 29.050509996139485, -26.281189996321395 ], [ 29.049429999395013, -26.279300000894388 ], [ 29.048149997924057, -26.276469999890629 ], [ 29.047349998803423, -26.274910000796016 ], [ 29.047049988566148, -26.274410003818677 ], [ 29.045960002152402, -26.271829998155965 ], [ 29.043010006406764, -26.265489998065092 ], [ 29.042069991836666, -26.263539998072506 ], [ 29.041830003252109, -26.263070003378047 ], [ 29.041719999078779, -26.262659997061331 ], [ 29.040849995830669, -26.261009999212135 ], [ 29.040060999915315, -26.259443003391922 ], [ 29.038210000890857, -26.250519996600694 ], [ 29.035810001730205, -26.237470000939886 ], [ 29.034790002356793, -26.232500001973552 ], [ 29.033262001140489, -26.225760003221641 ], [ 29.049475003268793, -26.222943998366915 ], [ 29.049354003084783, -26.22746099712737 ], [ 29.049303007028165, -26.228588001435206 ], [ 29.049265000779172, -26.229429006943189 ], [ 29.052395003926328, -26.228960998851097 ], [ 29.059272999149645, -26.227561002638272 ], [ 29.062298998400109, -26.22688200370164 ], [ 29.064749004363101, -26.226411002665774 ], [ 29.071037999404201, -26.225200998127605 ], [ 29.078976003040204, -26.223568002861125 ], [ 29.080633995862261, -26.223227003323636 ], [ 29.080870003148153, -26.223731996034925 ], [ 29.089631003368112, -26.227437003215183 ], [ 29.091244001309725, -26.221197998788657 ], [ 29.096967998174666, -26.222387003257687 ], [ 29.100614005332186, -26.223144002194022 ], [ 29.099512997726741, -26.217518008049684 ], [ 29.096725997806654, -26.202758000981024 ], [ 29.096080998639248, -26.198889997975044 ], [ 29.094997004408334, -26.193501001270253 ], [ 29.093290997681429, -26.184235000245117 ], [ 29.097394999879413, -26.184356000429133 ], [ 29.101696806162781, -26.184445248249727 ], [ 29.101805297676332, -26.184620946999232 ], [ 29.102009421297808, -26.184953241099294 ], [ 29.102351210440037, -26.185589346870902 ], [ 29.102792685833794, -26.186505529406695 ], [ 29.103329102656044, -26.187730269336527 ] ], [ [ 29.249877998970558, -26.26685000142658 ], [ 29.249926003881981, -26.266860995638517 ], [ 29.249949997794172, -26.26684300290232 ], [ 29.250978001133866, -26.267122999626803 ], [ 29.251135003877387, -26.267166000710468 ], [ 29.255612002591892, -26.268145010783748 ], [ 29.261477993414672, -26.26942699885705 ], [ 29.266649000750856, -26.270505000905114 ], [ 29.269142997051716, -26.271113996613739 ], [ 29.269167007151758, -26.271072999219637 ], [ 29.270697003064299, -26.268503995862741 ], [ 29.272111999968924, -26.266127999607619 ], [ 29.27234700091341, -26.265738243325348 ], [ 29.272269986570681, -26.265353620373368 ], [ 29.272243836084197, -26.265013652358217 ], [ 29.272060776383817, -26.264699834829628 ], [ 29.272060776383817, -26.264386018200245 ], [ 29.271956170840657, -26.263967595128499 ], [ 29.271930018555608, -26.263496870184483 ], [ 29.271903868069117, -26.262947690183807 ], [ 29.27187771578398, -26.262607722168738 ], [ 29.271851565297499, -26.262293904640064 ], [ 29.271851565297499, -26.261875483366879 ], [ 29.271851565297499, -26.261640119995597 ], [ 29.271825413012451, -26.26135245385278 ], [ 29.271825413012451, -26.261143242766558 ], [ 29.271799261626679, -26.260934031680314 ], [ 29.271720808368659, -26.260646366436781 ], [ 29.271694656083611, -26.260306398421612 ], [ 29.271694656083611, -26.259940278121402 ], [ 29.271616201926211, -26.259626462391378 ], [ 29.271590051439819, -26.259129585162242 ], [ 29.271590051439819, -26.258815767633656 ], [ 29.271563899154682, -26.258580405161656 ], [ 29.271406990840067, -26.258083528831882 ], [ 29.271406990840067, -26.25758665160274 ], [ 29.27122393113952, -26.257168229430278 ], [ 29.271178998127542, -26.256988496368336 ], [ 29.264804002003125, -26.255692002184233 ], [ 29.26408999695586, -26.255550998379956 ], [ 29.263483003138163, -26.255431003638002 ], [ 29.262877995922814, -26.255311000802145 ], [ 29.262311003949712, -26.255197997389747 ], [ 29.261177002017085, -26.254973998751087 ], [ 29.260608995608688, -26.254861003432652 ], [ 29.260327003288619, -26.254805002648816 ], [ 29.260042010830183, -26.254750001011789 ], [ 29.259760003221626, -26.254693003779174 ], [ 29.259475009863916, -26.254636996700107 ], [ 29.259190998565792, -26.254580000366769 ], [ 29.258672999859108, -26.254477999260359 ], [ 29.258570001404546, -26.254456997392651 ], [ 29.258483001889129, -26.254440001105255 ], [ 29.258220997900757, -26.254388006801186 ], [ 29.257724998410033, -26.254289995986611 ], [ 29.257457998687791, -26.254260001797704 ], [ 29.257494452770388, -26.254227699120815 ], [ 29.252325431073846, -26.253117595700513 ], [ 29.250817804897856, -26.254244509176825 ], [ 29.25014774792022, -26.253970394917889 ], [ 29.249294948703028, -26.252797795881619 ], [ 29.248539610804215, -26.252407918174079 ], [ 29.248343998376896, -26.252527001919695 ], [ 29.243317002177942, -26.25160699996313 ], [ 29.24320999814298, -26.252341998784317 ], [ 29.242955998120895, -26.256942997821184 ], [ 29.245881999055058, -26.257798000377498 ], [ 29.245555002861121, -26.258088002958999 ], [ 29.244340999937236, -26.258715001296338 ], [ 29.242976999988603, -26.259648999401861 ], [ 29.242561998837207, -26.260173995733425 ], [ 29.243122991432962, -26.261024999903935 ], [ 29.243305998972751, -26.261521997642188 ], [ 29.242238002781715, -26.263892001714559 ], [ 29.241734996672768, -26.265008001917835 ], [ 29.247648002253491, -26.26635700117475 ], [ 29.247958998609004, -26.266425998960724 ], [ 29.248178002412899, -26.266475997669197 ], [ 29.248309000360145, -26.266503998061157 ], [ 29.248439000959227, -26.266533002995782 ], [ 29.248962992747945, -26.266648999351947 ], [ 29.249093001440912, -26.266676998844542 ], [ 29.249486003376443, -26.266763999259229 ], [ 29.249616003076159, -26.266793004193868 ], [ 29.249676997795298, -26.266806002095372 ], [ 29.249747001023309, -26.266822001034615 ], [ 29.249816997056818, -26.266837001726326 ], [ 29.249877998970558, -26.26685000142658 ] ] ] } },
{ "type": "Feature", "properties": { "Municipali": "Emalahleni Local Municipality", "WardNo": "28", "WardLabel": "MP312_28", "Province": "Mpumalanga", "CLASSIFICATION": "Mining", "PopGBlack": 10814.63937, "PopGColour": 56.398011812, "PopGIndian": 34.24848398, "PopGWhite": 40.742185567999996, "PopGOther": 3.162628248, "PopGTotal": 10949.19068 }, "geometry": { "type": "Polygon", "coordinates": [ [ [ 29.032385997615744, -25.990821997737118 ], [ 29.032968000173092, -25.991906998309354 ], [ 29.033259001002129, -25.992754004094067 ], [ 29.033866002913797, -25.9932029969208 ], [ 29.033805000100678, -25.993208998096893 ], [ 29.033730002037988, -25.993217001163725 ], [ 29.032308996762854, -25.993391998442082 ], [ 29.032158002389934, -25.99341099662022 ], [ 29.031637999993769, -25.993474998672326 ], [ 29.03158899143887, -25.993486002776883 ], [ 29.034269999960632, -25.995390002446726 ], [ 29.033600001438991, -25.99619099891553 ], [ 29.033210996989979, -25.996639991742359 ], [ 29.032977000588172, -25.997057003777829 ], [ 29.032878997867481, -25.997231002808572 ], [ 29.032645990719949, -25.997625002092263 ], [ 29.032543997707332, -25.998053999392702 ], [ 29.032567003264703, -25.998082996233361 ], [ 29.032363999299246, -25.998953996829634 ], [ 29.0323222932393, -25.998638876183254 ], [ 29.032187921035714, -25.998558251961814 ], [ 29.032080423273026, -25.998370130876982 ], [ 29.032040111162217, -25.998262633114106 ], [ 29.031959487840155, -25.998141697681238 ], [ 29.031851990077289, -25.99800732457846 ], [ 29.031731053745229, -25.997899826815591 ], [ 29.031542932660297, -25.997738580171383 ], [ 29.031368248346084, -25.997563895857169 ], [ 29.031099503039716, -25.997402649212951 ], [ 29.030978567606851, -25.997308588220889 ], [ 29.030911381954787, -25.997214527228746 ], [ 29.030790445622639, -25.997120466236591 ], [ 29.030723259970483, -25.997053279685154 ], [ 29.030588887766985, -25.996972656363095 ], [ 29.030535138885643, -25.996892033040936 ], [ 29.030535138885643, -25.996811408819603 ], [ 29.030441077893492, -25.99671734872673 ], [ 29.030441077893492, -25.996623287734664 ], [ 29.030333580130712, -25.996569538853141 ], [ 29.03015889581641, -25.996462041090446 ], [ 29.030105146935064, -25.996367980098295 ], [ 29.030024522713635, -25.996287356776151 ], [ 29.029822963958701, -25.996327667987583 ], [ 29.029809527187982, -25.996287356776147 ], [ 29.029836400729423, -25.996233606995435 ], [ 29.029796090417261, -25.996166421343368 ], [ 29.029715466195832, -25.996179858113994 ], [ 29.02962140520377, -25.996247044665431 ], [ 29.029540781881618, -25.996206732554715 ], [ 29.029406408778836, -25.996166421343368 ], [ 29.029379535237407, -25.996099234791942 ], [ 29.029379535237407, -25.99603204913987 ], [ 29.029245162134625, -25.995978300258436 ], [ 29.029164538812473, -25.995924551377005 ], [ 29.029110789931039, -25.995857363926287 ], [ 29.029110789931039, -25.995736429392785 ], [ 29.028962980057543, -25.995669242841355 ], [ 29.028805101374349, -25.99558423082766 ], [ 29.028812000073824, -25.995647999955331 ], [ 29.028892000165708, -25.995964000138503 ], [ 29.028923999842757, -25.996337000252414 ], [ 29.028952818617675, -25.996744447998001 ], [ 29.028989000142296, -25.997256000364157 ], [ 29.028815000212184, -25.997600000040102 ], [ 29.028609999751758, -25.998089000107285 ], [ 29.028547000443762, -25.998433999829235 ], [ 29.028325000098725, -25.998806999943142 ], [ 29.028166304831128, -25.999033913284599 ], [ 29.028103999799775, -25.999123000126414 ], [ 29.028008999915457, -25.999410999917806 ], [ 29.028017468831163, -26.000001347284439 ], [ 29.027678999985945, -26.000859000142864 ], [ 29.027545000101689, -26.001175000326125 ], [ 29.027217000264358, -26.001758000231547 ], [ 29.027140000310833, -26.001960999700422 ], [ 29.027084999573088, -26.002219999953134 ], [ 29.02699199978095, -26.002681999674635 ], [ 29.026927000380784, -26.002918999812024 ], [ 29.026858999942963, -26.003290999879837 ], [ 29.026799999920144, -26.003459000432596 ], [ 29.02671699968981, -26.003806000246811 ], [ 29.02657000010548, -26.004063999553974 ], [ 29.026344999622083, -26.004413000359733 ], [ 29.026287278435142, -26.004626857343681 ], [ 29.026161722285668, -26.00490482969424 ], [ 29.025873000338692, -26.005530999755901 ], [ 29.026112178634172, -26.005789862412293 ], [ 29.02881874139182, -26.00889790681298 ], [ 29.02972505926413, -26.008274526448314 ], [ 29.029725410899029, -26.008275405985298 ], [ 29.029727435272939, -26.008280467369758 ], [ 29.029738861159576, -26.008309029837886 ], [ 29.029737969931418, -26.008310660308759 ], [ 29.030265996978216, -26.008798999374381 ], [ 29.031358999718087, -26.007884000346372 ], [ 29.031944003313161, -26.008411000367509 ], [ 29.032619779079617, -26.007354378801622 ], [ 29.033103458757711, -26.007361525713922 ], [ 29.033163001071632, -26.006430000743961 ], [ 29.033444004137515, -26.005975995995499 ], [ 29.034456000444095, -26.004021001168319 ], [ 29.034508001942843, -26.003839996418822 ], [ 29.034587823069618, -26.003898219427366 ], [ 29.03459000032835, -26.003860000039001 ], [ 29.035027303767055, -26.002951515699966 ], [ 29.035001534593235, -26.002896167823987 ], [ 29.035311875342778, -26.002323757435562 ], [ 29.035454917910169, -26.002059949407251 ], [ 29.037153004307797, -26.003453159335923 ], [ 29.038217234138102, -26.004326317405678 ], [ 29.038598205842597, -26.004638887574714 ], [ 29.03973175541627, -26.005568919669965 ], [ 29.039624447410322, -26.004663850956035 ], [ 29.040818856804819, -26.004979373599244 ], [ 29.040876000626941, -26.004513003172612 ], [ 29.044031004027701, -26.006941999174018 ], [ 29.04730399758148, -26.009494006243507 ], [ 29.049751003406115, -26.011337998649736 ], [ 29.05043000324212, -26.01191600372066 ], [ 29.050564001327629, -26.012047999016065 ], [ 29.04974699692643, -26.012751000858142 ], [ 29.039016988643123, -26.022292822156114 ], [ 29.027354789891707, -26.021610909415973 ], [ 29.026659324368399, -26.018063681993421 ], [ 29.025041291122797, -26.013590294956181 ], [ 29.023328079027674, -26.010639764113861 ], [ 29.023803970576768, -26.008260302770879 ], [ 29.02494611227328, -26.006737448374608 ], [ 29.024375041874755, -26.004072451382548 ], [ 29.02295504204157, -26.002423419405357 ], [ 29.017617372343956, -25.99493532140804 ], [ 29.015999339098254, -25.993317288162437 ], [ 29.014486079568929, -25.992875758809351 ], [ 29.018925988443616, -25.989634996957587 ], [ 29.019482998841426, -25.989240996774623 ], [ 29.020338997846522, -25.988638001342718 ], [ 29.023182004845676, -25.990823999627953 ], [ 29.023296961585537, -25.990803185718509 ], [ 29.030583002603521, -25.989484001685394 ], [ 29.030930003317014, -25.989339997742753 ], [ 29.031512004975088, -25.989112001617659 ], [ 29.032080004188881, -25.98888999857461 ], [ 29.032497000036596, -25.988830002102997 ], [ 29.032742996991761, -25.988830002102997 ], [ 29.032945002709781, -25.988818000650276 ], [ 29.034220001252077, -25.988632998414246 ], [ 29.034769997837241, -25.988529999959599 ], [ 29.03506900173311, -25.988427998853098 ], [ 29.035165002562881, -25.988393999083875 ], [ 29.035004002332844, -25.988694997676067 ], [ 29.034530001158625, -25.989366003438398 ], [ 29.034027003143738, -25.989841999308936 ], [ 29.033073998766103, -25.990344997323827 ], [ 29.032412011405267, -25.990637010789495 ], [ 29.032385997615744, -25.990821997737118 ] ] ] } },
{ "type": "Feature", "properties": { "Municipali": "Emalahleni Local Municipality", "WardNo": "29", "WardLabel": "MP312_29", "Province": "Mpumalanga", "CLASSIFICATION": "Mining", "PopGBlack": 28130.38938, "PopGColour": 149.60046809, "PopGIndian": 82.761224655999996, "PopGWhite": 112.38760575000001, "PopGOther": 9.975769488, "PopGTotal": 28485.114448 }, "geometry": { "type": "Polygon", "coordinates": [ [ [ 29.080453954286572, -25.841696655276486 ], [ 29.07986652072336, -25.847416390254313 ], [ 29.079981999070068, -25.847893996810569 ], [ 29.080328002435397, -25.84794400361292 ], [ 29.081628996780811, -25.84813299614094 ], [ 29.084080000091966, -25.848490002711472 ], [ 29.085089004354153, -25.848671000266549 ], [ 29.090260003596285, -25.84960000173875 ], [ 29.090486282016371, -25.849655962053081 ], [ 29.090478959736259, -25.849852134768302 ], [ 29.091514501193288, -25.85174047544271 ], [ 29.094465032035693, -25.852227027555358 ], [ 29.102203039938395, -25.854425649624115 ], [ 29.102395844692516, -25.854818269347696 ], [ 29.102374360788168, -25.854825398273587 ], [ 29.100834325743524, -25.855593077558538 ], [ 29.101370663425431, -25.856479861256652 ], [ 29.101448953906111, -25.856577724582355 ], [ 29.103778088288184, -25.857686835978768 ], [ 29.104013978662259, -25.857777863557583 ], [ 29.103888343372361, -25.858554518975957 ], [ 29.103615918939571, -25.859209052755663 ], [ 29.103414530156499, -25.859435001124481 ], [ 29.103281908033697, -25.859606918224767 ], [ 29.10318366879136, -25.85978866041842 ], [ 29.102854569982444, -25.860741573065255 ], [ 29.103507856402516, -25.861006817310844 ], [ 29.103640477626026, -25.861070671874078 ], [ 29.10372889267429, -25.861159086023065 ], [ 29.103778011845776, -25.861237676877337 ], [ 29.103792748136893, -25.86139485858595 ], [ 29.103856602700134, -25.862180767128823 ], [ 29.103876002875289, -25.862299998346344 ], [ 29.104062903580154, -25.863654344072849 ], [ 29.104057992382486, -25.863752582415813 ], [ 29.104033431897374, -25.863860644952869 ], [ 29.103704333088551, -25.86454340215635 ], [ 29.103573000593531, -25.864488996769847 ], [ 29.102518004102659, -25.866757997983346 ], [ 29.103523066636299, -25.867058507344293 ], [ 29.104587209232388, -25.867376681188986 ], [ 29.104678940980449, -25.867389786109783 ], [ 29.104761935814743, -25.867319895296994 ], [ 29.104818722606016, -25.867236899563327 ], [ 29.104897350332568, -25.867193217692861 ], [ 29.105058972893321, -25.86714516781527 ], [ 29.105163808662898, -25.867123326880073 ], [ 29.105262808731752, -25.867085249584623 ], [ 29.105561314403218, -25.866970440333628 ], [ 29.105864730373082, -25.866893222744153 ], [ 29.10577668944271, -25.867093317402773 ], [ 29.105734680311247, -25.867188792129124 ], [ 29.105646222994846, -25.867331092755784 ], [ 29.105503922368186, -25.867665691818285 ], [ 29.10521353217878, -25.86831906996915 ], [ 29.105180860708273, -25.868392578754612 ], [ 29.105169323305681, -25.868542572182065 ], [ 29.105134709299449, -25.868661797104362 ], [ 29.105057790284818, -25.86876948372478 ], [ 29.10498471677127, -25.868884863145997 ], [ 29.104923180660304, -25.869007933569364 ], [ 29.104700114618666, -25.869507908962891 ], [ 29.104619350102968, -25.869704052899802 ], [ 29.104473203075958, -25.869984808652053 ], [ 29.104361670055095, -25.870134801180228 ], [ 29.103630936718407, -25.871677033268572 ], [ 29.103488943659851, -25.871961091331332 ], [ 29.10361206624389, -25.871969900190841 ], [ 29.107412506781806, -25.872241821902573 ], [ 29.114681501150461, -25.872785838895453 ], [ 29.116165924817643, -25.872896933946471 ], [ 29.116226648840872, -25.872901479120042 ], [ 29.119362800652809, -25.873136191382201 ], [ 29.12338429095233, -25.87340894226897 ], [ 29.127215489203515, -25.873649977664432 ], [ 29.128077717812463, -25.873668354411134 ], [ 29.128249003588696, -25.873672003859973 ], [ 29.129737003859695, -25.873679998832916 ], [ 29.129615995581805, -25.873766999247707 ], [ 29.128669996922937, -25.874460002427256 ], [ 29.128259998700091, -25.874759988382792 ], [ 29.12726000384615, -25.875059997720793 ], [ 29.126939998082481, -25.875220000602575 ], [ 29.126518987661207, -25.876862011572623 ], [ 29.12562400214599, -25.880359003765065 ], [ 29.127956997317625, -25.883132996790479 ], [ 29.130178001713396, -25.885773998071617 ], [ 29.132772004424517, -25.888856005300415 ], [ 29.133949995795724, -25.890258003404163 ], [ 29.128497004233427, -25.89934999730459 ], [ 29.127975996395133, -25.89900799862037 ], [ 29.127921001952803, -25.898970998712695 ], [ 29.127721006219488, -25.898840000765542 ], [ 29.127192003408251, -25.898490997261749 ], [ 29.12706500294761, -25.898406997884699 ], [ 29.126316997231662, -25.897913997632973 ], [ 29.125894001107316, -25.898148002128664 ], [ 29.125755997441399, -25.898225003880924 ], [ 29.120660002557099, -25.901062003408846 ], [ 29.119864999170424, -25.901509000639894 ], [ 29.119563002330707, -25.901682999670722 ], [ 29.118878998666865, -25.902076001606254 ], [ 29.106595003256849, -25.909095000633851 ], [ 29.106750999658953, -25.90916099918083 ], [ 29.107364001847252, -25.9101580019903 ], [ 29.108241002720149, -25.91158299665798 ], [ 29.125777995757993, -25.911331996774351 ], [ 29.125931001014894, -25.911330002078031 ], [ 29.132550001381546, -25.911361990963172 ], [ 29.132532997000265, -25.911395002377482 ], [ 29.133579001170038, -25.911413004106926 ], [ 29.133737002160991, -25.911416004245289 ], [ 29.138982003017116, -25.911594998110704 ], [ 29.141193843321272, -25.911551013168797 ], [ 29.145835698558702, -25.911497247200227 ], [ 29.146192822940503, -25.911504115322742 ], [ 29.146457003288145, -25.911509194693622 ], [ 29.146380944025434, -25.911633373081727 ], [ 29.146164273062844, -25.91198712140854 ], [ 29.145805827576929, -25.912572580060587 ], [ 29.145017250745621, -25.913862980392327 ], [ 29.144615391387301, -25.914646897836089 ], [ 29.141285003999744, -25.920057000730122 ], [ 29.137953999677418, -25.92558100276111 ], [ 29.132298003250295, -25.934879998113527 ], [ 29.130869003002122, -25.937229000318176 ], [ 29.130464996962118, -25.937899006933705 ], [ 29.130075004158197, -25.938546999044881 ], [ 29.129689997195715, -25.939185997935471 ], [ 29.123869010246636, -25.948851001172859 ], [ 29.120906997759796, -25.947723000416232 ], [ 29.118822999681775, -25.946929998920385 ], [ 29.111949002844256, -25.944358004418472 ], [ 29.109357011017305, -25.94336700098636 ], [ 29.107725996057951, -25.942756998936428 ], [ 29.106586001942489, -25.942329997231667 ], [ 29.099688003098894, -25.939721001922717 ], [ 29.099104030126963, -25.939570753087928 ], [ 29.097419249199035, -25.940208236620908 ], [ 29.095688932897946, -25.940481445262574 ], [ 29.094231825238623, -25.940754653004873 ], [ 29.093002389948335, -25.941118929694927 ], [ 29.091636351236676, -25.941073395221046 ], [ 29.090224777151768, -25.941027860747255 ], [ 29.08949622287237, -25.94111892969493 ], [ 29.088539996223933, -25.941346602963431 ], [ 29.087720372996866, -25.941392138336592 ], [ 29.086673075602018, -25.94111892969493 ], [ 29.085352572263428, -25.940800186579377 ], [ 29.084214206820274, -25.940618048684122 ], [ 29.082757098261574, -25.940891257325784 ], [ 29.081299989702789, -25.940982326273367 ], [ 29.080708039744312, -25.940754653004866 ], [ 29.079250932084893, -25.940481445262574 ], [ 29.078567913178659, -25.940344840941748 ], [ 29.076109042598269, -25.939980564251691 ], [ 29.075426022792755, -25.939707355610025 ], [ 29.074196588401929, -25.939388614293215 ], [ 29.07324036085403, -25.939388614293215 ], [ 29.072557341947796, -25.939024336703785 ], [ 29.07182878766849, -25.93884219790916 ], [ 29.071191303236137, -25.938751128961488 ], [ 29.070007403319014, -25.93866006001381 ], [ 29.068823501603415, -25.938432386745312 ], [ 29.067184256048655, -25.938295783323849 ], [ 29.065954820758375, -25.938204714376095 ], [ 29.068914572349648, -25.931010242328909 ], [ 29.069142244718876, -25.93005401478101 ], [ 29.069233313666544, -25.928915650237141 ], [ 29.06905117487192, -25.927868352842282 ], [ 29.06804941374951, -25.92322382122245 ], [ 29.067003000388219, -25.918061000414951 ], [ 29.058624999843879, -25.920278000129702 ], [ 29.053212000233646, -25.921668000377938 ], [ 29.052701000051211, -25.921694999824432 ], [ 29.052109999776714, -25.9214199997332 ], [ 29.049687999601542, -25.919942999969553 ], [ 29.046539000074894, -25.919338999994896 ], [ 29.045396999571935, -25.91916099988034 ], [ 29.026709996669069, -25.916650000996853 ], [ 29.016100001114225, -25.909409996274437 ], [ 29.014410002319803, -25.906710003963553 ], [ 29.011840001614843, -25.902500004072014 ], [ 29.010629988083519, -25.900589996930851 ], [ 29.006449998568648, -25.893690001592386 ], [ 28.991270002708511, -25.870020003620329 ], [ 28.991090004300325, -25.869730000139445 ], [ 28.990910004093415, -25.870020003620326 ], [ 28.989860002437212, -25.871900000384731 ], [ 28.988830011595795, -25.873750002061019 ], [ 28.988729997991104, -25.873909997748296 ], [ 28.987950003390022, -25.87578000394414 ], [ 28.985679996734486, -25.879629997126713 ], [ 28.981660002007519, -25.886619999313655 ], [ 28.975940002629013, -25.890889995676805 ], [ 28.972620009605848, -25.893330002977375 ], [ 28.96925000258565, -25.895990003336106 ], [ 28.96032999683197, -25.902460003126698 ], [ 28.956329999429958, -25.905459997580891 ], [ 28.950619997814695, -25.900199995133768 ], [ 28.954990000588115, -25.891210002339758 ], [ 28.959749997964103, -25.88085999898983 ], [ 28.958159996586609, -25.879990011929575 ], [ 28.954400003957101, -25.878310002804508 ], [ 28.95223000371174, -25.877369997227671 ], [ 28.951530002008024, -25.876919998059517 ], [ 28.949620002960835, -25.877580006911803 ], [ 28.948799999320556, -25.877769996787983 ], [ 28.9482500018362, -25.877820003590415 ], [ 28.947659997111213, -25.87797000061509 ], [ 28.947090004100467, -25.878050001606336 ], [ 28.946459996631607, -25.878079996694531 ], [ 28.945789998109969, -25.878079996694535 ], [ 28.945209999242095, -25.878060000268864 ], [ 28.944690004939815, -25.878029997986069 ], [ 28.944059999269601, -25.877960001952566 ], [ 28.943510001785249, -25.877880000961312 ], [ 28.942810000081444, -25.877759998125462 ], [ 28.942239990882936, -25.8776200078572 ], [ 28.941710006911382, -25.877499996927387 ], [ 28.941220006797924, -25.877329996282352 ], [ 28.941070001679282, -25.87729000343101 ], [ 28.941240004122964, -25.876609998152976 ], [ 28.941579998218419, -25.875650003345054 ], [ 28.942069998331792, -25.872319997270171 ], [ 28.942880004208828, -25.869019999773222 ], [ 28.943150003170153, -25.867699999155697 ], [ 28.947289999833686, -25.850580001965579 ], [ 28.949729999040279, -25.84032999603258 ], [ 28.950280003719239, -25.838040001045247 ], [ 28.950448999821589, -25.837352998142425 ], [ 28.953839004166745, -25.837339001993467 ], [ 28.964721002372389, -25.83717599897323 ], [ 28.974926004431605, -25.83704200088772 ], [ 28.979229004115282, -25.836992998628038 ], [ 28.983889002275699, -25.836915001326265 ], [ 28.988238004080699, -25.836869989358604 ], [ 28.988624000297467, -25.836872000242689 ], [ 28.991283009603272, -25.836830003701785 ], [ 28.9943479971624, -25.836797001280715 ], [ 28.995484998334103, -25.836784003379119 ], [ 29.003175002224665, -25.838673007753201 ], [ 29.013546996696576, -25.841283001309495 ], [ 29.016927999727457, -25.841631995820034 ], [ 29.019168003200829, -25.841874004281919 ], [ 29.024157998592742, -25.842390998445847 ], [ 29.033919999108686, -25.843453000655487 ], [ 29.038921826880919, -25.843991760211651 ], [ 29.044754002295438, -25.84459600300319 ], [ 29.049696000869812, -25.845152000764266 ], [ 29.051678996088864, -25.845368002631325 ], [ 29.060837002925378, -25.846363004449152 ], [ 29.060836957959307, -25.846365248257662 ], [ 29.060852036891987, -25.84634544158892 ], [ 29.06378567576834, -25.8396492596057 ], [ 29.079469281182448, -25.835828883796044 ], [ 29.079650098872964, -25.835791416240937 ], [ 29.079773769144229, -25.837430042162826 ], [ 29.080453954286572, -25.841696655276486 ] ] ] } },
{ "type": "Feature", "properties": { "Municipali": "Emalahleni Local Municipality", "WardNo": "30", "WardLabel": "MP312_30", "Province": "Mpumalanga", "CLASSIFICATION": "Mining", "PopGBlack": 22352.582103000004, "PopGColour": 133.70438741000001, "PopGIndian": 135.59885168, "PopGWhite": 452.85225666999997, "PopGOther": 31.40657062, "PopGTotal": 23106.144169 }, "geometry": { "type": "Polygon", "coordinates": [ [ [ 29.052109999776714, -25.9214199997332 ], [ 29.052701000051211, -25.921694999824432 ], [ 29.053212000233646, -25.921668000377938 ], [ 29.058624999843879, -25.920278000129702 ], [ 29.067003000388219, -25.918061000414951 ], [ 29.06804941374951, -25.92322382122245 ], [ 29.06905117487192, -25.927868352842282 ], [ 29.069233313666544, -25.928915650237141 ], [ 29.069142244718876, -25.93005401478101 ], [ 29.068914572349648, -25.931010242328909 ], [ 29.065954820758375, -25.938204714376095 ], [ 29.067184256048655, -25.938295783323849 ], [ 29.068823501603415, -25.938432386745312 ], [ 29.070007403319014, -25.93866006001381 ], [ 29.071191303236137, -25.938751128961488 ], [ 29.07182878766849, -25.93884219790916 ], [ 29.072557341947796, -25.939024336703785 ], [ 29.07324036085403, -25.939388614293215 ], [ 29.074196588401929, -25.939388614293215 ], [ 29.075426022792755, -25.939707355610025 ], [ 29.076109042598269, -25.939980564251691 ], [ 29.078567913178659, -25.940344840941748 ], [ 29.079250932084893, -25.940481445262574 ], [ 29.080708039744312, -25.940754653004866 ], [ 29.081299989702789, -25.940982326273367 ], [ 29.082757098261574, -25.940891257325784 ], [ 29.084214206820274, -25.940618048684122 ], [ 29.085352572263428, -25.940800186579377 ], [ 29.086673075602018, -25.94111892969493 ], [ 29.087720372996866, -25.941392138336592 ], [ 29.088539996223933, -25.941346602963431 ], [ 29.08949622287237, -25.94111892969493 ], [ 29.090224777151768, -25.941027860747255 ], [ 29.091636351236676, -25.941073395221046 ], [ 29.093002389948335, -25.941118929694927 ], [ 29.094231825238623, -25.940754653004873 ], [ 29.095688932897946, -25.940481445262574 ], [ 29.097419249199035, -25.940208236620908 ], [ 29.099104030126963, -25.939570753087928 ], [ 29.099688003098894, -25.939721001922717 ], [ 29.099394998580379, -25.939991000884042 ], [ 29.094924000142591, -25.944105000845184 ], [ 29.090286001198049, -25.948230004011521 ], [ 29.087659004159743, -25.950566000220782 ], [ 29.085871999093509, -25.952174002428347 ], [ 29.085716999140189, -25.952313004341789 ], [ 29.078753999997144, -25.958498002680798 ], [ 29.072504996908119, -25.964045001275824 ], [ 29.069851995972915, -25.965000000349775 ], [ 29.059696003367876, -25.96868300022037 ], [ 29.060271000206555, -25.969976996940989 ], [ 29.060871002694693, -25.971278000279561 ], [ 29.062896001649257, -25.975593997864749 ], [ 29.063550998579821, -25.977009002863262 ], [ 29.065259000002957, -25.980730998237032 ], [ 29.071573999840236, -25.994401001804903 ], [ 29.07231400158998, -25.995967997625112 ], [ 29.077721999171018, -26.007652996888321 ], [ 29.078627996884581, -26.009610001700299 ], [ 29.080614000335874, -26.013898998939709 ], [ 29.098695046339323, -26.008032197827767 ], [ 29.10052239769054, -26.007464108681734 ], [ 29.107931680902389, -26.005160704802719 ], [ 29.107937514804554, -26.00522215008225 ], [ 29.10881800234894, -26.014494996746734 ], [ 29.108858003294252, -26.015034994669378 ], [ 29.108920439626623, -26.016378125849869 ], [ 29.110638001742448, -26.03502399735968 ], [ 29.103808003336756, -26.038783998083083 ], [ 29.103807497018391, -26.038784259785828 ], [ 29.097828001860886, -26.041883998048164 ], [ 29.093368000332966, -26.04442299822281 ], [ 29.093678000239514, -26.044793002695027 ], [ 29.093247996597839, -26.047072999919113 ], [ 29.091108000433923, -26.046862998328773 ], [ 29.089988001844848, -26.046692995885092 ], [ 29.089387001109273, -26.046613002987808 ], [ 29.086126997363028, -26.048272002151272 ], [ 29.083401000255961, -26.049726001753683 ], [ 29.068649004348103, -26.057402001401325 ], [ 29.06102700089545, -26.060641999728549 ], [ 29.061082999880544, -26.060960003601391 ], [ 29.061188001125398, -26.060923002794436 ], [ 29.067717998287062, -26.074062001660135 ], [ 29.068349998653588, -26.07510799773603 ], [ 29.070011000607259, -26.078266997723837 ], [ 29.077085010265041, -26.092425996862328 ], [ 29.079826999116747, -26.097800998317531 ], [ 29.082350996801111, -26.102764996107773 ], [ 29.084542997161627, -26.107361997658135 ], [ 29.086405996739433, -26.110882001703093 ], [ 29.086872002940616, -26.117715001146419 ], [ 29.087967997724967, -26.129784998379041 ], [ 29.08931899977209, -26.144870996199604 ], [ 29.090450998914513, -26.157167002055598 ], [ 29.091285996051901, -26.166976999389085 ], [ 29.085297003154203, -26.167945005357801 ], [ 29.080791995953941, -26.168837996176688 ], [ 29.076425002312035, -26.169626002837862 ], [ 29.077511996681398, -26.175614995735557 ], [ 29.079103999949638, -26.184550003080233 ], [ 29.086343000129457, -26.184547002941866 ], [ 29.093290997681429, -26.184235000245117 ], [ 29.094997004408334, -26.193501001270253 ], [ 29.096080998639248, -26.198889997975044 ], [ 29.096725997806654, -26.202758000981024 ], [ 29.099512997726741, -26.217518008049684 ], [ 29.100614005332186, -26.223144002194022 ], [ 29.096967998174666, -26.222387003257687 ], [ 29.091244001309725, -26.221197998788657 ], [ 29.089631003368112, -26.227437003215183 ], [ 29.080870003148153, -26.223731996034925 ], [ 29.080633995862261, -26.223227003323636 ], [ 29.078976003040204, -26.223568002861125 ], [ 29.071037999404201, -26.225200998127605 ], [ 29.064749004363101, -26.226411002665774 ], [ 29.062298998400109, -26.22688200370164 ], [ 29.059272999149645, -26.227561002638272 ], [ 29.052395003926328, -26.228960998851097 ], [ 29.049265000779172, -26.229429006943189 ], [ 29.049303007028165, -26.228588001435206 ], [ 29.049354003084783, -26.22746099712737 ], [ 29.049475003268793, -26.222943998366915 ], [ 29.033262001140489, -26.225760003221641 ], [ 29.031139996813476, -26.225919998009548 ], [ 29.028550000582122, -26.226190005064744 ], [ 29.023829996956845, -26.226579998768038 ], [ 29.019020000872388, -26.227050001556368 ], [ 29.017430000394267, -26.227249990095082 ], [ 29.009639999086783, -26.227940001230149 ], [ 29.003449996020571, -26.228569999705762 ], [ 29.001080000041995, -26.228830000903926 ], [ 29.000869997552375, -26.228919999658334 ], [ 28.995949998193879, -26.231289997435564 ], [ 28.99327000230884, -26.232580003864179 ], [ 28.991349997404441, -26.233510003583902 ], [ 28.984219995956074, -26.236930010211932 ], [ 28.984150000821945, -26.235430001293608 ], [ 28.984060001168167, -26.233719997979637 ], [ 28.98405000340502, -26.233430001693275 ], [ 28.984029998885379, -26.233139999111774 ], [ 28.984020000222859, -26.232850002825501 ], [ 28.983570001954082, -26.223680001730774 ], [ 28.98353000100877, -26.22277999709933 ], [ 28.98298999409305, -26.211999999100719 ], [ 28.98296999766729, -26.211549999932661 ], [ 28.982219997255115, -26.196269998561711 ], [ 28.989659997710739, -26.195640000985385 ], [ 29.02028999558685, -26.193169998596627 ], [ 29.020229999115234, -26.187189998020131 ], [ 29.020170001744255, -26.180880002010603 ], [ 29.020160003981104, -26.180660000858463 ], [ 29.02004999890832, -26.174289999384076 ], [ 29.020000001099227, -26.171530001608335 ], [ 29.019869999600861, -26.165140002808908 ], [ 29.019810003129159, -26.160630000774045 ], [ 29.019610995750941, -26.146701998798303 ], [ 29.019609999302059, -26.146630000873962 ], [ 28.99784000081539, -26.147240002923912 ], [ 28.998349997354527, -26.138030001783235 ], [ 28.998529996662075, -26.135230003062262 ], [ 28.999009998112925, -26.126890005169709 ], [ 28.999009998112925, -26.126809995185205 ], [ 28.999019995876171, -26.126659998160438 ], [ 28.999080001341035, -26.125679998832982 ], [ 28.999160011325536, -26.124229996716998 ], [ 28.999350001201634, -26.120870003647806 ], [ 28.992510003234056, -26.119079999342578 ], [ 28.988629999674814, -26.118069988739073 ], [ 28.98154000007095, -26.116270001959091 ], [ 28.975460002077529, -26.114630001873135 ], [ 28.97267999978223, -26.1138599969414 ], [ 28.971870001999076, -26.113690004390257 ], [ 28.962200003927101, -26.111159997436012 ], [ 28.957959992759509, -26.110049996610183 ], [ 28.950439999406512, -26.108080001091285 ], [ 28.937049999757718, -26.104580000666516 ], [ 28.934510003134196, -26.103910002144968 ], [ 28.932750001111678, -26.103449997119782 ], [ 28.924100002413205, -26.101179998558223 ], [ 28.919584000101548, -26.100004999231402 ], [ 28.925250003285072, -26.085319998319317 ], [ 28.926540001619884, -26.081970003013264 ], [ 28.929680003429471, -26.073810004428253 ], [ 28.930009998862406, -26.072940001180239 ], [ 28.930949998143934, -26.070500001074276 ], [ 28.930430002942373, -26.069870002598662 ], [ 28.927910009939037, -26.06682000224141 ], [ 28.927420010724941, -26.066229995717777 ], [ 28.925409998072979, -26.063800003267584 ], [ 28.9235700022538, -26.061580004313843 ], [ 28.920650000697069, -26.058059999369611 ], [ 28.92066999712274, -26.057899995588365 ], [ 28.920700000304812, -26.057699999855142 ], [ 28.920929999220192, -26.055859996841463 ], [ 28.921365003991777, -26.052405997638719 ], [ 28.921429996197347, -26.051890000822958 ], [ 28.921459999379511, -26.051589998679557 ], [ 28.923019996675567, -26.039139999211653 ], [ 28.923050007951513, -26.038829999305108 ], [ 28.924929995722749, -26.023830001853156 ], [ 28.926439996108993, -26.023939997932686 ], [ 28.929340000340769, -26.02415999099086 ], [ 28.933760001822655, -26.024484999683086 ], [ 28.938240008769405, -26.024819998943862 ], [ 28.940510000136459, -26.024990002286906 ], [ 28.940990000688032, -26.025019994677081 ], [ 28.942790003655777, -26.025160002032568 ], [ 28.946260000898388, -26.025409998272892 ], [ 28.947320002116474, -26.025489999264064 ], [ 28.961720001576879, -26.026559998245389 ], [ 28.967549997934107, -26.026990000987869 ], [ 28.966799996622566, -26.024540003118759 ], [ 28.963999998800965, -26.015299990702129 ], [ 28.961280001970618, -26.006309997908122 ], [ 28.960090001052812, -26.002400000159973 ], [ 28.957839998916914, -25.994969998366766 ], [ 28.957529999010283, -25.993400000609636 ], [ 28.957030001133759, -25.991239999026792 ], [ 28.95680000311766, -25.991099999765275 ], [ 28.954699998006522, -25.980219997155228 ], [ 28.953660001308073, -25.974780002595161 ], [ 28.959759995727261, -25.972520002696037 ], [ 28.967250003884597, -25.969789999109281 ], [ 28.968720003325526, -25.969269996713027 ], [ 28.968649999198142, -25.960319996770529 ], [ 28.968959999104776, -25.94852999806103 ], [ 28.967409998672593, -25.942980000226925 ], [ 28.967400000909358, -25.94280999778324 ], [ 28.967350002200888, -25.941060001617842 ], [ 28.96709999876596, -25.938169987954705 ], [ 28.967080003239658, -25.937939998032579 ], [ 28.966420001581891, -25.928490000213372 ], [ 28.966219997754791, -25.925680010923852 ], [ 28.966200001329032, -25.925310005552358 ], [ 28.965700004351788, -25.918020002121487 ], [ 28.965679998932863, -25.917879994766 ], [ 28.971929999370055, -25.922620002910921 ], [ 28.98969999865605, -25.936400004356795 ], [ 28.993660004105923, -25.939520007942058 ], [ 28.999179998757953, -25.935499997926605 ], [ 28.999669998871422, -25.935150005168722 ], [ 28.999960002352292, -25.934940002679113 ], [ 29.005689992299352, -25.93101999907374 ], [ 29.008279995725296, -25.929270002908339 ], [ 29.013719998379244, -25.925579997319073 ], [ 29.021240000725498, -25.920420001282046 ], [ 29.026709996669069, -25.916650000996853 ], [ 29.045396999571935, -25.91916099988034 ], [ 29.046539000074894, -25.919338999994896 ], [ 29.049687999601542, -25.919942999969553 ], [ 29.052109999776714, -25.9214199997332 ] ], [ [ 29.034220001252077, -25.988632998414246 ], [ 29.032945002709781, -25.988818000650276 ], [ 29.032742996991761, -25.988830002102997 ], [ 29.032497000036596, -25.988830002102997 ], [ 29.032080004188881, -25.98888999857461 ], [ 29.031512004975088, -25.989112001617659 ], [ 29.030930003317014, -25.989339997742753 ], [ 29.030583002603521, -25.989484001685394 ], [ 29.023296961585537, -25.990803185718509 ], [ 29.023182004845676, -25.990823999627953 ], [ 29.020338997846522, -25.988638001342718 ], [ 29.019482998841426, -25.989240996774623 ], [ 29.018925988443616, -25.989634996957587 ], [ 29.014486079953862, -25.992875759336751 ], [ 29.015999339098254, -25.993317288162437 ], [ 29.017617372343956, -25.99493532140804 ], [ 29.02295504204157, -26.002423419405357 ], [ 29.024375041874755, -26.004072451382548 ], [ 29.02494611227328, -26.006737448374608 ], [ 29.023803970576768, -26.008260302770879 ], [ 29.023328079027674, -26.010639764113861 ], [ 29.025041291122797, -26.013590294956181 ], [ 29.026659324368399, -26.018063681993421 ], [ 29.027354789891707, -26.021610909415973 ], [ 29.039016988853003, -26.022292822392103 ], [ 29.04974699692643, -26.012751000858142 ], [ 29.050564001327629, -26.012047999016065 ], [ 29.05043000324212, -26.01191600372066 ], [ 29.049751003406115, -26.011337998649736 ], [ 29.04730399758148, -26.009494006243507 ], [ 29.044031004027701, -26.006941999174018 ], [ 29.040876000626941, -26.004513003172612 ], [ 29.040818856804819, -26.004979373599244 ], [ 29.039624447410322, -26.004663850956035 ], [ 29.03973175541627, -26.005568919669965 ], [ 29.038598205842597, -26.004638887574714 ], [ 29.038217234138102, -26.004326317405678 ], [ 29.037153004307797, -26.003453159335923 ], [ 29.035454917910169, -26.002059949407251 ], [ 29.035311875342778, -26.002323757435562 ], [ 29.035001534593235, -26.002896167823987 ], [ 29.035027303767055, -26.002951515699966 ], [ 29.03459000032835, -26.003860000039001 ], [ 29.034587823069618, -26.003898219427366 ], [ 29.034508001942843, -26.003839996418822 ], [ 29.034456000444095, -26.004021001168319 ], [ 29.033444004137515, -26.005975995995499 ], [ 29.033163001071632, -26.006430000743961 ], [ 29.033103458757711, -26.007361525713922 ], [ 29.032619779079617, -26.007354378801622 ], [ 29.031944003313161, -26.008411000367509 ], [ 29.031358999718087, -26.007884000346372 ], [ 29.030265996978216, -26.008798999374381 ], [ 29.029737969931418, -26.008310660308759 ], [ 29.029738861159576, -26.008309029837886 ], [ 29.029727435272939, -26.008280467369758 ], [ 29.029725410899029, -26.008275405985298 ], [ 29.02972505926413, -26.008274526448314 ], [ 29.02881874139182, -26.00889790681298 ], [ 29.026112178634172, -26.005789862412293 ], [ 29.025873000338692, -26.005530999755901 ], [ 29.026161722285668, -26.00490482969424 ], [ 29.026287278435142, -26.004626857343681 ], [ 29.026344999622083, -26.004413000359733 ], [ 29.02657000010548, -26.004063999553974 ], [ 29.02671699968981, -26.003806000246811 ], [ 29.026799999920144, -26.003459000432596 ], [ 29.026858999942963, -26.003290999879837 ], [ 29.026927000380784, -26.002918999812024 ], [ 29.02699199978095, -26.002681999674635 ], [ 29.027084999573088, -26.002219999953134 ], [ 29.027140000310833, -26.001960999700422 ], [ 29.027217000264358, -26.001758000231547 ], [ 29.027545000101689, -26.001175000326125 ], [ 29.027678999985945, -26.000859000142864 ], [ 29.028017468831163, -26.000001347284439 ], [ 29.028008999915457, -25.999410999917806 ], [ 29.028103999799775, -25.999123000126414 ], [ 29.028166304831128, -25.999033913284599 ], [ 29.028325000098725, -25.998806999943142 ], [ 29.028547000443762, -25.998433999829235 ], [ 29.028609999751758, -25.998089000107285 ], [ 29.028815000212184, -25.997600000040102 ], [ 29.028989000142296, -25.997256000364157 ], [ 29.028952818617675, -25.996744447998001 ], [ 29.028923999842757, -25.996337000252414 ], [ 29.028892000165708, -25.995964000138503 ], [ 29.028812000073824, -25.995647999955331 ], [ 29.028805101374349, -25.99558423082766 ], [ 29.028962980057543, -25.995669242841355 ], [ 29.029110789931039, -25.995736429392785 ], [ 29.029110789931039, -25.995857363926287 ], [ 29.029164538812473, -25.995924551377005 ], [ 29.029245162134625, -25.995978300258436 ], [ 29.029379535237407, -25.99603204913987 ], [ 29.029379535237407, -25.996099234791942 ], [ 29.029406408778836, -25.996166421343368 ], [ 29.029540781881618, -25.996206732554715 ], [ 29.02962140520377, -25.996247044665431 ], [ 29.029715466195832, -25.996179858113994 ], [ 29.029796090417261, -25.996166421343368 ], [ 29.029836400729423, -25.996233606995435 ], [ 29.029809527187982, -25.996287356776147 ], [ 29.029822963958701, -25.996327667987583 ], [ 29.030024522713635, -25.996287356776151 ], [ 29.030105146935064, -25.996367980098295 ], [ 29.03015889581641, -25.996462041090446 ], [ 29.030333580130712, -25.996569538853141 ], [ 29.030441077893492, -25.996623287734664 ], [ 29.030441077893492, -25.99671734872673 ], [ 29.030535138885643, -25.996811408819603 ], [ 29.030535138885643, -25.996892033040936 ], [ 29.030588887766985, -25.996972656363095 ], [ 29.030723259970483, -25.997053279685154 ], [ 29.030790445622639, -25.997120466236591 ], [ 29.030911381954787, -25.997214527228746 ], [ 29.030978567606851, -25.997308588220889 ], [ 29.031099503039716, -25.997402649212951 ], [ 29.031368248346084, -25.997563895857169 ], [ 29.031542932660297, -25.997738580171383 ], [ 29.031731053745229, -25.997899826815591 ], [ 29.031851990077289, -25.99800732457846 ], [ 29.031959487840155, -25.998141697681238 ], [ 29.032040111162217, -25.998262633114106 ], [ 29.032080423273026, -25.998370130876982 ], [ 29.032187921035714, -25.998558251961814 ], [ 29.0323222932393, -25.998638876183254 ], [ 29.032363999299246, -25.998953996829634 ], [ 29.032567003264703, -25.998082996233361 ], [ 29.032543997707332, -25.998053999392702 ], [ 29.032645990719949, -25.997625002092263 ], [ 29.032878997867481, -25.997231002808572 ], [ 29.032977000588172, -25.997057003777829 ], [ 29.033210996989979, -25.996639991742359 ], [ 29.033600001438991, -25.99619099891553 ], [ 29.034868998805294, -25.997158996790365 ], [ 29.035609000554945, -25.997740999347705 ], [ 29.036008002767193, -25.99805499674077 ], [ 29.036561997738065, -25.99848700227346 ], [ 29.037321995913398, -25.99853300259602 ], [ 29.038319996970394, -25.998593998214535 ], [ 29.03831099565603, -25.998965000034818 ], [ 29.038864001372627, -25.999005000980137 ], [ 29.039100997912794, -25.999021997267452 ], [ 29.0391520020633, -25.999073002317321 ], [ 29.039248001993791, -25.999110999573055 ], [ 29.039391001393671, -25.999166991363644 ], [ 29.039421003676374, -25.999100003562379 ], [ 29.039511004229514, -25.998896010342641 ], [ 29.040296999107323, -25.997120001287087 ], [ 29.040604997122948, -25.9964250034113 ], [ 29.040731996684393, -25.996135997278589 ], [ 29.041552001223952, -25.994274998692337 ], [ 29.041952000784271, -25.993371003768885 ], [ 29.04235100299643, -25.992467998099706 ], [ 29.042365995594263, -25.992433998330487 ], [ 29.042495997092626, -25.992141001905768 ], [ 29.042566000320729, -25.991981996372136 ], [ 29.042653997184303, -25.991779989754743 ], [ 29.043399001862518, -25.990085003320338 ], [ 29.043489999763732, -25.989819999193692 ], [ 29.04345999658166, -25.989590001177689 ], [ 29.043326995844218, -25.989379998688069 ], [ 29.04321999990313, -25.989289990940414 ], [ 29.0431099957298, -25.989259995852226 ], [ 29.043074998612333, -25.98926599702822 ], [ 29.042919001310946, -25.989290996382454 ], [ 29.042720002925797, -25.989339997742757 ], [ 29.041620000762489, -25.988545998898839 ], [ 29.041249996290361, -25.988329996132496 ], [ 29.041090000603081, -25.988230005910083 ], [ 29.04086000168779, -25.988239997378095 ], [ 29.04065399758397, -25.98831200339631 ], [ 29.040320003765235, -25.988409998023119 ], [ 29.04021999825434, -25.988520998645235 ], [ 29.039059002271166, -25.987950001091729 ], [ 29.038771998928652, -25.987857001299602 ], [ 29.038396001374405, -25.987769004436114 ], [ 29.038120001237168, -25.98774000669599 ], [ 29.037829000408049, -25.98775400284503 ], [ 29.03750999918714, -25.9877700008849 ], [ 29.036549997184718, -25.988030002082983 ], [ 29.035999999700277, -25.988099998116482 ], [ 29.035165002562881, -25.988393999083875 ], [ 29.03506900173311, -25.988427998853098 ], [ 29.034769997837241, -25.988529999959599 ], [ 29.034220001252077, -25.988632998414246 ] ] ] } },
{ "type": "Feature", "properties": { "Municipali": "Emalahleni Local Municipality", "WardNo": "31", "WardLabel": "MP312_31", "Province": "Mpumalanga", "CLASSIFICATION": "Mining", "PopGBlack": 9525.9415479, "PopGColour": 34.39846762, "PopGIndian": 8.379164216, "PopGWhite": 12.522375096, "PopGOther": 0.081314124, "PopGTotal": 9581.322869 }, "geometry": { "type": "Polygon", "coordinates": [ [ [ 29.039059002271166, -25.987950001091729 ], [ 29.04021999825434, -25.988520998645235 ], [ 29.040320003765235, -25.988409998023119 ], [ 29.04065399758397, -25.98831200339631 ], [ 29.04086000168779, -25.988239997378095 ], [ 29.041090000603081, -25.988230005910083 ], [ 29.041249996290361, -25.988329996132496 ], [ 29.041620000762489, -25.988545998898839 ], [ 29.042720002925797, -25.989339997742757 ], [ 29.042919001310946, -25.989290996382454 ], [ 29.043074998612333, -25.98926599702822 ], [ 29.0431099957298, -25.989259995852226 ], [ 29.04321999990313, -25.989289990940414 ], [ 29.043326995844218, -25.989379998688069 ], [ 29.04345999658166, -25.989590001177689 ], [ 29.043489999763732, -25.989819999193692 ], [ 29.043399001862518, -25.990085003320338 ], [ 29.042653997184303, -25.991779989754743 ], [ 29.042566000320729, -25.991981996372136 ], [ 29.042495997092626, -25.992141001905768 ], [ 29.042365995594263, -25.992433998330487 ], [ 29.04235100299643, -25.992467998099706 ], [ 29.041952000784271, -25.993371003768885 ], [ 29.041552001223952, -25.994274998692337 ], [ 29.040731996684393, -25.996135997278589 ], [ 29.040604997122948, -25.9964250034113 ], [ 29.040296999107323, -25.997120001287087 ], [ 29.039511004229514, -25.998896010342641 ], [ 29.039421003676374, -25.999100003562379 ], [ 29.039391001393671, -25.999166991363644 ], [ 29.039248001993791, -25.999110999573055 ], [ 29.0391520020633, -25.999073002317321 ], [ 29.039100997912794, -25.999021997267452 ], [ 29.038864001372627, -25.999005000980137 ], [ 29.03831099565603, -25.998965000034818 ], [ 29.038319996970394, -25.998593998214535 ], [ 29.037321995913398, -25.99853300259602 ], [ 29.036561997738065, -25.99848700227346 ], [ 29.036008002767193, -25.99805499674077 ], [ 29.035609000554945, -25.997740999347705 ], [ 29.034868998805294, -25.997158996790365 ], [ 29.033600001438991, -25.99619099891553 ], [ 29.034269999960632, -25.995390002446726 ], [ 29.03158899143887, -25.993486002776883 ], [ 29.031637999993769, -25.993474998672326 ], [ 29.032158002389934, -25.99341099662022 ], [ 29.032308996762854, -25.993391998442082 ], [ 29.033730002037988, -25.993217001163725 ], [ 29.033805000100678, -25.993208998096893 ], [ 29.033866002913797, -25.9932029969208 ], [ 29.033259001002129, -25.992754004094067 ], [ 29.032968000173092, -25.991906998309354 ], [ 29.032385997615744, -25.990821997737118 ], [ 29.032412011405267, -25.990637010789495 ], [ 29.033073998766103, -25.990344997323827 ], [ 29.034027003143738, -25.989841999308936 ], [ 29.034530001158625, -25.989366003438398 ], [ 29.035004002332844, -25.988694997676067 ], [ 29.035165002562881, -25.988393999083875 ], [ 29.035999999700277, -25.988099998116482 ], [ 29.036549997184718, -25.988030002082983 ], [ 29.03750999918714, -25.9877700008849 ], [ 29.037829000408049, -25.98775400284503 ], [ 29.038120001237168, -25.98774000669599 ], [ 29.038396001374405, -25.987769004436114 ], [ 29.038771998928652, -25.987857001299602 ], [ 29.039059002271166, -25.987950001091729 ] ] ] } },
{ "type": "Feature", "properties": { "Municipali": "Emalahleni Local Municipality", "WardNo": "32", "WardLabel": "MP312_32", "Province": "Mpumalanga", "CLASSIFICATION": "Mining", "PopGBlack": 10945.981679, "PopGColour": 71.990209915999998, "PopGIndian": 6.749072292, "PopGWhite": 167.58379908000001, "PopGOther": 72.325256495999994, "PopGTotal": 11264.630017 }, "geometry": { "type": "Polygon", "coordinates": [ [ [ 29.388819997744758, -26.050570000205436 ], [ 29.39972999724165, -26.060710001065825 ], [ 29.402447999375759, -26.063212007628117 ], [ 29.399849999178208, -26.064489998214899 ], [ 29.394200003027809, -26.067090001202647 ], [ 29.388549998783432, -26.069700001953635 ], [ 29.387110003423953, -26.075559999694292 ], [ 29.386400003057716, -26.078409997123721 ], [ 29.383480002400269, -26.078659999659369 ], [ 29.374790002756487, -26.079400003207677 ], [ 29.366110001775219, -26.080129999100212 ], [ 29.360350002350771, -26.082810003079306 ], [ 29.352730001688226, -26.086350004449219 ], [ 29.34976000232232, -26.087730003337093 ], [ 29.342000003297628, -26.091339998941844 ], [ 29.334250002035994, -26.094950002640577 ], [ 29.333721588280749, -26.095195987904557 ], [ 29.333670003168127, -26.095220001601895 ], [ 29.333677150979803, -26.095226370600557 ], [ 29.3352480030929, -26.096625998091348 ], [ 29.334995000418974, -26.096688995600786 ], [ 29.32923100170936, -26.097934007148773 ], [ 29.327171395043877, -26.099412611302998 ], [ 29.326890709438722, -26.101475139865872 ], [ 29.326775795866372, -26.102088009853876 ], [ 29.326622579268651, -26.102375292885558 ], [ 29.323481619681029, -26.1069526658329 ], [ 29.323232640573917, -26.107144188153836 ], [ 29.32298366326555, -26.106933513870658 ], [ 29.322715532196113, -26.106493013341982 ], [ 29.322715532196113, -26.106014208888741 ], [ 29.322715532196113, -26.105497099611469 ], [ 29.322734685057718, -26.104845924799633 ], [ 29.322715532196113, -26.104309663560215 ], [ 29.322562314699109, -26.103811707144647 ], [ 29.322160118994372, -26.103581880899142 ], [ 29.321862019816407, -26.103224242105192 ], [ 29.317079000695376, -26.106657997568622 ], [ 29.315365997243042, -26.108682989328582 ], [ 29.302436002619434, -26.124882999850609 ], [ 29.302436002619434, -26.125505999802158 ], [ 29.302437998215115, -26.125555002061823 ], [ 29.294922478300183, -26.135667555095178 ], [ 29.293295998411633, -26.170894002856002 ], [ 29.292668001826854, -26.171754996695871 ], [ 29.28249600308807, -26.183081999234989 ], [ 29.284384002919481, -26.186708001872866 ], [ 29.284630990028198, -26.187151003416133 ], [ 29.278123000176375, -26.187626999286682 ], [ 29.27792784459437, -26.187646389569302 ], [ 29.269789999908607, -26.188454997899907 ], [ 29.26057099835295, -26.19224999664014 ], [ 29.260302003934381, -26.192360998161629 ], [ 29.250113000814409, -26.197633002061465 ], [ 29.249703999939729, -26.197844999247405 ], [ 29.241098997920439, -26.20272000282592 ], [ 29.234876997875208, -26.206193997555047 ], [ 29.225569002107818, -26.211425999610288 ], [ 29.220450002565606, -26.214303000083518 ], [ 29.21903499936575, -26.221933987763407 ], [ 29.216841993563197, -26.237668999324949 ], [ 29.216031995780039, -26.241431002838535 ], [ 29.207995998416674, -26.242895001103467 ], [ 29.20563500195389, -26.243283998357974 ], [ 29.187051995753038, -26.246342001782054 ], [ 29.186640002833968, -26.245738998256272 ], [ 29.18001900057649, -26.236035996863873 ], [ 29.177992997079254, -26.233278001878418 ], [ 29.175375001355317, -26.229301999287863 ], [ 29.170818000750181, -26.22287899806738 ], [ 29.169779002299176, -26.222673999405675 ], [ 29.168472996031952, -26.221994001322152 ], [ 29.166466997054361, -26.220949999043302 ], [ 29.154821002287498, -26.215973003351557 ], [ 29.152967998674193, -26.214266996624644 ], [ 29.147238998880781, -26.208963003839667 ], [ 29.140617989428701, -26.202962002294647 ], [ 29.136125007063434, -26.199050999104362 ], [ 29.132968001771939, -26.196132002989582 ], [ 29.132574999836411, -26.195643997572535 ], [ 29.128728996945668, -26.192130001898189 ], [ 29.126179000760349, -26.189799002322154 ], [ 29.123054998789197, -26.186943003716713 ], [ 29.122915929426679, -26.186778032979916 ], [ 29.122417020629026, -26.187070427758087 ], [ 29.121510333135404, -26.18771602767259 ], [ 29.12105936269948, -26.187967622008266 ], [ 29.120366292070766, -26.188276181200859 ], [ 29.119991274777551, -26.188418593343478 ], [ 29.119502327770224, -26.188527774637166 ], [ 29.119013380762983, -26.188641704351276 ], [ 29.11828708108392, -26.188693921687236 ], [ 29.115130288032425, -26.188769874829948 ], [ 29.111968748359075, -26.188779368972753 ], [ 29.11138485992343, -26.188812598023016 ], [ 29.110924395344611, -26.188902792829751 ], [ 29.110416460051585, -26.189016721644496 ], [ 29.109732883565766, -26.189263569358321 ], [ 29.108930630744084, -26.189591115937336 ], [ 29.107829313771891, -26.190080062944656 ], [ 29.10497633239186, -26.191238344773868 ], [ 29.103329102656044, -26.187730269336527 ], [ 29.102792685833794, -26.186505529406695 ], [ 29.102351210440037, -26.185589346870902 ], [ 29.102009421297808, -26.184953241099294 ], [ 29.101805297676332, -26.184620946999232 ], [ 29.101696806162781, -26.184445248249727 ], [ 29.097394999879413, -26.184356000429133 ], [ 29.093290997681429, -26.184235000245117 ], [ 29.086343000129457, -26.184547002941866 ], [ 29.079103999949638, -26.184550003080233 ], [ 29.077511996681398, -26.175614995735557 ], [ 29.076425002312035, -26.169626002837862 ], [ 29.080791995953941, -26.168837996176688 ], [ 29.085297003154203, -26.167945005357801 ], [ 29.091285996051901, -26.166976999389085 ], [ 29.090450998914513, -26.157167002055598 ], [ 29.08931899977209, -26.144870996199604 ], [ 29.087967997724967, -26.129784998379041 ], [ 29.086872002940616, -26.117715001146419 ], [ 29.086405996739433, -26.110882001703093 ], [ 29.084542997161627, -26.107361997658135 ], [ 29.082350996801111, -26.102764996107773 ], [ 29.079826999116747, -26.097800998317531 ], [ 29.077085010265041, -26.092425996862328 ], [ 29.070011000607259, -26.078266997723837 ], [ 29.068349998653588, -26.07510799773603 ], [ 29.067717998287062, -26.074062001660135 ], [ 29.061188001125398, -26.060923002794436 ], [ 29.061082999880544, -26.060960003601391 ], [ 29.06102700089545, -26.060641999728549 ], [ 29.068649004348103, -26.057402001401325 ], [ 29.083401000255961, -26.049726001753683 ], [ 29.086126997363028, -26.048272002151272 ], [ 29.089387001109273, -26.046613002987808 ], [ 29.089988001844848, -26.046692995885092 ], [ 29.091108000433923, -26.046862998328773 ], [ 29.093247996597839, -26.047072999919113 ], [ 29.093678000239514, -26.044793002695027 ], [ 29.093368000332966, -26.04442299822281 ], [ 29.097828001860886, -26.041883998048164 ], [ 29.103807497018391, -26.038784259785828 ], [ 29.103808003336756, -26.038783998083083 ], [ 29.110638001742448, -26.03502399735968 ], [ 29.108920439626623, -26.016378125849869 ], [ 29.108858003294252, -26.015034994669378 ], [ 29.10881800234894, -26.014494996746734 ], [ 29.107937514804554, -26.00522215008225 ], [ 29.107931680902389, -26.005160704802719 ], [ 29.118464183675179, -26.001886352373351 ], [ 29.137536791589696, -25.995883909215102 ], [ 29.141619507734148, -25.994537285967077 ], [ 29.149675998848291, -25.995733994028704 ], [ 29.154248000145138, -25.996412003711058 ], [ 29.175095003731471, -25.998939003332431 ], [ 29.175306002669878, -25.998906998259443 ], [ 29.17689798615314, -25.998657279010256 ], [ 29.177498169405041, -26.000897430871859 ], [ 29.204917100144069, -26.024285397852914 ], [ 29.204911687124707, -26.024290655289615 ], [ 29.200080700863722, -26.028982280807657 ], [ 29.200055679026406, -26.029006581388664 ], [ 29.200052478339316, -26.02900969034496 ], [ 29.199907996856627, -26.029150002570628 ], [ 29.200942997821112, -26.029892997264128 ], [ 29.215956000369182, -26.042090003051268 ], [ 29.216991002233041, -26.04306300385467 ], [ 29.221505998203295, -26.046738998006489 ], [ 29.223253002324306, -26.047977002936442 ], [ 29.224276001836071, -26.047593002315274 ], [ 29.228961014639115, -26.053130011241123 ], [ 29.228986327856774, -26.053159927188972 ], [ 29.231397001970077, -26.056008995618679 ], [ 29.232541319126664, -26.056035439284166 ], [ 29.232799287856864, -26.056041399990676 ], [ 29.254375999552778, -26.056539994025616 ], [ 29.2706269998362, -26.056915002325585 ], [ 29.299758999678151, -26.057951000638237 ], [ 29.302595999206076, -26.057666998333367 ], [ 29.305528000416963, -26.052172991390556 ], [ 29.30630000004501, -26.050584002649703 ], [ 29.307552999371435, -26.048225002681804 ], [ 29.315253001025237, -26.027276996236509 ], [ 29.315866003213536, -26.025597003299115 ], [ 29.316889002725397, -26.02285799929729 ], [ 29.317600000439697, -26.020994002371413 ], [ 29.322142996801912, -26.008625997691716 ], [ 29.324206001106095, -26.003031004077606 ], [ 29.32511100237096, -26.000604002772615 ], [ 29.326597997199912, -25.997545990355285 ], [ 29.325781000892505, -25.99720399257026 ], [ 29.325709002968175, -25.989370998273074 ], [ 29.32564598927107, -25.982465002657786 ], [ 29.325893997110313, -25.982221997747018 ], [ 29.348545999398439, -25.959442995897636 ], [ 29.360750001911089, -25.960009996863977 ], [ 29.34969999685736, -25.969520000147959 ], [ 29.347850003275131, -25.971140003808245 ], [ 29.329759997326097, -25.986920003055808 ], [ 29.332540006815904, -25.990690002441724 ], [ 29.340959999404486, -26.000570002104027 ], [ 29.345259998050526, -26.005620002960811 ], [ 29.345529997911129, -26.005919997010317 ], [ 29.34769000039325, -26.008489996815999 ], [ 29.34976000232232, -26.010869998651607 ], [ 29.352550002380767, -26.01418999976875 ], [ 29.359280003369534, -26.021300003892158 ], [ 29.362639997338096, -26.024879998113502 ], [ 29.363270003008306, -26.025560003391533 ], [ 29.364390000698009, -26.026739997552941 ], [ 29.366820002141448, -26.029319996021048 ], [ 29.372739997253088, -26.035590000078511 ], [ 29.386959998305311, -26.048830001803179 ], [ 29.388819997744758, -26.050570000205436 ] ] ] } },
{ "type": "Feature", "properties": { "Municipali": "Emalahleni Local Municipality", "WardNo": "33", "WardLabel": "MP312_33", "Province": "Mpumalanga", "CLASSIFICATION": "Mining", "PopGBlack": 7608.986562, "PopGColour": 181.60145772000001, "PopGIndian": 159.86992892000001, "PopGWhite": 5349.5451309, "PopGOther": 90.243942372000006, "PopGTotal": 13390.247022 }, "geometry": { "type": "Polygon", "coordinates": [ [ [ 29.232039761825639, -25.898935244366097 ], [ 29.234722844183977, -25.90253770994741 ], [ 29.236423000820874, -25.901673999255731 ], [ 29.237716996642124, -25.901190997666522 ], [ 29.237746001576753, -25.901196997943146 ], [ 29.239639566412883, -25.901721271219763 ], [ 29.239659873104678, -25.901726931552766 ], [ 29.241910407639235, -25.902354355269303 ], [ 29.242075560039076, -25.902402523857447 ], [ 29.242199423664566, -25.902457574957211 ], [ 29.242330169801591, -25.902547032319799 ], [ 29.24395416555236, -25.903758148419918 ], [ 29.245406807178458, -25.904770310201766 ], [ 29.24608738082798, -25.905244517320675 ], [ 29.246541549253163, -25.90553353334592 ], [ 29.247078772767193, -25.905869716114573 ], [ 29.247111356104288, -25.905837995227401 ], [ 29.249188782836082, -25.906948015838299 ], [ 29.248217962888717, -25.908547014033573 ], [ 29.249721782234566, -25.909213263281615 ], [ 29.247875321189166, -25.912506436722758 ], [ 29.248846141136532, -25.912982329171221 ], [ 29.248217962888717, -25.91402929201822 ], [ 29.248219009699621, -25.914166572629284 ], [ 29.246615728033436, -25.91717457374769 ], [ 29.246580890961635, -25.917233772602309 ], [ 29.248234998746245, -25.917918001014989 ], [ 29.252534000943491, -25.919896001399451 ], [ 29.252537841048614, -25.91989765974926 ], [ 29.251728080686384, -25.926082900005856 ], [ 29.251563409423888, -25.926782584248944 ], [ 29.251242385627638, -25.926747508890504 ], [ 29.25122084866333, -25.926657784429302 ], [ 29.251182862199315, -25.926585610237794 ], [ 29.249553248383688, -25.927125016406507 ], [ 29.248915076869391, -25.927185794388976 ], [ 29.247410327624536, -25.926537146672015 ], [ 29.246352107064116, -25.926072945410137 ], [ 29.246325467346484, -25.926111236744241 ], [ 29.245877041092665, -25.92695553916689 ], [ 29.243198478726885, -25.925789076205021 ], [ 29.243126300938073, -25.925762166690756 ], [ 29.243247748085171, -25.925507955327955 ], [ 29.239655020362914, -25.924029531937393 ], [ 29.238240185336355, -25.923568517872866 ], [ 29.238109592983427, -25.923386031040557 ], [ 29.237814659419008, -25.923844711364417 ], [ 29.237728998094845, -25.923826002767871 ], [ 29.234297996355501, -25.923247998596334 ], [ 29.234035904233632, -25.923307466266671 ], [ 29.233804414242368, -25.922566755851179 ], [ 29.233586837662504, -25.921813609610432 ], [ 29.233475260574934, -25.921344986382113 ], [ 29.23343062991967, -25.92088194074908 ], [ 29.233385999264495, -25.92028500315045 ], [ 29.233369262881197, -25.919715958924396 ], [ 29.233413892637088, -25.919236177807424 ], [ 29.233503154846716, -25.918750817296441 ], [ 29.23362031132838, -25.918265455886178 ], [ 29.233863601324174, -25.91730817343349 ], [ 29.232359996916351, -25.918489988722055 ], [ 29.23069799761452, -25.919710000915906 ], [ 29.230616001926951, -25.919421002877073 ], [ 29.230216998815511, -25.9176450019154 ], [ 29.230008002667304, -25.916773003970967 ], [ 29.22998600255206, -25.916622002403628 ], [ 29.229962001445266, -25.916461001274318 ], [ 29.229714000800534, -25.915299997197167 ], [ 29.229580002715025, -25.914675009744002 ], [ 29.229425002761705, -25.913981001122316 ], [ 29.229098995822039, -25.912539999421508 ], [ 29.228948999696652, -25.912594003710375 ], [ 29.228570991258231, -25.912793002095434 ], [ 29.227472999979003, -25.91337300186267 ], [ 29.224952002433081, -25.914566993072395 ], [ 29.224435000175191, -25.914811003425111 ], [ 29.224236079131821, -25.914895867950033 ], [ 29.224370960351525, -25.914320919674736 ], [ 29.224413647571865, -25.914192857114799 ], [ 29.224423133620785, -25.914026850358901 ], [ 29.224413647571865, -25.913894043875047 ], [ 29.224366217327148, -25.913808669434644 ], [ 29.22430455710969, -25.913685348999707 ], [ 29.224271355938363, -25.913618945757875 ], [ 29.224276098962825, -25.913557286439691 ], [ 29.22430455710969, -25.913462425050991 ], [ 29.22430455710969, -25.913377048811842 ], [ 29.224295071060762, -25.913263216224482 ], [ 29.224261868990158, -25.913158867887496 ], [ 29.224195465748231, -25.913040291376394 ], [ 29.224114834332198, -25.912893255819149 ], [ 29.224095862234353, -25.912807881378665 ], [ 29.224100605258812, -25.912731992087899 ], [ 29.224143293378344, -25.912656102796959 ], [ 29.224171750625835, -25.912547012334784 ], [ 29.224152779427264, -25.912181795853282 ], [ 29.224100605258812, -25.911882981714335 ], [ 29.223877681309997, -25.910469547831426 ], [ 29.22375436087507, -25.909753343941716 ], [ 29.223711672755545, -25.909530419992993 ], [ 29.22367372855976, -25.909440301628663 ], [ 29.223602583192736, -25.909359670212638 ], [ 29.223497394888891, -25.909261269092404 ], [ 29.223308512078258, -25.909084572095459 ], [ 29.221767014735946, -25.907628449193648 ], [ 29.221653450146665, -25.907449421153959 ], [ 29.220277690662993, -25.905280629597403 ], [ 29.220197951374399, -25.905170355627533 ], [ 29.220380997585032, -25.905087998412448 ], [ 29.221815000761772, -25.904466003003666 ], [ 29.221862996680031, -25.904129998300846 ], [ 29.220345002220121, -25.898632001066034 ], [ 29.220026001898496, -25.897671999063611 ], [ 29.219562988641073, -25.896009002413617 ], [ 29.220737996061679, -25.89115499170957 ], [ 29.221713997902715, -25.887153996959483 ], [ 29.221774003367578, -25.886718999382325 ], [ 29.222990000987778, -25.887065002747761 ], [ 29.223821604083849, -25.887300890423809 ], [ 29.223821997986892, -25.887301001939761 ], [ 29.223839878307761, -25.887306005767606 ], [ 29.224139265314854, -25.887451686046553 ], [ 29.225029741629317, -25.887706107850622 ], [ 29.2261587397341, -25.888071838744455 ], [ 29.227017414222324, -25.88832626144789 ], [ 29.228607551397417, -25.888819204143005 ], [ 29.230006872219388, -25.889280344112684 ], [ 29.231263081226249, -25.889661976818829 ], [ 29.231699346847478, -25.889801912228581 ], [ 29.231616959055511, -25.889987542191353 ], [ 29.231411663617436, -25.890450097693972 ], [ 29.23113832367476, -25.891118907311789 ], [ 29.23102200985787, -25.891386430439439 ], [ 29.230952220668513, -25.891619058972491 ], [ 29.230899880125406, -25.891950556273219 ], [ 29.23084753778366, -25.892305315438023 ], [ 29.230702145287836, -25.892782205234653 ], [ 29.22978907620492, -25.894934023886176 ], [ 29.229707655184239, -25.895143389655793 ], [ 29.229678577404499, -25.89532367674629 ], [ 29.22967276058947, -25.895556307078003 ], [ 29.229736733863174, -25.895794750627353 ], [ 29.22984141674802, -25.896056458738617 ], [ 29.232039761825639, -25.898935244366097 ] ] ] } },
{ "type": "Feature", "properties": { "Municipali": "Emalahleni Local Municipality", "WardNo": "34", "WardLabel": "MP312_34", "Province": "Mpumalanga", "CLASSIFICATION": "Mining", "PopGBlack": 1440.1034107, "PopGColour": 117.76673276, "PopGIndian": 306.54517484000002, "PopGWhite": 3990.2892128, "PopGOther": 26.162628248000001, "PopGTotal": 5880.8671593 }, "geometry": { "type": "Polygon", "coordinates": [ [ [ 29.286514999567601, -25.840394996332044 ], [ 29.302263999184287, -25.844655003026013 ], [ 29.3046560033719, -25.844643999820821 ], [ 29.309400000909374, -25.844619997814757 ], [ 29.310399995763227, -25.844609999152219 ], [ 29.312060000368739, -25.844590010820436 ], [ 29.317060001617858, -25.844560000443675 ], [ 29.317209998642525, -25.844560000443675 ], [ 29.321019998973846, -25.844449996270352 ], [ 29.335209996843997, -25.844230004111463 ], [ 29.340665996638531, -25.84424000187461 ], [ 29.342789995661771, -25.851129997651384 ], [ 29.34340000580568, -25.85532000201653 ], [ 29.345659997610845, -25.867420000632574 ], [ 29.346599996892365, -25.873220001901611 ], [ 29.346750009205607, -25.874139995764313 ], [ 29.346890000373243, -25.875440000855438 ], [ 29.346949996844941, -25.87603999704826 ], [ 29.34783999741801, -25.881240002124482 ], [ 29.349720001377001, -25.891520002246381 ], [ 29.350039999046786, -25.893390001247635 ], [ 29.350740000750502, -25.897550002430719 ], [ 29.351040002893892, -25.899280001271077 ], [ 29.357809996734002, -25.899190001617306 ], [ 29.380436998768531, -25.898970998712695 ], [ 29.375529998210908, -25.913320002116478 ], [ 29.364920000857413, -25.942980000226921 ], [ 29.361140001010327, -25.94138000198555 ], [ 29.35405890379543, -25.938446019568271 ], [ 29.355043236056549, -25.928589403178524 ], [ 29.350047821349857, -25.926716457098873 ], [ 29.345786650033883, -25.923043050296574 ], [ 29.336242026448438, -25.919989495818687 ], [ 29.330065717359023, -25.927889217113755 ], [ 29.325935002598293, -25.92664500056636 ], [ 29.317546003345434, -25.92443500027515 ], [ 29.311148762305599, -25.922105294823567 ], [ 29.309791601701168, -25.922758268279587 ], [ 29.308826436690765, -25.923294471063091 ], [ 29.308311681838692, -25.923830673846602 ], [ 29.30743231035293, -25.925160456390056 ], [ 29.306402800648772, -25.92629720575146 ], [ 29.305308947150241, -25.926919201160239 ], [ 29.304365230970721, -25.927326714556237 ], [ 29.30327137657282, -25.927541195669736 ], [ 29.30187725023498, -25.927648437125708 ], [ 29.300311537747319, -25.927584092431964 ], [ 29.29887451464716, -25.927391059250077 ], [ 29.29668680765009, -25.926747615909775 ], [ 29.294928062879915, -25.926168517263328 ], [ 29.293898554075039, -25.925782450899469 ], [ 29.292997733758479, -25.925632315379094 ], [ 29.291989672885126, -25.92565376331061 ], [ 29.291260436919647, -25.925761002967949 ], [ 29.290702786204708, -25.925954036149925 ], [ 29.290166584320481, -25.926297205751457 ], [ 29.289759069125825, -25.926661824183881 ], [ 29.289437348355001, -25.92724092283034 ], [ 29.289265763104549, -25.927798572646079 ], [ 29.289158521648481, -25.928506360680046 ], [ 29.289072729922669, -25.929171251951772 ], [ 29.288858248809174, -25.929793247360561 ], [ 29.288579423901393, -25.930200760756556 ], [ 29.288193358436818, -25.930479586563806 ], [ 29.287678602685368, -25.930608275051927 ], [ 29.287120951970433, -25.930715515608632 ], [ 29.286498956561655, -25.930865652927569 ], [ 29.285705376801697, -25.930908548790605 ], [ 29.284997589667018, -25.930929996722039 ], [ 29.283817944442674, -25.930758412370867 ], [ 29.283367534284348, -25.930372346007015 ], [ 29.282981467920493, -25.929814695291984 ], [ 29.282788434738524, -25.929428629827498 ], [ 29.282488160999844, -25.929085460225874 ], [ 29.282080646704472, -25.92882808324952 ], [ 29.281823269728203, -25.928549257442363 ], [ 29.281565892751857, -25.928442016885665 ], [ 29.281222723150226, -25.928399120123345 ], [ 29.281115481694158, -25.928141743146995 ], [ 29.280901000580755, -25.927669885057238 ], [ 29.280579279809931, -25.927433956012308 ], [ 29.280128868752325, -25.927498299806778 ], [ 29.279721355356322, -25.927648437125711 ], [ 29.279399633686214, -25.927605540363487 ], [ 29.278949222628608, -25.927198026068105 ], [ 29.278563157164033, -25.92668327211539 ], [ 29.278155642868661, -25.9263615504453 ], [ 29.277469303665498, -25.925996932012868 ], [ 29.276718619768499, -25.925546521854542 ], [ 29.27616096905356, -25.924988871139515 ], [ 29.275753454758188, -25.92438832366226 ], [ 29.275515925819352, -25.92366036923077 ], [ 29.274693854637739, -25.922598527999732 ], [ 29.273906036834212, -25.921536685869423 ], [ 29.272912702359356, -25.920577603873376 ], [ 29.271891002367905, -25.920072999669266 ], [ 29.272312003796024, -25.919541004813635 ], [ 29.273333001416869, -25.918256997762285 ], [ 29.273966997379095, -25.91745799598981 ], [ 29.274369006924211, -25.917057996429396 ], [ 29.27522600417684, -25.916209003143067 ], [ 29.271175999073108, -25.913736997964193 ], [ 29.274182215037182, -25.908526204620717 ], [ 29.275500856779114, -25.905529291243873 ], [ 29.275523999932734, -25.905382000279118 ], [ 29.275086999565374, -25.905250999634031 ], [ 29.274546999844254, -25.905040999842342 ], [ 29.273468000447938, -25.904713000005003 ], [ 29.272505000105713, -25.904279999822187 ], [ 29.271805000200654, -25.904003999684864 ], [ 29.271163000272324, -25.903268999964393 ], [ 29.270564999675099, -25.902690000243432 ], [ 29.269411999564159, -25.902820999989242 ], [ 29.269150000072457, -25.901929000223273 ], [ 29.268244999706969, -25.902033999669396 ], [ 29.267559000447608, -25.901841999808575 ], [ 29.266785999874017, -25.901619000316643 ], [ 29.263985000207676, -25.900805999697191 ], [ 29.263048000165146, -25.900692999882086 ], [ 29.262065999846037, -25.900755000043269 ], [ 29.261153000011014, -25.900471999583225 ], [ 29.258124999769006, -25.899637999793907 ], [ 29.257607000162949, -25.899441999748561 ], [ 29.257128999703646, -25.899306999818219 ], [ 29.25635199984497, -25.898926000234777 ], [ 29.256638000443466, -25.898265000329566 ], [ 29.256202000122279, -25.898154999753537 ], [ 29.256200409221538, -25.898043881320156 ], [ 29.255989873433975, -25.897581991315949 ], [ 29.255722599418529, -25.89734563958968 ], [ 29.255150762797538, -25.897768799390647 ], [ 29.25432731835113, -25.898466438575291 ], [ 29.253561057297052, -25.899232699629462 ], [ 29.252200087164375, -25.900593669762138 ], [ 29.250667565056141, -25.902183375262613 ], [ 29.249116962977492, -25.903781124299513 ], [ 29.247282293842829, -25.905671576582055 ], [ 29.247078772767193, -25.905869716114573 ], [ 29.246541549253163, -25.90553353334592 ], [ 29.24608738082798, -25.905244517320675 ], [ 29.245406807178458, -25.904770310201766 ], [ 29.24395416555236, -25.903758148419918 ], [ 29.242330169801591, -25.902547032319799 ], [ 29.242199423664566, -25.902457574957211 ], [ 29.242075560039076, -25.902402523857447 ], [ 29.241910407639235, -25.902354355269303 ], [ 29.239659873104678, -25.901726931552766 ], [ 29.239745160310953, -25.901541395119342 ], [ 29.240046131024194, -25.900638484778284 ], [ 29.240447423809599, -25.899668691856757 ], [ 29.24074839362347, -25.898949708162572 ], [ 29.240932320270446, -25.898615297058342 ], [ 29.241266732273957, -25.897913033559789 ], [ 29.241634583769088, -25.897043563609614 ], [ 29.241718187444452, -25.896408182691605 ], [ 29.241817549040729, -25.895845127950377 ], [ 29.2390689960374, -25.895539996973362 ], [ 29.235230997112861, -25.894967002924876 ], [ 29.23511700264762, -25.89479499859037 ], [ 29.235230997112861, -25.894223002789428 ], [ 29.235861002783075, -25.893133996636706 ], [ 29.236147998031793, -25.892103998600685 ], [ 29.236612001442776, -25.89147000263856 ], [ 29.243869009647099, -25.893657000070597 ], [ 29.244021002267541, -25.893387000209906 ], [ 29.244654998229674, -25.892070996179626 ], [ 29.24482506812242, -25.891772309744308 ], [ 29.245596446319031, -25.890183154628982 ], [ 29.245802340705456, -25.88974816694444 ], [ 29.246765112619919, -25.887816821589158 ], [ 29.246904308786863, -25.887489131118574 ], [ 29.248017878122628, -25.88519239571254 ], [ 29.249081998235724, -25.882856996653157 ], [ 29.250757002633662, -25.879486997726836 ], [ 29.25083624459705, -25.879315840553694 ], [ 29.251895002052798, -25.877028996790802 ], [ 29.251995000369007, -25.877009000365135 ], [ 29.253830998701662, -25.876422002973101 ], [ 29.253836460284404, -25.876057364755617 ], [ 29.25385169839722, -25.875798314140965 ], [ 29.25380598405895, -25.875371640688751 ], [ 29.25380598405895, -25.874868775773443 ], [ 29.25380598405895, -25.874457342232603 ], [ 29.253958366985135, -25.873984954442133 ], [ 29.254156465148789, -25.87351256575236 ], [ 29.254385040437352, -25.873162083763241 ], [ 29.254720283414372, -25.872781126447862 ], [ 29.25499457214184, -25.872613505409035 ], [ 29.2556041047457, -25.872369692007741 ], [ 29.25593934772272, -25.872217309081641 ], [ 29.256183161124095, -25.872110639594442 ], [ 29.256655548914495, -25.871501107889955 ], [ 29.256914601327789, -25.871043958212198 ], [ 29.257066984253981, -25.870815382923638 ], [ 29.257280319631079, -25.870784906698091 ], [ 29.257521072639452, -25.87080898244864 ], [ 29.257737470208117, -25.870830621935731 ], [ 29.25792033025904, -25.870876337173279 ], [ 29.258148904648323, -25.870861098161274 ], [ 29.258453671399892, -25.87073919235991 ], [ 29.259566068019687, -25.869824893004481 ], [ 29.259855595759163, -25.869550603377739 ], [ 29.259992740572532, -25.8691848832758 ], [ 29.260023217697352, -25.868849640298688 ], [ 29.259962265246362, -25.868590588784762 ], [ 29.259748928070611, -25.868362014395572 ], [ 29.25971845094579, -25.868209630570014 ], [ 29.25971845094579, -25.867904863818445 ], [ 29.260358460674468, -25.866548653797359 ], [ 29.260495606387213, -25.866350555633705 ], [ 29.260556558838207, -25.866030550769405 ], [ 29.260489999114249, -25.865408998726327 ], [ 29.259463997665389, -25.864939004031875 ], [ 29.25819800133673, -25.864333996816615 ], [ 29.258170999192291, -25.864255997716196 ], [ 29.25785000327507, -25.864078001198852 ], [ 29.257705001984274, -25.863998000207594 ], [ 29.257603998226031, -25.863957999262286 ], [ 29.257076000856824, -25.863743010031953 ], [ 29.251617000024559, -25.861107993738969 ], [ 29.247657002668571, -25.859266999672354 ], [ 29.247529995013341, -25.859288002439438 ], [ 29.246029324193994, -25.858576253791149 ], [ 29.246100243831179, -25.858505334153879 ], [ 29.246326106764421, -25.858420635104331 ], [ 29.246566087255193, -25.858335936953964 ], [ 29.246806065947222, -25.858152423095898 ], [ 29.247102512171239, -25.8580818407045 ], [ 29.24728602513002, -25.85799714165486 ], [ 29.247427189912901, -25.857870094429323 ], [ 29.247737750996421, -25.85763011393864 ], [ 29.24800596390422, -25.857488950055128 ], [ 29.248189477762285, -25.857319552855124 ], [ 29.248429457353588, -25.857107805680748 ], [ 29.248570622136565, -25.85689605940566 ], [ 29.248683552703863, -25.85667019557313 ], [ 29.248796485069718, -25.856500799272503 ], [ 29.248937648953412, -25.856331402072588 ], [ 29.24907881283702, -25.856006724330928 ], [ 29.247026936743804, -25.855574750274574 ], [ 29.24759099692708, -25.855199999180684 ], [ 29.248402998399719, -25.854673997407172 ], [ 29.248728996346134, -25.854433999829354 ], [ 29.250500999821288, -25.853352997642748 ], [ 29.251223998089031, -25.852855999904495 ], [ 29.252311000552275, -25.852100996563845 ], [ 29.253120000987273, -25.851615002930071 ], [ 29.2565420032109, -25.850249000191326 ], [ 29.25783299889379, -25.849734000723629 ], [ 29.258115000207201, -25.849743001138712 ], [ 29.258127990014739, -25.849638998141291 ], [ 29.262452997008268, -25.847942000822719 ], [ 29.2624880031189, -25.847898003290343 ], [ 29.262638000143649, -25.847710000016505 ], [ 29.262390000398202, -25.847251000433367 ], [ 29.262309001159512, -25.847093996790566 ], [ 29.26227700328112, -25.847031996629383 ], [ 29.262246002750889, -25.846962998843406 ], [ 29.262157997793427, -25.846767000596714 ], [ 29.261674362182138, -25.845728622677857 ], [ 29.261529512876784, -25.845417629919737 ], [ 29.26064799920584, -25.843524998579916 ], [ 29.260571994801737, -25.843313002293339 ], [ 29.261260004045976, -25.841214002624234 ], [ 29.261346515229533, -25.840970257571389 ], [ 29.261316922138263, -25.840430188602376 ], [ 29.261363448564353, -25.840436836390921 ], [ 29.264631718878736, -25.84118193280003 ], [ 29.26535988285239, -25.84137667469383 ], [ 29.265842503129111, -25.841546015236492 ], [ 29.266206584666204, -25.841605284156657 ], [ 29.266340922695438, -25.841639387347954 ], [ 29.266232703676362, -25.841790891636442 ], [ 29.266146130439598, -25.841953219265744 ], [ 29.266113664014412, -25.842104725352883 ], [ 29.266092165720956, -25.842172292317528 ], [ 29.266394003380618, -25.842232000106822 ], [ 29.269203001617303, -25.842929999020328 ], [ 29.271851001422682, -25.843524998579909 ], [ 29.280835999381932, -25.841639002438068 ], [ 29.286499000628449, -25.840427998753185 ], [ 29.286514999567601, -25.840394996332044 ] ] ] } }
]
}
