{
"type": "FeatureCollection",
"name": "Sol_Plaatje_Local_Municipality",
"crs": { "type": "name", "properties": { "name": "urn:ogc:def:crs:OGC:1.3:CRS84" } },
"features": [
{ "type": "Feature", "properties": { "Municipali": "Sol Plaatje Local Municipality", "WardNo": "1", "WardLabel": "NC091_1", "Province": "Northern Cape", "CLASSIFICATION": "Service centre", "PopGBlack": 1862.6505622, "PopGColour": 5961.6364937999997, "PopGIndian": 74.4680776, "PopGWhite": 230.56931966, "PopGOther": 60.67959051, "PopGTotal": 8190.0040436999998 }, "geometry": { "type": "Polygon", "coordinates": [ [ [ 24.688184276075365, -28.640923834331378 ], [ 24.696980000921709, -28.655635998367035 ], [ 24.700089003101777, -28.660836002544066 ], [ 24.704314003686733, -28.667898002655502 ], [ 24.709067001641365, -28.665391997707566 ], [ 24.709304995529809, -28.66510599980711 ], [ 24.709451010356595, -28.664928992544052 ], [ 24.707669999271094, -28.663704001703355 ], [ 24.707585999894011, -28.663649000066243 ], [ 24.707298996551284, -28.663465003272247 ], [ 24.7068260008189, -28.66316200009118 ], [ 24.70586599881609, -28.66153299601585 ], [ 24.705393003083724, -28.660712999570148 ], [ 24.705349392259773, -28.660604148327636 ], [ 24.706317355960696, -28.660165022862447 ], [ 24.70653927986352, -28.66004225730919 ], [ 24.709847786747144, -28.656238490179277 ], [ 24.710894026539723, -28.656935534912115 ], [ 24.710856501427976, -28.656978586357813 ], [ 24.710452463911452, -28.657442133812612 ], [ 24.710538103652034, -28.657499814529967 ], [ 24.711616273873858, -28.658225993699805 ], [ 24.712030453944362, -28.658503254686618 ], [ 24.713584481541311, -28.659536992103803 ], [ 24.714029467888583, -28.659020123844964 ], [ 24.715809411478915, -28.66020789534355 ], [ 24.716675423536014, -28.660776107696673 ], [ 24.716681540724551, -28.660779821896735 ], [ 24.716637253610376, -28.660829645237374 ], [ 24.716234249414928, -28.6612968097654 ], [ 24.715052712016323, -28.66267101791848 ], [ 24.715150998922798, -28.66273799852523 ], [ 24.717766999951522, -28.664452996674029 ], [ 24.717480736750861, -28.664782823034376 ], [ 24.717122998131966, -28.665195002113141 ], [ 24.716580992023008, -28.665819154096091 ], [ 24.71389087336782, -28.66404147410012 ], [ 24.713842028489516, -28.664099090066252 ], [ 24.713835999434572, -28.664095000848928 ], [ 24.713830390362961, -28.664091200314022 ], [ 24.713830000057129, -28.664100000180191 ], [ 24.712967535825406, -28.665098930236685 ], [ 24.712250000039433, -28.665930000034692 ], [ 24.711819999994773, -28.666440000171107 ], [ 24.711361228839174, -28.667000219349866 ], [ 24.713872002893261, -28.668624999309635 ], [ 24.714467003352372, -28.669028996356516 ], [ 24.707945998508876, -28.674898002605804 ], [ 24.69449400049146, -28.677947996667015 ], [ 24.681950002978137, -28.683347000127622 ], [ 24.667194889113738, -28.689697855034844 ], [ 24.662599002720512, -28.69167600290783 ], [ 24.643941987702082, -28.701691996250222 ], [ 24.644120001306529, -28.702691950634595 ], [ 24.647780686300841, -28.709201639306048 ], [ 24.64795925658569, -28.709859101278393 ], [ 24.656349833253106, -28.722779608954141 ], [ 24.655445087395318, -28.723161899064674 ], [ 24.656829993884209, -28.723518999164828 ], [ 24.677951002921336, -28.727202996384779 ], [ 24.682226003114373, -28.728020997235092 ], [ 24.691366989385983, -28.729567000181259 ], [ 24.693804207889919, -28.729942021071825 ], [ 24.693816203047312, -28.730397838853644 ], [ 24.693829530100725, -28.730691034927741 ], [ 24.69392281947459, -28.730904268681503 ], [ 24.69412272707439, -28.731090849227815 ], [ 24.694322633774828, -28.731304082981517 ], [ 24.694455904308775, -28.731503989681862 ], [ 24.694495885469038, -28.731823839862784 ], [ 24.694602502795604, -28.73199709335568 ], [ 24.694735775128294, -28.732157017996506 ], [ 24.695188896742753, -28.732969972750542 ], [ 24.696121794977795, -28.734555900199243 ], [ 24.696494954271831, -28.734435955819325 ], [ 24.696668206865514, -28.7344759369795 ], [ 24.696934749732254, -28.734555900199283 ], [ 24.697201291699713, -28.734689170733294 ], [ 24.697467833667176, -28.734809115113251 ], [ 24.698267461368122, -28.734849097172823 ], [ 24.698693928875844, -28.734862424226272 ], [ 24.699360285143463, -28.734755806899781 ], [ 24.699880042924335, -28.734729152792973 ], [ 24.700559725346011, -28.734622536365766 ], [ 24.70121275456021, -28.734542573146108 ], [ 24.701665877074063, -28.734382647606033 ], [ 24.701972401101077, -28.734236049119279 ], [ 24.702185634854846, -28.734222722065873 ], [ 24.702345559495743, -28.734089450632524 ], [ 24.702532140042045, -28.733956180098637 ], [ 24.702732046742486, -28.733849562772029 ], [ 24.702958607549768, -28.733849562772036 ], [ 24.70323847657065, -28.733836235718645 ], [ 24.703518346490817, -28.733822908665331 ], [ 24.703838197571248, -28.733742946344936 ], [ 24.704051431325023, -28.733716292238121 ], [ 24.704317973292483, -28.733729619291541 ], [ 24.704717787592635, -28.733849562772132 ], [ 24.70494434839992, -28.733876216878986 ], [ 24.705130928946218, -28.733782926605791 ], [ 24.705264199480265, -28.733596346958876 ], [ 24.705370816806845, -28.733329804991541 ], [ 24.705490760287564, -28.733103244184445 ], [ 24.705664012881158, -28.733076590077623 ], [ 24.70748982909042, -28.732916663638342 ], [ 24.707577450037402, -28.73289934269571 ], [ 24.707716389897691, -28.733396441158028 ], [ 24.707823006324876, -28.733836235718893 ], [ 24.707916296598015, -28.734382647606363 ], [ 24.708022913924655, -28.735009021814157 ], [ 24.708032491704376, -28.735372984640705 ], [ 24.708036240977979, -28.735515452541286 ], [ 24.708102875345631, -28.738900541192297 ], [ 24.708142857405143, -28.740219925774248 ], [ 24.708196165618663, -28.743351800410515 ], [ 24.708262801784972, -28.746590289675456 ], [ 24.708319412309159, -28.747303589654198 ], [ 24.704295004607104, -28.747658002579836 ], [ 24.702818997694195, -28.747789000526989 ], [ 24.702290002976593, -28.747838002786562 ], [ 24.679688997634212, -28.74964999911192 ], [ 24.67894000176436, -28.74970999558349 ], [ 24.678342998515024, -28.749757999595683 ], [ 24.672722000102031, -28.750208996111688 ], [ 24.659391008563734, -28.751279003186074 ], [ 24.658228001695836, -28.751370000187936 ], [ 24.656043000757808, -28.75154199552907 ], [ 24.653472003602953, -28.744158003051709 ], [ 24.653400004779307, -28.743942001184649 ], [ 24.6533790029115, -28.743880998371615 ], [ 24.647675002469963, -28.72748199575938 ], [ 24.645614998303124, -28.728271998016034 ], [ 24.640561000856611, -28.730208999207367 ], [ 24.635601997898497, -28.732108999591844 ], [ 24.637210997454687, -28.739928995987722 ], [ 24.637520000013183, -28.741428996812107 ], [ 24.637600009997804, -28.741812000984389 ], [ 24.63784699710661, -28.74301100321658 ], [ 24.638060995284178, -28.744048996225576 ], [ 24.638153995975621, -28.744537000743343 ], [ 24.639107997701739, -28.749512002638223 ], [ 24.639569997423397, -28.751940998639654 ], [ 24.639646001827526, -28.752321001774302 ], [ 24.63995399894398, -28.753844998309535 ], [ 24.640084996891261, -28.754703996553708 ], [ 24.640208996314296, -28.755509996850456 ], [ 24.640753998964225, -28.759111998381588 ], [ 24.641140002375618, -28.761666996596215 ], [ 24.640731999748262, -28.761817999062988 ], [ 24.633944106698205, -28.758457282938441 ], [ 24.632665920058574, -28.757837969307946 ], [ 24.62531410172274, -28.77513780302797 ], [ 24.590866785715079, -28.752999451222244 ], [ 24.587007974677714, -28.75717140979112 ], [ 24.556619400689211, -28.720858025733584 ], [ 24.548669994544944, -28.713699998711711 ], [ 24.559660000435734, -28.689540009620149 ], [ 24.568099997548707, -28.678519998755746 ], [ 24.595486996974561, -28.642700004360233 ], [ 24.595540004814573, -28.642630000232771 ], [ 24.592369999821294, -28.642750003068414 ], [ 24.592523052742429, -28.640935065958843 ], [ 24.593780000993103, -28.626029994646835 ], [ 24.59537000237199, -28.607069997140986 ], [ 24.595280000919608, -28.604129999158395 ], [ 24.595280000919608, -28.604085000680566 ], [ 24.595280000919615, -28.604020003078954 ], [ 24.596070002277511, -28.603869998859732 ], [ 24.596670000269281, -28.603760002780334 ], [ 24.597450003864019, -28.603660001766155 ], [ 24.597930003516474, -28.603419999691699 ], [ 24.598290003930405, -28.603289999092716 ], [ 24.598830000953868, -28.60315999669502 ], [ 24.599200000929606, -28.603000001907137 ], [ 24.599480005748106, -28.602910004052028 ], [ 24.599749995716316, -28.602769994897905 ], [ 24.600070000580867, -28.602669998380279 ], [ 24.600150004270095, -28.602629999233713 ], [ 24.60051999974916, -28.602560002300955 ], [ 24.600780000048097, -28.602430000802514 ], [ 24.601239996979636, -28.602290004238959 ], [ 24.602019999675086, -28.602170001403152 ], [ 24.602669996375351, -28.601950001150328 ], [ 24.603170002346104, -28.6018100000902 ], [ 24.603599996095465, -28.601730000897621 ], [ 24.603929998723252, -28.601649998107735 ], [ 24.60423000176608, -28.601540002028308 ], [ 24.604490002065017, -28.601400004565459 ], [ 24.604590003079299, -28.601290001291421 ], [ 24.604789997013885, -28.601139994374144 ], [ 24.605149997427819, -28.600890000831853 ], [ 24.605319998972213, -28.600780004752334 ], [ 24.605470002292371, -28.60064999516009 ], [ 24.605609998856032, -28.600509994099841 ], [ 24.60578000489701, -28.600350000211318 ], [ 24.605890000976515, -28.600200004085934 ], [ 24.606189999522769, -28.599990003394986 ], [ 24.606469996247384, -28.599710005771151 ], [ 24.606580000420859, -28.599609996662966 ], [ 24.606789993917342, -28.599420002290294 ], [ 24.60720999979609, -28.598909996757943 ], [ 24.607510003738287, -28.59861000990313 ], [ 24.607670005720887, -28.598379994800002 ], [ 24.607849998733304, -28.598149995884718 ], [ 24.608050000761864, -28.597710005271637 ], [ 24.608140002214338, -28.597500003681297 ], [ 24.608249998293847, -28.597220006057551 ], [ 24.60827999877802, -28.596739999210659 ], [ 24.608239991537474, -28.595989996999826 ], [ 24.608239991537523, -28.59449999933457 ], [ 24.608210002744563, -28.594050001065792 ], [ 24.608199987894281, -28.593769995348062 ], [ 24.608000002053526, -28.592690002200865 ], [ 24.60795000334506, -28.592129998859473 ], [ 24.607820001846548, -28.591740006055456 ], [ 24.607730003991481, -28.591419988600599 ], [ 24.607610000256216, -28.591109997687212 ], [ 24.607489997420316, -28.590830000962821 ], [ 24.607079998298026, -28.589620000921297 ], [ 24.60695000039691, -28.589150000830884 ], [ 24.606879996269413, -28.588839999125593 ], [ 24.606840004317341, -28.588560000602556 ], [ 24.606729992949369, -28.588179999266554 ], [ 24.606720001481449, -28.587999999059729 ], [ 24.606429998000472, -28.586650001555245 ], [ 24.60633999924595, -28.586109997337456 ], [ 24.606310002359105, -28.585829999713706 ], [ 24.606299995602793, -28.585580002573987 ], [ 24.606280001875049, -28.585389995610758 ], [ 24.606270002313167, -28.585089997064667 ], [ 24.606019998878146, -28.583879997023153 ], [ 24.605830003606016, -28.583349998662385 ], [ 24.605780004897543, -28.582890008925588 ], [ 24.605730002591766, -28.58260999601335 ], [ 24.605679995789401, -28.582359998873738 ], [ 24.605650002499765, -28.582170003601682 ], [ 24.60527999532956, -28.580879997173049 ], [ 24.605120000541586, -28.580459999388303 ], [ 24.604969997221534, -28.580000000658348 ], [ 24.604870000703851, -28.579659999368282 ], [ 24.60468000093514, -28.579239996187685 ], [ 24.604200009376527, -28.577960004609309 ], [ 24.604000003750695, -28.577459998638808 ], [ 24.603929998724002, -28.577139998271086 ], [ 24.60383000130695, -28.576850001984713 ], [ 24.603749994919799, -28.576609999910321 ], [ 24.603669999324378, -28.576349996913578 ], [ 24.603409999924839, -28.575449998577348 ], [ 24.603279997527054, -28.574939994843611 ], [ 24.603210001493618, -28.574470001947713 ], [ 24.603149996028744, -28.573879994524784 ], [ 24.603149996028755, -28.573440003012411 ], [ 24.603059999972182, -28.572480000110591 ], [ 24.60297999448434, -28.571389999307637 ], [ 24.60296999582183, -28.570920002814539 ], [ 24.60296000165598, -28.570610000210063 ], [ 24.602960001655998, -28.57003000404012 ], [ 24.603019999027023, -28.569690000951422 ], [ 24.603049998611816, -28.569349997862805 ], [ 24.603089998657786, -28.569100001622473 ], [ 24.603180008204237, -28.568859999547996 ], [ 24.603279997527249, -28.568549997842808 ], [ 24.603329996235839, -28.56821000284798 ], [ 24.603369996281806, -28.567979995838815 ], [ 24.603419998587601, -28.567749996923524 ], [ 24.603430001746712, -28.567539996232554 ], [ 24.603509996442799, -28.566819999002448 ], [ 24.603530002761026, -28.566339994853582 ], [ 24.60353999782626, -28.566069996791626 ], [ 24.603560003245203, -28.565799998729673 ], [ 24.603580001469535, -28.565600003895742 ], [ 24.60369999980896, -28.565359998224054 ], [ 24.603809995888465, -28.565040002352923 ], [ 24.603840000869209, -28.56496999732617 ], [ 24.603920003659159, -28.564800003875838 ], [ 24.604109999830587, -28.564519998158122 ], [ 24.604249999991552, -28.564269993823924 ], [ 24.604379997892696, -28.564000002956487 ], [ 24.604479999806344, -28.56380999599326 ], [ 24.604539999875296, -28.56344000051439 ], [ 24.604539999875314, -28.563049998717215 ], [ 24.604549999437118, -28.562900002591739 ], [ 24.60460000174302, -28.562199999988749 ], [ 24.604699998260728, -28.561710001673948 ], [ 24.605009996368814, -28.56056999766605 ], [ 24.605130000104012, -28.560119999397187 ], [ 24.605149997429073, -28.559899991949816 ], [ 24.60518999657576, -28.559620003319228 ], [ 24.60521000289398, -28.55946999909996 ], [ 24.605259993508593, -28.559199995642061 ], [ 24.605290002986003, -28.559040001753431 ], [ 24.605319998973496, -28.558780002354002 ], [ 24.605309999411705, -28.558420001040975 ], [ 24.605279995330257, -28.558039998805693 ], [ 24.605229996621784, -28.557680002888613 ], [ 24.605219989865383, -28.557429997655028 ], [ 24.605130000104115, -28.556840005520588 ], [ 24.605009996368953, -28.555999998260027 ], [ 24.604989999043912, -28.555549999091955 ], [ 24.60504000134971, -28.555259999208388 ], [ 24.605049996414945, -28.55497000292203 ], [ 24.605049996414955, -28.554660001216831 ], [ 24.604999997706475, -28.554369995937297 ], [ 24.604919998513839, -28.554089999212827 ], [ 24.604850001580942, -28.553780001104919 ], [ 24.60482999706139, -28.55356000085207 ], [ 24.604769998791017, -28.553190000876597 ], [ 24.604630002227385, -28.552440004061712 ], [ 24.604549999437445, -28.552149998782099 ], [ 24.604460000683009, -28.551809996592748 ], [ 24.6043899965556, -28.55149000701693 ], [ 24.60424999999195, -28.551279993735399 ], [ 24.60419000262095, -28.551030001991645 ], [ 24.604119997594253, -28.550859999547956 ], [ 24.604039994804314, -28.550659993922199 ], [ 24.604000003751519, -28.550549989748873 ], [ 24.603960003705566, -28.55037999719773 ], [ 24.603769996742155, -28.550119996898999 ], [ 24.603620000616701, -28.549880000220458 ], [ 24.603449999971595, -28.54965000130516 ], [ 24.603340003892104, -28.549380002343835 ], [ 24.603250000640994, -28.549120002944392 ], [ 24.60300000080333, -28.548969995127809 ], [ 24.602850005577153, -28.548789998518181 ], [ 24.602709996422949, -28.54868000333801 ], [ 24.602510002488284, -28.548529994622054 ], [ 24.602309995963068, -28.548409999880075 ], [ 24.602230004864396, -28.548340000249354 ], [ 24.601980000529974, -28.548169998705031 ], [ 24.601909995503277, -28.548110001333953 ], [ 24.601350000255408, -28.547840003272061 ], [ 24.600870001502255, -28.547599996700967 ], [ 24.60011000062854, -28.547109998386102 ], [ 24.599749995718039, -28.546820002099807 ], [ 24.59914000266097, -28.546399996221155 ], [ 24.598530001510102, -28.546089998113231 ], [ 24.597869989959474, -28.545790003164388 ], [ 24.597230003612847, -28.545440000513839 ], [ 24.596769997688071, -28.545149997032937 ], [ 24.596279999373113, -28.54473000284548 ], [ 24.596009996814363, -28.544499995836286 ], [ 24.595820001542311, -28.544349999710796 ], [ 24.595670002718744, -28.544179990971877 ], [ 24.595549999882934, -28.544039998005587 ], [ 24.595360004610704, -28.543879996023065 ], [ 24.59517999541054, -28.543650005201645 ], [ 24.594939998731977, -28.543500000982359 ], [ 24.594810000830762, -28.54336999858462 ], [ 24.594570002353553, -28.543169998354802 ], [ 24.594279998872544, -28.542889999831665 ], [ 24.594109996428784, -28.54274999877148 ], [ 24.593820001041649, -28.542560004398691 ], [ 24.593520001596133, -28.54226000135591 ], [ 24.593179998507264, -28.541850002233765 ], [ 24.59302999878452, -28.541439998614969 ], [ 24.592840003512386, -28.540960002559963 ], [ 24.592729999338925, -28.54062999903314 ], [ 24.592680001529825, -28.540250004891735 ], [ 24.592680001529843, -28.539590000536034 ], [ 24.59272000067644, -28.539379999845067 ], [ 24.592769999385041, -28.538599997150094 ], [ 24.592919995510528, -28.537860001695684 ], [ 24.593070002427908, -28.537399995771139 ], [ 24.593139995763433, -28.537110003981454 ], [ 24.593240004871685, -28.5369099983557 ], [ 24.593330001827582, -28.536679998541054 ], [ 24.593380008629868, -28.536490004168275 ], [ 24.593479997953057, -28.536320002623977 ], [ 24.593600000788978, -28.535839999374392 ], [ 24.594140001409862, -28.534630002930317 ], [ 24.594329996681939, -28.534019998182373 ], [ 24.594440000855421, -28.53371000007439 ], [ 24.594509996888966, -28.533489999821622 ], [ 24.594679998433371, -28.533129998508603 ], [ 24.595069999331397, -28.532069999089273 ], [ 24.595299998246826, -28.531459997938626 ], [ 24.595460002028073, -28.531140001168133 ], [ 24.595549999883339, -28.530889996834016 ], [ 24.59559000262724, -28.530680003337562 ], [ 24.595690000044222, -28.530460003084791 ], [ 24.595779998798772, -28.530229996974814 ], [ 24.596009996814828, -28.529500000182928 ], [ 24.596160004631589, -28.528690000601213 ], [ 24.596369997228809, -28.527850008629077 ], [ 24.596430003593095, -28.527219997562991 ], [ 24.596610003800027, -28.52665999871811 ], [ 24.596729998542063, -28.526369998834536 ], [ 24.596789999510296, -28.525999998859 ], [ 24.596859995543845, -28.525749999021375 ], [ 24.59687000230026, -28.525460001835729 ], [ 24.596900000086496, -28.525199998838996 ], [ 24.596910002346327, -28.524950006195965 ], [ 24.596930000570666, -28.524719999186701 ], [ 24.597000004698096, -28.524359997873773 ], [ 24.597299996949133, -28.523510003641892 ], [ 24.59737999164512, -28.523139995572471 ], [ 24.597500001675723, -28.522959996264934 ], [ 24.597620005410914, -28.522729997349646 ], [ 24.597680002781939, -28.522559994905972 ], [ 24.597760001974585, -28.522369999633931 ], [ 24.597839996670654, -28.52217000210214 ], [ 24.597940001282236, -28.521960000511825 ], [ 24.597980001328207, -28.521839997675972 ], [ 24.598095997684435, -28.521563001089785 ], [ 24.59811000372601, -28.521529999567996 ], [ 24.598210000243629, -28.521290002889561 ], [ 24.598305543318553, -28.521122803632725 ], [ 24.600024067709832, -28.521831695134953 ], [ 24.601257581426047, -28.522398445190458 ], [ 24.602757800786442, -28.52343192899886 ], [ 24.607569001964777, -28.526737999617776 ], [ 24.614361999566743, -28.531276999393263 ], [ 24.625727997614469, -28.539020002131362 ], [ 24.632752997821328, -28.543850999184681 ], [ 24.641538996500142, -28.554660992271945 ], [ 24.648104997123394, -28.562854001372404 ], [ 24.656893996839774, -28.573775003175747 ], [ 24.6624948189625, -28.580799507853229 ], [ 24.662355918672375, -28.581958144914719 ], [ 24.669629999608954, -28.611820161334141 ], [ 24.68684497600621, -28.638077345157157 ], [ 24.687337958271723, -28.63912511019948 ], [ 24.687118999433721, -28.639142001266134 ], [ 24.688184276075365, -28.640923834331378 ] ] ] } },
{ "type": "Feature", "properties": { "Municipali": "Sol Plaatje Local Municipality", "WardNo": "2", "WardLabel": "NC091_2", "Province": "Northern Cape", "CLASSIFICATION": "Service centre", "PopGBlack": 775.6147084, "PopGColour": 7134.4721744, "PopGIndian": 57.14493348, "PopGWhite": 20.90557341, "PopGOther": 39.49044905, "PopGTotal": 8027.6278387000002 }, "geometry": { "type": "Polygon", "coordinates": [ [ [ 24.727230135970622, -28.660407831722083 ], [ 24.730176810521225, -28.664015263359929 ], [ 24.730320660679826, -28.664191368602946 ], [ 24.730328682632525, -28.664335693603611 ], [ 24.73075800368882, -28.672060110052264 ], [ 24.721511025119554, -28.672426204271702 ], [ 24.720757601887332, -28.672522384965824 ], [ 24.720810002685006, -28.67256100185454 ], [ 24.720396378395506, -28.67299634027458 ], [ 24.716163999772384, -28.670178997228472 ], [ 24.714467003352372, -28.669028996356516 ], [ 24.713872002893261, -28.668624999309635 ], [ 24.711361228839174, -28.667000219349866 ], [ 24.711819999994773, -28.666440000171107 ], [ 24.712250000039433, -28.665930000034692 ], [ 24.712967535825406, -28.665098930236685 ], [ 24.713830000057129, -28.664100000180191 ], [ 24.713830390362961, -28.664091200314022 ], [ 24.713835999434572, -28.664095000848928 ], [ 24.713842028489516, -28.664099090066252 ], [ 24.71389087336782, -28.66404147410012 ], [ 24.716580992023008, -28.665819154096091 ], [ 24.717122998131966, -28.665195002113141 ], [ 24.717480736750861, -28.664782823034376 ], [ 24.719191106989022, -28.665925582565201 ], [ 24.719174545973519, -28.665970126885441 ], [ 24.719471502113233, -28.666170002109464 ], [ 24.720647907980137, -28.666940946832877 ], [ 24.721692966962948, -28.667643364115769 ], [ 24.722062904885352, -28.667888504017046 ], [ 24.722143400503736, -28.667868378988295 ], [ 24.723590460038654, -28.666189470633455 ], [ 24.725232059119882, -28.665142151654891 ], [ 24.723546797953389, -28.663108453558106 ], [ 24.725079320961505, -28.662149871585196 ], [ 24.725395924590128, -28.661570552604861 ], [ 24.725483496973737, -28.661530135273424 ], [ 24.725907880752168, -28.66159749809206 ], [ 24.726076287798605, -28.661193322080123 ], [ 24.726143650617157, -28.661132696083008 ], [ 24.726305320842172, -28.661038387777324 ], [ 24.727230135970622, -28.660407831722083 ] ] ] } },
{ "type": "Feature", "properties": { "Municipali": "Sol Plaatje Local Municipality", "WardNo": "3", "WardLabel": "NC091_3", "Province": "Northern Cape", "CLASSIFICATION": "Service centre", "PopGBlack": 1852.6935666, "PopGColour": 7492.8097342000001, "PopGIndian": 112.54508234, "PopGWhite": 37.84850186, "PopGOther": 5.63185491, "PopGTotal": 9501.5287398 }, "geometry": { "type": "Polygon", "coordinates": [ [ [ 24.759340029440185, -28.69515401581296 ], [ 24.75899423741533, -28.695623304539666 ], [ 24.758277953485713, -28.695573905678902 ], [ 24.758219550612658, -28.695661509538709 ], [ 24.757981559422237, -28.69601849722352 ], [ 24.756820684847057, -28.696240791646876 ], [ 24.755882105594647, -28.696734781152845 ], [ 24.755980903315965, -28.697426366101539 ], [ 24.756104400917295, -28.698241447752164 ], [ 24.756450193841498, -28.698957731681592 ], [ 24.756815855487574, -28.699466479961657 ], [ 24.757018280289728, -28.69974811525098 ], [ 24.75716647777109, -28.700168006016341 ], [ 24.756870083707618, -28.700637295642331 ], [ 24.756079701936571, -28.701353579571617 ], [ 24.755518135573137, -28.701861663252767 ], [ 24.755042324063442, -28.702292158823582 ], [ 24.754449536835793, -28.702662650728271 ], [ 24.754202542532362, -28.702959044791598 ], [ 24.753955547329561, -28.703230738974991 ], [ 24.75346155872262, -28.703403634537551 ], [ 24.753016968976429, -28.703774127341607 ], [ 24.752893470475698, -28.704144619246225 ], [ 24.753016968976407, -28.704613908872233 ], [ 24.752720574912939, -28.704984400776933 ], [ 24.752547678450814, -28.705503089263569 ], [ 24.752374782888161, -28.705799483326899 ], [ 24.752096969717428, -28.706239352531501 ], [ 24.752078388824685, -28.706268772053615 ], [ 24.751510301477055, -28.706663963838203 ], [ 24.750902574711613, -28.70683412726056 ], [ 24.750837959321931, -28.706723864981782 ], [ 24.750904948022502, -28.706652689937094 ], [ 24.750977571875062, -28.706593514546373 ], [ 24.75105019572754, -28.706520890693934 ], [ 24.751087853039671, -28.706426747863507 ], [ 24.751090542911822, -28.706332605932371 ], [ 24.751069024833207, -28.70623846310194 ], [ 24.751058265344348, -28.706168529121651 ], [ 24.75109054291185, -28.705106062861883 ], [ 24.75108640782922, -28.703182633339193 ], [ 24.751082436423015, -28.702277701322227 ], [ 24.751169895492119, -28.70183012402833 ], [ 24.751136500966563, -28.701679844616478 ], [ 24.751060942626154, -28.701563476840359 ], [ 24.750752454479887, -28.701203962060529 ], [ 24.750560432135838, -28.700761474929493 ], [ 24.750301618942022, -28.700085219824402 ], [ 24.750184734954964, -28.69976796508681 ], [ 24.749799999587601, -28.699409999838856 ], [ 24.747847664954179, -28.701934806013735 ], [ 24.747418903275999, -28.702494446029032 ], [ 24.746945694404246, -28.702352872953863 ], [ 24.74496999988078, -28.701789999875576 ], [ 24.743439999470933, -28.701339999808162 ], [ 24.74281999965757, -28.701629999691708 ], [ 24.744049999722407, -28.704169999912587 ], [ 24.743370915349914, -28.704422525046514 ], [ 24.743176755317418, -28.704588094731754 ], [ 24.742902740883043, -28.704944140826388 ], [ 24.742702042779221, -28.704828910692594 ], [ 24.741579021568246, -28.704175000143007 ], [ 24.741329999293612, -28.704029999751562 ], [ 24.740709699106674, -28.703676970882288 ], [ 24.740399999573501, -28.703510000053281 ], [ 24.740060000081957, -28.703369999892377 ], [ 24.739703548392932, -28.70323633095866 ], [ 24.739199999992678, -28.703049999524609 ], [ 24.739125019017088, -28.703022095360211 ], [ 24.734309997519063, -28.701297996971459 ], [ 24.733974997358779, -28.701163000638484 ], [ 24.732803995517987, -28.700728003960641 ], [ 24.729807999448337, -28.699616001243722 ], [ 24.729767472399672, -28.6996055115514 ], [ 24.729723002723087, -28.699594002027752 ], [ 24.727814001023255, -28.698766003414519 ], [ 24.726562996392531, -28.698233002217318 ], [ 24.726180998561492, -28.698073996683675 ], [ 24.722143003002653, -28.69638399788904 ], [ 24.721199969408197, -28.695989930256861 ], [ 24.721019383742583, -28.695914891724659 ], [ 24.720373621949918, -28.695646561905015 ], [ 24.720510998788413, -28.695588004348714 ], [ 24.720749000770734, -28.695487000590386 ], [ 24.722315996591639, -28.695028998355482 ], [ 24.725858998101472, -28.694011000873004 ], [ 24.733812999780842, -28.691724997077372 ], [ 24.73383924109886, -28.691717087539988 ], [ 24.733885995952647, -28.691702996962228 ], [ 24.738593000779094, -28.690350001118386 ], [ 24.738673002669749, -28.690329995699461 ], [ 24.738902993491259, -28.690272002017984 ], [ 24.741768989861171, -28.689436996786853 ], [ 24.741860003050817, -28.689410001836933 ], [ 24.742080002404496, -28.689346997133089 ], [ 24.747491836495684, -28.687787525041365 ], [ 24.747510995652533, -28.687782004103354 ], [ 24.747498434821573, -28.687770850711367 ], [ 24.747508988365752, -28.687744177718756 ], [ 24.747904181049922, -28.68759598113683 ], [ 24.74844756851752, -28.687867675320099 ], [ 24.74896625700438, -28.688065270762799 ], [ 24.750028333858214, -28.688460461648202 ], [ 24.751535000458141, -28.6889791510343 ], [ 24.752819372634747, -28.689399041799732 ], [ 24.754350739114685, -28.690016528007835 ], [ 24.755832706734047, -28.690510516614637 ], [ 24.758277953485816, -28.691325599164756 ], [ 24.76045150605405, -28.692115981834846 ], [ 24.762007571514811, -28.692560571581005 ], [ 24.760772599098193, -28.694338934162325 ], [ 24.759340029440185, -28.69515401581296 ] ] ] } },
{ "type": "Feature", "properties": { "Municipali": "Sol Plaatje Local Municipality", "WardNo": "4", "WardLabel": "NC091_4", "Province": "Northern Cape", "CLASSIFICATION": "Service centre", "PopGBlack": 6914.0747812, "PopGColour": 413.76701301000003, "PopGIndian": 41.7442591, "PopGWhite": 15.94530728, "PopGOther": 0.52389348, "PopGTotal": 7386.0552540999997 }, "geometry": { "type": "Polygon", "coordinates": [ [ [ 24.731306467828468, -28.704366516168189 ], [ 24.731978624723318, -28.705390891642715 ], [ 24.732000007004341, -28.705380007147983 ], [ 24.733440002364375, -28.70466000092479 ], [ 24.73351696364718, -28.70454826105988 ], [ 24.73358963876105, -28.704427136769379 ], [ 24.733650200906332, -28.704318124548251 ], [ 24.733728932054905, -28.704227282229795 ], [ 24.734304271535482, -28.703936583572943 ], [ 24.734340000701078, -28.703990002403199 ], [ 24.734460002637601, -28.704170001710754 ], [ 24.734922002359379, -28.704868000624288 ], [ 24.735356999936524, -28.705531998869223 ], [ 24.735379996500654, -28.705546003112069 ], [ 24.735862998090081, -28.705298999815611 ], [ 24.736392999149086, -28.705032999240114 ], [ 24.736572997557257, -28.704942002238273 ], [ 24.736795998847942, -28.704833002607639 ], [ 24.736835999793183, -28.70481300618188 ], [ 24.736990001499127, -28.704738000025312 ], [ 24.737166003320237, -28.704648997719701 ], [ 24.73730399979161, -28.704580997281891 ], [ 24.737418998799665, -28.704524000049194 ], [ 24.737633996123972, -28.704418002355641 ], [ 24.737658005324654, -28.704406000902921 ], [ 24.737827999674526, -28.704313001110798 ], [ 24.737874997345369, -28.704288991010852 ], [ 24.737938003847901, -28.704258995922668 ], [ 24.738041001403232, -28.704207999865954 ], [ 24.738118003155524, -28.704167000673294 ], [ 24.738148005438333, -28.704151999981502 ], [ 24.738181998012969, -28.704136001042347 ], [ 24.738258001517828, -28.704099997583562 ], [ 24.738360999972524, -28.704046998736658 ], [ 24.738578000087031, -28.703940002795584 ], [ 24.738736997526939, -28.703857999014236 ], [ 24.738789996373782, -28.703830996869709 ], [ 24.738820996904032, -28.70381499793055 ], [ 24.738939993398517, -28.703758000697935 ], [ 24.738965999094169, -28.703699000675115 ], [ 24.739045002737303, -28.703532998415895 ], [ 24.739139998125083, -28.703330998993106 ], [ 24.739154998816801, -28.703300995811027 ], [ 24.739135999739283, -28.703160990254197 ], [ 24.739129002114407, -28.703101998325256 ], [ 24.739125019017088, -28.703022095360211 ], [ 24.739199999992678, -28.703049999524609 ], [ 24.739703548392932, -28.70323633095866 ], [ 24.740060000081957, -28.703369999892377 ], [ 24.740399999573501, -28.703510000053281 ], [ 24.740709699106674, -28.703676970882288 ], [ 24.741329999293612, -28.704029999751562 ], [ 24.741579021568246, -28.704175000143007 ], [ 24.742702042779221, -28.704828910692594 ], [ 24.742902740883043, -28.704944140826388 ], [ 24.743367186760633, -28.705210800604942 ], [ 24.743369999840091, -28.705219999770105 ], [ 24.74289999974938, -28.705959999721181 ], [ 24.742939999795336, -28.70609999988206 ], [ 24.743699999769685, -28.70761999983014 ], [ 24.743724673569321, -28.707629967915711 ], [ 24.743715629087532, -28.707594537325075 ], [ 24.745418591610026, -28.706944722288171 ], [ 24.745428003015196, -28.706979000847284 ], [ 24.747250632026969, -28.710650088298117 ], [ 24.747431262658644, -28.710890928540724 ], [ 24.748211096281324, -28.712471961878798 ], [ 24.748349999269422, -28.712720000295008 ], [ 24.747840000032138, -28.712939999648469 ], [ 24.747430000010471, -28.713079999809342 ], [ 24.746779999712874, -28.713139999878312 ], [ 24.746249999553335, -28.713050000224502 ], [ 24.746073423964713, -28.712973830345117 ], [ 24.745739999416696, -28.712829999971625 ], [ 24.745177885366136, -28.712419599751833 ], [ 24.744458681337782, -28.711873697779986 ], [ 24.744432404946217, -28.711853678871236 ], [ 24.743639999700569, -28.711249999954557 ], [ 24.74310999954103, -28.711009999678708 ], [ 24.742839999680317, -28.710940000047884 ], [ 24.741645913141902, -28.710659038350894 ], [ 24.741656625866124, -28.710648942561527 ], [ 24.741510584059686, -28.710612572179354 ], [ 24.741373665875368, -28.710600124662911 ], [ 24.741128873112316, -28.710579379101898 ], [ 24.739448698511268, -28.710427113087604 ], [ 24.738689999855929, -28.710389999865392 ], [ 24.737869999812602, -28.71032999979634 ], [ 24.73711575010346, -28.710274740053833 ], [ 24.736745869737589, -28.710242702605296 ], [ 24.734749238996795, -28.710083903915528 ], [ 24.732052697383505, -28.709878236158072 ], [ 24.730772295713827, -28.709780577877694 ], [ 24.730490155904764, -28.70975625481368 ], [ 24.730261618387669, -28.70973894915943 ], [ 24.729073493455118, -28.70964898008264 ], [ 24.726121857344715, -28.709425470675065 ], [ 24.72466251576877, -28.709323316683754 ], [ 24.724200911748763, -28.709275894532915 ], [ 24.72288842856366, -28.709141059178496 ], [ 24.723069377555358, -28.708924348645695 ], [ 24.723496474588408, -28.708424036905775 ], [ 24.723950416384685, -28.707862709762267 ], [ 24.724428765781177, -28.707286738957819 ], [ 24.724799576945347, -28.706844617850823 ], [ 24.724809491071582, -28.706832797161866 ], [ 24.726549999390212, -28.704800000185955 ], [ 24.7265579161222, -28.704797268944937 ], [ 24.726556466415001, -28.70479638760931 ], [ 24.727248980363733, -28.703959340917031 ], [ 24.728716720708253, -28.702211806196178 ], [ 24.728776285505369, -28.702234222697459 ], [ 24.728891087561902, -28.702277427927175 ], [ 24.728954711898751, -28.70230137327599 ], [ 24.730172813932995, -28.702751762749941 ], [ 24.730254702601318, -28.702782472799203 ], [ 24.730290528893665, -28.702810621579228 ], [ 24.730328998293526, -28.702861004298192 ], [ 24.730753714821148, -28.703522034780399 ], [ 24.731306467828468, -28.704366516168189 ] ] ] } },
{ "type": "Feature", "properties": { "Municipali": "Sol Plaatje Local Municipality", "WardNo": "5", "WardLabel": "NC091_5", "Province": "Northern Cape", "CLASSIFICATION": "Service centre", "PopGBlack": 6687.62075, "PopGColour": 716.68988701000001, "PopGIndian": 12.91619784, "PopGWhite": 2.48849403, "PopGOther": 3.66725436, "PopGTotal": 7423.3825832000002 }, "geometry": { "type": "Polygon", "coordinates": [ [ [ 24.72450241036433, -28.701199883633677 ], [ 24.72415916072292, -28.701906572696135 ], [ 24.724124758956673, -28.701892088215306 ], [ 24.723926001589842, -28.70184999724556 ], [ 24.72378955734828, -28.70185265204417 ], [ 24.723651533897236, -28.701865798333909 ], [ 24.723388631486081, -28.701957813368324 ], [ 24.721916378343451, -28.702477045944828 ], [ 24.720582148651946, -28.702950270104619 ], [ 24.721002793049283, -28.703936153696393 ], [ 24.720463842836672, -28.704113613318381 ], [ 24.71994131964053, -28.704294008327594 ], [ 24.719159996740522, -28.702608000724329 ], [ 24.719129614044505, -28.702536198852233 ], [ 24.717383678317333, -28.703119075550514 ], [ 24.715652379056515, -28.703710399580796 ], [ 24.715626439910736, -28.703719258802245 ], [ 24.715459759562656, -28.703335895800443 ], [ 24.715429262652762, -28.703265753177536 ], [ 24.713188895852298, -28.704063604717003 ], [ 24.713122294759451, -28.704087322537237 ], [ 24.712050967479083, -28.701780353745622 ], [ 24.711189961947788, -28.700137214126446 ], [ 24.710965001034516, -28.699644998982766 ], [ 24.710894196510463, -28.699486531243657 ], [ 24.714633982274645, -28.697902543632907 ], [ 24.71793340780421, -28.696489444298109 ], [ 24.719385943310957, -28.695930777349222 ], [ 24.719648845722119, -28.695595575740978 ], [ 24.719760578392489, -28.695391827136859 ], [ 24.720373621949918, -28.695646561905015 ], [ 24.721019383742583, -28.695914891724659 ], [ 24.719838000128057, -28.698090002817093 ], [ 24.71971199701543, -28.698308997627905 ], [ 24.719577199432493, -28.698522517365962 ], [ 24.721925265444003, -28.699539057047687 ], [ 24.724565385390722, -28.70065323612393 ], [ 24.724352076993092, -28.701121138096013 ], [ 24.72450241036433, -28.701199883633677 ] ] ] } },
{ "type": "Feature", "properties": { "Municipali": "Sol Plaatje Local Municipality", "WardNo": "6", "WardLabel": "NC091_6", "Province": "Northern Cape", "CLASSIFICATION": "Service centre", "PopGBlack": 6543.7362174999998, "PopGColour": 751.85961581000004, "PopGIndian": 5.61513298, "PopGWhite": 30.3997417, "PopGOther": 3.14336088, "PopGTotal": 7334.7540688 }, "geometry": { "type": "Polygon", "coordinates": [ [ [ 24.734309997519063, -28.701297996971459 ], [ 24.739125019017088, -28.703022095360211 ], [ 24.739129002114407, -28.703101998325256 ], [ 24.739135999739283, -28.703160990254197 ], [ 24.739154998816801, -28.703300995811027 ], [ 24.739139998125083, -28.703330998993106 ], [ 24.739045002737303, -28.703532998415895 ], [ 24.738965999094169, -28.703699000675115 ], [ 24.738939993398517, -28.703758000697935 ], [ 24.738820996904032, -28.70381499793055 ], [ 24.738789996373782, -28.703830996869709 ], [ 24.738736997526939, -28.703857999014236 ], [ 24.738578000087031, -28.703940002795584 ], [ 24.738360999972524, -28.704046998736658 ], [ 24.738258001517828, -28.704099997583562 ], [ 24.738181998012969, -28.704136001042347 ], [ 24.738148005438333, -28.704151999981502 ], [ 24.738118003155524, -28.704167000673294 ], [ 24.738041001403232, -28.704207999865954 ], [ 24.737938003847901, -28.704258995922668 ], [ 24.737874997345369, -28.704288991010852 ], [ 24.737827999674526, -28.704313001110798 ], [ 24.737658005324654, -28.704406000902921 ], [ 24.737633996123972, -28.704418002355641 ], [ 24.737418998799665, -28.704524000049194 ], [ 24.73730399979161, -28.704580997281891 ], [ 24.737166003320237, -28.704648997719701 ], [ 24.736990001499127, -28.704738000025312 ], [ 24.736835999793183, -28.70481300618188 ], [ 24.736795998847942, -28.704833002607639 ], [ 24.736572997557257, -28.704942002238273 ], [ 24.736392999149086, -28.705032999240114 ], [ 24.735862998090081, -28.705298999815611 ], [ 24.735379996500654, -28.705546003112069 ], [ 24.735356999936524, -28.705531998869223 ], [ 24.734922002359379, -28.704868000624288 ], [ 24.734460002637601, -28.704170001710754 ], [ 24.734340000701078, -28.703990002403199 ], [ 24.734304271535482, -28.703936583572943 ], [ 24.733728932054905, -28.704227282229795 ], [ 24.733650200906332, -28.704318124548251 ], [ 24.73358963876105, -28.704427136769379 ], [ 24.73351696364718, -28.70454826105988 ], [ 24.733440002364375, -28.70466000092479 ], [ 24.732000007004341, -28.705380007147983 ], [ 24.731978624723318, -28.705390891642715 ], [ 24.731306467828468, -28.704366516168189 ], [ 24.730753714821148, -28.703522034780399 ], [ 24.730328998293526, -28.702861004298192 ], [ 24.730290528893665, -28.702810621579228 ], [ 24.730254702601318, -28.702782472799203 ], [ 24.730172813932995, -28.702751762749941 ], [ 24.728954711898751, -28.70230137327599 ], [ 24.728891087561902, -28.702277427927175 ], [ 24.728776285505369, -28.702234222697459 ], [ 24.728716720708253, -28.702211806196178 ], [ 24.727248980363733, -28.703959340917031 ], [ 24.724840992524356, -28.702354997151414 ], [ 24.724249637017412, -28.701944667978001 ], [ 24.72415916072292, -28.701906572696135 ], [ 24.72450241036433, -28.701199883633677 ], [ 24.724352076993092, -28.701121138096013 ], [ 24.724565385390722, -28.70065323612393 ], [ 24.721925265444003, -28.699539057047687 ], [ 24.719577199432493, -28.698522517365962 ], [ 24.71971199701543, -28.698308997627905 ], [ 24.719838000128057, -28.698090002817093 ], [ 24.721019383742583, -28.695914891724659 ], [ 24.721199969408197, -28.695989930256861 ], [ 24.722143003002653, -28.69638399788904 ], [ 24.726180998561492, -28.698073996683675 ], [ 24.726562996392531, -28.698233002217318 ], [ 24.727814001023255, -28.698766003414519 ], [ 24.729723002723087, -28.699594002027752 ], [ 24.729767472399672, -28.6996055115514 ], [ 24.729807999448337, -28.699616001243722 ], [ 24.732803995517987, -28.700728003960641 ], [ 24.733974997358779, -28.701163000638484 ], [ 24.734309997519063, -28.701297996971459 ] ] ] } },
{ "type": "Feature", "properties": { "Municipali": "Sol Plaatje Local Municipality", "WardNo": "7", "WardLabel": "NC091_7", "Province": "Northern Cape", "CLASSIFICATION": "Service centre", "PopGBlack": 7556.7322740999998, "PopGColour": 318.52799532, "PopGIndian": 10.182479, "PopGWhite": 7.05584005, "PopGOther": 0.26194674, "PopGTotal": 7892.7605352 }, "geometry": { "type": "Polygon", "coordinates": [ [ [ 24.712050967479083, -28.701780353745622 ], [ 24.713122294759451, -28.704087322537237 ], [ 24.713188895852298, -28.704063604717003 ], [ 24.715429262652762, -28.703265753177536 ], [ 24.715459759562656, -28.703335895800443 ], [ 24.715626439910736, -28.703719258802245 ], [ 24.715652379056515, -28.703710399580796 ], [ 24.717383678317333, -28.703119075550514 ], [ 24.719129614044505, -28.702536198852233 ], [ 24.719159996740522, -28.702608000724329 ], [ 24.71994131964053, -28.704294008327594 ], [ 24.720463842836672, -28.704113613318381 ], [ 24.721002793049283, -28.703936153696393 ], [ 24.720582148651946, -28.702950270104619 ], [ 24.721916378343451, -28.702477045944828 ], [ 24.723388631486081, -28.701957813368324 ], [ 24.723651533897236, -28.701865798333909 ], [ 24.72378955734828, -28.70185265204417 ], [ 24.723926001589842, -28.70184999724556 ], [ 24.724124758956673, -28.701892088215306 ], [ 24.72415916072292, -28.701906572696135 ], [ 24.724249637017412, -28.701944667978001 ], [ 24.724840992524356, -28.702354997151414 ], [ 24.727248980363733, -28.703959340917031 ], [ 24.726556466415001, -28.70479638760931 ], [ 24.7265579161222, -28.704797268944937 ], [ 24.726549999390212, -28.704800000185955 ], [ 24.724809491071582, -28.706832797161866 ], [ 24.724799576945347, -28.706844617850823 ], [ 24.724428765781177, -28.707286738957819 ], [ 24.723950416384685, -28.707862709762267 ], [ 24.723496474588408, -28.708424036905775 ], [ 24.723069377555358, -28.708924348645695 ], [ 24.72288842856366, -28.709141059178496 ], [ 24.71661882560111, -28.708703912221402 ], [ 24.714979842647661, -28.708588083139073 ], [ 24.714163246538348, -28.708454879154836 ], [ 24.713937380007618, -28.708373798977046 ], [ 24.713653598935874, -28.708240594992922 ], [ 24.711620795663791, -28.706954890920805 ], [ 24.709663282734134, -28.70569235338467 ], [ 24.708192251770161, -28.704754135660004 ], [ 24.708124089454252, -28.704712989877752 ], [ 24.708063860058175, -28.704675668912152 ], [ 24.708030901703804, -28.704655247107109 ], [ 24.707984091091951, -28.704626242172463 ], [ 24.70785784066592, -28.702881072668518 ], [ 24.706660934752882, -28.702507679550873 ], [ 24.704418893414765, -28.702547935004127 ], [ 24.7044146117425, -28.702426980685573 ], [ 24.704505995452923, -28.702387999571503 ], [ 24.704956002715157, -28.702196997058788 ], [ 24.705571996948219, -28.701935999411862 ], [ 24.705962996992913, -28.701768998005836 ], [ 24.706303996530657, -28.701624003909664 ], [ 24.707287004090809, -28.701206999968203 ], [ 24.70743097655718, -28.701145865854176 ], [ 24.709854003759293, -28.700116997366738 ], [ 24.710289998684726, -28.699930996883296 ], [ 24.710965001034516, -28.699644998982766 ], [ 24.711189961947788, -28.700137214126446 ], [ 24.712050967479083, -28.701780353745622 ] ] ] } },
{ "type": "Feature", "properties": { "Municipali": "Sol Plaatje Local Municipality", "WardNo": "8", "WardLabel": "NC091_8", "Province": "Northern Cape", "CLASSIFICATION": "Service centre", "PopGBlack": 7796.1407092999998, "PopGColour": 994.09320513, "PopGIndian": 49.04532396, "PopGWhite": 27.42079805, "PopGOther": 0.26194674, "PopGTotal": 8866.9619832000008 }, "geometry": { "type": "Polygon", "coordinates": [ [ [ 24.732984829395864, -28.723064348707215 ], [ 24.733046414969674, -28.723336352257395 ], [ 24.733092604149899, -28.723787978299022 ], [ 24.733169586117032, -28.724388435844133 ], [ 24.733210642866503, -28.724783608743078 ], [ 24.733354341939027, -28.724829797923398 ], [ 24.733580155409534, -28.724932440246494 ], [ 24.733831628336834, -28.72504534653207 ], [ 24.733967999733288, -28.725111003336689 ], [ 24.73428974478589, -28.725179636897323 ], [ 24.734281119388157, -28.725227552775884 ], [ 24.735107608040071, -28.725402297344772 ], [ 24.735101392825413, -28.725433368921465 ], [ 24.735098863032498, -28.725534596610895 ], [ 24.735095205489692, -28.725680881234332 ], [ 24.735109265490586, -28.725891774052752 ], [ 24.735150896007404, -28.726516233603931 ], [ 24.735200397390848, -28.727042195807329 ], [ 24.735205381433619, -28.727351217251499 ], [ 24.735121035817496, -28.727352456517242 ], [ 24.73303967185284, -28.72738306584235 ], [ 24.729400272012796, -28.727452462027852 ], [ 24.729411000025497, -28.727536000951975 ], [ 24.729699146406354, -28.730178205526158 ], [ 24.730073308444499, -28.733366209549352 ], [ 24.730396410573974, -28.736226735341972 ], [ 24.729638198451845, -28.736231043993854 ], [ 24.729487418117522, -28.736235351746394 ], [ 24.728332868474283, -28.736343052755966 ], [ 24.727428184669751, -28.736424903652644 ], [ 24.725580633645311, -28.736582061978726 ], [ 24.723822780102434, -28.736723413820513 ], [ 24.722844181018903, -28.736814025013235 ], [ 24.721963441663913, -28.736893763402414 ], [ 24.721880079906111, -28.736886513967399 ], [ 24.721800341516857, -28.736850270389652 ], [ 24.721764097039731, -28.736828522983906 ], [ 24.721680734382648, -28.736835771519544 ], [ 24.721590124089204, -28.736872016896026 ], [ 24.721485014925655, -28.736904637105294 ], [ 24.721122571053776, -28.736933632147295 ], [ 24.720872484881188, -28.736951754385835 ], [ 24.72035418939798, -28.736984373695737 ], [ 24.720299509718242, -28.736972601570226 ], [ 24.720218336010984, -28.736955512652649 ], [ 24.720162796579416, -28.736938423735083 ], [ 24.720094440010005, -28.736925606597325 ], [ 24.720008994523013, -28.736917062138584 ], [ 24.719893642980779, -28.736891428762267 ], [ 24.719782564117466, -28.736891428762259 ], [ 24.719667211675866, -28.736882884303508 ], [ 24.719586038867973, -28.736865795386031 ], [ 24.719517681399196, -28.736865795386016 ], [ 24.719440780370949, -28.736870067165658 ], [ 24.719402330756242, -28.736895700541972 ], [ 24.71932542972808, -28.736921333918268 ], [ 24.7192570722593, -28.73694269641414 ], [ 24.71915026607509, -28.736959785331621 ], [ 24.719064819688729, -28.736934151056019 ], [ 24.718919562990529, -28.736895700541943 ], [ 24.718740126658528, -28.736848705569134 ], [ 24.718505151794233, -28.736925606597243 ], [ 24.718329988141239, -28.736968329790304 ], [ 24.718116373974169, -28.736993963166611 ], [ 24.717710506337333, -28.737023869221915 ], [ 24.717486403377226, -28.73704506804113 ], [ 24.717394357765784, -28.737053775277207 ], [ 24.714732726935001, -28.737293022820367 ], [ 24.714613103613033, -28.737263116765032 ], [ 24.714655825906771, -28.736699176191593 ], [ 24.714795176757299, -28.734716104530218 ], [ 24.714800170692612, -28.734645038303448 ], [ 24.71760369925391, -28.734387871768607 ], [ 24.717407174903656, -28.732559335110935 ], [ 24.717377268848328, -28.732503795679403 ], [ 24.718815034789127, -28.732347332529123 ], [ 24.718486998079491, -28.730998003220989 ], [ 24.718468995450852, -28.730921002368099 ], [ 24.71845499930172, -28.730869997318322 ], [ 24.718089008503838, -28.729460004241506 ], [ 24.718085002923434, -28.729409996539793 ], [ 24.718083997481397, -28.729371999284133 ], [ 24.717984840930562, -28.729321015817973 ], [ 24.717939154471217, -28.729195379628784 ], [ 24.71781922987638, -28.729081165728946 ], [ 24.717722148061398, -28.728995505304045 ], [ 24.717596512771529, -28.728915555574176 ], [ 24.717476587277318, -28.728847027234188 ], [ 24.717368084072362, -28.72882418355497 ], [ 24.71716249905262, -28.727887627777488 ], [ 24.717111030851882, -28.727684974547643 ], [ 24.717145896668352, -28.727670294014505 ], [ 24.71724758481075, -28.727670294014501 ], [ 24.717360167340409, -28.727673926376298 ], [ 24.717530857765563, -28.727713875160951 ], [ 24.717779586861216, -28.72776847300241 ], [ 24.717828657469436, -28.727779245081816 ], [ 24.717984822044819, -28.727804667117415 ], [ 24.718108300760395, -28.727808298579834 ], [ 24.718231777677406, -28.727768349795209 ], [ 24.718366150780334, -28.727699348411939 ], [ 24.718456944535465, -28.72762308230519 ], [ 24.718554999416796, -28.727499603589582 ], [ 24.718656687559278, -28.72740881073377 ], [ 24.718749534466642, -28.727299955894065 ], [ 24.718762008063468, -28.727285332917546 ], [ 24.718885486779136, -28.727180013312683 ], [ 24.718936329950964, -28.727143696889843 ], [ 24.71900533313292, -28.727125537779095 ], [ 24.719046002274588, -28.72722200265909 ], [ 24.722175997329167, -28.726368995698547 ], [ 24.721505001459118, -28.724606001631596 ], [ 24.721433003534756, -28.724568004375843 ], [ 24.721092003097766, -28.72370000391793 ], [ 24.72112899581094, -28.723618996585259 ], [ 24.721055002290889, -28.723425999376278 ], [ 24.720997000515485, -28.723270998523596 ], [ 24.720981001576238, -28.723230001129483 ], [ 24.720933904080717, -28.723106133007512 ], [ 24.720872626075089, -28.723125630309493 ], [ 24.720845793902502, -28.723134167573633 ], [ 24.720694102555058, -28.722706673939712 ], [ 24.720681708098564, -28.722671743372118 ], [ 24.720759995881345, -28.722647998572121 ], [ 24.721034990576662, -28.722567000232733 ], [ 24.721161000883882, -28.722529998526504 ], [ 24.721480002105018, -28.722436002285594 ], [ 24.721527000675145, -28.722422006136643 ], [ 24.721585002450464, -28.722405001755369 ], [ 24.722113000719272, -28.72224899636004 ], [ 24.722599002447062, -28.722104999612029 ], [ 24.722840993821929, -28.722033001687702 ], [ 24.723083998732807, -28.721961002863925 ], [ 24.723325999100926, -28.721890003187035 ], [ 24.724258001611261, -28.721614003049854 ], [ 24.724751998312094, -28.721468004410923 ], [ 24.725433998286668, -28.721265996894381 ], [ 24.725814001421483, -28.721141996572037 ], [ 24.72626300863762, -28.721105887892545 ], [ 24.726579323583724, -28.721173669795142 ], [ 24.727572904473185, -28.72130614712723 ], [ 24.727970751956047, -28.721355353532957 ], [ 24.729253780545481, -28.721540111153519 ], [ 24.730177561453644, -28.721683810226022 ], [ 24.730931982933299, -28.721812112905031 ], [ 24.731414401762123, -28.721914755228141 ], [ 24.731814707092155, -28.721996868726915 ], [ 24.732066180918647, -28.722099511050025 ], [ 24.732215011522815, -28.72218675697971 ], [ 24.732425428599999, -28.722304795696218 ], [ 24.732656373602147, -28.722525476735882 ], [ 24.7327795447497, -28.722669175808264 ], [ 24.732887319503664, -28.722853932529489 ], [ 24.732984829395864, -28.723064348707215 ] ] ] } },
{ "type": "Feature", "properties": { "Municipali": "Sol Plaatje Local Municipality", "WardNo": "9", "WardLabel": "NC091_9", "Province": "Northern Cape", "CLASSIFICATION": "Service centre", "PopGBlack": 5478.0540752999996, "PopGColour": 121.57093763, "PopGIndian": 2.48849403, "PopGWhite": 7.97265364, "PopGOther": 0.0, "PopGTotal": 5610.0861606 }, "geometry": { "type": "Polygon", "coordinates": [ [ [ 24.711392160120297, -28.717285040837371 ], [ 24.711227913337719, -28.717924148545979 ], [ 24.706223015277939, -28.716881213762022 ], [ 24.706170713405658, -28.71687033376395 ], [ 24.706188333822528, -28.716785439561441 ], [ 24.706338103318792, -28.716114929325588 ], [ 24.706363449811448, -28.715953637715295 ], [ 24.706370362000683, -28.715617230116184 ], [ 24.70637036200069, -28.715158701777771 ], [ 24.706379578253017, -28.714209388217835 ], [ 24.706379578253028, -28.713849939088533 ], [ 24.70637957825307, -28.712197855711569 ], [ 24.706381882316158, -28.711610293545274 ], [ 24.706381882316183, -28.710492776185731 ], [ 24.706384186379278, -28.70989138964099 ], [ 24.706391099467908, -28.708587235077889 ], [ 24.706393403530996, -28.708082623679179 ], [ 24.706395707594105, -28.706849897769647 ], [ 24.706398011657267, -28.706801510646265 ], [ 24.70640722880885, -28.706716256714973 ], [ 24.706427965376612, -28.706637914972816 ], [ 24.706464833083917, -28.70657570257163 ], [ 24.706591561949423, -28.70641210779765 ], [ 24.707179122317353, -28.705709338879945 ], [ 24.707891107487626, -28.704845278352064 ], [ 24.708030901703804, -28.704655247107109 ], [ 24.708063860058175, -28.704675668912152 ], [ 24.708124089454252, -28.704712989877752 ], [ 24.708192251770161, -28.704754135660004 ], [ 24.709663282734134, -28.70569235338467 ], [ 24.711620795663791, -28.706954890920805 ], [ 24.713653598935874, -28.708240594992922 ], [ 24.713937380007618, -28.708373798977046 ], [ 24.714163246538348, -28.708454879154836 ], [ 24.714979842647661, -28.708588083139073 ], [ 24.71661882560111, -28.708703912221402 ], [ 24.716619523475046, -28.708780898685095 ], [ 24.716497784048244, -28.7100550140932 ], [ 24.716420686068457, -28.710826001983978 ], [ 24.716406667436321, -28.710990712816766 ], [ 24.716364613338854, -28.71111336955202 ], [ 24.716259478994282, -28.711239531844544 ], [ 24.716077245770755, -28.711348170847039 ], [ 24.715060943509727, -28.711779223098208 ], [ 24.714980768049998, -28.711792518675292 ], [ 24.715003659393407, -28.71185042512257 ], [ 24.714970998714605, -28.711862000296545 ], [ 24.715320001319071, -28.712519998264852 ], [ 24.715783415674416, -28.713180143814135 ], [ 24.715751076952916, -28.713291043712289 ], [ 24.715660252620818, -28.713406638071433 ], [ 24.715478604855907, -28.713464435700676 ], [ 24.715321727118106, -28.713555260032724 ], [ 24.714966687364697, -28.713935068913855 ], [ 24.714718985294699, -28.714314878694182 ], [ 24.714281378784179, -28.714826796185129 ], [ 24.713733549565042, -28.715377665112559 ], [ 24.713219586116118, -28.715737439796449 ], [ 24.712699911972251, -28.71604581822535 ], [ 24.712334426593145, -28.716308510195017 ], [ 24.711986073299215, -28.716622599318949 ], [ 24.71170624834512, -28.716959531222738 ], [ 24.711392160120297, -28.717285040837371 ] ] ] } },
{ "type": "Feature", "properties": { "Municipali": "Sol Plaatje Local Municipality", "WardNo": "10", "WardLabel": "NC091_10", "Province": "Northern Cape", "CLASSIFICATION": "Service centre", "PopGBlack": 5994.5353151999998, "PopGColour": 199.88629136, "PopGIndian": 9.13469204, "PopGWhite": 16.45247883, "PopGOther": 0.39292011, "PopGTotal": 6220.4016975000004 }, "geometry": { "type": "Polygon", "coordinates": [ [ [ 24.72904056837563, -28.713499433718134 ], [ 24.728697960850099, -28.713929515600938 ], [ 24.727954429261104, -28.714534546198617 ], [ 24.727531637282599, -28.714877153723879 ], [ 24.726853713035503, -28.715664422041577 ], [ 24.726686053325754, -28.715781054218379 ], [ 24.726430921057084, -28.715868528575896 ], [ 24.725913557271536, -28.716070715956938 ], [ 24.725151998772049, -28.714363002316794 ], [ 24.725127998564616, -28.714310802967233 ], [ 24.72458824885474, -28.714478623655577 ], [ 24.723461841696206, -28.714883920222757 ], [ 24.723330251995055, -28.714915501715016 ], [ 24.723224980953614, -28.714936555743403 ], [ 24.720872157528504, -28.714662849776499 ], [ 24.720745831559295, -28.714641794848827 ], [ 24.72065108708237, -28.714610214255838 ], [ 24.720556342605537, -28.714557577835802 ], [ 24.719624688132818, -28.713936474554426 ], [ 24.719125366546219, -28.713600197356929 ], [ 24.719105695675058, -28.71362430908038 ], [ 24.719091370374191, -28.713641868343323 ], [ 24.718807817730205, -28.713981400187183 ], [ 24.717940237255402, -28.71502249585717 ], [ 24.71787372429614, -28.715101357407448 ], [ 24.716629997878737, -28.714350004414751 ], [ 24.716380002537587, -28.714029997751787 ], [ 24.715783415674416, -28.713180143814135 ], [ 24.715320001319071, -28.712519998264852 ], [ 24.714970998714605, -28.711862000296545 ], [ 24.715003659393407, -28.71185042512257 ], [ 24.714980768049998, -28.711792518675292 ], [ 24.715060943509727, -28.711779223098208 ], [ 24.716077245770755, -28.711348170847039 ], [ 24.716259478994282, -28.711239531844544 ], [ 24.716364613338854, -28.71111336955202 ], [ 24.716406667436321, -28.710990712816766 ], [ 24.716420686068457, -28.710826001983978 ], [ 24.716497784048244, -28.7100550140932 ], [ 24.716619523475046, -28.708780898685095 ], [ 24.71661882560111, -28.708703912221402 ], [ 24.72288842856366, -28.709141059178496 ], [ 24.724200911748763, -28.709275894532915 ], [ 24.72466251576877, -28.709323316683754 ], [ 24.726121857344715, -28.709425470675065 ], [ 24.729073493455118, -28.70964898008264 ], [ 24.730261618387669, -28.70973894915943 ], [ 24.730251796891601, -28.709853545271223 ], [ 24.730212880528725, -28.710213516007286 ], [ 24.730212880528722, -28.710378907626804 ], [ 24.730250002744086, -28.710519998665298 ], [ 24.730928554717984, -28.71135631600756 ], [ 24.730884093135284, -28.711388551306968 ], [ 24.730636973826073, -28.711567711547016 ], [ 24.730359971843878, -28.711932187886429 ], [ 24.72992988996095, -28.712420585408033 ], [ 24.72904056837563, -28.713499433718134 ] ] ] } },
{ "type": "Feature", "properties": { "Municipali": "Sol Plaatje Local Municipality", "WardNo": "11", "WardLabel": "NC091_11", "Province": "Northern Cape", "CLASSIFICATION": "Service centre", "PopGBlack": 5874.8178320999996, "PopGColour": 153.65972138000001, "PopGIndian": 23.9987685, "PopGWhite": 6.13902646, "PopGOther": 0.65486685, "PopGTotal": 6059.2702153 }, "geometry": { "type": "Polygon", "coordinates": [ [ [ 24.732274848814725, -28.713102000823085 ], [ 24.730456006847852, -28.716121998897471 ], [ 24.730475349466388, -28.716131802407123 ], [ 24.729936597104654, -28.71698585617861 ], [ 24.729339999449447, -28.717949999559099 ], [ 24.72902999954276, -28.718470000156682 ], [ 24.728699999613085, -28.718989999854912 ], [ 24.728477210562481, -28.71933114508251 ], [ 24.728380000144586, -28.719479999968264 ], [ 24.728309643482902, -28.719608192030655 ], [ 24.728270492396867, -28.719599777074276 ], [ 24.728158015087832, -28.719937212598502 ], [ 24.728040841519061, -28.720225778962725 ], [ 24.728052438276919, -28.720596873413182 ], [ 24.728058655290134, -28.720787276977475 ], [ 24.728065992858728, -28.720963350744331 ], [ 24.728069695367605, -28.721052231641465 ], [ 24.727981377446053, -28.721306147127255 ], [ 24.727970751956047, -28.721355353532957 ], [ 24.727572904473185, -28.72130614712723 ], [ 24.726579323583724, -28.721173669795142 ], [ 24.72626300863762, -28.721105887892545 ], [ 24.723333623553323, -28.720478162902886 ], [ 24.721202943465553, -28.720003451264159 ], [ 24.718991301011243, -28.719552094119578 ], [ 24.715266189484961, -28.718791864818268 ], [ 24.713933999455868, -28.718501999832856 ], [ 24.711231999857027, -28.717925000204009 ], [ 24.711227913337719, -28.717924148545979 ], [ 24.711392160120297, -28.717285040837371 ], [ 24.71170624834512, -28.716959531222738 ], [ 24.711986073299215, -28.716622599318949 ], [ 24.712334426593145, -28.716308510195017 ], [ 24.712699911972251, -28.71604581822535 ], [ 24.713219586116118, -28.715737439796449 ], [ 24.713733549565042, -28.715377665112559 ], [ 24.714281378784179, -28.714826796185129 ], [ 24.714718985294699, -28.714314878694182 ], [ 24.714966687364697, -28.713935068913855 ], [ 24.715321727118106, -28.713555260032724 ], [ 24.715478604855907, -28.713464435700676 ], [ 24.715660252620818, -28.713406638071433 ], [ 24.715751076952916, -28.713291043712289 ], [ 24.715783415674416, -28.713180143814135 ], [ 24.716380002537587, -28.714029997751787 ], [ 24.716629997878737, -28.714350004414751 ], [ 24.71787372429614, -28.715101357407448 ], [ 24.717940237255402, -28.71502249585717 ], [ 24.718807817730205, -28.713981400187183 ], [ 24.719091370374191, -28.713641868343323 ], [ 24.719105695675058, -28.71362430908038 ], [ 24.719125366546219, -28.713600197356929 ], [ 24.719624688132818, -28.713936474554426 ], [ 24.720556342605537, -28.714557577835802 ], [ 24.72065108708237, -28.714610214255838 ], [ 24.720745831559295, -28.714641794848827 ], [ 24.720872157528504, -28.714662849776499 ], [ 24.723224980953614, -28.714936555743403 ], [ 24.723330251995055, -28.714915501715016 ], [ 24.723461841696206, -28.714883920222757 ], [ 24.72458824885474, -28.714478623655577 ], [ 24.725127998564616, -28.714310802967233 ], [ 24.725151998772049, -28.714363002316794 ], [ 24.725913557271536, -28.716070715956938 ], [ 24.726430921057084, -28.715868528575896 ], [ 24.726686053325754, -28.715781054218379 ], [ 24.726853713035503, -28.715664422041577 ], [ 24.727531637282599, -28.714877153723879 ], [ 24.727954429261104, -28.714534546198617 ], [ 24.728697960850099, -28.713929515600938 ], [ 24.72904056837563, -28.713499433718134 ], [ 24.72992988996095, -28.712420585408033 ], [ 24.730359971843878, -28.711932187886429 ], [ 24.730636973826073, -28.711567711547016 ], [ 24.730884093135284, -28.711388551306968 ], [ 24.730928554717984, -28.71135631600756 ], [ 24.732320852734624, -28.713025616005776 ], [ 24.732274848814725, -28.713102000823085 ] ] ] } },
{ "type": "Feature", "properties": { "Municipali": "Sol Plaatje Local Municipality", "WardNo": "12", "WardLabel": "NC091_12", "Province": "Northern Cape", "CLASSIFICATION": "Service centre", "PopGBlack": 5648.5558953, "PopGColour": 105.55855689000001, "PopGIndian": 31.5617801, "PopGWhite": 2.48849403, "PopGOther": 0.65486685, "PopGTotal": 5788.8195932 }, "geometry": { "type": "Polygon", "coordinates": [ [ [ 24.743270306393594, -28.715007846801669 ], [ 24.738976201003137, -28.716027597062755 ], [ 24.738960757844996, -28.716037546262537 ], [ 24.738549999694857, -28.715430000261083 ], [ 24.735949136954037, -28.717100762556765 ], [ 24.735071367160479, -28.716244493754985 ], [ 24.733582142911438, -28.717633913940471 ], [ 24.733077003610511, -28.718115998221219 ], [ 24.732408641854715, -28.720438507297711 ], [ 24.731873995797372, -28.720334998927456 ], [ 24.730272001959726, -28.720000997014761 ], [ 24.728348996916321, -28.719600000106183 ], [ 24.728344157664388, -28.719615610538245 ], [ 24.728309643482902, -28.719608192030655 ], [ 24.728380000144586, -28.719479999968264 ], [ 24.728477210562481, -28.71933114508251 ], [ 24.728699999613085, -28.718989999854912 ], [ 24.72902999954276, -28.718470000156682 ], [ 24.729339999449447, -28.717949999559099 ], [ 24.729936597104654, -28.71698585617861 ], [ 24.730475349466388, -28.716131802407123 ], [ 24.730456006847852, -28.716121998897471 ], [ 24.732274848814725, -28.713102000823085 ], [ 24.732320852734624, -28.713025616005776 ], [ 24.730928554717984, -28.71135631600756 ], [ 24.730250002744086, -28.710519998665298 ], [ 24.730212880528722, -28.710378907626804 ], [ 24.730212880528725, -28.710213516007286 ], [ 24.730251796891601, -28.709853545271223 ], [ 24.730261618387669, -28.70973894915943 ], [ 24.730490155904764, -28.70975625481368 ], [ 24.730772295713827, -28.709780577877694 ], [ 24.732052697383505, -28.709878236158072 ], [ 24.734749238996795, -28.710083903915528 ], [ 24.736745869737589, -28.710242702605296 ], [ 24.73711575010346, -28.710274740053833 ], [ 24.737869999812602, -28.71032999979634 ], [ 24.738689999855929, -28.710389999865392 ], [ 24.739448698511268, -28.710427113087604 ], [ 24.741128873112316, -28.710579379101898 ], [ 24.741373665875368, -28.710600124662911 ], [ 24.741510584059686, -28.710612572179354 ], [ 24.741656625866124, -28.710648942561527 ], [ 24.741645913141902, -28.710659038350894 ], [ 24.742839999680317, -28.710940000047884 ], [ 24.74310999954103, -28.711009999678708 ], [ 24.743639999700569, -28.711249999954557 ], [ 24.744432404946217, -28.711853678871236 ], [ 24.744189124842844, -28.712197904276909 ], [ 24.743699999769561, -28.712640000202807 ], [ 24.743449999931816, -28.712839999533315 ], [ 24.743359999378633, -28.712950000109423 ], [ 24.74331194770237, -28.713055713617322 ], [ 24.743349974635812, -28.713095815286682 ], [ 24.74340574159595, -28.713239216683483 ], [ 24.743270306393594, -28.715007846801669 ] ] ] } },
{ "type": "Feature", "properties": { "Municipali": "Sol Plaatje Local Municipality", "WardNo": "13", "WardLabel": "NC091_13", "Province": "Northern Cape", "CLASSIFICATION": "Service centre", "PopGBlack": 6042.6071192, "PopGColour": 837.49142627000003, "PopGIndian": 20.47920944, "PopGWhite": 6.66291994, "PopGOther": 0.52389348, "PopGTotal": 6907.7645683000001 }, "geometry": { "type": "Polygon", "coordinates": [ [ [ 24.746249999553335, -28.713050000224502 ], [ 24.746779999712874, -28.713139999878312 ], [ 24.747430000010471, -28.713079999809342 ], [ 24.747840000032138, -28.712939999648469 ], [ 24.748349999269422, -28.712720000295008 ], [ 24.748413188334361, -28.712678951639511 ], [ 24.748931415469034, -28.712446643265228 ], [ 24.749364792467958, -28.712279960219306 ], [ 24.74985099744255, -28.713250999601303 ], [ 24.750505711986257, -28.714697077075812 ], [ 24.751503995430625, -28.716902001593507 ], [ 24.751667966121396, -28.717262912121122 ], [ 24.752410991392043, -28.718898367033447 ], [ 24.752720690925198, -28.719536255261488 ], [ 24.753609670767986, -28.721014184024892 ], [ 24.753542664980284, -28.721042102578505 ], [ 24.75347632379162, -28.721069745040236 ], [ 24.753387425807322, -28.721169755047715 ], [ 24.753365986869039, -28.721291240865565 ], [ 24.753354088838385, -28.721358663039364 ], [ 24.753342976815162, -28.721525346984681 ], [ 24.752935719725773, -28.721903214229435 ], [ 24.752403544106059, -28.722396986099557 ], [ 24.752243994482431, -28.722364594318027 ], [ 24.752460189703829, -28.721266087727276 ], [ 24.752277635422377, -28.721144496688613 ], [ 24.752011494552494, -28.72059904887448 ], [ 24.749761400684868, -28.719892076525436 ], [ 24.749711879516347, -28.71987566389809 ], [ 24.749514442354258, -28.720378417297425 ], [ 24.749462842852491, -28.720490998028485 ], [ 24.748939999497797, -28.720279999989316 ], [ 24.748290000099495, -28.720010000128696 ], [ 24.74758999929486, -28.71972999980688 ], [ 24.747239999342227, -28.71960000010715 ], [ 24.746849999343549, -28.719450000384434 ], [ 24.74648999982902, -28.719390000315421 ], [ 24.746219999968311, -28.719319999785316 ], [ 24.745910000061542, -28.719319999785302 ], [ 24.745289999348909, -28.719359999831298 ], [ 24.744979999442144, -28.71939000031534 ], [ 24.744370000089969, -28.719390000315308 ], [ 24.744040000160222, -28.719339999808181 ], [ 24.743679999746416, -28.719290000200424 ], [ 24.742879999726075, -28.719159999601285 ], [ 24.742059999682706, -28.720649999964532 ], [ 24.741739999314841, -28.721209999708599 ], [ 24.741688265814133, -28.721365201110096 ], [ 24.74072889693392, -28.721333485618754 ], [ 24.740505826395516, -28.721317553229376 ], [ 24.740250888380448, -28.721229917893304 ], [ 24.740075619506822, -28.721134316362434 ], [ 24.739956117593344, -28.72103871483165 ], [ 24.73956574437597, -28.720656307809126 ], [ 24.737781180968426, -28.718919546066974 ], [ 24.736490559402998, -28.717628923602621 ], [ 24.735949136954037, -28.717100762556765 ], [ 24.738549999694857, -28.715430000261083 ], [ 24.738960757844996, -28.716037546262537 ], [ 24.738976201003137, -28.716027597062755 ], [ 24.743270306393594, -28.715007846801669 ], [ 24.74340574159595, -28.713239216683483 ], [ 24.743349974635812, -28.713095815286682 ], [ 24.74331194770237, -28.713055713617322 ], [ 24.743359999378633, -28.712950000109423 ], [ 24.743449999931816, -28.712839999533315 ], [ 24.743699999769561, -28.712640000202807 ], [ 24.744189124842844, -28.712197904276909 ], [ 24.744432404946217, -28.711853678871236 ], [ 24.744458681337782, -28.711873697779986 ], [ 24.745177885366136, -28.712419599751833 ], [ 24.745739999416696, -28.712829999971625 ], [ 24.746073423964713, -28.712973830345117 ], [ 24.746249999553335, -28.713050000224502 ] ] ] } },
{ "type": "Feature", "properties": { "Municipali": "Sol Plaatje Local Municipality", "WardNo": "14", "WardLabel": "NC091_14", "Province": "Northern Cape", "CLASSIFICATION": "Service centre", "PopGBlack": 835.34936445999995, "PopGColour": 4058.1934871, "PopGIndian": 775.76602634000005, "PopGWhite": 44.54486566, "PopGOther": 10.88141414, "PopGTotal": 5724.7351577 }, "geometry": { "type": "Polygon", "coordinates": [ [ [ 24.751082436423015, -28.702277701322227 ], [ 24.75108640782922, -28.703182633339193 ], [ 24.75109054291185, -28.705106062861883 ], [ 24.751058265344348, -28.706168529121651 ], [ 24.751069024833207, -28.70623846310194 ], [ 24.751090542911822, -28.706332605932371 ], [ 24.751087853039671, -28.706426747863507 ], [ 24.75105019572754, -28.706520890693934 ], [ 24.750977571875062, -28.706593514546373 ], [ 24.750904948022502, -28.706652689937094 ], [ 24.750837959321931, -28.706723864981782 ], [ 24.750902574711613, -28.70683412726056 ], [ 24.751065997715244, -28.707112998933088 ], [ 24.752252002046344, -28.709471001552973 ], [ 24.752286991969232, -28.709484997701928 ], [ 24.752885007855177, -28.709725003373737 ], [ 24.753312002365497, -28.709896002266227 ], [ 24.754081001855589, -28.710207995969764 ], [ 24.754631995788959, -28.710427997121926 ], [ 24.754230001532221, -28.711239996795992 ], [ 24.75417000416121, -28.71139999967777 ], [ 24.754159997404795, -28.711650003112712 ], [ 24.752810001698432, -28.711610003066607 ], [ 24.752664003059426, -28.714798997243427 ], [ 24.758524942392683, -28.715820685543999 ], [ 24.758634651588505, -28.715812849751007 ], [ 24.758736525890608, -28.715773668088033 ], [ 24.759606366361748, -28.715005700120816 ], [ 24.76009270353665, -28.715459176067949 ], [ 24.761000002569663, -28.714720000795349 ], [ 24.762040000167907, -28.714810001348461 ], [ 24.762359997837788, -28.712670003385892 ], [ 24.763009999934027, -28.712689999811591 ], [ 24.762981322352545, -28.71284968433347 ], [ 24.762594439404065, -28.715542392135617 ], [ 24.763459023337841, -28.715636572737651 ], [ 24.763180001478286, -28.717510000853828 ], [ 24.763719999401069, -28.717629995595821 ], [ 24.766399995287284, -28.71806999610158 ], [ 24.767260000772506, -28.7181599957554 ], [ 24.767300001717842, -28.717799997140386 ], [ 24.767589998004272, -28.716140000628783 ], [ 24.768258998278782, -28.714912001555884 ], [ 24.768742000767471, -28.715111990094531 ], [ 24.769424998090301, -28.713780999761582 ], [ 24.770565007494678, -28.711641002698443 ], [ 24.770977998661554, -28.710867996729093 ], [ 24.771056156042601, -28.710666368726265 ], [ 24.771236168840058, -28.710403848527186 ], [ 24.771603696579398, -28.709721299067137 ], [ 24.771933720790795, -28.709166258184649 ], [ 24.772263745901476, -28.708566212529103 ], [ 24.77254126589321, -28.708138681123646 ], [ 24.772376253787456, -28.708753726571619 ], [ 24.772293747284987, -28.709211261159165 ], [ 24.772231669782077, -28.709639598357231 ], [ 24.772218742027647, -28.709728799413025 ], [ 24.772218742027636, -28.71003632168734 ], [ 24.772233742719347, -28.710456352746871 ], [ 24.772323749567747, -28.710958891208296 ], [ 24.772451259944091, -28.711348919985053 ], [ 24.772668775370107, -28.711881458930627 ], [ 24.772796284847168, -28.712166480167383 ], [ 24.773126309957824, -28.71262401385567 ], [ 24.773358069745804, -28.712890757271119 ], [ 24.77352383908066, -28.713081547543876 ], [ 24.773678758994418, -28.713220160950232 ], [ 24.773808859418232, -28.713336567397203 ], [ 24.774206389440359, -28.713644089671536 ], [ 24.774738928386132, -28.713981615127945 ], [ 24.775063776999069, -28.714125992289297 ], [ 24.775278968576956, -28.71422163339022 ], [ 24.775930157778266, -28.714453963348369 ], [ 24.775922801323972, -28.714502694912042 ], [ 24.775829016423632, -28.714985832298936 ], [ 24.775669866099079, -28.715574122916042 ], [ 24.775564711969441, -28.715966317260321 ], [ 24.775354404609548, -28.71655460787742 ], [ 24.775090101054648, -28.717185529057513 ], [ 24.774822953843419, -28.717745400198691 ], [ 24.774618331098182, -28.718114857882941 ], [ 24.774254557129026, -28.718700306642443 ], [ 24.77372594732131, -28.719410802535034 ], [ 24.773345121306775, -28.71989109896359 ], [ 24.772933033958704, -28.72042539158705 ], [ 24.772333375011325, -28.721206938417925 ], [ 24.77143814937677, -28.722377835936815 ], [ 24.771227842916254, -28.722653507821516 ], [ 24.770542924641585, -28.723523155837391 ], [ 24.770287145760374, -28.723818721625051 ], [ 24.769684644955316, -28.724532060274687 ], [ 24.769231999981525, -28.725078997366197 ], [ 24.768921002726678, -28.72543700128486 ], [ 24.76836600231352, -28.726072002689008 ], [ 24.767577996551289, -28.727021998834449 ], [ 24.767555996436037, -28.727049999226313 ], [ 24.7663880028276, -28.726702001164604 ], [ 24.766420998054169, -28.726485001050111 ], [ 24.766119998562491, -28.726429002064997 ], [ 24.76600100206792, -28.726408996646068 ], [ 24.765844996672588, -28.726382002595518 ], [ 24.765549000109473, -28.726333001235101 ], [ 24.765431000963058, -28.726312996715549 ], [ 24.765179002831793, -28.726270003725833 ], [ 24.764671001888029, -28.727134005797836 ], [ 24.764382003849068, -28.727629000745875 ], [ 24.764525002349714, -28.727831996617457 ], [ 24.764579988698276, -28.727911999407368 ], [ 24.761745009046496, -28.72856200060383 ], [ 24.760840997934906, -28.728769002955048 ], [ 24.760731998304205, -28.728792996867227 ], [ 24.76060899532995, -28.728822001801859 ], [ 24.760545000472419, -28.728828002977856 ], [ 24.760359000888162, -28.72884799940352 ], [ 24.760043000704769, -28.728636002217645 ], [ 24.759811996347342, -28.728478002125961 ], [ 24.759677000913527, -28.72848899813664 ], [ 24.759509999507507, -28.7285049961765 ], [ 24.759472001352378, -28.728509001756901 ], [ 24.759417997962863, -28.728513000142698 ], [ 24.759376620155443, -28.728516819563382 ], [ 24.759120024689846, -28.728123374262136 ], [ 24.758850952929482, -28.72825121379034 ], [ 24.758318297071874, -28.728517323183674 ], [ 24.756494123024794, -28.725571403165425 ], [ 24.756458431630762, -28.725513764716212 ], [ 24.756167321084302, -28.725659320888646 ], [ 24.755887238024769, -28.725805197219735 ], [ 24.75566827199226, -28.725919242047084 ], [ 24.755567850994566, -28.725908386330573 ], [ 24.755283588785566, -28.725877654697584 ], [ 24.752739990376067, -28.725610002966729 ], [ 24.752749997132579, -28.725170001561818 ], [ 24.752169997365186, -28.725170001561786 ], [ 24.751874999049512, -28.725152998079864 ], [ 24.751819996513095, -28.725149997941497 ], [ 24.752066001562355, -28.724154007768679 ], [ 24.752094001954241, -28.724011001174201 ], [ 24.752121004098687, -28.723869997369935 ], [ 24.752146002553648, -28.723736995733205 ], [ 24.752173005597381, -28.723596998270331 ], [ 24.752199999647946, -28.723457996356903 ], [ 24.752227001792392, -28.72331799799467 ], [ 24.752403544106059, -28.722396986099557 ], [ 24.752935719725773, -28.721903214229435 ], [ 24.753342976815162, -28.721525346984681 ], [ 24.753354088838385, -28.721358663039364 ], [ 24.753365986869039, -28.721291240865565 ], [ 24.753387425807322, -28.721169755047715 ], [ 24.75347632379162, -28.721069745040236 ], [ 24.753542664980284, -28.721042102578505 ], [ 24.753609670767986, -28.721014184024892 ], [ 24.752720690925198, -28.719536255261488 ], [ 24.752410991392043, -28.718898367033447 ], [ 24.751667966121396, -28.717262912121122 ], [ 24.751503995430625, -28.716902001593507 ], [ 24.750505711986257, -28.714697077075812 ], [ 24.74985099744255, -28.713250999601303 ], [ 24.749364792467958, -28.712279960219306 ], [ 24.748931415469034, -28.712446643265228 ], [ 24.748413188334361, -28.712678951639511 ], [ 24.748349999269422, -28.712720000295008 ], [ 24.748211096281324, -28.712471961878798 ], [ 24.747431262658644, -28.710890928540724 ], [ 24.747250632026969, -28.710650088298117 ], [ 24.745428003015196, -28.706979000847284 ], [ 24.745418591610026, -28.706944722288171 ], [ 24.743715629087532, -28.707594537325075 ], [ 24.743724673569321, -28.707629967915711 ], [ 24.743699999769685, -28.70761999983014 ], [ 24.742939999795336, -28.70609999988206 ], [ 24.74289999974938, -28.705959999721181 ], [ 24.743369999840091, -28.705219999770105 ], [ 24.743367186760633, -28.705210800604942 ], [ 24.742902740883043, -28.704944140826388 ], [ 24.743176755317418, -28.704588094731754 ], [ 24.743370915349914, -28.704422525046514 ], [ 24.744049999722407, -28.704169999912587 ], [ 24.74281999965757, -28.701629999691708 ], [ 24.743439999470933, -28.701339999808162 ], [ 24.74496999988078, -28.701789999875576 ], [ 24.746945694404246, -28.702352872953863 ], [ 24.747418903275999, -28.702494446029032 ], [ 24.747847664954179, -28.701934806013735 ], [ 24.749799999587601, -28.699409999838856 ], [ 24.750184734954964, -28.69976796508681 ], [ 24.750301618942022, -28.700085219824402 ], [ 24.750560432135838, -28.700761474929493 ], [ 24.750752454479887, -28.701203962060529 ], [ 24.751060942626154, -28.701563476840359 ], [ 24.751136500966563, -28.701679844616478 ], [ 24.751169895492119, -28.70183012402833 ], [ 24.751082436423015, -28.702277701322227 ] ] ] } },
{ "type": "Feature", "properties": { "Municipali": "Sol Plaatje Local Municipality", "WardNo": "15", "WardLabel": "NC091_15", "Province": "Northern Cape", "CLASSIFICATION": "Service centre", "PopGBlack": 7903.938141, "PopGColour": 576.12022926999998, "PopGIndian": 21.78894314, "PopGWhite": 22.19858518, "PopGOther": 1.70265381, "PopGTotal": 8525.7485524000003 }, "geometry": { "type": "Polygon", "coordinates": [ [ [ 24.714987756681428, -28.719572388220705 ], [ 24.71398988962293, -28.723226114259273 ], [ 24.713879997864787, -28.723249996655504 ], [ 24.713590002477662, -28.723329998546113 ], [ 24.711604996373666, -28.722910999908088 ], [ 24.711541278507365, -28.722926754231711 ], [ 24.711418464390739, -28.723302873194427 ], [ 24.711318677415122, -28.723425687310993 ], [ 24.711172835258122, -28.723510121959947 ], [ 24.709074280752514, -28.724126481317345 ], [ 24.709080000440707, -28.72413999632904 ], [ 24.709110002723509, -28.724212003246624 ], [ 24.709755654798936, -28.725877359717703 ], [ 24.707729999338387, -28.726490000378366 ], [ 24.706776181073849, -28.726776145767651 ], [ 24.706529999757517, -28.726849999892771 ], [ 24.706437044032132, -28.726853320189697 ], [ 24.706125433439645, -28.726841315139659 ], [ 24.705688939390548, -28.726728467309975 ], [ 24.705432773800805, -28.726615497172546 ], [ 24.705422000822026, -28.726696998232928 ], [ 24.70524970780502, -28.726979879083217 ], [ 24.705038666598362, -28.727237819035192 ], [ 24.704803567627561, -28.727457750939504 ], [ 24.70441654888144, -28.727819800908065 ], [ 24.704459603924448, -28.728003190659724 ], [ 24.705099202663227, -28.72856283966841 ], [ 24.705944386421841, -28.729613610245046 ], [ 24.706686778569814, -28.730721486872245 ], [ 24.707246427578593, -28.731840785788851 ], [ 24.707429170717774, -28.732354749237455 ], [ 24.707577450037402, -28.73289934269571 ], [ 24.70748982909042, -28.732916663638342 ], [ 24.705664012881158, -28.733076590077623 ], [ 24.705490760287564, -28.733103244184445 ], [ 24.705370816806845, -28.733329804991541 ], [ 24.705264199480265, -28.733596346958876 ], [ 24.705130928946218, -28.733782926605791 ], [ 24.70494434839992, -28.733876216878986 ], [ 24.704717787592635, -28.733849562772132 ], [ 24.704317973292483, -28.733729619291541 ], [ 24.704051431325023, -28.733716292238121 ], [ 24.703838197571248, -28.733742946344936 ], [ 24.703518346490817, -28.733822908665331 ], [ 24.70323847657065, -28.733836235718645 ], [ 24.702958607549768, -28.733849562772036 ], [ 24.702732046742486, -28.733849562772029 ], [ 24.702532140042045, -28.733956180098637 ], [ 24.702345559495743, -28.734089450632524 ], [ 24.702185634854846, -28.734222722065873 ], [ 24.701972401101077, -28.734236049119279 ], [ 24.701665877074063, -28.734382647606033 ], [ 24.70121275456021, -28.734542573146108 ], [ 24.700559725346011, -28.734622536365766 ], [ 24.699880042924335, -28.734729152792973 ], [ 24.699360285143463, -28.734755806899781 ], [ 24.698693928875844, -28.734862424226272 ], [ 24.698267461368122, -28.734849097172823 ], [ 24.697467833667176, -28.734809115113251 ], [ 24.697201291699713, -28.734689170733294 ], [ 24.696934749732254, -28.734555900199283 ], [ 24.696668206865514, -28.7344759369795 ], [ 24.696494954271831, -28.734435955819325 ], [ 24.696121794977795, -28.734555900199243 ], [ 24.695188896742753, -28.732969972750542 ], [ 24.694735775128294, -28.732157017996506 ], [ 24.694602502795604, -28.73199709335568 ], [ 24.694495885469038, -28.731823839862784 ], [ 24.694455904308775, -28.731503989681862 ], [ 24.694322633774828, -28.731304082981517 ], [ 24.69412272707439, -28.731090849227815 ], [ 24.69392281947459, -28.730904268681503 ], [ 24.693829530100725, -28.730691034927741 ], [ 24.693816203047312, -28.730397838853644 ], [ 24.693804207889919, -28.729942021071825 ], [ 24.693803519908634, -28.728745635866868 ], [ 24.693941288851555, -28.727680224327347 ], [ 24.694051503466394, -28.726816873364456 ], [ 24.695750651964001, -28.726752580831473 ], [ 24.69574146808732, -28.723308361756004 ], [ 24.697422246133531, -28.723335916084338 ], [ 24.698531053559638, -28.72330584725173 ], [ 24.700016221866129, -28.724432480139587 ], [ 24.700323771120249, -28.724085779799704 ], [ 24.700462442982573, -28.723930794235589 ], [ 24.700533137789332, -28.723860097630222 ], [ 24.700641900898297, -28.723754054970509 ], [ 24.700780571861252, -28.723612663558338 ], [ 24.70086486351806, -28.723528372800946 ], [ 24.700814993412575, -28.723481495639319 ], [ 24.700728910306292, -28.723400578238895 ], [ 24.700685550393104, -28.723345172806301 ], [ 24.700679967401879, -28.723338040283092 ], [ 24.700652776399792, -28.723270063227655 ], [ 24.700565766991819, -28.722919304247291 ], [ 24.700179661057618, -28.721334092659053 ], [ 24.699796273774055, -28.719797824874401 ], [ 24.699701106615777, -28.719400842539567 ], [ 24.699410166940481, -28.718239805187594 ], [ 24.699252461826482, -28.717598106532133 ], [ 24.699236146325973, -28.717532849925782 ], [ 24.699230709924155, -28.717502940273164 ], [ 24.699230709924155, -28.717443120968014 ], [ 24.699238865875831, -28.716480573884013 ], [ 24.699241626794535, -28.716117589519854 ], [ 24.699243291439583, -28.715898769177553 ], [ 24.699236818119484, -28.715749791084754 ], [ 24.700887134329427, -28.71574979108485 ], [ 24.701079032566991, -28.715788170552461 ], [ 24.703620028338442, -28.716337025897953 ], [ 24.703957493540418, -28.716409917748482 ], [ 24.706170713405658, -28.71687033376395 ], [ 24.706223015277939, -28.716881213762022 ], [ 24.711227913337719, -28.717924148545979 ], [ 24.711231999857027, -28.717925000204009 ], [ 24.713933999455868, -28.718501999832856 ], [ 24.715266189484961, -28.718791864818268 ], [ 24.715218002011103, -28.718939999347 ], [ 24.715215998321533, -28.71894399683352 ], [ 24.715095218471351, -28.719226972112626 ], [ 24.714987756681428, -28.719572388220705 ] ] ] } },
{ "type": "Feature", "properties": { "Municipali": "Sol Plaatje Local Municipality", "WardNo": "16", "WardLabel": "NC091_16", "Province": "Northern Cape", "CLASSIFICATION": "Service centre", "PopGBlack": 12236.42465, "PopGColour": 1102.2999271000001, "PopGIndian": 89.5974207, "PopGWhite": 55.08682091, "PopGOther": 7.02477502, "PopGTotal": 13490.433594000002 }, "geometry": { "type": "Polygon", "coordinates": [ [ [ 24.7044146117425, -28.702426980685573 ], [ 24.704418893414765, -28.702547935004127 ], [ 24.706660934752882, -28.702507679550873 ], [ 24.70785784066592, -28.702881072668518 ], [ 24.707984091091951, -28.704626242172463 ], [ 24.708030901703804, -28.704655247107109 ], [ 24.707891107487626, -28.704845278352064 ], [ 24.707179122317353, -28.705709338879945 ], [ 24.706591561949423, -28.70641210779765 ], [ 24.706464833083917, -28.70657570257163 ], [ 24.706427965376612, -28.706637914972816 ], [ 24.70640722880885, -28.706716256714973 ], [ 24.706398011657267, -28.706801510646265 ], [ 24.706395707594105, -28.706849897769647 ], [ 24.706393403530996, -28.708082623679179 ], [ 24.706391099467908, -28.708587235077889 ], [ 24.706384186379278, -28.70989138964099 ], [ 24.706381882316183, -28.710492776185731 ], [ 24.706381882316158, -28.711610293545274 ], [ 24.70637957825307, -28.712197855711569 ], [ 24.706379578253028, -28.713849939088533 ], [ 24.706379578253017, -28.714209388217835 ], [ 24.70637036200069, -28.715158701777771 ], [ 24.706370362000683, -28.715617230116184 ], [ 24.706363449811448, -28.715953637715295 ], [ 24.706338103318792, -28.716114929325588 ], [ 24.706188333822528, -28.716785439561441 ], [ 24.706170713405658, -28.71687033376395 ], [ 24.703957493540418, -28.716409917748482 ], [ 24.703620028338442, -28.716337025897953 ], [ 24.701079032566991, -28.715788170552461 ], [ 24.700887134329427, -28.71574979108485 ], [ 24.699236818119484, -28.715749791084754 ], [ 24.697256436329457, -28.715726763943572 ], [ 24.694531492327211, -28.715726763943426 ], [ 24.694393326783345, -28.715703735903144 ], [ 24.693334054015583, -28.715765143411051 ], [ 24.692842795750447, -28.715742115370659 ], [ 24.6924973805415, -28.715818874305938 ], [ 24.691883309059026, -28.715811197692965 ], [ 24.688920000647727, -28.716015002954183 ], [ 24.682995001705581, -28.711520999858049 ], [ 24.690513001265145, -28.708340000654676 ], [ 24.701384272362397, -28.703739635640453 ], [ 24.703729998338002, -28.702747001737592 ], [ 24.704151998013664, -28.702539002937559 ], [ 24.7044146117425, -28.702426980685573 ] ] ] } },
{ "type": "Feature", "properties": { "Municipali": "Sol Plaatje Local Municipality", "WardNo": "17", "WardLabel": "NC091_17", "Province": "Northern Cape", "CLASSIFICATION": "Service centre", "PopGBlack": 7625.4547353999997, "PopGColour": 440.47889219000001, "PopGIndian": 35.99815275, "PopGWhite": 10.05150563, "PopGOther": 0.52389348, "PopGTotal": 8112.5071793999996 }, "geometry": { "type": "Polygon", "coordinates": [ [ [ 24.720694102555058, -28.722706673939712 ], [ 24.720845793902502, -28.723134167573633 ], [ 24.720872626075089, -28.723125630309493 ], [ 24.720933904080717, -28.723106133007512 ], [ 24.720981001576238, -28.723230001129483 ], [ 24.720997000515485, -28.723270998523596 ], [ 24.721055002290889, -28.723425999376278 ], [ 24.72112899581094, -28.723618996585259 ], [ 24.721092003097766, -28.72370000391793 ], [ 24.721433003534756, -28.724568004375843 ], [ 24.721505001459118, -28.724606001631596 ], [ 24.722175997329167, -28.726368995698547 ], [ 24.719046002274588, -28.72722200265909 ], [ 24.71900533313292, -28.727125537779095 ], [ 24.718936329950964, -28.727143696889843 ], [ 24.718885486779136, -28.727180013312683 ], [ 24.718762008063468, -28.727285332917546 ], [ 24.718749534466642, -28.727299955894065 ], [ 24.718656687559278, -28.72740881073377 ], [ 24.718554999416796, -28.727499603589582 ], [ 24.718456944535465, -28.72762308230519 ], [ 24.718366150780334, -28.727699348411939 ], [ 24.718231777677406, -28.727768349795209 ], [ 24.718108300760395, -28.727808298579834 ], [ 24.717984822044819, -28.727804667117415 ], [ 24.717828657469436, -28.727779245081816 ], [ 24.717779586861216, -28.72776847300241 ], [ 24.717530857765563, -28.727713875160951 ], [ 24.717360167340409, -28.727673926376298 ], [ 24.71724758481075, -28.727670294014501 ], [ 24.717145896668352, -28.727670294014505 ], [ 24.717111030851882, -28.727684974547643 ], [ 24.71716249905262, -28.727887627777488 ], [ 24.717368084072362, -28.72882418355497 ], [ 24.717476587277318, -28.728847027234188 ], [ 24.717596512771529, -28.728915555574176 ], [ 24.717722148061398, -28.728995505304045 ], [ 24.71781922987638, -28.729081165728946 ], [ 24.717939154471217, -28.729195379628784 ], [ 24.717984840930562, -28.729321015817973 ], [ 24.718083997481397, -28.729371999284133 ], [ 24.718085002923434, -28.729409996539793 ], [ 24.718089008503838, -28.729460004241506 ], [ 24.71845499930172, -28.730869997318322 ], [ 24.718468995450852, -28.730921002368099 ], [ 24.718486998079491, -28.730998003220989 ], [ 24.718815034789127, -28.732347332529123 ], [ 24.717377268848328, -28.732503795679403 ], [ 24.717407174903656, -28.732559335110935 ], [ 24.71760369925391, -28.734387871768607 ], [ 24.714800170692612, -28.734645038303448 ], [ 24.714817261408847, -28.7344018238507 ], [ 24.714812587632103, -28.734327261059818 ], [ 24.714255222901308, -28.734284795072806 ], [ 24.713984501784289, -28.734290102871523 ], [ 24.712779529851829, -28.734497125007785 ], [ 24.712370796075575, -28.734592672579218 ], [ 24.711185030064776, -28.734822513213764 ], [ 24.711176439740587, -28.734757228728476 ], [ 24.71108089126982, -28.734327261059615 ], [ 24.711601099610903, -28.734210479595426 ], [ 24.711102124263387, -28.732055331653601 ], [ 24.714632108086658, -28.731359951566045 ], [ 24.714329537479408, -28.730080665056139 ], [ 24.714330414318372, -28.730080495084383 ], [ 24.714329999730893, -28.730079999557915 ], [ 24.713733001877582, -28.727585999659709 ], [ 24.713538000978978, -28.726825004136124 ], [ 24.713523996735969, -28.726770001599828 ], [ 24.713311003101165, -28.725942002087205 ], [ 24.713306734918735, -28.725782187163691 ], [ 24.713490956543371, -28.72499156977063 ], [ 24.713421873321799, -28.724884107980678 ], [ 24.713343170951543, -28.724870991368604 ], [ 24.713329762959045, -28.724868755654068 ], [ 24.713191596515809, -28.724853404226636 ], [ 24.709755654798936, -28.725877359717703 ], [ 24.709110002723509, -28.724212003246624 ], [ 24.709080000440707, -28.72413999632904 ], [ 24.709074280752514, -28.724126481317345 ], [ 24.711172835258122, -28.723510121959947 ], [ 24.711318677415122, -28.723425687310993 ], [ 24.711418464390739, -28.723302873194427 ], [ 24.711541278507365, -28.722926754231711 ], [ 24.711604996373666, -28.722910999908088 ], [ 24.713590002477662, -28.723329998546113 ], [ 24.713879997864787, -28.723249996655504 ], [ 24.71398988962293, -28.723226114259273 ], [ 24.714987756681428, -28.719572388220705 ], [ 24.715095218471351, -28.719226972112626 ], [ 24.715215998321533, -28.71894399683352 ], [ 24.715218002011103, -28.718939999347 ], [ 24.715266189484961, -28.718791864818268 ], [ 24.718991301011243, -28.719552094119578 ], [ 24.721202943465553, -28.720003451264159 ], [ 24.723333623553323, -28.720478162902886 ], [ 24.72626300863762, -28.721105887892545 ], [ 24.725814001421483, -28.721141996572037 ], [ 24.725433998286668, -28.721265996894381 ], [ 24.724751998312094, -28.721468004410923 ], [ 24.724258001611261, -28.721614003049854 ], [ 24.723325999100926, -28.721890003187035 ], [ 24.723083998732807, -28.721961002863925 ], [ 24.722840993821929, -28.722033001687702 ], [ 24.722599002447062, -28.722104999612029 ], [ 24.722113000719272, -28.72224899636004 ], [ 24.721585002450464, -28.722405001755369 ], [ 24.721527000675145, -28.722422006136643 ], [ 24.721480002105018, -28.722436002285594 ], [ 24.721161000883882, -28.722529998526504 ], [ 24.721034990576662, -28.722567000232733 ], [ 24.720759995881345, -28.722647998572121 ], [ 24.720681708098564, -28.722671743372118 ], [ 24.720694102555058, -28.722706673939712 ] ] ] } },
{ "type": "Feature", "properties": { "Municipali": "Sol Plaatje Local Municipality", "WardNo": "18", "WardLabel": "NC091_18", "Province": "Northern Cape", "CLASSIFICATION": "Service centre", "PopGBlack": 4693.1645685000003, "PopGColour": 877.45667575000004, "PopGIndian": 77.69462489, "PopGWhite": 728.05820568000001, "PopGOther": 13.3097337, "PopGTotal": 6389.6838085999998 }, "geometry": { "type": "Polygon", "coordinates": [ [ [ 24.746797917805022, -28.724995042054726 ], [ 24.746443344799765, -28.725549314916098 ], [ 24.746219999968154, -28.725480002367405 ], [ 24.7458008043786, -28.7265660902201 ], [ 24.74577999856303, -28.72661999738213 ], [ 24.746453629446652, -28.726791197722818 ], [ 24.74538222752248, -28.726989704178663 ], [ 24.744417356590024, -28.727282376847299 ], [ 24.743881977585282, -28.727359709550093 ], [ 24.742299646524927, -28.727155444734986 ], [ 24.742289999497302, -28.727250000354235 ], [ 24.742288433777578, -28.73037298069551 ], [ 24.742357835359094, -28.73278465035833 ], [ 24.742384459788344, -28.732801364258549 ], [ 24.742387343914054, -28.733930007131139 ], [ 24.742393002448356, -28.736144993263888 ], [ 24.742304001041944, -28.737862999644769 ], [ 24.739802001673098, -28.737876995793599 ], [ 24.739794773821888, -28.737930982096039 ], [ 24.739027286092192, -28.737786667887239 ], [ 24.737609311531685, -28.737854189885741 ], [ 24.737606222360451, -28.737791787727545 ], [ 24.73659000013912, -28.739200000146614 ], [ 24.734469999500512, -28.742369999742312 ], [ 24.734409999431566, -28.742610000018043 ], [ 24.734651762378633, -28.743731833224224 ], [ 24.734631838798066, -28.74372997162747 ], [ 24.733222320562799, -28.743632566056679 ], [ 24.731222638422242, -28.743472133298834 ], [ 24.730139715283414, -28.743409106111752 ], [ 24.728598413992774, -28.743317430121586 ], [ 24.727183165277403, -28.743242942873763 ], [ 24.725154834333765, -28.743105429338261 ], [ 24.724306832099899, -28.743059590893527 ], [ 24.723590613820772, -28.743042402151243 ], [ 24.722948881890048, -28.743042402151211 ], [ 24.722344478119552, -28.743046628964734 ], [ 24.719779996552841, -28.742888008340763 ], [ 24.71998399876599, -28.740104989719356 ], [ 24.719949998996736, -28.73725800052215 ], [ 24.719996996667582, -28.737254003035638 ], [ 24.719976002893741, -28.737208001813684 ], [ 24.719961367326757, -28.73717670900373 ], [ 24.720046113141162, -28.737129351604139 ], [ 24.720151220505976, -28.737067736352852 ], [ 24.720263579104543, -28.737013369637197 ], [ 24.72035418939798, -28.736984373695737 ], [ 24.720872484881188, -28.736951754385835 ], [ 24.721122571053776, -28.736933632147295 ], [ 24.721485014925655, -28.736904637105294 ], [ 24.721590124089204, -28.736872016896026 ], [ 24.721680734382648, -28.736835771519544 ], [ 24.721764097039731, -28.736828522983906 ], [ 24.721800341516857, -28.736850270389652 ], [ 24.721880079906111, -28.736886513967399 ], [ 24.721963441663913, -28.736893763402414 ], [ 24.722844181018903, -28.736814025013235 ], [ 24.723822780102434, -28.736723413820513 ], [ 24.725580633645311, -28.736582061978726 ], [ 24.727428184669751, -28.736424903652644 ], [ 24.728332868474283, -28.736343052755966 ], [ 24.729487418117522, -28.736235351746394 ], [ 24.729638198451845, -28.736231043993854 ], [ 24.730396410573974, -28.736226735341972 ], [ 24.730073308444499, -28.733366209549352 ], [ 24.729699146406354, -28.730178205526158 ], [ 24.729411000025497, -28.727536000951975 ], [ 24.729400272012796, -28.727452462027852 ], [ 24.73303967185284, -28.72738306584235 ], [ 24.735121035817496, -28.727352456517242 ], [ 24.735205381433619, -28.727351217251499 ], [ 24.735200397390848, -28.727042195807329 ], [ 24.735150896007404, -28.726516233603931 ], [ 24.735109265490586, -28.725891774052752 ], [ 24.735095205489692, -28.725680881234332 ], [ 24.735098863032498, -28.725534596610895 ], [ 24.735101392825413, -28.725433368921465 ], [ 24.735107608040071, -28.725402297344772 ], [ 24.735116853070682, -28.725356073090847 ], [ 24.735148708856265, -28.725279810581387 ], [ 24.738331409578624, -28.725938412894234 ], [ 24.738492305487377, -28.725971706695738 ], [ 24.741769387360581, -28.726665811544958 ], [ 24.74208133969546, -28.72563340152724 ], [ 24.742190911294955, -28.725218594629435 ], [ 24.742346502102915, -28.724710332882527 ], [ 24.742425708093521, -28.724451595231837 ], [ 24.742648763343372, -28.723700246735987 ], [ 24.742691809393147, -28.723445885186482 ], [ 24.742695722343385, -28.723289353687697 ], [ 24.742648763343386, -28.723191521838228 ], [ 24.742551638360979, -28.723053647674664 ], [ 24.742584656070719, -28.723049520685791 ], [ 24.742737331276501, -28.72302353387602 ], [ 24.742935484298936, -28.722991050363703 ], [ 24.743127140618896, -28.722974807708233 ], [ 24.743266822419837, -28.723004043768654 ], [ 24.743425994328177, -28.723091751050557 ], [ 24.743646887607849, -28.72320869439277 ], [ 24.743694496817685, -28.723305609833059 ], [ 24.744120146841624, -28.723475135636079 ], [ 24.744410484870386, -28.723599566733697 ], [ 24.744475325989907, -28.723627355784949 ], [ 24.744724919334047, -28.723735875177621 ], [ 24.744574853960778, -28.724066450673305 ], [ 24.745357418824593, -28.724298682605255 ], [ 24.745792610655439, -28.724425532879213 ], [ 24.746050212462361, -28.724493837287927 ], [ 24.746510775067499, -28.724620685763231 ], [ 24.746891324090704, -28.724737779292351 ], [ 24.746931840347557, -28.72475012698402 ], [ 24.746797917805022, -28.724995042054726 ] ] ] } },
{ "type": "Feature", "properties": { "Municipali": "Sol Plaatje Local Municipality", "WardNo": "19", "WardLabel": "NC091_19", "Province": "Northern Cape", "CLASSIFICATION": "Service centre", "PopGBlack": 6989.5659875000001, "PopGColour": 265.76921325000001, "PopGIndian": 36.52204623, "PopGWhite": 7.20353535, "PopGOther": 1.70265381, "PopGTotal": 7300.7634362 }, "geometry": { "type": "Polygon", "coordinates": [ [ [ 24.737781180968426, -28.718919546066974 ], [ 24.73956574437597, -28.720656307809126 ], [ 24.739956117593344, -28.72103871483165 ], [ 24.740075619506822, -28.721134316362434 ], [ 24.740250888380448, -28.721229917893304 ], [ 24.740505826395516, -28.721317553229376 ], [ 24.74072889693392, -28.721333485618754 ], [ 24.741688265814133, -28.721365201110096 ], [ 24.741692879336235, -28.72136535399483 ], [ 24.741700846430234, -28.721540622868375 ], [ 24.741724746812892, -28.72181149417208 ], [ 24.7417725475783, -28.721930996085522 ], [ 24.741835002796474, -28.722036001826954 ], [ 24.742466996868021, -28.722873999102738 ], [ 24.742508999704182, -28.722950002607469 ], [ 24.742551638360979, -28.723053647674664 ], [ 24.742648763343386, -28.723191521838228 ], [ 24.742695722343385, -28.723289353687697 ], [ 24.742691809393147, -28.723445885186482 ], [ 24.742648763343372, -28.723700246735987 ], [ 24.742425708093521, -28.724451595231837 ], [ 24.742346502102915, -28.724710332882527 ], [ 24.742190911294955, -28.725218594629435 ], [ 24.74208133969546, -28.72563340152724 ], [ 24.741769387360581, -28.726665811544958 ], [ 24.738492305487377, -28.725971706695738 ], [ 24.738331409578624, -28.725938412894234 ], [ 24.735148708856265, -28.725279810581387 ], [ 24.735116853070682, -28.725356073090847 ], [ 24.735107608040071, -28.725402297344772 ], [ 24.734281119388157, -28.725227552775884 ], [ 24.73428974478589, -28.725179636897323 ], [ 24.733967999733288, -28.725111003336689 ], [ 24.733831628336834, -28.72504534653207 ], [ 24.733580155409534, -28.724932440246494 ], [ 24.733354341939027, -28.724829797923398 ], [ 24.733210642866503, -28.724783608743078 ], [ 24.733169586117032, -28.724388435844133 ], [ 24.733092604149899, -28.723787978299022 ], [ 24.733046414969674, -28.723336352257395 ], [ 24.732984829395864, -28.723064348707215 ], [ 24.732887319503664, -28.722853932529489 ], [ 24.7327795447497, -28.722669175808264 ], [ 24.732656373602147, -28.722525476735882 ], [ 24.732425428599999, -28.722304795696218 ], [ 24.732215011522815, -28.72218675697971 ], [ 24.732066180918647, -28.722099511050025 ], [ 24.731814707092155, -28.721996868726915 ], [ 24.731414401762123, -28.721914755228141 ], [ 24.730931982933299, -28.721812112905031 ], [ 24.730177561453644, -28.721683810226022 ], [ 24.729253780545481, -28.721540111153519 ], [ 24.727970751956047, -28.721355353532957 ], [ 24.727981377446053, -28.721306147127255 ], [ 24.728069695367605, -28.721052231641465 ], [ 24.728065992858728, -28.720963350744331 ], [ 24.728058655290134, -28.720787276977475 ], [ 24.728052438276919, -28.720596873413182 ], [ 24.728040841519061, -28.720225778962725 ], [ 24.728158015087832, -28.719937212598502 ], [ 24.728270492396867, -28.719599777074276 ], [ 24.728309643482902, -28.719608192030655 ], [ 24.728344157664388, -28.719615610538245 ], [ 24.728348996916321, -28.719600000106183 ], [ 24.730272001959726, -28.720000997014761 ], [ 24.731873995797372, -28.720334998927456 ], [ 24.732408641854715, -28.720438507297711 ], [ 24.733077003610511, -28.718115998221219 ], [ 24.733582142911438, -28.717633913940471 ], [ 24.735071367160479, -28.716244493754985 ], [ 24.735949136954037, -28.717100762556765 ], [ 24.736490559402998, -28.717628923602621 ], [ 24.737781180968426, -28.718919546066974 ] ] ] } },
{ "type": "Feature", "properties": { "Municipali": "Sol Plaatje Local Municipality", "WardNo": "20", "WardLabel": "NC091_20", "Province": "Northern Cape", "CLASSIFICATION": "Service centre", "PopGBlack": 2170.3870255000002, "PopGColour": 1395.3236722, "PopGIndian": 181.23943908000001, "PopGWhite": 2498.0700585999998, "PopGOther": 14.16336277, "PopGTotal": 6259.1835580999996 }, "geometry": { "type": "Polygon", "coordinates": [ [ [ 24.767609999825613, -28.728280000190075 ], [ 24.768539999545702, -28.72888999954214 ], [ 24.768639999660685, -28.728929999588168 ], [ 24.76927368895425, -28.729201674885744 ], [ 24.76951783780272, -28.731399024413783 ], [ 24.769916002746104, -28.735851996840523 ], [ 24.769954999148659, -28.736420003248917 ], [ 24.769991999056241, -28.736979001148359 ], [ 24.770065002422722, -28.737428002068992 ], [ 24.770124999793726, -28.737661001122653 ], [ 24.770199000508281, -28.738057003196541 ], [ 24.770240997049203, -28.738288995908867 ], [ 24.770519996425616, -28.738838004139044 ], [ 24.770701002074556, -28.739049003077465 ], [ 24.770908002627245, -28.739292998141721 ], [ 24.771111996746434, -28.739484000654567 ], [ 24.77143099796746, -28.739788000284488 ], [ 24.772007996697191, -28.740258003072846 ], [ 24.77262199533461, -28.740671000534803 ], [ 24.772887997708796, -28.740850004292852 ], [ 24.773309000036363, -28.741111001939746 ], [ 24.774232998580366, -28.741531996173311 ], [ 24.774434998003237, -28.741592000738908 ], [ 24.775159001713313, -28.741808002605918 ], [ 24.776431996566647, -28.742019010537636 ], [ 24.776470406611313, -28.742182626895435 ], [ 24.774429275617013, -28.742060159017718 ], [ 24.77111447797591, -28.741864211132889 ], [ 24.77050213768829, -28.741831553152078 ], [ 24.770118405964407, -28.741823388207266 ], [ 24.769489736686445, -28.741905033159096 ], [ 24.769122333053531, -28.742043830027121 ], [ 24.768109932051583, -28.74230509477264 ], [ 24.766076965102883, -28.742762309201446 ], [ 24.765003001010285, -28.742977002554788 ], [ 24.764476000988935, -28.743070999694979 ], [ 24.763850000898863, -28.743182002115805 ], [ 24.762661237447752, -28.743570688204745 ], [ 24.762737797632813, -28.743760552175786 ], [ 24.762950031340562, -28.744279454701186 ], [ 24.763003281098253, -28.744409646855846 ], [ 24.763629289282182, -28.745283908393706 ], [ 24.763957021121659, -28.745741603959978 ], [ 24.76448545556163, -28.746266425823034 ], [ 24.766089999876471, -28.747860000207123 ], [ 24.765880000084778, -28.748059999537642 ], [ 24.765789999531592, -28.748210000159602 ], [ 24.76291138387478, -28.748252786305109 ], [ 24.762883756701569, -28.749419969623986 ], [ 24.762040000167065, -28.749460000246863 ], [ 24.76167999975317, -28.749469999808635 ], [ 24.761149999593631, -28.749489999831596 ], [ 24.759999999620572, -28.74954999990052 ], [ 24.758900000154728, -28.749589999946426 ], [ 24.758849999647584, -28.750080000059793 ], [ 24.756409999540711, -28.74921000040894 ], [ 24.756399999978807, -28.749540000338556 ], [ 24.753862445912919, -28.749520230541872 ], [ 24.753249999505375, -28.749679999599916 ], [ 24.752009999878581, -28.749939999898658 ], [ 24.74952999972562, -28.750430000011903 ], [ 24.748797077438709, -28.750610917527236 ], [ 24.748801061435397, -28.750634030103797 ], [ 24.747265367417722, -28.750936685247165 ], [ 24.745908296744862, -28.75128952256069 ], [ 24.745704736998288, -28.751465942566384 ], [ 24.74536546865556, -28.751750926930924 ], [ 24.744754786717827, -28.752090195273468 ], [ 24.741929999982244, -28.748299999812183 ], [ 24.741887535793882, -28.74824257720018 ], [ 24.741049999870008, -28.747109999793619 ], [ 24.741009999824051, -28.747049999724698 ], [ 24.740259999411492, -28.746030000351158 ], [ 24.740199999342554, -28.745899999752162 ], [ 24.740179999319576, -28.745759999591172 ], [ 24.740271302990319, -28.744506602764499 ], [ 24.740276371569397, -28.744202161567451 ], [ 24.738997907938689, -28.74410240516869 ], [ 24.738740427540154, -28.744081501327074 ], [ 24.73610438511966, -28.743867486062324 ], [ 24.734651762378633, -28.743731833224224 ], [ 24.734409999431566, -28.742610000018043 ], [ 24.734469999500512, -28.742369999742312 ], [ 24.73659000013912, -28.739200000146614 ], [ 24.737606222360451, -28.737791787727545 ], [ 24.737609311531685, -28.737854189885741 ], [ 24.739027286092192, -28.737786667887239 ], [ 24.739794773821888, -28.737930982096039 ], [ 24.739802001673098, -28.737876995793599 ], [ 24.742304001041944, -28.737862999644769 ], [ 24.742393002448356, -28.736144993263888 ], [ 24.742387343914054, -28.733930007131139 ], [ 24.743141645783965, -28.733919033603584 ], [ 24.744328074595046, -28.733860428383142 ], [ 24.744828077867822, -28.73375968093163 ], [ 24.745269963352658, -28.733741025395155 ], [ 24.745269999325583, -28.733330000146566 ], [ 24.745266920946161, -28.733291191702282 ], [ 24.745861773916499, -28.733338308982969 ], [ 24.746069999345838, -28.733419999800375 ], [ 24.746650000012597, -28.73360999956903 ], [ 24.746749297757081, -28.73293138014634 ], [ 24.746905364306354, -28.732393705172644 ], [ 24.748262304577558, -28.732697278523887 ], [ 24.748572788319542, -28.731677778274157 ], [ 24.749050101697051, -28.729930721992492 ], [ 24.749087173550389, -28.729875114212518 ], [ 24.749128880509623, -28.729856577386496 ], [ 24.749212294428101, -28.729879747519686 ], [ 24.750005337293135, -28.730326573879729 ], [ 24.750454232993217, -28.730579495614595 ], [ 24.751126177648075, -28.730940955628011 ], [ 24.751940574915011, -28.731291652555203 ], [ 24.752094703425296, -28.731358025220171 ], [ 24.752901036471474, -28.731714850127787 ], [ 24.752993718802919, -28.731728751847925 ], [ 24.753795417642575, -28.731561924910455 ], [ 24.75361932139268, -28.730380230131079 ], [ 24.754272730120793, -28.730370961718148 ], [ 24.754738291157818, -28.730345390395069 ], [ 24.754799683377311, -28.730971200727964 ], [ 24.754875161678022, -28.731024369546642 ], [ 24.755607350118073, -28.731010466927174 ], [ 24.7556814947242, -28.730991931000528 ], [ 24.755732470995696, -28.730950224940592 ], [ 24.755746372715922, -28.730871445228672 ], [ 24.755644421971443, -28.729546092745615 ], [ 24.755732470995735, -28.729374630702306 ], [ 24.755724267380085, -28.728980933590861 ], [ 24.755723202582772, -28.728929756770565 ], [ 24.758309028658886, -28.729221706384426 ], [ 24.758786341137071, -28.729277315063882 ], [ 24.758739999971304, -28.72916146259919 ], [ 24.758318297071874, -28.728517323183674 ], [ 24.758850952929482, -28.72825121379034 ], [ 24.759120024689846, -28.728123374262136 ], [ 24.759376620155443, -28.728516819563382 ], [ 24.759417997962863, -28.728513000142698 ], [ 24.759472001352378, -28.728509001756901 ], [ 24.759509999507507, -28.7285049961765 ], [ 24.759677000913527, -28.72848899813664 ], [ 24.759811996347342, -28.728478002125961 ], [ 24.760043000704769, -28.728636002217645 ], [ 24.760359000888162, -28.72884799940352 ], [ 24.760545000472419, -28.728828002977856 ], [ 24.76060899532995, -28.728822001801859 ], [ 24.760731998304205, -28.728792996867227 ], [ 24.760840997934906, -28.728769002955048 ], [ 24.761745009046496, -28.72856200060383 ], [ 24.764579988698276, -28.727911999407368 ], [ 24.764525002349714, -28.727831996617457 ], [ 24.764382003849068, -28.727629000745875 ], [ 24.764671001888029, -28.727134005797836 ], [ 24.765179002831793, -28.726270003725833 ], [ 24.765431000963058, -28.726312996715549 ], [ 24.765549000109473, -28.726333001235101 ], [ 24.765844996672588, -28.726382002595518 ], [ 24.76600100206792, -28.726408996646068 ], [ 24.766119998562491, -28.726429002064997 ], [ 24.766420998054169, -28.726485001050111 ], [ 24.7663880028276, -28.726702001164604 ], [ 24.767555996436037, -28.727049999226313 ], [ 24.767607998834087, -28.727065998165472 ], [ 24.767353000564455, -28.727415000769891 ], [ 24.766974417459156, -28.727907527078933 ], [ 24.767609999825613, -28.728280000190075 ] ] ] } },
{ "type": "Feature", "properties": { "Municipali": "Sol Plaatje Local Municipality", "WardNo": "21", "WardLabel": "NC091_21", "Province": "Northern Cape", "CLASSIFICATION": "Service centre", "PopGBlack": 2475.9497655000005, "PopGColour": 1850.896844, "PopGIndian": 628.26056953, "PopGWhite": 3025.022164, "PopGOther": 8.08975541, "PopGTotal": 7988.2190984 }, "geometry": { "type": "Polygon", "coordinates": [ [ [ 24.787228721960236, -28.714512745735782 ], [ 24.787846348462772, -28.714824809586492 ], [ 24.788366456079771, -28.715143375535593 ], [ 24.78889956609504, -28.715578965765904 ], [ 24.789211630845109, -28.715917036211518 ], [ 24.789582206386875, -28.716385131537852 ], [ 24.789913774734174, -28.716911741253174 ], [ 24.7900958128049, -28.717314823689414 ], [ 24.790251845179885, -28.717789422013524 ], [ 24.790342863765638, -28.718511071298217 ], [ 24.790388373058416, -28.719245722081723 ], [ 24.790414378754054, -28.719798335694016 ], [ 24.79045800216846, -28.720059997040568 ], [ 24.794661003537502, -28.724420999399118 ], [ 24.800168000290078, -28.730133002905582 ], [ 24.807317998166749, -28.737546998565293 ], [ 24.80757899581382, -28.737339997113402 ], [ 24.807900998072586, -28.737081002256666 ], [ 24.808389001691268, -28.737190998336132 ], [ 24.809447996568334, -28.738331996994319 ], [ 24.808674003142929, -28.738945996530738 ], [ 24.809307999105293, -28.739607002731216 ], [ 24.809351996637769, -28.739651991316613 ], [ 24.809583009089156, -28.739893000631781 ], [ 24.810033996612383, -28.740361998877486 ], [ 24.809728999634192, -28.740308001783106 ], [ 24.809678003577549, -28.740299998716281 ], [ 24.809644003808316, -28.740295003881684 ], [ 24.809344999012961, -28.740253998393602 ], [ 24.807186999320216, -28.739621997127596 ], [ 24.804329997070202, -28.738787997338228 ], [ 24.801585997333351, -28.73798699997003 ], [ 24.800967002962061, -28.737813000939163 ], [ 24.80068399710585, -28.738563998699398 ], [ 24.800547995330703, -28.738857999666791 ], [ 24.800530002594506, -28.738898997960263 ], [ 24.800459998467097, -28.738950003010039 ], [ 24.800388000542732, -28.739003999205021 ], [ 24.80010399733845, -28.739704000908709 ], [ 24.799809996370918, -28.740430996662973 ], [ 24.79974899355787, -28.740581999129773 ], [ 24.799468996833273, -28.741279000695194 ], [ 24.798968998956436, -28.742488998038649 ], [ 24.798571998635012, -28.743452009172675 ], [ 24.796740996035549, -28.745402001071209 ], [ 24.797207001337636, -28.745480000171575 ], [ 24.797378989484358, -28.74550899701233 ], [ 24.797076003390323, -28.745830000124148 ], [ 24.796620994098824, -28.746311997170569 ], [ 24.795921997836945, -28.747157998412575 ], [ 24.795729997076595, -28.747256001133177 ], [ 24.795192998392899, -28.747535001408838 ], [ 24.794370002707808, -28.747723002883895 ], [ 24.793958999042765, -28.747819003713655 ], [ 24.793320000151823, -28.747789000531551 ], [ 24.793236000774737, -28.747783997602983 ], [ 24.793181996485849, -28.747782002906661 ], [ 24.792386999394086, -28.747702999263524 ], [ 24.791773998104823, -28.747593003184058 ], [ 24.79126599716118, -28.747503002630879 ], [ 24.790961996631868, -28.747449995690161 ], [ 24.790446998063338, -28.747387995528964 ], [ 24.790282007541318, -28.747378005859684 ], [ 24.789792007427756, -28.747207997120746 ], [ 24.789292002356344, -28.746989998758796 ], [ 24.786363000383275, -28.750442999713865 ], [ 24.785392002369669, -28.751572996066141 ], [ 24.785371000501947, -28.751593000585679 ], [ 24.784903000503522, -28.752135999545949 ], [ 24.784178996793429, -28.752978999750141 ], [ 24.783896996379262, -28.753304998595915 ], [ 24.78383499711742, -28.753378002861645 ], [ 24.782875999657254, -28.754489000136321 ], [ 24.782366490550487, -28.755078665816747 ], [ 24.781504074882204, -28.754425320041452 ], [ 24.780806798124008, -28.753585418001588 ], [ 24.780141214374044, -28.752697974201062 ], [ 24.779649950713004, -28.751873919115006 ], [ 24.778287091104222, -28.749750393134985 ], [ 24.777779980489374, -28.749148198998995 ], [ 24.777288716828231, -28.748656935338097 ], [ 24.775577217941041, -28.747373311397894 ], [ 24.774261270567415, -28.746433001850185 ], [ 24.771759474445499, -28.744525845559831 ], [ 24.769122333053531, -28.742043830027121 ], [ 24.769489736686445, -28.741905033159096 ], [ 24.770118405964407, -28.741823388207266 ], [ 24.77050213768829, -28.741831553152078 ], [ 24.77111447797591, -28.741864211132889 ], [ 24.774429275617013, -28.742060159017718 ], [ 24.776470406611313, -28.742182626895435 ], [ 24.776431996566647, -28.742019010537636 ], [ 24.775159001713313, -28.741808002605918 ], [ 24.774434998003237, -28.741592000738908 ], [ 24.774232998580366, -28.741531996173311 ], [ 24.773309000036363, -28.741111001939746 ], [ 24.772887997708796, -28.740850004292852 ], [ 24.77262199533461, -28.740671000534803 ], [ 24.772007996697191, -28.740258003072846 ], [ 24.77143099796746, -28.739788000284488 ], [ 24.771111996746434, -28.739484000654567 ], [ 24.770908002627245, -28.739292998141721 ], [ 24.770701002074556, -28.739049003077465 ], [ 24.770519996425616, -28.738838004139044 ], [ 24.770240997049203, -28.738288995908867 ], [ 24.770199000508281, -28.738057003196541 ], [ 24.770124999793726, -28.737661001122653 ], [ 24.770065002422722, -28.737428002068992 ], [ 24.769991999056241, -28.736979001148359 ], [ 24.769954999148659, -28.736420003248917 ], [ 24.769916002746104, -28.735851996840523 ], [ 24.76951783780272, -28.731399024413783 ], [ 24.76927368895425, -28.729201674885744 ], [ 24.768639999660685, -28.728929999588168 ], [ 24.768539999545702, -28.72888999954214 ], [ 24.767609999825613, -28.728280000190075 ], [ 24.766974417459156, -28.727907527078933 ], [ 24.767353000564455, -28.727415000769891 ], [ 24.767607998834087, -28.727065998165472 ], [ 24.767555996436037, -28.727049999226313 ], [ 24.767577996551289, -28.727021998834449 ], [ 24.76836600231352, -28.726072002689008 ], [ 24.768921002726678, -28.72543700128486 ], [ 24.769231999981525, -28.725078997366197 ], [ 24.769684644955316, -28.724532060274687 ], [ 24.770287145760374, -28.723818721625051 ], [ 24.770542924641585, -28.723523155837391 ], [ 24.771227842916254, -28.722653507821516 ], [ 24.77143814937677, -28.722377835936815 ], [ 24.772333375011325, -28.721206938417925 ], [ 24.772933033958704, -28.72042539158705 ], [ 24.773345121306775, -28.71989109896359 ], [ 24.77372594732131, -28.719410802535034 ], [ 24.774254557129026, -28.718700306642443 ], [ 24.774618331098182, -28.718114857882941 ], [ 24.774822953843419, -28.717745400198691 ], [ 24.775090101054648, -28.717185529057513 ], [ 24.775354404609548, -28.71655460787742 ], [ 24.775564711969441, -28.715966317260321 ], [ 24.775669866099079, -28.715574122916042 ], [ 24.775829016423632, -28.714985832298936 ], [ 24.775922801323972, -28.714502694912042 ], [ 24.775930157778266, -28.714453963348369 ], [ 24.775934087815632, -28.71442792617648 ], [ 24.776999999378628, -28.714650000265969 ], [ 24.77836999960445, -28.714619999781885 ], [ 24.779968198303106, -28.714475414877295 ], [ 24.782639999566822, -28.714229999783662 ], [ 24.784571507700154, -28.714046599240206 ], [ 24.784571540975048, -28.714046595642895 ], [ 24.784655098785084, -28.714039490099463 ], [ 24.785083278601835, -28.714044648610706 ], [ 24.785785423390298, -28.714103161200985 ], [ 24.786500570576937, -28.714265694775168 ], [ 24.787228721960236, -28.714512745735782 ] ] ] } },
{ "type": "Feature", "properties": { "Municipali": "Sol Plaatje Local Municipality", "WardNo": "22", "WardLabel": "NC091_22", "Province": "Northern Cape", "CLASSIFICATION": "Service centre", "PopGBlack": 1304.8338106000001, "PopGColour": 4716.3086466000004, "PopGIndian": 30.26876833, "PopGWhite": 720.2389216, "PopGOther": 1.83362718, "PopGTotal": 6773.4837742999998 }, "geometry": { "type": "Polygon", "coordinates": [ [ [ 24.774328002061662, -28.760330996147225 ], [ 24.778476999141809, -28.763131002962279 ], [ 24.779362003081925, -28.762072997339832 ], [ 24.779840001742876, -28.761500003291466 ], [ 24.782680998758337, -28.763422003791526 ], [ 24.783027998572688, -28.763603001346535 ], [ 24.782776998688856, -28.763884010707642 ], [ 24.782684995345566, -28.763978998001473 ], [ 24.782658001295001, -28.764008002936112 ], [ 24.781468000376684, -28.765248992715883 ], [ 24.780517996136915, -28.766089000875674 ], [ 24.780220596631409, -28.766311022804402 ], [ 24.779578996001803, -28.766790008021381 ], [ 24.779148004004949, -28.7671129986349 ], [ 24.778939997110839, -28.767270002277687 ], [ 24.778690001769775, -28.767459002000226 ], [ 24.778097004100776, -28.767821004304768 ], [ 24.777670998844727, -28.768082001951623 ], [ 24.777208001774781, -28.768364003265017 ], [ 24.776030001409918, -28.76908799798149 ], [ 24.775086806836672, -28.769662936364213 ], [ 24.774888777920751, -28.769414344864817 ], [ 24.773854350723262, -28.770059058047796 ], [ 24.772760330849703, -28.770665568030157 ], [ 24.773046055356364, -28.770828864229301 ], [ 24.773556051895692, -28.771180088159188 ], [ 24.773494668669347, -28.771253372114082 ], [ 24.773708133548979, -28.771356661049733 ], [ 24.774134755740054, -28.771650883250388 ], [ 24.77426715573036, -28.771945104551587 ], [ 24.774502532591555, -28.772548260062834 ], [ 24.774568384549063, -28.772783443569725 ], [ 24.774605510361813, -28.772916037813577 ], [ 24.774811465902321, -28.773828125736106 ], [ 24.775429332523672, -28.776255457991802 ], [ 24.775561732513975, -28.776667369072602 ], [ 24.776106042686042, -28.777800123645608 ], [ 24.777165242608515, -28.779374211519485 ], [ 24.778857019363212, -28.781801543775209 ], [ 24.778774001146516, -28.782024998323944 ], [ 24.778668001654172, -28.782172999753101 ], [ 24.778650000824094, -28.782198997354772 ], [ 24.778621003983332, -28.782238000052555 ], [ 24.778567988948726, -28.782311004318291 ], [ 24.778538001954402, -28.782352001712486 ], [ 24.778504998633956, -28.782399009275832 ], [ 24.778458997411906, -28.782467998967913 ], [ 24.77823899715904, -28.782770003002128 ], [ 24.778182000825666, -28.782846996660513 ], [ 24.777962997920959, -28.783150996290324 ], [ 24.7778419977369, -28.783319003138399 ], [ 24.777701998475234, -28.783514003137572 ], [ 24.777680000158632, -28.783543998225845 ], [ 24.777632003341068, -28.783608997626022 ], [ 24.776578003298564, -28.783019000994948 ], [ 24.775469001619012, -28.782489000835479 ], [ 24.775233999775068, -28.782390997215504 ], [ 24.773100002987736, -28.781503997680062 ], [ 24.773002766489377, -28.781463537181107 ], [ 24.772957866936924, -28.781566166014454 ], [ 24.772781333616436, -28.781904521545144 ], [ 24.772722490075616, -28.782154610415542 ], [ 24.77279604472654, -28.782360565956008 ], [ 24.773002001166343, -28.782581231707098 ], [ 24.77319324469747, -28.782860742797748 ], [ 24.773384489127881, -28.78311083166826 ], [ 24.773384489127874, -28.78334621032803 ], [ 24.77332564468777, -28.783566876079114 ], [ 24.77317853358733, -28.783949364939964 ], [ 24.772678355846129, -28.783816964949672 ], [ 24.771663290153057, -28.783508031638956 ], [ 24.770927734651281, -28.783272653878441 ], [ 24.770251023589598, -28.783007853897878 ], [ 24.769589024537314, -28.782654788156414 ], [ 24.769147692135583, -28.782301722415021 ], [ 24.768647513495104, -28.781904521544945 ], [ 24.768088491313719, -28.781271943813568 ], [ 24.767838403342399, -28.780948300292234 ], [ 24.767455914481584, -28.78035985589101 ], [ 24.766985159859725, -28.779639012398878 ], [ 24.766411426568403, -28.778785768017134 ], [ 24.765808271056954, -28.77785896898456 ], [ 24.765425783095331, -28.77718225792313 ], [ 24.76517569332546, -28.776505546861792 ], [ 24.764999160904278, -28.775887681139817 ], [ 24.764866760913982, -28.775166836748344 ], [ 24.764793204464493, -28.774828481217636 ], [ 24.764778471770757, -28.774715529965988 ], [ 24.764749072033705, -28.774490125687006 ], [ 24.764660804474204, -28.773886971075061 ], [ 24.76463138315345, -28.773254393343798 ], [ 24.764690227593654, -28.772459994301514 ], [ 24.764739002324873, -28.772129996170566 ], [ 24.760189997590125, -28.773988001812832 ], [ 24.752466998469696, -28.777172001154515 ], [ 24.748246003464928, -28.778914998795646 ], [ 24.748282995278643, -28.778852998634463 ], [ 24.748390996661907, -28.778672001978759 ], [ 24.748468995762281, -28.778394997298673 ], [ 24.748575999797392, -28.778009999329448 ], [ 24.748811008835894, -28.776308995531188 ], [ 24.748861000349876, -28.775948996916092 ], [ 24.748873999150767, -28.775857002566092 ], [ 24.748907998920007, -28.775607997378611 ], [ 24.748935998412616, -28.775402001368658 ], [ 24.749378009802594, -28.772200000297193 ], [ 24.749384999333596, -28.772157995662393 ], [ 24.749391000509601, -28.772112002534346 ], [ 24.749486003991265, -28.771681999791941 ], [ 24.749500000140312, -28.771617997739927 ], [ 24.749527001385385, -28.771548999953872 ], [ 24.749620998525636, -28.771315002652699 ], [ 24.749670998133492, -28.771189001338872 ], [ 24.750100002628642, -28.770423001088108 ], [ 24.750495996608738, -28.770104998114657 ], [ 24.750937002556693, -28.769669003189446 ], [ 24.753046000889253, -28.767533002713588 ], [ 24.755294996684739, -28.765344004290107 ], [ 24.756388000324336, -28.765826996886215 ], [ 24.758140316741375, -28.766566191044802 ], [ 24.760856965396865, -28.767649006264651 ], [ 24.761676298143218, -28.767547918869429 ], [ 24.76169651850017, -28.767643696667395 ], [ 24.761829999475548, -28.768320000335862 ], [ 24.76241000014231, -28.76822999978274 ], [ 24.763379999908295, -28.768069999598925 ], [ 24.764039999767686, -28.767959999922208 ], [ 24.764523611996911, -28.767906949814108 ], [ 24.764568751668314, -28.767693742140736 ], [ 24.76462880569667, -28.767449177805538 ], [ 24.76467999960412, -28.767280000040152 ], [ 24.764687126731367, -28.767235014152789 ], [ 24.764697996836901, -28.767236000709122 ], [ 24.765524996303789, -28.76569044562579 ], [ 24.76626816636535, -28.764374417313803 ], [ 24.766376544564441, -28.764165399581792 ], [ 24.766655233674857, -28.763011939917394 ], [ 24.766817801423269, -28.762400373946392 ], [ 24.766895215964311, -28.762044272093771 ], [ 24.766966054662628, -28.762065636388364 ], [ 24.767382920108691, -28.762191357113771 ], [ 24.767731280597371, -28.762338443033048 ], [ 24.767834605505872, -28.762245451334799 ], [ 24.768126090170316, -28.76202104800139 ], [ 24.768706689785525, -28.761664946148798 ], [ 24.770652562789952, -28.761153677968387 ], [ 24.773448997498829, -28.76034200025175 ], [ 24.774328002061662, -28.760330996147225 ] ] ] } },
{ "type": "Feature", "properties": { "Municipali": "Sol Plaatje Local Municipality", "WardNo": "23", "WardLabel": "NC091_23", "Province": "Northern Cape", "CLASSIFICATION": "Service centre", "PopGBlack": 1090.7432591, "PopGColour": 572.42090008000002, "PopGIndian": 207.64006468, "PopGWhite": 4151.4646753999996, "PopGOther": 25.10796143, "PopGTotal": 6047.3768607000002 }, "geometry": { "type": "Polygon", "coordinates": [ [ [ 24.771868453391662, -28.748847379371632 ], [ 24.769032801946285, -28.751667844863576 ], [ 24.769285623856554, -28.751588162232252 ], [ 24.768009968808432, -28.757229155269606 ], [ 24.766895215964311, -28.762044272093771 ], [ 24.766817801423269, -28.762400373946392 ], [ 24.766655233674857, -28.763011939917394 ], [ 24.766376544564441, -28.764165399581792 ], [ 24.76626816636535, -28.764374417313803 ], [ 24.765524996303789, -28.76569044562579 ], [ 24.764697996836901, -28.767236000709122 ], [ 24.764687126731367, -28.767235014152789 ], [ 24.76467999960412, -28.767280000040152 ], [ 24.76462880569667, -28.767449177805538 ], [ 24.764568751668314, -28.767693742140736 ], [ 24.764523611996911, -28.767906949814108 ], [ 24.764039999767686, -28.767959999922208 ], [ 24.763379999908295, -28.768069999598925 ], [ 24.76241000014231, -28.76822999978274 ], [ 24.761829999475548, -28.768320000335862 ], [ 24.76169651850017, -28.767643696667395 ], [ 24.761676298143218, -28.767547918869429 ], [ 24.760856965396865, -28.767649006264651 ], [ 24.758140316741375, -28.766566191044802 ], [ 24.756388000324336, -28.765826996886215 ], [ 24.755294996684739, -28.765344004290107 ], [ 24.753046000889253, -28.767533002713588 ], [ 24.750937002556693, -28.769669003189446 ], [ 24.750495996608738, -28.770104998114657 ], [ 24.745262996303904, -28.767462002136927 ], [ 24.739465416906718, -28.764621601372806 ], [ 24.739435414623912, -28.764642227323883 ], [ 24.739239906507638, -28.764727231243686 ], [ 24.739132236074934, -28.764741398263858 ], [ 24.738919726275402, -28.764656395243403 ], [ 24.738659048786982, -28.764528889363653 ], [ 24.738432372866544, -28.764415551403477 ], [ 24.738191529925828, -28.764296545915776 ], [ 24.738021522985502, -28.764197375875067 ], [ 24.737902517497766, -28.7641265389755 ], [ 24.737732510557439, -28.763984866974862 ], [ 24.738480541454727, -28.763571183330331 ], [ 24.739273908075656, -28.763112163962155 ], [ 24.740282616461275, -28.762539805734473 ], [ 24.740614130849277, -28.762330130598027 ], [ 24.741546336606358, -28.761811609385354 ], [ 24.742764721027811, -28.761123080333057 ], [ 24.742886559380072, -28.761029576021222 ], [ 24.742918631902146, -28.761010756808091 ], [ 24.743229407024451, -28.760828401276822 ], [ 24.743634590277267, -28.760596057828973 ], [ 24.74573984473216, -28.75940034171968 ], [ 24.745992022727823, -28.759250169327117 ], [ 24.746856224449765, -28.758765647883664 ], [ 24.748782972471648, -28.757666268950533 ], [ 24.749088984784422, -28.757496262010285 ], [ 24.749258992624039, -28.757448092522868 ], [ 24.749375118482615, -28.757406063606357 ], [ 24.749283000026136, -28.754770999649352 ], [ 24.748969999081808, -28.751614003350987 ], [ 24.748801061435397, -28.750634030103797 ], [ 24.748797077438709, -28.750610917527236 ], [ 24.74952999972562, -28.750430000011903 ], [ 24.752009999878581, -28.749939999898658 ], [ 24.753249999505375, -28.749679999599916 ], [ 24.753862445912919, -28.749520230541872 ], [ 24.756399999978807, -28.749540000338556 ], [ 24.756409999540711, -28.74921000040894 ], [ 24.758849999647584, -28.750080000059793 ], [ 24.758900000154728, -28.749589999946426 ], [ 24.759999999620572, -28.74954999990052 ], [ 24.761149999593631, -28.749489999831596 ], [ 24.76167999975317, -28.749469999808635 ], [ 24.762040000167065, -28.749460000246863 ], [ 24.762883756701569, -28.749419969623986 ], [ 24.76291138387478, -28.748252786305109 ], [ 24.765789999531592, -28.748210000159602 ], [ 24.765880000084778, -28.748059999537642 ], [ 24.766089999876471, -28.747860000207123 ], [ 24.76448545556163, -28.746266425823034 ], [ 24.763957021121659, -28.745741603959978 ], [ 24.763629289282182, -28.745283908393706 ], [ 24.763003281098253, -28.744409646855846 ], [ 24.762950031340562, -28.744279454701186 ], [ 24.762737797632813, -28.743760552175786 ], [ 24.762661237447752, -28.743570688204745 ], [ 24.763850000898863, -28.743182002115805 ], [ 24.764476000988935, -28.743070999694979 ], [ 24.765003001010285, -28.742977002554788 ], [ 24.766076965102883, -28.742762309201446 ], [ 24.768109932051583, -28.74230509477264 ], [ 24.769122333053531, -28.742043830027121 ], [ 24.771759474445499, -28.744525845559831 ], [ 24.774261270567415, -28.746433001850185 ], [ 24.774221750759434, -28.746495244828324 ], [ 24.774042226293844, -28.746668710561117 ], [ 24.772829027363379, -28.747865138034253 ], [ 24.772396308668181, -28.748322350664466 ], [ 24.771868453391662, -28.748847379371632 ] ] ] } },
{ "type": "Feature", "properties": { "Municipali": "Sol Plaatje Local Municipality", "WardNo": "24", "WardLabel": "NC091_24", "Province": "Northern Cape", "CLASSIFICATION": "Service centre", "PopGBlack": 772.41187777000005, "PopGColour": 415.4276902, "PopGIndian": 71.8486102, "PopGWhite": 4619.0490257999991, "PopGOther": 2.75044077, "PopGTotal": 5881.4876448000005 }, "geometry": { "type": "Polygon", "coordinates": [ [ [ 24.719779996552841, -28.742888008340763 ], [ 24.722344478119552, -28.743046628964734 ], [ 24.722948881890048, -28.743042402151211 ], [ 24.723590613820772, -28.743042402151243 ], [ 24.724306832099899, -28.743059590893527 ], [ 24.725154834333765, -28.743105429338261 ], [ 24.727183165277403, -28.743242942873763 ], [ 24.728598413992774, -28.743317430121586 ], [ 24.730139715283414, -28.743409106111752 ], [ 24.731222638422242, -28.743472133298834 ], [ 24.733222320562799, -28.743632566056679 ], [ 24.734631838798066, -28.74372997162747 ], [ 24.734651762378633, -28.743731833224224 ], [ 24.73610438511966, -28.743867486062324 ], [ 24.738740427540154, -28.744081501327074 ], [ 24.738997907938689, -28.74410240516869 ], [ 24.740276371569397, -28.744202161567451 ], [ 24.740271302990319, -28.744506602764499 ], [ 24.740179999319576, -28.745759999591172 ], [ 24.740199999342554, -28.745899999752162 ], [ 24.740259999411492, -28.746030000351158 ], [ 24.741009999824051, -28.747049999724698 ], [ 24.741049999870008, -28.747109999793619 ], [ 24.741887535793882, -28.74824257720018 ], [ 24.741929999982244, -28.748299999812183 ], [ 24.744754786717827, -28.752090195273468 ], [ 24.74536546865556, -28.751750926930924 ], [ 24.745704736998288, -28.751465942566384 ], [ 24.745908296744862, -28.75128952256069 ], [ 24.747265367417722, -28.750936685247165 ], [ 24.748801061435397, -28.750634030103797 ], [ 24.748969999081808, -28.751614003350987 ], [ 24.749283000026136, -28.754770999649352 ], [ 24.749375118482615, -28.757406063606357 ], [ 24.749258992624039, -28.757448092522868 ], [ 24.749088984784422, -28.757496262010285 ], [ 24.748782972471648, -28.757666268950533 ], [ 24.746856224449765, -28.758765647883664 ], [ 24.745992022727823, -28.759250169327117 ], [ 24.74573984473216, -28.75940034171968 ], [ 24.743634590277267, -28.760596057828973 ], [ 24.743229407024451, -28.760828401276822 ], [ 24.742918631902146, -28.761010756808091 ], [ 24.74221301213338, -28.760157995362249 ], [ 24.741464997423975, -28.759315998801291 ], [ 24.739457003749173, -28.756944000032494 ], [ 24.738416999855712, -28.755771002596536 ], [ 24.73800000400783, -28.755275003105709 ], [ 24.737421001588604, -28.754587002854681 ], [ 24.736683001729485, -28.75376699921436 ], [ 24.73665211451376, -28.753730178271887 ], [ 24.735114952802455, -28.754262603003404 ], [ 24.734711866768659, -28.754388296749191 ], [ 24.733858018042163, -28.754665689036955 ], [ 24.732982496553667, -28.754947416056943 ], [ 24.732037627442832, -28.755237811642246 ], [ 24.73126612963614, -28.755497866799612 ], [ 24.73126940946366, -28.755532166942434 ], [ 24.731295228999603, -28.755575738196324 ], [ 24.731175795434467, -28.755613783116154 ], [ 24.730765848472849, -28.755744371871767 ], [ 24.730364544895455, -28.755872447022323 ], [ 24.729717762372164, -28.756083772414595 ], [ 24.729248151687919, -28.756613152041719 ], [ 24.729008125331685, -28.756883794018265 ], [ 24.728829770884126, -28.757084897716215 ], [ 24.727218523022586, -28.757669734936659 ], [ 24.726190996323112, -28.758120994954233 ], [ 24.725819944140632, -28.758262812644858 ], [ 24.725718666988332, -28.758050131974272 ], [ 24.725516114482552, -28.757756431380368 ], [ 24.725354071938213, -28.757523495279298 ], [ 24.725151518533057, -28.75727030374771 ], [ 24.724938838761577, -28.756986729520133 ], [ 24.724695774495519, -28.756682899862074 ], [ 24.724493221989558, -28.756480347356359 ], [ 24.724793301474868, -28.756316017836166 ], [ 24.724652000894153, -28.756132996806539 ], [ 24.71930000409494, -28.746273999011716 ], [ 24.71997099996495, -28.746229999680637 ], [ 24.719602997383564, -28.743260997662777 ], [ 24.71958687703593, -28.74306026718342 ], [ 24.719571997752702, -28.742875002345368 ], [ 24.719779996552841, -28.742888008340763 ] ] ] } },
{ "type": "Feature", "properties": { "Municipali": "Sol Plaatje Local Municipality", "WardNo": "25", "WardLabel": "NC091_25", "Province": "Northern Cape", "CLASSIFICATION": "Service centre", "PopGBlack": 896.15612131, "PopGColour": 995.5401758, "PopGIndian": 30.2520464, "PopGWhite": 2492.505927, "PopGOther": 5.35752066, "PopGTotal": 4419.8117911999998 }, "geometry": { "type": "Polygon", "coordinates": [ [ [ 24.778287091104222, -28.749750393134985 ], [ 24.779649950713004, -28.751873919115006 ], [ 24.780141214374044, -28.752697974201062 ], [ 24.780806798124008, -28.753585418001588 ], [ 24.781504074882204, -28.754425320041452 ], [ 24.782366490550487, -28.755078665816747 ], [ 24.782909467027807, -28.755453048188734 ], [ 24.783596990638472, -28.755909563844355 ], [ 24.784240513119272, -28.756360580145763 ], [ 24.784889535853743, -28.756800595939911 ], [ 24.785523000316832, -28.757235000863783 ], [ 24.786231582452473, -28.757642124853373 ], [ 24.787876139403817, -28.75878066386586 ], [ 24.787160997613189, -28.759674002722313 ], [ 24.786505999782978, -28.76043400179698 ], [ 24.788415157964867, -28.761684766308321 ], [ 24.788893674635247, -28.762009275876725 ], [ 24.789663702050351, -28.762454791924554 ], [ 24.790818741824051, -28.763169816803021 ], [ 24.790945246758362, -28.763191816918265 ], [ 24.791148753444876, -28.763197318071313 ], [ 24.791324759762645, -28.76316431654946 ], [ 24.791467764558529, -28.763048812122467 ], [ 24.79196828134419, -28.762487792547159 ], [ 24.792776810534797, -28.761552760221221 ], [ 24.792897813416875, -28.761376753903626 ], [ 24.792980316322041, -28.761261251275268 ], [ 24.79301331784384, -28.761156747355532 ], [ 24.793035318858376, -28.761057743689481 ], [ 24.793057320772277, -28.760865236610933 ], [ 24.793139822778183, -28.75964969494698 ], [ 24.793244326697998, -28.758181143414603 ], [ 24.793277327320435, -28.757933634699036 ], [ 24.793291107632172, -28.757883108987862 ], [ 24.795364401080779, -28.757529706000824 ], [ 24.796719392521002, -28.757056738147654 ], [ 24.797205143337926, -28.756877775758497 ], [ 24.798023253006352, -28.756673249240858 ], [ 24.798777446058221, -28.756558202568787 ], [ 24.799416592437932, -28.7568777757586 ], [ 24.800094088607764, -28.756762729985891 ], [ 24.800630973077567, -28.757056738147831 ], [ 24.801896483772865, -28.757631969709642 ], [ 24.802944684986738, -28.758156071215719 ], [ 24.80350713358505, -28.758424511651935 ], [ 24.804414723099068, -28.759165922639252 ], [ 24.805181699114485, -28.760201340889271 ], [ 24.805271526997789, -28.760300793317079 ], [ 24.805264999718357, -28.76032500036856 ], [ 24.806040999531138, -28.761266999742478 ], [ 24.807093999527524, -28.762496999806906 ], [ 24.807515000056423, -28.762962999712972 ], [ 24.808356999315588, -28.763544999572339 ], [ 24.808777999844494, -28.763798999594435 ], [ 24.809254999358611, -28.763959999824504 ], [ 24.809720000117938, -28.763992999547661 ], [ 24.810367506595423, -28.763998152662953 ], [ 24.809459754304058, -28.767419073901468 ], [ 24.808905649615685, -28.766476105058512 ], [ 24.808474282601601, -28.765742044230187 ], [ 24.808405961105738, -28.76562582484231 ], [ 24.808374519907638, -28.765572275610324 ], [ 24.807574885911414, -28.765633216370109 ], [ 24.807446141665167, -28.765649452730351 ], [ 24.807018130021625, -28.765809717314877 ], [ 24.806391134382057, -28.76581576705421 ], [ 24.805823236791372, -28.765870080709803 ], [ 24.805355933767625, -28.765791903543718 ], [ 24.805229795756699, -28.76556272660876 ], [ 24.804378655788266, -28.765127779393598 ], [ 24.803413167021624, -28.76479145723 ], [ 24.80207610536495, -28.764878017876224 ], [ 24.800652748362076, -28.76516627397427 ], [ 24.797078481022115, -28.764998366051518 ], [ 24.796836625444854, -28.764994482778871 ], [ 24.796167555023267, -28.766368074896484 ], [ 24.795948056592096, -28.766819146955736 ], [ 24.79583445063389, -28.767052842084766 ], [ 24.79574956272657, -28.767315272351691 ], [ 24.795737390402703, -28.767413509795389 ], [ 24.795793978443808, -28.7682223852246 ], [ 24.795847691352325, -28.769246445936385 ], [ 24.796300566552478, -28.770535921765109 ], [ 24.796361558573693, -28.771558639789152 ], [ 24.794920466939935, -28.773530791882298 ], [ 24.787060051411103, -28.773966785008508 ], [ 24.785836160440848, -28.771778397224473 ], [ 24.785119398971212, -28.770496767081355 ], [ 24.78462835384542, -28.769012574539925 ], [ 24.784663002925225, -28.768695212783062 ], [ 24.783718081653753, -28.76842431719766 ], [ 24.780903879039311, -28.766843685856429 ], [ 24.780645410285874, -28.766698513694461 ], [ 24.780220596631409, -28.766311022804402 ], [ 24.780517996136915, -28.766089000875674 ], [ 24.781468000376684, -28.765248992715883 ], [ 24.782658001295001, -28.764008002936112 ], [ 24.782684995345566, -28.763978998001473 ], [ 24.782776998688856, -28.763884010707642 ], [ 24.783027998572688, -28.763603001346535 ], [ 24.782680998758337, -28.763422003791526 ], [ 24.779840001742876, -28.761500003291466 ], [ 24.779362003081925, -28.762072997339832 ], [ 24.778476999141809, -28.763131002962279 ], [ 24.774328002061662, -28.760330996147225 ], [ 24.773448997498829, -28.76034200025175 ], [ 24.770652562789952, -28.761153677968387 ], [ 24.768706689785525, -28.761664946148798 ], [ 24.768126090170316, -28.76202104800139 ], [ 24.767834605505872, -28.762245451334799 ], [ 24.767731280597371, -28.762338443033048 ], [ 24.767382920108691, -28.762191357113771 ], [ 24.766966054662628, -28.762065636388364 ], [ 24.766895215964311, -28.762044272093771 ], [ 24.768009968808432, -28.757229155269606 ], [ 24.769285623856554, -28.751588162232252 ], [ 24.769032801946285, -28.751667844863576 ], [ 24.771868453391662, -28.748847379371632 ], [ 24.772396308668181, -28.748322350664466 ], [ 24.772829027363379, -28.747865138034253 ], [ 24.774042226293844, -28.746668710561117 ], [ 24.774221750759434, -28.746495244828324 ], [ 24.774261270567415, -28.746433001850185 ], [ 24.775577217941041, -28.747373311397894 ], [ 24.777288716828231, -28.748656935338097 ], [ 24.777779980489374, -28.749148198998995 ], [ 24.778287091104222, -28.749750393134985 ] ] ] } },
{ "type": "Feature", "properties": { "Municipali": "Sol Plaatje Local Municipality", "WardNo": "26", "WardLabel": "NC091_26", "Province": "Northern Cape", "CLASSIFICATION": "Service centre", "PopGBlack": 9799.4345804000004, "PopGColour": 4483.6949881, "PopGIndian": 127.19362932, "PopGWhite": 2559.9263443999998, "PopGOther": 25.55160336, "PopGTotal": 16995.801146000002 }, "geometry": { "type": "Polygon", "coordinates": [ [ [ 24.653472003602953, -28.744158003051709 ], [ 24.656043000757808, -28.75154199552907 ], [ 24.658228001695836, -28.751370000187936 ], [ 24.659391008563734, -28.751279003186074 ], [ 24.672722000102031, -28.750208996111688 ], [ 24.678342998515024, -28.749757999595683 ], [ 24.67894000176436, -28.74970999558349 ], [ 24.679688997634212, -28.74964999911192 ], [ 24.702290002976593, -28.747838002786562 ], [ 24.702818997694195, -28.747789000526989 ], [ 24.704295004607104, -28.747658002579836 ], [ 24.708319412309159, -28.747303589654198 ], [ 24.708262801784972, -28.746590289675456 ], [ 24.708196165618663, -28.743351800410515 ], [ 24.708381604925414, -28.743329111414589 ], [ 24.714335130362919, -28.743168550054079 ], [ 24.71958687703593, -28.74306026718342 ], [ 24.719602997383564, -28.743260997662777 ], [ 24.71997099996495, -28.746229999680637 ], [ 24.71930000409494, -28.746273999011716 ], [ 24.724652000894153, -28.756132996806539 ], [ 24.724793301474868, -28.756316017836166 ], [ 24.724493221989558, -28.756480347356359 ], [ 24.724695774495519, -28.756682899862074 ], [ 24.724938838761577, -28.756986729520133 ], [ 24.725151518533057, -28.75727030374771 ], [ 24.725354071938213, -28.757523495279298 ], [ 24.725516114482552, -28.757756431380368 ], [ 24.725718666988332, -28.758050131974272 ], [ 24.725819944140632, -28.758262812644858 ], [ 24.726190996323112, -28.758120994954233 ], [ 24.727218523022586, -28.757669734936659 ], [ 24.728829770884126, -28.757084897716215 ], [ 24.729008125331685, -28.756883794018265 ], [ 24.729248151687919, -28.756613152041719 ], [ 24.729717762372164, -28.756083772414595 ], [ 24.730364544895455, -28.755872447022323 ], [ 24.730765848472849, -28.755744371871767 ], [ 24.731175795434467, -28.755613783116154 ], [ 24.731295228999603, -28.755575738196324 ], [ 24.73126940946366, -28.755532166942434 ], [ 24.73126612963614, -28.755497866799612 ], [ 24.732037627442832, -28.755237811642246 ], [ 24.732982496553667, -28.754947416056943 ], [ 24.733858018042163, -28.754665689036955 ], [ 24.734711866768659, -28.754388296749191 ], [ 24.735114952802455, -28.754262603003404 ], [ 24.73665211451376, -28.753730178271887 ], [ 24.736683001729485, -28.75376699921436 ], [ 24.737421001588604, -28.754587002854681 ], [ 24.73800000400783, -28.755275003105709 ], [ 24.738416999855712, -28.755771002596536 ], [ 24.739457003749173, -28.756944000032494 ], [ 24.741464997423975, -28.759315998801291 ], [ 24.74221301213338, -28.760157995362249 ], [ 24.742918631902146, -28.761010756808091 ], [ 24.742886559380072, -28.761029576021222 ], [ 24.742764721027811, -28.761123080333057 ], [ 24.741546336606358, -28.761811609385354 ], [ 24.740614130849277, -28.762330130598027 ], [ 24.740282616461275, -28.762539805734473 ], [ 24.739273908075656, -28.763112163962155 ], [ 24.738480541454727, -28.763571183330331 ], [ 24.737732510557439, -28.763984866974862 ], [ 24.737902517497766, -28.7641265389755 ], [ 24.738021522985502, -28.764197375875067 ], [ 24.738191529925828, -28.764296545915776 ], [ 24.738432372866544, -28.764415551403477 ], [ 24.738659048786982, -28.764528889363653 ], [ 24.738919726275402, -28.764656395243403 ], [ 24.739132236074934, -28.764741398263858 ], [ 24.739239906507638, -28.764727231243686 ], [ 24.739435414623912, -28.764642227323883 ], [ 24.739465416906718, -28.764621601372806 ], [ 24.745262996303904, -28.767462002136927 ], [ 24.750495996608738, -28.770104998114657 ], [ 24.750100002628642, -28.770423001088108 ], [ 24.749670998133492, -28.771189001338872 ], [ 24.749620998525636, -28.771315002652699 ], [ 24.749527001385385, -28.771548999953872 ], [ 24.749500000140312, -28.771617997739927 ], [ 24.749486003991265, -28.771681999791941 ], [ 24.749391000509601, -28.772112002534346 ], [ 24.749384999333596, -28.772157995662393 ], [ 24.749378009802594, -28.772200000297193 ], [ 24.748935998412616, -28.775402001368658 ], [ 24.748907998920007, -28.775607997378611 ], [ 24.748873999150767, -28.775857002566092 ], [ 24.748861000349876, -28.775948996916092 ], [ 24.748811008835894, -28.776308995531188 ], [ 24.748575999797392, -28.778009999329448 ], [ 24.748468995762281, -28.778394997298673 ], [ 24.748390996661907, -28.778672001978759 ], [ 24.748282995278643, -28.778852998634463 ], [ 24.748246003464928, -28.778914998795646 ], [ 24.752466998469696, -28.777172001154515 ], [ 24.760189997590125, -28.773988001812832 ], [ 24.764739002324873, -28.772129996170566 ], [ 24.764690227593654, -28.772459994301514 ], [ 24.76463138315345, -28.773254393343798 ], [ 24.764660804474204, -28.773886971075061 ], [ 24.764749072033705, -28.774490125687006 ], [ 24.764778471770757, -28.774715529965988 ], [ 24.764793204464493, -28.774828481217636 ], [ 24.764866760913982, -28.775166836748344 ], [ 24.764999160904278, -28.775887681139817 ], [ 24.76517569332546, -28.776505546861792 ], [ 24.765425783095331, -28.77718225792313 ], [ 24.765808271056954, -28.77785896898456 ], [ 24.766411426568403, -28.778785768017134 ], [ 24.766985159859725, -28.779639012398878 ], [ 24.767455914481584, -28.78035985589101 ], [ 24.767838403342399, -28.780948300292234 ], [ 24.768088491313719, -28.781271943813568 ], [ 24.768647513495104, -28.781904521544945 ], [ 24.769147692135583, -28.782301722415021 ], [ 24.769589024537314, -28.782654788156414 ], [ 24.770251023589598, -28.783007853897878 ], [ 24.770927734651281, -28.783272653878441 ], [ 24.771663290153057, -28.783508031638956 ], [ 24.772678355846129, -28.783816964949672 ], [ 24.77317853358733, -28.783949364939964 ], [ 24.77332564468777, -28.783566876079114 ], [ 24.773384489127874, -28.78334621032803 ], [ 24.773384489127881, -28.78311083166826 ], [ 24.77319324469747, -28.782860742797748 ], [ 24.773002001166343, -28.782581231707098 ], [ 24.77279604472654, -28.782360565956008 ], [ 24.772722490075616, -28.782154610415542 ], [ 24.772781333616436, -28.781904521545144 ], [ 24.772957866936924, -28.781566166014454 ], [ 24.773002766489377, -28.781463537181107 ], [ 24.773100002987736, -28.781503997680062 ], [ 24.775233999775068, -28.782390997215504 ], [ 24.775469001619012, -28.782489000835479 ], [ 24.776578003298564, -28.783019000994948 ], [ 24.777632003341068, -28.783608997626022 ], [ 24.777680000158632, -28.783543998225845 ], [ 24.777701998475234, -28.783514003137572 ], [ 24.7778419977369, -28.783319003138399 ], [ 24.777962997920959, -28.783150996290324 ], [ 24.778182000825666, -28.782846996660513 ], [ 24.77823899715904, -28.782770003002128 ], [ 24.778458997411906, -28.782467998967913 ], [ 24.778504998633956, -28.782399009275832 ], [ 24.778538001954402, -28.782352001712486 ], [ 24.778567988948726, -28.782311004318291 ], [ 24.778621003983332, -28.782238000052555 ], [ 24.778650000824094, -28.782198997354772 ], [ 24.778668001654172, -28.782172999753101 ], [ 24.778774001146516, -28.782024998323944 ], [ 24.778857019363212, -28.781801543775209 ], [ 24.777165242608515, -28.779374211519485 ], [ 24.776106042686042, -28.777800123645608 ], [ 24.775561732513975, -28.776667369072602 ], [ 24.775429332523672, -28.776255457991802 ], [ 24.774811465902321, -28.773828125736106 ], [ 24.774605510361813, -28.772916037813577 ], [ 24.774568384549063, -28.772783443569725 ], [ 24.774502532591555, -28.772548260062834 ], [ 24.77426715573036, -28.771945104551587 ], [ 24.774134755740054, -28.771650883250388 ], [ 24.773708133548979, -28.771356661049733 ], [ 24.773494668669347, -28.771253372114082 ], [ 24.773556051895692, -28.771180088159188 ], [ 24.773046055356364, -28.770828864229301 ], [ 24.772760330849703, -28.770665568030157 ], [ 24.773854350723262, -28.770059058047796 ], [ 24.774888777920751, -28.769414344864817 ], [ 24.775086806836672, -28.769662936364213 ], [ 24.776030001409918, -28.76908799798149 ], [ 24.777208001774781, -28.768364003265017 ], [ 24.777670998844727, -28.768082001951623 ], [ 24.778097004100776, -28.767821004304768 ], [ 24.778690001769775, -28.767459002000226 ], [ 24.778939997110839, -28.767270002277687 ], [ 24.779148004004949, -28.7671129986349 ], [ 24.779578996001803, -28.766790008021381 ], [ 24.780220596631409, -28.766311022804402 ], [ 24.780645410285874, -28.766698513694461 ], [ 24.780903879039311, -28.766843685856429 ], [ 24.783718081653753, -28.76842431719766 ], [ 24.784663002925225, -28.768695212783062 ], [ 24.78462835384542, -28.769012574539925 ], [ 24.785119398971212, -28.770496767081355 ], [ 24.785836160440848, -28.771778397224473 ], [ 24.787060051411103, -28.773966785008508 ], [ 24.794920466939935, -28.773530791882298 ], [ 24.796361558573693, -28.771558639789152 ], [ 24.796300566552478, -28.770535921765109 ], [ 24.795847691352325, -28.769246445936385 ], [ 24.795793978443808, -28.7682223852246 ], [ 24.795737390402703, -28.767413509795389 ], [ 24.79574956272657, -28.767315272351691 ], [ 24.79583445063389, -28.767052842084766 ], [ 24.795948056592096, -28.766819146955736 ], [ 24.796167555023267, -28.766368074896484 ], [ 24.796836625444854, -28.764994482778871 ], [ 24.797078481022115, -28.764998366051518 ], [ 24.800652748362076, -28.76516627397427 ], [ 24.80207610536495, -28.764878017876224 ], [ 24.803413167021624, -28.76479145723 ], [ 24.804378655788266, -28.765127779393598 ], [ 24.805229795756699, -28.76556272660876 ], [ 24.805355933767625, -28.765791903543718 ], [ 24.805823236791372, -28.765870080709803 ], [ 24.806391134382057, -28.76581576705421 ], [ 24.807018130021625, -28.765809717314877 ], [ 24.807446141665167, -28.765649452730351 ], [ 24.807574885911414, -28.765633216370109 ], [ 24.808374519907638, -28.765572275610324 ], [ 24.808405961105738, -28.76562582484231 ], [ 24.808474282601601, -28.765742044230187 ], [ 24.808905649615685, -28.766476105058512 ], [ 24.809459754304058, -28.767419073901468 ], [ 24.805320001354879, -28.783019998344475 ], [ 24.806322043065993, -28.788889572066346 ], [ 24.804876736309776, -28.794413414917337 ], [ 24.806641562296402, -28.796198761633836 ], [ 24.807277721128298, -28.796814399735084 ], [ 24.807647104169028, -28.797430036937033 ], [ 24.807843999039815, -28.79780460816654 ], [ 24.809633382813605, -28.800561720017818 ], [ 24.810169265438653, -28.801387418165287 ], [ 24.812318573183791, -28.802087192340618 ], [ 24.81306833077938, -28.801887256861992 ], [ 24.815667492002664, -28.800937562888961 ], [ 24.817382291401827, -28.800266553529404 ], [ 24.814660003997073, -28.805160001303747 ], [ 24.812140002898772, -28.809699990332899 ], [ 24.811289987982171, -28.811220002871359 ], [ 24.809469996681848, -28.814510000806344 ], [ 24.809199996821128, -28.814979996400151 ], [ 24.808679994424651, -28.815920002876258 ], [ 24.807999998139564, -28.817149996645465 ], [ 24.807310002292674, -28.818389997170989 ], [ 24.806629997014333, -28.819619999034071 ], [ 24.805940002066723, -28.820859998660325 ], [ 24.805250005320463, -28.822090000523414 ], [ 24.804570000941489, -28.823330001049012 ], [ 24.803879997899998, -28.824560002912019 ], [ 24.803200000715538, -28.825800002538351 ], [ 24.802509996774674, -28.827029997206754 ], [ 24.801826999451947, -28.82825800437352 ], [ 24.799960001487523, -28.83161499730436 ], [ 24.792212003912134, -28.845527997688709 ], [ 24.789159001616515, -28.851008997736713 ], [ 24.789080006067262, -28.85115000154099 ], [ 24.770679999304019, -28.884179998576954 ], [ 24.769240003943871, -28.886770002902107 ], [ 24.751729996854589, -28.918200000797391 ], [ 24.733779997353235, -28.950479996521892 ], [ 24.732530006258447, -28.952710003131259 ], [ 24.727759996727798, -28.96123000033122 ], [ 24.721769997485776, -28.971980004140576 ], [ 24.715770000480571, -28.982729998956653 ], [ 24.70976999538146, -28.993479993772738 ], [ 24.704110001465086, -29.003640000051799 ], [ 24.694000002882387, -29.021769998851703 ], [ 24.693239996612707, -29.023120002651332 ], [ 24.692599999474254, -29.024259996766762 ], [ 24.692249998622216, -29.024900001998777 ], [ 24.691780003028157, -29.025719999343792 ], [ 24.691710002498038, -29.025759999389724 ], [ 24.691560003674564, -29.025799997637016 ], [ 24.691430001276764, -29.025880002225563 ], [ 24.691259999732374, -29.025960000518868 ], [ 24.691080004022041, -29.026029996552364 ], [ 24.690869998834394, -29.026090002916504 ], [ 24.69041999966603, -29.026090002916483 ], [ 24.690150009697835, -29.02606999659826 ], [ 24.6900100050403, -29.026100001578978 ], [ 24.689319999300857, -29.026190000333347 ], [ 24.68906000080058, -29.026249996805038 ], [ 24.688789997342546, -29.026360000978354 ], [ 24.688510000617853, -29.026569993575421 ], [ 24.688160003363219, -29.026739995119801 ], [ 24.68799000181874, -29.026810000146455 ], [ 24.687869998982837, -29.026890002936344 ], [ 24.687670000551591, -29.026999999015793 ], [ 24.687450000298714, -29.027089996870902 ], [ 24.687279999653605, -29.027200001044307 ], [ 24.687140003089951, -29.027319995786257 ], [ 24.687010000692148, -29.027429999959597 ], [ 24.686870005027775, -29.027570000120381 ], [ 24.68669000392158, -29.027680005193076 ], [ 24.686560002423153, -29.027740001664757 ], [ 24.686430000924634, -29.027820008951238 ], [ 24.686059996452329, -29.027910003209033 ], [ 24.685820006968285, -29.028049999772623 ], [ 24.685450003395353, -29.028140003023669 ], [ 24.68524999776951, -29.028220002216248 ], [ 24.685110000306484, -29.028270000025355 ], [ 24.684979998808142, -29.02833999695822 ], [ 24.684879993297198, -29.028400001523796 ], [ 24.684779996779508, -29.028469990362684 ], [ 24.684629997056746, -29.028570003068086 ], [ 24.684460000008944, -29.028630001338335 ], [ 24.684349995835561, -29.02866999958562 ], [ 24.684170003722524, -29.02877999566514 ], [ 24.684030002662197, -29.028929999884404 ], [ 24.683859993923207, -29.029060002282147 ], [ 24.683610000380781, -29.029119998753746 ], [ 24.683470001119108, -29.029169998361557 ], [ 24.683330011750051, -29.029240001589571 ], [ 24.682810000360387, -29.029519999213385 ], [ 24.682260004674323, -29.029919999673048 ], [ 24.682170001423202, -29.030009997528165 ], [ 24.682000000778093, -29.030139999925812 ], [ 24.681849996558753, -29.030270008618768 ], [ 24.681590005253074, -29.030490000777636 ], [ 24.68145000509212, -29.030599996857077 ], [ 24.681330009450811, -29.030750001076427 ], [ 24.681169999374347, -29.030880002574779 ], [ 24.681030002810694, -29.030989998654213 ], [ 24.680909999974695, -29.031079997408717 ], [ 24.680779997576987, -29.031129995217796 ], [ 24.680689999721821, -29.031169998861028 ], [ 24.680609996931878, -29.03121999756948 ], [ 24.680289999261937, -29.031370000889467 ], [ 24.67967999901035, -29.031659997175794 ], [ 24.679549996612558, -29.031739997267668 ], [ 24.679430001870536, -29.031780008105507 ], [ 24.679260000326231, -29.03180000183324 ], [ 24.679179996636918, -29.031819991963669 ], [ 24.679040000972549, -29.031829998720067 ], [ 24.67892999679917, -29.031850005038265 ], [ 24.678780000673715, -29.031839998281939 ], [ 24.678559996823449, -29.031829998720045 ], [ 24.678360002888876, -29.031810001394987 ], [ 24.678100003489238, -29.031709995884171 ], [ 24.677769999962266, -29.03156999482399 ], [ 24.677530001484978, -29.031450003679218 ], [ 24.677070003654183, -29.031160000198309 ], [ 24.676979997705047, -29.031110000590566 ], [ 24.676770000611281, -29.030989998653993 ], [ 24.676599999966264, -29.030909995864093 ], [ 24.676439997084316, -29.030800006979153 ], [ 24.676230003587762, -29.030669998286246 ], [ 24.676119999414382, -29.030599996856793 ], [ 24.675989997915963, -29.030520002160756 ], [ 24.675749999438757, -29.030369997941477 ], [ 24.675570003728335, -29.030250004098878 ], [ 24.675450008986321, -29.030160006243744 ], [ 24.675230000639562, -29.030050002070318 ], [ 24.675039994575616, -29.029950001056079 ], [ 24.674839999741586, -29.029829997320864 ], [ 24.674699999580636, -29.029769999949945 ], [ 24.674479999327676, -29.029619995730581 ], [ 24.674359996491777, -29.029519999212933 ], [ 24.674139989044303, -29.029329992249686 ], [ 24.674019993403004, -29.0292699948787 ], [ 24.673930003641718, -29.029209996608429 ], [ 24.673580001890336, -29.02885000069125 ], [ 24.673479996379484, -29.028739996517917 ], [ 24.673350002974942, -29.028630001337753 ], [ 24.67322000057715, -29.028509997602612 ], [ 24.672979998502651, -29.028239999540645 ], [ 24.672769993315001, -29.028080004752727 ], [ 24.67260000436108, -29.027939988403975 ], [ 24.67208000196467, -29.027749996729202 ], [ 24.671930001342542, -29.02777000304739 ], [ 24.671640001458744, -29.027770003047365 ], [ 24.671479995878947, -29.027799999934217 ], [ 24.671320001090965, -29.027839999080847 ], [ 24.671119990968446, -29.027950003254176 ], [ 24.670939998855406, -29.028059999333607 ], [ 24.6708199960195, -29.028210002653687 ], [ 24.670669999894038, -29.028400001523025 ], [ 24.670409995997804, -29.028700000968403 ], [ 24.670239998949988, -29.029060002281412 ], [ 24.669799995746196, -29.029810003592843 ], [ 24.669550003102945, -29.03037999660366 ], [ 24.669469998514433, -29.030520002160408 ], [ 24.669420000705223, -29.030729994757497 ], [ 24.669289998307416, -29.031059999183665 ], [ 24.669190001789808, -29.031349994570661 ], [ 24.669080005710299, -29.03164999941206 ], [ 24.669010001582862, -29.032410000285335 ], [ 24.669010001582855, -29.032650000561159 ], [ 24.668999998423743, -29.032889999038254 ], [ 24.668980001098593, -29.033490000627108 ], [ 24.668940001951995, -29.033759999588337 ], [ 24.668949996117931, -29.03403000214696 ], [ 24.668959994780359, -29.034319999332613 ], [ 24.668999998423693, -29.034939999145696 ], [ 24.668970001536742, -29.035239997691804 ], [ 24.66895999478033, -29.035390006407734 ], [ 24.668949996117888, -29.035509995753845 ], [ 24.668930002390137, -29.035710003178146 ], [ 24.668930002390134, -29.035849998842451 ], [ 24.668869996925146, -29.036020001286133 ], [ 24.668800000891693, -29.036160000547646 ], [ 24.668740002621313, -29.036270004721061 ], [ 24.668710001237873, -29.036410002183924 ], [ 24.668649996672254, -29.036619999277594 ], [ 24.668580000638716, -29.036770002597567 ], [ 24.66845999780281, -29.036950002804481 ], [ 24.668279997595885, -29.037260000912365 ], [ 24.667950000364133, -29.037639995053748 ], [ 24.66731999379423, -29.038510000100377 ], [ 24.667209998614005, -29.038640009692724 ], [ 24.667009995686175, -29.038879995579347 ], [ 24.666860000459994, -29.039009997077684 ], [ 24.666729998961564, -29.039130008007437 ], [ 24.666570005072856, -29.039250002749373 ], [ 24.666310000277345, -29.039350001065664 ], [ 24.666140007726113, -29.03945999624581 ], [ 24.665979996750369, -29.039489996729838 ], [ 24.665740002769745, -29.039499996291728 ], [ 24.665529997582002, -29.039560000857222 ], [ 24.665290004500655, -29.039579999081614 ], [ 24.664760001643067, -29.0395300012724 ], [ 24.664550000951994, -29.039510003047987 ], [ 24.66437000074508, -29.03949999629166 ], [ 24.664150001391398, -29.039449997583187 ], [ 24.664010000331164, -29.039430002956063 ], [ 24.663790000977656, -29.039409997537138 ], [ 24.663549998903061, -29.039359998828655 ], [ 24.663380005452552, -29.03935999882864 ], [ 24.663210003908073, -29.039319999681979 ], [ 24.662789989935472, -29.039319999681961 ], [ 24.662669994294074, -29.039329993847893 ], [ 24.662559999113949, -29.03934000240292 ], [ 24.662420002550292, -29.039340002402934 ], [ 24.662309998376916, -29.039380000650205 ], [ 24.662209997362556, -29.039439998021276 ], [ 24.662089993627273, -29.039520001710457 ], [ 24.661880001030084, -29.039629997789795 ], [ 24.661770004950675, -29.039699993823387 ], [ 24.661269999879206, -29.040079996957914 ], [ 24.661159995705823, -29.040150009179261 ], [ 24.661090000571566, -29.040230000277987 ], [ 24.661009999580362, -29.040339996357414 ], [ 24.660919999027175, -29.040389998663183 ], [ 24.660849997597683, -29.040540001983171 ], [ 24.660780001564142, -29.040679991352153 ], [ 24.660699997874914, -29.040850000091055 ], [ 24.660629997344792, -29.041059997184725 ], [ 24.660550002648726, -29.041210001404064 ], [ 24.660510003502129, -29.041430000757565 ], [ 24.66039999932865, -29.041719997043828 ], [ 24.66024999960587, -29.042570003866267 ], [ 24.660179994579067, -29.043290001096267 ], [ 24.660170000413203, -29.043470002202469 ], [ 24.660110003941469, -29.043629996091095 ], [ 24.660089998522537, -29.04378000031037 ], [ 24.660020000690434, -29.043950000955391 ], [ 24.659959994326165, -29.044080003353127 ], [ 24.659890002789211, -29.044229998579148 ], [ 24.659819998661789, -29.044340002752456 ], [ 24.659720001244811, -29.044480003812716 ], [ 24.659599998408904, -29.044559994012047 ], [ 24.65950000189121, -29.044660004019534 ], [ 24.659360000830972, -29.04477000009906 ], [ 24.659240006088947, -29.044849999291561 ], [ 24.659130001915564, -29.044890002934892 ], [ 24.658939998549457, -29.04492000251965 ], [ 24.658770005998221, -29.04494999580918 ], [ 24.658279995092713, -29.044859997954024 ], [ 24.658110001642207, -29.044819997908085 ], [ 24.657969996984672, -29.044779994264825 ], [ 24.657860000905178, -29.044710001828619 ], [ 24.657680000698264, -29.044639989607347 ], [ 24.657410001736814, -29.044459996595009 ], [ 24.657200001045748, -29.044329995996009 ], [ 24.656979996296204, -29.044199998094914 ], [ 24.656759997841888, -29.044059997034658 ], [ 24.656620000378958, -29.043920001370353 ], [ 24.656529998926494, -29.043789998972688 ], [ 24.656430000610243, -29.043640002847216 ], [ 24.656319997336148, -29.043510002248205 ], [ 24.656260008059025, -29.043379999850547 ], [ 24.656180000772498, -29.043280001534242 ], [ 24.655940002295214, -29.042959997569223 ], [ 24.655619997430783, -29.042170004305603 ], [ 24.655540002734725, -29.041979997342359 ], [ 24.655459999045419, -29.0417599970895 ], [ 24.655389998515393, -29.04162000772051 ], [ 24.65531999438798, -29.04146000573801 ], [ 24.655270004672659, -29.041260000112242 ], [ 24.655190000983442, -29.041070000343527 ], [ 24.655120000453238, -29.040879996977594 ], [ 24.655089995472505, -29.04073999591742 ], [ 24.655039996764021, -29.04059000069131 ], [ 24.654939999347061, -29.040270003920885 ], [ 24.654750001376915, -29.039809997996326 ], [ 24.654700002668427, -29.039679995598583 ], [ 24.654689995912022, -29.039539999035085 ], [ 24.654639998102823, -29.03936999839005 ], [ 24.654599998056863, -29.03921999776799 ], [ 24.654549998449021, -29.038850003188394 ], [ 24.65450999570513, -29.038659996225167 ], [ 24.654500000639914, -29.038500000537873 ], [ 24.654500000639917, -29.038240002037742 ], [ 24.654459988902804, -29.037239999089984 ], [ 24.654430003707049, -29.03679998689319 ], [ 24.654430003707056, -29.036579994734186 ], [ 24.654450001931391, -29.036430000407453 ], [ 24.654469995659145, -29.036239999739461 ], [ 24.65449000197745, -29.036039997711015 ], [ 24.654490001977472, -29.035409999235402 ], [ 24.654530000224788, -29.035059996584806 ], [ 24.654579999832656, -29.034559999607556 ], [ 24.654599998057002, -29.034030002146181 ], [ 24.654660002622535, -29.033729999103507 ], [ 24.654679996350289, -29.033540000234161 ], [ 24.654700002668594, -29.033400002771209 ], [ 24.654790008617645, -29.033169996661311 ], [ 24.65485999655731, -29.032979996892596 ], [ 24.65493999934726, -29.032849998991527 ], [ 24.655039996764234, -29.032589995994812 ], [ 24.655360001628704, -29.031960001116516 ], [ 24.655439990029539, -29.031739997266357 ], [ 24.655580002780972, -29.031239999389765 ], [ 24.655819999459641, -29.030340001952837 ], [ 24.655940002295555, -29.029900002346576 ], [ 24.655950001857367, -29.029659995775518 ], [ 24.655960000519904, -29.029290009289802 ], [ 24.655960000519912, -29.029079999605656 ], [ 24.655919996876655, -29.028829995271451 ], [ 24.655890004486473, -29.028660001820931 ], [ 24.655829999021496, -29.028509997601663 ], [ 24.655780000313012, -29.028339996956639 ], [ 24.655760002988057, -29.028199995896372 ], [ 24.655699996623795, -29.028049999770982 ], [ 24.655670003334244, -29.027910003207399 ], [ 24.655590000544304, -29.027749996728293 ], [ 24.655540002735101, -29.027640000648855 ], [ 24.655479997270213, -29.027539996037316 ], [ 24.655389998515769, -29.027420001295354 ], [ 24.655270004673028, -29.027309997122018 ], [ 24.655110001791162, -29.027200001042559 ], [ 24.654949991714609, -29.027120001849855 ], [ 24.654790008617812, -29.02704999682318 ], [ 24.654509995705439, -29.026959991773449 ], [ 24.654220003016242, -29.026869996616242 ], [ 24.653849995846002, -29.026819998807124 ], [ 24.653449994486841, -29.026760000536751 ], [ 24.653210001405494, -29.026750001874213 ], [ 24.652709999931336, -29.02681000014454 ], [ 24.652570003367682, -29.026829998368857 ], [ 24.652350004014082, -29.02683999613209 ], [ 24.652109997442903, -29.026879996178003 ], [ 24.65189999675183, -29.026920004317809 ], [ 24.651709997882385, -29.026990000351304 ], [ 24.651489997629508, -29.027070004040485 ], [ 24.651299997860693, -29.027120001849653 ], [ 24.65111000348783, -29.027219999266659 ], [ 24.650980001989488, -29.027309997121776 ], [ 24.650850004088358, -29.027359994930865 ], [ 24.650649997563139, -29.027489997328491 ], [ 24.650479996918019, -29.027570000118402 ], [ 24.650209997956566, -29.027610000164419 ], [ 24.649749999226387, -29.027699998019504 ], [ 24.649380004646698, -29.027719996243796 ], [ 24.64922999682997, -29.027759996289735 ], [ 24.649009996577092, -29.027740001662707 ], [ 24.648820001304859, -29.027740001662707 ], [ 24.648619995679013, -29.027690003853511 ], [ 24.648439994572815, -29.027659998872771 ], [ 24.648319999830793, -29.02761999882684 ], [ 24.648159997848211, -29.027539996036907 ], [ 24.647939997595245, -29.027439998619887 ], [ 24.647780003706632, -29.027369995391869 ], [ 24.647549996697258, -29.027309997121584 ], [ 24.647409999234327, -29.027219999266464 ], [ 24.647210001702359, -29.027099995531227 ], [ 24.646889996837828, -29.026909996661761 ], [ 24.646399997623494, -29.026660004018712 ], [ 24.646169999607373, -29.026559999407258 ], [ 24.645829996518597, -29.026450003327717 ], [ 24.6456100043596, -29.026339999154363 ], [ 24.645400003668531, -29.026260003559042 ], [ 24.645179999818261, -29.026199998993462 ], [ 24.645009998273874, -29.026169997610033 ], [ 24.644830001664257, -29.026150000284986 ], [ 24.644629996038319, -29.026119995304239 ], [ 24.644399996223637, -29.026100001576491 ], [ 24.644220000513208, -29.026090002913957 ], [ 24.644060003027295, -29.026059997933224 ], [ 24.643850000537569, -29.026050002867994 ], [ 24.643660001668128, -29.026009999224662 ], [ 24.643490001023014, -29.026069996595716 ], [ 24.64300000180868, -29.02611999530415 ], [ 24.642839999826091, -29.026140000723068 ], [ 24.642690003700629, -29.026190000330804 ], [ 24.642479998512975, -29.026220004412227 ], [ 24.64231000146507, -29.026239998139967 ], [ 24.642070003887142, -29.026299996410213 ], [ 24.641560007347842, -29.026389997862598 ], [ 24.641299995357727, -29.026500002036009 ], [ 24.641079996903404, -29.026699995970478 ], [ 24.640989997249669, -29.02680000867597 ], [ 24.640819996604556, -29.026959991772685 ], [ 24.640729998749386, -29.027070004039881 ], [ 24.64065000225467, -29.027150002333201 ], [ 24.640580006221132, -29.027209999704169 ], [ 24.640459995291341, -29.027280004730926 ], [ 24.640380005091949, -29.027309997121186 ], [ 24.640270000918481, -29.027309997121179 ], [ 24.640009997022336, -29.02747000000295 ], [ 24.63992999782969, -29.027550002792871 ], [ 24.639779998106835, -29.027619998826349 ], [ 24.639619995224962, -29.027749996727408 ], [ 24.639439999514622, -29.027950003252428 ], [ 24.639370002581718, -29.027950003252421 ], [ 24.639320004772596, -29.028010000623404 ], [ 24.639289999791767, -29.028059999331855 ], [ 24.639230002420845, -29.028140003021125 ], [ 24.639190002374789, -29.028260001360302 ], [ 24.63912999780926, -29.028379996102277 ], [ 24.639070007632849, -29.028430002904688 ], [ 24.639020000830389, -29.028520005256404 ], [ 24.638920004312695, -29.028630001335838 ], [ 24.638840000623464, -29.028709999629168 ], [ 24.638779996057853, -29.028739996516002 ], [ 24.63870000495918, -29.028819995708584 ], [ 24.638629999932384, -29.028970003525256 ], [ 24.638520003852879, -29.029280001633143 ], [ 24.638449999725452, -29.029500001885911 ], [ 24.638449999725445, -29.029820011246869 ], [ 24.638459998387962, -29.030019997087575 ], [ 24.638459998387958, -29.030279995587708 ], [ 24.638520003852847, -29.030419996647886 ], [ 24.638669999978305, -29.030639996900664 ], [ 24.638760001430764, -29.030769999298418 ], [ 24.638859998847732, -29.031029997798569 ], [ 24.638889999331891, -29.031140001971899 ], [ 24.638889999331887, -29.031230005222959 ], [ 24.638990000346151, -29.03146999830421 ], [ 24.639140004565576, -29.031730002200234 ], [ 24.639280000229856, -29.032009998924714 ], [ 24.639510000044627, -29.032259999661722 ], [ 24.639600009590971, -29.032399999822523 ], [ 24.639799995431748, -29.032709998829787 ], [ 24.639929997829544, -29.032949996407716 ], [ 24.640109998935731, -29.033230002125361 ], [ 24.640239995937577, -29.033360002724454 ], [ 24.640480001609387, -29.033559997558307 ], [ 24.640610004007183, -29.033649996312821 ], [ 24.640690002300456, -29.033719999540832 ], [ 24.640780004652285, -29.033930001131178 ], [ 24.641039996857238, -29.034449996332771 ], [ 24.641090002760318, -29.034589997392938 ], [ 24.641230003820542, -29.034910002257337 ], [ 24.641299995357496, -29.035119994854409 ], [ 24.641360001721665, -29.035379998750432 ], [ 24.641510000545139, -29.03559999900331 ], [ 24.641900002342474, -29.036619999276105 ], [ 24.641950001050951, -29.036869999113733 ], [ 24.642009998421958, -29.037149996737497 ], [ 24.642009998421948, -29.037410000633606 ], [ 24.642050005662501, -29.03781998806463 ], [ 24.642050005662494, -29.038119999201193 ], [ 24.642089989520667, -29.039099995830728 ], [ 24.64202000607758, -29.039549998596183 ], [ 24.642009998421887, -29.039820004752016 ], [ 24.642009998421877, -29.040140001522424 ], [ 24.641999998860062, -29.040490004172938 ], [ 24.641950001050851, -29.040630000736531 ], [ 24.64189000367983, -29.040969994831968 ], [ 24.641869997361521, -29.041150004032051 ], [ 24.641779999506443, -29.041279996537163 ], [ 24.641670003426938, -29.041519998611644 ], [ 24.641320001675528, -29.041870001262122 ], [ 24.641189999277813, -29.041979997341564 ], [ 24.641060001376594, -29.042060000131457 ], [ 24.640939999440054, -29.042149989892703 ], [ 24.640799998379816, -29.042230001675751 ], [ 24.640650002254262, -29.042329999092679 ], [ 24.640419997043626, -29.042410001882576 ], [ 24.640260001356268, -29.042440003266066 ], [ 24.640040002002667, -29.042440003266059 ], [ 24.639839995477448, -29.042429995610267 ], [ 24.639639993448899, -29.042410001882519 ], [ 24.639399995870974, -29.042400003220074 ], [ 24.639169996955477, -29.04239000365817 ], [ 24.638930003874218, -29.042329999092569 ], [ 24.638739987917646, -29.042260002159779 ], [ 24.637810005284596, -29.042010000523458 ], [ 24.637609999658661, -29.041969997779475 ], [ 24.637380000743256, -29.041919999071077 ], [ 24.637160000490375, -29.04183999987838 ], [ 24.636989999845266, -29.041799996235127 ], [ 24.636580008816825, -29.041699991623574 ], [ 24.636419997840989, -29.041679997895841 ], [ 24.636189998925587, -29.04161000096304 ], [ 24.636029996043632, -29.041560003153837 ], [ 24.635720006029466, -29.041489998127158 ], [ 24.634389995956951, -29.041289999695842 ], [ 24.633930001723353, -29.041210001402586 ], [ 24.633709997873176, -29.041169993262752 ], [ 24.633439999810999, -29.041099997229139 ], [ 24.633160001287738, -29.041079999004801 ], [ 24.632900002787544, -29.04100999487741 ], [ 24.631239995483195, -29.04071000352582 ], [ 24.630849994585205, -29.040569995271028 ], [ 24.630720004777956, -29.040540001981476 ], [ 24.630569997860597, -29.040490004172295 ], [ 24.630349997607713, -29.040429997808129 ], [ 24.629930003420078, -29.040360001774602 ], [ 24.629609994958322, -29.040289997647111 ], [ 24.629249997242415, -29.040220005210976 ], [ 24.628939995536982, -29.040169994811325 ], [ 24.628759999826734, -29.040140001521678 ], [ 24.62858999828234, -29.040069998293649 ], [ 24.628489996368693, -29.040050003666543 ], [ 24.62843999855949, -29.040029998247697 ], [ 24.628160000935598, -29.039889997187434 ], [ 24.628080001742955, -29.039769997948881 ], [ 24.627869996555223, -29.039489996727717 ], [ 24.627699995910199, -29.039329993845943 ], [ 24.627439995611269, -29.039169991863403 ], [ 24.627109999278808, -29.0389000018953 ], [ 24.626949997296222, -29.038749997676032 ], [ 24.626639995590878, -29.038529998322424 ], [ 24.626440001656213, -29.038399995924777 ], [ 24.626099998567426, -29.03821999571792 ], [ 24.625880006408341, -29.038129997862793 ], [ 24.625509998338728, -29.037999996364409 ], [ 24.625259998500976, -29.037920000768981 ], [ 24.625100003712987, -29.037920000768981 ], [ 24.624430006090385, -29.03767000003204 ], [ 24.624249997789583, -29.037650001807702 ], [ 24.624059998020769, -29.037639995051293 ], [ 24.623740000350825, -29.03759999590461 ], [ 24.62352000099731, -29.037589997242165 ], [ 24.62308000049137, -29.037480001162606 ], [ 24.622869995303716, -29.037459999340978 ], [ 24.622490002061408, -29.037410000632498 ], [ 24.622280000471054, -29.037390003307433 ], [ 24.621830001302673, -29.037390003307411 ], [ 24.621470000888831, -29.037400001969914 ], [ 24.620750003658365, -29.03743000155464 ], [ 24.620620001260558, -29.037449999779053 ], [ 24.619989998288052, -29.037449999779014 ], [ 24.619650003293057, -29.0374599993408 ], [ 24.619429995845568, -29.037469994405985 ], [ 24.619130000896622, -29.037489999824903 ], [ 24.618829997853709, -29.037520003906323 ], [ 24.618490002858795, -29.037520003906309 ], [ 24.618259995849417, -29.03757999767998 ], [ 24.617189996867623, -29.0378099965952 ], [ 24.616950002886988, -29.037870002060142 ], [ 24.616709996315798, -29.037920000768498 ], [ 24.616460000974623, -29.038010003120284 ], [ 24.616219998900103, -29.038119999199711 ], [ 24.615970002659644, -29.038219995717338 ], [ 24.615660004551582, -29.038399995924156 ], [ 24.615320000563337, -29.038420002242329 ], [ 24.615080003884767, -29.038540000581676 ], [ 24.613720000522576, -29.039009997074707 ], [ 24.613299998241047, -29.039189998180788 ], [ 24.613010001954621, -29.039300002354093 ], [ 24.612790001701732, -29.039390000209202 ], [ 24.6125399973673, -29.039480001661623 ], [ 24.612329996676223, -29.039549998594477 ], [ 24.612139996907491, -29.03966001086167 ], [ 24.611839997461868, -29.039780001107044 ], [ 24.611500002466958, -29.039910002605389 ], [ 24.610539999564654, -29.04028000258079 ], [ 24.610329994376997, -29.040440004563379 ], [ 24.609799996915243, -29.040649998059703 ], [ 24.609399996455341, -29.040850000088135 ], [ 24.608989997333005, -29.041089997665935 ], [ 24.608570011239234, -29.04125000054778 ], [ 24.608140002201392, -29.04134999796468 ], [ 24.607460005016872, -29.041579995980658 ], [ 24.607200002019994, -29.04169999162189 ], [ 24.606919995402851, -29.04179999623339 ], [ 24.606729992936099, -29.041870001260133 ], [ 24.606490002552761, -29.041939997293635 ], [ 24.606299995589431, -29.042020000982809 ], [ 24.606051988649341, -29.042078000060233 ], [ 24.606000004237693, -29.042090000613587 ], [ 24.605740000341456, -29.042159996647065 ], [ 24.605510001426044, -29.042220003011192 ], [ 24.605359999005259, -29.042249995401448 ], [ 24.603769996727653, -29.042419996945753 ], [ 24.603300003831606, -29.042450001027078 ], [ 24.602969995807953, -29.042390003656077 ], [ 24.602780000535805, -29.04239000365607 ], [ 24.602479997492974, -29.042379996899648 ], [ 24.602269996801891, -29.04236999823712 ], [ 24.601990000077276, -29.042359998675305 ], [ 24.601809998970982, -29.042359998675288 ], [ 24.601459997219663, -29.042379996899591 ], [ 24.600200011059606, -29.042230001673406 ], [ 24.599620002298817, -29.042230001673367 ], [ 24.599400002945213, -29.042209995355162 ], [ 24.599109998564906, -29.04217000430236 ], [ 24.598799999557482, -29.042069998791533 ], [ 24.598290003917455, -29.042040001904656 ], [ 24.597699995594951, -29.041910004902832 ], [ 24.597249997325846, -29.041839999876046 ], [ 24.596419995921984, -29.041799996232772 ], [ 24.596070002264547, -29.041790001167616 ], [ 24.595760005055769, -29.041770003842473 ], [ 24.595250000422489, -29.041749997524249 ], [ 24.594810000815912, -29.041699991621158 ], [ 24.59443000127845, -29.041690000153203 ], [ 24.593780000980786, -29.04174999752416 ], [ 24.593500003356795, -29.041860001697451 ], [ 24.593435004855955, -29.041898998999383 ], [ 24.593300001328238, -29.041979997338785 ], [ 24.592949999576909, -29.042189993533146 ], [ 24.592760000707457, -29.042339996853119 ], [ 24.592450002599392, -29.042559997105887 ], [ 24.592236997273279, -29.042655997036359 ], [ 24.592175007004705, -29.041810994041839 ], [ 24.59212899768881, -29.040324996561043 ], [ 24.593181003035159, -29.039461001683577 ], [ 24.594473993415079, -29.038398001226671 ], [ 24.59442800028701, -29.037831997608468 ], [ 24.594369000264177, -29.037097996135429 ], [ 24.594949997379789, -29.037074998672072 ], [ 24.5949499973798, -29.036878003976497 ], [ 24.595155005034844, -29.036883996159347 ], [ 24.596052999682048, -29.036911995651995 ], [ 24.595959001642456, -29.035726997662731 ], [ 24.595774996754571, -29.03321499963242 ], [ 24.595216996202915, -29.033268996726651 ], [ 24.592283997642411, -29.033202999078778 ], [ 24.585045611695776, -29.033362427293412 ], [ 24.584192778303791, -29.032587123556141 ], [ 24.580818599326925, -29.029500109801177 ], [ 24.577695690929815, -29.026664363928006 ], [ 24.575972705901219, -29.025049065520587 ], [ 24.575260001273179, -29.024547946189372 ], [ 24.575316997607235, -29.001212998739391 ], [ 24.575365001620071, -28.981703001051084 ], [ 24.575282996939727, -28.963713997961026 ], [ 24.598579997508434, -28.954998001616239 ], [ 24.61421799561175, -28.94966399935478 ], [ 24.618354999333658, -28.948309997169524 ], [ 24.618522000739663, -28.949238999541123 ], [ 24.619603003826018, -28.948990001548371 ], [ 24.619355004080557, -28.948070997839316 ], [ 24.650153998074412, -28.94069400208927 ], [ 24.663213999598632, -28.937578003185671 ], [ 24.663057772970141, -28.933571340908038 ], [ 24.663057772970227, -28.930343312557277 ], [ 24.663306082981883, -28.928356834263866 ], [ 24.664961481260747, -28.926039275055938 ], [ 24.667038039248638, -28.922489030408027 ], [ 24.667042999009688, -28.922404000407901 ], [ 24.667048001938252, -28.92224099738776 ], [ 24.667370002398449, -28.916756997201261 ], [ 24.668213992757195, -28.902144999655647 ], [ 24.640852001681793, -28.869168002363335 ], [ 24.63284400290798, -28.859400000670899 ], [ 24.628613998494931, -28.8543000011054 ], [ 24.623618999272846, -28.845644003029154 ], [ 24.618519000604589, -28.836803991071886 ], [ 24.615716999991424, -28.831945999068992 ], [ 24.611307003465285, -28.824298996261739 ], [ 24.607395002925145, -28.817514000830283 ], [ 24.606540000368355, -28.816029990851156 ], [ 24.608887998031687, -28.810938003346109 ], [ 24.609749997313997, -28.809064996112593 ], [ 24.615738998308981, -28.796068996647161 ], [ 24.625314000099316, -28.775138042247558 ], [ 24.62531410172274, -28.77513780302797 ], [ 24.632665920058574, -28.757837969307946 ], [ 24.633944106698205, -28.758457282938441 ], [ 24.640731999748262, -28.761817999062988 ], [ 24.641140002375618, -28.761666996596215 ], [ 24.640753998964225, -28.759111998381588 ], [ 24.640208996314296, -28.755509996850456 ], [ 24.640084996891261, -28.754703996553708 ], [ 24.63995399894398, -28.753844998309535 ], [ 24.639646001827526, -28.752321001774302 ], [ 24.639569997423397, -28.751940998639654 ], [ 24.639107997701739, -28.749512002638223 ], [ 24.638153995975621, -28.744537000743343 ], [ 24.638060995284178, -28.744048996225576 ], [ 24.63784699710661, -28.74301100321658 ], [ 24.637600009997804, -28.741812000984389 ], [ 24.637520000013183, -28.741428996812107 ], [ 24.637210997454687, -28.739928995987722 ], [ 24.635601997898497, -28.732108999591844 ], [ 24.640561000856611, -28.730208999207367 ], [ 24.645614998303124, -28.728271998016034 ], [ 24.647675002469963, -28.72748199575938 ], [ 24.6533790029115, -28.743880998371615 ], [ 24.653400004779307, -28.743942001184649 ], [ 24.653472003602953, -28.744158003051709 ] ] ] } },
{ "type": "Feature", "properties": { "Municipali": "Sol Plaatje Local Municipality", "WardNo": "27", "WardLabel": "NC091_27", "Province": "Northern Cape", "CLASSIFICATION": "Service centre", "PopGBlack": 2650.2406322000002, "PopGColour": 7327.7443622000001, "PopGIndian": 46.77392211, "PopGWhite": 100.82077645, "PopGOther": 25.76159432, "PopGTotal": 10151.341287 }, "geometry": { "type": "Polygon", "coordinates": [ [ [ 24.286020002380571, -28.541420002165836 ], [ 24.292780000261036, -28.544189999504013 ], [ 24.307079998717359, -28.550030000820318 ], [ 24.333480006589696, -28.560820004678256 ], [ 24.33517999775232, -28.56720000121804 ], [ 24.335270001902725, -28.567560002531078 ], [ 24.338759996472167, -28.580649999137471 ], [ 24.355089996812442, -28.587630005361248 ], [ 24.375450003134837, -28.602439998549666 ], [ 24.385849997105936, -28.609999998244813 ], [ 24.408940004318367, -28.626800004961577 ], [ 24.44600999612809, -28.635719999926319 ], [ 24.475810002510599, -28.651889999174657 ], [ 24.521699993666463, -28.674599995147499 ], [ 24.548530000679218, -28.713499997582531 ], [ 24.548669994544944, -28.713699998711711 ], [ 24.556619400689211, -28.720858025733584 ], [ 24.587007974677714, -28.75717140979112 ], [ 24.590866785715079, -28.752999451222244 ], [ 24.62531410172274, -28.77513780302797 ], [ 24.625314000099316, -28.775138042247558 ], [ 24.615738998308981, -28.796068996647161 ], [ 24.609749997313997, -28.809064996112593 ], [ 24.608887998031687, -28.810938003346109 ], [ 24.606540000368355, -28.816029990851156 ], [ 24.607395002925145, -28.817514000830283 ], [ 24.611307003465285, -28.824298996261739 ], [ 24.615716999991424, -28.831945999068992 ], [ 24.618519000604589, -28.836803991071886 ], [ 24.623618999272846, -28.845644003029154 ], [ 24.628613998494931, -28.8543000011054 ], [ 24.63284400290798, -28.859400000670899 ], [ 24.640852001681793, -28.869168002363335 ], [ 24.668213992757195, -28.902144999655647 ], [ 24.667370002398449, -28.916756997201261 ], [ 24.667048001938252, -28.92224099738776 ], [ 24.667042999009688, -28.922404000407901 ], [ 24.667038039248638, -28.922489030408027 ], [ 24.664961481260747, -28.926039275055938 ], [ 24.663306082981883, -28.928356834263866 ], [ 24.663057772970227, -28.930343312557277 ], [ 24.663057772970141, -28.933571340908038 ], [ 24.663213999598632, -28.937578003185671 ], [ 24.650153998074412, -28.94069400208927 ], [ 24.619355004080557, -28.948070997839316 ], [ 24.619603003826018, -28.948990001548371 ], [ 24.618522000739663, -28.949238999541123 ], [ 24.618354999333658, -28.948309997169524 ], [ 24.61421799561175, -28.94966399935478 ], [ 24.598579997508434, -28.954998001616239 ], [ 24.575282996939727, -28.963713997961026 ], [ 24.575365001620071, -28.981703001051084 ], [ 24.575316997607235, -29.001212998739391 ], [ 24.575260001273179, -29.024547946189372 ], [ 24.575972705901219, -29.025049065520587 ], [ 24.577695690929815, -29.026664363928006 ], [ 24.580818599326925, -29.029500109801177 ], [ 24.584192778303791, -29.032587123556141 ], [ 24.585045611695776, -29.033362427293412 ], [ 24.592283997642411, -29.033202999078778 ], [ 24.595216996202915, -29.033268996726651 ], [ 24.595774996754571, -29.03321499963242 ], [ 24.595959001642456, -29.035726997662731 ], [ 24.596052999682048, -29.036911995651995 ], [ 24.595155005034844, -29.036883996159347 ], [ 24.5949499973798, -29.036878003976497 ], [ 24.594949997379789, -29.037074998672072 ], [ 24.594369000264177, -29.037097996135429 ], [ 24.59442800028701, -29.037831997608468 ], [ 24.594473993415079, -29.038398001226671 ], [ 24.593181003035159, -29.039461001683577 ], [ 24.59212899768881, -29.040324996561043 ], [ 24.592175007004705, -29.041810994041839 ], [ 24.592236997273279, -29.042655997036359 ], [ 24.591700000388073, -29.042900000194546 ], [ 24.591319997253304, -29.043139997772339 ], [ 24.591169999329189, -29.043229995627442 ], [ 24.591040000528597, -29.043290001092306 ], [ 24.590820000275706, -29.043370004781568 ], [ 24.590569996840639, -29.043439997217661 ], [ 24.590410002052643, -29.043439997217661 ], [ 24.589189998851396, -29.04368000288936 ], [ 24.588670003649462, -29.043920001366434 ], [ 24.588349998784988, -29.044110003833062 ], [ 24.588079996226309, -29.044310002264282 ], [ 24.587799999501684, -29.044499996637029 ], [ 24.587359998995812, -29.044679989649222 ], [ 24.587010005338371, -29.044849999287401 ], [ 24.586520007023296, -29.044949995805002 ], [ 24.585800001698924, -29.045130004105772 ], [ 24.585500006749974, -29.045079998202681 ], [ 24.585339995774127, -29.045059999978356 ], [ 24.585150000501976, -29.045059999978349 ], [ 24.585040004422474, -29.04507999820266 ], [ 24.584579999397047, -29.045130004105708 ], [ 24.584399998290753, -29.045190000577289 ], [ 24.58425000396393, -29.045230000623235 ], [ 24.583900001313236, -29.045280000231042 ], [ 24.583690000622155, -29.045320003874277 ], [ 24.583320000646413, -29.045360003020914 ], [ 24.582880001039918, -29.045370001683409 ], [ 24.582629996705482, -29.045339996702587 ], [ 24.58248999924254, -29.045320003874206 ], [ 24.582359997744106, -29.04528000023096 ], [ 24.582160003809342, -29.045190000577165 ], [ 24.581969996846016, -29.045100003621393 ], [ 24.581579995948015, -29.044859997949587 ], [ 24.581469999868514, -29.044819997903641 ], [ 24.581370002451539, -29.044770000094552 ], [ 24.581240000953102, -29.044710001824185 ], [ 24.581130004873604, -29.044650005352558 ], [ 24.581050008378885, -29.044620000371747 ], [ 24.580880003237187, -29.044580001225071 ], [ 24.580570001531743, -29.044580001225047 ], [ 24.58046999692025, -29.044620000371722 ], [ 24.580109995607028, -29.044740003207625 ], [ 24.579810004255368, -29.044849999286971 ], [ 24.579590000405084, -29.044979999886031 ], [ 24.579370001051476, -29.045059999977994 ], [ 24.578989998815992, -29.045069998640493 ], [ 24.578640004259181, -29.04501000936337 ], [ 24.578440002230632, -29.04496000256092 ], [ 24.578180002831058, -29.044880003368313 ], [ 24.577979997205201, -29.044790001915874 ], [ 24.577640002210199, -29.044650005352334 ], [ 24.577309998683212, -29.044530001617115 ], [ 24.577039999721748, -29.044440000164663 ], [ 24.576410000346439, -29.044120003394212 ], [ 24.576320002491268, -29.044080003348277 ], [ 24.576140002284344, -29.044009999220773 ], [ 24.57601000078591, -29.043939994194108 ], [ 24.575699994583882, -29.043799997630508 ], [ 24.575549994861117, -29.043730000697632 ], [ 24.575409998297548, -29.043640002842483 ], [ 24.575359999588969, -29.043510002243497 ], [ 24.575319995945716, -29.043359998024123 ], [ 24.575250003509478, -29.043190003674418 ], [ 24.575189998044586, -29.043039996757116 ], [ 24.575133008006446, -29.042968997979511 ], [ 24.575110002449243, -29.042940000239479 ], [ 24.575089998828872, -29.042880002868486 ], [ 24.574999998275864, -29.042759999133278 ], [ 24.57481999896822, -29.042640008887957 ], [ 24.574680009599067, -29.042630002131556 ], [ 24.57443999673265, -29.042630002131542 ], [ 24.574290000607181, -29.042649994959906 ], [ 24.574039995373465, -29.042660001716282 ], [ 24.573890001046557, -29.042660001716268 ], [ 24.5735200046682, -29.04264000888789 ], [ 24.573170011010756, -29.042649994959827 ], [ 24.572990002709862, -29.042660001716229 ], [ 24.572739998375511, -29.042670001278008 ], [ 24.57252999768443, -29.042649994959788 ], [ 24.572280005041264, -29.042620002569524 ], [ 24.572140003981019, -29.042630002131396 ], [ 24.571720001699394, -29.042630002131364 ], [ 24.571580000639152, -29.042670001277937 ], [ 24.571249998011435, -29.042710001323947 ], [ 24.571090002324159, -29.042719999986463 ], [ 24.570910003016518, -29.042750004967171 ], [ 24.570690002763627, -29.042809997841552 ], [ 24.570489996238393, -29.042880001968928 ], [ 24.570370000597084, -29.04290999885577 ], [ 24.570020003342247, -29.042989998048352 ], [ 24.56944000267541, -29.043110000884159 ], [ 24.569149998295099, -29.043159999592604 ], [ 24.568859994814066, -29.043240003281774 ], [ 24.567969996039167, -29.043370004780169 ], [ 24.567720002496632, -29.043399998069685 ], [ 24.567529995533299, -29.043460002635261 ], [ 24.567379999407827, -29.043470002197051 ], [ 24.567140002729165, -29.043470002197044 ], [ 24.566980000746572, -29.043489995025404 ], [ 24.566809998302801, -29.043529998668628 ], [ 24.566639997657763, -29.043579998276467 ], [ 24.566449997888945, -29.043590005032851 ], [ 24.566040002363817, -29.043569998714528 ], [ 24.565820006607503, -29.043560000052 ], [ 24.565680001949957, -29.04357999827641 ], [ 24.565590003195418, -29.04360999876053 ], [ 24.565470000359504, -29.043669996131513 ], [ 24.565330008292506, -29.043770000743013 ], [ 24.565200003196768, -29.043829998114013 ], [ 24.564819995565333, -29.043939994193423 ], [ 24.56450999026266, -29.044049998366738 ], [ 24.564199995751807, -29.044130002055894 ], [ 24.563969997735672, -29.044179999865065 ], [ 24.563830000272642, -29.044179999865058 ], [ 24.563359995685396, -29.044249995898522 ], [ 24.56311999720808, -29.044320000925264 ], [ 24.562770000852701, -29.044409998780374 ], [ 24.562470005903744, -29.044480003807028 ], [ 24.562239998894352, -29.044549999840509 ], [ 24.56196999993297, -29.044620000370571 ], [ 24.561679995552566, -29.044650005351361 ], [ 24.561430002909397, -29.044679989647626 ], [ 24.561269996430134, -29.044679989647634 ], [ 24.560329999846111, -29.044710001822903 ], [ 24.559580001232082, -29.044809999239778 ], [ 24.559459998396175, -29.044830001061378 ], [ 24.559210001256425, -29.044830001061367 ], [ 24.558999992471456, -29.04483999972388 ], [ 24.558820000358413, -29.044819997902248 ], [ 24.558569999621273, -29.044790001914667 ], [ 24.558420000797874, -29.044779994258974 ], [ 24.558039997663016, -29.044729995550501 ], [ 24.557890002436743, -29.044740003206257 ], [ 24.557619999878057, -29.044740003206236 ], [ 24.557320000432426, -29.044770000093056 ], [ 24.556569998221281, -29.044770000093013 ], [ 24.556420002994997, -29.044809999239579 ], [ 24.556209997807336, -29.044819997902081 ], [ 24.5560199944413, -29.044819997902067 ], [ 24.555859999653308, -29.044830001061161 ], [ 24.555710000829816, -29.04483000106115 ], [ 24.555390004059223, -29.044760000531049 ], [ 24.555180002468774, -29.044719996887789 ], [ 24.554250000949885, -29.044719996887732 ], [ 24.554129996315321, -29.044760000530967 ], [ 24.553990000651027, -29.044779994258693 ], [ 24.553829998668427, -29.044799999677604 ], [ 24.55345000362745, -29.044920002513436 ], [ 24.552880001623134, -29.045110003181389 ], [ 24.552050000219236, -29.04532000387232 ], [ 24.55177999855983, -29.04542000128923 ], [ 24.551569997868739, -29.045500012173068 ], [ 24.551410002181377, -29.045600000596743 ], [ 24.551240001536247, -29.045709996676177 ], [ 24.551020001283355, -29.045829999512009 ], [ 24.550700004512674, -29.045879998220542 ], [ 24.550480000662475, -29.045919998266477 ], [ 24.550229999925424, -29.045929996928901 ], [ 24.54997999559107, -29.046019994783979 ], [ 24.549309996169772, -29.046160003038825 ], [ 24.548970001174755, -29.0462399950368 ], [ 24.548750001821144, -29.046279998680017 ], [ 24.548570001614213, -29.046309999164151 ], [ 24.548209996703683, -29.046319997826654 ], [ 24.547910001754722, -29.046329997388426 ], [ 24.547030001642344, -29.04632999738838 ], [ 24.546739997261938, -29.046349999210058 ], [ 24.546469998300555, -29.046340004144731 ], [ 24.545939996342206, -29.046309999163988 ], [ 24.545390000656106, -29.046220001308818 ], [ 24.544839997775579, -29.046220001308793 ], [ 24.544740000358512, -29.046210001746985 ], [ 24.544460002734606, -29.046149989087503 ], [ 24.544150001029237, -29.046110005229309 ], [ 24.543920001214449, -29.046089998911082 ], [ 24.543589997687359, -29.04608999891105 ], [ 24.543080002047308, -29.046180002162011 ], [ 24.541760002328413, -29.046269999117772 ], [ 24.54155999670246, -29.046269999117754 ], [ 24.540979999633006, -29.046260001354486 ], [ 24.540690003346484, -29.046250001792668 ], [ 24.540520001802079, -29.046250001792657 ], [ 24.540150001826326, -29.0461999949903 ], [ 24.539940000235958, -29.046180002161812 ], [ 24.539779998253273, -29.046099997573261 ], [ 24.539599998945715, -29.046059997527301 ], [ 24.539450002820153, -29.045969996974236 ], [ 24.53932999998425, -29.045829999511263 ], [ 24.539199998485902, -29.04563999974263 ], [ 24.539169998001658, -29.045519997806068 ], [ 24.539109999731366, -29.045330001634639 ], [ 24.539069996987386, -29.045190000574461 ], [ 24.539010002314399, -29.044990000344676 ], [ 24.538960000907888, -29.044849999284406 ], [ 24.538859995397033, -29.044610000807317 ], [ 24.538799998026025, -29.044419998340651 ], [ 24.538730005589791, -29.044239998133818 ], [ 24.538520000402041, -29.043860003093048 ], [ 24.538480000356085, -29.043720002932144 ], [ 24.538349998857647, -29.043550001387828 ], [ 24.538229996921022, -29.043339999797475 ], [ 24.538110005776296, -29.043209998299112 ], [ 24.537860000542576, -29.042970004318583 ], [ 24.537680000335651, -29.042850002382011 ], [ 24.53746000098204, -29.042729998646859 ], [ 24.537180003358134, -29.04255999710244 ], [ 24.536949988254868, -29.042429995604063 ], [ 24.53666999872484, -29.042289999040456 ], [ 24.536400000662741, -29.042209995351254 ], [ 24.536180000409754, -29.042170004298463 ], [ 24.535940002831808, -29.042170004298448 ], [ 24.535799998174262, -29.04218999352959 ], [ 24.535599999742995, -29.042199996688694 ], [ 24.535389999051908, -29.042209995351193 ], [ 24.535249998890944, -29.042209995351193 ], [ 24.535049995963007, -29.042280000377833 ], [ 24.534610004450375, -29.042469994750572 ], [ 24.534090000255254, -29.042840002819972 ], [ 24.533569997858699, -29.043060003072704 ], [ 24.53325000018873, -29.043130007200062 ], [ 24.532980003025994, -29.04317999691537 ], [ 24.532719998230462, -29.043259997007208 ], [ 24.532559996247858, -29.043349999358909 ], [ 24.532400001459859, -29.043420002587013 ], [ 24.532260005795472, -29.04352999866644 ], [ 24.532090003351691, -29.043659989372983 ], [ 24.531920002706567, -29.043730000694865 ], [ 24.531659998810401, -29.043780000302689 ], [ 24.531459996781841, -29.043810004384117 ], [ 24.531340002039805, -29.043849996336167 ], [ 24.530930002917358, -29.044059997027109 ], [ 24.530760001372951, -29.044149991284936 ], [ 24.530499993879396, -29.044310002260669 ], [ 24.53027000215857, -29.044430005096487 ], [ 24.530100001513439, -29.044549999838463 ], [ 24.529830003451327, -29.044740003204456 ], [ 24.529639995588614, -29.044880003365247 ], [ 24.529359997964701, -29.045019999928808 ], [ 24.529040001194101, -29.045130004102216 ], [ 24.528590002924968, -29.045339996699184 ], [ 24.526889996473869, -29.046220001307635 ], [ 24.526540002816322, -29.046380004189412 ], [ 24.526269995761048, -29.046509996694589 ], [ 24.526129992002776, -29.04660000354286 ], [ 24.525680000928332, -29.046849999783259 ], [ 24.525480010590858, -29.0469799976843 ], [ 24.525230001759912, -29.047119998744456 ], [ 24.524979997425465, -29.047230002917868 ], [ 24.52469000023974, -29.047349996760438 ], [ 24.524369995375171, -29.047389996806352 ], [ 24.524020001717712, -29.047500009073634 ], [ 24.523059999714629, -29.047940000585942 ], [ 24.522819997640095, -29.048099995373846 ], [ 24.522719996625725, -29.04818999772554 ], [ 24.522560001837721, -29.048269996918123 ], [ 24.522390000293317, -29.048340001045588 ], [ 24.522189998264746, -29.048439997563143 ], [ 24.521959999349317, -29.048579998623381 ], [ 24.521739999995699, -29.048679996040281 ], [ 24.521529998405235, -29.048759998830182 ], [ 24.521309998152336, -29.048820005194397 ], [ 24.520890000367363, -29.048879998068688 ], [ 24.520559996840355, -29.04896000085856 ], [ 24.51933999723634, -29.049450000072582 ], [ 24.519149994769577, -29.049519996106071 ], [ 24.518970002656527, -29.0495700029084 ], [ 24.518710002357576, -29.049609993961173 ], [ 24.518509996731709, -29.04966000526008 ], [ 24.518279998715652, -29.049689997650329 ], [ 24.518109996271875, -29.049699996312835 ], [ 24.517839997310393, -29.04969999631281 ], [ 24.517619998856151, -29.04971000306919 ], [ 24.51718999791207, -29.049720001731696 ], [ 24.515520000938384, -29.050009993521286 ], [ 24.515290005620166, -29.050069999885402 ], [ 24.515059998610774, -29.050119997694573 ], [ 24.514829999695348, -29.050160002237167 ], [ 24.514590001218028, -29.050229999169932 ], [ 24.514380000526931, -29.050309998362525 ], [ 24.514039997438029, -29.050330002882141 ], [ 24.513679997024159, -29.050370002928062 ], [ 24.511710000604836, -29.050699999260249 ], [ 24.511539999959705, -29.050739997507513 ], [ 24.511279999660839, -29.050830000758566 ], [ 24.51064000162296, -29.05087000080448 ], [ 24.510390000885902, -29.050889998129502 ], [ 24.509580001303533, -29.050939996837918 ], [ 24.507810003315566, -29.050939996837798 ], [ 24.507540004354084, -29.05099000274085 ], [ 24.507320000503793, -29.050950003594163 ], [ 24.507050002441684, -29.050889998129282 ], [ 24.506499998661781, -29.050889998129243 ], [ 24.506289997970686, -29.050860002141675 ], [ 24.506019999009208, -29.050749997968325 ], [ 24.505749996450433, -29.050650000551297 ], [ 24.505540003853312, -29.050500005325244 ], [ 24.505259997236056, -29.050359996171107 ], [ 24.504199997816105, -29.04979000316029 ], [ 24.503959992144186, -29.049630000278395 ], [ 24.503759997310226, -29.049480005052352 ], [ 24.503529999294088, -29.049279997627849 ], [ 24.503319998603001, -29.049069996936872 ], [ 24.503150004253111, -29.048870003002282 ], [ 24.50302000365404, -29.04870999652319 ], [ 24.502760003355093, -29.048449997123743 ], [ 24.502539999504901, -29.048219998208442 ], [ 24.502270000543433, -29.047869997356475 ], [ 24.502059999852349, -29.047530002361718 ], [ 24.501790001790251, -29.047060001371918 ], [ 24.501699999438411, -29.046849999781667 ], [ 24.501610000683961, -29.046589996784842 ], [ 24.501489998747331, -29.046349999207109 ], [ 24.501369995911425, -29.046049999761635 ], [ 24.501299998978606, -29.045749995819587 ], [ 24.501279997156981, -29.045539995128614 ], [ 24.501219999785974, -29.045299997550799 ], [ 24.501120002368999, -29.04497000211785 ], [ 24.501099996950078, -29.044679989643718 ], [ 24.501130001930822, -29.044419998338174 ], [ 24.501200001561585, -29.04422999856946 ], [ 24.501219999786013, -29.044090002005884 ], [ 24.501420002713957, -29.043860003090586 ], [ 24.501479999185609, -29.043770000738888 ], [ 24.501549988024557, -29.04366999612737 ], [ 24.501679997616886, -29.043510002238747 ], [ 24.501740002182505, -29.043429997650215 ], [ 24.501780002228475, -29.043309999310942 ], [ 24.501899997869884, -29.0431100008798 ], [ 24.501989995725069, -29.042900000188833 ], [ 24.502090000336658, -29.042719999982022 ], [ 24.502230001396917, -29.042509999291056 ], [ 24.50238999618492, -29.042339996847385 ], [ 24.502549998167531, -29.042189993527401 ], [ 24.502630001856854, -29.042110006025986 ], [ 24.502789995745491, -29.04191000489682 ], [ 24.503080001025292, -29.041349997958072 ], [ 24.503280002154593, -29.040940003332537 ], [ 24.503380003168878, -29.04077999955139 ], [ 24.503650001230916, -29.04034999501037 ], [ 24.503809996918299, -29.040039996902401 ], [ 24.503900002867358, -29.039940000384846 ], [ 24.50397999756343, -29.039859996695569 ], [ 24.504050002590141, -29.039769997941164 ], [ 24.50413000178288, -29.039699993813795 ], [ 24.504199997816428, -29.039609999555886 ], [ 24.504289996570893, -29.039489996720039 ], [ 24.504369999360843, -29.039369998380877 ], [ 24.504449994956197, -29.039239996882426 ], [ 24.504599998276277, -29.039090000757049 ], [ 24.504739994839948, -29.038969997921214 ], [ 24.505060003301832, -29.038770000389359 ], [ 24.505370001409919, -29.038519998753088 ], [ 24.505590001662824, -29.038280001175298 ], [ 24.505829999240785, -29.038039994604251 ], [ 24.50632999621843, -29.037410000625261 ], [ 24.506480000437787, -29.037279999126895 ], [ 24.506570002789633, -29.037149996729166 ], [ 24.506660000644818, -29.037040000649732 ], [ 24.50680000170507, -29.036940004132095 ], [ 24.506960003687677, -29.036829999958773 ], [ 24.507100000251345, -29.036789999912845 ], [ 24.507230002649159, -29.036749997168897 ], [ 24.507429992986545, -29.036689998898655 ], [ 24.507580003501133, -29.036630001527666 ], [ 24.507929997158687, -29.03639000035259 ], [ 24.508420004466956, -29.036110002728776 ], [ 24.508570000592439, -29.035959994912226 ], [ 24.508679995772674, -29.03584000017025 ], [ 24.508819996833012, -29.035729995996942 ], [ 24.508939991574962, -29.035639998141825 ], [ 24.509059998907553, -29.035530002062377 ], [ 24.509220004487453, -29.035419997888983 ], [ 24.509339995632196, -29.035320001371435 ], [ 24.509469998029918, -29.035220000357221 ], [ 24.509699996945351, -29.035000000104375 ], [ 24.509850000265519, -29.03486000264142 ], [ 24.51000999865083, -29.034680010528579 ], [ 24.510259999387891, -29.034430001697714 ], [ 24.510579996158501, -29.034169998701007 ], [ 24.510909999685609, -29.033909999301585 ], [ 24.51108000572669, -29.033710000870443 ], [ 24.511170003581871, -29.033599996697049 ], [ 24.511220001390996, -29.033509998841915 ], [ 24.51128999832391, -29.033429996052018 ], [ 24.511369997516478, -29.03331000131006 ], [ 24.511529999499086, -29.033090001057204 ], [ 24.511660002796269, -29.032929999074792 ], [ 24.511760007407769, -29.032800009267607 ], [ 24.511829995347433, -29.032740002903378 ], [ 24.511909999036668, -29.032650000551687 ], [ 24.511989997330041, -29.032539997277649 ], [ 24.512129998390293, -29.032420001636403 ], [ 24.51226000078811, -29.032309990268494 ], [ 24.512380000026724, -29.032219999607896 ], [ 24.512489995206955, -29.032079998547733 ], [ 24.512579997558717, -29.031909997902705 ], [ 24.51268000217031, -29.03177000133913 ], [ 24.512749998203855, -29.031670003922198 ], [ 24.512799997811722, -29.031490003715298 ], [ 24.512940002469279, -29.031140001964161 ], [ 24.513040003483574, -29.030729994748075 ], [ 24.513069995873856, -29.030629998230427 ], [ 24.513109995919827, -29.030540000375318 ], [ 24.513179999147976, -29.030300001898215 ], [ 24.513199997372315, -29.0301899977249 ], [ 24.513199997372322, -29.030009997518075 ], [ 24.513250004174694, -29.029859994197995 ], [ 24.513279996564975, -29.029720001231709 ], [ 24.513279996564982, -29.029569997911736 ], [ 24.513300002883202, -29.029379999042376 ], [ 24.513329995273484, -29.029280001625459 ], [ 24.513350001591707, -29.029070000934492 ], [ 24.513329995273494, -29.028920004809017 ], [ 24.513269993405821, -29.028630001328121 ], [ 24.513219999194003, -29.028329997386162 ], [ 24.51315999372903, -29.028089999808341 ], [ 24.513090001292884, -29.02771999623549 ], [ 24.513030004821154, -29.027529997366138 ], [ 24.512979998018785, -29.027299997551481 ], [ 24.512919999748409, -29.027020000827001 ], [ 24.512849995620993, -29.026730000943427 ], [ 24.512839996958476, -29.026440003757777 ], [ 24.512829998295967, -29.025900003137291 ], [ 24.512770000925052, -29.02545999453778 ], [ 24.512770000925073, -29.024929997076299 ], [ 24.512749998204072, -29.024749996869449 ], [ 24.512690001732341, -29.024500000629128 ], [ 24.512690001732349, -29.024299997701299 ], [ 24.512680002170548, -29.02410999883196 ], [ 24.512659996751626, -29.023790002061546 ], [ 24.512609997143876, -29.023130002202411 ], [ 24.51259000431541, -29.022979995285212 ], [ 24.512590004315417, -29.022789999113794 ], [ 24.512579997559012, -29.022619997569393 ], [ 24.512520000188005, -29.022370001329151 ], [ 24.512510000626204, -29.022249999392493 ], [ 24.512420003670318, -29.021830005205143 ], [ 24.512339999981108, -29.021170005346011 ], [ 24.512349998643639, -29.02092999877496 ], [ 24.51229999993517, -29.020250000691508 ], [ 24.512339999981148, -29.019949997648826 ], [ 24.512500001963765, -29.0195299962669 ], [ 24.512590004315523, -29.019400001963142 ], [ 24.512690001732508, -29.019230001318121 ], [ 24.512730001778479, -29.019130003901108 ], [ 24.51278999825022, -29.019010001065357 ], [ 24.512810004568436, -29.018889998229433 ], [ 24.512799997812124, -29.01876999539358 ], [ 24.512779991493826, -29.018659999314128 ], [ 24.512779991493833, -29.018409997677846 ], [ 24.512690001732537, -29.018290003835158 ], [ 24.512619997605118, -29.018210000145967 ], [ 24.512480000142176, -29.018099987878742 ], [ 24.512299999935244, -29.01796999537353 ], [ 24.512060002357298, -29.017890003375509 ], [ 24.511819996685379, -29.017859999294057 ], [ 24.511660002796745, -29.017850004228826 ], [ 24.511410001160321, -29.017839996573038 ], [ 24.511209995534454, -29.01783999657302 ], [ 24.511040001184558, -29.01785000422878 ], [ 24.510790001346777, -29.017879995719657 ], [ 24.510409986520727, -29.017879995719632 ], [ 24.510229998904258, -29.017839996572956 ], [ 24.509950001280345, -29.017800001023584 ], [ 24.509580001304585, -29.017659997265454 ], [ 24.509419998422707, -29.017540000724829 ], [ 24.509259996440107, -29.017469996597427 ], [ 24.508960001491143, -29.017339998696347 ], [ 24.508759998563214, -29.017249998143267 ], [ 24.508530000547072, -29.01716999805128 ], [ 24.508229996604943, -29.017039996552803 ], [ 24.507910000733538, -29.016909994155142 ], [ 24.507659995499903, -29.016799998975049 ], [ 24.507329999167499, -29.016710000220534 ], [ 24.506599995180487, -29.016459995886269 ], [ 24.505730002723777, -29.016120000891391 ], [ 24.505569995345319, -29.016030003036249 ], [ 24.505309996845014, -29.015929997525436 ], [ 24.504900005816545, -29.015659998564079 ], [ 24.504689997031576, -29.015540003822192 ], [ 24.504580000952068, -29.015469999694805 ], [ 24.504400000745047, -29.015370003177129 ], [ 24.504199997817206, -29.01525999900371 ], [ 24.50405999765615, -29.015159989895597 ], [ 24.503900002868154, -29.015080005991457 ], [ 24.503489999249219, -29.014819994900822 ], [ 24.503309998142921, -29.014719998383153 ], [ 24.503089999688672, -29.01459999464802 ], [ 24.50272999837544, -29.014379995294419 ], [ 24.502440002988283, -29.01421000184396 ], [ 24.502319999253004, -29.014130002651363 ], [ 24.501849998262962, -29.013749999516683 ], [ 24.50174000218346, -29.013649991307926 ], [ 24.501539996557593, -29.013470002792186 ], [ 24.501390009425371, -29.013370001777929 ], [ 24.501250000271156, -29.013280003023532 ], [ 24.501030000917542, -29.013139994768753 ], [ 24.500810000664561, -29.013009996867659 ], [ 24.500590000411659, -29.01289000212569 ], [ 24.500429997529693, -29.012809999335765 ], [ 24.500100002995936, -29.012599997745404 ], [ 24.499939999214689, -29.012469996247038 ], [ 24.499740001682714, -29.012249995994257 ], [ 24.499610003781573, -29.012090002105509 ], [ 24.499520001429733, -29.011959999707862 ], [ 24.499399998593823, -29.011820003144262 ], [ 24.499210003321664, -29.011610009647889 ], [ 24.499050001339157, -29.011409995928151 ], [ 24.498349997836307, -29.010850000680605 ], [ 24.498159998966944, -29.010649998652134 ], [ 24.498060001549874, -29.010540002572579 ], [ 24.49793999871396, -29.010419999736747 ], [ 24.497639999268337, -29.009980000130472 ], [ 24.497480000883133, -29.009790001261102 ], [ 24.497289997517004, -29.009560002345797 ], [ 24.497120004965762, -29.009390000801385 ], [ 24.496829999686074, -29.009120009934019 ], [ 24.496659998141677, -29.00889000382411 ], [ 24.496460004206991, -29.008739999604739 ], [ 24.495789997591103, -29.007970000068912 ], [ 24.495599998721644, -29.007749999816049 ], [ 24.495409999852196, -29.007509998640913 ], [ 24.495239998307792, -29.007300001547232 ], [ 24.495029996717339, -29.007040002147686 ], [ 24.494969999346321, -29.006889997928418 ], [ 24.494890000153674, -29.006709997721586 ], [ 24.494830002782663, -29.006519998852234 ], [ 24.494789999139407, -29.006370002726747 ], [ 24.49470999994676, -29.006129997055059 ], [ 24.494679995865312, -29.005800001622113 ], [ 24.494650002575767, -29.005269998764774 ], [ 24.494609994435837, -29.005130003100469 ], [ 24.494589996211513, -29.004860004139143 ], [ 24.49456000022403, -29.004709997221848 ], [ 24.494440001884705, -29.004310001258919 ], [ 24.494319998149425, -29.004049997362799 ], [ 24.494229996697044, -29.003860002090661 ], [ 24.494119992523572, -29.003630003175363 ], [ 24.494009996444074, -29.003359999717446 ], [ 24.493900000364565, -29.003180004007188 ], [ 24.493860000318602, -29.00301000336216 ], [ 24.493839994899677, -29.00288999962704 ], [ 24.493789996191104, -29.002579997921828 ], [ 24.493760003800922, -29.002390001750399 ], [ 24.493720000157662, -29.002189997024029 ], [ 24.493699997436668, -29.001950003043419 ], [ 24.493599996422397, -29.001580003067968 ], [ 24.493540003547967, -29.001389996104638 ], [ 24.493460000758017, -29.001239999979244 ], [ 24.493339997922199, -29.00102999928826 ], [ 24.493169996377706, -29.000829992763133 ], [ 24.492909996978128, -29.000540000973409 ], [ 24.49265000117585, -29.000319997123331 ], [ 24.49218999974762, -28.999910001598384 ], [ 24.491900002561806, -28.999730002290907 ], [ 24.491659997789345, -28.999559999847211 ], [ 24.491439997536357, -28.99941000372171 ], [ 24.491180005331294, -28.999199998534152 ], [ 24.491019999751394, -28.998989997843168 ], [ 24.490840003141766, -28.99882999586065 ], [ 24.490649995279057, -28.998660003309492 ], [ 24.490530001436394, -28.998549999136156 ], [ 24.490329998508461, -28.998400003010744 ], [ 24.490149998301529, -28.998300010090404 ], [ 24.489939997610438, -28.998240001028208 ], [ 24.489690000470677, -28.998119997292978 ], [ 24.489510000263653, -28.998109998630444 ], [ 24.489299999572559, -28.998019996278735 ], [ 24.488580002342122, -28.99783000100663 ], [ 24.488370001650939, -28.997809994688328 ], [ 24.488170003219672, -28.997749998216701 ], [ 24.487960002528581, -28.997680002183181 ], [ 24.487790000984081, -28.997650000799748 ], [ 24.487560001169374, -28.997579996672265 ], [ 24.487369994206034, -28.99750999973946 ], [ 24.487130000225289, -28.997480000154678 ], [ 24.486930002693306, -28.997460001030969 ], [ 24.486609997828815, -28.997420001884286 ], [ 24.486360001588338, -28.997409995127871 ], [ 24.486140000436066, -28.997400003659916 ], [ 24.48590000016009, -28.997400003659916 ], [ 24.485710008485228, -28.997390001400081 ], [ 24.485470002813393, -28.997390001400067 ], [ 24.485269999885453, -28.997420001884191 ], [ 24.48454000399239, -28.997539996626127 ], [ 24.484399995737537, -28.997569998009602 ], [ 24.484259998274581, -28.997589995334561 ], [ 24.483980001549938, -28.997620000315347 ], [ 24.483779994125417, -28.997669999023799 ], [ 24.483599994817759, -28.997730003589282 ], [ 24.483340003512051, -28.99780999468798 ], [ 24.483059997794157, -28.997910000198868 ], [ 24.482759994751294, -28.998010001213061 ], [ 24.482449996643126, -28.998069994986718 ], [ 24.482100003885026, -28.998109998629928 ], [ 24.481800003540105, -28.998139999114052 ], [ 24.480669999992589, -28.998409998075299 ], [ 24.480529998932333, -28.99849000086521 ], [ 24.480110004744645, -28.998649995653093 ], [ 24.479440001726019, -28.998660003308707 ], [ 24.479150001842271, -28.998689994799584 ], [ 24.478910003364941, -28.998759999826326 ], [ 24.478579999837926, -28.998800002570267 ], [ 24.478310001775718, -28.998870003999702 ], [ 24.477980001845999, -28.998930001370567 ], [ 24.477609997373651, -28.998949990601695 ], [ 24.477290000603038, -28.998959998257362 ], [ 24.476560004709977, -28.998739997105265 ], [ 24.476239995348912, -28.998729999342007 ], [ 24.475940004896518, -28.998719999780171 ], [ 24.475650000516094, -28.998710001117637 ], [ 24.475430000263191, -28.998710001117626 ], [ 24.47521000090957, -28.998689994799317 ], [ 24.47492000462303, -28.998639996090926 ], [ 24.47461000291765, -28.998559996898205 ], [ 24.474379995008974, -28.998499999527301 ], [ 24.4740199981924, -28.998390004347105 ], [ 24.473749999230918, -28.998260001949347 ], [ 24.473489996234033, -28.998159997337805 ], [ 24.473269996880408, -28.998059999920873 ], [ 24.473089996673473, -28.997979997130948 ], [ 24.472769999902876, -28.997759996878145 ], [ 24.472559990218524, -28.997719996832199 ], [ 24.471260000415086, -28.997719996832107 ], [ 24.47095000230691, -28.997739998653699 ], [ 24.470699997972545, -28.997770011728296 ], [ 24.470459999495304, -28.997780003196194 ], [ 24.470160000949029, -28.997790001858689 ], [ 24.46988999839024, -28.997780003196155 ], [ 24.4688299971715, -28.997799996024458 ], [ 24.468370000239918, -28.997799996024426 ], [ 24.468140005821066, -28.997790001858547 ], [ 24.467830003216317, -28.997780003196009 ], [ 24.467559997959597, -28.997790001858512 ], [ 24.467289998998197, -28.997830001005156 ], [ 24.466990003149938, -28.99789000736935 ], [ 24.466719996993845, -28.997939997084558 ], [ 24.466499996740847, -28.998010001211934 ], [ 24.466259998263606, -28.998090001303787 ], [ 24.466009998425822, -28.998149997775471 ], [ 24.465810000893825, -28.998189997821413 ], [ 24.465679998496096, -28.998189997821399 ], [ 24.46493000078139, -28.998240001026478 ], [ 24.464799998383576, -28.998289998835556 ], [ 24.464619998176634, -28.99832000021906 ], [ 24.464489996678189, -28.998350004300402 ], [ 24.464250002697529, -28.998419988642699 ], [ 24.463890002283556, -28.998499999526569 ], [ 24.463649996611718, -28.998530000909948 ], [ 24.463450002677025, -28.998519997750847 ], [ 24.463119998250637, -28.998509999088295 ], [ 24.46292000071864, -28.998559996897377 ], [ 24.462610002610553, -28.9986200032616 ], [ 24.46234000364915, -28.998670001070661 ], [ 24.462019994287989, -28.998719999779205 ], [ 24.461660006464566, -28.99879001200043 ], [ 24.461630001483826, -28.998809997634289 ], [ 24.460980000286817, -28.999029997887007 ], [ 24.460769999595712, -28.999139993966448 ], [ 24.460480003309254, -28.999330000929746 ], [ 24.460210005247042, -28.999479997055111 ], [ 24.459990004994125, -28.999619998115268 ], [ 24.459749999322195, -28.999759993779548 ], [ 24.459420003889047, -28.999940002979613 ], [ 24.458989998448367, -29.000109995530714 ], [ 24.458729998149487, -29.000229999265823 ], [ 24.458369998634886, -29.000360000764179 ], [ 24.457200001336606, -29.000949995596471 ], [ 24.456999999307936, -29.001050001107338 ], [ 24.456909997855544, -29.001089996656702 ], [ 24.456789994120253, -29.001160000784079 ], [ 24.456649997556578, -29.001210000391815 ], [ 24.456449999125301, -29.001289998685102 ], [ 24.456239998434199, -29.001360002812479 ], [ 24.456019999979848, -29.001450000667589 ], [ 24.455769998343499, -29.001529997162255 ], [ 24.455520001203638, -29.001649999098714 ], [ 24.455239996385103, -29.001770010028508 ], [ 24.454949999199275, -29.001869999351534 ], [ 24.454709998923295, -29.00196999586916 ], [ 24.453810000586511, -29.00232999718202 ], [ 24.453650002201204, -29.002369997228048 ], [ 24.453489999319313, -29.002470001839573 ], [ 24.453340004992391, -29.002539997872962 ], [ 24.453199995838251, -29.002610002899704 ], [ 24.452979995585249, -29.002710000316629 ], [ 24.452740001604496, -29.002769996788302 ], [ 24.452500004925898, -29.002870002299105 ], [ 24.452249999692164, -29.002920001007531 ], [ 24.452009997617616, -29.002960003751493 ], [ 24.45061999736842, -29.003140000361 ], [ 24.450449996723282, -29.003159997685948 ], [ 24.450169998199986, -29.003159997685927 ], [ 24.449919997462828, -29.003149999023375 ], [ 24.449659994466025, -29.003140000360936 ], [ 24.449349996357935, -29.003100001214165 ], [ 24.449149998825941, -29.003079994895952 ], [ 24.448830001155958, -29.003039994849978 ], [ 24.448449999819722, -29.003000003797169 ], [ 24.448229999566731, -29.002929998770409 ], [ 24.446830004252316, -29.002539997872496 ], [ 24.446500000725297, -29.002450000017433 ], [ 24.446179999458099, -29.0023699972275 ], [ 24.445899993740202, -29.002340000340663 ], [ 24.445510000936043, -29.00222999616722 ], [ 24.445269994364832, -29.002160003730989 ], [ 24.444960004350623, -29.002129998750249 ], [ 24.444360002761396, -29.001919998059218 ], [ 24.443240004171727, -29.001420001081815 ], [ 24.443099996816152, -29.001389996101068 ], [ 24.442940001128775, -29.001330003226656 ], [ 24.442770000483641, -29.001230001313157 ], [ 24.442620004358165, -29.001119998039091 ], [ 24.442459997878977, -29.001010001959635 ], [ 24.442280001269253, -29.000899996886936 ], [ 24.442000004544603, -29.000760001222687 ], [ 24.441730001985903, -29.000650005143232 ], [ 24.441430002540347, -29.000499997326543 ], [ 24.441070002126381, -29.000329995782199 ], [ 24.440729999936831, -29.000210001040205 ], [ 24.44043000049118, -29.000099996866865 ], [ 24.439430001140117, -28.99992000025717 ], [ 24.439229999111539, -28.999910001594639 ], [ 24.439049999803878, -28.99989000426968 ], [ 24.438910002340926, -28.999829998804707 ], [ 24.438780000842478, -28.999770008628321 ], [ 24.438429998191754, -28.999540001619128 ], [ 24.438230004256972, -28.999420004179129 ], [ 24.43797000126008, -28.999280011212822 ], [ 24.437769999231509, -28.999169998945504 ], [ 24.437539999416703, -28.999039996547843 ], [ 24.437339998287506, -28.998940000030181 ], [ 24.437100000709542, -28.998809997632513 ], [ 24.436809995429751, -28.998670001068824 ], [ 24.43647000133409, -28.998469994543761 ], [ 24.436189995616278, -28.998280000170976 ], [ 24.436089998199293, -28.998209996043592 ], [ 24.435670000414305, -28.998069994983375 ], [ 24.435549997578381, -28.998040001693848 ], [ 24.435370001868019, -28.998000002547162 ], [ 24.435159988586367, -28.997979997128226 ], [ 24.434920002699677, -28.997969997566404 ], [ 24.434750001155169, -28.997950003838643 ], [ 24.434330003370267, -28.997809994684481 ], [ 24.434120002679165, -28.997680002179351 ], [ 24.433879996107954, -28.997550004278274 ], [ 24.433720001319951, -28.997420001880521 ], [ 24.433400004549249, -28.997189994871317 ], [ 24.43314000155236, -28.996970002712327 ], [ 24.432930000861266, -28.9967399966025 ], [ 24.43263999558156, -28.996469997641157 ], [ 24.431850002317478, -28.995740001748473 ], [ 24.431699998098118, -28.995589997529187 ], [ 24.431569996599677, -28.995470002787226 ], [ 24.431339998583521, -28.995260002096234 ], [ 24.431179995701637, -28.99509000055183 ], [ 24.431079998284563, -28.994989999537594 ], [ 24.430830002943456, -28.994640002282999 ], [ 24.430729997432589, -28.994509999885285 ], [ 24.430599994135406, -28.994360004659249 ], [ 24.430350002391595, -28.994100000763119 ], [ 24.43024999778001, -28.993989996589789 ], [ 24.430009999302683, -28.993669999819357 ], [ 24.429920001447506, -28.993509997836831 ], [ 24.429470002279089, -28.992959997654339 ], [ 24.42933000211821, -28.992780001044885 ], [ 24.429250002925556, -28.992720003673817 ], [ 24.429029998175977, -28.992489996664528 ], [ 24.428999997691825, -28.99239000014698 ], [ 24.428840003803103, -28.992079997542394 ], [ 24.428709994210781, -28.99185999818889 ], [ 24.428649996839766, -28.991720001625307 ], [ 24.428570005740994, -28.991550000080988 ], [ 24.42853000119845, -28.991429997245159 ], [ 24.428479994395992, -28.991310001603896 ], [ 24.428389996540819, -28.991080002688502 ], [ 24.428320001406643, -28.990960000751929 ], [ 24.428260004934909, -28.990819999691766 ], [ 24.428149999862239, -28.990680003128166 ], [ 24.428000003736667, -28.990560000292302 ], [ 24.427640002423423, -28.990159999832596 ], [ 24.427470001778296, -28.99002000416835 ], [ 24.427369996267423, -28.989919997758083 ], [ 24.427250001525387, -28.989779997597282 ], [ 24.427160011764094, -28.989649996098908 ], [ 24.42708000088026, -28.989530001356922 ], [ 24.42696999670687, -28.989310001104069 ], [ 24.426860000627364, -28.989130005393889 ], [ 24.426729998229547, -28.988960002950208 ], [ 24.426559997584508, -28.988730004934187 ], [ 24.426360002750457, -28.988390001845438 ], [ 24.426230000352643, -28.988210000739254 ], [ 24.426090004688341, -28.988030000532405 ], [ 24.426010001898391, -28.987879997212421 ], [ 24.425920002244563, -28.987770001132962 ], [ 24.425669998809486, -28.987200000028327 ], [ 24.425619999201718, -28.987050003902926 ], [ 24.425540000908349, -28.986870003696009 ], [ 24.42535000113952, -28.986499995626541 ], [ 24.425229998303603, -28.986279996273147 ], [ 24.425189998257647, -28.986120002384428 ], [ 24.425090001739942, -28.985900002131658 ], [ 24.424990000725661, -28.985650001394639 ], [ 24.424929995260765, -28.985519998996978 ], [ 24.424749999550414, -28.985179996807648 ], [ 24.424619997152689, -28.984939999229823 ], [ 24.424489995654248, -28.984729997639466 ], [ 24.424360005846985, -28.98450999828605 ], [ 24.424280002157662, -28.984440002252452 ], [ 24.42417999754608, -28.984189997018962 ], [ 24.424089995194326, -28.984000001746899 ], [ 24.423989998676625, -28.983830000202488 ], [ 24.423899999922167, -28.983709998266011 ], [ 24.423740005134075, -28.983510002532775 ], [ 24.423599996879311, -28.983309996906929 ], [ 24.423490000799802, -28.983129996700175 ], [ 24.423400002944625, -28.982970001912172 ], [ 24.423280007303216, -28.982800001267147 ], [ 24.423189997756864, -28.98266000380427 ], [ 24.4231200062199, -28.982540000968413 ], [ 24.422959998841431, -28.982330000277425 ], [ 24.422929997457906, -28.982249989393562 ], [ 24.422810003615233, -28.982110000923839 ], [ 24.422460001863797, -28.981740000948346 ], [ 24.422319996306964, -28.981579998066469 ], [ 24.422240001610895, -28.981510002032948 ], [ 24.422079999628291, -28.981319998667026 ], [ 24.422009994601492, -28.981260001296025 ], [ 24.4219199967464, -28.981160000281783 ], [ 24.42181999932933, -28.981070009621252 ], [ 24.421699996493412, -28.980949998691521 ], [ 24.421590000413897, -28.980810002127829 ], [ 24.421499998961419, -28.980690000191345 ], [ 24.421419999768769, -28.980590002774335 ], [ 24.421280006802395, -28.980429996295239 ], [ 24.421059998455515, -28.980230002360649 ], [ 24.420930000554375, -28.980099999962988 ], [ 24.420730002123101, -28.97994999664289 ], [ 24.420579998803017, -28.979850000125335 ], [ 24.420510002769387, -28.979809995582716 ], [ 24.420300009272975, -28.979600011079494 ], [ 24.4202000046613, -28.979449998766256 ], [ 24.419829997491018, -28.979049999205898 ], [ 24.419720001411505, -28.978909998145731 ], [ 24.419549999867094, -28.978720002873661 ], [ 24.419410004202703, -28.978540002666811 ], [ 24.419109999361197, -28.978110001722957 ], [ 24.418929999154173, -28.977849997826937 ], [ 24.418799997655725, -28.977650003892261 ], [ 24.418679998417115, -28.977440003201295 ], [ 24.418579997402833, -28.977199996630223 ], [ 24.418480000885133, -28.976939993633565 ], [ 24.418139997796231, -28.97619000401318 ], [ 24.41800999539851, -28.975989998387409 ], [ 24.417699997290431, -28.975440001802308 ], [ 24.417590001210925, -28.975239999773862 ], [ 24.417460000611761, -28.975050000005126 ], [ 24.417359995100806, -28.97486000563234 ], [ 24.417169995332063, -28.97452999670956 ], [ 24.417069998814366, -28.974350000999387 ], [ 24.416930002250695, -28.974160002130034 ], [ 24.416660003289216, -28.973609998350334 ], [ 24.416549999115826, -28.97336999987315 ], [ 24.41643000527316, -28.973149999620368 ], [ 24.41635000158384, -28.97298999763786 ], [ 24.416229998747923, -28.972799998768505 ], [ 24.416120002668411, -28.972610004395722 ], [ 24.416019997157548, -28.972430003289514 ], [ 24.41596999125445, -28.972390004142934 ], [ 24.415569998888412, -28.97168999974118 ], [ 24.415440004584564, -28.971470000387662 ], [ 24.415330001310458, -28.971320005161559 ], [ 24.415200003409311, -28.971149999120566 ], [ 24.415049995592653, -28.970920003802561 ], [ 24.414869995385629, -28.970670000367608 ], [ 24.414640000966866, -28.970360001360326 ], [ 24.414509998569052, -28.970130003344401 ], [ 24.414299997877954, -28.969919990062859 ], [ 24.413600002469053, -28.968950000189665 ], [ 24.413550004659839, -28.968860005931848 ], [ 24.41348999829566, -28.968750001758515 ], [ 24.413420002262118, -28.968660003004018 ], [ 24.413340002170184, -28.968530000606354 ], [ 24.413250000717703, -28.968379998185632 ], [ 24.413150003300633, -28.968249995787996 ], [ 24.413030000464715, -28.968040003190886 ], [ 24.412969995899182, -28.967939997680073 ], [ 24.412859999819588, -28.967789998856571 ], [ 24.412780000626931, -28.96766000095549 ], [ 24.412630000904155, -28.967409995721994 ], [ 24.412429998875588, -28.967120000334994 ], [ 24.411939995164527, -28.966429999991682 ], [ 24.411870003627655, -28.96627000070719 ], [ 24.411820005818537, -28.96613000414359 ], [ 24.411780001275904, -28.966000001745858 ], [ 24.411679996664315, -28.965859997987661 ], [ 24.411610001530054, -28.965719996927483 ], [ 24.411560001922282, -28.965570000802092 ], [ 24.41148999689549, -28.965420001978604 ], [ 24.41131999984767, -28.964999999697362 ], [ 24.411239996158432, -28.964839996815485 ], [ 24.411200004206353, -28.964690001589457 ], [ 24.411130000978211, -28.96456999065963 ], [ 24.411070002707913, -28.964429997693337 ], [ 24.411019996804818, -28.964280003366607 ], [ 24.410940001209383, -28.9640799959421 ], [ 24.410769999665074, -28.963469994791524 ], [ 24.410730000518306, -28.963189998067033 ], [ 24.410649996829083, -28.962869999497972 ], [ 24.410510000265415, -28.962500001321068 ], [ 24.410460009650809, -28.96233999933855 ], [ 24.410369999205169, -28.962160002729014 ], [ 24.410339998721014, -28.962039990899925 ], [ 24.410280001349999, -28.961909998394788 ], [ 24.410190003494826, -28.961700004898319 ], [ 24.410190003494829, -28.961480004645477 ], [ 24.410169997176528, -28.961329996828908 ], [ 24.41003999567809, -28.96102000681487 ], [ 24.409979998307168, -28.960759994824883 ], [ 24.409809996762675, -28.960199999577281 ], [ 24.409790002135662, -28.959670003015248 ], [ 24.409800003496127, -28.959469995590858 ], [ 24.409809996762707, -28.959350006244751 ], [ 24.409819995425242, -28.959189998866389 ], [ 24.409819995425256, -28.958890000320288 ], [ 24.409830002181664, -28.958759997922545 ], [ 24.409880001789535, -28.958579997715727 ], [ 24.409999996531589, -28.958269999607833 ], [ 24.410100000243823, -28.95803000202994 ], [ 24.410399996092195, -28.957710005259532 ], [ 24.410609997682592, -28.957380000833453 ], [ 24.410640002663339, -28.957309996705995 ], [ 24.410720001856088, -28.957169995645838 ], [ 24.410769999665305, -28.957060007660278 ], [ 24.410799996552168, -28.95696000304876 ], [ 24.410839996598146, -28.95674000279589 ], [ 24.410839996598153, -28.9565300101989 ], [ 24.410819998373739, -28.9562500035818 ], [ 24.4107999965522, -28.956120002982807 ], [ 24.410760000103444, -28.955969998763436 ], [ 24.410730000518576, -28.955730001185632 ], [ 24.410630003101598, -28.955419998581142 ], [ 24.41060999768267, -28.955240002870877 ], [ 24.410569997636706, -28.955129998697561 ], [ 24.410519999827496, -28.955029997683244 ], [ 24.410439995238981, -28.954920001603789 ], [ 24.410369999205439, -28.954779996946318 ], [ 24.410299999574594, -28.954670001766146 ], [ 24.410159998514253, -28.954480001997506 ], [ 24.410090002480793, -28.95435000499571 ], [ 24.409999996531734, -28.954260001744629 ], [ 24.409920000936296, -28.954139998908779 ], [ 24.40981999542543, -28.954019996072915 ], [ 24.409650002874177, -28.953840000362653 ], [ 24.40945999950813, -28.953690000639956 ], [ 24.409359998493844, -28.953589996028423 ], [ 24.409180001884202, -28.953489998611481 ], [ 24.408940004306146, -28.953370002970129 ], [ 24.408590002554782, -28.953269999257955 ], [ 24.408009993794007, -28.953140004954054 ], [ 24.407819998521834, -28.953150003616557 ], [ 24.407660004633101, -28.953170001840856 ], [ 24.407379998915193, -28.95318000499995 ], [ 24.407119994119643, -28.953190002763169 ], [ 24.406629996703874, -28.953190002763144 ], [ 24.406409996450961, -28.953180004999869 ], [ 24.406160000210466, -28.953119998635717 ], [ 24.40593999995755, -28.953119998635696 ], [ 24.405410001596366, -28.952909997944673 ], [ 24.405259994679071, -28.952810000527659 ], [ 24.405079998968709, -28.952670000366837 ], [ 24.40488999830059, -28.952499998822436 ], [ 24.404570002429256, -28.952140002006047 ], [ 24.404470000515694, -28.951989998686042 ], [ 24.404400000884852, -28.951809997579851 ], [ 24.404130005520674, -28.951169999542408 ], [ 24.404059997795951, -28.95091000104226 ], [ 24.403980002200601, -28.950729991842167 ], [ 24.403890004345424, -28.950559999291009 ], [ 24.403739996528682, -28.950249996686438 ], [ 24.403600008958257, -28.950010002705916 ], [ 24.403509997613256, -28.949850000723394 ], [ 24.403419999758075, -28.949660000954673 ], [ 24.403270003632599, -28.949480000747926 ], [ 24.403199999505173, -28.949340004184226 ], [ 24.403120000312519, -28.94923999507613 ], [ 24.403039997522566, -28.949149997220992 ], [ 24.40297000148902, -28.94904000114154 ], [ 24.402849997753734, -28.948889996922176 ], [ 24.402729995817179, -28.948749996761382 ], [ 24.402350000776178, -28.94833999763912 ], [ 24.40187999528953, -28.947830005596625 ], [ 24.401250000410737, -28.947259995498705 ], [ 24.400800002141668, -28.946849989181871 ], [ 24.400029998108735, -28.946280003365647 ], [ 24.399479998825292, -28.94586998805563 ], [ 24.398770000257343, -28.945410001916088 ], [ 24.398699996129828, -28.945339989694816 ], [ 24.398569994631469, -28.945240001271134 ], [ 24.398440004824199, -28.94515999758184 ], [ 24.398369999797399, -28.945079993892659 ], [ 24.398239998298951, -28.944989996037524 ], [ 24.398130010313317, -28.944910001341494 ], [ 24.397950001113124, -28.944769995784728 ], [ 24.397799991497813, -28.944650001042753 ], [ 24.397669996294592, -28.944550003625718 ], [ 24.397539998393448, -28.944430000789875 ], [ 24.397389999569945, -28.944269998807343 ], [ 24.397260001668798, -28.944110004019432 ], [ 24.397110001945926, -28.9439300038126 ], [ 24.396959998625935, -28.943780001391872 ], [ 24.396720000148598, -28.943580002061314 ], [ 24.396549999503463, -28.943460000124841 ], [ 24.396410002939792, -28.943360002707827 ], [ 24.396250007252412, -28.943150002016836 ], [ 24.395840000935436, -28.942780002041342 ], [ 24.395750002180886, -28.942700002848639 ], [ 24.395669999390929, -28.94260999959765 ], [ 24.395589995701787, -28.942480002595858 ], [ 24.39552000326545, -28.942399990812699 ], [ 24.395189999738424, -28.942139999507109 ], [ 24.395059998239976, -28.942070004372979 ], [ 24.394929996741524, -28.941980004719191 ], [ 24.394789999278569, -28.941889995172872 ], [ 24.394659997780028, -28.941819999139355 ], [ 24.394370001493566, -28.941680001676477 ], [ 24.394219997274202, -28.94161999711088 ], [ 24.394029998404726, -28.941540000616182 ], [ 24.393779998566842, -28.941479996050578 ], [ 24.393629998844144, -28.941470000985355 ], [ 24.393509999605428, -28.94146000232292 ], [ 24.393300002511619, -28.941389998195429 ], [ 24.393069995502206, -28.941399996858014 ], [ 24.392950000760159, -28.941439996004576 ], [ 24.392849995249286, -28.941489994713042 ], [ 24.392759997394098, -28.941550000177987 ], [ 24.392660000876383, -28.941599998886435 ], [ 24.392569998524621, -28.941670003013805 ], [ 24.392489999331957, -28.941749997709827 ], [ 24.392359997833498, -28.941850003220615 ], [ 24.392280002238053, -28.941969998861861 ], [ 24.392169998964015, -28.942049998054458 ], [ 24.391990001454996, -28.94213000084434 ], [ 24.391779996267303, -28.942160001328478 ], [ 24.391630001940378, -28.942160001328457 ], [ 24.391549997351856, -28.942139999506836 ], [ 24.391379996706721, -28.942120002181866 ], [ 24.391220001918619, -28.942109994526092 ], [ 24.390979996246767, -28.942090000798327 ], [ 24.390809994702344, -28.942039999391923 ], [ 24.390560002958427, -28.942019996670911 ], [ 24.390340002705511, -28.941959999299918 ], [ 24.390099996134289, -28.94192999521853 ], [ 24.389880004874534, -28.941810004073769 ], [ 24.389310010964042, -28.941680001676076 ], [ 24.389209997359202, -28.941680001676065 ], [ 24.389000004761971, -28.941630003866869 ], [ 24.388740001765065, -28.941569997502608 ], [ 24.388499999690513, -28.941550000177649 ], [ 24.388319999483564, -28.941579997064469 ], [ 24.388120001951556, -28.941640001629949 ], [ 24.387990003151032, -28.941709994965517 ], [ 24.3878700003151, -28.941819999138836 ], [ 24.387729999254834, -28.94194999973789 ], [ 24.387609996418906, -28.942090000798053 ], [ 24.387489997180182, -28.942149999068413 ], [ 24.387410002484103, -28.942219998699116 ], [ 24.387329999694231, -28.94232999477865 ], [ 24.386830002716536, -28.942930000863967 ], [ 24.386790002670566, -28.942989999134308 ], [ 24.386700004815381, -28.943109998372854 ], [ 24.386630000687948, -28.943230001208686 ], [ 24.386539997436806, -28.943349995950655 ], [ 24.386459998244142, -28.943499999270621 ], [ 24.386310002118648, -28.943620002106456 ], [ 24.386089998268336, -28.943800002313363 ], [ 24.385920009314454, -28.943990002081986 ], [ 24.385439998870016, -28.944300000189845 ], [ 24.385370001937094, -28.944340002933799 ], [ 24.385280003182537, -28.944400001204141 ], [ 24.385179998571029, -28.944519998644044 ], [ 24.38510000387495, -28.944600003232583 ], [ 24.385019999286342, -28.944650001041754 ], [ 24.384909995112935, -28.944730011925536 ], [ 24.384790005766746, -28.944839999911082 ], [ 24.384670002930822, -28.944870001294511 ], [ 24.384570005513822, -28.944939997327989 ], [ 24.384410006229228, -28.944989996036437 ], [ 24.38428999529933, -28.945010002354636 ], [ 24.384189998781615, -28.945010002354636 ], [ 24.384109999588958, -28.945029996082361 ], [ 24.383989996753034, -28.945010002354618 ], [ 24.38386000334846, -28.945010002354604 ], [ 24.383730000950727, -28.94498999603638 ], [ 24.383629995439765, -28.944939997327918 ], [ 24.383550004341078, -28.944910001340357 ], [ 24.38346999345724, -28.944870001294415 ], [ 24.383309999568418, -28.944799997167003 ], [ 24.383200003488902, -28.944699999750082 ], [ 24.383080000652978, -28.944589995576649 ], [ 24.3829699955803, -28.944499997721522 ], [ 24.382860000400068, -28.944380002979543 ], [ 24.382810001691574, -28.944309997952868 ], [ 24.382540003629448, -28.943999999844955 ], [ 24.382429999455965, -28.943850001021545 ], [ 24.382339997104207, -28.943729998185599 ], [ 24.382209999203056, -28.943580002060195 ], [ 24.382050001717118, -28.943410000515872 ], [ 24.381910004254074, -28.943199999824898 ], [ 24.381560002502717, -28.942760000218509 ], [ 24.381300002203755, -28.942430003886273 ], [ 24.381189998929639, -28.942210000036194 ], [ 24.381019997385135, -28.941980004718104 ], [ 24.38095999911484, -28.94187999560998 ], [ 24.380920000867519, -28.941779999092351 ], [ 24.380779999807267, -28.941500002367867 ], [ 24.380760001582843, -28.941470000984335 ], [ 24.380659997870541, -28.941240002069044 ], [ 24.380580005872492, -28.941089995151749 ], [ 24.380500002183258, -28.940979998173006 ], [ 24.380410004328073, -28.940859996236448 ], [ 24.380300000154676, -28.940700000549249 ], [ 24.380209998702203, -28.940580003109257 ], [ 24.380150000431811, -28.940469993539971 ], [ 24.379999997111813, -28.940340004632059 ], [ 24.379850001885526, -28.940170003087744 ], [ 24.379579998427449, -28.939879998707465 ], [ 24.379469994254052, -28.939810002674058 ], [ 24.379390003155279, -28.939730002582063 ], [ 24.379270000319352, -28.939649999792167 ], [ 24.379210003847703, -28.939579995664758 ], [ 24.378879999421304, -28.939240000670008 ], [ 24.378770003341696, -28.939160002376664 ], [ 24.378650000505775, -28.939060004959742 ], [ 24.378510000344882, -28.93897000170865 ], [ 24.378389996609592, -28.938859997535307 ], [ 24.378240001383386, -28.938720001871079 ], [ 24.378070000738255, -28.938519988151345 ], [ 24.377909997856271, -28.938360008651909 ], [ 24.377760002630158, -28.938220004893694 ], [ 24.377570002861315, -28.938080003833438 ], [ 24.377299996705307, -28.937820003534711 ], [ 24.376449997077007, -28.937030002177153 ], [ 24.376319995578559, -28.936910000240573 ], [ 24.376209999498954, -28.936789996505432 ], [ 24.376150002128021, -28.93671999957256 ], [ 24.375999998807846, -28.936599997636055 ], [ 24.375890002728337, -28.936490001556521 ], [ 24.375800004873149, -28.93642999609165 ], [ 24.375639997494588, -28.93629999819057 ], [ 24.375419998141048, -28.936079998837059 ], [ 24.37524000153131, -28.935909997292743 ], [ 24.375130005451791, -28.935790001651394 ], [ 24.374979998534407, -28.935669998815538 ], [ 24.374820003746393, -28.935549996878965 ], [ 24.374639995445566, -28.935430001237691 ], [ 24.3744400006115, -28.935219999647334 ], [ 24.374380003240486, -28.935139997756806 ], [ 24.374269999067089, -28.934919996604652 ], [ 24.374250002641318, -28.934780000940442 ], [ 24.374250002641318, -28.934670004860987 ], [ 24.374239987791039, -28.934580002509204 ], [ 24.374200003932835, -28.934509998381799 ], [ 24.374189996277149, -28.934410000964881 ], [ 24.374049999713474, -28.934289998129024 ], [ 24.374000001904257, -28.934270005300554 ], [ 24.373780001651337, -28.934209998936403 ], [ 24.373590010875741, -28.934160001127182 ], [ 24.373180002760094, -28.93405000414835 ], [ 24.372880003314428, -28.93399000677735 ], [ 24.372509997942771, -28.933870012035349 ], [ 24.372269999465431, -28.933769999329925 ], [ 24.371799997576058, -28.933650003688641 ], [ 24.371169998200646, -28.933650003688591 ], [ 24.370779997302581, -28.933629998269623 ], [ 24.37054999838713, -28.933650003688545 ], [ 24.369600002240997, -28.933679996978 ], [ 24.369000000651813, -28.933669998315448 ], [ 24.36878999546412, -28.933650003688399 ], [ 24.368509997840082, -28.933639997831254 ], [ 24.368410000423093, -28.933639997831246 ], [ 24.368119996942017, -28.933650003688342 ], [ 24.367920002107937, -28.933689995640385 ], [ 24.367780001946954, -28.93370000329606 ], [ 24.367560001694034, -28.933700003296039 ], [ 24.367390000149609, -28.933750002004494 ], [ 24.367200005776706, -28.933809999375544 ], [ 24.366929994224733, -28.933899997230661 ], [ 24.366699999805864, -28.933960002695411 ], [ 24.366550000082981, -28.93399999824484 ], [ 24.36637999853864, -28.934039998290778 ], [ 24.365740004097916, -28.934020000066404 ], [ 24.365220009795273, -28.933939999974392 ], [ 24.364649999697001, -28.933899997230469 ], [ 24.364039998546012, -28.933779993495211 ], [ 24.363429997394935, -28.933740001543089 ], [ 24.362939994583204, -28.933700003295659 ], [ 24.362659997858536, -28.933700003295645 ], [ 24.362420003877862, -28.933679996977421 ], [ 24.362139998159943, -28.933610000943901 ], [ 24.361919998806304, -28.933589999122248 ], [ 24.36168000032896, -28.933490001705326 ], [ 24.361450001413509, -28.933480003042774 ], [ 24.361139999708104, -28.933400000252853 ], [ 24.360589995928052, -28.933320000160922 ], [ 24.360279997819937, -28.933270002351712 ], [ 24.359839997314005, -28.933179999999872 ], [ 24.359479997799379, -28.933109994973194 ], [ 24.358960002597371, -28.933080002582894 ], [ 24.358650003589894, -28.933040002536909 ], [ 24.3584099988174, -28.933019997117988 ], [ 24.35807000382243, -28.932929999262825 ], [ 24.357619996560089, -28.932829998248565 ], [ 24.357159998729106, -28.932709994513317 ], [ 24.356289997279038, -28.932549999725321 ], [ 24.355860001730957, -28.932389997742792 ], [ 24.355659999702283, -28.932280001663319 ], [ 24.355479998596053, -28.93210000235586 ], [ 24.355349996198232, -28.93191999765234 ], [ 24.355170000487867, -28.931640000028573 ], [ 24.354950000234957, -28.931319998761463 ], [ 24.354429997838359, -28.93080999502769 ], [ 24.353979998669999, -28.93043999864949 ], [ 24.353769997079606, -28.930240001117603 ], [ 24.353500003513968, -28.929959996299235 ], [ 24.353179998649459, -28.929710002756796 ], [ 24.352749997705345, -28.929270003150499 ], [ 24.352569997498396, -28.929079996187255 ], [ 24.352460001418972, -28.928859995934388 ], [ 24.352240000266598, -28.928629997018977 ], [ 24.352060000059655, -28.928329993976298 ], [ 24.351919999898683, -28.927959998497403 ], [ 24.351740003289038, -28.927779998290553 ], [ 24.351589996371647, -28.927680000873629 ], [ 24.351380003774413, -28.927620003502533 ], [ 24.351220000892514, -28.927599998083686 ], [ 24.351010007395903, -28.927620003502501 ], [ 24.350770001724044, -28.927640001726807 ], [ 24.35065999755064, -28.927680000873547 ], [ 24.350590001517091, -28.927720000919493 ], [ 24.350410001310131, -28.927769998728561 ], [ 24.350179994300703, -28.927800003709365 ], [ 24.350010000850158, -28.927839995661401 ], [ 24.349729999628906, -28.927879994807945 ], [ 24.349409998361594, -28.927940001172161 ], [ 24.348690001130983, -28.927959998497137 ], [ 24.348520007680435, -28.927959998497126 ], [ 24.348330000717066, -28.927990007075135 ], [ 24.348119999126578, -28.927990007075103 ], [ 24.347869994792191, -28.928009997205546 ], [ 24.347649994539175, -28.928040002186243 ], [ 24.34745999926708, -28.928059995913976 ], [ 24.347159996224107, -28.92806999457645 ], [ 24.346919998646122, -28.928080001332848 ], [ 24.346539996410492, -28.928089999995322 ], [ 24.345990000724392, -28.928130000041232 ], [ 24.345479996091012, -28.92822999655883 ], [ 24.344979998214129, -28.928329993975723 ], [ 24.344560009422352, -28.928409997664957 ], [ 24.344260001882791, -28.928470003129792 ], [ 24.344070010207908, -28.928529999601391 ], [ 24.343850002760291, -28.928549994228483 ], [ 24.343129997435884, -28.928549994228423 ], [ 24.342840000250035, -28.928539999163085 ], [ 24.342539998106428, -28.928529999601256 ], [ 24.342250005417164, -28.928490001353946 ], [ 24.341570000138727, -28.928380005274441 ], [ 24.341389999931685, -28.928340000731822 ], [ 24.34116000011695, -28.928340000731808 ], [ 24.340849998411539, -28.928300001585104 ], [ 24.340599998573641, -28.928279995266887 ], [ 24.340390005077122, -28.928279995266877 ], [ 24.339910001827192, -28.928200005067477 ], [ 24.339610002381608, -28.928069994575829 ], [ 24.339389998531377, -28.928049997250767 ], [ 24.339089999085701, -28.92799000707436 ], [ 24.338689999525101, -28.927990007074328 ], [ 24.338509998418864, -28.92800999720475 ], [ 24.338220002132292, -28.928059995913205 ], [ 24.337910004923451, -28.92813000004055 ], [ 24.337719997060802, -28.928200005067293 ], [ 24.337520002226718, -28.928290002023036 ], [ 24.337360000244093, -28.928350000293282 ], [ 24.337140000890443, -28.928430003083175 ], [ 24.336969994849341, -28.928539999162609 ], [ 24.336759993258934, -28.928650003336006 ], [ 24.336419999163226, -28.928920002297204 ], [ 24.336299996327291, -28.929029998376635 ], [ 24.336129994782851, -28.929159998975717 ], [ 24.335939999510572, -28.929320001857484 ], [ 24.335689994276891, -28.929539994016444 ], [ 24.335459996260713, -28.929699995998938 ], [ 24.33513999949006, -28.929869997543214 ], [ 24.334609996632242, -28.930219999294316 ], [ 24.334110000553913, -28.930489998255599 ], [ 24.333679998710572, -28.930719997170851 ], [ 24.333159995414654, -28.930939996524291 ], [ 24.332910002771349, -28.931080005678417 ], [ 24.332770002610449, -28.931139998552801 ], [ 24.332470003164762, -28.931319998759612 ], [ 24.332249999314531, -28.931440001595437 ], [ 24.331950000768209, -28.93162000180223 ], [ 24.331620004435667, -28.931710000556617 ], [ 24.331239997703435, -28.931939998572688 ], [ 24.330420003055803, -28.932299999885561 ], [ 24.329890001097446, -28.932549999723154 ], [ 24.329729998215448, -28.932609997993392 ], [ 24.329469999715105, -28.932690000783289 ], [ 24.328750001585195, -28.932860003226889 ], [ 24.327980002048768, -28.933049989505722 ], [ 24.327269996286152, -28.933149998613775 ], [ 24.326539999493718, -28.933260002787023 ], [ 24.325990004706803, -28.933320000158051 ], [ 24.325330004847288, -28.933449998059071 ], [ 24.3246999964786, -28.933549999073236 ], [ 24.32437000104542, -28.933589999119143 ], [ 24.324109997149218, -28.93361000094075 ], [ 24.323839999086978, -28.933610000940732 ], [ 24.323560002362395, -28.933589999119071 ], [ 24.32258000483278, -28.933509996329086 ], [ 24.322280001789885, -28.933440003892862 ], [ 24.321909993720109, -28.933329995222927 ], [ 24.32163999565805, -28.933260002786621 ], [ 24.321349999371485, -28.93314999861326 ], [ 24.321129999118551, -28.933040002533787 ], [ 24.320770002301852, -28.932839996908015 ], [ 24.320460000596444, -28.932569998846034 ], [ 24.320140003825802, -28.932320001706394 ], [ 24.319549996402479, -28.931729997880716 ], [ 24.319430005257729, -28.931670000509641 ], [ 24.319300003759277, -28.931539990917383 ], [ 24.319170001361449, -28.9314199961754 ], [ 24.319000008810274, -28.931230000903341 ], [ 24.318680003046392, -28.930870001388936 ], [ 24.318219997121524, -28.930309998047417 ], [ 24.317900000350889, -28.929950001231028 ], [ 24.317819997560932, -28.929879996204278 ], [ 24.31772999970574, -28.929859998879312 ], [ 24.317490001228389, -28.929679997773096 ], [ 24.317199989653524, -28.929400001048592 ], [ 24.317040010153896, -28.929280001809943 ], [ 24.316790002222213, -28.929049994800756 ], [ 24.316459994198492, -28.928839997706959 ], [ 24.316220000217815, -28.928660001996786 ], [ 24.316059997335824, -28.92849999461831 ], [ 24.315670004531725, -28.928099998655249 ], [ 24.315220001765965, -28.927670002208053 ], [ 24.314949995609851, -28.927430001032832 ], [ 24.314769994503614, -28.927280001310219 ], [ 24.314459996395417, -28.92699999469308 ], [ 24.314199997895088, -28.926719997968593 ], [ 24.314059996834821, -28.926559995986075 ], [ 24.313799996535838, -28.926319997508962 ], [ 24.313670003131353, -28.926189991513912 ], [ 24.31352999847379, -28.926040000784461 ], [ 24.313309998220777, -28.925820000531576 ], [ 24.312840002626629, -28.925410000510137 ], [ 24.312294999077196, -28.924990000027346 ], [ 24.312295110593148, -28.924989556661657 ], [ 24.312256073720985, -28.924982586016423 ], [ 24.312189995134332, -28.924970000903734 ], [ 24.312050000369297, -28.924899995876963 ], [ 24.311919997072188, -28.924809998921212 ], [ 24.311877566158707, -28.92478299767604 ], [ 24.311700820598173, -28.924669265812813 ], [ 24.311310393421444, -28.924415565265011 ], [ 24.311210000302754, -28.924350001090474 ], [ 24.311043473738629, -28.924257481536383 ], [ 24.311029815734738, -28.924249861580709 ], [ 24.311022709291922, -28.924244694975421 ], [ 24.31092071448067, -28.92416953953142 ], [ 24.310779571281312, -28.924089431520763 ], [ 24.310619353461473, -28.924009322610939 ], [ 24.310576165318778, -28.92399903976267 ], [ 24.310499995439429, -28.923979999316284 ], [ 24.310330002888161, -28.923910000584762 ], [ 24.310259006808515, -28.923892254262839 ], [ 24.310209273399973, -28.923879623284698 ], [ 24.310060500352385, -28.923849105690373 ], [ 24.309860228527253, -28.92383002657321 ], [ 24.309860116111928, -28.923830015781313 ], [ 24.309860004596064, -28.923830005888778 ], [ 24.309619997125456, -28.923820004528306 ], [ 24.309528241095681, -28.923830794594217 ], [ 24.309450149365027, -28.923839569279362 ], [ 24.309302650656825, -28.923871346823855 ], [ 24.308979997288919, -28.923940000169505 ], [ 24.30862000317013, -28.924029997125231 ], [ 24.308520705425718, -28.92407317087876 ], [ 24.308389663411578, -28.924129485525924 ], [ 24.308160781454109, -28.924259185751399 ], [ 24.307970046039831, -28.924379348666552 ], [ 24.307906851578917, -28.924413432072772 ], [ 24.30780000222725, -28.924469995832137 ], [ 24.307669999829415, -28.924569999544371 ], [ 24.307549996094195, -28.924660004594006 ], [ 24.307409993235179, -28.924799999358921 ], [ 24.307189994780884, -28.925010007244474 ], [ 24.306980002183629, -28.925259998088926 ], [ 24.306840349160954, -28.925384949893996 ], [ 24.306789397171087, -28.92543029820807 ], [ 24.306619643839561, -28.925680161348826 ], [ 24.306489943613876, -28.925889968685546 ], [ 24.306259154194386, -28.926189423141697 ], [ 24.3059436108664, -28.926567439673978 ], [ 24.305689995753998, -28.926869999489199 ], [ 24.305580215511682, -28.927003305096807 ], [ 24.305580192129316, -28.927003332076481 ], [ 24.305549621475016, -28.927040099958983 ], [ 24.305320739517448, -28.927219390600687 ], [ 24.305320713437158, -28.927219428372247 ], [ 24.305320685558218, -28.92721946164723 ], [ 24.305320009267991, -28.927219994945158 ], [ 24.305049995018063, -28.927599996281138 ], [ 24.304129999356, -28.928480002688193 ], [ 24.30402299622023, -28.928582142290278 ], [ 24.303909301229119, -28.928689956614409 ], [ 24.303674749046106, -28.928908443308202 ], [ 24.303630002378366, -28.928949992886011 ], [ 24.303410002125336, -28.929169992239487 ], [ 24.303080007591507, -28.929539994013656 ], [ 24.302669998576444, -28.92995000302836 ], [ 24.302560450359284, -28.930064530791544 ], [ 24.302450179087259, -28.930179596349426 ], [ 24.302349090792557, -28.930290221954259 ], [ 24.302209853256635, -28.930389403686064 ], [ 24.302178093698515, -28.930418720685452 ], [ 24.302110004227778, -28.93048000678494 ], [ 24.302015047510817, -28.930527476599764 ], [ 24.301969527426103, -28.930549621505939 ], [ 24.30189669043423, -28.93060639210934 ], [ 24.301840006165616, -28.930650000235349 ], [ 24.301751894188723, -28.93068627978607 ], [ 24.301670073868902, -28.930719375736576 ], [ 24.301549910054351, -28.930799483747194 ], [ 24.301420211627409, -28.930889129967419 ], [ 24.301287903367847, -28.930939533370712 ], [ 24.30117999911139, -28.930979994768943 ], [ 24.300769999089592, -28.931139996751419 ], [ 24.300678017329975, -28.931180236916394 ], [ 24.300609588814801, -28.931209563808313 ], [ 24.300528601267224, -28.931237134324231 ], [ 24.300520000151138, -28.9312400022622 ], [ 24.300507714512666, -28.931241756839484 ], [ 24.300380706857247, -28.9312591551239 ], [ 24.300230025448357, -28.931289672718112 ], [ 24.299959182023397, -28.931369780728705 ], [ 24.299779891381551, -28.931369780728684 ], [ 24.299610137150665, -28.9313793180389 ], [ 24.299489974235399, -28.931379318038886 ], [ 24.299299239720405, -28.931369780728645 ], [ 24.298610686385899, -28.931379318038811 ], [ 24.298320769239655, -28.931409835633112 ], [ 24.298120498313796, -28.931419372943402 ], [ 24.297899245305182, -28.931419372943388 ], [ 24.297784326336803, -28.931408031593023 ], [ 24.297610000851869, -28.931390003783282 ], [ 24.297209999492601, -28.931429993936646 ], [ 24.296754962322002, -28.931424306624027 ], [ 24.296409606468316, -28.93141937294326 ], [ 24.296159743327458, -28.93140983563292 ], [ 24.296030044001153, -28.93137931803858 ], [ 24.295900344674934, -28.93136978072836 ], [ 24.295709609260658, -28.931329726722982 ], [ 24.29556083621307, -28.931299210028008 ], [ 24.295432220569946, -28.931280835979319 ], [ 24.295359998714378, -28.931270000047942 ], [ 24.295139998461352, -28.93124000226171 ], [ 24.295105335891712, -28.931237228752572 ], [ 24.294889449137745, -28.931219101118046 ], [ 24.294330596028733, -28.931169509802398 ], [ 24.293970107282949, -28.931119919386166 ], [ 24.293943139312667, -28.93111826373428 ], [ 24.293659998558148, -28.931099998503413 ], [ 24.293546004092818, -28.93106832887754 ], [ 24.293479918311565, -28.931049346887164 ], [ 24.293358846181643, -28.931037239314428 ], [ 24.293290005776925, -28.931029992577336 ], [ 24.293162829049017, -28.931007558089632 ], [ 24.293119430465058, -28.930999755571541 ], [ 24.292879261116553, -28.930919697023636 ], [ 24.292879184674149, -28.9309196691446 ], [ 24.29287910733246, -28.930919638567733 ], [ 24.292560576456683, -28.930789948234736 ], [ 24.292512620108511, -28.930775789308445 ], [ 24.292360000660651, -28.930730004823062 ], [ 24.292150000868805, -28.930659999796376 ], [ 24.292009989016634, -28.930610001987187 ], [ 24.291650003891192, -28.930439999543459 ], [ 24.291580144554604, -28.930396340156076 ], [ 24.291490554092292, -28.930339813268905 ], [ 24.291189193073087, -28.930149077854736 ], [ 24.290893895283094, -28.92997537290216 ], [ 24.29079999616885, -28.929919996247872 ], [ 24.290564858527237, -28.929766253546781 ], [ 24.290540690146496, -28.929750448861146 ], [ 24.290520443709333, -28.929735547994188 ], [ 24.29030999875306, -28.929579993159198 ], [ 24.290229657818024, -28.929517514558672 ], [ 24.290130614581674, -28.929439545135931 ], [ 24.289970397661115, -28.929359436226012 ], [ 24.28984069743553, -28.929269790905053 ], [ 24.289720534520267, -28.929199219305552 ], [ 24.289622655006632, -28.929146903943362 ], [ 24.289610001545412, -28.929140001646672 ], [ 24.289592750749943, -28.929131376249007 ], [ 24.289489745100699, -28.929079055490988 ], [ 24.289433481714799, -28.929049854504086 ], [ 24.28933999538938, -28.92899999878783 ], [ 24.289170002838109, -28.928920002293147 ], [ 24.289018311490604, -28.928854054108168 ], [ 24.288940429302027, -28.928819655939311 ], [ 24.288758079166541, -28.928757272666882 ], [ 24.288649998642907, -28.928720002063287 ], [ 24.288390000142563, -28.928650004231205 ], [ 24.288389356228041, -28.928649937681332 ], [ 24.28838928068491, -28.928649921493566 ], [ 24.288389205141872, -28.928649901708411 ], [ 24.288383088852708, -28.92864934592739 ], [ 24.288180000350799, -28.92862999701352 ], [ 24.288097538814295, -28.928613513339808 ], [ 24.288080214274441, -28.928609847703122 ], [ 24.287559508607991, -28.928609847703065 ], [ 24.287410735560485, -28.928619385013381 ], [ 24.287279128772163, -28.928649901708308 ], [ 24.287099837230944, -28.928699493023895 ], [ 24.287025660249171, -28.928737170121057 ], [ 24.286979998071633, -28.928760000310518 ], [ 24.286881335248484, -28.928790029572887 ], [ 24.286750792358109, -28.928829193249353 ], [ 24.286510467426854, -28.92898941016977 ], [ 24.286329268423621, -28.929119109495961 ], [ 24.286170073132858, -28.929244940838018 ], [ 24.286009995607181, -28.929370000561732 ], [ 24.285770004324409, -28.92963999862366 ], [ 24.285705194681103, -28.929729107049276 ], [ 24.285610198394011, -28.929859160708304 ], [ 24.28555021811011, -28.929947366214588 ], [ 24.285480000843297, -28.930049998645124 ], [ 24.285322335299352, -28.930216945192445 ], [ 24.285310748434096, -28.930229188562773 ], [ 24.285310703468021, -28.930229246119403 ], [ 24.285310661199876, -28.930229300977999 ], [ 24.285310005594081, -28.930229999751223 ], [ 24.285260948475763, -28.930300382493172 ], [ 24.285079955417206, -28.93055915791539 ], [ 24.285036044219648, -28.930625928080715 ], [ 24.284939995725701, -28.930770003069693 ], [ 24.284844015580276, -28.930927691096603 ], [ 24.284799575581275, -28.930999755570795 ], [ 24.28470992936106, -28.931240082300427 ], [ 24.284707872611534, -28.931243491630404 ], [ 24.284570002045161, -28.931470001176084 ], [ 24.284489997456539, -28.931640001821094 ], [ 24.284390001838094, -28.931800003803687 ], [ 24.284139994805752, -28.932010003595277 ], [ 24.284039998288023, -28.932169998383166 ], [ 24.283920285033769, -28.932319638377074 ], [ 24.283920264349426, -28.932319662658713 ], [ 24.283920243664998, -28.932319686940446 ], [ 24.283909387049206, -28.932331456368104 ], [ 24.283670004607501, -28.932590006060401 ], [ 24.283621200198674, -28.932687604086148 ], [ 24.283599852991191, -28.932729721136173 ], [ 24.283580292736691, -28.932773356241842 ], [ 24.283550001771552, -28.932839996005487 ], [ 24.283493363368382, -28.932910793334912 ], [ 24.283470153664958, -28.932939529372195 ], [ 24.283453451455909, -28.93296895698818 ], [ 24.283389999788824, -28.933080002576471 ], [ 24.283232242514075, -28.933316624998621 ], [ 24.283189773829019, -28.933380127027601 ], [ 24.283096802815123, -28.933544876531233 ], [ 24.282930000159205, -28.933839998053806 ], [ 24.282911387790122, -28.933889637033499 ], [ 24.282899857582212, -28.933919907314266 ], [ 24.282869339088499, -28.933990478913856 ], [ 24.282859801778166, -28.934099197056685 ], [ 24.282829284183819, -28.934200287149967 ], [ 24.282829284183812, -28.934440612980314 ], [ 24.282819747772848, -28.934600829900763 ], [ 24.282816210739245, -28.934634076038147 ], [ 24.28279999776133, -28.934780001832003 ], [ 24.282840004102603, -28.935230001000157 ], [ 24.282840004102599, -28.935369995765086 ], [ 24.282835134273697, -28.935423565681415 ], [ 24.282829284183766, -28.935480117749602 ], [ 24.282829284183759, -28.935699463296043 ], [ 24.28281319531235, -28.935800823185865 ], [ 24.282809997323184, -28.935820003027125 ], [ 24.28280641442414, -28.93584688556173 ], [ 24.282789229279167, -28.935970305821332 ], [ 24.282789229279164, -28.936080933224826 ], [ 24.282779693767477, -28.936239242683257 ], [ 24.282779693767473, -28.936410904376128 ], [ 24.282773645826648, -28.936530657200411 ], [ 24.282769998176455, -28.936599996728834 ], [ 24.282809997323145, -28.936800005052525 ], [ 24.282813940850339, -28.936827607044862 ], [ 24.282819747772749, -28.936870574853565 ], [ 24.282859801778045, -28.936969756585448 ], [ 24.282899856682711, -28.937030791773985 ], [ 24.282948198840042, -28.937150496934287 ], [ 24.282979998867564, -28.937229997003111 ], [ 24.282980855022174, -28.937237714085654 ], [ 24.282989501104343, -28.937320708919941 ], [ 24.283003150114983, -28.937398878891514 ], [ 24.283010005647039, -28.937439996794819 ], [ 24.283010005647029, -28.937770000321631 ], [ 24.282999754274901, -28.937928832286175 ], [ 24.282989501104314, -28.938079833853617 ], [ 24.28293402732313, -28.938348668192855 ], [ 24.282890002810969, -28.938559993585233 ], [ 24.282880002349781, -28.938679997320456 ], [ 24.282874601021589, -28.938739372360541 ], [ 24.282869338189016, -28.938789368371062 ], [ 24.28282928418362, -28.938919066797901 ], [ 24.282811499190835, -28.938987834357469 ], [ 24.282799997761153, -28.939029999970963 ], [ 24.282780966308099, -28.939075678336316 ], [ 24.282749175273647, -28.939149857116568 ], [ 24.282739638862683, -28.939300536726776 ], [ 24.282733747403981, -28.93935002372103 ], [ 24.282720000367121, -28.939460000015401 ], [ 24.282707637386952, -28.939571232662672 ], [ 24.282707631991002, -28.939571274031447 ], [ 24.282707627494425, -28.939571314500938 ], [ 24.282699584857369, -28.939640045188316 ], [ 24.282609939536435, -28.939819335830098 ], [ 24.282543973365009, -28.9399774600281 ], [ 24.282480000990446, -28.94013000573155 ], [ 24.28244957063032, -28.940181733836365 ], [ 24.282379149217473, -28.940299987490778 ], [ 24.282320022390163, -28.940479279031848 ], [ 24.282312349374511, -28.94052590887992 ], [ 24.282270001198658, -28.940779997035595 ], [ 24.282189997509306, -28.941149998809784 ], [ 24.282080755061674, -28.941512234038711 ], [ 24.281999587649608, -28.94178008991555 ], [ 24.281969069155977, -28.941999434562625 ], [ 24.281959533644297, -28.94215965328172 ], [ 24.281919478739709, -28.942300797380259 ], [ 24.28183937072901, -28.942609787348161 ], [ 24.28171920781373, -28.943010330098943 ], [ 24.281600445142814, -28.943394272264118 ], [ 24.281579996358175, -28.943459999215897 ], [ 24.281559997234464, -28.943509997025078 ], [ 24.281529998548947, -28.943590001613632 ], [ 24.281519402736532, -28.9436270860575 ], [ 24.281509398678143, -28.943660735990473 ], [ 24.281509398678139, -28.943740844900379 ], [ 24.281496840545106, -28.943786054718945 ], [ 24.281489999402247, -28.943810000967037 ], [ 24.281484070171977, -28.943839648017626 ], [ 24.281484064776031, -28.943839679493951 ], [ 24.281469344672836, -28.943910599131144 ], [ 24.281469344672807, -28.944580077844584 ], [ 24.281474544552879, -28.944843531540076 ], [ 24.281480000739663, -28.945159997572119 ], [ 24.281497226354112, -28.945349500015727 ], [ 24.281509398678065, -28.945489883287859 ], [ 24.281514162386959, -28.945606591007699 ], [ 24.281519998087681, -28.945769998722795 ], [ 24.281519998087667, -28.946070002664829 ], [ 24.28153790988485, -28.946714830961024 ], [ 24.281539916272351, -28.946790695070867 ], [ 24.281499862267026, -28.94746971109463 ], [ 24.281499862266983, -28.94836998012676 ], [ 24.281509398677926, -28.94872093156204 ], [ 24.281498178736047, -28.94891504303116 ], [ 24.28148999940203, -28.94905000069328 ], [ 24.281482685215867, -28.949178011092631 ], [ 24.281469345571882, -28.949399947585807 ], [ 24.281456087766259, -28.949511304339566 ], [ 24.28144000159287, -28.94963999462637 ], [ 24.281422629388818, -28.949770300095633 ], [ 24.28141975335696, -28.949790954825012 ], [ 24.281417075175902, -28.949807559007922 ], [ 24.281399995251569, -28.949909991789028 ], [ 24.28138412401611, -28.949981460911996 ], [ 24.28138411862016, -28.949981486093019 ], [ 24.281379697552914, -28.950000762161768 ], [ 24.281379679566502, -28.950000816121083 ], [ 24.28137965708342, -28.950000870080412 ], [ 24.281359996104868, -28.950050002741815 ], [ 24.281319998756821, -28.950129992041813 ], [ 24.281265414405251, -28.95020798124969 ], [ 24.281249999125961, -28.950229645018418 ], [ 24.281187158098685, -28.950326679169251 ], [ 24.281119997627485, -28.950429996883191 ], [ 24.281045809853989, -28.950528922308195 ], [ 24.280969619290115, -28.950630187769264 ], [ 24.280799865059215, -28.950849533315612 ], [ 24.280599593233966, -28.95112991315121 ], [ 24.280379695503726, -28.951339289712699 ], [ 24.280200001066206, -28.951510002620761 ], [ 24.280000369558277, -28.951629777928101 ], [ 24.279909133336606, -28.951669692538456 ], [ 24.279840468299692, -28.951679229848775 ], [ 24.279560088463775, -28.951679229848761 ], [ 24.279260634007297, -28.951629638533142 ], [ 24.279186626997475, -28.951620827875075 ], [ 24.279099995304744, -28.951610000037586 ], [ 24.278996932998155, -28.951586215667465 ], [ 24.278970717760508, -28.951580048116817 ], [ 24.278919713609877, -28.951564524919057 ], [ 24.278840005797555, -28.951539994111535 ], [ 24.278699994844665, -28.951489996302435 ], [ 24.278653105991829, -28.95146990095126 ], [ 24.278560637699002, -28.951429366708005 ], [ 24.278192287079836, -28.951225717029249 ], [ 24.277929999804897, -28.951080004374745 ], [ 24.277769997822265, -28.951009997549331 ], [ 24.277734785766924, -28.950992391521666 ], [ 24.277610778249866, -28.950929642225237 ], [ 24.277502131153398, -28.950889545951711 ], [ 24.277450002850262, -28.950869995589759 ], [ 24.277392633298263, -28.950847050287123 ], [ 24.277299880819612, -28.950809479309946 ], [ 24.27700996367345, -28.950809479309914 ], [ 24.276902401159365, -28.950833054138126 ], [ 24.276870000384651, -28.950839996904207 ], [ 24.276835205614709, -28.950853380614983 ], [ 24.276739119349205, -28.950889587320511 ], [ 24.276559829606633, -28.951019286646698 ], [ 24.276470182487053, -28.951089854648984 ], [ 24.276470092554902, -28.951089925695459 ], [ 24.276470002622663, -28.951089996741906 ], [ 24.27631950377609, -28.951210022060728 ], [ 24.276189803550491, -28.951299667381662 ], [ 24.27611923105157, -28.951349257797879 ], [ 24.275949477719951, -28.951469420713131 ], [ 24.275791846350273, -28.951541425831952 ], [ 24.275639999419919, -28.951610000037288 ], [ 24.275378880364272, -28.951724240017491 ], [ 24.275320052112001, -28.951749802347329 ], [ 24.275129317597003, -28.951829910357851 ], [ 24.275036238664452, -28.951868605487537 ], [ 24.274960001335945, -28.951899996323576 ], [ 24.274750001544181, -28.951899996323558 ], [ 24.274350000184903, -28.951939994570825 ], [ 24.273759998157391, -28.951899996323476 ], [ 24.273390005376161, -28.951819998929395 ], [ 24.273170005123227, -28.95174000333407 ], [ 24.273038718493559, -28.951688950620181 ], [ 24.27298972522701, -28.951669868805027 ], [ 24.272870000281674, -28.951610000037039 ], [ 24.272770004663236, -28.951580001351527 ], [ 24.272579996800491, -28.951459996717009 ], [ 24.272547881110899, -28.951439560522857 ], [ 24.272470473764439, -28.951389312702176 ], [ 24.272357290487559, -28.951312509700092 ], [ 24.272309998738429, -28.951279995610875 ], [ 24.272285891511618, -28.951264930167952 ], [ 24.272230147034541, -28.951229094882351 ], [ 24.271940230787674, -28.951009750235261 ], [ 24.27186346825502, -28.950964080863134 ], [ 24.271789994543138, -28.950920001492314 ], [ 24.271722810689674, -28.950864015097672 ], [ 24.271610259636226, -28.950769423505601 ], [ 24.271334779306805, -28.950512534861076 ], [ 24.271299996227967, -28.950479994691406 ], [ 24.271285911046135, -28.950467671281473 ], [ 24.271060943837465, -28.950269699022773 ], [ 24.270897332875496, -28.950132361754438 ], [ 24.27080000014972, -28.95005000274087 ], [ 24.270734819086371, -28.950002594079788 ], [ 24.270690917781348, -28.949970244566579 ], [ 24.270460128361783, -28.949699402041176 ], [ 24.270410414738304, -28.949636250747727 ], [ 24.27038999922857, -28.949610004033762 ], [ 24.270327732868008, -28.949524379581778 ], [ 24.270309639407756, -28.949499395516035 ], [ 24.270219998583507, -28.949349998339077 ], [ 24.270178948129328, -28.94928841726195 ], [ 24.270160674804686, -28.949260711847717 ], [ 24.270130156310973, -28.949209213070024 ], [ 24.270050048300384, -28.94908905015485 ], [ 24.270039600876121, -28.949062278236919 ], [ 24.270019997454195, -28.94901000334433 ], [ 24.270008176765227, -28.948954833534 ], [ 24.269990920573722, -28.948869704608487 ], [ 24.269936903694354, -28.948790367316903 ], [ 24.269929993303695, -28.948780003529663 ], [ 24.269929993303695, -28.948739997188394 ], [ 24.269927100184706, -28.94872552080146 ], [ 24.269920348074805, -28.948690413966684 ], [ 24.269910811663763, -28.94862937877814 ], [ 24.269904524503367, -28.948591658513543 ], [ 24.269900002712159, -28.948560004176151 ], [ 24.269887532712627, -28.948503907164863 ], [ 24.269880294069516, -28.948469161857595 ], [ 24.269887034488239, -28.948385587859917 ], [ 24.269890002250989, -28.948349996290592 ], [ 24.269900002712173, -28.94815000415467 ], [ 24.269900002712212, -28.947300003627547 ], [ 24.269890002251046, -28.947009999247381 ], [ 24.269850004003647, -28.94670999530533 ], [ 24.269779998077571, -28.946460003561587 ], [ 24.269724267090417, -28.946283505314799 ], [ 24.269720077148957, -28.946269988504461 ], [ 24.269715694752641, -28.946254923960808 ], [ 24.269659995241735, -28.946060004001239 ], [ 24.269569999185109, -28.945890001557569 ], [ 24.269493445295254, -28.945736908167049 ], [ 24.269479751318446, -28.945709228833032 ], [ 24.269340514681904, -28.945520400881083 ], [ 24.269210814456319, -28.945360183960538 ], [ 24.268970489525078, -28.945089339636468 ], [ 24.268758157791215, -28.944886307792046 ], [ 24.26870999909557, -28.944840001699934 ], [ 24.268665497043447, -28.9448004405231 ], [ 24.268619536290874, -28.944759369384514 ], [ 24.268501757478397, -28.944703692356612 ], [ 24.26841000324718, -28.9446600005937 ], [ 24.268380919172273, -28.944648367863007 ], [ 24.268260955007094, -28.944599151564763 ], [ 24.267980575171268, -28.94449996893356 ], [ 24.267922535624276, -28.944484879208886 ], [ 24.267789994440452, -28.94445000080195 ], [ 24.267698544180131, -28.944428897310818 ], [ 24.267660140430763, -28.944419860922903 ], [ 24.267586860073106, -28.944416674624915 ], [ 24.267440000782841, -28.944409993561383 ], [ 24.267110005349647, -28.944409993561344 ], [ 24.266750002237782, -28.944450000801858 ], [ 24.266538661556748, -28.944478182856841 ], [ 24.266300200020797, -28.944509506243634 ], [ 24.265960692458286, -28.944589615153525 ], [ 24.265875369279119, -28.944605866802245 ], [ 24.265640005008194, -28.944650001031654 ], [ 24.265229995993217, -28.944830002137717 ], [ 24.264599996617736, -28.945159997570592 ], [ 24.264395698527743, -28.945256137795351 ], [ 24.264259337023685, -28.945320129055439 ], [ 24.264174694631318, -28.945364121192036 ], [ 24.263969996342965, -28.945470001973764 ], [ 24.263639993715163, -28.945680001765332 ], [ 24.263584141319434, -28.945723885983277 ], [ 24.263359069789388, -28.945899963347323 ], [ 24.26309998949694, -28.946139996898022 ], [ 24.263099663042961, -28.946140281983141 ], [ 24.26205000672557, -28.947039997932169 ], [ 24.261719994205233, -28.947300003626804 ], [ 24.261519012814873, -28.947481657686854 ], [ 24.261383506566137, -28.947603763137653 ], [ 24.261383511062718, -28.947604129161743 ], [ 24.261385306109492, -28.947739309855766 ], [ 24.261085974860219, -28.947965232144252 ], [ 24.260744952839357, -28.948170219114751 ], [ 24.260365933562742, -28.948307205647399 ], [ 24.260003911472815, -28.948378205324254 ], [ 24.259737909997799, -28.948422193863536 ], [ 24.259508897638582, -28.948424195754352 ], [ 24.258964869853475, -28.948337189943661 ], [ 24.258447852306791, -28.948182189990376 ], [ 24.257892818618462, -28.947978188676611 ], [ 24.257239800195958, -28.947749196102677 ], [ 24.256846782072362, -28.947576189024023 ], [ 24.256271751059067, -28.947330200162682 ], [ 24.255898739253698, -28.947199193222247 ], [ 24.255486719354554, -28.947052199033738 ], [ 24.255094703075702, -28.946947205882712 ], [ 24.254664680547915, -28.94682520205529 ], [ 24.254291678635063, -28.946736195253063 ], [ 24.253957651541086, -28.946663193685314 ], [ 24.253594634801026, -28.946600199773137 ], [ 24.253355635470459, -28.94657719151791 ], [ 24.253117613702997, -28.946579192509532 ], [ 24.252889603188528, -28.946606191955915 ], [ 24.252631583196727, -28.946625183838801 ], [ 24.252460584304124, -28.946652181486723 ], [ 24.252375577686223, -28.946675184345981 ], [ 24.252292883225458, -28.946535418908084 ], [ 24.228748167991842, -28.906725521996425 ], [ 24.221902837039554, -28.89506487367553 ], [ 24.203023129192566, -28.877192232064409 ], [ 24.202620824669484, -28.876811386265015 ], [ 24.186583857622697, -28.895030758789492 ], [ 24.180606501946894, -28.900410574314961 ], [ 24.155976185390383, -28.882650061974616 ], [ 24.136804175393621, -28.86968941575563 ], [ 24.116447095460465, -28.855919787987212 ], [ 24.148174792366316, -28.828560672959277 ], [ 24.148511003014224, -28.828270754014728 ], [ 24.054557919560349, -28.786789808814486 ], [ 24.031025075370575, -28.800630914694086 ], [ 24.030927542995229, -28.800688269856828 ], [ 24.030875537899224, -28.800521299027743 ], [ 24.030027494296167, -28.799168346351077 ], [ 24.029519477164403, -28.79833636374109 ], [ 24.028762431462606, -28.797680382052818 ], [ 24.028491973846762, -28.797329537636774 ], [ 24.028244687263587, -28.79700875216087 ], [ 24.028086398489435, -28.796803415354013 ], [ 24.028161377666471, -28.795920441184144 ], [ 24.02823292053392, -28.795807857755168 ], [ 24.028818423253409, -28.794886472641426 ], [ 24.028994925996972, -28.79439378715233 ], [ 24.029314926365153, -28.793500540026756 ], [ 24.029346454797409, -28.793412526076061 ], [ 24.029357154931091, -28.793342484177099 ], [ 24.029582471076882, -28.791867573538529 ], [ 24.029749999485873, -28.790634946554412 ], [ 24.029777497156719, -28.79043261528188 ], [ 24.029749998586524, -28.790268979138929 ], [ 24.029555512100011, -28.789111660483588 ], [ 24.029532639642376, -28.788981283068573 ], [ 24.029299999418065, -28.787655158967169 ], [ 24.029291499026115, -28.787606706193284 ], [ 24.029276482146717, -28.786063754647362 ], [ 24.02937000534429, -28.785631949663507 ], [ 24.029519749659741, -28.784940554471856 ], [ 24.029520435842496, -28.78493738346226 ], [ 24.029550338300552, -28.784799319541712 ], [ 24.029595499555793, -28.784590806329412 ], [ 24.02999752618846, -28.783007862831386 ], [ 24.030209750003849, -28.782459118102647 ], [ 24.030567568662697, -28.781533903675655 ], [ 24.030669361126524, -28.781265588245176 ], [ 24.030964532112215, -28.78048754427363 ], [ 24.031307917551537, -28.77958240181535 ], [ 24.031328815997202, -28.779527312944104 ], [ 24.031368035431704, -28.779423934975604 ], [ 24.031584638945482, -28.77885297429432 ], [ 24.031576641274462, -28.778044000838989 ], [ 24.030584623406334, -28.774634100791971 ], [ 24.029897599818494, -28.772581163498653 ], [ 24.028965553240923, -28.771007212321578 ], [ 24.028205516394035, -28.770058240503907 ], [ 24.027479482913755, -28.768299290688141 ], [ 24.026837454206557, -28.766576349727117 ], [ 24.026787598490248, -28.766450980636527 ], [ 24.026268790393225, -28.765146386304878 ], [ 24.025555393287032, -28.763352451062907 ], [ 24.025536002105028, -28.763265195240685 ], [ 24.025239385009652, -28.761930492506256 ], [ 24.025096389206951, -28.760057547325946 ], [ 24.025097762471749, -28.759948162785491 ], [ 24.025100008978207, -28.759769105967504 ], [ 24.025103720480359, -28.759473355818781 ], [ 24.025120365132867, -28.758146615681824 ], [ 24.025160006349473, -28.757577602032729 ], [ 24.025266377261925, -28.756050680902206 ], [ 24.025513408437771, -28.754673728917535 ], [ 24.025583447638795, -28.754284082352573 ], [ 24.025623159901752, -28.754033314493913 ], [ 24.025705956885442, -28.753510491823793 ], [ 24.025870002220056, -28.75247462661082 ], [ 24.025898091644837, -28.752297257820238 ], [ 24.025886990413582, -28.751133129498392 ], [ 24.025879867783047, -28.750386397222538 ], [ 24.025914858605287, -28.749467384520241 ], [ 24.02624105979892, -28.748693212130092 ], [ 24.026811825327933, -28.747329233765232 ], [ 24.027333487873307, -28.745193867311308 ], [ 24.02932022697237, -28.739299084693371 ], [ 24.030051347917727, -28.737272402208074 ], [ 24.030872505389098, -28.735943269874539 ], [ 24.031781250532497, -28.735054490580922 ], [ 24.032191031119805, -28.734824581597923 ], [ 24.032333941487053, -28.734744401641581 ], [ 24.033108353996912, -28.734309558747967 ], [ 24.034978104787253, -28.73363408875128 ], [ 24.039636528239502, -28.732754384516873 ], [ 24.041429596536751, -28.732483129202887 ], [ 24.04259837525403, -28.732621291149613 ], [ 24.043728276279246, -28.733128884700413 ], [ 24.047246682232352, -28.734717621631482 ], [ 24.05162087944808, -28.73431702222387 ], [ 24.057497181004003, -28.732985943758095 ], [ 24.060017906058135, -28.730725262173152 ], [ 24.061945851078722, -28.728204361754113 ], [ 24.062816570188097, -28.727000754093812 ], [ 24.063516716683299, -28.726150341677322 ], [ 24.065356322198699, -28.722899327554533 ], [ 24.065852200281565, -28.722016323707035 ], [ 24.066947945954951, -28.718994115099058 ], [ 24.067605041004501, -28.717996776842622 ], [ 24.068843313034421, -28.716774672825835 ], [ 24.070656390347956, -28.714628931792905 ], [ 24.073209766188207, -28.711330419076972 ], [ 24.073281675979118, -28.71126209578248 ], [ 24.073399995284166, -28.711149998886736 ], [ 24.073452611019899, -28.711104900584136 ], [ 24.073680876941847, -28.710910797209014 ], [ 24.073944574353845, -28.710645419863791 ], [ 24.073979996850639, -28.71060999556839 ], [ 24.074249994013584, -28.710349997967541 ], [ 24.074365761942015, -28.710218794974999 ], [ 24.07439994697161, -28.710180283307007 ], [ 24.07444893843952, -28.710119764329185 ], [ 24.07453000063088, -28.710020001635357 ], [ 24.074575433481296, -28.70993367571214 ], [ 24.074630736391249, -28.709829330073092 ], [ 24.074671854294596, -28.709764228150224 ], [ 24.074700001276085, -28.70971999769333 ], [ 24.074715103591142, -28.709689787667205 ], [ 24.074750899306636, -28.709619521837087 ], [ 24.074819564343571, -28.709510802794963 ], [ 24.074819745107241, -28.709510392704072 ], [ 24.074819996018174, -28.709509997901748 ], [ 24.074831531621953, -28.709483634275877 ], [ 24.074890135943235, -28.709350585874432 ], [ 24.074960708442173, -28.709249495781254 ], [ 24.075010298858533, -28.709100722733787 ], [ 24.075180053089476, -28.708770751582513 ], [ 24.075199648417616, -28.708701220498593 ], [ 24.075239996501203, -28.708560001756311 ], [ 24.075277687987533, -28.708430179223043 ], [ 24.075330733599142, -28.708250045916557 ], [ 24.075380324015416, -28.708089828096757 ], [ 24.07540906994544, -28.707978554979988 ], [ 24.075439997630603, -28.707859997354682 ], [ 24.075470620445586, -28.707780382172583 ], [ 24.075540541835501, -28.707599640025034 ], [ 24.075551219486105, -28.707459767567858 ], [ 24.075560000466595, -28.707349999916275 ], [ 24.07559999961331, -28.706979999041458 ], [ 24.075606698663172, -28.706933102094677 ], [ 24.075620649846151, -28.706840515091372 ], [ 24.075620649846169, -28.706609725671967 ], [ 24.075630187156413, -28.706420897719948 ], [ 24.075630187156452, -28.705780029138715 ], [ 24.075634001181292, -28.705632062783184 ], [ 24.075639996961449, -28.705410003082868 ], [ 24.075639996961495, -28.704620000826004 ], [ 24.075633806927762, -28.704561196855423 ], [ 24.075620649846289, -28.704429626040024 ], [ 24.075620649846297, -28.704229355114311 ], [ 24.075584247987766, -28.704140626202616 ], [ 24.07556000046678, -28.704080004702089 ], [ 24.075520002219456, -28.70387999727777 ], [ 24.075517645995621, -28.703873127356601 ], [ 24.075399998484148, -28.703529993727866 ], [ 24.075376077417044, -28.703430893834337 ], [ 24.075330733599422, -28.703239440761209 ], [ 24.075250625588733, -28.703050612809164 ], [ 24.07521769331473, -28.703000079903379 ], [ 24.075139999983783, -28.702880003323141 ], [ 24.07501999714783, -28.702689993661881 ], [ 24.074890001944581, -28.702559999358009 ], [ 24.074700001276504, -28.702239996292331 ], [ 24.074550800151588, -28.701967554772303 ], [ 24.074470519471106, -28.701820373524932 ], [ 24.074319838062117, -28.701549530100245 ], [ 24.074152518296014, -28.701284828145731 ], [ 24.073959996828194, -28.700980003837515 ], [ 24.073937195417013, -28.700936477549874 ], [ 24.07385063117334, -28.70076942398315 ], [ 24.073787758669734, -28.700565511702482 ], [ 24.073779996621123, -28.700540005130591 ], [ 24.073769165186434, -28.70051833596581 ], [ 24.073730468258074, -28.700439452831926 ], [ 24.073640822037767, -28.700340271100028 ], [ 24.073608158661024, -28.700293996484138 ], [ 24.073550004900234, -28.700209992610503 ], [ 24.07342000250247, -28.700119996553926 ], [ 24.073408506468731, -28.700085521942668 ], [ 24.073400496207203, -28.700059891264377 ], [ 24.073338919626693, -28.699985832093834 ], [ 24.073260000519728, -28.699889996739326 ], [ 24.073129997222594, -28.699730002850689 ], [ 24.07306000028975, -28.699659997824025 ], [ 24.072999844638037, -28.699572770780019 ], [ 24.072860717718687, -28.699369430468121 ], [ 24.072802986639253, -28.699287646121263 ], [ 24.072770003103855, -28.699240006334563 ], [ 24.07262648659367, -28.699057351329031 ], [ 24.072549819389103, -28.698959351306261 ], [ 24.072340011152882, -28.698799132587144 ], [ 24.072150252402402, -28.698560758285577 ], [ 24.07210999604963, -28.698510002347899 ], [ 24.072029628134917, -28.698397479173551 ], [ 24.072010039102018, -28.698369979703998 ], [ 24.071929931091411, -28.698259354099047 ], [ 24.071782338853648, -28.69812517974642 ], [ 24.071700004121652, -28.698050003617979 ], [ 24.071674101848057, -28.698024102243675 ], [ 24.071580886218534, -28.697929382048432 ], [ 24.07146072330325, -28.697799682722291 ], [ 24.071310041894343, -28.69768905621806 ], [ 24.071187642365047, -28.697586456163098 ], [ 24.071179999926361, -28.697579989138312 ], [ 24.07117220010619, -28.697573164183311 ], [ 24.071020125647422, -28.697439193976717 ], [ 24.070920943016159, -28.697320937624266 ], [ 24.070920385436484, -28.697320469077457 ], [ 24.070919993332094, -28.697319998732013 ], [ 24.070730001657083, -28.697160005742727 ], [ 24.07060025646539, -28.697040240327887 ], [ 24.070581671975251, -28.697016894826792 ], [ 24.070369998545168, -28.696749996727942 ], [ 24.070184022343099, -28.696557613755786 ], [ 24.070079802609094, -28.696449279623536 ], [ 24.069995739380108, -28.696355208738847 ], [ 24.069840002881868, -28.696179994723874 ], [ 24.069504432551284, -28.695863606932846 ], [ 24.069490430106999, -28.695850375207527 ], [ 24.069490360859191, -28.695850322147574 ], [ 24.069490293410034, -28.695850268188167 ], [ 24.069490000231131, -28.695850000190266 ], [ 24.069189996288721, -28.695639999499267 ], [ 24.068919998226608, -28.695430007801427 ], [ 24.068761807478499, -28.695284993920144 ], [ 24.068679809092917, -28.695209503028909 ], [ 24.068300246625778, -28.694869994567338 ], [ 24.067970275474188, -28.694540024315376 ], [ 24.067704946692064, -28.694303483731421 ], [ 24.066669996088653, -28.693379997801163 ], [ 24.066344221173757, -28.693073384741385 ], [ 24.066329955228163, -28.693059920991011 ], [ 24.066309926426772, -28.693036465772792 ], [ 24.066039996713108, -28.692719998841326 ], [ 24.065861106269505, -28.692497925651164 ], [ 24.065750121834963, -28.692359923783879 ], [ 24.065632670375727, -28.692148807933556 ], [ 24.065599997106364, -28.692089998567017 ], [ 24.065599783067711, -28.692089695495408 ], [ 24.065599441325343, -28.692089081258477 ], [ 24.065120697126236, -28.69141006523466 ], [ 24.064849511059588, -28.691047311096867 ], [ 24.064679992451129, -28.690820008349029 ], [ 24.064515300503878, -28.690620020709673 ], [ 24.064399717835808, -28.690479278608031 ], [ 24.064387532921383, -28.690458480886441 ], [ 24.064289999646775, -28.690290003692986 ], [ 24.064229993282588, -28.690130001710383 ], [ 24.064195823541379, -28.690090132066167 ], [ 24.064109801588899, -28.689989089636978 ], [ 24.064026750097277, -28.689873448513001 ], [ 24.063959995220301, -28.68977999905993 ], [ 24.063749995428505, -28.6895999979537 ], [ 24.063657929132592, -28.689482358536189 ], [ 24.06357002220118, -28.689369202238968 ], [ 24.063350676654547, -28.688980103361192 ], [ 24.063204856081299, -28.688663320767777 ], [ 24.063130003708668, -28.688500000286894 ], [ 24.063102402615765, -28.688459326648651 ], [ 24.062940597492368, -28.688219070066097 ], [ 24.062803533617863, -28.687992555124335 ], [ 24.062760001034867, -28.687919997821673 ], [ 24.062686968890112, -28.687790168993089 ], [ 24.062669852093588, -28.687759574956456 ], [ 24.062664931003383, -28.687745301816275 ], [ 24.062570571436211, -28.687469481543321 ], [ 24.062487812224212, -28.687272734161368 ], [ 24.062470003849072, -28.687229992981784 ], [ 24.06238999926045, -28.686990001699201 ], [ 24.062300003203898, -28.686800001031195 ], [ 24.062274895031624, -28.686722163808827 ], [ 24.062200545380065, -28.68648910450052 ], [ 24.062142215352193, -28.686225829770134 ], [ 24.062130001659376, -28.686170000756906 ], [ 24.06212798537943, -28.686153878610536 ], [ 24.06211090005915, -28.686010361201188 ], [ 24.062040328459506, -28.685810088476735 ], [ 24.062034587187515, -28.685782947836696 ], [ 24.062019997485969, -28.685710002926225 ], [ 24.062009989830198, -28.685570000067401 ], [ 24.062009989830202, -28.685429998107868 ], [ 24.061973104136474, -28.685311938706942 ], [ 24.061960219549558, -28.685270309089404 ], [ 24.061956255338018, -28.685240040607361 ], [ 24.061940000091973, -28.685110002236719 ], [ 24.061940000091983, -28.68493000113061 ], [ 24.061923859959187, -28.68483852658861 ], [ 24.061910628233953, -28.684759139834384 ], [ 24.06191062823396, -28.684579849192577 ], [ 24.06190567027156, -28.684541007473403 ], [ 24.061900001844677, -28.684490001524246 ], [ 24.061882165590514, -28.684121453054551 ], [ 24.061870574228603, -28.683870315574495 ], [ 24.06184369169398, -28.683817390472054 ], [ 24.061809997694276, -28.68374999797593 ], [ 24.061809997694279, -28.683600003649104 ], [ 24.061793442974007, -28.683555856829219 ], [ 24.061750411313426, -28.68343925522937 ], [ 24.061740460314908, -28.683320742570128 ], [ 24.061730000300187, -28.683189994634432 ], [ 24.061718266845439, -28.683131346246512 ], [ 24.061700819997814, -28.683040619041204 ], [ 24.061660765992425, -28.682899474942662 ], [ 24.06165433763849, -28.682809464497065 ], [ 24.061649994812299, -28.682739995466278 ], [ 24.061609997464259, -28.682590002038808 ], [ 24.061569999216946, -28.682310005314335 ], [ 24.061510149334779, -28.682100517236858 ], [ 24.061510116959077, -28.682100405721002 ], [ 24.061510085482833, -28.682100296003696 ], [ 24.061510001845914, -28.682100003724074 ], [ 24.061300277246641, -28.681350707480952 ], [ 24.061220168336675, -28.681119918960903 ], [ 24.061215928932551, -28.681103732962676 ], [ 24.061199997442461, -28.681040005203872 ], [ 24.061149999633329, -28.680860004097667 ], [ 24.061110000486636, -28.680680002991547 ], [ 24.061103241182053, -28.680657476772883 ], [ 24.061080932599406, -28.680580138674284 ], [ 24.06108093259942, -28.680400848032484 ], [ 24.06102888703392, -28.680204053885724 ], [ 24.061020004430109, -28.680169998358519 ], [ 24.061001705025078, -28.680107791353283 ], [ 24.060970305195827, -28.680000305281581 ], [ 24.060930251190445, -28.679750443040287 ], [ 24.060720442954256, -28.679000853618255 ], [ 24.060712251029784, -28.678907015657924 ], [ 24.060700000464859, -28.678759996288527 ], [ 24.060657601926899, -28.678657043699314 ], [ 24.060630797633337, -28.678590775355691 ], [ 24.060570005261621, -28.678379902322337 ], [ 24.060570005261631, -28.678220001063885 ], [ 24.060490000673013, -28.677949994908037 ], [ 24.060471967467315, -28.67788086761961 ], [ 24.060430526707481, -28.677719115556393 ], [ 24.060340880487178, -28.677570342508904 ], [ 24.060340880487249, -28.676349639635792 ], [ 24.060320897551318, -28.676082580558276 ], [ 24.060319998229367, -28.676070002640184 ], [ 24.060319971249616, -28.676069926197776 ], [ 24.060319944269953, -28.676069848856088 ], [ 24.060319900203243, -28.676069259800162 ], [ 24.06030992762101, -28.676041227032684 ], [ 24.060250001296431, -28.675870003309655 ], [ 24.060199995393337, -28.675700000865973 ], [ 24.060199882978104, -28.675699740062601 ], [ 24.060199737287977, -28.675699233744218 ], [ 24.060197769571229, -28.675694805482554 ], [ 24.060170003902417, -28.67563000393319 ], [ 24.060174370110975, -28.675612540897635 ], [ 24.060180663566605, -28.675590514702098 ], [ 24.060180663566616, -28.675430297781663 ], [ 24.060165900295907, -28.675352456062633 ], [ 24.060159996246746, -28.675319999529961 ], [ 24.060129998460514, -28.675240003035299 ], [ 24.060120006093218, -28.675080001052869 ], [ 24.060112039898581, -28.674968564259476 ], [ 24.060110091067706, -28.674940108810539 ], [ 24.060110091067724, -28.674669266285242 ], [ 24.060101019606265, -28.674613130603099 ], [ 24.060079998852672, -28.674479999464001 ], [ 24.06008999931387, -28.674240000986821 ], [ 24.060106892179217, -28.674130185671139 ], [ 24.060110091067756, -28.674110413176656 ], [ 24.06011009106777, -28.673839568852618 ], [ 24.060030001043597, -28.673380001797259 ], [ 24.060029989352326, -28.673379950535857 ], [ 24.060029975862584, -28.673379900173835 ], [ 24.05995000454886, -28.673069998293396 ], [ 24.059919998668839, -28.672930002629084 ], [ 24.059840001274729, -28.672760001984045 ], [ 24.059825975448085, -28.672727271158173 ], [ 24.059810637510573, -28.672689437579059 ], [ 24.059798323993068, -28.672649138958167 ], [ 24.059789995371627, -28.672619999125228 ], [ 24.059693921696741, -28.672515919685477 ], [ 24.059669494311276, -28.672489165753962 ], [ 24.05959919970276, -28.67244280210522 ], [ 24.059579995579831, -28.672429997557913 ], [ 24.059484600893011, -28.672375486950674 ], [ 24.059370039854738, -28.672309875112127 ], [ 24.059280395433078, -28.67223930351253 ], [ 24.059219871059334, -28.672201737931292 ], [ 24.059169994658589, -28.672169999956996 ], [ 24.059100004920339, -28.672090002563042 ], [ 24.059020000331714, -28.671990006944746 ], [ 24.059020000331724, -28.671849995991959 ], [ 24.058900422875062, -28.67161937834306 ], [ 24.058879850883198, -28.671579361209979 ], [ 24.058800000078683, -28.67125000249704 ], [ 24.058729995051962, -28.671070002290207 ], [ 24.058639998096133, -28.670840002475533 ], [ 24.058539994383803, -28.67064000224573 ], [ 24.058469974068597, -28.670505792819469 ], [ 24.058420180405491, -28.670410156215134 ], [ 24.058290481079169, -28.670089721474785 ], [ 24.058179854574853, -28.669849395644416 ], [ 24.058147369263853, -28.6697339685591 ], [ 24.058090056369199, -28.669530168693658 ], [ 24.058090031188101, -28.669530077862145 ], [ 24.058090009604477, -28.669529987929906 ], [ 24.057980000035119, -28.669029999945806 ], [ 24.057950001349628, -28.66856000165405 ], [ 24.057950001349649, -28.668189999879939 ], [ 24.057956462079218, -28.668002615339699 ], [ 24.057960509028405, -28.667900084532562 ], [ 24.05796050902843, -28.667409897360191 ], [ 24.057993608576378, -28.667180340911322 ], [ 24.058019998282571, -28.667000006156645 ], [ 24.058012268609584, -28.666806743647616 ], [ 24.05800056393316, -28.666500091917033 ], [ 24.058026732406091, -28.666381607136731 ], [ 24.058069996091849, -28.666190003876896 ], [ 24.058140002017964, -28.665939997744044 ], [ 24.058229998074445, -28.665759996637856 ], [ 24.05824550598382, -28.665732081681554 ], [ 24.058280944668468, -28.665670394484433 ], [ 24.058343634609685, -28.66558900763793 ], [ 24.058390000057123, -28.665529997722583 ], [ 24.058509995698579, -28.665410002081263 ], [ 24.058569265518095, -28.665358139977592 ], [ 24.058589934636711, -28.66534042423255 ], [ 24.058632519334296, -28.665306589039236 ], [ 24.058729995052293, -28.665230000975182 ], [ 24.058772161565113, -28.665194867160743 ], [ 24.058790206461993, -28.665180205513483 ], [ 24.058980940976948, -28.665069579908561 ], [ 24.059099196430228, -28.665000915771078 ], [ 24.059259414250111, -28.664920806861197 ], [ 24.059461345324664, -28.664852883765093 ], [ 24.059469999500713, -28.664849999639266 ], [ 24.059505447178431, -28.664837238259405 ], [ 24.059719085627354, -28.664760589940812 ], [ 24.059869765237622, -28.664730072346504 ], [ 24.060079574373226, -28.664720535036214 ], [ 24.060369491519534, -28.664680481030974 ], [ 24.06071090654412, -28.664680481031013 ], [ 24.060982954161265, -28.66462647854075 ], [ 24.061219996567115, -28.664579993483549 ], [ 24.061419995897829, -28.664529995674474 ], [ 24.061609997465297, -28.664500005082896 ], [ 24.061900001845824, -28.664439998718699 ], [ 24.062169999907951, -28.664370001785947 ], [ 24.062370884171688, -28.664321004022959 ], [ 24.0625801078485, -28.66427040097004 ], [ 24.062781632429456, -28.664232660021113 ], [ 24.063119995155088, -28.664170001556251 ], [ 24.063265621474766, -28.664154929818011 ], [ 24.063409804382651, -28.664140700744738 ], [ 24.063919066176151, -28.664070125547813 ], [ 24.063919997873811, -28.664069998743468 ], [ 24.064510344341652, -28.663990021134644 ], [ 24.064670562161616, -28.663970946514031 ], [ 24.064758456502577, -28.663963191660034 ], [ 24.064799995288627, -28.663959993670876 ], [ 24.065050002321012, -28.663959993670915 ], [ 24.065220253877051, -28.66393228196138 ], [ 24.065479278411662, -28.663890838503587 ], [ 24.065571671161472, -28.663871663158908 ], [ 24.065579997084985, -28.663869996715125 ], [ 24.065699993625717, -28.663840006123628 ], [ 24.065772921449124, -28.66382541912002 ], [ 24.065849303568584, -28.663810729593724 ], [ 24.065999984078221, -28.663770675588477 ], [ 24.06607368531861, -28.663735993233718 ], [ 24.066129999965916, -28.663710002826654 ], [ 24.066290001948495, -28.663639997799915 ], [ 24.066407922853919, -28.663587590707039 ], [ 24.066469191866336, -28.663560867352412 ], [ 24.066690443975631, -28.663520813347166 ], [ 24.066836987603939, -28.663456090038874 ], [ 24.066920002223466, -28.663419997547127 ], [ 24.067107015343748, -28.663413550307435 ], [ 24.067209243079457, -28.663410186843002 ], [ 24.067215611178934, -28.663408751525015 ], [ 24.067480005565489, -28.663350000614408 ], [ 24.067710642100383, -28.663286572329863 ], [ 24.067880629255658, -28.663240432612323 ], [ 24.0680635351722, -28.663176908999667 ], [ 24.068200000997646, -28.663130001261099 ], [ 24.068519996869092, -28.66310000167627 ], [ 24.068641754282339, -28.66306294331271 ], [ 24.0687503806944, -28.663030623477024 ], [ 24.068889617330978, -28.663030623477042 ], [ 24.068916329893835, -28.663011768291017 ], [ 24.069019993846826, -28.662940000593196 ], [ 24.069199994953109, -28.662889993790778 ], [ 24.069409995644374, -28.662880003222167 ], [ 24.069410323896911, -28.662879946564914 ], [ 24.069589995851285, -28.662849995543446 ], [ 24.070019995896256, -28.662759998587735 ], [ 24.070134148642289, -28.662755608996843 ], [ 24.070280074436276, -28.66275024364159 ], [ 24.070756912972058, -28.662776791628477 ], [ 24.071170000366521, -28.662799997734538 ], [ 24.071489996237872, -28.662799997734574 ], [ 24.071599999512028, -28.662809997296392 ], [ 24.071652489342604, -28.662814375196213 ], [ 24.071720121957821, -28.662820816140616 ], [ 24.071860623041257, -28.662804373835698 ], [ 24.071899996259759, -28.662799997734627 ], [ 24.072229998887607, -28.662799997734663 ], [ 24.072340003061043, -28.662769999049182 ], [ 24.072649999370672, -28.662769999049214 ], [ 24.07284939165897, -28.662710184240673 ], [ 24.073030471052402, -28.662700653225603 ], [ 24.073179244100029, -28.662660599220352 ], [ 24.07340049620932, -28.662630080726686 ], [ 24.073600768034595, -28.662570953000184 ], [ 24.073820113581153, -28.662570953000213 ], [ 24.073954491180729, -28.662563273689241 ], [ 24.074019995100681, -28.66255999925778 ], [ 24.07423999535375, -28.662559999257812 ], [ 24.074579998442694, -28.662520001010456 ], [ 24.074799996897028, -28.66247000320131 ], [ 24.074824779514703, -28.662467935659965 ], [ 24.074920653540133, -28.662460326496195 ], [ 24.075180053092087, -28.662450790085181 ], [ 24.075649259980906, -28.662330627170068 ], [ 24.075765215867687, -28.662317872085538 ], [ 24.075839998093151, -28.662310001218927 ], [ 24.076070005102636, -28.662269993978491 ], [ 24.076100929190577, -28.662260156294579 ], [ 24.076290130361404, -28.662200927843934 ], [ 24.076347092520535, -28.662193655925925 ], [ 24.076380001412268, -28.66218999658448 ], [ 24.076483687848341, -28.662152974193837 ], [ 24.076520745312582, -28.662139953809248 ], [ 24.076537142651464, -28.662138781992653 ], [ 24.076660155518319, -28.662130356244482 ], [ 24.076708560628152, -28.662123061843307 ], [ 24.076800000995963, -28.662110000089942 ], [ 24.076916879587149, -28.662071036962306 ], [ 24.076980590258881, -28.662050247334609 ], [ 24.077270507405188, -28.661970139324008 ], [ 24.077355349447018, -28.66194284220196 ], [ 24.077489999541246, -28.661900000298342 ], [ 24.077789995389612, -28.661810004241893 ], [ 24.077980004151676, -28.661739998315884 ], [ 24.078279494581135, -28.661640168172827 ], [ 24.078279993704815, -28.661640004496295 ], [ 24.078510000714296, -28.661569996771647 ], [ 24.078847580130422, -28.66144071023438 ], [ 24.078979490889576, -28.661390305032342 ], [ 24.079290389219178, -28.661390305032374 ], [ 24.079479217171386, -28.661340713716804 ], [ 24.079553038920974, -28.66132782373387 ], [ 24.079599997920905, -28.661319997833413 ], [ 24.079759999903658, -28.661250000900662 ], [ 24.079999999280265, -28.66115998775707 ], [ 24.080109914420827, -28.661130400061772 ], [ 24.080259322389814, -28.661090850576141 ], [ 24.081020353887041, -28.660810470740604 ], [ 24.081137718112071, -28.660731516560197 ], [ 24.081230000245299, -28.660669991241054 ], [ 24.081369994111093, -28.660580003278568 ], [ 24.081509994272029, -28.660459995046786 ], [ 24.081510542858538, -28.660459517506819 ], [ 24.081528647110609, -28.660438685610877 ], [ 24.081650000728377, -28.66030000475547 ], [ 24.081683849411558, -28.660266151575652 ], [ 24.081720351094781, -28.660230637348107 ], [ 24.081880568015389, -28.659969330334409 ], [ 24.081883593334762, -28.659965379612611 ], [ 24.08194999657676, -28.659879997078249 ], [ 24.081977698393807, -28.659830134167471 ], [ 24.082000730930773, -28.659790038793336 ], [ 24.082016822500115, -28.659717095681511 ], [ 24.082030001165403, -28.659659997724756 ], [ 24.082081511634325, -28.659505461821666 ], [ 24.082090377151012, -28.659479141363409 ], [ 24.082130431156326, -28.659370422321285 ], [ 24.08214115467246, -28.659297505289764 ], [ 24.082150004900754, -28.659239998141476 ], [ 24.082191135394567, -28.659151836702002 ], [ 24.08222007737665, -28.659090041586225 ], [ 24.082260131381972, -28.658840179344924 ], [ 24.082288227102065, -28.658693213934779 ], [ 24.082309997890199, -28.658579999181732 ], [ 24.082314444138376, -28.658515533978793 ], [ 24.082330702981743, -28.658290862647284 ], [ 24.082330702981753, -28.658149718548753 ], [ 24.082317098937096, -28.658053253668843 ], [ 24.082309997890231, -28.657999996716576 ], [ 24.082302574886064, -28.657929479076312 ], [ 24.082290648077095, -28.657810210986494 ], [ 24.082261239346785, -28.657637427839063 ], [ 24.082260110697693, -28.657630654145454 ], [ 24.082250594071805, -28.657510756530318 ], [ 24.082223944461536, -28.657405820036612 ], [ 24.082219986545226, -28.657389995565897 ], [ 24.082190003148195, -28.657280001285098 ], [ 24.082162794159693, -28.657189313650001 ], [ 24.082130431156454, -28.657079697084395 ], [ 24.082120893846223, -28.656900405543404 ], [ 24.082050322246584, -28.656719208338863 ], [ 24.082041434246726, -28.656677189314866 ], [ 24.082030001165574, -28.656620002325326 ], [ 24.081899997868454, -28.656249999651831 ], [ 24.081803613028089, -28.656042409143929 ], [ 24.081769942410656, -28.655969619816101 ], [ 24.081590650869426, -28.655559539754972 ], [ 24.081560246589685, -28.655488594936685 ], [ 24.081539996555215, -28.655439999170603 ], [ 24.081500862556304, -28.655361731172913 ], [ 24.08147048885343, -28.655300140203259 ], [ 24.08143043394886, -28.655099869277535 ], [ 24.081350325938256, -28.654880523731183 ], [ 24.081279995356844, -28.654659998274251 ], [ 24.081249999369359, -28.654409997537336 ], [ 24.08119999346626, -28.654199997745632 ], [ 24.081160002413451, -28.654069995347896 ], [ 24.081130004627312, -28.653839995533311 ], [ 24.081130004627322, -28.653650011053081 ], [ 24.081081658872687, -28.653429017948724 ], [ 24.081060409691418, -28.653329848807381 ], [ 24.081010817476425, -28.653060912844797 ], [ 24.080997861842963, -28.653011446534911 ], [ 24.08099000086904, -28.652980005336907 ], [ 24.080960002183531, -28.652850002039891 ], [ 24.080943943889007, -28.652721585146939 ], [ 24.0809402458768, -28.652690886788854 ], [ 24.080940245876803, -28.652599334905279 ], [ 24.08093070946585, -28.652469634679779 ], [ 24.080900190972137, -28.65237045294797 ], [ 24.080890655460468, -28.652219771539102 ], [ 24.080890655460475, -28.652099608623931 ], [ 24.080900190972159, -28.652009964202357 ], [ 24.080900190972176, -28.651710509746099 ], [ 24.080904103922414, -28.651652605996837 ], [ 24.080910004374374, -28.651570003266936 ], [ 24.080950002621709, -28.651469998655418 ], [ 24.080953697036705, -28.651445984058796 ], [ 24.080970763471218, -28.651340484589547 ], [ 24.081020353887581, -28.651170731258166 ], [ 24.081057608303357, -28.651004517658219 ], [ 24.081069998263185, -28.650950001655133 ], [ 24.081097973474161, -28.650882059673219 ], [ 24.08114051770217, -28.65077972401896 ], [ 24.081220626612165, -28.65060996978821 ], [ 24.081250340212577, -28.650554375497972 ], [ 24.081279998954379, -28.650500004285739 ], [ 24.081314447485386, -28.65036713395002 ], [ 24.081350325938523, -28.650230408220708 ], [ 24.081350325938534, -28.649969101206995 ], [ 24.081430433949169, -28.649669646750745 ], [ 24.081558658387316, -28.649185038972323 ], [ 24.081559995679193, -28.649179996473631 ], [ 24.081560129678138, -28.649179456880372 ], [ 24.081630706673845, -28.648889541533023 ], [ 24.081720351095434, -28.648590087976135 ], [ 24.08181876660506, -28.648386976991404 ], [ 24.081899997868906, -28.648220002565036 ], [ 24.081980003356826, -28.648030001897038 ], [ 24.082003941511068, -28.647974143206131 ], [ 24.082040785836028, -28.647890090769039 ], [ 24.082058787565494, -28.647777281610306 ], [ 24.082070000312772, -28.647710006025921 ], [ 24.082060016039456, -28.647460188750689 ], [ 24.082120893846771, -28.647169113277997 ], [ 24.082130431157019, -28.647020340230515 ], [ 24.08222007737735, -28.646690369079327 ], [ 24.082260131382661, -28.646600722859095 ], [ 24.082330702982411, -28.646400451933303 ], [ 24.082364278271665, -28.646331437060205 ], [ 24.082399994846732, -28.64625999761483 ], [ 24.08243289384594, -28.646150345975684 ], [ 24.082460402308676, -28.646060943471792 ], [ 24.082590102534308, -28.645830154052408 ], [ 24.082670211444299, -28.64562034581639 ], [ 24.082750319455013, -28.645389557296284 ], [ 24.082870482370232, -28.645069121656761 ], [ 24.082873415958808, -28.645063172641343 ], [ 24.082939998165823, -28.644930000133492 ], [ 24.08305999470657, -28.644680002094518 ], [ 24.083179997542544, -28.644409995938695 ], [ 24.083220003883852, -28.644280000735556 ], [ 24.083379998671923, -28.644019995040924 ], [ 24.083406413559114, -28.643989807497789 ], [ 24.083520888262463, -28.64385986265669 ], [ 24.083587329276018, -28.643759000991281 ], [ 24.083679994520391, -28.643619993681895 ], [ 24.083830004135759, -28.643460000692652 ], [ 24.083963722532342, -28.643343004290411 ], [ 24.08399009605067, -28.643320084168707 ], [ 24.084140777459591, -28.643169402759948 ], [ 24.084348158425712, -28.642889437511741 ], [ 24.084369869858566, -28.642860173572384 ], [ 24.084520339027488, -28.642690658561303 ], [ 24.084593752484917, -28.642616239662001 ], [ 24.084659997446142, -28.642549994700758 ], [ 24.084823157847854, -28.642368712960049 ], [ 24.08484076927148, -28.642349237241767 ], [ 24.084980003210131, -28.642210000605338 ], [ 24.085110004708625, -28.642059998184649 ], [ 24.08521162360336, -28.641965152983715 ], [ 24.085260390240624, -28.641920089754663 ], [ 24.085430144471648, -28.641780853118245 ], [ 24.085639953607167, -28.641550063698862 ], [ 24.08576011652255, -28.641429900783702 ], [ 24.085889814949525, -28.641290665046554 ], [ 24.085909872529054, -28.6412590871515 ], [ 24.085979994467777, -28.641150001186002 ], [ 24.086059702280036, -28.641000540157215 ], [ 24.086078028664815, -28.640971860777192 ], [ 24.086310006088816, -28.640609996968259 ], [ 24.086424206498961, -28.640351137009816 ], [ 24.086460113730315, -28.640270233099226 ], [ 24.086512650325627, -28.640164702153744 ], [ 24.086680000668807, -28.639830003266486 ], [ 24.086740306507238, -28.639713693946273 ], [ 24.086820601576935, -28.639560698581818 ], [ 24.086940960544478, -28.639358394288955 ], [ 24.086999995640905, -28.63926000126261 ], [ 24.087088904417072, -28.639064414006004 ], [ 24.087150573627859, -28.638929367311029 ], [ 24.087161709033445, -28.638871459065101 ], [ 24.087169997185487, -28.638830001218079 ], [ 24.087181816075812, -28.638802420809633 ], [ 24.087230681638481, -28.638690948043337 ], [ 24.087269037723853, -28.638639807195869 ], [ 24.08730000048255, -28.638600002302795 ], [ 24.08730466886335, -28.638534630583301 ], [ 24.087310790548475, -28.638460158623939 ], [ 24.087364523242204, -28.638350960243208 ], [ 24.087370005509385, -28.638339995708776 ], [ 24.087377413225074, -28.638312826290413 ], [ 24.087400434970146, -28.638229370103922 ], [ 24.08742166166844, -28.638125296959423 ], [ 24.087460002465246, -28.637939995249099 ], [ 24.087481452195441, -28.637832746598509 ], [ 24.087490081190477, -28.637790679910516 ], [ 24.087493481527119, -28.637760422220204 ], [ 24.087510001173769, -28.63762000027733 ], [ 24.087549998521922, -28.637409999586364 ], [ 24.087605930957292, -28.637214227069503 ], [ 24.0876102441058, -28.637199401745605 ], [ 24.087619671698828, -28.637173128051987 ], [ 24.087700000942704, -28.636950000856423 ], [ 24.08777999833675, -28.636700002817456 ], [ 24.087880002049097, -28.636529993179273 ], [ 24.087886770346849, -28.636509681990805 ], [ 24.087890623941721, -28.63649940453849 ], [ 24.087930677947121, -28.636369705212289 ], [ 24.087930677947138, -28.636070250756127 ], [ 24.087984620182766, -28.635878843548355 ], [ 24.087990006222565, -28.635859994657643 ], [ 24.087999997690492, -28.635830004066026 ], [ 24.088021241475914, -28.635774774001153 ], [ 24.08805084086244, -28.635700225599582 ], [ 24.088060378172777, -28.635599135506304 ], [ 24.088069915483022, -28.635520934957778 ], [ 24.088069915483022, -28.635520631886259 ], [ 24.088069994623449, -28.635519999662918 ], [ 24.08806999462346, -28.635369997242204 ], [ 24.088109969488436, -28.635240555122163 ], [ 24.088140487082789, -28.635080338201636 ], [ 24.08819007839843, -28.634950637976154 ], [ 24.088230001102733, -28.634770003747242 ], [ 24.088230143195556, -28.63476944167099 ], [ 24.088279994415302, -28.63458000397862 ], [ 24.088285161919778, -28.63456191681361 ], [ 24.088340758008727, -28.634370803684291 ], [ 24.088420866918728, -28.634010314938777 ], [ 24.088479995544702, -28.633800506702663 ], [ 24.088511853128864, -28.633717184515117 ], [ 24.088530001447818, -28.633669997986658 ], [ 24.088579999256975, -28.633389993168304 ], [ 24.088619997504317, -28.633140003223204 ], [ 24.088700002092956, -28.632970000779544 ], [ 24.088769999925184, -28.63280000013452 ], [ 24.088809998172522, -28.632659989181825 ], [ 24.088829772465768, -28.632617623019513 ], [ 24.088880538296028, -28.632509232229928 ], [ 24.089000701211326, -28.632289885784317 ], [ 24.089050292526967, -28.632150650047159 ], [ 24.089120864126631, -28.631959914633033 ], [ 24.089160918131945, -28.631809235022828 ], [ 24.089176860413865, -28.631708803233362 ], [ 24.089179991853239, -28.631690002006657 ], [ 24.089200150156909, -28.631612253817174 ], [ 24.089250564352273, -28.631420135245722 ], [ 24.089261656590352, -28.631361717983591 ], [ 24.089280004558766, -28.631270001524097 ], [ 24.08932000370547, -28.631139999126361 ], [ 24.089349994297116, -28.631039994514836 ], [ 24.089390000638328, -28.630939998896572 ], [ 24.08939613041742, -28.630903231014052 ], [ 24.0894107812729, -28.630819320669875 ], [ 24.089441321350339, -28.630773019074248 ], [ 24.089469997133094, -28.630729999104886 ], [ 24.089480925694623, -28.630686299248083 ], [ 24.089500426593855, -28.630609511534477 ], [ 24.089511412712014, -28.63058718496535 ], [ 24.089560002182914, -28.630489999728429 ], [ 24.089587880266961, -28.630420304068533 ], [ 24.08962058950916, -28.630340575571839 ], [ 24.089666717535671, -28.630226537039803 ], [ 24.089689997386099, -28.630169995763431 ], [ 24.089706809312457, -28.630116207311872 ], [ 24.089740752424547, -28.630010605319921 ], [ 24.089756897053942, -28.629807186766993 ], [ 24.08975999431906, -28.629770002498351 ], [ 24.089763412642199, -28.629763477916942 ], [ 24.089870452650192, -28.629560471253562 ], [ 24.089898889213281, -28.629473324249282 ], [ 24.089929994964269, -28.629380001600563 ], [ 24.090089996946858, -28.628970001579091 ], [ 24.090213403716859, -28.628698513340549 ], [ 24.090240478706427, -28.628639221038021 ], [ 24.090320586717059, -28.628330231070098 ], [ 24.090378931134239, -28.628174643859523 ], [ 24.090430008129818, -28.628040006355992 ], [ 24.090523749862783, -28.627827514542965 ], [ 24.090579986269038, -28.627700806361947 ], [ 24.090612348372829, -28.62762093397378 ], [ 24.090669999412654, -28.627480003014529 ], [ 24.090819993739636, -28.627240003638082 ], [ 24.090834389187592, -28.627212411538462 ], [ 24.090940474115659, -28.627010344666523 ], [ 24.090991328978699, -28.62689879275997 ], [ 24.0910000029399, -28.62688000232508 ], [ 24.091037541541414, -28.626778107338673 ], [ 24.091070174341201, -28.626689910825561 ], [ 24.091134465075708, -28.626324683552252 ], [ 24.091159995929349, -28.626180012312556 ], [ 24.091270446166607, -28.625780106281784 ], [ 24.091350554177232, -28.62550926195776 ], [ 24.091412632579448, -28.625357893466955 ], [ 24.0914900003559, -28.625170002608446 ], [ 24.091527871706614, -28.625122032770488 ], [ 24.091640471323466, -28.624980927342893 ], [ 24.091854183516784, -28.624625788664176 ], [ 24.091900008471683, -28.624550002795406 ], [ 24.092080001484096, -28.624339994909857 ], [ 24.09224076159526, -28.624111222669782 ], [ 24.092340468531315, -28.623970031806529 ], [ 24.092391335085622, -28.623887861650516 ], [ 24.092490002405373, -28.623729993759238 ], [ 24.09263999673227, -28.623399999225686 ], [ 24.092930001112709, -28.62307000289341 ], [ 24.093026970512515, -28.622980788347807 ], [ 24.093179702375735, -28.622840880817101 ], [ 24.093272986353703, -28.622735381347866 ], [ 24.093339993040725, -28.622659994778086 ], [ 24.093552838287604, -28.622474918797611 ], [ 24.093570708715962, -28.622459411787631 ], [ 24.093759536668262, -28.62227058383553 ], [ 24.093990325188521, -28.622070312909759 ], [ 24.094430608981046, -28.621639559233518 ], [ 24.094467330998153, -28.621613194708388 ], [ 24.094820022621871, -28.62136077929177 ], [ 24.095039367269148, -28.621200561472062 ], [ 24.095043954710956, -28.621196648521835 ], [ 24.095170003689006, -28.62108999881972 ], [ 24.095279998869277, -28.621060000134236 ], [ 24.095329424709632, -28.621028549942995 ], [ 24.095390319604064, -28.620990753235986 ], [ 24.095560072935708, -28.620830536315562 ], [ 24.095710753445342, -28.620740890994721 ], [ 24.095830196903073, -28.620649885898921 ], [ 24.095989996538176, -28.620560003156978 ], [ 24.096165396712998, -28.62044651051345 ], [ 24.09633064264245, -28.620340347344552 ], [ 24.0964038870273, -28.620316671792455 ], [ 24.096520000295389, -28.620280005533282 ], [ 24.09673000008728, -28.620200000944756 ], [ 24.096921083539186, -28.620146493981025 ], [ 24.096979140173229, -28.620130539108583 ], [ 24.097290038502827, -28.620000838883126 ], [ 24.097560881927752, -28.619920730872622 ], [ 24.097706318490506, -28.619871220496037 ], [ 24.097830006748211, -28.619829999170683 ], [ 24.097999999299521, -28.619780001361605 ], [ 24.098123157856588, -28.619770152885895 ], [ 24.098249434363204, -28.619760513052892 ], [ 24.098440168878142, -28.619770050363229 ], [ 24.09864997801364, -28.619810103469241 ], [ 24.098690036515613, -28.619812107158729 ], [ 24.098840007460215, -28.619819998709719 ], [ 24.099269999411199, -28.619819998709758 ], [ 24.099489997865525, -28.619780001361772 ], [ 24.099637459701558, -28.619770491930502 ], [ 24.09980010928831, -28.619760513053066 ], [ 24.09989026542419, -28.619756536250989 ], [ 24.100060001668698, -28.619750001777074 ], [ 24.100319999269722, -28.619780001361864 ], [ 24.100469862295583, -28.619771903866152 ], [ 24.100690841011023, -28.619760513053169 ], [ 24.100950240562881, -28.619760513053198 ], [ 24.101150512388148, -28.619710921737632 ], [ 24.101313849956306, -28.619678494882677 ], [ 24.101409990181068, -28.619660005720664 ], [ 24.101530000211628, -28.619580001132206 ], [ 24.1016566814131, -28.619503993130817 ], [ 24.10168075536502, -28.61948966962861 ], [ 24.101860045107628, -28.61934089658115 ], [ 24.102010726516543, -28.619260787671262 ], [ 24.102220001454921, -28.61911999610701 ], [ 24.102220534752863, -28.61911964357283 ], [ 24.102235081286988, -28.619109347234744 ], [ 24.102389983214245, -28.618999998667139 ], [ 24.102570002307029, -28.618829997122756 ], [ 24.10277000163774, -28.618719992949444 ], [ 24.102906440483427, -28.618596757050913 ], [ 24.103080748881268, -28.618440627549159 ], [ 24.1033306111228, -28.618330001944248 ], [ 24.103549956669447, -28.618190765307819 ], [ 24.103950499420623, -28.617900848161845 ], [ 24.104200362561528, -28.617750167652471 ], [ 24.104450226601806, -28.61758995073205 ], [ 24.104465211105676, -28.617580085169202 ], [ 24.104680000686759, -28.617440002270609 ], [ 24.104959997411498, -28.617300000311189 ], [ 24.105064207253065, -28.61724315956052 ], [ 24.105180739605213, -28.617179870670949 ], [ 24.105319976241876, -28.617090225350097 ], [ 24.105350965980232, -28.617074516891837 ], [ 24.105460002483188, -28.617020001788127 ], [ 24.105799997478336, -28.616820009652152 ], [ 24.105893660070862, -28.616775403278723 ], [ 24.106010436139343, -28.616720200193615 ], [ 24.10621070796461, -28.616590499968144 ], [ 24.106328467891426, -28.616517880612289 ], [ 24.106439997315007, -28.616449991690359 ], [ 24.106619688155252, -28.61632806610395 ], [ 24.10671997065738, -28.616260528816909 ], [ 24.106879835943076, -28.616182243732197 ], [ 24.107090012002057, -28.616079998010115 ], [ 24.107372251636029, -28.615925214793503 ], [ 24.10740089324452, -28.615909575583125 ], [ 24.107780005151376, -28.615660001124827 ], [ 24.107780455711673, -28.615659710643854 ], [ 24.108249663499855, -28.615360259784953 ], [ 24.108294694353432, -28.615339685994471 ], [ 24.108469999200057, -28.615259997967282 ], [ 24.108526711347626, -28.615218554509472 ], [ 24.108730315161097, -28.615070342639068 ], [ 24.108843618047835, -28.614970014271606 ], [ 24.108979996638961, -28.614849997046566 ], [ 24.109060001227594, -28.614760000990106 ], [ 24.10910068835561, -28.614726096548985 ], [ 24.109180449227903, -28.614660262577928 ], [ 24.109260558137979, -28.614580153668026 ], [ 24.109328876036589, -28.614469795161785 ], [ 24.109359997076048, -28.614419997901514 ], [ 24.109450002125776, -28.614289994604412 ], [ 24.109529999519815, -28.614160000300661 ], [ 24.109567081265794, -28.614062000277993 ], [ 24.109670638199507, -28.613790512039355 ], [ 24.109657660083052, -28.613666634924211 ], [ 24.109649994261915, -28.613590004591906 ], [ 24.109681222320667, -28.61347848236295 ], [ 24.109720229515162, -28.613340377972975 ], [ 24.10975074710953, -28.612970351917141 ], [ 24.109765678553455, -28.612821034779817 ], [ 24.109769997997287, -28.612779996016943 ], [ 24.109769997997354, -28.611539995491295 ], [ 24.109758459695477, -28.611474608483306 ], [ 24.109710692204953, -28.611200333245669 ], [ 24.109630584194353, -28.611019135141852 ], [ 24.109540937974057, -28.610870361195072 ], [ 24.109430312369106, -28.61071014427462 ], [ 24.10935973987009, -28.610599517770389 ], [ 24.109239576954817, -28.610439300849933 ], [ 24.109221197510173, -28.610410752770829 ], [ 24.109149997284394, -28.610299994965668 ], [ 24.109108237265097, -28.610241530938708 ], [ 24.109050749901915, -28.610160827576927 ], [ 24.109020232307579, -28.60997962947312 ], [ 24.109020232307586, -28.60979080152109 ], [ 24.109026001458531, -28.609693881584214 ], [ 24.109029994448392, -28.609629997343287 ], [ 24.10907999225763, -28.60938999796684 ], [ 24.109117768280242, -28.609327044524285 ], [ 24.109170913716618, -28.60923957826073 ], [ 24.109369274482489, -28.608970984939837 ], [ 24.109570004962041, -28.608700000321644 ], [ 24.109680115255479, -28.60847977074166 ], [ 24.109760283520746, -28.608320235507399 ], [ 24.110010215909472, -28.607918334780237 ], [ 24.110140000671382, -28.607709997835041 ], [ 24.11025426133607, -28.607551026475697 ], [ 24.110370635407634, -28.607389449780211 ], [ 24.110630034060133, -28.607089996223269 ], [ 24.110639607343373, -28.607079618946273 ], [ 24.110879995227162, -28.606819999960081 ], [ 24.111210007747555, -28.606399999477368 ], [ 24.111281583889969, -28.606291072691914 ], [ 24.111440658671658, -28.606050490554789 ], [ 24.111640929597566, -28.605690001809201 ], [ 24.111829757549785, -28.605430603156872 ], [ 24.111924041573936, -28.605290675841104 ], [ 24.112370001887143, -28.604629996094598 ], [ 24.11251967335744, -28.604500285077219 ], [ 24.112670897057637, -28.604370117204311 ], [ 24.113109588150753, -28.60395049983293 ], [ 24.113109967664684, -28.603950027688832 ], [ 24.11310999374507, -28.603949999809885 ], [ 24.113269814064601, -28.603750236101753 ], [ 24.113269834749037, -28.603750210920737 ], [ 24.113269856332746, -28.603750187538374 ], [ 24.113318403535494, -28.603708933837481 ], [ 24.113599995657562, -28.60347000015765 ], [ 24.113627821580934, -28.603434224227346 ], [ 24.113740920321639, -28.603290557530507 ], [ 24.114280262638921, -28.602779802863019 ], [ 24.114659995078021, -28.602489997232993 ], [ 24.114999998166965, -28.602209999609279 ], [ 24.115199998397042, -28.602080005305442 ], [ 24.115340001255991, -28.60194000154727 ], [ 24.115549992953913, -28.601779999564872 ], [ 24.11571732620995, -28.601590841561588 ], [ 24.11577987675626, -28.601520537959988 ], [ 24.11605494339754, -28.601340869602939 ], [ 24.116440007017736, -28.601090002819006 ], [ 24.11666000727072, -28.600900002151029 ], [ 24.116688315230814, -28.600876162022939 ], [ 24.116849898221599, -28.600740432742434 ], [ 24.117010116041563, -28.600580214922637 ], [ 24.117219924277794, -28.600330352681272 ], [ 24.117541765558133, -28.599992667145596 ], [ 24.117840001433258, -28.599680000749117 ], [ 24.117826596138777, -28.599661806564825 ], [ 24.117742563486757, -28.599546467613088 ], [ 24.117742005007806, -28.5995469982131 ], [ 24.117699999473608, -28.599490000081108 ], [ 24.117423124295748, -28.59912220794121 ], [ 24.117039960043812, -28.598613224938049 ], [ 24.121976851372846, -28.596557616658899 ], [ 24.127180098509946, -28.592046737785456 ], [ 24.133600234496495, -28.585107802702353 ], [ 24.140193938738626, -28.580249785519307 ], [ 24.143663405384437, -28.577301024543114 ], [ 24.147480010340256, -28.574871062670198 ], [ 24.152164458373448, -28.570013045486935 ], [ 24.156848906406697, -28.56376838702321 ], [ 24.159278869181534, -28.560991286840391 ], [ 24.163442611548064, -28.55821609501923 ], [ 24.167085647348802, -28.555265426580942 ], [ 24.170207976583651, -28.552663803015253 ], [ 24.172117232792758, -28.548326491497662 ], [ 24.174371718051152, -28.543989181778837 ], [ 24.175040990820548, -28.542616318112159 ], [ 24.17560959168118, -28.542989728316936 ], [ 24.175610003570725, -28.542989998113473 ], [ 24.175674001126211, -28.543031003601548 ], [ 24.175780005115172, -28.543100002286906 ], [ 24.176559999716947, -28.542470002012642 ], [ 24.177860005708588, -28.541540004991067 ], [ 24.178580002039951, -28.541109997752077 ], [ 24.179959997331718, -28.540489997039749 ], [ 24.181050003531475, -28.539889996350382 ], [ 24.181599998318379, -28.539560000917493 ], [ 24.182769994717638, -28.538960000228215 ], [ 24.183499998704683, -28.538629995802104 ], [ 24.184190003545211, -28.538249995365462 ], [ 24.184700000084788, -28.537880000785911 ], [ 24.185159998815053, -28.537519998573647 ], [ 24.185480002780441, -28.537160011649849 ], [ 24.185730001718927, -28.536859999613867 ], [ 24.186100002594095, -28.536310004827563 ], [ 24.186439997589137, -28.53578000107089 ], [ 24.186649997381028, -28.535239997752402 ], [ 24.186760001554568, -28.534639997062925 ], [ 24.186919995443265, -28.534070002253532 ], [ 24.186929995005098, -28.533620003984751 ], [ 24.187089996987861, -28.532969995593568 ], [ 24.187089996987911, -28.531999993129961 ], [ 24.187199992168146, -28.530640005056966 ], [ 24.187239999408792, -28.52930000081917 ], [ 24.187309996341686, -28.528250000961535 ], [ 24.187379994174005, -28.527830000478865 ], [ 24.187470006418334, -28.527490005484143 ], [ 24.187620000745209, -28.527169994324552 ], [ 24.187769995072173, -28.526930003041976 ], [ 24.188010002542736, -28.526549993612122 ], [ 24.188349996638507, -28.52587000362259 ], [ 24.188640001018936, -28.525250002910159 ], [ 24.188839994054412, -28.524859993918408 ], [ 24.18904000237827, -28.524599996317644 ], [ 24.189189996705228, -28.524430002867231 ], [ 24.189380005467271, -28.524240002199342 ], [ 24.189579998502655, -28.524009995190095 ], [ 24.189799996957053, -28.523810002154836 ], [ 24.190809999467564, -28.522859998814933 ], [ 24.191340002325362, -28.522370000500171 ], [ 24.192049999094916, -28.521679995660399 ], [ 24.192610002436876, -28.521209998268073 ], [ 24.193889993117033, -28.520280001246405 ], [ 24.19461000563615, -28.519749996590491 ], [ 24.195580000006785, -28.519129996777409 ], [ 24.196059998760116, -28.518820001367587 ], [ 24.197850002167588, -28.517639990119225 ], [ 24.198460002419402, -28.517219997730507 ], [ 24.198899994831525, -28.516900001859412 ], [ 24.199239997021156, -28.516609996580009 ], [ 24.199012310262646, -28.516369641071957 ], [ 24.222155423345313, -28.520524012501451 ], [ 24.244936695101416, -28.524613432194677 ], [ 24.244945342982149, -28.524642180822418 ], [ 24.272489999863119, -28.535899995821332 ], [ 24.279250005837543, -28.538660002590884 ], [ 24.286020002380571, -28.541420002165836 ] ] ] } },
{ "type": "Feature", "properties": { "Municipali": "Sol Plaatje Local Municipality", "WardNo": "28", "WardLabel": "NC091_28", "Province": "Northern Cape", "CLASSIFICATION": "Service centre", "PopGBlack": 1399.3567242, "PopGColour": 5604.3620598999996, "PopGIndian": 143.70175028, "PopGWhite": 1472.4766097, "PopGOther": 6.40530762, "PopGTotal": 8626.3024518000002 }, "geometry": { "type": "Polygon", "coordinates": [ [ [ 24.768820002573118, -28.422929998687909 ], [ 24.768989998721633, -28.423000003714673 ], [ 24.769110001557529, -28.42300000371468 ], [ 24.769219997637016, -28.423020001939005 ], [ 24.769330001810385, -28.423020001939015 ], [ 24.7694499965524, -28.423039995666755 ], [ 24.76960000436911, -28.423090001569832 ], [ 24.769799998303672, -28.42309000156984 ], [ 24.769960000286332, -28.423100001131644 ], [ 24.770140001392516, -28.423199989555417 ], [ 24.770199998763605, -28.423199989555428 ], [ 24.770509996871624, -28.423330000046963 ], [ 24.77068999707852, -28.423490002029485 ], [ 24.770909988338214, -28.423729992412795 ], [ 24.771020000605457, -28.423839995686848 ], [ 24.771160001665677, -28.423999997669355 ], [ 24.771200001711723, -28.424059995939722 ], [ 24.771439992095022, -28.424290002948897 ], [ 24.771529997144778, -28.424409997690869 ], [ 24.771699998689158, -28.42454999425437 ], [ 24.77183000108694, -28.424629997943658 ], [ 24.772000001732032, -28.424730001655913 ], [ 24.772170004175774, -28.424939996051659 ], [ 24.772260010124818, -28.425000000617157 ], [ 24.772440001338456, -28.425150001239231 ], [ 24.772620001545356, -28.42527999824102 ], [ 24.772689998478253, -28.425370000592721 ], [ 24.772790012082979, -28.425479996672173 ], [ 24.77297000329671, -28.425570010715159 ], [ 24.773060002051153, -28.425590000845517 ], [ 24.7732599959858, -28.425789994780093 ], [ 24.773389997484212, -28.425880005225775 ], [ 24.773460002510991, -28.42599000130523 ], [ 24.773500001657577, -28.426039999114412 ], [ 24.77359000400941, -28.426060009029914 ], [ 24.773630004055367, -28.426079999160354 ], [ 24.773770008712884, -28.42624000204216 ], [ 24.774130001032798, -28.426560003309259 ], [ 24.774279997158327, -28.426670005683942 ], [ 24.774459996465943, -28.426870001417164 ], [ 24.774660002991052, -28.427029995305809 ], [ 24.774839999600736, -28.427160004898063 ], [ 24.77510000259748, -28.42724999465932 ], [ 24.775190001352001, -28.427509998555422 ], [ 24.775370001558901, -28.427710000583886 ], [ 24.775550001765797, -28.42785000074478 ], [ 24.775569995493541, -28.427959996824228 ], [ 24.775600000474274, -28.428049995578629 ], [ 24.775630000958422, -28.42820999756114 ], [ 24.775630000958422, -28.428299999912937 ], [ 24.775710004647721, -28.428439997375804 ], [ 24.775730006469345, -28.428529995230935 ], [ 24.775809993970796, -28.42881000454587 ], [ 24.775829998490348, -28.429099997234939 ], [ 24.776030001418235, -28.429629999192922 ], [ 24.776120003769968, -28.429849998546409 ], [ 24.776170001579164, -28.430029998753238 ], [ 24.776260007528201, -28.430209998960169 ], [ 24.776299991386395, -28.430309996377087 ], [ 24.776340004022813, -28.430339996861232 ], [ 24.776430001878062, -28.430429999212944 ], [ 24.776499997911504, -28.430519997068068 ], [ 24.776519999733218, -28.43058999400095 ], [ 24.776519999733218, -28.430649998566434 ], [ 24.776529998395649, -28.430729997759038 ], [ 24.776610002084951, -28.430929997089567 ], [ 24.776620000747467, -28.431030001701089 ], [ 24.776750006742461, -28.431299999763052 ], [ 24.77684000100032, -28.431450000385112 ], [ 24.776910005127728, -28.43152000001583 ], [ 24.776979996664586, -28.431579998286185 ], [ 24.777060000353888, -28.431740000268697 ], [ 24.777199997816808, -28.431820003058611 ], [ 24.777260002382409, -28.43192999913806 ], [ 24.777360003396673, -28.432029996554988 ], [ 24.777699994794322, -28.432360000081903 ], [ 24.777809994471024, -28.4324500033329 ], [ 24.777909999981958, -28.432580000334688 ], [ 24.777959997791154, -28.432599997659729 ], [ 24.778009996499637, -28.432649997267561 ], [ 24.778070002863892, -28.432689996414144 ], [ 24.778250003070788, -28.432829996575041 ], [ 24.778319994607742, -28.43285000289325 ], [ 24.77843999744363, -28.432900000702432 ], [ 24.7785600011788, -28.432970005729107 ], [ 24.778829998341578, -28.433219998372245 ], [ 24.778990000324143, -28.433340001208091 ], [ 24.779140000946168, -28.433399997679714 ], [ 24.779270002444676, -28.433449997287543 ], [ 24.779580000552691, -28.433490004528114 ], [ 24.779849999514031, -28.433490004528124 ], [ 24.780269997298927, -28.433510001853179 ], [ 24.780540003454863, -28.433539995142741 ], [ 24.780889998011627, -28.433520002314388 ], [ 24.781070001815827, -28.433510001853222 ], [ 24.781679999369427, -28.433499995096852 ], [ 24.782090002988291, -28.433479997771837 ], [ 24.782540002156619, -28.433479997771855 ], [ 24.783099995605784, -28.433550001899267 ], [ 24.783449997357152, -28.433520002314516 ], [ 24.784069998069846, -28.433609999270296 ], [ 24.78441000115869, -28.433640004251032 ], [ 24.784699996545704, -28.433640004251043 ], [ 24.785009995553089, -28.433709995787993 ], [ 24.785380002723382, -28.433809997701605 ], [ 24.785690000831394, -28.434009999730065 ], [ 24.786130000437819, -28.434310002772762 ], [ 24.786230001452083, -28.434310002772765 ], [ 24.786300001982283, -28.434329997399875 ], [ 24.786409998061767, -28.43453000302555 ], [ 24.786480001289803, -28.434760001940933 ], [ 24.786610004586866, -28.434869998020389 ], [ 24.786769998475553, -28.434959995875513 ], [ 24.786949998682449, -28.435110003692088 ], [ 24.787119993032306, -28.435399996381161 ], [ 24.787209998981339, -28.435600002006918 ], [ 24.787479997043388, -28.435950003758073 ], [ 24.787659996350911, -28.436220001820029 ], [ 24.787920001146386, -28.436549990058467 ], [ 24.78821999969259, -28.436930000387633 ], [ 24.788379994480643, -28.437149999741138 ], [ 24.788580001005744, -28.437529986688041 ], [ 24.788729995332627, -28.437639998955255 ], [ 24.788830001742834, -28.437879995633789 ], [ 24.788889999113842, -28.437939993904049 ], [ 24.788920004094571, -28.438019988600079 ], [ 24.788980000566291, -28.438130000867286 ], [ 24.788999994294041, -28.438219998722413 ], [ 24.789059999758923, -28.438300003310964 ], [ 24.789089996645778, -28.438329994801961 ], [ 24.789159997175883, -28.438459997199601 ], [ 24.789230001303288, -28.438620000081393 ], [ 24.789280000011772, -28.438679996553105 ], [ 24.789349996944672, -28.438730004254822 ], [ 24.789499999365344, -28.43883999853562 ], [ 24.789690000033413, -28.439040005960035 ], [ 24.789800003307498, -28.439190001186141 ], [ 24.789890005659231, -28.439279999940549 ], [ 24.79013999110775, -28.439679998601608 ], [ 24.790380003974132, -28.440030001252126 ], [ 24.790470009923254, -28.44027999389516 ], [ 24.790530000099654, -28.440569998275407 ], [ 24.790620001552103, -28.440709999335571 ], [ 24.790709999407174, -28.440899993708356 ], [ 24.790830003142428, -28.441119997558424 ], [ 24.790939998322632, -28.441280001339589 ], [ 24.791050002496, -28.441429996565702 ], [ 24.791180004893778, -28.4416499959192 ], [ 24.791270002748934, -28.441739999170277 ], [ 24.791339998782465, -28.441760000092536 ], [ 24.791450011049715, -28.441850003343614 ], [ 24.79169000053373, -28.442079996862965 ], [ 24.792009997304355, -28.442290002050619 ], [ 24.792300001684612, -28.44255000234935 ], [ 24.792530000599992, -28.442740001218798 ], [ 24.792640004773354, -28.442879989688421 ], [ 24.792709996310304, -28.443059997989227 ], [ 24.792870003688819, -28.443219999971745 ], [ 24.793009999353085, -28.443350002369399 ], [ 24.793069997623459, -28.443449998887044 ], [ 24.793130003088343, -28.443520003913797 ], [ 24.793260004586756, -28.443669999139907 ], [ 24.793329997922353, -28.443740011361182 ], [ 24.793429998936613, -28.443899989961242 ], [ 24.793559995938359, -28.444020000891065 ], [ 24.79366000054992, -28.444109998746193 ], [ 24.793750003801026, -28.444140003727007 ], [ 24.793909997689717, -28.444320003933758 ], [ 24.793979993723152, -28.444389988276079 ], [ 24.794060001909127, -28.444460001396717 ], [ 24.794109999718234, -28.444540004186624 ], [ 24.794139996605089, -28.444609995723464 ], [ 24.794200002069971, -28.444619996184642 ], [ 24.794269999002875, -28.444619996184642 ], [ 24.794659999900816, -28.444919998328047 ], [ 24.794849995172932, -28.445089999872366 ], [ 24.794969998008913, -28.445270000079297 ], [ 24.795030003473709, -28.445340000609384 ], [ 24.795090000844709, -28.445459996250712 ], [ 24.795230001905015, -28.445629996895669 ], [ 24.795310001097647, -28.445799999339346 ], [ 24.79544000259606, -28.445929999938347 ], [ 24.795569999597891, -28.446050002774292 ], [ 24.795670000612155, -28.446190000237166 ], [ 24.795740002041633, -28.446269994933193 ], [ 24.795830003494, -28.446350002219681 ], [ 24.795949999135377, -28.446479995624173 ], [ 24.796050003746938, -28.446589999797499 ], [ 24.7961299984429, -28.446639999405335 ], [ 24.79636000185495, -28.44675999324803 ], [ 24.79659999943285, -28.446869996522004 ], [ 24.796789998302273, -28.446959998873801 ], [ 24.797260000191592, -28.447210007704626 ], [ 24.797659999752057, -28.447439998526054 ], [ 24.797830000397148, -28.44756000226127 ], [ 24.798039997490893, -28.447679997003252 ], [ 24.798169995392009, -28.447759996195867 ], [ 24.798329999173223, -28.447849997648291 ], [ 24.798540003461575, -28.447929996840909 ], [ 24.798620003553491, -28.447929996840912 ], [ 24.798839994813186, -28.447950003159118 ], [ 24.799099997810018, -28.447920002674994 ], [ 24.799319998062966, -28.447899989162202 ], [ 24.799560003734747, -28.447920002675019 ], [ 24.799709999860195, -28.447920002675023 ], [ 24.799809996377878, -28.447830000323325 ], [ 24.799880000505294, -28.447770002952346 ], [ 24.799969998360449, -28.447740009662812 ], [ 24.80008000253391, -28.44770000601957 ], [ 24.800239997321881, -28.447619998733089 ], [ 24.800289999627665, -28.447600002307333 ], [ 24.800450002509518, -28.447510002653573 ], [ 24.800589999972523, -28.447439998526193 ], [ 24.800720000571573, -28.44738000115521 ], [ 24.800829996651064, -28.447250007750739 ], [ 24.800880002554148, -28.447130001317593 ], [ 24.800940000824436, -28.447049997628408 ], [ 24.801020000017161, -28.44693000288645 ], [ 24.801070002322948, -28.446869996522217 ], [ 24.801160001077392, -28.446730000858 ], [ 24.801300002137616, -28.446549999751809 ], [ 24.801449990169271, -28.446429997815255 ], [ 24.801539994319661, -28.446299996316888 ], [ 24.80169000303566, -28.446069997401608 ], [ 24.801939987584916, -28.445820003859307 ], [ 24.802089998998849, -28.445589996850053 ], [ 24.802210001834744, -28.445380004252964 ], [ 24.802319997914235, -28.445279995144862 ], [ 24.802440000750128, -28.445179997727855 ], [ 24.802639999181448, -28.445070001648428 ], [ 24.802779995745087, -28.444929997890238 ], [ 24.802869998096831, -28.444799996391883 ], [ 24.802939998626947, -28.444680000750644 ], [ 24.803010002754359, -28.444569996577311 ], [ 24.803100005106103, -28.444380002204557 ], [ 24.803270002153994, -28.44415000328927 ], [ 24.803420001876741, -28.443920004373897 ], [ 24.803500001069381, -28.443750002829589 ], [ 24.803729999984853, -28.443409991647016 ], [ 24.80381999334335, -28.443199999049934 ], [ 24.803980004319083, -28.443039999765446 ], [ 24.804239995624741, -28.442840005830799 ], [ 24.80436999802253, -28.442770001703515 ], [ 24.80460000503188, -28.442590000597328 ], [ 24.804789999404637, -28.442429990520946 ], [ 24.805019998320109, -28.442249998408013 ], [ 24.805199998526923, -28.44210000318191 ], [ 24.805569998502616, -28.441909996218698 ], [ 24.805789998755561, -28.441819998363577 ], [ 24.805999999446616, -28.441779998317557 ], [ 24.806039998593292, -28.441769001407607 ], [ 24.806179999653512, -28.441729998709832 ], [ 24.806409998568977, -28.441729998709839 ], [ 24.806539996470093, -28.441750000531467 ], [ 24.806760004816834, -28.441750000531481 ], [ 24.806950003686254, -28.441800000139306 ], [ 24.80757000349967, -28.441800000139345 ], [ 24.807819992545493, -28.441779998317649 ], [ 24.808060001814578, -28.441739999171094 ], [ 24.80830999086049, -28.441700002722371 ], [ 24.808559999691379, -28.441700002722381 ], [ 24.808849995977766, -28.441729998709956 ], [ 24.80905000160368, -28.44172999870997 ], [ 24.809469995791179, -28.441779998317731 ], [ 24.809710001462964, -28.44182999612692 ], [ 24.809909995397607, -28.441890001591887 ], [ 24.810069997380264, -28.441940000300264 ], [ 24.810320002613853, -28.441940000300278 ], [ 24.810929996570142, -28.441899993059764 ], [ 24.811139998160563, -28.441869996172933 ], [ 24.811620008604844, -28.441919994881506 ], [ 24.81179000295462, -28.44197000078449 ], [ 24.812209997142201, -28.441989999008918 ], [ 24.81272000087613, -28.442130000069106 ], [ 24.812930006063755, -28.44219999969992 ], [ 24.813070002627398, -28.442280003389111 ], [ 24.813330002026923, -28.442429990521354 ], [ 24.813449996768931, -28.442429990521362 ], [ 24.813679995684311, -28.442399998131108 ], [ 24.813920000456815, -28.44241000488752 ], [ 24.814130002047232, -28.442500002742658 ], [ 24.814289996835196, -28.442560000113648 ], [ 24.814490002461024, -28.442569999675449 ], [ 24.81477000098425, -28.442569999675467 ], [ 24.815110003173714, -28.442520000967018 ], [ 24.81544999816867, -28.442439998177136 ], [ 24.815770003033091, -28.442410004887606 ], [ 24.816029994338745, -28.442359995387253 ], [ 24.816400002408312, -28.442249998408542 ], [ 24.816890000723308, -28.442060004035806 ], [ 24.817179997009696, -28.441970000784742 ], [ 24.817529998760968, -28.441940000300619 ], [ 24.817810003579428, -28.44194000030063 ], [ 24.818080002540857, -28.44188000292975 ], [ 24.818320000118756, -28.441860004705344 ], [ 24.818669997373441, -28.441850003344914 ], [ 24.81889999718819, -28.441809998802402 ], [ 24.819090004151491, -28.441779998318179 ], [ 24.819289998086138, -28.441720000047923 ], [ 24.819639999837495, -28.441689995966502 ], [ 24.819960001104612, -28.441649995920574 ], [ 24.820259999650819, -28.441620002631048 ], [ 24.820730005137438, -28.441510000256386 ], [ 24.821020000524545, -28.441390004615069 ], [ 24.821119997941508, -28.441310000925895 ], [ 24.821240000777401, -28.441300003162659 ], [ 24.821389996902845, -28.441239996798519 ], [ 24.821640000337872, -28.441189998989348 ], [ 24.821970004764182, -28.441080002909828 ], [ 24.822300001096529, -28.44091000136563 ], [ 24.822470002640991, -28.440809995854739 ], [ 24.822680003332042, -28.440680001550891 ], [ 24.822899994591737, -28.440600003257668 ], [ 24.823149999825322, -28.440539997792818 ], [ 24.823289996388961, -28.440519999568508 ], [ 24.82344000330631, -28.440470000859957 ], [ 24.823589999431839, -28.440380003004847 ], [ 24.823660003559251, -28.440330005195751 ], [ 24.823819998347219, -28.440319997540083 ], [ 24.824069999983593, -28.440300000214961 ], [ 24.824340001642948, -28.440290000653182 ], [ 24.824709997121964, -28.440290000653192 ], [ 24.824870000003898, -28.44030999887752 ], [ 24.82531999917213, -28.440309998877542 ], [ 24.825779996103606, -28.440290000653238 ], [ 24.826190003319851, -28.440229995188396 ], [ 24.826329999883487, -28.440200002798228 ], [ 24.826760000827477, -28.440110004943129 ], [ 24.827059996675665, -28.439999997172421 ], [ 24.827260003200863, -28.439949997564693 ], [ 24.827399999764502, -28.439840002384539 ], [ 24.827470003891914, -28.439789995582192 ], [ 24.82761000045555, -28.439750003630138 ], [ 24.827750000616494, -28.439739996873744 ], [ 24.82797999953187, -28.439679998603406 ], [ 24.828109996533708, -28.439649999018638 ], [ 24.828379999991711, -28.439590001647669 ], [ 24.828639999391239, -28.439540002939218 ], [ 24.828840005916348, -28.439490005130043 ], [ 24.828959997061148, -28.439469997912472 ], [ 24.829519999503461, -28.4393899951226 ], [ 24.829640001440069, -28.439370008589464 ], [ 24.829799997127413, -28.439319999089108 ], [ 24.830029996042786, -28.439319999089115 ], [ 24.830260002152759, -28.439259997221562 ], [ 24.830390003651178, -28.439190001188067 ], [ 24.830530001114099, -28.439119997060693 ], [ 24.830649995856106, -28.439090003771156 ], [ 24.830800003672824, -28.439090003771163 ], [ 24.830999997607464, -28.43900000231875 ], [ 24.83113999776841, -28.43894999461704 ], [ 24.831280002425924, -28.438910003564263 ], [ 24.831439996314611, -28.438870004417709 ], [ 24.83157999737492, -28.438839998537617 ], [ 24.831730001594249, -28.438800000290328 ], [ 24.831869994560584, -28.438750000682504 ], [ 24.831950001847193, -28.438709997938545 ], [ 24.832109995735784, -28.438669997892614 ], [ 24.832549999838886, -28.438479999023286 ], [ 24.832779995156962, -28.438399999830693 ], [ 24.832999999007203, -28.438369994849982 ], [ 24.83314000276544, -28.438319996141527 ], [ 24.833209999698255, -28.438259998770544 ], [ 24.833330002534147, -28.438160002252904 ], [ 24.833420000389303, -28.438059988648131 ], [ 24.833489996422838, -28.437960000224464 ], [ 24.833640000642166, -28.43785000414502 ], [ 24.83369999801317, -28.43777999911827 ], [ 24.833780001702472, -28.437709994990893 ], [ 24.833919997366745, -28.437609997573968 ], [ 24.834099998473015, -28.437449995591471 ], [ 24.834349998310746, -28.437180004724137 ], [ 24.834679999139755, -28.436830002972922 ], [ 24.834910006149016, -28.436660002327908 ], [ 24.835219996163239, -28.436429995318747 ], [ 24.835320000774718, -28.436319999239306 ], [ 24.835549999690183, -28.436120000808074 ], [ 24.835690000750404, -28.436020004290437 ], [ 24.835769999943039, -28.435929998341432 ], [ 24.835860001395499, -28.435820002261995 ], [ 24.835950000149943, -28.435699998526871 ], [ 24.836080001648448, -28.435559998365903 ], [ 24.836460004783159, -28.435100004132636 ], [ 24.836619998671846, -28.434909998068694 ], [ 24.836770002891264, -28.43461000222063 ], [ 24.836829999362902, -28.434519996271629 ], [ 24.836950003098078, -28.434370000146156 ], [ 24.837019999131698, -28.434180001276815 ], [ 24.837180010107428, -28.43409000252241 ], [ 24.837270003466006, -28.434020007388195 ], [ 24.837450000075606, -28.433860003607041 ], [ 24.837620000720701, -28.4336800042995 ], [ 24.837790003164443, -28.433539995145459 ], [ 24.838280000580077, -28.433049996830764 ], [ 24.838460001686347, -28.432910000267182 ], [ 24.838579996428354, -28.432800004187744 ], [ 24.83872000468309, -28.432680001351816 ], [ 24.838830000762574, -28.432589990906234 ], [ 24.838969997326302, -28.432490001583108 ], [ 24.839239995388358, -28.432379998309159 ], [ 24.839379996448578, -28.432310002275667 ], [ 24.839539999330512, -28.432220002621897 ], [ 24.839700001312995, -28.432110000247146 ], [ 24.839939999790268, -28.431939997803561 ], [ 24.840070002188053, -28.431870001770065 ], [ 24.840160008137094, -28.431790002577465 ], [ 24.840320002025777, -28.431700000225774 ], [ 24.840450003524193, -28.431620001033082 ], [ 24.840579997828012, -28.431459994554082 ], [ 24.840739999810584, -28.431299999766097 ], [ 24.840799998080868, -28.431229995638724 ], [ 24.840879996374223, -28.431160004101887 ], [ 24.84096000006344, -28.431079992318736 ], [ 24.841040000155445, -28.430959996677494 ], [ 24.841480003359177, -28.430559997117197 ], [ 24.841729996002389, -28.430329998201831 ], [ 24.84196000301165, -28.430119996611491 ], [ 24.842029999045181, -28.430010000532054 ], [ 24.842160008637482, -28.429859997212066 ], [ 24.842259997960564, -28.429729995713711 ], [ 24.842349996715008, -28.429509996360224 ], [ 24.84246999865162, -28.429340002010427 ], [ 24.842529996921996, -28.429210001411434 ], [ 24.842600001049405, -28.429139999981992 ], [ 24.8426500069524, -28.42904999763029 ], [ 24.842899999595616, -28.428879996985355 ], [ 24.843040000655837, -28.428789999130238 ], [ 24.843160003491729, -28.428640003004769 ], [ 24.843319997380416, -28.428560000214869 ], [ 24.843449999778112, -28.428479996525603 ], [ 24.843589996341752, -28.428380000008055 ], [ 24.843709991983129, -28.428309994981394 ], [ 24.844189998830206, -28.428070001900185 ], [ 24.844329999890423, -28.428029998256946 ], [ 24.844450001826942, -28.428010003629844 ], [ 24.844729999450887, -28.427909999018329 ], [ 24.844859997352003, -28.427850000748077 ], [ 24.844970001525461, -28.427790004276378 ], [ 24.845089997166749, -28.42774999973377 ], [ 24.845219997765795, -28.427739996574672 ], [ 24.845439998918017, -28.427700001924691 ], [ 24.845630004982034, -28.427670000541191 ], [ 24.845789999769998, -28.427639995560476 ], [ 24.845929996333638, -28.427630002293913 ], [ 24.846059998731423, -28.427589997751301 ], [ 24.846629999836253, -28.427589997751337 ], [ 24.846859998751718, -28.42757001211757 ], [ 24.847059992686273, -28.427520006214518 ], [ 24.847289999695615, -28.427459999850292 ], [ 24.847619996028044, -28.427379997060406 ], [ 24.847799995335567, -28.427400001580057 ], [ 24.847950004051562, -28.427390003816907 ], [ 24.84817000340513, -28.427390003816924 ], [ 24.848310000868135, -28.427379997060438 ], [ 24.848589997592708, -28.427379997060459 ], [ 24.848880001972969, -28.4274000015801 ], [ 24.849090002664102, -28.427459999850374 ], [ 24.849270002870902, -28.427499999896419 ], [ 24.849460002639692, -28.427579999088934 ], [ 24.849609997865851, -28.427620002732272 ], [ 24.849839996781224, -28.427689987074615 ], [ 24.85007999435912, -28.427799999341826 ], [ 24.850380001898568, -28.427850000748332 ], [ 24.850640005794677, -28.427970005382836 ], [ 24.850799999683449, -28.428029998257241 ], [ 24.850960002565291, -28.428060009533201 ], [ 24.85110999779145, -28.428089994728868 ], [ 24.851459999542708, -28.428140001531233 ], [ 24.851639999749604, -28.42816999841807 ], [ 24.851970004175907, -28.42829999991654 ], [ 24.852099997580435, -28.428320001738086 ], [ 24.85246000249089, -28.428460002798356 ], [ 24.852719997393834, -28.42857999664097 ], [ 24.852860011044601, -28.428649998070423 ], [ 24.853189998383769, -28.428869998323208 ], [ 24.853429995961655, -28.429090002173382 ], [ 24.853710001679392, -28.429369998897869 ], [ 24.85384999734374, -28.429459997652277 ], [ 24.853989998403954, -28.429639997859113 ], [ 24.854100002577315, -28.429809999403513 ], [ 24.854199999994364, -28.429899997258644 ], [ 24.854340001054577, -28.430010000532612 ], [ 24.85444999713415, -28.430140002930344 ], [ 24.854590001791578, -28.430249999009799 ], [ 24.854789999323508, -28.430490004681513 ], [ 24.854850004788481, -28.4307200035968 ], [ 24.85487999807803, -28.430879998384793 ], [ 24.854950002205431, -28.430990001658849 ], [ 24.855040000060587, -28.431079992319372 ], [ 24.855199998445848, -28.431170001865688 ], [ 24.855300003956781, -28.431239995201164 ], [ 24.855419998698789, -28.431270000181989 ], [ 24.855639998951634, -28.431340004309376 ], [ 24.855830001418351, -28.431380002556683 ], [ 24.855989997105592, -28.431450000388839 ], [ 24.856079998558052, -28.431470002210464 ], [ 24.856280000586572, -28.431480000872998 ], [ 24.856630001438642, -28.43148000087302 ], [ 24.856850002590768, -28.431589996053098 ], [ 24.857130000214713, -28.431660001079859 ], [ 24.857270000375554, -28.431709998888969 ], [ 24.857740000466212, -28.431849996351936 ], [ 24.858009999427626, -28.431910000917533 ], [ 24.858310002470411, -28.431939997804395 ], [ 24.858490002677303, -28.431919999579986 ], [ 24.858779998963769, -28.431880001332715 ], [ 24.859110003389986, -28.431919999580014 ], [ 24.859299997762818, -28.431939997804442 ], [ 24.859529996678191, -28.43196999918786 ], [ 24.859709997784456, -28.432010001931836 ], [ 24.860010000827234, -28.432040003315272 ], [ 24.860190001034123, -28.432079995267433 ], [ 24.860790002623194, -28.432059992546463 ], [ 24.86107000114642, -28.432040003315322 ], [ 24.861320005480721, -28.431989997412266 ], [ 24.861579996786368, -28.431989997412273 ], [ 24.861810003795711, -28.432000004168689 ], [ 24.86203000404856, -28.431989997412298 ], [ 24.862239996645719, -28.432010001931946 ], [ 24.862440003170821, -28.432059992546534 ], [ 24.862579999734454, -28.432059992546545 ], [ 24.862710002132236, -28.432040003315389 ], [ 24.862839999134071, -28.432010001931975 ], [ 24.863069998049443, -28.432010001931985 ], [ 24.863219997772184, -28.431989997412352 ], [ 24.863370001991594, -28.431959999626237 ], [ 24.86355000219849, -28.431939997804623 ], [ 24.863940003096424, -28.431910000917796 ], [ 24.8641700020118, -28.431870001771138 ], [ 24.86471999769779, -28.431870001771163 ], [ 24.864870001917108, -28.431859995014783 ], [ 24.86500000251624, -28.431840001287046 ], [ 24.865240000993509, -28.431799996744438 ], [ 24.865590002744771, -28.431799996744456 ], [ 24.865800003435815, -28.431730005207626 ], [ 24.866009996932348, -28.431640002855932 ], [ 24.8662799949944, -28.431549996906945 ], [ 24.86709000267038, -28.43117000186621 ], [ 24.867229991140139, -28.431079992319916 ], [ 24.867440003522365, -28.431000009315166 ], [ 24.867559999163745, -28.430909998869502 ], [ 24.867700003821266, -28.430839993842746 ], [ 24.867950000961052, -28.430789996033671 ], [ 24.868150002989573, -28.430770002305941 ], [ 24.86829000315042, -28.430710004934962 ], [ 24.868500003841469, -28.430659998132629 ], [ 24.86863000533997, -28.430610000323462 ], [ 24.868770002802886, -28.430519997072381 ], [ 24.869009999481502, -28.430370001846288 ], [ 24.869130004116045, -28.43032999820305 ], [ 24.869309999826356, -28.430219994029731 ], [ 24.869539998741732, -28.430029998757604 ], [ 24.869759990900793, -28.429849998550786 ], [ 24.869880000931193, -28.4297900011798 ], [ 24.87003999571925, -28.429659998782164 ], [ 24.870219995926057, -28.429610000972996 ], [ 24.870309999177163, -28.429569992833169 ], [ 24.870450002935399, -28.429509996361478 ], [ 24.870630004041661, -28.42940000028204 ], [ 24.870739991127898, -28.429360001135468 ], [ 24.870900002103717, -28.429289996108722 ], [ 24.870999998621301, -28.429239997400277 ], [ 24.87114999834413, -28.429189998691811 ], [ 24.871380004454107, -28.429109995901918 ], [ 24.871530000579547, -28.429059997193374 ], [ 24.871650003415436, -28.429030003903843 ], [ 24.871889996496751, -28.428940001552146 ], [ 24.871960001523529, -28.428900003304857 ], [ 24.872079997164821, -28.428879996986655 ], [ 24.872200000000799, -28.428850003697026 ], [ 24.872289997855862, -28.428810004550382 ], [ 24.87250000304358, -28.428700001276425 ], [ 24.872730001958953, -28.428600000262218 ], [ 24.872919996331788, -28.428550008748271 ], [ 24.873380003155788, -28.428479996526939 ], [ 24.873550003800872, -28.428439997380373 ], [ 24.873910005114023, -28.428439997380391 ], [ 24.874109999048663, -28.428479996526971 ], [ 24.8741999978031, -28.428479996526974 ], [ 24.874490000384796, -28.428540001991934 ], [ 24.874649996072037, -28.428560000216265 ], [ 24.874800002989375, -28.428619996687967 ], [ 24.874919997731382, -28.4286499980714 ], [ 24.875100002434937, -28.428749999085635 ], [ 24.875200003449198, -28.428850003697164 ], [ 24.87534999867535, -28.428959999776612 ], [ 24.875550001603241, -28.429090002174355 ], [ 24.875629997198569, -28.42917000136697 ], [ 24.875900002455126, -28.429350000674447 ], [ 24.876040003515424, -28.429489998137399 ], [ 24.876469996365515, -28.42998000094881 ], [ 24.876599999662481, -28.430140002931328 ], [ 24.87693000139085, -28.430280000394301 ], [ 24.877150002543061, -28.430349995528442 ], [ 24.877380000559064, -28.430450001039343 ], [ 24.87776000369384, -28.430510007403512 ], [ 24.878160004153667, -28.430580002537653 ], [ 24.878509997811133, -28.430610000323888 ], [ 24.878809996357326, -28.430670001292182 ], [ 24.879299999168801, -28.430749995988137 ], [ 24.880039998220781, -28.430890000645721 ], [ 24.880160001056666, -28.430890000645725 ], [ 24.880420013046741, -28.43091999753258 ], [ 24.880619998887497, -28.430940002951512 ], [ 24.880839999140338, -28.431000009315749 ], [ 24.88096000197632, -28.431000009315756 ], [ 24.881159999508164, -28.43107999232052 ], [ 24.88141000114453, -28.431210001912785 ], [ 24.881490003934463, -28.431270000183137 ], [ 24.881849999851656, -28.431470002211601 ], [ 24.881919996784468, -28.431470002211601 ], [ 24.882020001396025, -28.431430002165662 ], [ 24.882099996991446, -28.431430002165669 ], [ 24.882219999827338, -28.431380002557841 ], [ 24.8823300040007, -28.431340004310552 ], [ 24.882400000034227, -28.431290001105424 ], [ 24.882449998742707, -28.431239995202365 ], [ 24.882510004207596, -28.43107999232058 ], [ 24.882519998373542, -28.431000009315824 ], [ 24.882539988503989, -28.430969996241132 ], [ 24.882610000725283, -28.430919997532673 ], [ 24.882780003169014, -28.430869998824218 ], [ 24.883019995350963, -28.430860000161704 ], [ 24.883199997356499, -28.430839993843421 ], [ 24.883390003420516, -28.43080000279074 ], [ 24.883549998208569, -28.430770002306609 ], [ 24.883739997977262, -28.430760002744819 ], [ 24.884070000604915, -28.430649998571411 ], [ 24.884519999773222, -28.430559997119104 ], [ 24.885149999148332, -28.430490004682834 ], [ 24.885340002514415, -28.430469999264012 ], [ 24.885509995964817, -28.430410000993668 ], [ 24.885700002928203, -28.430309996382146 ], [ 24.885839999491836, -28.430280000394678 ], [ 24.885970001889529, -28.430219994030455 ], [ 24.886299998221951, -28.430099994791924 ], [ 24.886529995338762, -28.430029998758343 ], [ 24.886689999119973, -28.429939997306015 ], [ 24.886990002162754, -28.429849998551529 ], [ 24.887239994805874, -28.429740003371467 ], [ 24.887480000477737, -28.429669999244094 ], [ 24.88770999849374, -28.42956999283393 ], [ 24.887809995910796, -28.429449998091965 ], [ 24.88789999916181, -28.429390000720986 ], [ 24.888010002435895, -28.429319996593609 ], [ 24.888079994872118, -28.429279996547667 ], [ 24.888479994432579, -28.429099997240137 ], [ 24.888620003586681, -28.429030003904572 ], [ 24.888809998858882, -28.428869998324764 ], [ 24.888970005338027, -28.428799997794695 ], [ 24.889189997496995, -28.428709987349123 ], [ 24.889399990993532, -28.428600000262936 ], [ 24.889809998209675, -28.428419999156745 ], [ 24.889970000192239, -28.428330001301635 ], [ 24.890130003074169, -28.42829999991821 ], [ 24.890269998738528, -28.428259997174262 ], [ 24.890390001574325, -28.428250002109049 ], [ 24.890540002196428, -28.428230003884646 ], [ 24.890689996523314, -28.428159998857982 ], [ 24.890870005723364, -28.428119999711328 ], [ 24.891249999864979, -28.428089994730623 ], [ 24.891540005144602, -28.428010003631915 ], [ 24.891749997741769, -28.427979998651207 ], [ 24.89195999843281, -28.427940000403829 ], [ 24.892799998498958, -28.427940000403861 ], [ 24.893100001541821, -28.427869995377211 ], [ 24.893259995430505, -28.427869995377218 ], [ 24.893540002047605, -28.42794000040389 ], [ 24.893680002208534, -28.4279400004039 ], [ 24.894470003566287, -28.428190003838871 ], [ 24.894740002527609, -28.42825999717445 ], [ 24.894949996024135, -28.428339999964361 ], [ 24.895109998006699, -28.428410004091756 ], [ 24.895580002593835, -28.428640003007072 ], [ 24.895869998880293, -28.428810004551387 ], [ 24.896189996550181, -28.429040007064081 ], [ 24.896449995050325, -28.429260002820286 ], [ 24.896710007040397, -28.429400000283163 ], [ 24.896830001782398, -28.429540001343334 ], [ 24.896950004618279, -28.429750002034396 ], [ 24.897009997492699, -28.429899997260506 ], [ 24.897009997492695, -28.429980000949691 ], [ 24.896990004664229, -28.430020008190233 ], [ 24.8970199970545, -28.430039998320677 ], [ 24.897130001227865, -28.430079998366626 ], [ 24.897189998598861, -28.430109997951483 ], [ 24.897270001388797, -28.430140002932212 ], [ 24.897360000143319, -28.430200000303195 ], [ 24.897469996222799, -28.430249999011657 ], [ 24.897570004431657, -28.430289999057614 ], [ 24.897649996429685, -28.430349995529316 ], [ 24.897750001940611, -28.430370001847528 ], [ 24.897809998412246, -28.430400003230947 ], [ 24.898079996474287, -28.430490004683381 ], [ 24.89896000108315, -28.430490004683421 ], [ 24.899329995662871, -28.430469999264602 ], [ 24.898910000575903, -28.431629997899513 ], [ 24.898349998133572, -28.433169999669243 ], [ 24.897949998573097, -28.434279998696411 ], [ 24.895890001600964, -28.439939994408626 ], [ 24.892819996722931, -28.448410000094679 ], [ 24.886779998772926, -28.464980000699505 ], [ 24.881350002873546, -28.463150002643335 ], [ 24.872310004173148, -28.474730000661491 ], [ 24.864619999380309, -28.483509999059272 ], [ 24.855149997937289, -28.494329998002719 ], [ 24.846890001032694, -28.503769998058335 ], [ 24.867819997661986, -28.517059997593229 ], [ 24.867090001769153, -28.519049998530924 ], [ 24.860249996604114, -28.537839998988819 ], [ 24.854728995608429, -28.553000005617591 ], [ 24.854720002387943, -28.553026003219351 ], [ 24.845049997117254, -28.579520001918077 ], [ 24.837930001522849, -28.59903999826858 ], [ 24.836650001850085, -28.602530000030601 ], [ 24.835379999041191, -28.606020001792807 ], [ 24.834099997569684, -28.60950999636032 ], [ 24.832830002854671, -28.612999997223156 ], [ 24.831550001383249, -28.616489998985262 ], [ 24.830279999473635, -28.619980000747383 ], [ 24.828999998901494, -28.623470003408865 ], [ 24.827729996092593, -28.626959997077002 ], [ 24.830949998894628, -28.627879999033727 ], [ 24.834160003034224, -28.628809998753599 ], [ 24.841560002547247, -28.630909995771194 ], [ 24.849039996756389, -28.633029997308348 ], [ 24.850899997095787, -28.633559998367112 ], [ 24.860249996601947, -28.636209999164464 ], [ 24.863670002331826, -28.637179999829563 ], [ 24.870489995782254, -28.639120002059204 ], [ 24.873910002411392, -28.640090002724303 ], [ 24.877320003183581, -28.64106000428886 ], [ 24.880740001718831, -28.642029995960694 ], [ 24.887560001464347, -28.643969990096458 ], [ 24.890980000898946, -28.644939998855531 ], [ 24.89439000077174, -28.645910000419985 ], [ 24.894970000539086, -28.646070003301805 ], [ 24.895559998069672, -28.646239995852973 ], [ 24.896139996937737, -28.646399998734783 ], [ 24.896849996404839, -28.646610002123797 ], [ 24.897570002628438, -28.646809996957682 ], [ 24.89828000299482, -28.647010000784807 ], [ 24.898990002462014, -28.647220003274459 ], [ 24.899710000591732, -28.64741999900771 ], [ 24.901129999525939, -28.647819998568174 ], [ 24.90183999989241, -28.648030001057748 ], [ 24.901759998901124, -28.648179998082579 ], [ 24.901669998348037, -28.648339992870486 ], [ 24.901589996457382, -28.64848999798912 ], [ 24.901499997702942, -28.648650000870905 ], [ 24.901419995812379, -28.648799997895662 ], [ 24.901329996158569, -28.648960000777528 ], [ 24.901250002361799, -28.649109997802196 ], [ 24.901159994614105, -28.649270000684069 ], [ 24.901080008911304, -28.649419997708737 ], [ 24.900990002062986, -28.649580000590607 ], [ 24.898630011940629, -28.653840000089893 ], [ 24.897450000691641, -28.655960001626742 ], [ 24.893910000219659, -28.662349999526679 ], [ 24.888469997563529, -28.672170002716992 ], [ 24.887740001670622, -28.673479998376738 ], [ 24.887020003540957, -28.674780004367303 ], [ 24.886299998216693, -28.676089999127669 ], [ 24.885570001424508, -28.677389997024267 ], [ 24.884850004194124, -28.678699999878518 ], [ 24.884129997970579, -28.679999996875743 ], [ 24.883400008372902, -28.681310000629455 ], [ 24.881959996825003, -28.683910002717784 ], [ 24.880589996599202, -28.686390003769006 ], [ 24.870999999514702, -28.703680001603693 ], [ 24.86962999838952, -28.706160001755553 ], [ 24.868259999062992, -28.70862999694965 ], [ 24.8679400004938, -28.709199998054256 ], [ 24.867620001924518, -28.709779996922112 ], [ 24.867299996160817, -28.710349998026739 ], [ 24.866979997591624, -28.710929996894599 ], [ 24.866659999921712, -28.71149999799929 ], [ 24.866340000453146, -28.712079997766423 ], [ 24.866020002783237, -28.712649998871136 ], [ 24.865379998450251, -28.713809996606752 ], [ 24.865059999881055, -28.71437999771145 ], [ 24.863540002630426, -28.717139996386333 ], [ 24.862769997698301, -28.718520003368063 ], [ 24.862009998623304, -28.719890003593385 ], [ 24.861240001785141, -28.721270003380514 ], [ 24.860480002710055, -28.722650001368983 ], [ 24.859709997778019, -28.724030000256832 ], [ 24.858949999602292, -28.725409999144585 ], [ 24.858180002764136, -28.726780000269262 ], [ 24.858069997691395, -28.726990001859523 ], [ 24.857870260063542, -28.727349532827095 ], [ 24.857420003689132, -28.728159999157029 ], [ 24.856710003322615, -28.729430009159934 ], [ 24.856010001618618, -28.730699995780494 ], [ 24.855300003050747, -28.731979997251333 ], [ 24.85460000044738, -28.733250000059734 ], [ 24.853890000980229, -28.734520001968761 ], [ 24.853189998376948, -28.735789996683273 ], [ 24.851769999442556, -28.738329995105392 ], [ 24.851069997738467, -28.739599997014423 ], [ 24.850359997372035, -28.740879997585971 ], [ 24.849290000188915, -28.742810002052039 ], [ 24.84712999770591, -28.746689996618041 ], [ 24.846059998724229, -28.748629998847342 ], [ 24.843899997140589, -28.752510002406591 ], [ 24.842829998158816, -28.754449995642556 ], [ 24.840670003769684, -28.758330000101186 ], [ 24.839599996694119, -28.76027000053174 ], [ 24.837109998777937, -28.764740001621359 ], [ 24.834629997725717, -28.769220002272785 ], [ 24.832769000937422, -28.772568001983153 ], [ 24.827160003078038, -28.78265999883109 ], [ 24.822179997353199, -28.791619998335275 ], [ 24.819699998099608, -28.796099997187945 ], [ 24.81946599360381, -28.796520997716801 ], [ 24.817382291401827, -28.800266553529404 ], [ 24.815667492002664, -28.800937562888961 ], [ 24.81306833077938, -28.801887256861992 ], [ 24.812318573183791, -28.802087192340618 ], [ 24.810169265438653, -28.801387418165287 ], [ 24.809633382813605, -28.800561720017818 ], [ 24.807843999039815, -28.79780460816654 ], [ 24.807647104169028, -28.797430036937033 ], [ 24.807277721128298, -28.796814399735084 ], [ 24.806641562296402, -28.796198761633836 ], [ 24.804876736309776, -28.794413414917337 ], [ 24.806322043065993, -28.788889572066346 ], [ 24.805320001354879, -28.783019998344475 ], [ 24.809459754304058, -28.767419073901468 ], [ 24.810367506595423, -28.763998152662953 ], [ 24.809720000117938, -28.763992999547661 ], [ 24.809254999358611, -28.763959999824504 ], [ 24.808777999844494, -28.763798999594435 ], [ 24.808356999315588, -28.763544999572339 ], [ 24.807515000056423, -28.762962999712972 ], [ 24.807093999527524, -28.762496999806906 ], [ 24.806040999531138, -28.761266999742478 ], [ 24.805264999718357, -28.76032500036856 ], [ 24.805271526997789, -28.760300793317079 ], [ 24.805181699114485, -28.760201340889271 ], [ 24.804414723099068, -28.759165922639252 ], [ 24.80350713358505, -28.758424511651935 ], [ 24.802944684986738, -28.758156071215719 ], [ 24.801896483772865, -28.757631969709642 ], [ 24.800630973077567, -28.757056738147831 ], [ 24.800094088607764, -28.756762729985891 ], [ 24.799416592437932, -28.7568777757586 ], [ 24.798777446058221, -28.756558202568787 ], [ 24.798023253006352, -28.756673249240858 ], [ 24.797205143337926, -28.756877775758497 ], [ 24.796719392521002, -28.757056738147654 ], [ 24.795364401080779, -28.757529706000824 ], [ 24.793291107632172, -28.757883108987862 ], [ 24.793277327320435, -28.757933634699036 ], [ 24.793244326697998, -28.758181143414603 ], [ 24.793139822778183, -28.75964969494698 ], [ 24.793057320772277, -28.760865236610933 ], [ 24.793035318858376, -28.761057743689481 ], [ 24.79301331784384, -28.761156747355532 ], [ 24.792980316322041, -28.761261251275268 ], [ 24.792897813416875, -28.761376753903626 ], [ 24.792776810534797, -28.761552760221221 ], [ 24.79196828134419, -28.762487792547159 ], [ 24.791467764558529, -28.763048812122467 ], [ 24.791324759762645, -28.76316431654946 ], [ 24.791148753444876, -28.763197318071313 ], [ 24.790945246758362, -28.763191816918265 ], [ 24.790818741824051, -28.763169816803021 ], [ 24.789663702050351, -28.762454791924554 ], [ 24.788893674635247, -28.762009275876725 ], [ 24.788415157964867, -28.761684766308321 ], [ 24.786505999782978, -28.76043400179698 ], [ 24.787160997613189, -28.759674002722313 ], [ 24.787876139403817, -28.75878066386586 ], [ 24.786231582452473, -28.757642124853373 ], [ 24.785523000316832, -28.757235000863783 ], [ 24.784889535853743, -28.756800595939911 ], [ 24.784240513119272, -28.756360580145763 ], [ 24.783596990638472, -28.755909563844355 ], [ 24.782909467027807, -28.755453048188734 ], [ 24.782366490550487, -28.755078665816747 ], [ 24.782875999657254, -28.754489000136321 ], [ 24.78383499711742, -28.753378002861645 ], [ 24.783896996379262, -28.753304998595915 ], [ 24.784178996793429, -28.752978999750141 ], [ 24.784903000503522, -28.752135999545949 ], [ 24.785371000501947, -28.751593000585679 ], [ 24.785392002369669, -28.751572996066141 ], [ 24.786363000383275, -28.750442999713865 ], [ 24.789292002356344, -28.746989998758796 ], [ 24.789792007427756, -28.747207997120746 ], [ 24.790282007541318, -28.747378005859684 ], [ 24.790446998063338, -28.747387995528964 ], [ 24.790961996631868, -28.747449995690161 ], [ 24.79126599716118, -28.747503002630879 ], [ 24.791773998104823, -28.747593003184058 ], [ 24.792386999394086, -28.747702999263524 ], [ 24.793181996485849, -28.747782002906661 ], [ 24.793236000774737, -28.747783997602983 ], [ 24.793320000151823, -28.747789000531551 ], [ 24.793958999042765, -28.747819003713655 ], [ 24.794370002707808, -28.747723002883895 ], [ 24.795192998392899, -28.747535001408838 ], [ 24.795729997076595, -28.747256001133177 ], [ 24.795921997836945, -28.747157998412575 ], [ 24.796620994098824, -28.746311997170569 ], [ 24.797076003390323, -28.745830000124148 ], [ 24.797378989484358, -28.74550899701233 ], [ 24.797207001337636, -28.745480000171575 ], [ 24.796740996035549, -28.745402001071209 ], [ 24.798571998635012, -28.743452009172675 ], [ 24.798968998956436, -28.742488998038649 ], [ 24.799468996833273, -28.741279000695194 ], [ 24.79974899355787, -28.740581999129773 ], [ 24.799809996370918, -28.740430996662973 ], [ 24.80010399733845, -28.739704000908709 ], [ 24.800388000542732, -28.739003999205021 ], [ 24.800459998467097, -28.738950003010039 ], [ 24.800530002594506, -28.738898997960263 ], [ 24.800547995330703, -28.738857999666791 ], [ 24.80068399710585, -28.738563998699398 ], [ 24.800967002962061, -28.737813000939163 ], [ 24.801585997333351, -28.73798699997003 ], [ 24.804329997070202, -28.738787997338228 ], [ 24.807186999320216, -28.739621997127596 ], [ 24.809344999012961, -28.740253998393602 ], [ 24.809644003808316, -28.740295003881684 ], [ 24.809678003577549, -28.740299998716281 ], [ 24.809728999634192, -28.740308001783106 ], [ 24.810033996612383, -28.740361998877486 ], [ 24.809583009089156, -28.739893000631781 ], [ 24.809351996637769, -28.739651991316613 ], [ 24.809307999105293, -28.739607002731216 ], [ 24.808674003142929, -28.738945996530738 ], [ 24.809447996568334, -28.738331996994319 ], [ 24.808389001691268, -28.737190998336132 ], [ 24.807900998072586, -28.737081002256666 ], [ 24.80757899581382, -28.737339997113402 ], [ 24.807317998166749, -28.737546998565293 ], [ 24.800168000290078, -28.730133002905582 ], [ 24.794661003537502, -28.724420999399118 ], [ 24.79045800216846, -28.720059997040568 ], [ 24.790414378754054, -28.719798335694016 ], [ 24.790388373058416, -28.719245722081723 ], [ 24.790342863765638, -28.718511071298217 ], [ 24.790251845179885, -28.717789422013524 ], [ 24.7900958128049, -28.717314823689414 ], [ 24.789913774734174, -28.716911741253174 ], [ 24.789582206386875, -28.716385131537852 ], [ 24.789211630845109, -28.715917036211518 ], [ 24.78889956609504, -28.715578965765904 ], [ 24.788366456079771, -28.715143375535593 ], [ 24.787846348462772, -28.714824809586492 ], [ 24.787228721960236, -28.714512745735782 ], [ 24.786500570576937, -28.714265694775168 ], [ 24.785785423390298, -28.714103161200985 ], [ 24.785083278601835, -28.714044648610706 ], [ 24.784655098785084, -28.714039490099463 ], [ 24.784571540975048, -28.714046595642895 ], [ 24.784571507700154, -28.714046599240206 ], [ 24.782639999566822, -28.714229999783662 ], [ 24.779968198303106, -28.714475414877295 ], [ 24.77836999960445, -28.714619999781885 ], [ 24.776999999378628, -28.714650000265969 ], [ 24.775934087815632, -28.71442792617648 ], [ 24.775930157778266, -28.714453963348369 ], [ 24.775278968576956, -28.71422163339022 ], [ 24.775063776999069, -28.714125992289297 ], [ 24.774738928386132, -28.713981615127945 ], [ 24.774206389440359, -28.713644089671536 ], [ 24.773808859418232, -28.713336567397203 ], [ 24.773678758994418, -28.713220160950232 ], [ 24.77352383908066, -28.713081547543876 ], [ 24.773358069745804, -28.712890757271119 ], [ 24.773126309957824, -28.71262401385567 ], [ 24.772796284847168, -28.712166480167383 ], [ 24.772668775370107, -28.711881458930627 ], [ 24.772451259944091, -28.711348919985053 ], [ 24.772323749567747, -28.710958891208296 ], [ 24.772233742719347, -28.710456352746871 ], [ 24.772218742027636, -28.71003632168734 ], [ 24.772218742027647, -28.709728799413025 ], [ 24.772231669782077, -28.709639598357231 ], [ 24.772293747284987, -28.709211261159165 ], [ 24.772376253787456, -28.708753726571619 ], [ 24.77254126589321, -28.708138681123646 ], [ 24.772263745901476, -28.708566212529103 ], [ 24.771933720790795, -28.709166258184649 ], [ 24.771603696579398, -28.709721299067137 ], [ 24.771236168840058, -28.710403848527186 ], [ 24.771056156042601, -28.710666368726265 ], [ 24.770977998661554, -28.710867996729093 ], [ 24.770565007494678, -28.711641002698443 ], [ 24.769424998090301, -28.713780999761582 ], [ 24.768742000767471, -28.715111990094531 ], [ 24.768258998278782, -28.714912001555884 ], [ 24.767589998004272, -28.716140000628783 ], [ 24.767300001717842, -28.717799997140386 ], [ 24.767260000772506, -28.7181599957554 ], [ 24.766399995287284, -28.71806999610158 ], [ 24.763719999401069, -28.717629995595821 ], [ 24.763180001478286, -28.717510000853828 ], [ 24.763459023337841, -28.715636572737651 ], [ 24.762594439404065, -28.715542392135617 ], [ 24.762981322352545, -28.71284968433347 ], [ 24.763009999934027, -28.712689999811591 ], [ 24.762359997837788, -28.712670003385892 ], [ 24.762040000167907, -28.714810001348461 ], [ 24.761000002569663, -28.714720000795349 ], [ 24.76009270353665, -28.715459176067949 ], [ 24.759606366361748, -28.715005700120816 ], [ 24.758736525890608, -28.715773668088033 ], [ 24.758634651588505, -28.715812849751007 ], [ 24.758524942392683, -28.715820685543999 ], [ 24.752664003059426, -28.714798997243427 ], [ 24.752810001698432, -28.711610003066607 ], [ 24.754159997404795, -28.711650003112712 ], [ 24.75417000416121, -28.71139999967777 ], [ 24.754230001532221, -28.711239996795992 ], [ 24.754631995788959, -28.710427997121926 ], [ 24.754081001855589, -28.710207995969764 ], [ 24.753312002365497, -28.709896002266227 ], [ 24.752885007855177, -28.709725003373737 ], [ 24.752286991969232, -28.709484997701928 ], [ 24.752252002046344, -28.709471001552973 ], [ 24.751065997715244, -28.707112998933088 ], [ 24.750902574711613, -28.70683412726056 ], [ 24.751510301477055, -28.706663963838203 ], [ 24.752078388824685, -28.706268772053615 ], [ 24.752096969717428, -28.706239352531501 ], [ 24.752374782888161, -28.705799483326899 ], [ 24.752547678450814, -28.705503089263569 ], [ 24.752720574912939, -28.704984400776933 ], [ 24.753016968976407, -28.704613908872233 ], [ 24.752893470475698, -28.704144619246225 ], [ 24.753016968976429, -28.703774127341607 ], [ 24.75346155872262, -28.703403634537551 ], [ 24.753955547329561, -28.703230738974991 ], [ 24.754202542532362, -28.702959044791598 ], [ 24.754449536835793, -28.702662650728271 ], [ 24.755042324063442, -28.702292158823582 ], [ 24.755518135573137, -28.701861663252767 ], [ 24.756079701936571, -28.701353579571617 ], [ 24.756870083707618, -28.700637295642331 ], [ 24.75716647777109, -28.700168006016341 ], [ 24.757018280289728, -28.69974811525098 ], [ 24.756815855487574, -28.699466479961657 ], [ 24.756450193841498, -28.698957731681592 ], [ 24.756104400917295, -28.698241447752164 ], [ 24.755980903315965, -28.697426366101539 ], [ 24.755882105594647, -28.696734781152845 ], [ 24.756820684847057, -28.696240791646876 ], [ 24.757981559422237, -28.69601849722352 ], [ 24.758219550612658, -28.695661509538709 ], [ 24.758277953485713, -28.695573905678902 ], [ 24.75899423741533, -28.695623304539666 ], [ 24.759340029440185, -28.69515401581296 ], [ 24.760772599098193, -28.694338934162325 ], [ 24.762007571514811, -28.692560571581005 ], [ 24.763487969817145, -28.692530854383307 ], [ 24.764753940065948, -28.692407344191604 ], [ 24.765742013507204, -28.692206641591252 ], [ 24.766791842494058, -28.69182067505221 ], [ 24.7678107941578, -28.691280321897427 ], [ 24.771670458651357, -28.688949084900742 ], [ 24.772396075745181, -28.688748382300371 ], [ 24.772859235592382, -28.688717504977298 ], [ 24.773553974463717, -28.688779259623523 ], [ 24.774217837810589, -28.688949084900869 ], [ 24.774680996758406, -28.689149786601835 ], [ 24.775190472590264, -28.689473999394121 ], [ 24.775607316452696, -28.689952597902611 ], [ 24.776070476299779, -28.690801724288725 ], [ 24.776132230946072, -28.691619973351635 ], [ 24.778324520889168, -28.691604533790919 ], [ 24.778586978135927, -28.689412244748002 ], [ 24.77857153857504, -28.687775746622084 ], [ 24.778108379627323, -28.683391167636927 ], [ 24.777166620372409, -28.674127971597212 ], [ 24.77638000316368, -28.665531996972604 ], [ 24.776173000812388, -28.6635289972339 ], [ 24.775513000053873, -28.657103003968881 ], [ 24.774772000056565, -28.649887998600647 ], [ 24.774719997658526, -28.649385000585664 ], [ 24.774083001558015, -28.643191000032974 ], [ 24.773891001696995, -28.64134099835676 ], [ 24.773277002160519, -28.635360001331247 ], [ 24.773008997895474, -28.63275800274787 ], [ 24.773004999509585, -28.632712998874087 ], [ 24.772982002945639, -28.632495002310797 ], [ 24.772973999878715, -28.632462996338433 ], [ 24.772959995635787, -28.632412996730693 ], [ 24.772595001286621, -28.631041001808999 ], [ 24.771110999401039, -28.625476999731884 ], [ 24.770974998525283, -28.624903999388163 ], [ 24.770577999103114, -28.623210002207923 ], [ 24.770518999080277, -28.622959998772995 ], [ 24.77035899529907, -28.622286002764906 ], [ 24.770212996660071, -28.621663001914076 ], [ 24.76611300094061, -28.604209002811089 ], [ 24.76536500241912, -28.601162999040941 ], [ 24.764993002351282, -28.599730998654387 ], [ 24.764779002375075, -28.598897996213303 ], [ 24.762604000099827, -28.590947001870255 ], [ 24.758585002719737, -28.576244000127858 ], [ 24.756602997653541, -28.571865004133929 ], [ 24.756481997469493, -28.571596999868913 ], [ 24.751461002444742, -28.560500004338682 ], [ 24.751238999401689, -28.56000999613142 ], [ 24.75086400009484, -28.559099002683787 ], [ 24.745770000804342, -28.546745003145997 ], [ 24.724262996451401, -28.512620997026822 ], [ 24.724214999633752, -28.51254600705801 ], [ 24.724199990848152, -28.512520998710524 ], [ 24.7222990003091, -28.509501000635957 ], [ 24.720371997779168, -28.509855997221667 ], [ 24.716077997609229, -28.510645997679649 ], [ 24.710930003022749, -28.511594000027731 ], [ 24.710789995667202, -28.511619996730118 ], [ 24.707943994823662, -28.512191004176085 ], [ 24.708360009511175, -28.511749998228439 ], [ 24.708789998764033, -28.511159998000146 ], [ 24.709130001852898, -28.510639994704633 ], [ 24.709709998023023, -28.50967999629944 ], [ 24.710119998044711, -28.509060003680883 ], [ 24.710329998735777, -28.508670002783091 ], [ 24.710429996152751, -28.508440003867722 ], [ 24.710580003070113, -28.508199998196037 ], [ 24.710760003277031, -28.507930000134088 ], [ 24.711700000760445, -28.506220002216114 ], [ 24.711939998338373, -28.505889998689224 ], [ 24.712119994948072, -28.505619999727998 ], [ 24.712249996446417, -28.505400000374426 ], [ 24.712440003409732, -28.505120002750679 ], [ 24.71303999780427, -28.504529996227159 ], [ 24.713249998495336, -28.504259997265855 ], [ 24.713450005919917, -28.504019998788674 ], [ 24.713649999854489, -28.503789999873405 ], [ 24.713850005480424, -28.503539999136496 ], [ 24.714000001605879, -28.503329997546164 ], [ 24.714109996786096, -28.503210003703579 ], [ 24.714300004648695, -28.502979996694414 ], [ 24.714589996438523, -28.502659996326624 ], [ 24.71476999664543, -28.502529997526199 ], [ 24.714840001672219, -28.50234999821874 ], [ 24.714859998997184, -28.502209997158577 ], [ 24.714920004462165, -28.502010003223926 ], [ 24.714939999089204, -28.501810001195476 ], [ 24.714939999089225, -28.500970001129602 ], [ 24.71488000081894, -28.50071999589602 ], [ 24.714800001626308, -28.500489996980637 ], [ 24.714729997498811, -28.500299998111284 ], [ 24.714599996000487, -28.500110001939944 ], [ 24.714300004648784, -28.499710003278889 ], [ 24.7136300016303, -28.498619997979322 ], [ 24.713320003522281, -28.498239994844742 ], [ 24.713150001977819, -28.498009996828635 ], [ 24.713039997804451, -28.497789995676573 ], [ 24.712940000387484, -28.497630001787943 ], [ 24.712799999327263, -28.497379996554361 ], [ 24.712649996906499, -28.497209995909319 ], [ 24.712509995846276, -28.497000003312227 ], [ 24.712409998429223, -28.496839999531151 ], [ 24.711470001845246, -28.495860003800839 ], [ 24.7109700048678, -28.495379999651938 ], [ 24.710399994769688, -28.494790004819453 ], [ 24.709919998714501, -28.494329998894955 ], [ 24.709520002751319, -28.49395000475354 ], [ 24.708670004022501, -28.493129997515911 ], [ 24.708399997866557, -28.49288000577215 ], [ 24.708199999435241, -28.492499999040277 ], [ 24.708060002871598, -28.492329998395238 ], [ 24.707899996392445, -28.491989995306522 ], [ 24.707799998975485, -28.4918200009568 ], [ 24.707579999621906, -28.491520002410702 ], [ 24.707319999323005, -28.491189997984417 ], [ 24.706949999347309, -28.49052000036221 ], [ 24.706799996926637, -28.490129994068361 ], [ 24.706760004974566, -28.490010002923775 ], [ 24.706659999463639, -28.489610003363374 ], [ 24.706650000801119, -28.48939999817582 ], [ 24.70661999582039, -28.489080001405309 ], [ 24.706609998057242, -28.488850001590734 ], [ 24.70660999805725, -28.488570004866261 ], [ 24.706619995820411, -28.488259998664404 ], [ 24.706729999993804, -28.487540002333578 ], [ 24.706839996073306, -28.487189999683174 ], [ 24.706910001100098, -28.486960000767791 ], [ 24.706999998955268, -28.486649990968715 ], [ 24.707019996280327, -28.486420000147316 ], [ 24.707049996764397, -28.486209998557058 ], [ 24.707070003082695, -28.486169999410315 ], [ 24.707070003082702, -28.485930001832497 ], [ 24.707059996326308, -28.485710000680452 ], [ 24.70703000393604, -28.485389996715341 ], [ 24.706929998425206, -28.484929998884752 ], [ 24.706870001054199, -28.484640001699102 ], [ 24.706839996073384, -28.484399996926683 ], [ 24.706789997364993, -28.484189996235713 ], [ 24.706739998656424, -28.483940002693405 ], [ 24.706720001331387, -28.48369999702162 ], [ 24.706619995820542, -28.483429998959657 ], [ 24.706559998449542, -28.483160000897708 ], [ 24.706480007350788, -28.482989994856723 ], [ 24.706339999095967, -28.482719996794753 ], [ 24.706169997551591, -28.482449997833513 ], [ 24.706020001426058, -28.482130001063087 ], [ 24.705750003363995, -28.481779999311851 ], [ 24.70563000052811, -28.481519999912411 ], [ 24.705319998822787, -28.481249997353764 ], [ 24.705099998569924, -28.480949997908386 ], [ 24.704960002006189, -28.480779997263358 ], [ 24.704730003090805, -28.480570003766964 ], [ 24.704470000093966, -28.480379996803727 ], [ 24.704150002424047, -28.480139999225798 ], [ 24.70402999149427, -28.480059999133818 ], [ 24.703919995414779, -28.479990003100397 ], [ 24.703589999981705, -28.479789989380667 ], [ 24.702749999915397, -28.479370003287244 ], [ 24.701609996806191, -28.479070000244416 ], [ 24.70096000370328, -28.478899997800713 ], [ 24.700479999554204, -28.478730005249538 ], [ 24.70003000847974, -28.478580001030249 ], [ 24.699829998357323, -28.47849999824032 ], [ 24.699500011018124, -28.478410000385182 ], [ 24.699230004862084, -28.47832999669598 ], [ 24.698979999628481, -28.478310002968225 ], [ 24.697610002100554, -28.478109997342404 ], [ 24.696819999843346, -28.477960001216882 ], [ 24.696329997931116, -28.477789991578668 ], [ 24.696140002658979, -28.477789991578653 ], [ 24.695879998762763, -28.477710001379286 ], [ 24.695669998071704, -28.477690003154954 ], [ 24.695470004137047, -28.477659998174136 ], [ 24.695290003930051, -28.477629996790704 ], [ 24.694809999780965, -28.477629996790672 ], [ 24.694239997776709, -28.477710001379197 ], [ 24.693969999714724, -28.477740000963955 ], [ 24.693459995980767, -28.477809997896802 ], [ 24.693250002484302, -28.477820004653097 ], [ 24.69282000154028, -28.477899995751802 ], [ 24.692309989712435, -28.477979998541667 ], [ 24.69174000389603, -28.478180000570092 ], [ 24.691310002952093, -28.478299996211408 ], [ 24.690950001638907, -28.478339996257329 ], [ 24.690820001039764, -28.478360000776863 ], [ 24.690529999357405, -28.478400000822891 ], [ 24.690330001825448, -28.478440000868815 ], [ 24.690129999796905, -28.478519995564834 ], [ 24.689859998137536, -28.478589999692204 ], [ 24.689620003257545, -28.478679997547307 ], [ 24.689519995048666, -28.478760002135768 ], [ 24.689440003949912, -28.478849999990885 ], [ 24.689339997539776, -28.47899000015186 ], [ 24.689230002359555, -28.479179996323179 ], [ 24.688959999800879, -28.479940005290484 ], [ 24.688820002337849, -28.480340004850795 ], [ 24.688770004528642, -28.480520000560958 ], [ 24.688660000355259, -28.480830003165515 ], [ 24.688650001692729, -28.480979999290902 ], [ 24.688640003030198, -28.481110000789265 ], [ 24.688569999802148, -28.481360006022843 ], [ 24.688529998856811, -28.481589999542276 ], [ 24.688499997473286, -28.48169000055649 ], [ 24.688430001439833, -28.481929994537005 ], [ 24.68833000492214, -28.482080003252936 ], [ 24.688139997059537, -28.482310001268853 ], [ 24.687969995515058, -28.482570000668357 ], [ 24.6878900044163, -28.482649996263653 ], [ 24.687750003356065, -28.482780002258593 ], [ 24.687559996392746, -28.482870003711017 ], [ 24.68746999853758, -28.482920003318839 ], [ 24.687299996993108, -28.482989994855664 ], [ 24.687150001766931, -28.483029999398269 ], [ 24.686989994388487, -28.483050000320599 ], [ 24.686769995934181, -28.483069997645547 ], [ 24.686619999808638, -28.48306999764554 ], [ 24.686259998495544, -28.482949995709035 ], [ 24.685980001770947, -28.482790000921021 ], [ 24.685859994438381, -28.482730002650751 ], [ 24.685529999005301, -28.482580000230026 ], [ 24.6853999966076, -28.482439999169859 ], [ 24.68520999773817, -28.482290003943731 ], [ 24.684979998822779, -28.482099996081114 ], [ 24.684490000507761, -28.481710003277168 ], [ 24.68418999746487, -28.481399997075378 ], [ 24.684030002676895, -28.481060002080547 ], [ 24.683600001732977, -28.480759999037851 ], [ 24.683540004361973, -28.480450000929952 ], [ 24.683519998943044, -28.480349999915639 ], [ 24.683430001087888, -28.480089999616915 ], [ 24.683359996061107, -28.479889997588462 ], [ 24.683219999497467, -28.479630010779477 ], [ 24.683110003417983, -28.479410003332102 ], [ 24.68262000060648, -28.478419999046764 ], [ 24.682469990091839, -28.47804000400599 ], [ 24.68237999493461, -28.477740000963305 ], [ 24.682269998855126, -28.477470002901352 ], [ 24.682180000999967, -28.477279995038742 ], [ 24.682100001807335, -28.477049997022732 ], [ 24.681990002130547, -28.476759999837164 ], [ 24.681940003422071, -28.476490001775122 ], [ 24.681940003422085, -28.476010002122919 ], [ 24.681930000262984, -28.475820003253563 ], [ 24.681920001600464, -28.475570002516569 ], [ 24.681920001600481, -28.475019995139682 ], [ 24.682019999017463, -28.474640000098915 ], [ 24.682059997264776, -28.47452999592559 ], [ 24.682100001807406, -28.474390000261288 ], [ 24.68215999558112, -28.474240007733208 ], [ 24.682220001046016, -28.474129996365281 ], [ 24.682260004689279, -28.474010000723947 ], [ 24.68232000206029, -28.473859998303325 ], [ 24.682559996041011, -28.473489998327793 ], [ 24.682770000329292, -28.473279996737556 ], [ 24.682889999567987, -28.47313000061208 ], [ 24.683039998391468, -28.472910001258608 ], [ 24.683169996292598, -28.472749999276108 ], [ 24.683349996499508, -28.472540002182445 ], [ 24.683449985822602, -28.47242000294381 ], [ 24.683590003070687, -28.472280009977538 ], [ 24.683869999795295, -28.472049994874499 ], [ 24.68406999462924, -28.47188000232336 ], [ 24.684379996334581, -28.471630000687092 ], [ 24.684800006709967, -28.471350003962645 ], [ 24.685140001704948, -28.471159996999436 ], [ 24.685519999443823, -28.470969997230732 ], [ 24.685959999949652, -28.47075999564051 ], [ 24.686210000686682, -28.470669998684677 ], [ 24.686420005874332, -28.470600001751915 ], [ 24.68676000086931, -28.47047999891608 ], [ 24.687010000707055, -28.470349996518355 ], [ 24.687199999576492, -28.470219999516672 ], [ 24.687490004856148, -28.470110004336522 ], [ 24.687739997499296, -28.470000000163211 ], [ 24.68811000466961, -28.469980001938819 ], [ 24.688380002731598, -28.469910005905426 ], [ 24.68868001027117, -28.469810001293915 ], [ 24.688969998463602, -28.469750003023574 ], [ 24.689189998716561, -28.469660005168475 ], [ 24.689559997792905, -28.469569994722903 ], [ 24.689949999590251, -28.469500003186091 ], [ 24.690139994862388, -28.469400001272415 ], [ 24.690419999680866, -28.469289997099107 ], [ 24.69070999596736, -28.469180001919046 ], [ 24.690950001639163, -28.469050004017991 ], [ 24.691259999747203, -28.468929993088196 ], [ 24.691509996887017, -28.468809998346245 ], [ 24.691769996286567, -28.468719995994551 ], [ 24.692060000666853, -28.468629998139448 ], [ 24.692779997897283, -28.468389999662303 ], [ 24.693089999602616, -28.46831000136909 ], [ 24.693520000546645, -28.468170000308849 ], [ 24.694450002964722, -28.467850002639207 ], [ 24.69484000476206, -28.467779997612478 ], [ 24.695130009142346, -28.46771000157899 ], [ 24.695520001946527, -28.467599998304969 ], [ 24.69591000374378, -28.467519999112383 ], [ 24.696379996639884, -28.467459992748267 ], [ 24.696609994655908, -28.467410003032978 ], [ 24.697030000534703, -28.467410003032999 ], [ 24.697269999011993, -28.467380006146172 ], [ 24.697640001685631, -28.467389996714832 ], [ 24.698600005487222, -28.467369999389849 ], [ 24.6990700028799, -28.467320000681408 ], [ 24.699450003316699, -28.467240002388191 ], [ 24.699789998311676, -28.467119997753628 ], [ 24.700089998656555, -28.467039994963738 ], [ 24.700520011291669, -28.466949997108639 ], [ 24.700750003012548, -28.466909997062711 ], [ 24.7011800030572, -28.466819995610305 ], [ 24.701509999389565, -28.466749998677543 ], [ 24.701779997451638, -28.46668999770927 ], [ 24.702179997911504, -28.466520004258864 ], [ 24.702600003790216, -28.466319997733855 ], [ 24.702910001898253, -28.466129998864442 ], [ 24.70314999947626, -28.466000000963383 ], [ 24.703389997953465, -28.46583000031837 ], [ 24.703620004962829, -28.465650000111548 ], [ 24.703930003070862, -28.465529997275723 ], [ 24.704160001086979, -28.465389999812864 ], [ 24.704380000440569, -28.465259998314423 ], [ 24.70465999896382, -28.465059999883294 ], [ 24.704849997833254, -28.464899997001513 ], [ 24.705040000299991, -28.46472000129128 ], [ 24.705230000968079, -28.464589998893633 ], [ 24.705410000275709, -28.464449998732672 ], [ 24.705570004056938, -28.464320000831609 ], [ 24.705889999928218, -28.464050002769682 ], [ 24.706519990310234, -28.463579990088757 ], [ 24.706870001054785, -28.463349999267365 ], [ 24.707090000408375, -28.463229995532252 ], [ 24.707399998516408, -28.463070001643636 ], [ 24.707700001559218, -28.462880001874939 ], [ 24.707950006792913, -28.462660002521464 ], [ 24.708129994409365, -28.462509999201568 ], [ 24.708349994662239, -28.462289998948727 ], [ 24.708469997498227, -28.462109990647935 ], [ 24.70862000531487, -28.4619399971976 ], [ 24.708739995560219, -28.461790001971401 ], [ 24.708929995329029, -28.461430000658478 ], [ 24.709079999548461, -28.461129997615721 ], [ 24.709290004736108, -28.460869998216303 ], [ 24.709409998578764, -28.460639999301023 ], [ 24.709529997817459, -28.460349994920779 ], [ 24.709560002798199, -28.460050003569286 ], [ 24.709589996087761, -28.459809997897597 ], [ 24.7096599993159, -28.459520001611235 ], [ 24.709709998024394, -28.459289994602063 ], [ 24.709750001667661, -28.459009997877594 ], [ 24.709769995395419, -28.458760005234566 ], [ 24.709820001298507, -28.458569998271336 ], [ 24.709859997747166, -28.45847000085433 ], [ 24.710109998484199, -28.458109992346809 ], [ 24.710530004363001, -28.457830002816859 ], [ 24.710729998297658, -28.457700001318507 ], [ 24.711070001386513, -28.457530004270794 ], [ 24.711260001155228, -28.457430002357302 ], [ 24.711530000116674, -28.457319999083268 ], [ 24.711869993312909, -28.457210003003844 ], [ 24.712179999514913, -28.457099997931163 ], [ 24.712710002372475, -28.457059998784523 ], [ 24.713010000918704, -28.456969997332116 ], [ 24.713330003085208, -28.456889997240257 ], [ 24.71364000029396, -28.456869999915231 ], [ 24.713830008156549, -28.45684999809362 ], [ 24.715020001880362, -28.456669996987483 ], [ 24.715460001486903, -28.456609999616621 ], [ 24.716019995835371, -28.456550003144937 ], [ 24.716930000928464, -28.456510003099055 ], [ 24.717300004501386, -28.456500003537268 ], [ 24.717530002517496, -28.456500003537275 ], [ 24.717879997074178, -28.456659999224488 ], [ 24.718150002330844, -28.456770003397921 ], [ 24.718759996287162, -28.456879997678655 ], [ 24.719069998891857, -28.456939995949021 ], [ 24.719350003710332, -28.45695000270544 ], [ 24.719989998150801, -28.457000002313311 ], [ 24.720250002046928, -28.456979995995031 ], [ 24.720510000547193, -28.456919997724778 ], [ 24.720819998655312, -28.456860001253094 ], [ 24.721069995795034, -28.456810001645362 ], [ 24.721369998837837, -28.456740002014573 ], [ 24.721540000382305, -28.456680003744328 ], [ 24.721809998444378, -28.456560009901658 ], [ 24.722079997405817, -28.456479998118514 ], [ 24.722259997612635, -28.456430000309425 ], [ 24.723709991635367, -28.455849998743705 ], [ 24.72423000302501, -28.455679998098709 ], [ 24.72453000606782, -28.455490002826668 ], [ 24.724789997373485, -28.455299994964083 ], [ 24.724999998064547, -28.45506000188287 ], [ 24.725219989324259, -28.454860004351005 ], [ 24.725429999008568, -28.454700000569865 ], [ 24.725579998731327, -28.454589997295823 ], [ 24.725730002950748, -28.454459994898183 ], [ 24.725960000966772, -28.454290002347051 ], [ 24.726189999882166, -28.454049995776092 ], [ 24.726410000135125, -28.453789996376575 ], [ 24.726689989665129, -28.453460000943654 ], [ 24.726800001932478, -28.45320000064487 ], [ 24.72690999801198, -28.452819993913003 ], [ 24.726990000801926, -28.452520002561428 ], [ 24.727079998657093, -28.452290004545411 ], [ 24.72711999870306, -28.45199000060347 ], [ 24.727140004122003, -28.451590001043147 ], [ 24.727150002784533, -28.451360002127764 ], [ 24.726980002139456, -28.450480002915238 ], [ 24.726970002577566, -28.450359999180016 ], [ 24.72680000193256, -28.450139999826515 ], [ 24.726779994714978, -28.450170004807241 ], [ 24.726729996905778, -28.450080001556248 ], [ 24.726590000342135, -28.449879999527706 ], [ 24.726490003824544, -28.449739991272939 ], [ 24.727170001008911, -28.449569997822543 ], [ 24.72742000174593, -28.449510001350856 ], [ 24.7275699969721, -28.449489998629957 ], [ 24.727820001306508, -28.449489998629971 ], [ 24.727950003704212, -28.449510001350884 ], [ 24.728050001121176, -28.449550004094846 ], [ 24.728139998976332, -28.449600002803312 ], [ 24.728309999621434, -28.449739991273034 ], [ 24.728440002019131, -28.449860003102135 ], [ 24.728559996761142, -28.449990003701224 ], [ 24.728700001418751, -28.450179998973283 ], [ 24.728800002433012, -28.450469995259557 ], [ 24.728840001579687, -28.45067000178468 ], [ 24.728880001625644, -28.450710000931256 ], [ 24.728909998512492, -28.450809998348269 ], [ 24.728960004415576, -28.450920001622229 ], [ 24.72911000054102, -28.451160000099421 ], [ 24.729150000586976, -28.451280002935267 ], [ 24.729209997958069, -28.451340000306256 ], [ 24.729270002523588, -28.451450003580302 ], [ 24.729450003629857, -28.451630001089217 ], [ 24.729519999663385, -28.451720002541553 ], [ 24.729619997080352, -28.451810001296046 ], [ 24.729779999962293, -28.451929996038029 ], [ 24.729860002752226, -28.452019998389741 ], [ 24.729940001944865, -28.452059997536406 ], [ 24.730079994911211, -28.452120003001273 ], [ 24.73013999947673, -28.452120003001276 ], [ 24.730179999522779, -28.452099996683074 ], [ 24.730269997377938, -28.45205999753642 ], [ 24.730279996939746, -28.452019998389758 ], [ 24.730350001067162, -28.452000000165434 ], [ 24.730549995001816, -28.451909997813747 ], [ 24.730819997560463, -28.451909997813754 ], [ 24.730899996753102, -28.451889995992143 ], [ 24.731079996960098, -28.451829998621164 ], [ 24.731180001571666, -28.451810001296135 ], [ 24.731569995275027, -28.451709995785343 ], [ 24.732059998086633, -28.45159000104341 ], [ 24.732730004702443, -28.451360002128066 ], [ 24.733199996699163, -28.451259996617281 ], [ 24.733530002024775, -28.451140001875327 ], [ 24.733790005021707, -28.451019999039506 ], [ 24.734029999002317, -28.45096000166853 ], [ 24.734130000016588, -28.45094999940871 ], [ 24.734280002437362, -28.450900000700258 ], [ 24.734410012928944, -28.450890002037752 ], [ 24.734640003750457, -28.450769999201917 ], [ 24.734709997086057, -28.450710000931569 ], [ 24.734849996347631, -28.450670001784996 ], [ 24.735010000128856, -28.450650003560686 ], [ 24.735130002964759, -28.450530000724758 ], [ 24.735269998629125, -28.450409997888919 ], [ 24.735419998351876, -28.450289995052994 ], [ 24.735559994915526, -28.450149999388778 ], [ 24.735740004115684, -28.450019996991145 ], [ 24.736020000840277, -28.449799996738296 ], [ 24.736150002338711, -28.449640001950399 ], [ 24.736240001093151, -28.449559999160495 ], [ 24.736399995881214, -28.449399997177999 ], [ 24.736460000446826, -28.449330000245222 ], [ 24.736519998717117, -28.449269994780266 ], [ 24.736550002798573, -28.449210009999838 ], [ 24.73660000150706, -28.449129998216772 ], [ 24.736670006533753, -28.449009995380926 ], [ 24.736780001713967, -28.4488999993014 ], [ 24.736820001759931, -28.448829995174023 ], [ 24.736889997793465, -28.448779997364845 ], [ 24.736939995602668, -28.448709999532785 ], [ 24.736980003742509, -28.448649998564502 ], [ 24.737040002012801, -28.44857000296911 ], [ 24.737089999822004, -28.448480005114085 ], [ 24.73712000480274, -28.448400002324185 ], [ 24.737189996339694, -28.44829999681329 ], [ 24.737380005101663, -28.448020000088903 ], [ 24.737510005700717, -28.447929996837846 ], [ 24.737569998575236, -28.447879999028665 ], [ 24.737690004109066, -28.447759996192822 ], [ 24.737700000972939, -28.447679997000218 ], [ 24.737709999635467, -28.447589993749148 ], [ 24.737709999635467, -28.447499996793304 ], [ 24.737749999681434, -28.447369987201153 ], [ 24.737769997905762, -28.447300001959455 ], [ 24.737819995714968, -28.447250007747577 ], [ 24.737859995760928, -28.447200000945237 ], [ 24.737870002517333, -28.447099996333712 ], [ 24.737870002517333, -28.44703999896273 ], [ 24.737909993570135, -28.446969993936065 ], [ 24.737949998112764, -28.446909996564994 ], [ 24.7379699999344, -28.446859997856539 ], [ 24.738039987873957, -28.446789998225825 ], [ 24.738079996013891, -28.446739999517366 ], [ 24.738129993823005, -28.446689997211518 ], [ 24.738169997466354, -28.446639999402425 ], [ 24.738180005122047, -28.446540001086131 ], [ 24.738219997074122, -28.446490003276942 ], [ 24.738240001593773, -28.446439995575233 ], [ 24.738280001639733, -28.446369999541826 ], [ 24.738349998572549, -28.446269994930301 ], [ 24.738400004475636, -28.446209997559329 ], [ 24.738510000555127, -28.446130001964029 ], [ 24.738649997118774, -28.446019997790621 ], [ 24.738810000000633, -28.445920001272984 ], [ 24.738910001014901, -28.445820003856152 ], [ 24.739039998916112, -28.445729994309765 ], [ 24.73909999538775, -28.445700001020228 ], [ 24.739170000414536, -28.445679994702026 ], [ 24.739319995640706, -28.445610003165115 ], [ 24.739449998038406, -28.445560005356025 ], [ 24.739539995893573, -28.445520000813417 ], [ 24.739659998729469, -28.44545999624793 ], [ 24.73973000285697, -28.445440001620828 ], [ 24.739820000712132, -28.445430002958311 ], [ 24.7399199945318, -28.445419996201913 ], [ 24.740239998496946, -28.445419996201935 ], [ 24.740329998150763, -28.445399997977614 ], [ 24.740440001424766, -28.445399997977624 ], [ 24.740549997504345, -28.445390002912411 ], [ 24.740649998518609, -28.445390002912415 ], [ 24.740760002691982, -28.445419996201963 ], [ 24.740810000501185, -28.445419996201963 ], [ 24.740909997918152, -28.445440001620888 ], [ 24.741030000754041, -28.445480000767549 ], [ 24.741229995588064, -28.445499998991881 ], [ 24.741299999715476, -28.445499998991888 ], [ 24.741510000406535, -28.445560005356132 ], [ 24.741539997293387, -28.445569998622709 ], [ 24.742050001926611, -28.445820003856312 ], [ 24.742170004762503, -28.445849997145864 ], [ 24.742310000426862, -28.445889999889747 ], [ 24.742390004116086, -28.445899992257033 ], [ 24.742480002870526, -28.445929999935693 ], [ 24.742570004322985, -28.445949998160113 ], [ 24.742670001740038, -28.445960001319214 ], [ 24.742970000286256, -28.445960001319232 ], [ 24.743080000862328, -28.445949998160138 ], [ 24.743150000493074, -28.445939998598341 ], [ 24.74324999791013, -28.445899992257075 ], [ 24.743340001161151, -28.445860003902329 ], [ 24.743460003997139, -28.445820003856383 ], [ 24.743540002290406, -28.445779995716482 ], [ 24.74360999832394, -28.445740009160371 ], [ 24.743659997931708, -28.445700001020462 ], [ 24.743730002059209, -28.445670000536335 ], [ 24.743810000352479, -28.445629996893086 ], [ 24.743879988292125, -28.445589996847147 ], [ 24.743969999637123, -28.445530000375449 ], [ 24.744030005102015, -28.445480000767709 ], [ 24.744080003810495, -28.445440001621048 ], [ 24.744140002080787, -28.445380004250069 ], [ 24.744549995807219, -28.445129999915789 ], [ 24.744659999980687, -28.445040002060757 ], [ 24.744820002862543, -28.44495999837158 ], [ 24.744909997120402, -28.44491999832556 ], [ 24.744980000348534, -28.444869999617101 ], [ 24.745069999102977, -28.444840002730267 ], [ 24.745159997857513, -28.444779998164684 ], [ 24.745219994329148, -28.44469999897208 ], [ 24.74527999979404, -28.444609995721017 ], [ 24.745400002629939, -28.44452999652842 ], [ 24.745500000946276, -28.444460001394283 ], [ 24.745600001960543, -28.444399995030061 ], [ 24.745649999769746, -28.44438000220169 ], [ 24.745710006134008, -28.444329998996565 ], [ 24.745810002651606, -28.444269993531698 ], [ 24.74595999787778, -28.444089996922177 ], [ 24.746070002051244, -28.443999994570479 ], [ 24.746179998130732, -28.443920004371048 ], [ 24.746269999583198, -28.443840000681867 ], [ 24.74638000375657, -28.443760002388643 ], [ 24.746440002026858, -28.443719997846028 ], [ 24.746610002671964, -28.443499997593179 ], [ 24.746710000088935, -28.443350002367076 ], [ 24.746799998843464, -28.443269998677899 ], [ 24.746830002924916, -28.443239998193757 ], [ 24.746910002117559, -28.443149995842056 ], [ 24.747000003570022, -28.443080004305141 ], [ 24.747040003615986, -28.442950001907487 ], [ 24.747140001032953, -28.442810000847238 ], [ 24.74718999974144, -28.442730001654642 ], [ 24.747209997066491, -28.442680003845545 ], [ 24.747249997112448, -28.442619998380689 ], [ 24.747280002093184, -28.442560000110333 ], [ 24.747339998564918, -28.442510002301159 ], [ 24.747409999994399, -28.442359995383875 ], [ 24.747460001400817, -28.442249998405142 ], [ 24.747469996466045, -28.442169999212549 ], [ 24.747530001930933, -28.44204999727598 ], [ 24.747580000639417, -28.441980000343111 ], [ 24.747589999301944, -28.44190999621582 ], [ 24.747629998448627, -28.441800000136375 ], [ 24.747649996672958, -28.441760000090341 ], [ 24.747680001653695, -28.441639998153864 ], [ 24.747699995381442, -28.441609996770364 ], [ 24.747710003037223, -28.441510000252805 ], [ 24.747739999024795, -28.441469995710197 ], [ 24.747829997779242, -28.44129 ], [ 24.747900001906654, -28.441199996748882 ], [ 24.7479700015374, -28.441100000231327 ], [ 24.748060004788517, -28.441009997879629 ], [ 24.748130000822051, -28.440950005005135 ], [ 24.748259997823887, -28.440899993706221 ], [ 24.748350001075, -28.440860001754164 ], [ 24.748460004349006, -28.440820002607516 ], [ 24.748560001766059, -28.440780002561578 ], [ 24.748649999621222, -28.440749999379417 ], [ 24.748759995700713, -28.440709999333482 ], [ 24.748849998052453, -28.440699999771688 ], [ 24.749040000519184, -28.440670000186842 ], [ 24.749159996160479, -28.440640003299997 ], [ 24.749230007482492, -28.440610001916578 ], [ 24.749319999042424, -28.440579996935863 ], [ 24.749520004668256, -28.440560004107414 ], [ 24.749710003537686, -28.440579996935881 ], [ 24.749790002730322, -28.440579996935888 ], [ 24.749890000147282, -28.440640003300032 ], [ 24.750010002983178, -28.440709999333535 ], [ 24.750089997679233, -28.440759997142727 ], [ 24.750230002336757, -28.440759997142742 ], [ 24.750339998416244, -28.440799997188684 ], [ 24.750389998024097, -28.440809995851204 ], [ 24.750410002543742, -28.440870002215348 ], [ 24.750439999430508, -28.440950005005256 ], [ 24.750519998623236, -28.441029996104074 ], [ 24.750559998669186, -28.441170005258126 ], [ 24.750579997792887, -28.441209996310814 ], [ 24.750590003649918, -28.441280001337574 ], [ 24.750630003695875, -28.441359999630897 ], [ 24.750640001459118, -28.441400004173421 ], [ 24.750650001020922, -28.441459997047822 ], [ 24.750680001505071, -28.441570001221148 ], [ 24.75070000782328, -28.441589998546196 ], [ 24.75072000065175, -28.441620002627637 ], [ 24.750799997146451, -28.441700002719521 ], [ 24.750850003049536, -28.441769998753028 ], [ 24.750860001712059, -28.44182999612401 ], [ 24.750910000420447, -28.441930000735542 ], [ 24.750949999567123, -28.442020000389316 ], [ 24.750990004109752, -28.442070001795706 ], [ 24.751030002357059, -28.442130000066065 ], [ 24.75105999564661, -28.442190001034351 ], [ 24.751130000673392, -28.442269995730289 ], [ 24.751279999496852, -28.442520000963881 ], [ 24.75134000136444, -28.442674998219271 ], [ 24.751379996913812, -28.442720002992338 ], [ 24.751409997397964, -28.442709996236026 ], [ 24.751419996959772, -28.442680003845759 ], [ 24.751459997005732, -28.442659997527478 ], [ 24.751509994814935, -28.442630005137222 ], [ 24.751599997166679, -28.442579999234155 ], [ 24.751859996566218, -28.442579999234173 ], [ 24.751979999402199, -28.442560000110575 ], [ 24.752050003529611, -28.442539994691661 ], [ 24.752129994628369, -28.44252999602914 ], [ 24.752199999655065, -28.442539994691664 ], [ 24.752320001591677, -28.442539994691675 ], [ 24.752419999008644, -28.4425600001106 ], [ 24.752709995295035, -28.442619998380973 ], [ 24.752879996839503, -28.442619998380973 ], [ 24.75301999789972, -28.442640000202516 ], [ 24.753179999882295, -28.442690001609009 ], [ 24.75334000276424, -28.442749996282057 ], [ 24.753400000135155, -28.44278000126279 ], [ 24.753510004308609, -28.442879989686478 ], [ 24.753560003017093, -28.442940003245305 ], [ 24.753589995407363, -28.442970000132149 ], [ 24.753629999050624, -28.443039999762952 ], [ 24.753659999534776, -28.443109995796455 ], [ 24.753699998681359, -28.443199999047451 ], [ 24.753750001886512, -28.443289996902575 ], [ 24.753790001932465, -28.44331999738672 ], [ 24.753830001079148, -28.443390002413476 ], [ 24.753859997965996, -28.443459997547613 ], [ 24.753910003869077, -28.443489998931121 ], [ 24.754050000432724, -28.443570001721032 ], [ 24.75414000368383, -28.443639998653818 ], [ 24.754220002876462, -28.443719997846426 ], [ 24.754350004374885, -28.443779995217326 ], [ 24.754420000408413, -28.443810000198145 ], [ 24.754760003497168, -28.443810000198162 ], [ 24.754890000499007, -28.443769995655558 ], [ 24.754989997915974, -28.443729997408266 ], [ 24.755049999783651, -28.443700004118728 ], [ 24.755190004441179, -28.443689997362338 ], [ 24.755250001812183, -28.443639998653879 ], [ 24.755299999621389, -28.443610001767038 ], [ 24.755389998375833, -28.443599995010647 ], [ 24.755430002019089, -28.44358999994542 ], [ 24.755470002065049, -28.443560003058586 ], [ 24.755520000773622, -28.443530001675079 ], [ 24.755560008014182, -28.443509997155534 ], [ 24.755589996807068, -28.443469997109499 ], [ 24.755639994616271, -28.443440001122028 ], [ 24.75566000093448, -28.443419999300403 ], [ 24.755770005107944, -28.443319997386819 ], [ 24.755920000334118, -28.442990001953891 ], [ 24.756029996413609, -28.442860004052829 ], [ 24.7560699955602, -28.442759994944637 ], [ 24.756069995560207, -28.442690001609154 ], [ 24.756110000102833, -28.442600000156727 ], [ 24.756140000586992, -28.442539994691874 ], [ 24.756170001071144, -28.442470003155037 ], [ 24.756199997958003, -28.442379999903967 ], [ 24.756230002938736, -28.442259997967394 ], [ 24.756239998003966, -28.442169999212993 ], [ 24.756270002085422, -28.442120001403808 ], [ 24.756280001647319, -28.441989999006164 ], [ 24.756280001647326, -28.44166000267386 ], [ 24.75636000083988, -28.441350000968669 ], [ 24.756350001278079, -28.441199996749312 ], [ 24.75636999860313, -28.441149998940226 ], [ 24.756369998603134, -28.440939998249252 ], [ 24.756379998164942, -28.440860001754579 ], [ 24.75639000582072, -28.440770004798736 ], [ 24.756429996873432, -28.440660000625417 ], [ 24.756469996919396, -28.440489999081102 ], [ 24.75648000277652, -28.440390006160758 ], [ 24.756480002776534, -28.439899991658187 ], [ 24.756459997357606, -28.439779996916222 ], [ 24.756459997357606, -28.439699997723615 ], [ 24.756519994728617, -28.439620002128304 ], [ 24.756519994728617, -28.439569996225252 ], [ 24.756530001485029, -28.439530004273188 ], [ 24.756570001530985, -28.439490005126533 ], [ 24.756589999755406, -28.439460000145804 ], [ 24.756670002545341, -28.439380000953211 ], [ 24.756769999962312, -28.439310004020431 ], [ 24.756840004089728, -28.439230001230527 ], [ 24.756880004135684, -28.439180002521976 ], [ 24.756930001944887, -28.439140003375417 ], [ 24.757020000699331, -28.439050000124336 ], [ 24.757079998070338, -28.438949994613449 ], [ 24.757129995879541, -28.438899996804359 ], [ 24.757160000860281, -28.438839998534007 ], [ 24.757209999568762, -28.438769995305989 ], [ 24.757240000052921, -28.438690004207274 ], [ 24.757249998715448, -28.438589995099175 ], [ 24.757259997377972, -28.438520002662877 ], [ 24.757299997423935, -28.438329994800366 ], [ 24.757359995694319, -28.438039999413384 ], [ 24.757370001551443, -28.437990000704918 ], [ 24.757370001551447, -28.437929995239958 ], [ 24.75741000159741, -28.437659997178105 ], [ 24.757420001159218, -28.437519999715146 ], [ 24.757420001159225, -28.437340000407598 ], [ 24.75739999843832, -28.437199999347428 ], [ 24.757370001551468, -28.437079995612294 ], [ 24.757330002404707, -28.43696999953276 ], [ 24.757230005887028, -28.43681999711205 ], [ 24.757169999522858, -28.436689994714403 ], [ 24.757079998070402, -28.436549990056928 ], [ 24.756940000607486, -28.436369997943885 ], [ 24.756679997610558, -28.436179998175326 ], [ 24.75648000277663, -28.436090001219476 ], [ 24.756329999456586, -28.435929998337592 ], [ 24.756280001647479, -28.43583000092066 ], [ 24.756209988526816, -28.435729999906439 ], [ 24.756150000148974, -28.435640002051311 ], [ 24.75610000054121, -28.435529989784101 ], [ 24.75604000406949, -28.43542000179853 ], [ 24.75600999998813, -28.435349996771777 ], [ 24.755950000818387, -28.435070000047297 ], [ 24.755880000288279, -28.434970002630372 ], [ 24.755860002963232, -28.434869998018847 ], [ 24.755839997544392, -28.434760001939399 ], [ 24.755789998835827, -28.434620000879139 ], [ 24.755770005108168, -28.434510004799691 ], [ 24.755770005108175, -28.434310002771241 ], [ 24.755780003770699, -28.434180001272882 ], [ 24.755889999850108, -28.434009999728573 ], [ 24.75595999948094, -28.433889996892638 ], [ 24.756090009972613, -28.433780000813211 ], [ 24.756249988572829, -28.433659997977365 ], [ 24.756390005820908, -28.433539995141523 ], [ 24.756490002338595, -28.433359998531998 ], [ 24.756580007388269, -28.433319994888677 ], [ 24.756700003928934, -28.433250003351855 ], [ 24.756800000446624, -28.433169999662667 ], [ 24.756869996480155, -28.433099994635917 ], [ 24.756959998831899, -28.43300000621225 ], [ 24.757049996687059, -28.432930002084866 ], [ 24.757109994957439, -28.432879995282441 ], [ 24.757219999130811, -28.43278999652804 ], [ 24.757359995694458, -28.432680001347883 ], [ 24.75746999896846, -28.432569997174568 ], [ 24.757579995047955, -28.432479994822859 ], [ 24.757820000719839, -28.432280000888223 ], [ 24.757910003071583, -28.432189998536511 ], [ 24.757969995946013, -28.432139999828056 ], [ 24.758019999151074, -28.432079995262562 ], [ 24.758089991587305, -28.432040003310426 ], [ 24.758129994331288, -28.431989997407356 ], [ 24.758309999034864, -28.431820003057659 ], [ 24.758440000533195, -28.431679999299483 ], [ 24.758840000993057, -28.431359998032502 ], [ 24.75893999751074, -28.431260000615495 ], [ 24.759060002145286, -28.431160004097944 ], [ 24.75915999866298, -28.431079992314796 ], [ 24.75925000011544, -28.431030001700218 ], [ 24.75933999886988, -28.430969996235355 ], [ 24.759360003389531, -28.4309299970887 ], [ 24.759450003043344, -28.430860000155921 ], [ 24.759569997785359, -28.430789996028544 ], [ 24.759699998384413, -28.430659998127474 ], [ 24.759789998038226, -28.430589994000101 ], [ 24.759850002603834, -28.430510007397963 ], [ 24.759870000828165, -28.430439997874625 ], [ 24.759940000459, -28.430370001841137 ], [ 24.759990003664065, -28.430209998959349 ], [ 24.760030002810748, -28.430140002925839 ], [ 24.760099999743563, -28.429949995962531 ], [ 24.760160004309174, -28.429819998061468 ], [ 24.760300001772109, -28.429419997601872 ], [ 24.760380004562048, -28.429239997395054 ], [ 24.760430002371251, -28.429180000024068 ], [ 24.760540006544623, -28.429090002168945 ], [ 24.760610003477524, -28.42899999981724 ], [ 24.760710000894409, -28.428879996981401 ], [ 24.760759999602978, -28.428839996935377 ], [ 24.760849996558864, -28.428619996682613 ], [ 24.760930001147369, -28.428280002587158 ], [ 24.760989997619099, -28.42809999428637 ], [ 24.761060002645799, -28.428010003625836 ], [ 24.761150000500962, -28.427920002173423 ], [ 24.761189999647641, -28.427859995809278 ], [ 24.761239998356128, -28.427769997954151 ], [ 24.761259996580456, -28.427680000099031 ], [ 24.761330000707961, -28.427589997747237 ], [ 24.761360002091394, -28.427459999846178 ], [ 24.761419999462404, -28.427319998786015 ], [ 24.761440012975218, -28.427210003605854 ], [ 24.761440012975221, -28.427100000331894 ], [ 24.761520004073983, -28.426860001854717 ], [ 24.76153000273651, -28.426749997681391 ], [ 24.761590001006798, -28.426630002939433 ], [ 24.761630001052765, -28.426529998327904 ], [ 24.761670003796745, -28.426390000864952 ], [ 24.761699997086296, -28.426330004393336 ], [ 24.761760001651908, -28.426129997868227 ], [ 24.761789998538767, -28.426020001788775 ], [ 24.76178999853877, -28.425949996762114 ], [ 24.761879996393933, -28.425840000682584 ], [ 24.761960000083146, -28.425739996071158 ], [ 24.762079998422468, -28.425629999991628 ], [ 24.762189994501959, -28.425559995864248 ], [ 24.762229999044585, -28.425490002528679 ], [ 24.762290003610197, -28.425449999784806 ], [ 24.762340001419311, -28.425409999738775 ], [ 24.762399999689602, -28.425339995611484 ], [ 24.76246999932043, -28.425320001883751 ], [ 24.76278000282441, -28.425079996211981 ], [ 24.76280000014955, -28.425000000616681 ], [ 24.76280000014955, -28.424930000985963 ], [ 24.762889998004624, -28.424839998634265 ], [ 24.762979996759064, -28.424769993607516 ], [ 24.763069991017016, -28.424750000779063 ], [ 24.763180002384988, -28.424619999280694 ], [ 24.763249998418431, -28.424569999672961 ], [ 24.763329998510439, -28.424530000526303 ], [ 24.763419995466322, -28.42445999639892 ], [ 24.763509998717343, -28.424420003547585 ], [ 24.763580002844844, -28.424399999027951 ], [ 24.763689998924338, -28.424330002994452 ], [ 24.763840003143667, -28.424259997967798 ], [ 24.763909999177198, -28.4242000050934 ], [ 24.763959997885685, -28.424160000550788 ], [ 24.764040000675621, -28.424130000066647 ], [ 24.764110000306449, -28.424110001842333 ], [ 24.764200002658193, -28.424090000920003 ], [ 24.764229995947744, -28.424039997714956 ], [ 24.764309998737684, -28.423999997669014 ], [ 24.764379998368518, -28.42394999985984 ], [ 24.764480000282159, -28.423890001589577 ], [ 24.764579989605149, -28.423860002004723 ], [ 24.764669995554193, -28.423779999214823 ], [ 24.764749998344133, -28.423710002282046 ], [ 24.764839997098658, -28.423659996378991 ], [ 24.764910008420589, -28.423630003089453 ], [ 24.765009997743761, -28.423580004380998 ], [ 24.765100000994785, -28.423529993981358 ], [ 24.765289995367631, -28.423400004174095 ], [ 24.765329999910172, -28.423349998271032 ], [ 24.765530001938792, -28.423270001776451 ], [ 24.765639998018283, -28.423219995873392 ], [ 24.765729995873443, -28.423169997164941 ], [ 24.765809998663382, -28.423129997119005 ], [ 24.765840003644115, -28.423109999793962 ], [ 24.765940001061086, -28.423020001938838 ], [ 24.766019999354441, -28.422960003668585 ], [ 24.766150001752237, -28.422889999541205 ], [ 24.766609999583004, -28.422709991240517 ], [ 24.766869998982543, -28.422639995206932 ], [ 24.767050000088812, -28.422639995206946 ], [ 24.767180001587231, -28.422610001917409 ], [ 24.76735999729755, -28.422570002770851 ], [ 24.767489999695254, -28.422509997305902 ], [ 24.767560003822666, -28.422489999980957 ], [ 24.767700000386309, -28.422419995853577 ], [ 24.767939997964309, -28.422349998920726 ], [ 24.768029995819376, -28.422359997583239 ], [ 24.768090001284353, -28.422400001226492 ], [ 24.768100000846157, -28.422470001756661 ], [ 24.768169996879688, -28.422519999565761 ], [ 24.768280001053057, -28.422610001917466 ], [ 24.768400003889035, -28.42267000828171 ], [ 24.768490001744105, -28.422729997558815 ], [ 24.768580004095842, -28.422799998088905 ], [ 24.768699998837857, -28.422859994560518 ], [ 24.768820002573118, -28.422929998687909 ] ] ] } },
{ "type": "Feature", "properties": { "Municipali": "Sol Plaatje Local Municipality", "WardNo": "29", "WardLabel": "NC091_29", "Province": "Northern Cape", "CLASSIFICATION": "Service centre", "PopGBlack": 4274.2990212000004, "PopGColour": 6008.1546262000002, "PopGIndian": 85.91465439, "PopGWhite": 106.0689983, "PopGOther": 4.71504132, "PopGTotal": 10479.152341000001 }, "geometry": { "type": "Polygon", "coordinates": [ [ [ 24.654660002637243, -28.50419000122908 ], [ 24.656449999748784, -28.504510000697621 ], [ 24.656740004129073, -28.504500002934396 ], [ 24.656910004774179, -28.504500002934407 ], [ 24.657090000484597, -28.504529996224051 ], [ 24.657410001751742, -28.504590000789555 ], [ 24.657749996746634, -28.50468999820659 ], [ 24.658210002671392, -28.504850003786423 ], [ 24.658420003362462, -28.504890003832383 ], [ 24.65870999964887, -28.504980001687517 ], [ 24.658870002530815, -28.504980001687532 ], [ 24.660049997592139, -28.505130002309663 ], [ 24.660420000265784, -28.505180000118774 ], [ 24.660759995260676, -28.505260000210757 ], [ 24.661109997911346, -28.505390000809776 ], [ 24.661390002729824, -28.505470005398347 ], [ 24.661850000560705, -28.505610001062685 ], [ 24.661999996686159, -28.505679997995479 ], [ 24.662280001504733, -28.505740002561076 ], [ 24.6625000017576, -28.505849998640532 ], [ 24.662709998851366, -28.505889998686492 ], [ 24.662810003462937, -28.505899997349019 ], [ 24.663360000048264, -28.505989996103448 ], [ 24.663669997257013, -28.506159996748494 ], [ 24.663949994880898, -28.506250007194094 ], [ 24.664370000759696, -28.506450001128776 ], [ 24.664590001012563, -28.506549997646431 ], [ 24.664850000412205, -28.506710000528244 ], [ 24.665000000134956, -28.506789996123548 ], [ 24.665390001932206, -28.506970003525002 ], [ 24.665919999393918, -28.507309991325172 ], [ 24.666050001791621, -28.507389997712387 ], [ 24.666400002643634, -28.507589997042924 ], [ 24.66702000245709, -28.507899995150947 ], [ 24.667920000793789, -28.508379998400589 ], [ 24.668350001737721, -28.508559998607353 ], [ 24.668509995626334, -28.508670002780775 ], [ 24.668779999084354, -28.508819989913011 ], [ 24.669129995439786, -28.509049996922212 ], [ 24.669299997883538, -28.509150009627621 ], [ 24.669510003071181, -28.509259997613206 ], [ 24.669749997051888, -28.509410000933208 ], [ 24.669960001340165, -28.509510001947437 ], [ 24.670229999402327, -28.509649999410325 ], [ 24.670390002284183, -28.509709996781407 ], [ 24.670549997072165, -28.509799986542571 ], [ 24.670690005327085, -28.509829999617271 ], [ 24.670969998454289, -28.509979994843391 ], [ 24.671209996931577, -28.510059997633313 ], [ 24.672319999556642, -28.510589995994128 ], [ 24.672889997963598, -28.510779987668904 ], [ 24.673289996624813, -28.510929999082801 ], [ 24.673639998376107, -28.511110000189017 ], [ 24.673970002802434, -28.511309989627026 ], [ 24.674780002384608, -28.511470000602742 ], [ 24.675100000054442, -28.511650000809588 ], [ 24.675319999408121, -28.511730000002288 ], [ 24.675350004388857, -28.511736000278926 ], [ 24.67592000189644, -28.511850002838173 ], [ 24.676669996013722, -28.512059996334585 ], [ 24.677059996911694, -28.512090001315336 ], [ 24.677310001246109, -28.512139999124525 ], [ 24.67762999891595, -28.512149997787063 ], [ 24.677859997831344, -28.512189997833023 ], [ 24.678540004009065, -28.512210003251983 ], [ 24.678950003131458, -28.512290001545242 ], [ 24.679340004029434, -28.512290001545264 ], [ 24.680900001326105, -28.512210003252115 ], [ 24.681219998996035, -28.512139999124745 ], [ 24.681600000332207, -28.512139999124766 ], [ 24.682360002105174, -28.512189997833275 ], [ 24.682719998022502, -28.512179998271492 ], [ 24.682899997330043, -28.512139999124841 ], [ 24.68312999804418, -28.512120000900531 ], [ 24.683780002838372, -28.512080000854539 ], [ 24.684160005073821, -28.51209000131573 ], [ 24.684899999629206, -28.512239995642599 ], [ 24.685219996399852, -28.512399998524398 ], [ 24.685490003455083, -28.512530000022789 ], [ 24.686259998494702, -28.512989997853495 ], [ 24.686439998701605, -28.513110008783237 ], [ 24.686629998470313, -28.513289997298894 ], [ 24.686859997385792, -28.513509996652402 ], [ 24.687199999575277, -28.513730001401864 ], [ 24.687859991340712, -28.514049998172307 ], [ 24.68802000231663, -28.514179996073384 ], [ 24.688290000378611, -28.514240000638992 ], [ 24.688600002983311, -28.514330002990704 ], [ 24.688770004527697, -28.514380001699266 ], [ 24.688979998024251, -28.514390001261077 ], [ 24.689239996524517, -28.514390001261091 ], [ 24.689689995692781, -28.514430001307066 ], [ 24.689780006138495, -28.514430001307069 ], [ 24.690110001571579, -28.514449998632124 ], [ 24.690500002469552, -28.514449998632152 ], [ 24.690789999655234, -28.514420001745322 ], [ 24.692519998496458, -28.514240000639223 ], [ 24.693000001746181, -28.514229998379424 ], [ 24.693419995933798, -28.514229998379449 ], [ 24.693710002112731, -28.514240000639287 ], [ 24.693979998376243, -28.514219999717046 ], [ 24.694220004947411, -28.514219999717056 ], [ 24.694389997498543, -28.514179996073743 ], [ 24.694760001071558, -28.514179996073764 ], [ 24.694930002615944, -28.514120002300086 ], [ 24.69663000097292, -28.513900002946695 ], [ 24.697040000095317, -28.513849999741669 ], [ 24.697380002284714, -28.513840004676467 ], [ 24.697830001453063, -28.513840004676492 ], [ 24.698030011575572, -28.513819999257581 ], [ 24.698589998729535, -28.513800001932573 ], [ 24.698900000434868, -28.513780000110973 ], [ 24.699089995707002, -28.51378000011098 ], [ 24.700659999760145, -28.513789998773579 ], [ 24.701119997590933, -28.513829997920272 ], [ 24.701460000679788, -28.513829997920293 ], [ 24.701829995259544, -28.513800001932751 ], [ 24.702290002083579, -28.513829997920336 ], [ 24.702740000352648, -28.5138699979663 ], [ 24.703100001665742, -28.513919995775499 ], [ 24.703299994701123, -28.513919995775513 ], [ 24.704209999794223, -28.51384999974206 ], [ 24.704550002882989, -28.513819999257933 ], [ 24.704839998270113, -28.51373999556877 ], [ 24.705109998130833, -28.513649997713657 ], [ 24.705610002302905, -28.513559999858554 ], [ 24.705779996652684, -28.513530002971731 ], [ 24.705999996006362, -28.513469998406158 ], [ 24.706519990308877, -28.513349994670964 ], [ 24.706779998701677, -28.513239998591537 ], [ 24.706990003889324, -28.513159999398951 ], [ 24.707359998469094, -28.512859996356291 ], [ 24.707859996345849, -28.512279995689799 ], [ 24.707943994823662, -28.512191004176085 ], [ 24.710789995667202, -28.511619996730118 ], [ 24.710930003022749, -28.511594000027731 ], [ 24.716077997609229, -28.510645997679649 ], [ 24.720371997779168, -28.509855997221667 ], [ 24.7222990003091, -28.509501000635957 ], [ 24.724199990848152, -28.512520998710524 ], [ 24.724214999633752, -28.51254600705801 ], [ 24.724262996451401, -28.512620997026822 ], [ 24.745770000804342, -28.546745003145997 ], [ 24.75086400009484, -28.559099002683787 ], [ 24.751238999401689, -28.56000999613142 ], [ 24.751461002444742, -28.560500004338682 ], [ 24.756481997469493, -28.571596999868913 ], [ 24.756602997653541, -28.571865004133929 ], [ 24.758585002719737, -28.576244000127858 ], [ 24.762604000099827, -28.590947001870255 ], [ 24.764779002375075, -28.598897996213303 ], [ 24.764993002351282, -28.599730998654387 ], [ 24.76536500241912, -28.601162999040941 ], [ 24.76611300094061, -28.604209002811089 ], [ 24.770212996660071, -28.621663001914076 ], [ 24.77035899529907, -28.622286002764906 ], [ 24.770518999080277, -28.622959998772995 ], [ 24.770577999103114, -28.623210002207923 ], [ 24.770974998525283, -28.624903999388163 ], [ 24.771110999401039, -28.625476999731884 ], [ 24.772595001286621, -28.631041001808999 ], [ 24.772959995635787, -28.632412996730693 ], [ 24.772973999878715, -28.632462996338433 ], [ 24.772982002945639, -28.632495002310797 ], [ 24.773004999509585, -28.632712998874087 ], [ 24.773008997895474, -28.63275800274787 ], [ 24.773277002160519, -28.635360001331247 ], [ 24.773891001696995, -28.64134099835676 ], [ 24.774083001558015, -28.643191000032974 ], [ 24.774719997658526, -28.649385000585664 ], [ 24.774772000056565, -28.649887998600647 ], [ 24.775513000053873, -28.657103003968881 ], [ 24.776173000812388, -28.6635289972339 ], [ 24.77638000316368, -28.665531996972604 ], [ 24.777166620372409, -28.674127971597212 ], [ 24.778108379627323, -28.683391167636927 ], [ 24.77857153857504, -28.687775746622084 ], [ 24.778586978135927, -28.689412244748002 ], [ 24.778324520889168, -28.691604533790919 ], [ 24.776132230946072, -28.691619973351635 ], [ 24.776070476299779, -28.690801724288725 ], [ 24.775607316452696, -28.689952597902611 ], [ 24.775190472590264, -28.689473999394121 ], [ 24.774680996758406, -28.689149786601835 ], [ 24.774217837810589, -28.688949084900869 ], [ 24.773553974463717, -28.688779259623523 ], [ 24.772859235592382, -28.688717504977298 ], [ 24.772396075745181, -28.688748382300371 ], [ 24.771670458651357, -28.688949084900742 ], [ 24.7678107941578, -28.691280321897427 ], [ 24.766791842494058, -28.69182067505221 ], [ 24.765742013507204, -28.692206641591252 ], [ 24.764753940065948, -28.692407344191604 ], [ 24.763487969817145, -28.692530854383307 ], [ 24.762007571514811, -28.692560571581005 ], [ 24.76045150605405, -28.692115981834846 ], [ 24.758277953485816, -28.691325599164756 ], [ 24.755832706734047, -28.690510516614637 ], [ 24.754350739114685, -28.690016528007835 ], [ 24.752819372634747, -28.689399041799732 ], [ 24.751535000458141, -28.6889791510343 ], [ 24.750028333858214, -28.688460461648202 ], [ 24.74896625700438, -28.688065270762799 ], [ 24.74844756851752, -28.687867675320099 ], [ 24.747904181049922, -28.68759598113683 ], [ 24.747508988365752, -28.687744177718756 ], [ 24.747498434821573, -28.687770850711367 ], [ 24.746824000843304, -28.687172002053376 ], [ 24.745398998081082, -28.685907999521593 ], [ 24.743705001799501, -28.682779999164534 ], [ 24.740358995884833, -28.676601001102075 ], [ 24.740119000105494, -28.676260998013351 ], [ 24.740090001466164, -28.676219999719887 ], [ 24.74007200063609, -28.676194003017486 ], [ 24.739960001766399, -28.676030999997426 ], [ 24.739002999002505, -28.674747001039904 ], [ 24.738645327832792, -28.674267808978836 ], [ 24.738154793521911, -28.673825365914485 ], [ 24.736609449778644, -28.671883244882405 ], [ 24.735168520922283, -28.670149953623891 ], [ 24.733790241537694, -28.668437545522632 ], [ 24.732077833435827, -28.666203062987186 ], [ 24.73178547193244, -28.665827168855074 ], [ 24.730328682632525, -28.664335693603611 ], [ 24.730320660679826, -28.664191368602946 ], [ 24.730176810521225, -28.664015263359929 ], [ 24.727230135970622, -28.660407831722083 ], [ 24.726305320842172, -28.661038387777324 ], [ 24.726143650617157, -28.661132696083008 ], [ 24.726076287798605, -28.661193322080123 ], [ 24.725907880752168, -28.66159749809206 ], [ 24.725483496973737, -28.661530135273424 ], [ 24.725395924590128, -28.661570552604861 ], [ 24.725079320961505, -28.662149871585196 ], [ 24.723546797953389, -28.663108453558106 ], [ 24.725232059119882, -28.665142151654891 ], [ 24.723590460038654, -28.666189470633455 ], [ 24.722143400503736, -28.667868378988295 ], [ 24.722062904885352, -28.667888504017046 ], [ 24.721692966962948, -28.667643364115769 ], [ 24.720647907980137, -28.666940946832877 ], [ 24.719471502113233, -28.666170002109464 ], [ 24.719174545973519, -28.665970126885441 ], [ 24.719191106989022, -28.665925582565201 ], [ 24.717480736750861, -28.664782823034376 ], [ 24.717766999951522, -28.664452996674029 ], [ 24.715150998922798, -28.66273799852523 ], [ 24.715052712016323, -28.66267101791848 ], [ 24.716234249414928, -28.6612968097654 ], [ 24.716637253610376, -28.660829645237374 ], [ 24.716681540724551, -28.660779821896735 ], [ 24.716675423536014, -28.660776107696673 ], [ 24.715809411478915, -28.66020789534355 ], [ 24.714029467888583, -28.659020123844964 ], [ 24.713584481541311, -28.659536992103803 ], [ 24.712030453944362, -28.658503254686618 ], [ 24.711616273873858, -28.658225993699805 ], [ 24.710538103652034, -28.657499814529967 ], [ 24.710452463911452, -28.657442133812612 ], [ 24.710856501427976, -28.656978586357813 ], [ 24.710894026539723, -28.656935534912115 ], [ 24.709847786747144, -28.656238490179277 ], [ 24.70653927986352, -28.66004225730919 ], [ 24.706317355960696, -28.660165022862447 ], [ 24.705349392259773, -28.660604148327636 ], [ 24.705393003083724, -28.660712999570148 ], [ 24.70586599881609, -28.66153299601585 ], [ 24.7068260008189, -28.66316200009118 ], [ 24.707298996551284, -28.663465003272247 ], [ 24.707585999894011, -28.663649000066243 ], [ 24.707669999271094, -28.663704001703355 ], [ 24.709451010356595, -28.664928992544052 ], [ 24.709304995529809, -28.66510599980711 ], [ 24.709067001641365, -28.665391997707566 ], [ 24.704314003686733, -28.667898002655502 ], [ 24.700089003101777, -28.660836002544066 ], [ 24.696980000921709, -28.655635998367035 ], [ 24.688184276075365, -28.640923834331378 ], [ 24.687118999433721, -28.639142001266134 ], [ 24.687337958271723, -28.63912511019948 ], [ 24.68684497600621, -28.638077345157157 ], [ 24.669629999608954, -28.611820161334141 ], [ 24.662355918672375, -28.581958144914719 ], [ 24.6624948189625, -28.580799507853229 ], [ 24.656893996839774, -28.573775003175747 ], [ 24.648104997123394, -28.562854001372404 ], [ 24.641538996500142, -28.554660992271945 ], [ 24.632752997821328, -28.543850999184681 ], [ 24.625727997614469, -28.539020002131362 ], [ 24.614361999566743, -28.531276999393263 ], [ 24.607569001964777, -28.526737999617776 ], [ 24.602757800786442, -28.52343192899886 ], [ 24.601257581426047, -28.522398445190458 ], [ 24.600024067709832, -28.521831695134953 ], [ 24.598305543318553, -28.521122803632725 ], [ 24.598730011633421, -28.520379997796891 ], [ 24.598950003792435, -28.519850000335516 ], [ 24.599190001370378, -28.519539997730966 ], [ 24.599480005750689, -28.519260000107231 ], [ 24.599580002268389, -28.519070001237889 ], [ 24.599660001461036, -28.518900004190073 ], [ 24.599719999731338, -28.518689999002525 ], [ 24.599779997102445, -28.518500010925074 ], [ 24.599830003904817, -28.518330002186179 ], [ 24.600030001436803, -28.517840000274155 ], [ 24.600240010221775, -28.517350001060077 ], [ 24.600330004479655, -28.51704999801732 ], [ 24.6003999969159, -28.516779999955371 ], [ 24.600460002380803, -28.516529999218363 ], [ 24.600479999705854, -28.516359997674069 ], [ 24.600539997976156, -28.516100001871944 ], [ 24.600650001250354, -28.515890001180967 ], [ 24.600749998667339, -28.515600004894612 ], [ 24.600759997329867, -28.515429995256429 ], [ 24.601150000026539, -28.514550003238433 ], [ 24.601350000256449, -28.514250000195691 ], [ 24.60145999723532, -28.51403999860544 ], [ 24.601570001408714, -28.513809999690153 ], [ 24.601689995251373, -28.513630000382612 ], [ 24.601729999794014, -28.513490002919749 ], [ 24.601819997649187, -28.51328000222869 ], [ 24.601909995504361, -28.513100002021869 ], [ 24.601970000969263, -28.512880001769016 ], [ 24.602060003321021, -28.512570000063821 ], [ 24.602160000738102, -28.511919998867221 ], [ 24.602190001222183, -28.511549998891773 ], [ 24.602230004865543, -28.511250000345672 ], [ 24.602239995434196, -28.510899997695166 ], [ 24.602269996817643, -28.510620009064581 ], [ 24.602309995964248, -28.510309999265505 ], [ 24.602349999607604, -28.510059997629227 ], [ 24.602380000991051, -28.509799986538528 ], [ 24.60241000147521, -28.509659998068905 ], [ 24.602439997462817, -28.508710001923419 ], [ 24.602510002489531, -28.508279997382388 ], [ 24.602569999860549, -28.508009999320436 ], [ 24.60265999771573, -28.507740000359128 ], [ 24.6026999977617, -28.507499993788056 ], [ 24.602769993795246, -28.507240003381877 ], [ 24.60282999836086, -28.507040001353431 ], [ 24.602889996631163, -28.506769997895532 ], [ 24.602919998014695, -28.506559997204562 ], [ 24.603239998382609, -28.50547000539488 ], [ 24.603348971932942, -28.505177140271272 ], [ 24.603400000365202, -28.505039999055199 ], [ 24.603509996444714, -28.504740000509109 ], [ 24.603549996490685, -28.504490004268693 ], [ 24.603580001471425, -28.504370000533569 ], [ 24.603620000618111, -28.504199998989261 ], [ 24.603660000664078, -28.503989998298291 ], [ 24.603699999810857, -28.503769998944801 ], [ 24.603759998081163, -28.503369997585839 ], [ 24.60380999589038, -28.502969998025524 ], [ 24.603819994552918, -28.502630003030688 ], [ 24.603830001309248, -28.502320001325497 ], [ 24.603849999533587, -28.50193000402491 ], [ 24.603859999095498, -28.501580002273766 ], [ 24.60387000135524, -28.501279999231105 ], [ 24.603880000917147, -28.500849998287261 ], [ 24.603819994552982, -28.500579999326032 ], [ 24.603790003061992, -28.500369994138392 ], [ 24.603769996743704, -28.500029999143646 ], [ 24.60374000345416, -28.499639998245758 ], [ 24.603729996697762, -28.499450002973703 ], [ 24.603759998081294, -28.499209997302021 ], [ 24.603800000825281, -28.498979991192122 ], [ 24.603830001309355, -28.498820011692612 ], [ 24.604060000224777, -28.49830999896573 ], [ 24.604149998979317, -28.498139998320799 ], [ 24.604259998656129, -28.497879998921288 ], [ 24.604320000523725, -28.497710004571577 ], [ 24.604389996557266, -28.497580003073125 ], [ 24.604490002068214, -28.497410001528824 ], [ 24.604549999439147, -28.497249999546405 ], [ 24.604729991552279, -28.497069999339498 ], [ 24.604870000706399, -28.4968999977952 ], [ 24.604959998561572, -28.49675000166982 ], [ 24.605099998722533, -28.496589999687224 ], [ 24.605290002987935, -28.496419998142933 ], [ 24.605440001811331, -28.496279997982054 ], [ 24.60598999749741, -28.495860003794746 ], [ 24.606599998648385, -28.495479997062837 ], [ 24.607800000027975, -28.494880002668737 ], [ 24.608539999080076, -28.494530000917553 ], [ 24.60952999886922, -28.494109998636311 ], [ 24.610419997644083, -28.493729999998383 ], [ 24.611770001444359, -28.49311000018529 ], [ 24.612329996692239, -28.492930003575786 ], [ 24.612919999618878, -28.492729997950075 ], [ 24.613410001531143, -28.492509997697336 ], [ 24.61380000332851, -28.492360001571882 ], [ 24.614290001643482, -28.492209994654623 ], [ 24.615440004314568, -28.491879999221759 ], [ 24.616209999354151, -28.491629990390919 ], [ 24.616909999259565, -28.491409998232079 ], [ 24.61745000077978, -28.491179999316817 ], [ 24.617949997757272, -28.491039999155955 ], [ 24.61839999692565, -28.490930003076542 ], [ 24.618720001790102, -28.490839996228189 ], [ 24.619930000932829, -28.490599998650453 ], [ 24.620750003674235, -28.490389997959525 ], [ 24.621579996984195, -28.490159999044284 ], [ 24.622379997903874, -28.489989998399306 ], [ 24.623959999720253, -28.489780004003659 ], [ 24.624589999994818, -28.489729998100632 ], [ 24.625259998516793, -28.489650003404652 ], [ 24.626080000358822, -28.489539999231379 ], [ 24.626650002363096, -28.489440001814486 ], [ 24.628160000951425, -28.489149996535051 ], [ 24.628579998736271, -28.489070001839053 ], [ 24.62889998831233, -28.488959997665741 ], [ 24.629090003369537, -28.488889998034949 ], [ 24.629679999101558, -28.488850001586346 ], [ 24.629909998016959, -28.488799994783932 ], [ 24.630179996079047, -28.488729998750447 ], [ 24.630470000459432, -28.488570004861927 ], [ 24.630759996745851, -28.488509999396982 ], [ 24.632070001399505, -28.488219995016909 ], [ 24.632640002504417, -28.488050001566513 ], [ 24.632940002849306, -28.487959994718157 ], [ 24.633430004761568, -28.487959994718196 ], [ 24.633729996113292, -28.487949996955056 ], [ 24.634090012714886, -28.487939998292557 ], [ 24.63487999788499, -28.487889998684857 ], [ 24.635860002608879, -28.487830001313842 ], [ 24.636060001040214, -28.487779994511509 ], [ 24.63626000396804, -28.487760000783872 ], [ 24.636440003275673, -28.487740004358123 ], [ 24.636580008832581, -28.487679997993997 ], [ 24.636819997417259, -28.487629992090934 ], [ 24.637020004841844, -28.487540002329624 ], [ 24.637149993749727, -28.487469997303048 ], [ 24.637359998937377, -28.487369999886052 ], [ 24.637550001404122, -28.487249997050217 ], [ 24.637680003801925, -28.487130002308266 ], [ 24.637889996399117, -28.48699000214739 ], [ 24.638029997459356, -28.486860004246328 ], [ 24.638189999441941, -28.486740000511119 ], [ 24.638379995613455, -28.486539994885383 ], [ 24.638610001723464, -28.486380000097487 ], [ 24.639579996093659, -28.485760000284372 ], [ 24.639889993302429, -28.485540000031609 ], [ 24.640040002018441, -28.48533999800317 ], [ 24.640250002709521, -28.485100007619877 ], [ 24.640399998834983, -28.484860002847476 ], [ 24.640569999480103, -28.484560003402024 ], [ 24.640660001831854, -28.484330003587452 ], [ 24.640819996619935, -28.484070000590734 ], [ 24.640939999455853, -28.483689999254739 ], [ 24.641320001691327, -28.483190001378148 ], [ 24.641619996640269, -28.482920003316217 ], [ 24.641850003649648, -28.482639997598589 ], [ 24.642009998437636, -28.482439999167362 ], [ 24.64231000148046, -28.482229997577043 ], [ 24.642510003509102, -28.482059996932112 ], [ 24.642820001617146, -28.481879996725208 ], [ 24.643119996566085, -28.481740000161736 ], [ 24.643487295877673, -28.481623133261774 ], [ 24.643560004266529, -28.481599999101505 ], [ 24.643860000114838, -28.481439996219642 ], [ 24.644280001496988, -28.481290000993653 ], [ 24.64456999868268, -28.481169998157817 ], [ 24.64539000502128, -28.480949997905007 ], [ 24.645639996765151, -28.480880001871519 ], [ 24.64602000439665, -28.480880001871537 ], [ 24.646380000313805, -28.480929999680736 ], [ 24.646540002296387, -28.480979999288493 ], [ 24.646759994455465, -28.481079995806159 ], [ 24.646979994708335, -28.48124000228534 ], [ 24.647239997705185, -28.481429997557324 ], [ 24.64740999924966, -28.481559999055783 ], [ 24.647560003468993, -28.481779999308564 ], [ 24.64766000088596, -28.481879996725493 ], [ 24.647769996965451, -28.482099996078997 ], [ 24.647849999755387, -28.482329994994291 ], [ 24.64798999631903, -28.482589998890404 ], [ 24.648129996479977, -28.482830000065519 ], [ 24.648289999361914, -28.48327999923368 ], [ 24.648459992812409, -28.483679999693297 ], [ 24.648680000259869, -28.48416999800812 ], [ 24.648820001320093, -28.484610010204939 ], [ 24.648839995947196, -28.484939997543997 ], [ 24.6489000005128, -28.485230001924155 ], [ 24.648919998737121, -28.485540000032142 ], [ 24.648929997399641, -28.48576000028492 ], [ 24.648940005055319, -28.486039997908755 ], [ 24.648959998783059, -28.486380000098098 ], [ 24.649009996592248, -28.486910002955433 ], [ 24.649009996592227, -28.487659999770315 ], [ 24.649070002057112, -28.487920003666332 ], [ 24.649089999382152, -28.488129997162794 ], [ 24.649139998989916, -28.488460000689699 ], [ 24.649200004454798, -28.488749996975894 ], [ 24.649239995507585, -28.489179997919724 ], [ 24.649329997859308, -28.489979997939734 ], [ 24.649329997859301, -28.490249996901067 ], [ 24.649349999680918, -28.490580001327164 ], [ 24.649369997905243, -28.490930003078386 ], [ 24.649369997905225, -28.491409998234008 ], [ 24.649380004661712, -28.491679996295968 ], [ 24.649389998827559, -28.491980000238019 ], [ 24.649420003808292, -28.492159995948263 ], [ 24.649420003808277, -28.492599995554524 ], [ 24.649409997051862, -28.492770001595503 ], [ 24.64938999882753, -28.492970003623945 ], [ 24.649380004661666, -28.493150003830785 ], [ 24.64935999834336, -28.493299999956253 ], [ 24.649340001018309, -28.493489998825599 ], [ 24.649319998297393, -28.493610001661445 ], [ 24.649290001410535, -28.493730000000717 ], [ 24.64922999684492, -28.493900001545025 ], [ 24.649189996798953, -28.494019997186349 ], [ 24.649040001572772, -28.494249995202267 ], [ 24.648800003994836, -28.494579999628439 ], [ 24.648529997838775, -28.494940008136048 ], [ 24.648070000007966, -28.495379999648403 ], [ 24.647909998025376, -28.495630004881978 ], [ 24.647580000793536, -28.495929996233457 ], [ 24.647319997796764, -28.496160003242611 ], [ 24.647149996252285, -28.496229999276107 ], [ 24.646799998997555, -28.496480000013079 ], [ 24.646380000313336, -28.496809999043204 ], [ 24.646120000913783, -28.496889999135156 ], [ 24.646009996740396, -28.497079998004516 ], [ 24.645880002436478, -28.497140004368735 ], [ 24.645790004581308, -28.497219994568077 ], [ 24.645680000407925, -28.49747999756481 ], [ 24.645639996764658, -28.497569996319303 ], [ 24.645599989524094, -28.497729999201081 ], [ 24.645539999347672, -28.498120000098965 ], [ 24.645530001584511, -28.498330014279691 ], [ 24.645530001584504, -28.498499998736939 ], [ 24.645570000731094, -28.49864000429379 ], [ 24.645639996764622, -28.498799998182339 ], [ 24.645779997824935, -28.499140001271051 ], [ 24.64589000199831, -28.499310010009964 ], [ 24.646029998561954, -28.499519994513179 ], [ 24.646100002689366, -28.499670003229038 ], [ 24.64620999876886, -28.499859997601813 ], [ 24.646330001604756, -28.500060004126933 ], [ 24.646439997684332, -28.500229997577367 ], [ 24.64657000008204, -28.500389999559889 ], [ 24.646680003356039, -28.50068000483942 ], [ 24.647069988965615, -28.501119996351822 ], [ 24.647229999941448, -28.501310012308309 ], [ 24.647650001323576, -28.501580002276409 ], [ 24.647830001530483, -28.501679998794064 ], [ 24.648299998923175, -28.501939999092805 ], [ 24.64858000374165, -28.50211999929974 ], [ 24.648789996338834, -28.502250000798128 ], [ 24.648910007268615, -28.502359995978203 ], [ 24.649169999473653, -28.502550000243513 ], [ 24.649369997904895, -28.502669994985496 ], [ 24.649589997258577, -28.502770004093612 ], [ 24.649880001638859, -28.502940004738658 ], [ 24.650090002329925, -28.503069994545942 ], [ 24.650389997278857, -28.503220003261806 ], [ 24.65055999972261, -28.503289994798749 ], [ 24.651400007882827, -28.503599997403278 ], [ 24.651709997896987, -28.503679995696611 ], [ 24.652040001424041, -28.503740002060859 ], [ 24.652729997270956, -28.503809998094322 ], [ 24.653410003448595, -28.503930000930289 ], [ 24.653919999987963, -28.504079997055708 ], [ 24.654350000931903, -28.504159999845641 ], [ 24.654660002637243, -28.50419000122908 ] ] ] } },
{ "type": "Feature", "properties": { "Municipali": "Sol Plaatje Local Municipality", "WardNo": "30", "WardLabel": "NC091_30", "Province": "Northern Cape", "CLASSIFICATION": "Service centre", "PopGBlack": 9417.3385015999993, "PopGColour": 6816.0060694000003, "PopGIndian": 301.16400635000002, "PopGWhite": 395.58891553000001, "PopGOther": 7.153876104, "PopGTotal": 16937.251369000001 }, "geometry": { "type": "Polygon", "coordinates": [ [ [ 24.736609449778644, -28.671883244882405 ], [ 24.738154793521911, -28.673825365914485 ], [ 24.738645327832792, -28.674267808978836 ], [ 24.739002999002505, -28.674747001039904 ], [ 24.739960001766399, -28.676030999997426 ], [ 24.74007200063609, -28.676194003017486 ], [ 24.740090001466164, -28.676219999719887 ], [ 24.740119000105494, -28.676260998013351 ], [ 24.740358995884833, -28.676601001102075 ], [ 24.743705001799501, -28.682779999164534 ], [ 24.745398998081082, -28.685907999521593 ], [ 24.746824000843304, -28.687172002053376 ], [ 24.747498434821573, -28.687770850711367 ], [ 24.747510995652533, -28.687782004103354 ], [ 24.747491836495684, -28.687787525041365 ], [ 24.742080002404496, -28.689346997133089 ], [ 24.741860003050817, -28.689410001836933 ], [ 24.741768989861171, -28.689436996786853 ], [ 24.738902993491259, -28.690272002017984 ], [ 24.738673002669749, -28.690329995699461 ], [ 24.738593000779094, -28.690350001118386 ], [ 24.733885995952647, -28.691702996962228 ], [ 24.73383924109886, -28.691717087539988 ], [ 24.733812999780842, -28.691724997077372 ], [ 24.725858998101472, -28.694011000873004 ], [ 24.722315996591639, -28.695028998355482 ], [ 24.720749000770734, -28.695487000590386 ], [ 24.720510998788413, -28.695588004348714 ], [ 24.720373621949918, -28.695646561905015 ], [ 24.719760578392489, -28.695391827136859 ], [ 24.719648845722119, -28.695595575740978 ], [ 24.719385943310957, -28.695930777349222 ], [ 24.71793340780421, -28.696489444298109 ], [ 24.714633982274645, -28.697902543632907 ], [ 24.710894196510463, -28.699486531243657 ], [ 24.710965001034516, -28.699644998982766 ], [ 24.710289998684726, -28.699930996883296 ], [ 24.709854003759293, -28.700116997366738 ], [ 24.70743097655718, -28.701145865854176 ], [ 24.707287004090809, -28.701206999968203 ], [ 24.706303996530657, -28.701624003909664 ], [ 24.705962996992913, -28.701768998005836 ], [ 24.705571996948219, -28.701935999411862 ], [ 24.704956002715157, -28.702196997058788 ], [ 24.704505995452923, -28.702387999571503 ], [ 24.7044146117425, -28.702426980685573 ], [ 24.704151998013664, -28.702539002937559 ], [ 24.703729998338002, -28.702747001737592 ], [ 24.701384272362397, -28.703739635640453 ], [ 24.690513001265145, -28.708340000654676 ], [ 24.682995001705581, -28.711520999858049 ], [ 24.67527740211461, -28.705664222589199 ], [ 24.673450581362594, -28.704258977932717 ], [ 24.672256123404285, -28.703099651990559 ], [ 24.671272453043763, -28.701764667768305 ], [ 24.670499568482381, -28.700254030662006 ], [ 24.669480766106201, -28.696951704820357 ], [ 24.667194889113738, -28.689697855034844 ], [ 24.681950002978137, -28.683347000127622 ], [ 24.69449400049146, -28.677947996667015 ], [ 24.707945998508876, -28.674898002605804 ], [ 24.714467003352372, -28.669028996356516 ], [ 24.716163999772384, -28.670178997228472 ], [ 24.720396378395506, -28.67299634027458 ], [ 24.720810002685006, -28.67256100185454 ], [ 24.720757601887332, -28.672522384965824 ], [ 24.721511025119554, -28.672426204271702 ], [ 24.73075800368882, -28.672060110052264 ], [ 24.730328682632525, -28.664335693603611 ], [ 24.73178547193244, -28.665827168855074 ], [ 24.732077833435827, -28.666203062987186 ], [ 24.733790241537694, -28.668437545522632 ], [ 24.735168520922283, -28.670149953623891 ], [ 24.736609449778644, -28.671883244882405 ] ] ] } },
{ "type": "Feature", "properties": { "Municipali": "Sol Plaatje Local Municipality", "WardNo": "31", "WardLabel": "NC091_31", "Province": "Northern Cape", "CLASSIFICATION": "Service centre", "PopGBlack": 8672.3272295000006, "PopGColour": 1019.2778944, "PopGIndian": 18.40035745, "PopGWhite": 14.37362684, "PopGOther": 4.53628099, "PopGTotal": 9728.9153891999995 }, "geometry": { "type": "Polygon", "coordinates": [ [ [ 24.713538000978978, -28.726825004136124 ], [ 24.713733001877582, -28.727585999659709 ], [ 24.714329999730893, -28.730079999557915 ], [ 24.714330414318372, -28.730080495084383 ], [ 24.714329537479408, -28.730080665056139 ], [ 24.714632108086658, -28.731359951566045 ], [ 24.711102124263387, -28.732055331653601 ], [ 24.711601099610903, -28.734210479595426 ], [ 24.71108089126982, -28.734327261059615 ], [ 24.711176439740587, -28.734757228728476 ], [ 24.711185030064776, -28.734822513213764 ], [ 24.712370796075575, -28.734592672579218 ], [ 24.712779529851829, -28.734497125007785 ], [ 24.713984501784289, -28.734290102871523 ], [ 24.714255222901308, -28.734284795072806 ], [ 24.714812587632103, -28.734327261059818 ], [ 24.714817261408847, -28.7344018238507 ], [ 24.714800170692612, -28.734645038303448 ], [ 24.714795176757299, -28.734716104530218 ], [ 24.714655825906771, -28.736699176191593 ], [ 24.714613103613033, -28.737263116765032 ], [ 24.714732726935001, -28.737293022820367 ], [ 24.717394357765784, -28.737053775277207 ], [ 24.717486403377226, -28.73704506804113 ], [ 24.717710506337333, -28.737023869221915 ], [ 24.718116373974169, -28.736993963166611 ], [ 24.718329988141239, -28.736968329790304 ], [ 24.718505151794233, -28.736925606597243 ], [ 24.718740126658528, -28.736848705569134 ], [ 24.718919562990529, -28.736895700541943 ], [ 24.719064819688729, -28.736934151056019 ], [ 24.71915026607509, -28.736959785331621 ], [ 24.7192570722593, -28.73694269641414 ], [ 24.71932542972808, -28.736921333918268 ], [ 24.719402330756242, -28.736895700541972 ], [ 24.719440780370949, -28.736870067165658 ], [ 24.719517681399196, -28.736865795386016 ], [ 24.719586038867973, -28.736865795386031 ], [ 24.719667211675866, -28.736882884303508 ], [ 24.719782564117466, -28.736891428762259 ], [ 24.719893642980779, -28.736891428762267 ], [ 24.720008994523013, -28.736917062138584 ], [ 24.720094440010005, -28.736925606597325 ], [ 24.720162796579416, -28.736938423735083 ], [ 24.720218336010984, -28.736955512652649 ], [ 24.720299509718242, -28.736972601570226 ], [ 24.72035418939798, -28.736984373695737 ], [ 24.720263579104543, -28.737013369637197 ], [ 24.720151220505976, -28.737067736352852 ], [ 24.720046113141162, -28.737129351604139 ], [ 24.719961367326757, -28.73717670900373 ], [ 24.719976002893741, -28.737208001813684 ], [ 24.719996996667582, -28.737254003035638 ], [ 24.719949998996736, -28.73725800052215 ], [ 24.71998399876599, -28.740104989719356 ], [ 24.719779996552841, -28.742888008340763 ], [ 24.719571997752702, -28.742875002345368 ], [ 24.71958687703593, -28.74306026718342 ], [ 24.714335130362919, -28.743168550054079 ], [ 24.708381604925414, -28.743329111414589 ], [ 24.708196165618663, -28.743351800410515 ], [ 24.708142857405143, -28.740219925774248 ], [ 24.708102875345631, -28.738900541192297 ], [ 24.708036240977979, -28.735515452541286 ], [ 24.708032491704376, -28.735372984640705 ], [ 24.708022913924655, -28.735009021814157 ], [ 24.707916296598015, -28.734382647606363 ], [ 24.707823006324876, -28.733836235718893 ], [ 24.707716389897691, -28.733396441158028 ], [ 24.707577450037402, -28.73289934269571 ], [ 24.707429170717774, -28.732354749237455 ], [ 24.707246427578593, -28.731840785788851 ], [ 24.706686778569814, -28.730721486872245 ], [ 24.705944386421841, -28.729613610245046 ], [ 24.705099202663227, -28.72856283966841 ], [ 24.704459603924448, -28.728003190659724 ], [ 24.70441654888144, -28.727819800908065 ], [ 24.704803567627561, -28.727457750939504 ], [ 24.705038666598362, -28.727237819035192 ], [ 24.70524970780502, -28.726979879083217 ], [ 24.705422000822026, -28.726696998232928 ], [ 24.705432773800805, -28.726615497172546 ], [ 24.705688939390548, -28.726728467309975 ], [ 24.706125433439645, -28.726841315139659 ], [ 24.706437044032132, -28.726853320189697 ], [ 24.706529999757517, -28.726849999892771 ], [ 24.706776181073849, -28.726776145767651 ], [ 24.707729999338387, -28.726490000378366 ], [ 24.709755654798936, -28.725877359717703 ], [ 24.713191596515809, -28.724853404226636 ], [ 24.713329762959045, -28.724868755654068 ], [ 24.713343170951543, -28.724870991368604 ], [ 24.713421873321799, -28.724884107980678 ], [ 24.713490956543371, -28.72499156977063 ], [ 24.713306734918735, -28.725782187163691 ], [ 24.713311003101165, -28.725942002087205 ], [ 24.713523996735969, -28.726770001599828 ], [ 24.713538000978978, -28.726825004136124 ] ] ] } },
{ "type": "Feature", "properties": { "Municipali": "Sol Plaatje Local Municipality", "WardNo": "32", "WardLabel": "NC091_32", "Province": "Northern Cape", "CLASSIFICATION": "Service centre", "PopGBlack": 6009.0792442000002, "PopGColour": 696.17383497000003, "PopGIndian": 12.01610618, "PopGWhite": 9.25132231, "PopGOther": 179.95741038, "PopGTotal": 6906.4779181000004 }, "geometry": { "type": "Polygon", "coordinates": [ [ [ 24.682995001705581, -28.711520999858049 ], [ 24.688920000647727, -28.716015002954183 ], [ 24.691883309059026, -28.715811197692965 ], [ 24.6924973805415, -28.715818874305938 ], [ 24.692842795750447, -28.715742115370659 ], [ 24.693334054015583, -28.715765143411051 ], [ 24.694393326783345, -28.715703735903144 ], [ 24.694531492327211, -28.715726763943426 ], [ 24.697256436329457, -28.715726763943572 ], [ 24.699236818119484, -28.715749791084754 ], [ 24.699243291439583, -28.715898769177553 ], [ 24.699241626794535, -28.716117589519854 ], [ 24.699238865875831, -28.716480573884013 ], [ 24.699230709924155, -28.717443120968014 ], [ 24.699230709924155, -28.717502940273164 ], [ 24.699236146325973, -28.717532849925782 ], [ 24.699252461826482, -28.717598106532133 ], [ 24.699410166940481, -28.718239805187594 ], [ 24.699701106615777, -28.719400842539567 ], [ 24.699796273774055, -28.719797824874401 ], [ 24.700179661057618, -28.721334092659053 ], [ 24.700565766991819, -28.722919304247291 ], [ 24.700652776399792, -28.723270063227655 ], [ 24.700679967401879, -28.723338040283092 ], [ 24.700685550393104, -28.723345172806301 ], [ 24.700728910306292, -28.723400578238895 ], [ 24.700814993412575, -28.723481495639319 ], [ 24.70086486351806, -28.723528372800946 ], [ 24.700780571861252, -28.723612663558338 ], [ 24.700641900898297, -28.723754054970509 ], [ 24.700533137789332, -28.723860097630222 ], [ 24.700462442982573, -28.723930794235589 ], [ 24.700323771120249, -28.724085779799704 ], [ 24.700016221866129, -28.724432480139587 ], [ 24.698531053559638, -28.72330584725173 ], [ 24.697422246133531, -28.723335916084338 ], [ 24.69574146808732, -28.723308361756004 ], [ 24.695750651964001, -28.726752580831473 ], [ 24.694051503466394, -28.726816873364456 ], [ 24.693941288851555, -28.727680224327347 ], [ 24.693803519908634, -28.728745635866868 ], [ 24.693804207889919, -28.729942021071825 ], [ 24.691366989385983, -28.729567000181259 ], [ 24.682226003114373, -28.728020997235092 ], [ 24.677951002921336, -28.727202996384779 ], [ 24.656829993884209, -28.723518999164828 ], [ 24.655445087395318, -28.723161899064674 ], [ 24.656349833253106, -28.722779608954141 ], [ 24.64795925658569, -28.709859101278393 ], [ 24.647780686300841, -28.709201639306048 ], [ 24.644120001306529, -28.702691950634595 ], [ 24.643941987702082, -28.701691996250222 ], [ 24.662599002720512, -28.69167600290783 ], [ 24.667194889113738, -28.689697855034844 ], [ 24.669480766106201, -28.696951704820357 ], [ 24.670499568482381, -28.700254030662006 ], [ 24.671272453043763, -28.701764667768305 ], [ 24.672256123404285, -28.703099651990559 ], [ 24.673450581362594, -28.704258977932717 ], [ 24.67527740211461, -28.705664222589199 ], [ 24.682995001705581, -28.711520999858049 ] ] ] } },
{ "type": "Feature", "properties": { "Municipali": "Sol Plaatje Local Municipality", "WardNo": "33", "WardLabel": "NC091_33", "Province": "Northern Cape", "CLASSIFICATION": "Service centre", "PopGBlack": 7068.6532315000004, "PopGColour": 977.68589384999996, "PopGIndian": 52.18868484, "PopGWhite": 27.04459987, "PopGOther": 4.71504132, "PopGTotal": 8130.2874513999996 }, "geometry": { "type": "Polygon", "coordinates": [ [ [ 24.744040000160222, -28.719339999808181 ], [ 24.744370000089969, -28.719390000315308 ], [ 24.744979999442144, -28.71939000031534 ], [ 24.745289999348909, -28.719359999831298 ], [ 24.745910000061542, -28.719319999785302 ], [ 24.746219999968311, -28.719319999785316 ], [ 24.74648999982902, -28.719390000315421 ], [ 24.746849999343549, -28.719450000384434 ], [ 24.747239999342227, -28.71960000010715 ], [ 24.74758999929486, -28.71972999980688 ], [ 24.748290000099495, -28.720010000128696 ], [ 24.748939999497797, -28.720279999989316 ], [ 24.749462842852491, -28.720490998028485 ], [ 24.749514442354258, -28.720378417297425 ], [ 24.749711879516347, -28.71987566389809 ], [ 24.749761400684868, -28.719892076525436 ], [ 24.752011494552494, -28.72059904887448 ], [ 24.752277635422377, -28.721144496688613 ], [ 24.752460189703829, -28.721266087727276 ], [ 24.752243994482431, -28.722364594318027 ], [ 24.752403544106059, -28.722396986099557 ], [ 24.752227001792392, -28.72331799799467 ], [ 24.752199999647946, -28.723457996356903 ], [ 24.752173005597381, -28.723596998270331 ], [ 24.752146002553648, -28.723736995733205 ], [ 24.752121004098687, -28.723869997369935 ], [ 24.752094001954241, -28.724011001174201 ], [ 24.752066001562355, -28.724154007768679 ], [ 24.751819996513095, -28.725149997941497 ], [ 24.751874999049512, -28.725152998079864 ], [ 24.752169997365186, -28.725170001561786 ], [ 24.752749997132579, -28.725170001561818 ], [ 24.752739990376067, -28.725610002966729 ], [ 24.755283588785566, -28.725877654697584 ], [ 24.755567850994566, -28.725908386330573 ], [ 24.75566827199226, -28.725919242047084 ], [ 24.755887238024769, -28.725805197219735 ], [ 24.756167321084302, -28.725659320888646 ], [ 24.756458431630762, -28.725513764716212 ], [ 24.756494123024794, -28.725571403165425 ], [ 24.758318297071874, -28.728517323183674 ], [ 24.758739999971304, -28.72916146259919 ], [ 24.758786341137071, -28.729277315063882 ], [ 24.758309028658886, -28.729221706384426 ], [ 24.755723202582772, -28.728929756770565 ], [ 24.755724267380085, -28.728980933590861 ], [ 24.755732470995735, -28.729374630702306 ], [ 24.755644421971443, -28.729546092745615 ], [ 24.755746372715922, -28.730871445228672 ], [ 24.755732470995696, -28.730950224940592 ], [ 24.7556814947242, -28.730991931000528 ], [ 24.755607350118073, -28.731010466927174 ], [ 24.754875161678022, -28.731024369546642 ], [ 24.754799683377311, -28.730971200727964 ], [ 24.754738291157818, -28.730345390395069 ], [ 24.754272730120793, -28.730370961718148 ], [ 24.75361932139268, -28.730380230131079 ], [ 24.753795417642575, -28.731561924910455 ], [ 24.752993718802919, -28.731728751847925 ], [ 24.752901036471474, -28.731714850127787 ], [ 24.752094703425296, -28.731358025220171 ], [ 24.751940574915011, -28.731291652555203 ], [ 24.751126177648075, -28.730940955628011 ], [ 24.750454232993217, -28.730579495614595 ], [ 24.750005337293135, -28.730326573879729 ], [ 24.749212294428101, -28.729879747519686 ], [ 24.749128880509623, -28.729856577386496 ], [ 24.749087173550389, -28.729875114212518 ], [ 24.749050101697051, -28.729930721992492 ], [ 24.748572788319542, -28.731677778274157 ], [ 24.748262304577558, -28.732697278523887 ], [ 24.746905364306354, -28.732393705172644 ], [ 24.746749297757081, -28.73293138014634 ], [ 24.746650000012597, -28.73360999956903 ], [ 24.746069999345838, -28.733419999800375 ], [ 24.745861773916499, -28.733338308982969 ], [ 24.745266920946161, -28.733291191702282 ], [ 24.745269999325583, -28.733330000146566 ], [ 24.745269963352658, -28.733741025395155 ], [ 24.744828077867822, -28.73375968093163 ], [ 24.744328074595046, -28.733860428383142 ], [ 24.743141645783965, -28.733919033603584 ], [ 24.742387343914054, -28.733930007131139 ], [ 24.742384459788344, -28.732801364258549 ], [ 24.742357835359094, -28.73278465035833 ], [ 24.742288433777578, -28.73037298069551 ], [ 24.742289999497302, -28.727250000354235 ], [ 24.742299646524927, -28.727155444734986 ], [ 24.743881977585282, -28.727359709550093 ], [ 24.744417356590024, -28.727282376847299 ], [ 24.74538222752248, -28.726989704178663 ], [ 24.746453629446652, -28.726791197722818 ], [ 24.74577999856303, -28.72661999738213 ], [ 24.7458008043786, -28.7265660902201 ], [ 24.746219999968154, -28.725480002367405 ], [ 24.746443344799765, -28.725549314916098 ], [ 24.746797917805022, -28.724995042054726 ], [ 24.746931840347557, -28.72475012698402 ], [ 24.746891324090704, -28.724737779292351 ], [ 24.746510775067499, -28.724620685763231 ], [ 24.746050212462361, -28.724493837287927 ], [ 24.745792610655439, -28.724425532879213 ], [ 24.745357418824593, -28.724298682605255 ], [ 24.744574853960778, -28.724066450673305 ], [ 24.744724919334047, -28.723735875177621 ], [ 24.744475325989907, -28.723627355784949 ], [ 24.744410484870386, -28.723599566733697 ], [ 24.744120146841624, -28.723475135636079 ], [ 24.743694496817685, -28.723305609833059 ], [ 24.743646887607849, -28.72320869439277 ], [ 24.743425994328177, -28.723091751050557 ], [ 24.743266822419837, -28.723004043768654 ], [ 24.743127140618896, -28.722974807708233 ], [ 24.742935484298936, -28.722991050363703 ], [ 24.742737331276501, -28.72302353387602 ], [ 24.742584656070719, -28.723049520685791 ], [ 24.742551638360979, -28.723053647674664 ], [ 24.742508999704182, -28.722950002607469 ], [ 24.742466996868021, -28.722873999102738 ], [ 24.741835002796474, -28.722036001826954 ], [ 24.7417725475783, -28.721930996085522 ], [ 24.741724746812892, -28.72181149417208 ], [ 24.741700846430234, -28.721540622868375 ], [ 24.741692879336235, -28.72136535399483 ], [ 24.741688265814133, -28.721365201110096 ], [ 24.741739999314841, -28.721209999708599 ], [ 24.742059999682706, -28.720649999964532 ], [ 24.742879999726075, -28.719159999601285 ], [ 24.743679999746416, -28.719290000200424 ], [ 24.744040000160222, -28.719339999808181 ] ] ] } }
]
}
